t_recv_ns,t_s,t_stamp_ns,frame_id,hardware_connected,analog_states_0,analog_states_1,analog_states_2,analog_states_3,analog_states_4,analog_states_5,digital_states_0,digital_states_1,digital_states_2,digital_states_3,digital_states_4,digital_states_5,digital_states_6,digital_states_7,digital_states_8,digital_states_9,digital_states_10,digital_states_11
3517914656800,0,1788965056827110371,,0,0,0,0,0,0,0,0,0,0,0,0,0,0,0,0,0,0,0
3517934694400,0.0200376,1788965056847109663,,0,0,0,0,0,0,0,0,0,0,0,0,0,0,0,0,0,0,0
3517954529184,0.039872384,1788965056867110513,,0,0,0,0,0,0,0,0,0,0,0,0,0,0,0,0,0,0,0
3517974660064,0.060003264,1788965056887110981,,0,0,0,0,0,0,0,0,0,0,0,0,0,0,0,0,0,0,0
3517994656480,0.07999968,1788965056907110778,,0,0,0,0,0,0,0,0,0,0,0,0,0,0,0,0,0,0,0
3518014658816,0.10000202,1788965056927110148,,0,0,0,0,0,0,0,0,0,0,0,0,0,0,0,0,0,0,0
3518034626784,0.11996998,1788965056947110092,,0,0,0,0,0,0,0,0,0,0,0,0,0,0,0,0,0,0,0
3518054652288,0.13999549,1788965056967124906,,0,0,0,0,0,0,0,0,0,0,0,0,0,0,0,0,0,0,0
3518074651936,0.15999514,1788965056987110517,,0,0,0,0,0,0,0,0,0,0,0,0,0,0,0,0,0,0,0
3518094653792,0.17999699,1788965057007110207,,0,0,0,0,0,0,0,0,0,0,0,0,0,0,0,0,0,0,0
3518114654144,0.19999734,1788965057027109902,,0,0,0,0,0,0,0,0,0,0,0,0,0,0,0,0,0,0,0
3518134642048,0.21998525,1788965057047123574,,0,0,0,0,0,0,0,0,0,0,0,0,0,0,0,0,0,0,0
3518154521376,0.23986458,1788965057067109915,,0,0,0,0,0,0,0,0,0,0,0,0,0,0,0,0,0,0,0
3518174652064,0.25999526,1788965057087109913,,0,0,0,0,0,0,0,0,0,0,0,0,0,0,0,0,0,0,0
3518194624192,0.27996739,1788965057107113829,,0,0,0,0,0,0,0,0,0,0,0,0,0,0,0,0,0,0,0
3518214667008,0.30001021,1788965057127116336,,0,0,0,0,0,0,0,0,0,0,0,0,0,0,0,0,0,0,0
3518234641536,0.31998474,1788965057147111209,,0,0,0,0,0,0,0,0,0,0,0,0,0,0,0,0,0,0,0
3518254645792,0.33998899,1788965057167110026,,0,0,0,0,0,0,0,0,0,0,0,0,0,0,0,0,0,0,0
3518274696640,0.36003984,1788965057187111102,,0,0,0,0,0,0,0,0,0,0,0,0,0,0,0,0,0,0,0
3518294688256,0.38003146,1788965057207110224,,0,0,0,0,0,0,0,0,0,0,0,0,0,0,0,0,0,0,0
3518314631712,0.39997491,1788965057227110591,,0,0,0,0,0,0,0,0,0,0,0,0,0,0,0,0,0,0,0
3518334656064,0.41999926,1788965057247110278,,0,0,0,0,0,0,0,0,0,0,0,0,0,0,0,0,0,0,0
3518354515808,0.43985901,1788965057267109949,,0,0,0,0,0,0,0,0,0,0,0,0,0,0,0,0,0,0,0
3518374645152,0.45998835,1788965057287110555,,0,0,0,0,0,0,0,0,0,0,0,0,0,0,0,0,0,0,0
3518394650976,0.47999418,1788965057307124330,,0,0,0,0,0,0,0,0,0,0,0,0,0,0,0,0,0,0,0
3518414631968,0.49997517,1788965057327110229,,0,0,0,0,0,0,0,0,0,0,0,0,0,0,0,0,0,0,0
3518434615552,0.51995875,1788965057347110588,,0,0,0,0,0,0,0,0,0,0,0,0,0,0,0,0,0,0,0
3518454642496,0.5399857,1788965057367109989,,0,0,0,0,0,0,0,0,0,0,0,0,0,0,0,0,0,0,0
3518474641184,0.55998438,1788965057387110244,,0,0,0,0,0,0,0,0,0,0,0,0,0,0,0,0,0,0,0
3518494637440,0.57998064,1788965057407110541,,0,0,0,0,0,0,0,0,0,0,0,0,0,0,0,0,0,0,0
3518514637216,0.59998042,1788965057427110530,,0,0,0,0,0,0,0,0,0,0,0,0,0,0,0,0,0,0,0
3518534633792,0.61997699,1788965057447110638,,0,0,0,0,0,0,0,0,0,0,0,0,0,0,0,0,0,0,0
3518554502592,0.63984579,1788965057467110010,,0,0,0,0,0,0,0,0,0,0,0,0,0,0,0,0,0,0,0
3518574646848,0.65999005,1788965057487109949,,0,0,0,0,0,0,0,0,0,0,0,0,0,0,0,0,0,0,0
3518594616416,0.67995962,1788965057507110253,,0,0,0,0,0,0,0,0,0,0,0,0,0,0,0,0,0,0,0
3518614614464,0.69995766,1788965057527110713,,0,0,0,0,0,0,0,0,0,0,0,0,0,0,0,0,0,0,0
3518634621280,0.71996448,1788965057547110016,,0,0,0,0,0,0,0,0,0,0,0,0,0,0,0,0,0,0,0
3518654621088,0.73996429,1788965057567110240,,0,0,0,0,0,0,0,0,0,0,0,0,0,0,0,0,0,0,0
3518674608736,0.75995194,1788965057587110213,,0,0,0,0,0,0,0,0,0,0,0,0,0,0,0,0,0,0,0
3518694655008,0.77999821,1788965057607110549,,0,0,0,0,0,0,0,0,0,0,0,0,0,0,0,0,0,0,0
3518714618752,0.79996195,1788965057627110002,,0,0,0,0,0,0,0,0,0,0,0,0,0,0,0,0,0,0,0
3518734670048,0.82001325,1788965057647110894,,0,0,0,0,0,0,0,0,0,0,0,0,0,0,0,0,0,0,0
3518754493792,0.83983699,1788965057667110155,,0,0,0,0,0,0,0,0,0,0,0,0,0,0,0,0,0,0,0
3518774631616,0.85997482,1788965057687110295,,0,0,0,0,0,0,0,0,0,0,0,0,0,0,0,0,0,0,0
3518794625376,0.87996858,1788965057707110029,,0,0,0,0,0,0,0,0,0,0,0,0,0,0,0,0,0,0,0
3518814634144,0.89997734,1788965057727109926,,0,0,0,0,0,0,0,0,0,0,0,0,0,0,0,0,0,0,0
3518834591424,0.91993462,1788965057747110205,,0,0,0,0,0,0,0,0,0,0,0,0,0,0,0,0,0,0,0
3518854652160,0.93999536,1788965057767110197,,0,0,0,0,0,0,0,0,0,0,0,0,0,0,0,0,0,0,0
3518874620832,0.95996403,1788965057787111061,,0,0,0,0,0,0,0,0,0,0,0,0,0,0,0,0,0,0,0
3518894620448,0.97996365,1788965057807110195,,0,0,0,0,0,0,0,0,0,0,0,0,0,0,0,0,0,0,0
3518914621120,0.99996432,1788965057827110469,,0,0,0,0,0,0,0,0,0,0,0,0,0,0,0,0,0,0,0
3518934597600,1.0199408,1788965057847124746,,0,0,0,0,0,0,0,0,0,0,0,0,0,0,0,0,0,0,0
3518954477888,1.0398211,1788965057867110377,,0,0,0,0,0,0,0,0,0,0,0,0,0,0,0,0,0,0,0
3518974649536,1.0599927,1788965057887110258,,0,0,0,0,0,0,0,0,0,0,0,0,0,0,0,0,0,0,0
3518994598944,1.0799421,1788965057907110165,,0,0,0,0,0,0,0,0,0,0,0,0,0,0,0,0,0,0,0
3519014603776,1.099947,1788965057927110884,,0,0,0,0,0,0,0,0,0,0,0,0,0,0,0,0,0,0,0
3519034608544,1.1199517,1788965057947110489,,0,0,0,0,0,0,0,0,0,0,0,0,0,0,0,0,0,0,0
3519054609792,1.139953,1788965057967110095,,0,0,0,0,0,0,0,0,0,0,0,0,0,0,0,0,0,0,0
3519074586016,1.1599292,1788965057987110751,,0,0,0,0,0,0,0,0,0,0,0,0,0,0,0,0,0,0,0
3519094586464,1.1799297,1788965058007124213,,0,0,0,0,0,0,0,0,0,0,0,0,0,0,0,0,0,0,0
3519114594976,1.1999382,1788965058027110336,,0,0,0,0,0,0,0,0,0,0,0,0,0,0,0,0,0,0,0
3519134574144,1.2199173,1788965058047110399,,0,0,0,0,0,0,0,0,0,0,0,0,0,0,0,0,0,0,0
3519154586528,1.2399297,1788965058067124006,,0,0,0,0,0,0,0,0,0,0,0,0,0,0,0,0,0,0,0
3519174590368,1.2599336,1788965058087110358,,0,0,0,0,0,0,0,0,0,0,0,0,0,0,0,0,0,0,0
3519194573280,1.2799165,1788965058107110185,,0,0,0,0,0,0,0,0,0,0,0,0,0,0,0,0,0,0,0
3519214596384,1.2999396,1788965058127110571,,0,0,0,0,0,0,0,0,0,0,0,0,0,0,0,0,0,0,0
3519234598592,1.3199418,1788965058147117755,,0,0,0,0,0,0,0,0,0,0,0,0,0,0,0,0,0,0,0
3519254631008,1.3399742,1788965058167110392,,0,0,0,0,0,0,0,0,0,0,0,0,0,0,0,0,0,0,0
3519274589760,1.359933,1788965058187110147,,0,0,0,0,0,0,0,0,0,0,0,0,0,0,0,0,0,0,0
3519294596928,1.3799401,1788965058207116811,,0,0,0,0,0,0,0,0,0,0,0,0,0,0,0,0,0,0,0
3519314695808,1.400039,1788965058227110238,,0,0,0,0,0,0,0,0,0,0,0,0,0,0,0,0,0,0,0
3519334715584,1.4200588,1788965058247112118,,0,0,0,0,0,0,0,0,0,0,0,0,0,0,0,0,0,0,0
3519354526112,1.4398693,1788965058267110301,,0,0,0,0,0,0,0,0,0,0,0,0,0,0,0,0,0,0,0
3519374621344,1.4599645,1788965058287110432,,0,0,0,0,0,0,0,0,0,0,0,0,0,0,0,0,0,0,0
3519394607552,1.4799508,1788965058307110456,,0,0,0,0,0,0,0,0,0,0,0,0,0,0,0,0,0,0,0
3519414580480,1.4999237,1788965058327110798,,0,0,0,0,0,0,0,0,0,0,0,0,0,0,0,0,0,0,0
3519434602784,1.519946,1788965058347110557,,0,0,0,0,0,0,0,0,0,0,0,0,0,0,0,0,0,0,0
3519454619104,1.5399623,1788965058367110430,,0,0,0,0,0,0,0,0,0,0,0,0,0,0,0,0,0,0,0
3519474593792,1.559937,1788965058387110433,,0,0,0,0,0,0,0,0,0,0,0,0,0,0,0,0,0,0,0
3519494618240,1.5799614,1788965058407110623,,0,0,0,0,0,0,0,0,0,0,0,0,0,0,0,0,0,0,0
3519514597824,1.599941,1788965058427110386,,0,0,0,0,0,0,0,0,0,0,0,0,0,0,0,0,0,0,0
3519534585664,1.6199289,1788965058447110090,,0,0,0,0,0,0,0,0,0,0,0,0,0,0,0,0,0,0,0
3519554514688,1.6398579,1788965058467110147,,0,0,0,0,0,0,0,0,0,0,0,0,0,0,0,0,0,0,0
3519574590112,1.6599333,1788965058487110171,,0,0,0,0,0,0,0,0,0,0,0,0,0,0,0,0,0,0,0
3519594565696,1.6799089,1788965058507110121,,0,0,0,0,0,0,0,0,0,0,0,0,0,0,0,0,0,0,0
3519614619616,1.6999628,1788965058527110226,,0,0,0,0,0,0,0,0,0,0,0,0,0,0,0,0,0,0,0
3519634571840,1.719915,1788965058547110010,,0,0,0,0,0,0,0,0,0,0,0,0,0,0,0,0,0,0,0
3519654592864,1.7399361,1788965058567110007,,0,0,0,0,0,0,0,0,0,0,0,0,0,0,0,0,0,0,0
3519674586112,1.7599293,1788965058587110113,,0,0,0,0,0,0,0,0,0,0,0,0,0,0,0,0,0,0,0
3519694604800,1.779948,1788965058607110369,,0,0,0,0,0,0,0,0,0,0,0,0,0,0,0,0,0,0,0
3519714618848,1.799962,1788965058627110553,,0,0,0,0,0,0,0,0,0,0,0,0,0,0,0,0,0,0,0
3519734600416,1.8199436,1788965058647110835,,0,0,0,0,0,0,0,0,0,0,0,0,0,0,0,0,0,0,0
3519754657120,1.8400003,1788965058667110111,,0,0,0,0,0,0,0,0,0,0,0,0,0,0,0,0,0,0,0
3520091573280,2.1769165,1788965058687109841,,0,0,0,0,0,0,0,0,0,0,0,0,0,0,0,0,0,0,0
3520091687936,2.1770311,1788965058707109977,,0,0,0,0,0,0,0,0,0,0,0,0,0,0,0,0,0,0,0
3520092106528,2.1774497,1788965058727110421,,0,0,0,0,0,0,0,0,0,0,0,0,0,0,0,0,0,0,0
3520092197952,2.1775412,1788965058747110279,,0,0,0,0,0,0,0,0,0,0,0,0,0,0,0,0,0,0,0
3520094576000,2.1799192,1788965059007110924,,0,0,0,0,0,0,0,0,0,0,0,0,0,0,0,0,0,0,0
3520114545888,2.1998891,1788965059027110512,,0,0,0,0,0,0,0,0,0,0,0,0,0,0,0,0,0,0,0
3520134570592,2.2199138,1788965059047110485,,0,0,0,0,0,0,0,0,0,0,0,0,0,0,0,0,0,0,0
3520154462976,2.2398062,1788965059067110353,,0,0,0,0,0,0,0,0,0,0,0,0,0,0,0,0,0,0,0
3520174547648,2.2598908,1788965059087110335,,0,0,0,0,0,0,0,0,0,0,0,0,0,0,0,0,0,0,0
3520194567360,2.2799106,1788965059107110594,,0,0,0,0,0,0,0,0,0,0,0,0,0,0,0,0,0,0,0
3520214554816,2.299898,1788965059127110619,,0,0,0,0,0,0,0,0,0,0,0,0,0,0,0,0,0,0,0
3520234579584,2.3199228,1788965059147110699,,0,0,0,0,0,0,0,0,0,0,0,0,0,0,0,0,0,0,0
3520254556640,2.3398998,1788965059167110092,,0,0,0,0,0,0,0,0,0,0,0,0,0,0,0,0,0,0,0
3520274539392,2.3598826,1788965059187109817,,0,0,0,0,0,0,0,0,0,0,0,0,0,0,0,0,0,0,0
3520294570112,2.3799133,1788965059207109778,,0,0,0,0,0,0,0,0,0,0,0,0,0,0,0,0,0,0,0
3520314542496,2.3998857,1788965059227109763,,0,0,0,0,0,0,0,0,0,0,0,0,0,0,0,0,0,0,0
3520334539104,2.4198823,1788965059247110138,,0,0,0,0,0,0,0,0,0,0,0,0,0,0,0,0,0,0,0
3520354440992,2.4397842,1788965059267110345,,0,0,0,0,0,0,0,0,0,0,0,0,0,0,0,0,0,0,0
3520374536608,2.4598798,1788965059287113794,,0,0,0,0,0,0,0,0,0,0,0,0,0,0,0,0,0,0,0
3520394520992,2.4798642,1788965059307110869,,0,0,0,0,0,0,0,0,0,0,0,0,0,0,0,0,0,0,0
3520414542400,2.4998856,1788965059327109836,,0,0,0,0,0,0,0,0,0,0,0,0,0,0,0,0,0,0,0
3520434544864,2.5198881,1788965059347110149,,0,0,0,0,0,0,0,0,0,0,0,0,0,0,0,0,0,0,0
3520454530592,2.5398738,1788965059367110282,,0,0,0,0,0,0,0,0,0,0,0,0,0,0,0,0,0,0,0
3520474546080,2.5598893,1788965059387110488,,0,0,0,0,0,0,0,0,0,0,0,0,0,0,0,0,0,0,0
3520494561952,2.5799052,1788965059407110823,,0,0,0,0,0,0,0,0,0,0,0,0,0,0,0,0,0,0,0
3520514522272,2.5998655,1788965059427110240,,0,0,0,0,0,0,0,0,0,0,0,0,0,0,0,0,0,0,0
3520534551328,2.6198945,1788965059447110952,,0,0,0,0,0,0,0,0,0,0,0,0,0,0,0,0,0,0,0
3520554526464,2.6398697,1788965059467110671,,0,0,0,0,0,0,0,0,0,0,0,0,0,0,0,0,0,0,0
3520574506464,2.6598497,1788965059487110892,,0,0,0,0,0,0,0,0,0,0,0,0,0,0,0,0,0,0,0
3520594534144,2.6798773,1788965059507109979,,0,0,0,0,0,0,0,0,0,0,0,0,0,0,0,0,0,0,0
3520614524896,2.6998681,1788965059527110507,,0,0,0,0,0,0,0,0,0,0,0,0,0,0,0,0,0,0,0
3520634544448,2.7198876,1788965059547110215,,0,0,0,0,0,0,0,0,0,0,0,0,0,0,0,0,0,0,0
3520654535680,2.7398789,1788965059567110694,,0,0,0,0,0,0,0,0,0,0,0,0,0,0,0,0,0,0,0
3520674513184,2.7598564,1788965059587110362,,0,0,0,0,0,0,0,0,0,0,0,0,0,0,0,0,0,0,0
3520694566304,2.7799095,1788965059607110861,,0,0,0,0,0,0,0,0,0,0,0,0,0,0,0,0,0,0,0
3520714526688,2.7998699,1788965059627110216,,0,0,0,0,0,0,0,0,0,0,0,0,0,0,0,0,0,0,0
3520734525760,2.819869,1788965059647111845,,0,0,0,0,0,0,0,0,0,0,0,0,0,0,0,0,0,0,0
3520754409440,2.8397526,1788965059667110031,,0,0,0,0,0,0,0,0,0,0,0,0,0,0,0,0,0,0,0
3520774520288,2.8598635,1788965059687110640,,0,0,0,0,0,0,0,0,0,0,0,0,0,0,0,0,0,0,0
3520794512608,2.8798558,1788965059707110979,,0,0,0,0,0,0,0,0,0,0,0,0,0,0,0,0,0,0,0
3520814533440,2.8998766,1788965059727110363,,0,0,0,0,0,0,0,0,0,0,0,0,0,0,0,0,0,0,0
3520834513440,2.9198566,1788965059747113623,,0,0,0,0,0,0,0,0,0,0,0,0,0,0,0,0,0,0,0
3520854504768,2.939848,1788965059767110429,,0,0,0,0,0,0,0,0,0,0,0,0,0,0,0,0,0,0,0
3520874522848,2.959866,1788965059787112045,,0,0,0,0,0,0,0,0,0,0,0,0,0,0,0,0,0,0,0
3520894525952,2.9798692,1788965059807110722,,0,0,0,0,0,0,0,0,0,0,0,0,0,0,0,0,0,0,0
3520914501344,2.9998445,1788965059827110548,,0,0,0,0,0,0,0,0,0,0,0,0,0,0,0,0,0,0,0
3520934520992,3.0198642,1788965059847110187,,0,0,0,0,0,0,0,0,0,0,0,0,0,0,0,0,0,0,0
3520954416224,3.0397594,1788965059867110634,,0,0,0,0,0,0,0,0,0,0,0,0,0,0,0,0,0,0,0
3520974537792,3.059881,1788965059887124804,,0,0,0,0,0,0,0,0,0,0,0,0,0,0,0,0,0,0,0
3520994530432,3.0798736,1788965059907110297,,0,0,0,0,0,0,0,0,0,0,0,0,0,0,0,0,0,0,0
3521014515104,3.0998583,1788965059927110825,,0,0,0,0,0,0,0,0,0,0,0,0,0,0,0,0,0,0,0
3521034505376,3.1198486,1788965059947110767,,0,0,0,0,0,0,0,0,0,0,0,0,0,0,0,0,0,0,0
3521054546304,3.1398895,1788965059967110468,,0,0,0,0,0,0,0,0,0,0,0,0,0,0,0,0,0,0,0
3521074511552,3.1598548,1788965059987111036,,0,0,0,0,0,0,0,0,0,0,0,0,0,0,0,0,0,0,0
3521094510400,3.1798536,1788965060007110365,,0,0,0,0,0,0,0,0,0,0,0,0,0,0,0,0,0,0,0
3521114515744,3.1998589,1788965060027110186,,0,0,0,0,0,0,0,0,0,0,0,0,0,0,0,0,0,0,0
3521134509248,3.2198524,1788965060047110671,,0,0,0,0,0,0,0,0,0,0,0,0,0,0,0,0,0,0,0
3521154413088,3.2397563,1788965060067110551,,0,0,0,0,0,0,0,0,0,0,0,0,0,0,0,0,0,0,0
3521174527840,3.259871,1788965060087110496,,0,0,0,0,0,0,0,0,0,0,0,0,0,0,0,0,0,0,0
3521194498272,3.2798415,1788965060107111255,,0,0,0,0,0,0,0,0,0,0,0,0,0,0,0,0,0,0,0
3521214513664,3.2998569,1788965060127110173,,0,0,0,0,0,0,0,0,0,0,0,0,0,0,0,0,0,0,0
3521234515680,3.3198589,1788965060147110722,,0,0,0,0,0,0,0,0,0,0,0,0,0,0,0,0,0,0,0
3521254493184,3.3398364,1788965060167110616,,0,0,0,0,0,0,0,0,0,0,0,0,0,0,0,0,0,0,0
3521274505376,3.3598486,1788965060187110378,,0,0,0,0,0,0,0,0,0,0,0,0,0,0,0,0,0,0,0
3521294540000,3.3798832,1788965060207110296,,0,0,0,0,0,0,0,0,0,0,0,0,0,0,0,0,0,0,0
3521314510272,3.3998535,1788965060227110526,,0,0,0,0,0,0,0,0,0,0,0,0,0,0,0,0,0,0,0
3521334510816,3.419854,1788965060247110304,,0,0,0,0,0,0,0,0,0,0,0,0,0,0,0,0,0,0,0
3521354450592,3.4397938,1788965060267124961,,0,0,0,0,0,0,0,0,0,0,0,0,0,0,0,0,0,0,0
3521374480576,3.4598238,1788965060287110273,,0,0,0,0,0,0,0,0,0,0,0,0,0,0,0,0,0,0,0
3521394515296,3.4798585,1788965060307109854,,0,0,0,0,0,0,0,0,0,0,0,0,0,0,0,0,0,0,0
3521414461408,3.4998046,1788965060327123733,,0,0,0,0,0,0,0,0,0,0,0,0,0,0,0,0,0,0,0
3521434477120,3.5198203,1788965060347110001,,0,0,0,0,0,0,0,0,0,0,0,0,0,0,0,0,0,0,0
3521454500992,3.5398442,1788965060367116587,,0,0,0,0,0,0,0,0,0,0,0,0,0,0,0,0,0,0,0
3521474478368,3.5598216,1788965060387110518,,0,0,0,0,0,0,0,0,0,0,0,0,0,0,0,0,0,0,0
3521494482016,3.5798252,1788965060407110241,,0,0,0,0,0,0,0,0,0,0,0,0,0,0,0,0,0,0,0
3521514498976,3.5998422,1788965060427110043,,0,0,0,0,0,0,0,0,0,0,0,0,0,0,0,0,0,0,0
3521534481024,3.6198242,1788965060447110243,,0,0,0,0,0,0,0,0,0,0,0,0,0,0,0,0,0,0,0
3521554411680,3.6397549,1788965060467110320,,0,0,0,0,0,0,0,0,0,0,0,0,0,0,0,0,0,0,0
3521574508672,3.6598519,1788965060487110485,,0,0,0,0,0,0,0,0,0,0,0,0,0,0,0,0,0,0,0
3521594479712,3.6798229,1788965060507110886,,0,0,0,0,0,0,0,0,0,0,0,0,0,0,0,0,0,0,0
3521614463072,3.6998063,1788965060527110527,,0,0,0,0,0,0,0,0,0,0,0,0,0,0,0,0,0,0,0
3521634481728,3.7198249,1788965060547110295,,0,0,0,0,0,0,0,0,0,0,0,0,0,0,0,0,0,0,0
3521654491008,3.7398342,1788965060567110280,,0,0,0,0,0,0,0,0,0,0,0,0,0,0,0,0,0,0,0
3521674491456,3.7598347,1788965060587110752,,0,0,0,0,0,0,0,0,0,0,0,0,0,0,0,0,0,0,0
3521694496032,3.7798392,1788965060607110577,,0,0,0,0,0,0,0,0,0,0,0,0,0,0,0,0,0,0,0
3521714461056,3.7998043,1788965060627110467,,0,0,0,0,0,0,0,0,0,0,0,0,0,0,0,0,0,0,0
3521734513824,3.819857,1788965060647111640,,0,0,0,0,0,0,0,0,0,0,0,0,0,0,0,0,0,0,0
3521754398752,3.839742,1788965060667110571,,0,0,0,0,0,0,0,0,0,0,0,0,0,0,0,0,0,0,0
3521774471328,3.8598145,1788965060687110712,,0,0,0,0,0,0,0,0,0,0,0,0,0,0,0,0,0,0,0
3521794484608,3.8798278,1788965060707110274,,0,0,0,0,0,0,0,0,0,0,0,0,0,0,0,0,0,0,0
3521814492736,3.8998359,1788965060727110987,,0,0,0,0,0,0,0,0,0,0,0,0,0,0,0,0,0,0,0
3521834460416,3.9198036,1788965060747110327,,0,0,0,0,0,0,0,0,0,0,0,0,0,0,0,0,0,0,0
3521854497952,3.9398412,1788965060767109865,,0,0,0,0,0,0,0,0,0,0,0,0,0,0,0,0,0,0,0
3521874482656,3.9598259,1788965060787110173,,0,0,0,0,0,0,0,0,0,0,0,0,0,0,0,0,0,0,0
3521894473024,3.9798162,1788965060807113156,,0,0,0,0,0,0,0,0,0,0,0,0,0,0,0,0,0,0,0
3521914456800,3.9998,1788965060827110620,,0,0,0,0,0,0,0,0,0,0,0,0,0,0,0,0,0,0,0
3521934465728,4.0198089,1788965060847110609,,0,0,0,0,0,0,0,0,0,0,0,0,0,0,0,0,0,0,0
3521954354048,4.0396972,1788965060867110512,,0,0,0,0,0,0,0,0,0,0,0,0,0,0,0,0,0,0,0
3521974458080,4.0598013,1788965060887110420,,0,0,0,0,0,0,0,0,0,0,0,0,0,0,0,0,0,0,0
3521994455968,4.0797992,1788965060907111015,,0,0,0,0,0,0,0,0,0,0,0,0,0,0,0,0,0,0,0
3522014455552,4.0997988,1788965060927110303,,0,0,0,0,0,0,0,0,0,0,0,0,0,0,0,0,0,0,0
3522034475680,4.1198189,1788965060947110435,,0,0,0,0,0,0,0,0,0,0,0,0,0,0,0,0,0,0,0
3522054448928,4.1397921,1788965060967110157,,0,0,0,0,0,0,0,0,0,0,0,0,0,0,0,0,0,0,0
3522074426368,4.1597696,1788965060987110315,,0,0,0,0,0,0,0,0,0,0,0,0,0,0,0,0,0,0,0
3522094475072,4.1798183,1788965061007110199,,0,0,0,0,0,0,0,0,0,0,0,0,0,0,0,0,0,0,0
3522114428512,4.1997717,1788965061027110457,,0,0,0,0,0,0,0,0,0,0,0,0,0,0,0,0,0,0,0
3522134459872,4.2198031,1788965061047109785,,0,0,0,0,0,0,0,0,0,0,0,0,0,0,0,0,0,0,0
3522154424864,4.2397681,1788965061067110439,,0,0,0,0,0,0,0,0,0,0,0,0,0,0,0,0,0,0,0
3522174455776,4.259799,1788965061087110525,,0,0,0,0,0,0,0,0,0,0,0,0,0,0,0,0,0,0,0
3522194460064,4.2798033,1788965061107110660,,0,0,0,0,0,0,0,0,0,0,0,0,0,0,0,0,0,0,0
3522214461024,4.2998042,1788965061127110223,,0,0,0,0,0,0,0,0,0,0,0,0,0,0,0,0,0,0,0
3522234438144,4.3197813,1788965061147111576,,0,0,0,0,0,0,0,0,0,0,0,0,0,0,0,0,0,0,0
3522254468192,4.3398114,1788965061167110731,,0,0,0,0,0,0,0,0,0,0,0,0,0,0,0,0,0,0,0
3522274446624,4.3597898,1788965061187110450,,0,0,0,0,0,0,0,0,0,0,0,0,0,0,0,0,0,0,0
3522294495392,4.3798386,1788965061207110580,,0,0,0,0,0,0,0,0,0,0,0,0,0,0,0,0,0,0,0
3522314477856,4.3998211,1788965061227110076,,0,0,0,0,0,0,0,0,0,0,0,0,0,0,0,0,0,0,0
3522334443360,4.4197866,1788965061247110916,,0,0,0,0,0,0,0,0,0,0,0,0,0,0,0,0,0,0,0
3522354329344,4.4396725,1788965061267110318,,0,0,0,0,0,0,0,0,0,0,0,0,0,0,0,0,0,0,0
3522374463360,4.4598066,1788965061287110003,,0,0,0,0,0,0,0,0,0,0,0,0,0,0,0,0,0,0,0
3522394444576,4.4797878,1788965061307109897,,0,0,0,0,0,0,0,0,0,0,0,0,0,0,0,0,0,0,0
3522414424416,4.4997676,1788965061327110362,,0,0,0,0,0,0,0,0,0,0,0,0,0,0,0,0,0,0,0
3522434452032,4.5197952,1788965061347109976,,0,0,0,0,0,0,0,0,0,0,0,0,0,0,0,0,0,0,0
3522454433088,4.5397763,1788965061367110198,,0,0,0,0,0,0,0,0,0,0,0,0,0,0,0,0,0,0,0
3522474412448,4.5597556,1788965061387110068,,0,0,0,0,0,0,0,0,0,0,0,0,0,0,0,0,0,0,0
3522494464544,4.5798077,1788965061407110472,,0,0,0,0,0,0,0,0,0,0,0,0,0,0,0,0,0,0,0
3522514417824,4.599761,1788965061427109907,,0,0,0,0,0,0,0,0,0,0,0,0,0,0,0,0,0,0,0
3522534452160,4.6197954,1788965061447110111,,0,0,0,0,0,0,0,0,0,0,0,0,0,0,0,0,0,0,0
3522554260288,4.6396035,1788965061467110753,,0,0,0,0,0,0,0,0,0,0,0,0,0,0,0,0,0,0,0
3522574426784,4.65977,1788965061487120449,,0,0,0,0,0,0,0,0,0,0,0,0,0,0,0,0,0,0,0
3522594411776,4.679755,1788965061507110689,,0,0,0,0,0,0,0,0,0,0,0,0,0,0,0,0,0,0,0
3522614435072,4.6997783,1788965061527110355,,0,0,0,0,0,0,0,0,0,0,0,0,0,0,0,0,0,0,0
3522634413728,4.7197569,1788965061547110358,,0,0,0,0,0,0,0,0,0,0,0,0,0,0,0,0,0,0,0
3522654449792,4.739793,1788965061567110125,,0,0,0,0,0,0,0,0,0,0,0,0,0,0,0,0,0,0,0
3522674419296,4.7597625,1788965061587110250,,0,0,0,0,0,0,0,0,0,0,0,0,0,0,0,0,0,0,0
3522694460064,4.7798033,1788965061607110314,,0,0,0,0,0,0,0,0,0,0,0,0,0,0,0,0,0,0,0
3522714448672,4.7997919,1788965061627110346,,0,0,0,0,0,0,0,0,0,0,0,0,0,0,0,0,0,0,0
3522734426144,4.8197693,1788965061647112131,,0,0,0,0,0,0,0,0,0,0,0,0,0,0,0,0,0,0,0
3522754329632,4.8396728,1788965061667110191,,0,0,0,0,0,0,0,0,0,0,0,0,0,0,0,0,0,0,0
3522774438784,4.859782,1788965061687110243,,0,0,0,0,0,0,0,0,0,0,0,0,0,0,0,0,0,0,0
3522794428160,4.8797714,1788965061707110062,,0,0,0,0,0,0,0,0,0,0,0,0,0,0,0,0,0,0,0
3522814408512,4.8997517,1788965061727110359,,0,0,0,0,0,0,0,0,0,0,0,0,0,0,0,0,0,0,0
3522834425568,4.9197688,1788965061747110180,,0,0,0,0,0,0,0,0,0,0,0,0,0,0,0,0,0,0,0
3522854432608,4.9397758,1788965061767109972,,0,0,0,0,0,0,0,0,0,0,0,0,0,0,0,0,0,0,0
3522874505696,4.9598489,1788965061787110112,,0,0,0,0,0,0,0,0,0,0,0,0,0,0,0,0,0,0,0
3522894420224,4.9797634,1788965061807110643,,0,0,0,0,0,0,0,0,0,0,0,0,0,0,0,0,0,0,0
3522914406176,4.9997494,1788965061827110605,,0,0,0,0,0,0,0,0,0,0,0,0,0,0,0,0,0,0,0
3522934411744,5.0197549,1788965061847110288,,0,0,0,0,0,0,0,0,0,0,0,0,0,0,0,0,0,0,0
3522954458304,5.0398015,1788965061867110807,,0,0,0,0,0,0,0,0,0,0,0,0,0,0,0,0,0,0,0
3522974412000,5.0597552,1788965061887110560,,0,0,0,0,0,0,0,0,0,0,0,0,0,0,0,0,0,0,0
3522994402304,5.0797455,1788965061907110565,,0,0,0,0,0,0,0,0,0,0,0,0,0,0,0,0,0,0,0
3523014409952,5.0997532,1788965061927110405,,0,0,0,0,0,0,0,0,0,0,0,0,0,0,0,0,0,0,0
3523034421888,5.1197651,1788965061947110208,,0,0,0,0,0,0,0,0,0,0,0,0,0,0,0,0,0,0,0
3523054442304,5.1397855,1788965061967110427,,0,0,0,0,0,0,0,0,0,0,0,0,0,0,0,0,0,0,0
3523074427424,5.1597706,1788965061987109925,,0,0,0,0,0,0,0,0,0,0,0,0,0,0,0,0,0,0,0
3523094451104,5.1797943,1788965062007110538,,0,0,0,0,0,0,0,0,0,0,0,0,0,0,0,0,0,0,0
3523114434720,5.1997779,1788965062027110750,,0,0,0,0,0,0,0,0,0,0,0,0,0,0,0,0,0,0,0
3523134431232,5.2197744,1788965062047110458,,0,0,0,0,0,0,0,0,0,0,0,0,0,0,0,0,0,0,0
3523154301472,5.2396447,1788965062067109968,,0,0,0,0,0,0,0,0,0,0,0,0,0,0,0,0,0,0,0
3523174432928,5.2597761,1788965062087110264,,0,0,0,0,0,0,0,0,0,0,0,0,0,0,0,0,0,0,0
3523194421280,5.2797645,1788965062107110206,,0,0,0,0,0,0,0,0,0,0,0,0,0,0,0,0,0,0,0
3523214431808,5.299775,1788965062127111162,,0,0,0,0,0,0,0,0,0,0,0,0,0,0,0,0,0,0,0
3523234418624,5.3197618,1788965062147111186,,0,0,0,0,0,0,0,0,0,0,0,0,0,0,0,0,0,0,0
3523254421824,5.339765,1788965062167110264,,0,0,0,0,0,0,0,0,0,0,0,0,0,0,0,0,0,0,0
3523274412448,5.3597556,1788965062187110366,,0,0,0,0,0,0,0,0,0,0,0,0,0,0,0,0,0,0,0
3523294409888,5.3797531,1788965062207110370,,0,0,0,0,0,0,0,0,0,0,0,0,0,0,0,0,0,0,0
3523314406304,5.3997495,1788965062227110376,,0,0,0,0,0,0,0,0,0,0,0,0,0,0,0,0,0,0,0
3523334413888,5.4197571,1788965062247110108,,0,0,0,0,0,0,0,0,0,0,0,0,0,0,0,0,0,0,0
3523354293088,5.4396363,1788965062267110333,,0,0,0,0,0,0,0,0,0,0,0,0,0,0,0,0,0,0,0
3523374419712,5.4597629,1788965062287110278,,0,0,0,0,0,0,0,0,0,0,0,0,0,0,0,0,0,0,0
3523394410048,5.4797532,1788965062307110292,,0,0,0,0,0,0,0,0,0,0,0,0,0,0,0,0,0,0,0
3523414411424,5.4997546,1788965062327110677,,0,0,0,0,0,0,0,0,0,0,0,0,0,0,0,0,0,0,0
3523434413536,5.5197567,1788965062347110255,,0,0,0,0,0,0,0,0,0,0,0,0,0,0,0,0,0,0,0
3523454405824,5.539749,1788965062367110388,,0,0,0,0,0,0,0,0,0,0,0,0,0,0,0,0,0,0,0
3523474274432,5.5596176,1788965062387110284,,0,0,0,0,0,0,0,0,0,0,0,0,0,0,0,0,0,0,0
3523494428288,5.5797715,1788965062407110150,,0,0,0,0,0,0,0,0,0,0,0,0,0,0,0,0,0,0,0
3523514401440,5.5997446,1788965062427110030,,0,0,0,0,0,0,0,0,0,0,0,0,0,0,0,0,0,0,0
3523534419296,5.6197625,1788965062447109993,,0,0,0,0,0,0,0,0,0,0,0,0,0,0,0,0,0,0,0
3523554289248,5.6396324,1788965062467110002,,0,0,0,0,0,0,0,0,0,0,0,0,0,0,0,0,0,0,0
3523574381344,5.6597245,1788965062487110075,,0,0,0,0,0,0,0,0,0,0,0,0,0,0,0,0,0,0,0
3523594422656,5.6797659,1788965062507110472,,0,0,0,0,0,0,0,0,0,0,0,0,0,0,0,0,0,0,0
3523614380064,5.6997233,1788965062527110658,,0,0,0,0,0,0,0,0,0,0,0,0,0,0,0,0,0,0,0
3523634424064,5.7197673,1788965062547113017,,0,0,0,0,0,0,0,0,0,0,0,0,0,0,0,0,0,0,0
3523654439936,5.7397831,1788965062567110144,,0,0,0,0,0,0,0,0,0,0,0,0,0,0,0,0,0,0,0
3523674402784,5.759746,1788965062587110373,,0,0,0,0,0,0,0,0,0,0,0,0,0,0,0,0,0,0,0
3523694429920,5.7797731,1788965062607110371,,0,0,0,0,0,0,0,0,0,0,0,0,0,0,0,0,0,0,0
3523714410560,5.7997538,1788965062627110658,,0,0,0,0,0,0,0,0,0,0,0,0,0,0,0,0,0,0,0
3523734402240,5.8197454,1788965062647110870,,0,0,0,0,0,0,0,0,0,0,0,0,0,0,0,0,0,0,0
3523754250432,5.8395936,1788965062667110219,,0,0,0,0,0,0,0,0,0,0,0,0,0,0,0,0,0,0,0
3523774380384,5.8597236,1788965062687110834,,0,0,0,0,0,0,0,0,0,0,0,0,0,0,0,0,0,0,0
3523794386048,5.8797292,1788965062707110425,,0,0,0,0,0,0,0,0,0,0,0,0,0,0,0,0,0,0,0
3523814217504,5.8995607,1788965062727110762,,0,0,0,0,0,0,0,0,0,0,0,0,0,0,0,0,0,0,0
3523834405952,5.9197492,1788965062747111169,,0,0,0,0,0,0,0,0,0,0,0,0,0,0,0,0,0,0,0
3523854382016,5.9397252,1788965062767110547,,0,0,0,0,0,0,0,0,0,0,0,0,0,0,0,0,0,0,0
3523874434976,5.9597782,1788965062787110549,,0,0,0,0,0,0,0,0,0,0,0,0,0,0,0,0,0,0,0
3523894387648,5.9797308,1788965062807110435,,0,0,0,0,0,0,0,0,0,0,0,0,0,0,0,0,0,0,0
3523914383808,5.999727,1788965062827110257,,0,0,0,0,0,0,0,0,0,0,0,0,0,0,0,0,0,0,0
3523934392000,6.0197352,1788965062847114153,,0,0,0,0,0,0,0,0,0,0,0,0,0,0,0,0,0,0,0
3523954301184,6.0396444,1788965062867110181,,0,0,0,0,0,0,0,0,0,0,0,0,0,0,0,0,0,0,0
3523974372832,6.059716,1788965062887110483,,0,0,0,0,0,0,0,0,0,0,0,0,0,0,0,0,0,0,0
3523994403840,6.079747,1788965062907110803,,0,0,0,0,0,0,0,0,0,0,0,0,0,0,0,0,0,0,0
3524014349920,6.0996931,1788965062927113644,,0,0,0,0,0,0,0,0,0,0,0,0,0,0,0,0,0,0,0
3524034388032,6.1197312,1788965062947110784,,0,0,0,0,0,0,0,0,0,0,0,0,0,0,0,0,0,0,0
3524054399456,6.1397427,1788965062967110323,,0,0,0,0,0,0,0,0,0,0,0,0,0,0,0,0,0,0,0
3524074412704,6.1597559,1788965062987110473,,0,0,0,0,0,0,0,0,0,0,0,0,0,0,0,0,0,0,0
3524094402208,6.1797454,1788965063007110402,,0,0,0,0,0,0,0,0,0,0,0,0,0,0,0,0,0,0,0
3524114431392,6.1997746,1788965063027110702,,0,0,0,0,0,0,0,0,0,0,0,0,0,0,0,0,0,0,0
3524134346944,6.2196901,1788965063047110061,,0,0,0,0,0,0,0,0,0,0,0,0,0,0,0,0,0,0,0
3524154348928,6.2396921,1788965063067110187,,0,0,0,0,0,0,0,0,0,0,0,0,0,0,0,0,0,0,0
3524174386304,6.2597295,1788965063087110310,,0,0,0,0,0,0,0,0,0,0,0,0,0,0,0,0,0,0,0
3524194340640,6.2796838,1788965063107110164,,0,0,0,0,0,0,0,0,0,0,0,0,0,0,0,0,0,0,0
3524214380480,6.2997237,1788965063127110216,,0,0,0,0,0,0,0,0,0,0,0,0,0,0,0,0,0,0,0
3524234353344,6.3196965,1788965063147110936,,0,0,0,0,0,0,0,0,0,0,0,0,0,0,0,0,0,0,0
3524254352896,6.3396961,1788965063167110296,,0,0,0,0,0,0,0,0,0,0,0,0,0,0,0,0,0,0,0
3524274373664,6.3597169,1788965063187110047,,0,0,0,0,0,0,0,0,0,0,0,0,0,0,0,0,0,0,0
3524294371200,6.3797144,1788965063207110302,,0,0,0,0,0,0,0,0,0,0,0,0,0,0,0,0,0,0,0
3524314354368,6.3996976,1788965063227110415,,0,0,0,0,0,0,0,0,0,0,0,0,0,0,0,0,0,0,0
3524334353248,6.4196964,1788965063247110464,,0,0,0,0,0,0,0,0,0,0,0,0,0,0,0,0,0,0,0
3524354162912,6.4395061,1788965063267111310,,0,0,0,0,0,0,0,0,0,0,0,0,0,0,0,0,0,0,0
3524374336096,6.4596793,1788965063287110368,,0,0,0,0,0,0,0,0,0,0,0,0,0,0,0,0,0,0,0
3524394361760,6.479705,1788965063307110632,,0,0,0,0,0,0,0,0,0,0,0,0,0,0,0,0,0,0,0
3524414325664,6.4996689,1788965063327110266,,0,0,0,0,0,0,0,0,0,0,0,0,0,0,0,0,0,0,0
3524434323584,6.5196668,1788965063347110501,,0,0,0,0,0,0,0,0,0,0,0,0,0,0,0,0,0,0,0
3524454346080,6.5396893,1788965063367110344,,0,0,0,0,0,0,0,0,0,0,0,0,0,0,0,0,0,0,0
3524474317920,6.5596611,1788965063387109895,,0,0,0,0,0,0,0,0,0,0,0,0,0,0,0,0,0,0,0
3524494363648,6.5797068,1788965063407110303,,0,0,0,0,0,0,0,0,0,0,0,0,0,0,0,0,0,0,0
3524514201408,6.5995446,1788965063427110080,,0,0,0,0,0,0,0,0,0,0,0,0,0,0,0,0,0,0,0
3524534343104,6.6196863,1788965063447110245,,0,0,0,0,0,0,0,0,0,0,0,0,0,0,0,0,0,0,0
3524554257568,6.6396008,1788965063467110131,,0,0,0,0,0,0,0,0,0,0,0,0,0,0,0,0,0,0,0
3524574342080,6.6596853,1788965063487109923,,0,0,0,0,0,0,0,0,0,0,0,0,0,0,0,0,0,0,0
3524594339872,6.6796831,1788965063507109818,,0,0,0,0,0,0,0,0,0,0,0,0,0,0,0,0,0,0,0
3524614347936,6.6996911,1788965063527110478,,0,0,0,0,0,0,0,0,0,0,0,0,0,0,0,0,0,0,0
3524634337760,6.719681,1788965063547109937,,0,0,0,0,0,0,0,0,0,0,0,0,0,0,0,0,0,0,0
3524654327136,6.7396703,1788965063567109967,,0,0,0,0,0,0,0,0,0,0,0,0,0,0,0,0,0,0,0
3524674343360,6.7596866,1788965063587110297,,0,0,0,0,0,0,0,0,0,0,0,0,0,0,0,0,0,0,0
3524694387264,6.7797305,1788965063607112602,,0,0,0,0,0,0,0,0,0,0,0,0,0,0,0,0,0,0,0
3524714318400,6.7996616,1788965063627112628,,0,0,0,0,0,0,0,0,0,0,0,0,0,0,0,0,0,0,0
3524734344704,6.8196879,1788965063647111045,,0,0,0,0,0,0,0,0,0,0,0,0,0,0,0,0,0,0,0
3524754251488,6.8395947,1788965063667110709,,0,0,0,0,0,0,0,0,0,0,0,0,0,0,0,0,0,0,0
3524774325120,6.8596683,1788965063687110754,,0,0,0,0,0,0,0,0,0,0,0,0,0,0,0,0,0,0,0
3524794350080,6.8796933,1788965063707110367,,0,0,0,0,0,0,0,0,0,0,0,0,0,0,0,0,0,0,0
3524814300672,6.8996439,1788965063727124579,,0,0,0,0,0,0,0,0,0,0,0,0,0,0,0,0,0,0,0
3524834317920,6.9196611,1788965063747110114,,0,0,0,0,0,0,0,0,0,0,0,0,0,0,0,0,0,0,0
3524854352768,6.939696,1788965063767110256,,0,0,0,0,0,0,0,0,0,0,0,0,0,0,0,0,0,0,0
3524874322112,6.9596653,1788965063787110541,,0,0,0,0,0,0,0,0,0,0,0,0,0,0,0,0,0,0,0
3524894347904,6.9796911,1788965063807110368,,0,0,0,0,0,0,0,0,0,0,0,0,0,0,0,0,0,0,0
3524914346720,6.9996899,1788965063827110460,,0,0,0,0,0,0,0,0,0,0,0,0,0,0,0,0,0,0,0
3524934324800,7.019668,1788965063847110265,,0,0,0,0,0,0,0,0,0,0,0,0,0,0,0,0,0,0,0
3524954160480,7.0395037,1788965063867110934,,0,0,0,0,0,0,0,0,0,0,0,0,0,0,0,0,0,0,0
3524974350144,7.0596933,1788965063887110702,,0,0,0,0,0,0,0,0,0,0,0,0,0,0,0,0,0,0,0
3524994319584,7.0796628,1788965063907110708,,0,0,0,0,0,0,0,0,0,0,0,0,0,0,0,0,0,0,0
3525014303744,7.0996469,1788965063927110543,,0,0,0,0,0,0,0,0,0,0,0,0,0,0,0,0,0,0,0
3525034323584,7.1196668,1788965063947113842,,0,0,0,0,0,0,0,0,0,0,0,0,0,0,0,0,0,0,0
3525054311424,7.1396546,1788965063967110569,,0,0,0,0,0,0,0,0,0,0,0,0,0,0,0,0,0,0,0
3525074343840,7.159687,1788965063987110432,,0,0,0,0,0,0,0,0,0,0,0,0,0,0,0,0,0,0,0
3525094333120,7.1796763,1788965064007110826,,0,0,0,0,0,0,0,0,0,0,0,0,0,0,0,0,0,0,0
3525114300800,7.199644,1788965064027110349,,0,0,0,0,0,0,0,0,0,0,0,0,0,0,0,0,0,0,0
3525134331488,7.2196747,1788965064047110340,,0,0,0,0,0,0,0,0,0,0,0,0,0,0,0,0,0,0,0
3525154195520,7.2395387,1788965064067110212,,0,0,0,0,0,0,0,0,0,0,0,0,0,0,0,0,0,0,0
3525174300384,7.2596436,1788965064087110003,,0,0,0,0,0,0,0,0,0,0,0,0,0,0,0,0,0,0,0
3525194331968,7.2796752,1788965064107110390,,0,0,0,0,0,0,0,0,0,0,0,0,0,0,0,0,0,0,0
3525214309344,7.2996525,1788965064127110429,,0,0,0,0,0,0,0,0,0,0,0,0,0,0,0,0,0,0,0
3525234296512,7.3196397,1788965064147111240,,0,0,0,0,0,0,0,0,0,0,0,0,0,0,0,0,0,0,0
3525254324768,7.339668,1788965064167110921,,0,0,0,0,0,0,0,0,0,0,0,0,0,0,0,0,0,0,0
3525274297376,7.3596406,1788965064187110573,,0,0,0,0,0,0,0,0,0,0,0,0,0,0,0,0,0,0,0
3525294330560,7.3796738,1788965064207110644,,0,0,0,0,0,0,0,0,0,0,0,0,0,0,0,0,0,0,0
3525314330368,7.3996736,1788965064227110285,,0,0,0,0,0,0,0,0,0,0,0,0,0,0,0,0,0,0,0
3525334298016,7.4196412,1788965064247110530,,0,0,0,0,0,0,0,0,0,0,0,0,0,0,0,0,0,0,0
3525354139584,7.4394828,1788965064267110573,,0,0,0,0,0,0,0,0,0,0,0,0,0,0,0,0,0,0,0
3525374282752,7.459626,1788965064287124459,,0,0,0,0,0,0,0,0,0,0,0,0,0,0,0,0,0,0,0
3525394115456,7.4794587,1788965064307110859,,0,0,0,0,0,0,0,0,0,0,0,0,0,0,0,0,0,0,0
3525414116800,7.49946,1788965064327110124,,0,0,0,0,0,0,0,0,0,0,0,0,0,0,0,0,0,0,0
3525434307424,7.5196506,1788965064347110520,,0,0,0,0,0,0,0,0,0,0,0,0,0,0,0,0,0,0,0
3525454109376,7.5394526,1788965064367110284,,0,0,0,0,0,0,0,0,0,0,0,0,0,0,0,0,0,0,0
3525474277280,7.5596205,1788965064387110500,,0,0,0,0,0,0,0,0,0,0,0,0,0,0,0,0,0,0,0
3525494121792,7.579465,1788965064407110715,,0,0,0,0,0,0,0,0,0,0,0,0,0,0,0,0,0,0,0
3525514285600,7.5996288,1788965064427110254,,0,0,0,0,0,0,0,0,0,0,0,0,0,0,0,0,0,0,0
3525534276032,7.6196192,1788965064447110304,,0,0,0,0,0,0,0,0,0,0,0,0,0,0,0,0,0,0,0
3525554179936,7.6395231,1788965064467110638,,0,0,0,0,0,0,0,0,0,0,0,0,0,0,0,0,0,0,0
3525574149920,7.6594931,1788965064487110787,,0,0,0,0,0,0,0,0,0,0,0,0,0,0,0,0,0,0,0
3525594135392,7.6794786,1788965064507110605,,0,0,0,0,0,0,0,0,0,0,0,0,0,0,0,0,0,0,0
3525614113184,7.6994564,1788965064527110430,,0,0,0,0,0,0,0,0,0,0,0,0,0,0,0,0,0,0,0
3525634273760,7.719617,1788965064547110311,,0,0,0,0,0,0,0,0,0,0,0,0,0,0,0,0,0,0,0
3525654315008,7.7396582,1788965064567109659,,0,0,0,0,0,0,0,0,0,0,0,0,0,0,0,0,0,0,0
3525674122080,7.7594653,1788965064587110097,,0,0,0,0,0,0,0,0,0,0,0,0,0,0,0,0,0,0,0
3525694302304,7.7796455,1788965064607110398,,0,0,0,0,0,0,0,0,0,0,0,0,0,0,0,0,0,0,0
3525714295360,7.7996386,1788965064627110251,,0,0,0,0,0,0,0,0,0,0,0,0,0,0,0,0,0,0,0
3525734278080,7.8196213,1788965064647110873,,0,0,0,0,0,0,0,0,0,0,0,0,0,0,0,0,0,0,0
3525754175104,7.8395183,1788965064667110405,,0,0,0,0,0,0,0,0,0,0,0,0,0,0,0,0,0,0,0
3525774268160,7.8596114,1788965064687110138,,0,0,0,0,0,0,0,0,0,0,0,0,0,0,0,0,0,0,0
3525794093152,7.8794364,1788965064707110257,,0,0,0,0,0,0,0,0,0,0,0,0,0,0,0,0,0,0,0
3525814145504,7.8994887,1788965064727122303,,0,0,0,0,0,0,0,0,0,0,0,0,0,0,0,0,0,0,0
3525834292832,7.919636,1788965064747110402,,0,0,0,0,0,0,0,0,0,0,0,0,0,0,0,0,0,0,0
3525854155104,7.9394983,1788965064767110452,,0,0,0,0,0,0,0,0,0,0,0,0,0,0,0,0,0,0,0
3525874263904,7.9596071,1788965064787110400,,0,0,0,0,0,0,0,0,0,0,0,0,0,0,0,0,0,0,0
3525894318656,7.9796619,1788965064807110613,,0,0,0,0,0,0,0,0,0,0,0,0,0,0,0,0,0,0,0
3525914098240,7.9994414,1788965064827110102,,0,0,0,0,0,0,0,0,0,0,0,0,0,0,0,0,0,0,0
3525934264096,8.0196073,1788965064847110602,,0,0,0,0,0,0,0,0,0,0,0,0,0,0,0,0,0,0,0
3525954273920,8.0396171,1788965064867109949,,0,0,0,0,0,0,0,0,0,0,0,0,0,0,0,0,0,0,0
3525974092736,8.0594359,1788965064887110345,,0,0,0,0,0,0,0,0,0,0,0,0,0,0,0,0,0,0,0
3525994325696,8.0796689,1788965064907113527,,0,0,0,0,0,0,0,0,0,0,0,0,0,0,0,0,0,0,0
3526014128384,8.0994716,1788965064927110626,,0,0,0,0,0,0,0,0,0,0,0,0,0,0,0,0,0,0,0
3526034268352,8.1196116,1788965064947110216,,0,0,0,0,0,0,0,0,0,0,0,0,0,0,0,0,0,0,0
3526054267680,8.1396109,1788965064967124813,,0,0,0,0,0,0,0,0,0,0,0,0,0,0,0,0,0,0,0
3526074279520,8.1596227,1788965064987110999,,0,0,0,0,0,0,0,0,0,0,0,0,0,0,0,0,0,0,0
3526094292032,8.1796352,1788965065007110800,,0,0,0,0,0,0,0,0,0,0,0,0,0,0,0,0,0,0,0
3526114273120,8.1996163,1788965065027110224,,0,0,0,0,0,0,0,0,0,0,0,0,0,0,0,0,0,0,0
3526134088416,8.2194316,1788965065047110779,,0,0,0,0,0,0,0,0,0,0,0,0,0,0,0,0,0,0,0
3526154156800,8.2395,1788965065067110827,,0,0,0,0,0,0,0,0,0,0,0,0,0,0,0,0,0,0,0
3526174150432,8.2594936,1788965065087110367,,0,0,0,0,0,0,0,0,0,0,0,0,0,0,0,0,0,0,0
3526194082464,8.2794257,1788965065107110192,,0,0,0,0,0,0,0,0,0,0,0,0,0,0,0,0,0,0,0
3526214158176,8.2995014,1788965065127111179,,0,0,0,0,0,0,0,0,0,0,0,0,0,0,0,0,0,0,0
3526234276928,8.3196201,1788965065147110844,,0,0,0,0,0,0,0,0,0,0,0,0,0,0,0,0,0,0,0
3526254206368,8.3395496,1788965065167110676,,0,0,0,0,0,0,0,0,0,0,0,0,0,0,0,0,0,0,0
3526274258048,8.3596012,1788965065187110594,,0,0,0,0,0,0,0,0,0,0,0,0,0,0,0,0,0,0,0
3526294126720,8.3794699,1788965065207110644,,0,0,0,0,0,0,0,0,0,0,0,0,0,0,0,0,0,0,0
3526314066176,8.3994094,1788965065227110567,,0,0,0,0,0,0,0,0,0,0,0,0,0,0,0,0,0,0,0
3526334126240,8.4194694,1788965065247110279,,0,0,0,0,0,0,0,0,0,0,0,0,0,0,0,0,0,0,0
3526354195328,8.4395385,1788965065267109840,,0,0,0,0,0,0,0,0,0,0,0,0,0,0,0,0,0,0,0
3526374073216,8.4594164,1788965065287109799,,0,0,0,0,0,0,0,0,0,0,0,0,0,0,0,0,0,0,0
3526394089216,8.4794324,1788965065307110304,,0,0,0,0,0,0,0,0,0,0,0,0,0,0,0,0,0,0,0
3526414090080,8.4994333,1788965065327110000,,0,0,0,0,0,0,0,0,0,0,0,0,0,0,0,0,0,0,0
3526434064064,8.5194073,1788965065347110625,,0,0,0,0,0,0,0,0,0,0,0,0,0,0,0,0,0,0,0
3526454123936,8.5394671,1788965065367110309,,0,0,0,0,0,0,0,0,0,0,0,0,0,0,0,0,0,0,0
3526474067008,8.5594102,1788965065387110189,,0,0,0,0,0,0,0,0,0,0,0,0,0,0,0,0,0,0,0
3526494093952,8.5794372,1788965065407110398,,0,0,0,0,0,0,0,0,0,0,0,0,0,0,0,0,0,0,0
3526514085536,8.5994287,1788965065427110313,,0,0,0,0,0,0,0,0,0,0,0,0,0,0,0,0,0,0,0
3526534061760,8.619405,1788965065447110117,,0,0,0,0,0,0,0,0,0,0,0,0,0,0,0,0,0,0,0
3526554061216,8.6394044,1788965065467110227,,0,0,0,0,0,0,0,0,0,0,0,0,0,0,0,0,0,0,0
3526574074688,8.6594179,1788965065487110884,,0,0,0,0,0,0,0,0,0,0,0,0,0,0,0,0,0,0,0
3526594066720,8.6794099,1788965065507113880,,0,0,0,0,0,0,0,0,0,0,0,0,0,0,0,0,0,0,0
3526614076512,8.6994197,1788965065527110182,,0,0,0,0,0,0,0,0,0,0,0,0,0,0,0,0,0,0,0
3526634073952,8.7194172,1788965065547110288,,0,0,0,0,0,0,0,0,0,0,0,0,0,0,0,0,0,0,0
3526654100704,8.7394439,1788965065567110348,,0,0,0,0,0,0,0,0,0,0,0,0,0,0,0,0,0,0,0
3526674076288,8.7594195,1788965065587110034,,0,0,0,0,0,0,0,0,0,0,0,0,0,0,0,0,0,0,0
3526694099680,8.7794429,1788965065607110690,,0,0,0,0,0,0,0,0,0,0,0,0,0,0,0,0,0,0,0
3526714047872,8.7993911,1788965065627110516,,0,0,0,0,0,0,0,0,0,0,0,0,0,0,0,0,0,0,0
3526734074432,8.8194176,1788965065647110837,,0,0,0,0,0,0,0,0,0,0,0,0,0,0,0,0,0,0,0
3526754101440,8.8394446,1788965065667110374,,0,0,0,0,0,0,0,0,0,0,0,0,0,0,0,0,0,0,0
3526774078944,8.8594221,1788965065687109898,,0,0,0,0,0,0,0,0,0,0,0,0,0,0,0,0,0,0,0
3526794073440,8.8794166,1788965065707110547,,0,0,0,0,0,0,0,0,0,0,0,0,0,0,0,0,0,0,0
3526814123424,8.8994666,1788965065727109987,,0,0,0,0,0,0,0,0,0,0,0,0,0,0,0,0,0,0,0
3526834077376,8.9194206,1788965065747112499,,0,0,0,0,0,0,0,0,0,0,0,0,0,0,0,0,0,0,0
3526854085120,8.9394283,1788965065767110382,,0,0,0,0,0,0,0,0,0,0,0,0,0,0,0,0,0,0,0
3526874087840,8.959431,1788965065787110429,,0,0,0,0,0,0,0,0,0,0,0,0,0,0,0,0,0,0,0
3526894084032,8.9794272,1788965065807110161,,0,0,0,0,0,0,0,0,0,0,0,0,0,0,0,0,0,0,0
3526914078112,8.9994213,1788965065827110520,,0,0,0,0,0,0,0,0,0,0,0,0,0,0,0,0,0,0,0
3526934087424,9.0194306,1788965065847110639,,0,0,0,0,0,0,0,0,0,0,0,0,0,0,0,0,0,0,0
3526954153280,9.0394965,1788965065867110569,,0,0,0,0,0,0,0,0,0,0,0,0,0,0,0,0,0,0,0
3526974120224,9.0594634,1788965065887110646,,0,0,0,0,0,0,0,0,0,0,0,0,0,0,0,0,0,0,0
3526994089760,9.079433,1788965065907110991,,0,0,0,0,0,0,0,0,0,0,0,0,0,0,0,0,0,0,0
3527014059840,9.099403,1788965065927110522,,0,0,0,0,0,0,0,0,0,0,0,0,0,0,0,0,0,0,0
3527034089504,9.1194327,1788965065947110896,,0,0,0,0,0,0,0,0,0,0,0,0,0,0,0,0,0,0,0
3527054199584,9.1395428,1788965065967111022,,0,0,0,0,0,0,0,0,0,0,0,0,0,0,0,0,0,0,0
3527074110944,9.1594541,1788965065987110469,,0,0,0,0,0,0,0,0,0,0,0,0,0,0,0,0,0,0,0
3527094116928,9.1794601,1788965066007110603,,0,0,0,0,0,0,0,0,0,0,0,0,0,0,0,0,0,0,0
3527114068960,9.1994122,1788965066027110698,,0,0,0,0,0,0,0,0,0,0,0,0,0,0,0,0,0,0,0
3527134056768,9.2194,1788965066047110578,,0,0,0,0,0,0,0,0,0,0,0,0,0,0,0,0,0,0,0
3527154079936,9.2394231,1788965066067110256,,0,0,0,0,0,0,0,0,0,0,0,0,0,0,0,0,0,0,0
3527174062368,9.2594056,1788965066087110574,,0,0,0,0,0,0,0,0,0,0,0,0,0,0,0,0,0,0,0
3527194053760,9.279397,1788965066107110548,,0,0,0,0,0,0,0,0,0,0,0,0,0,0,0,0,0,0,0
3527214072608,9.2994158,1788965066127110436,,0,0,0,0,0,0,0,0,0,0,0,0,0,0,0,0,0,0,0
3527234093856,9.3194371,1788965066147111273,,0,0,0,0,0,0,0,0,0,0,0,0,0,0,0,0,0,0,0
3527254093920,9.3394371,1788965066167110218,,0,0,0,0,0,0,0,0,0,0,0,0,0,0,0,0,0,0,0
3527274072352,9.3594156,1788965066187110265,,0,0,0,0,0,0,0,0,0,0,0,0,0,0,0,0,0,0,0
3527294112576,9.3794558,1788965066207110368,,0,0,0,0,0,0,0,0,0,0,0,0,0,0,0,0,0,0,0
3527314087424,9.3994306,1788965066227109899,,0,0,0,0,0,0,0,0,0,0,0,0,0,0,0,0,0,0,0
3527334082272,9.4194255,1788965066247110761,,0,0,0,0,0,0,0,0,0,0,0,0,0,0,0,0,0,0,0
3527354108704,9.4394519,1788965066267110362,,0,0,0,0,0,0,0,0,0,0,0,0,0,0,0,0,0,0,0
3527374075968,9.4594192,1788965066287110493,,0,0,0,0,0,0,0,0,0,0,0,0,0,0,0,0,0,0,0
3527394100832,9.479444,1788965066307113630,,0,0,0,0,0,0,0,0,0,0,0,0,0,0,0,0,0,0,0
3527414184768,9.499528,1788965066327110527,,0,0,0,0,0,0,0,0,0,0,0,0,0,0,0,0,0,0,0
3527434065312,9.5194085,1788965066347110741,,0,0,0,0,0,0,0,0,0,0,0,0,0,0,0,0,0,0,0
3527454075232,9.5394184,1788965066367110636,,0,0,0,0,0,0,0,0,0,0,0,0,0,0,0,0,0,0,0
3527474076928,9.5594201,1788965066387113615,,0,0,0,0,0,0,0,0,0,0,0,0,0,0,0,0,0,0,0
3527494115808,9.579459,1788965066407110231,,0,0,0,0,0,0,0,0,0,0,0,0,0,0,0,0,0,0,0
3527514087840,9.599431,1788965066427110782,,0,0,0,0,0,0,0,0,0,0,0,0,0,0,0,0,0,0,0
3527534071072,9.6194143,1788965066447110222,,0,0,0,0,0,0,0,0,0,0,0,0,0,0,0,0,0,0,0
3527554095360,9.6394386,1788965066467110105,,0,0,0,0,0,0,0,0,0,0,0,0,0,0,0,0,0,0,0
3527574077216,9.6594204,1788965066487110240,,0,0,0,0,0,0,0,0,0,0,0,0,0,0,0,0,0,0,0
3527594109920,9.6794531,1788965066507110073,,0,0,0,0,0,0,0,0,0,0,0,0,0,0,0,0,0,0,0
3527614053728,9.6993969,1788965066527110482,,0,0,0,0,0,0,0,0,0,0,0,0,0,0,0,0,0,0,0
3527634070208,9.7194134,1788965066547110022,,0,0,0,0,0,0,0,0,0,0,0,0,0,0,0,0,0,0,0
3527654215680,9.7395589,1788965066567110243,,0,0,0,0,0,0,0,0,0,0,0,0,0,0,0,0,0,0,0
3527674085184,9.7594284,1788965066587110257,,0,0,0,0,0,0,0,0,0,0,0,0,0,0,0,0,0,0,0
3527694112352,9.7794556,1788965066607110531,,0,0,0,0,0,0,0,0,0,0,0,0,0,0,0,0,0,0,0
3527714089376,9.7994326,1788965066627110637,,0,0,0,0,0,0,0,0,0,0,0,0,0,0,0,0,0,0,0
3527734088480,9.8194317,1788965066647111224,,0,0,0,0,0,0,0,0,0,0,0,0,0,0,0,0,0,0,0
3527754101504,9.8394447,1788965066667111391,,0,0,0,0,0,0,0,0,0,0,0,0,0,0,0,0,0,0,0
3527774092160,9.8594354,1788965066687110489,,0,0,0,0,0,0,0,0,0,0,0,0,0,0,0,0,0,0,0
3527794076032,9.8794192,1788965066707110532,,0,0,0,0,0,0,0,0,0,0,0,0,0,0,0,0,0,0,0
3527814059104,9.8994023,1788965066727110627,,0,0,0,0,0,0,0,0,0,0,0,0,0,0,0,0,0,0,0
3527834085600,9.9194288,1788965066747110162,,0,0,0,0,0,0,0,0,0,0,0,0,0,0,0,0,0,0,0
3527854094016,9.9394372,1788965066767110546,,0,0,0,0,0,0,0,0,0,0,0,0,0,0,0,0,0,0,0
3527874155968,9.9594992,1788965066787110313,,0,0,0,0,0,0,0,0,0,0,0,0,0,0,0,0,0,0,0
3527894088896,9.9794321,1788965066807123108,,0,0,0,0,0,0,0,0,0,0,0,0,0,0,0,0,0,0,0
3527914205696,9.9995489,1788965066827115393,,0,0,0,0,0,0,0,0,0,0,0,0,0,0,0,0,0,0,0
3527934054304,10.019398,1788965066847113370,,0,0,0,0,0,0,0,0,0,0,0,0,0,0,0,0,0,0,0
3527954075008,10.039418,1788965066867113274,,0,0,0,0,0,0,0,0,0,0,0,0,0,0,0,0,0,0,0
3527974067200,10.05941,1788965066887110487,,0,0,0,0,0,0,0,0,0,0,0,0,0,0,0,0,0,0,0
3527994175872,10.079519,1788965066907110144,,0,0,0,0,0,0,0,0,0,0,0,0,0,0,0,0,0,0,0
3528014207136,10.09955,1788965066927110357,,0,0,0,0,0,0,0,0,0,0,0,0,0,0,0,0,0,0,0
3528034152960,10.119496,1788965066947110603,,0,0,0,0,0,0,0,0,0,0,0,0,0,0,0,0,0,0,0
3528054118048,10.139461,1788965066967110307,,0,0,0,0,0,0,0,0,0,0,0,0,0,0,0,0,0,0,0
3528074223904,10.159567,1788965066987110886,,0,0,0,0,0,0,0,0,0,0,0,0,0,0,0,0,0,0,0
3528094136096,10.179479,1788965067007110354,,0,0,0,0,0,0,0,0,0,0,0,0,0,0,0,0,0,0,0
3528114204192,10.199547,1788965067027110089,,0,0,0,0,0,0,0,0,0,0,0,0,0,0,0,0,0,0,0
3528134120864,10.219464,1788965067047110399,,0,0,0,0,0,0,0,0,0,0,0,0,0,0,0,0,0,0,0
3528154129376,10.239473,1788965067067113986,,0,0,0,0,0,0,0,0,0,0,0,0,0,0,0,0,0,0,0
3528174131264,10.259474,1788965067087110576,,0,0,0,0,0,0,0,0,0,0,0,0,0,0,0,0,0,0,0
3528194214336,10.279558,1788965067107109933,,0,0,0,0,0,0,0,0,0,0,0,0,0,0,0,0,0,0,0
3528214097920,10.299441,1788965067127110324,,0,0,0,0,0,0,0,0,0,0,0,0,0,0,0,0,0,0,0
3528234170496,10.319514,1788965067147110653,,0,0,0,0,0,0,0,0,0,0,0,0,0,0,0,0,0,0,0
3528254177376,10.339521,1788965067167110490,,0,0,0,0,0,0,0,0,0,0,0,0,0,0,0,0,0,0,0
3528274152832,10.359496,1788965067187109734,,0,0,0,0,0,0,0,0,0,0,0,0,0,0,0,0,0,0,0
3528294166720,10.37951,1788965067207110638,,0,0,0,0,0,0,0,0,0,0,0,0,0,0,0,0,0,0,0
3528314172640,10.399516,1788965067227110726,,0,0,0,0,0,0,0,0,0,0,0,0,0,0,0,0,0,0,0
3528334179456,10.419523,1788965067247110383,,0,0,0,0,0,0,0,0,0,0,0,0,0,0,0,0,0,0,0
3528354060704,10.439404,1788965067267110552,,0,0,0,0,0,0,0,0,0,0,0,0,0,0,0,0,0,0,0
3528374151456,10.459495,1788965067287110102,,0,0,0,0,0,0,0,0,0,0,0,0,0,0,0,0,0,0,0
3528394183776,10.479527,1788965067307110297,,0,0,0,0,0,0,0,0,0,0,0,0,0,0,0,0,0,0,0
3528414156096,10.499499,1788965067327110948,,0,0,0,0,0,0,0,0,0,0,0,0,0,0,0,0,0,0,0
3528434128640,10.519472,1788965067347110496,,0,0,0,0,0,0,0,0,0,0,0,0,0,0,0,0,0,0,0
3528454117760,10.539461,1788965067367110485,,0,0,0,0,0,0,0,0,0,0,0,0,0,0,0,0,0,0,0
3528474097056,10.55944,1788965067387110308,,0,0,0,0,0,0,0,0,0,0,0,0,0,0,0,0,0,0,0
3528494165312,10.579509,1788965067407110752,,0,0,0,0,0,0,0,0,0,0,0,0,0,0,0,0,0,0,0
3528514127424,10.599471,1788965067427110148,,0,0,0,0,0,0,0,0,0,0,0,0,0,0,0,0,0,0,0
3528534100672,10.619444,1788965067447109918,,0,0,0,0,0,0,0,0,0,0,0,0,0,0,0,0,0,0,0
3528554032512,10.639376,1788965067467110513,,0,0,0,0,0,0,0,0,0,0,0,0,0,0,0,0,0,0,0
3528574144416,10.659488,1788965067487110002,,0,0,0,0,0,0,0,0,0,0,0,0,0,0,0,0,0,0,0
3528594134368,10.679478,1788965067507110532,,0,0,0,0,0,0,0,0,0,0,0,0,0,0,0,0,0,0,0
3528614123296,10.699466,1788965067527110325,,0,0,0,0,0,0,0,0,0,0,0,0,0,0,0,0,0,0,0
3528634100704,10.719444,1788965067547110354,,0,0,0,0,0,0,0,0,0,0,0,0,0,0,0,0,0,0,0
3528654185344,10.739529,1788965067567110012,,0,0,0,0,0,0,0,0,0,0,0,0,0,0,0,0,0,0,0
3528674122432,10.759466,1788965067587110561,,0,0,0,0,0,0,0,0,0,0,0,0,0,0,0,0,0,0,0
3528694151744,10.779495,1788965067607110840,,0,0,0,0,0,0,0,0,0,0,0,0,0,0,0,0,0,0,0
3528714128960,10.799472,1788965067627110744,,0,0,0,0,0,0,0,0,0,0,0,0,0,0,0,0,0,0,0
3528734170272,10.819513,1788965067647111194,,0,0,0,0,0,0,0,0,0,0,0,0,0,0,0,0,0,0,0
3528754017504,10.839361,1788965067667110373,,0,0,0,0,0,0,0,0,0,0,0,0,0,0,0,0,0,0,0
3528774099584,10.859443,1788965067687109939,,0,0,0,0,0,0,0,0,0,0,0,0,0,0,0,0,0,0,0
3528794151744,10.879495,1788965067707110472,,0,0,0,0,0,0,0,0,0,0,0,0,0,0,0,0,0,0,0
3528814090656,10.899434,1788965067727124052,,0,0,0,0,0,0,0,0,0,0,0,0,0,0,0,0,0,0,0
3528834154880,10.919498,1788965067747109939,,0,0,0,0,0,0,0,0,0,0,0,0,0,0,0,0,0,0,0
3528854179008,10.939522,1788965067767110730,,0,0,0,0,0,0,0,0,0,0,0,0,0,0,0,0,0,0,0
3528874125952,10.959469,1788965067787110092,,0,0,0,0,0,0,0,0,0,0,0,0,0,0,0,0,0,0,0
3528894127264,10.97947,1788965067807110318,,0,0,0,0,0,0,0,0,0,0,0,0,0,0,0,0,0,0,0
3528914136128,10.999479,1788965067827113687,,0,0,0,0,0,0,0,0,0,0,0,0,0,0,0,0,0,0,0
3528934107232,11.01945,1788965067847110886,,0,0,0,0,0,0,0,0,0,0,0,0,0,0,0,0,0,0,0
3528954200768,11.039544,1788965067867110585,,0,0,0,0,0,0,0,0,0,0,0,0,0,0,0,0,0,0,0
3528974075488,11.059419,1788965067887110131,,0,0,0,0,0,0,0,0,0,0,0,0,0,0,0,0,0,0,0
3528994115136,11.079458,1788965067907116672,,0,0,0,0,0,0,0,0,0,0,0,0,0,0,0,0,0,0,0
3529014148512,11.099492,1788965067927113892,,0,0,0,0,0,0,0,0,0,0,0,0,0,0,0,0,0,0,0
3529034134304,11.119478,1788965067947113260,,0,0,0,0,0,0,0,0,0,0,0,0,0,0,0,0,0,0,0
3529054139456,11.139483,1788965067967110809,,0,0,0,0,0,0,0,0,0,0,0,0,0,0,0,0,0,0,0
3529074088992,11.159432,1788965067987110974,,0,0,0,0,0,0,0,0,0,0,0,0,0,0,0,0,0,0,0
3529094100736,11.179444,1788965068007110297,,0,0,0,0,0,0,0,0,0,0,0,0,0,0,0,0,0,0,0
3529114091488,11.199435,1788965068027111090,,0,0,0,0,0,0,0,0,0,0,0,0,0,0,0,0,0,0,0
3529134082272,11.219425,1788965068047110638,,0,0,0,0,0,0,0,0,0,0,0,0,0,0,0,0,0,0,0
3529153996128,11.239339,1788965068067110755,,0,0,0,0,0,0,0,0,0,0,0,0,0,0,0,0,0,0,0
3529174111808,11.259455,1788965068087110261,,0,0,0,0,0,0,0,0,0,0,0,0,0,0,0,0,0,0,0
3529194120288,11.279463,1788965068107110757,,0,0,0,0,0,0,0,0,0,0,0,0,0,0,0,0,0,0,0
3529214095104,11.299438,1788965068127110596,,0,0,0,0,0,0,0,0,0,0,0,0,0,0,0,0,0,0,0
3529234096704,11.31944,1788965068147111475,,0,0,0,0,0,0,0,0,0,0,0,0,0,0,0,0,0,0,0
3529254120992,11.339464,1788965068167111148,,0,0,0,0,0,0,0,0,0,0,0,0,0,0,0,0,0,0,0
3529274091104,11.359434,1788965068187110177,,0,0,0,0,0,0,0,0,0,0,0,0,0,0,0,0,0,0,0
3529294139840,11.379483,1788965068207110746,,0,0,0,0,0,0,0,0,0,0,0,0,0,0,0,0,0,0,0
3529314119264,11.399462,1788965068227110350,,0,0,0,0,0,0,0,0,0,0,0,0,0,0,0,0,0,0,0
3529334102976,11.419446,1788965068247111054,,0,0,0,0,0,0,0,0,0,0,0,0,0,0,0,0,0,0,0
3529355299808,11.440643,1788965068267110697,,0,0,0,0,0,0,0,0,0,0,0,0,0,0,0,0,0,0,0
3529374123264,11.459466,1788965068287110188,,0,0,0,0,0,0,0,0,0,0,0,0,0,0,0,0,0,0,0
3529394541024,11.479884,1788965068307110330,,0,0,0,0,0,0,0,0,0,0,0,0,0,0,0,0,0,0,0
3529414160192,11.499503,1788965068327110458,,0,0,0,0,0,0,0,0,0,0,0,0,0,0,0,0,0,0,0
3529434134368,11.519478,1788965068347110954,,0,0,0,0,0,0,0,0,0,0,0,0,0,0,0,0,0,0,0
3529454087200,11.53943,1788965068367110305,,0,0,0,0,0,0,0,0,0,0,0,0,0,0,0,0,0,0,0
3529474126848,11.55947,1788965068387110194,,0,0,0,0,0,0,0,0,0,0,0,0,0,0,0,0,0,0,0
3529494099136,11.579442,1788965068407110873,,0,0,0,0,0,0,0,0,0,0,0,0,0,0,0,0,0,0,0
3529514120864,11.599464,1788965068427112066,,0,0,0,0,0,0,0,0,0,0,0,0,0,0,0,0,0,0,0
3529534088544,11.619432,1788965068447110356,,0,0,0,0,0,0,0,0,0,0,0,0,0,0,0,0,0,0,0
3529553977088,11.63932,1788965068467113410,,0,0,0,0,0,0,0,0,0,0,0,0,0,0,0,0,0,0,0
3529574106240,11.659449,1788965068487110569,,0,0,0,0,0,0,0,0,0,0,0,0,0,0,0,0,0,0,0
3529594108192,11.679451,1788965068507110299,,0,0,0,0,0,0,0,0,0,0,0,0,0,0,0,0,0,0,0
3529614100224,11.699443,1788965068527110906,,0,0,0,0,0,0,0,0,0,0,0,0,0,0,0,0,0,0,0
3529634109088,11.719452,1788965068547110955,,0,0,0,0,0,0,0,0,0,0,0,0,0,0,0,0,0,0,0
3529654085504,11.739429,1788965068567111120,,0,0,0,0,0,0,0,0,0,0,0,0,0,0,0,0,0,0,0
3529674117920,11.759461,1788965068587110552,,0,0,0,0,0,0,0,0,0,0,0,0,0,0,0,0,0,0,0
3529694167968,11.779511,1788965068607110375,,0,0,0,0,0,0,0,0,0,0,0,0,0,0,0,0,0,0,0
3529714107968,11.799451,1788965068627110598,,0,0,0,0,0,0,0,0,0,0,0,0,0,0,0,0,0,0,0
3529734157312,11.819501,1788965068647111446,,0,0,0,0,0,0,0,0,0,0,0,0,0,0,0,0,0,0,0
3529753970784,11.839314,1788965068667110772,,0,0,0,0,0,0,0,0,0,0,0,0,0,0,0,0,0,0,0
3529774073376,11.859417,1788965068687110325,,0,0,0,0,0,0,0,0,0,0,0,0,0,0,0,0,0,0,0
3529794086016,11.879429,1788965068707110427,,0,0,0,0,0,0,0,0,0,0,0,0,0,0,0,0,0,0,0
3529814108224,11.899451,1788965068727110433,,0,0,0,0,0,0,0,0,0,0,0,0,0,0,0,0,0,0,0
3529834074816,11.919418,1788965068747110832,,0,0,0,0,0,0,0,0,0,0,0,0,0,0,0,0,0,0,0
3529854100480,11.939444,1788965068767111240,,0,0,0,0,0,0,0,0,0,0,0,0,0,0,0,0,0,0,0
3529874109632,11.959453,1788965068787110177,,0,0,0,0,0,0,0,0,0,0,0,0,0,0,0,0,0,0,0
3529894105536,11.979449,1788965068807110587,,0,0,0,0,0,0,0,0,0,0,0,0,0,0,0,0,0,0,0
3529914062048,11.999405,1788965068827110456,,0,0,0,0,0,0,0,0,0,0,0,0,0,0,0,0,0,0,0
3529934113984,12.019457,1788965068847113912,,0,0,0,0,0,0,0,0,0,0,0,0,0,0,0,0,0,0,0
3529953982944,12.039326,1788965068867110724,,0,0,0,0,0,0,0,0,0,0,0,0,0,0,0,0,0,0,0
3529974097280,12.05944,1788965068887110791,,0,0,0,0,0,0,0,0,0,0,0,0,0,0,0,0,0,0,0
3529994114272,12.079457,1788965068907110688,,0,0,0,0,0,0,0,0,0,0,0,0,0,0,0,0,0,0,0
3530014167008,12.09951,1788965068927110407,,0,0,0,0,0,0,0,0,0,0,0,0,0,0,0,0,0,0,0
3530034092640,12.119436,1788965068947110619,,0,0,0,0,0,0,0,0,0,0,0,0,0,0,0,0,0,0,0
3530054105504,12.139449,1788965068967110420,,0,0,0,0,0,0,0,0,0,0,0,0,0,0,0,0,0,0,0
3530074127424,12.159471,1788965068987116402,,0,0,0,0,0,0,0,0,0,0,0,0,0,0,0,0,0,0,0
3530094086272,12.179429,1788965069007113703,,0,0,0,0,0,0,0,0,0,0,0,0,0,0,0,0,0,0,0
3530114065056,12.199408,1788965069027110295,,0,0,0,0,0,0,0,0,0,0,0,0,0,0,0,0,0,0,0
3530134048032,12.219391,1788965069047109862,,0,0,0,0,0,0,0,0,0,0,0,0,0,0,0,0,0,0,0
3530153980992,12.239324,1788965069067110390,,0,0,0,0,0,0,0,0,0,0,0,0,0,0,0,0,0,0,0
3530174094368,12.259438,1788965069087110360,,0,0,0,0,0,0,0,0,0,0,0,0,0,0,0,0,0,0,0
3530194065728,12.279409,1788965069107110765,,0,0,0,0,0,0,0,0,0,0,0,0,0,0,0,0,0,0,0
3530214068896,12.299412,1788965069127110843,,0,0,0,0,0,0,0,0,0,0,0,0,0,0,0,0,0,0,0
3530234096864,12.31944,1788965069147111213,,0,0,0,0,0,0,0,0,0,0,0,0,0,0,0,0,0,0,0
3530254086464,12.33943,1788965069167111657,,0,0,0,0,0,0,0,0,0,0,0,0,0,0,0,0,0,0,0
3530274079776,12.359423,1788965069187110174,,0,0,0,0,0,0,0,0,0,0,0,0,0,0,0,0,0,0,0
3530294061952,12.379405,1788965069207110139,,0,0,0,0,0,0,0,0,0,0,0,0,0,0,0,0,0,0,0
3530314046944,12.39939,1788965069227110797,,0,0,0,0,0,0,0,0,0,0,0,0,0,0,0,0,0,0,0
3530334111552,12.419455,1788965069247110389,,0,0,0,0,0,0,0,0,0,0,0,0,0,0,0,0,0,0,0
3530353965120,12.439308,1788965069267110811,,0,0,0,0,0,0,0,0,0,0,0,0,0,0,0,0,0,0,0
3530374076544,12.45942,1788965069287110765,,0,0,0,0,0,0,0,0,0,0,0,0,0,0,0,0,0,0,0
3530394078880,12.479422,1788965069307110425,,0,0,0,0,0,0,0,0,0,0,0,0,0,0,0,0,0,0,0
3530414043040,12.499386,1788965069327110548,,0,0,0,0,0,0,0,0,0,0,0,0,0,0,0,0,0,0,0
3530434027488,12.519371,1788965069347110271,,0,0,0,0,0,0,0,0,0,0,0,0,0,0,0,0,0,0,0
3530454065184,12.539408,1788965069367111316,,0,0,0,0,0,0,0,0,0,0,0,0,0,0,0,0,0,0,0
3530474059296,12.559402,1788965069387110909,,0,0,0,0,0,0,0,0,0,0,0,0,0,0,0,0,0,0,0
3530494095456,12.579439,1788965069407110534,,0,0,0,0,0,0,0,0,0,0,0,0,0,0,0,0,0,0,0
3530514054816,12.599398,1788965069427110408,,0,0,0,0,0,0,0,0,0,0,0,0,0,0,0,0,0,0,0
3530534027360,12.619371,1788965069447110423,,0,0,0,0,0,0,0,0,0,0,0,0,0,0,0,0,0,0,0
3530553996800,12.63934,1788965069467112114,,0,0,0,0,0,0,0,0,0,0,0,0,0,0,0,0,0,0,0
3530574079648,12.659423,1788965069487110771,,0,0,0,0,0,0,0,0,0,0,0,0,0,0,0,0,0,0,0
3530594048832,12.679392,1788965069507110865,,0,0,0,0,0,0,0,0,0,0,0,0,0,0,0,0,0,0,0
3530614141952,12.699485,1788965069527110934,,0,0,0,0,0,0,0,0,0,0,0,0,0,0,0,0,0,0,0
3530634080128,12.719423,1788965069547110710,,0,0,0,0,0,0,0,0,0,0,0,0,0,0,0,0,0,0,0
3530654034560,12.739378,1788965069567111184,,0,0,0,0,0,0,0,0,0,0,0,0,0,0,0,0,0,0,0
3530674048800,12.759392,1788965069587110471,,0,0,0,0,0,0,0,0,0,0,0,0,0,0,0,0,0,0,0
3530694055392,12.779399,1788965069607110512,,0,0,0,0,0,0,0,0,0,0,0,0,0,0,0,0,0,0,0
3530714055104,12.799398,1788965069627110771,,0,0,0,0,0,0,0,0,0,0,0,0,0,0,0,0,0,0,0
3530734071712,12.819415,1788965069647111238,,0,0,0,0,0,0,0,0,0,0,0,0,0,0,0,0,0,0,0
3530753957600,12.839301,1788965069667111157,,0,0,0,0,0,0,0,0,0,0,0,0,0,0,0,0,0,0,0
3530774065568,12.859409,1788965069687110698,,0,0,0,0,0,0,0,0,0,0,0,0,0,0,0,0,0,0,0
3530794067424,12.879411,1788965069707110456,,0,0,0,0,0,0,0,0,0,0,0,0,0,0,0,0,0,0,0
3530814051072,12.899394,1788965069727110718,,0,0,0,0,0,0,0,0,0,0,0,0,0,0,0,0,0,0,0
3530834028352,12.919372,1788965069747110501,,0,0,0,0,0,0,0,0,0,0,0,0,0,0,0,0,0,0,0
3530854074144,12.939417,1788965069767110559,,0,0,0,0,0,0,0,0,0,0,0,0,0,0,0,0,0,0,0
3530874060672,12.959404,1788965069787110855,,0,0,0,0,0,0,0,0,0,0,0,0,0,0,0,0,0,0,0
3530894033760,12.979377,1788965069807110722,,0,0,0,0,0,0,0,0,0,0,0,0,0,0,0,0,0,0,0
3530914082752,12.999426,1788965069827118266,,0,0,0,0,0,0,0,0,0,0,0,0,0,0,0,0,0,0,0
3530934017856,13.019361,1788965069847110913,,0,0,0,0,0,0,0,0,0,0,0,0,0,0,0,0,0,0,0
3530953950080,13.039293,1788965069867110494,,0,0,0,0,0,0,0,0,0,0,0,0,0,0,0,0,0,0,0
3530974073728,13.059417,1788965069887110669,,0,0,0,0,0,0,0,0,0,0,0,0,0,0,0,0,0,0,0
3530994081408,13.079425,1788965069907110923,,0,0,0,0,0,0,0,0,0,0,0,0,0,0,0,0,0,0,0
3531014040160,13.099383,1788965069927111316,,0,0,0,0,0,0,0,0,0,0,0,0,0,0,0,0,0,0,0
3531034067136,13.11941,1788965069947113825,,0,0,0,0,0,0,0,0,0,0,0,0,0,0,0,0,0,0,0
3531054022208,13.139365,1788965069967110456,,0,0,0,0,0,0,0,0,0,0,0,0,0,0,0,0,0,0,0
3531074060704,13.159404,1788965069987110594,,0,0,0,0,0,0,0,0,0,0,0,0,0,0,0,0,0,0,0
3531094035680,13.179379,1788965070007110603,,0,0,0,0,0,0,0,0,0,0,0,0,0,0,0,0,0,0,0
3531114014848,13.199358,1788965070027111127,,0,0,0,0,0,0,0,0,0,0,0,0,0,0,0,0,0,0,0
3531134036896,13.21938,1788965070047110315,,0,0,0,0,0,0,0,0,0,0,0,0,0,0,0,0,0,0,0
3531154005184,13.239348,1788965070067129400,,0,0,0,0,0,0,0,0,0,0,0,0,0,0,0,0,0,0,0
3531174034912,13.259378,1788965070087110393,,0,0,0,0,0,0,0,0,0,0,0,0,0,0,0,0,0,0,0
3531194061920,13.279405,1788965070107112821,,0,0,0,0,0,0,0,0,0,0,0,0,0,0,0,0,0,0,0
3531214003264,13.299346,1788965070127110683,,0,0,0,0,0,0,0,0,0,0,0,0,0,0,0,0,0,0,0
3531234033504,13.319377,1788965070147111200,,0,0,0,0,0,0,0,0,0,0,0,0,0,0,0,0,0,0,0
3531254039136,13.339382,1788965070167111018,,0,0,0,0,0,0,0,0,0,0,0,0,0,0,0,0,0,0,0
3531274038336,13.359382,1788965070187110915,,0,0,0,0,0,0,0,0,0,0,0,0,0,0,0,0,0,0,0
3531294019872,13.379363,1788965070207110117,,0,0,0,0,0,0,0,0,0,0,0,0,0,0,0,0,0,0,0
3531314022656,13.399366,1788965070227110493,,0,0,0,0,0,0,0,0,0,0,0,0,0,0,0,0,0,0,0
3531333998560,13.419342,1788965070247110335,,0,0,0,0,0,0,0,0,0,0,0,0,0,0,0,0,0,0,0
3531353889120,13.439232,1788965070267111382,,0,0,0,0,0,0,0,0,0,0,0,0,0,0,0,0,0,0,0
3531373999872,13.459343,1788965070287110438,,0,0,0,0,0,0,0,0,0,0,0,0,0,0,0,0,0,0,0
3531394029824,13.479373,1788965070307110961,,0,0,0,0,0,0,0,0,0,0,0,0,0,0,0,0,0,0,0
3531414020736,13.499364,1788965070327110645,,0,0,0,0,0,0,0,0,0,0,0,0,0,0,0,0,0,0,0
3531434001632,13.519345,1788965070347110528,,0,0,0,0,0,0,0,0,0,0,0,0,0,0,0,0,0,0,0
3531453990784,13.539334,1788965070367110935,,0,0,0,0,0,0,0,0,0,0,0,0,0,0,0,0,0,0,0
3531474069248,13.559412,1788965070387110776,,0,0,0,0,0,0,0,0,0,0,0,0,0,0,0,0,0,0,0
3531494027840,13.579371,1788965070407110869,,0,0,0,0,0,0,0,0,0,0,0,0,0,0,0,0,0,0,0
3531513994528,13.599338,1788965070427110404,,0,0,0,0,0,0,0,0,0,0,0,0,0,0,0,0,0,0,0
3531534053824,13.619397,1788965070447110785,,0,0,0,0,0,0,0,0,0,0,0,0,0,0,0,0,0,0,0
3531553903104,13.639246,1788965070467110799,,0,0,0,0,0,0,0,0,0,0,0,0,0,0,0,0,0,0,0
3531573978848,13.659322,1788965070487110821,,0,0,0,0,0,0,0,0,0,0,0,0,0,0,0,0,0,0,0
3531594036096,13.679379,1788965070507110785,,0,0,0,0,0,0,0,0,0,0,0,0,0,0,0,0,0,0,0
3531614041888,13.699385,1788965070527110485,,0,0,0,0,0,0,0,0,0,0,0,0,0,0,0,0,0,0,0
3531634010752,13.719354,1788965070547110413,,0,0,0,0,0,0,0,0,0,0,0,0,0,0,0,0,0,0,0
3531654025472,13.739369,1788965070567110656,,0,0,0,0,0,0,0,0,0,0,0,0,0,0,0,0,0,0,0
3531674032128,13.759375,1788965070587110566,,0,0,0,0,0,0,0,0,0,0,0,0,0,0,0,0,0,0,0
3531694010080,13.779353,1788965070607110252,,0,0,0,0,0,0,0,0,0,0,0,0,0,0,0,0,0,0,0
3531714017760,13.799361,1788965070627110895,,0,0,0,0,0,0,0,0,0,0,0,0,0,0,0,0,0,0,0
3531734032224,13.819375,1788965070647111593,,0,0,0,0,0,0,0,0,0,0,0,0,0,0,0,0,0,0,0
3531753873536,13.839217,1788965070667111008,,0,0,0,0,0,0,0,0,0,0,0,0,0,0,0,0,0,0,0
3531774006880,13.85935,1788965070687110534,,0,0,0,0,0,0,0,0,0,0,0,0,0,0,0,0,0,0,0
3531793991360,13.879335,1788965070707110243,,0,0,0,0,0,0,0,0,0,0,0,0,0,0,0,0,0,0,0
3531814009856,13.899353,1788965070727110176,,0,0,0,0,0,0,0,0,0,0,0,0,0,0,0,0,0,0,0
3531834011520,13.919355,1788965070747110578,,0,0,0,0,0,0,0,0,0,0,0,0,0,0,0,0,0,0,0
3531853989568,13.939333,1788965070767110744,,0,0,0,0,0,0,0,0,0,0,0,0,0,0,0,0,0,0,0
3531873998944,13.959342,1788965070787110744,,0,0,0,0,0,0,0,0,0,0,0,0,0,0,0,0,0,0,0
3531894028192,13.979371,1788965070807110796,,0,0,0,0,0,0,0,0,0,0,0,0,0,0,0,0,0,0,0
3531914012000,13.999355,1788965070827110678,,0,0,0,0,0,0,0,0,0,0,0,0,0,0,0,0,0,0,0
3531934020000,14.019363,1788965070847110829,,0,0,0,0,0,0,0,0,0,0,0,0,0,0,0,0,0,0,0
3531953985824,14.039329,1788965070867110791,,0,0,0,0,0,0,0,0,0,0,0,0,0,0,0,0,0,0,0
3531973986304,14.05933,1788965070887110424,,0,0,0,0,0,0,0,0,0,0,0,0,0,0,0,0,0,0,0
3531994015008,14.079358,1788965070907111185,,0,0,0,0,0,0,0,0,0,0,0,0,0,0,0,0,0,0,0
3532014004288,14.099347,1788965070927110871,,0,0,0,0,0,0,0,0,0,0,0,0,0,0,0,0,0,0,0
3532033960128,14.119303,1788965070947110688,,0,0,0,0,0,0,0,0,0,0,0,0,0,0,0,0,0,0,0
3532054043168,14.139386,1788965070967110499,,0,0,0,0,0,0,0,0,0,0,0,0,0,0,0,0,0,0,0
3532074005088,14.159348,1788965070987110598,,0,0,0,0,0,0,0,0,0,0,0,0,0,0,0,0,0,0,0
3532093986496,14.17933,1788965071007110297,,0,0,0,0,0,0,0,0,0,0,0,0,0,0,0,0,0,0,0
3532114019168,14.199362,1788965071027110060,,0,0,0,0,0,0,0,0,0,0,0,0,0,0,0,0,0,0,0
3532133991616,14.219335,1788965071047110488,,0,0,0,0,0,0,0,0,0,0,0,0,0,0,0,0,0,0,0
3532153852736,14.239196,1788965071067110317,,0,0,0,0,0,0,0,0,0,0,0,0,0,0,0,0,0,0,0
3532174009408,14.259353,1788965071087110177,,0,0,0,0,0,0,0,0,0,0,0,0,0,0,0,0,0,0,0
3532193985056,14.279328,1788965071107110136,,0,0,0,0,0,0,0,0,0,0,0,0,0,0,0,0,0,0,0
3532213974112,14.299317,1788965071127110691,,0,0,0,0,0,0,0,0,0,0,0,0,0,0,0,0,0,0,0
3532234010784,14.319354,1788965071147111123,,0,0,0,0,0,0,0,0,0,0,0,0,0,0,0,0,0,0,0
3532253984896,14.339328,1788965071167112875,,0,0,0,0,0,0,0,0,0,0,0,0,0,0,0,0,0,0,0
3532273987616,14.359331,1788965071187110693,,0,0,0,0,0,0,0,0,0,0,0,0,0,0,0,0,0,0,0
3532293990144,14.379333,1788965071207110404,,0,0,0,0,0,0,0,0,0,0,0,0,0,0,0,0,0,0,0
3532313975776,14.399319,1788965071227110743,,0,0,0,0,0,0,0,0,0,0,0,0,0,0,0,0,0,0,0
3532333949536,14.419293,1788965071247110925,,0,0,0,0,0,0,0,0,0,0,0,0,0,0,0,0,0,0,0
3532353839136,14.439182,1788965071267110876,,0,0,0,0,0,0,0,0,0,0,0,0,0,0,0,0,0,0,0
3532373933600,14.459277,1788965071287110383,,0,0,0,0,0,0,0,0,0,0,0,0,0,0,0,0,0,0,0
3532393968288,14.479311,1788965071307110633,,0,0,0,0,0,0,0,0,0,0,0,0,0,0,0,0,0,0,0
3532414044896,14.499388,1788965071327110451,,0,0,0,0,0,0,0,0,0,0,0,0,0,0,0,0,0,0,0
3532433942880,14.519286,1788965071347110368,,0,0,0,0,0,0,0,0,0,0,0,0,0,0,0,0,0,0,0
3532453986464,14.53933,1788965071367110529,,0,0,0,0,0,0,0,0,0,0,0,0,0,0,0,0,0,0,0
3532474099808,14.559443,1788965071387110839,,0,0,0,0,0,0,0,0,0,0,0,0,0,0,0,0,0,0,0
3532493968096,14.579311,1788965071407110540,,0,0,0,0,0,0,0,0,0,0,0,0,0,0,0,0,0,0,0
3532514036672,14.59938,1788965071427111311,,0,0,0,0,0,0,0,0,0,0,0,0,0,0,0,0,0,0,0
3532533969536,14.619313,1788965071447110603,,0,0,0,0,0,0,0,0,0,0,0,0,0,0,0,0,0,0,0
3532553886688,14.63923,1788965071467110826,,0,0,0,0,0,0,0,0,0,0,0,0,0,0,0,0,0,0,0
3532573984768,14.659328,1788965071487110948,,0,0,0,0,0,0,0,0,0,0,0,0,0,0,0,0,0,0,0
3532593954464,14.679298,1788965071507110261,,0,0,0,0,0,0,0,0,0,0,0,0,0,0,0,0,0,0,0
3532613943936,14.699287,1788965071527114010,,0,0,0,0,0,0,0,0,0,0,0,0,0,0,0,0,0,0,0
3532633984320,14.719328,1788965071547110329,,0,0,0,0,0,0,0,0,0,0,0,0,0,0,0,0,0,0,0
3532653926016,14.739269,1788965071567110972,,0,0,0,0,0,0,0,0,0,0,0,0,0,0,0,0,0,0,0
3532673943648,14.759287,1788965071587110530,,0,0,0,0,0,0,0,0,0,0,0,0,0,0,0,0,0,0,0
3532693972928,14.779316,1788965071607110567,,0,0,0,0,0,0,0,0,0,0,0,0,0,0,0,0,0,0,0
3532714029152,14.799372,1788965071627110507,,0,0,0,0,0,0,0,0,0,0,0,0,0,0,0,0,0,0,0
3532733910272,14.819253,1788965071647111382,,0,0,0,0,0,0,0,0,0,0,0,0,0,0,0,0,0,0,0
3532753894784,14.839238,1788965071667110387,,0,0,0,0,0,0,0,0,0,0,0,0,0,0,0,0,0,0,0
3532773925120,14.859268,1788965071687110283,,0,0,0,0,0,0,0,0,0,0,0,0,0,0,0,0,0,0,0
3532793940704,14.879284,1788965071707110972,,0,0,0,0,0,0,0,0,0,0,0,0,0,0,0,0,0,0,0
3532813940992,14.899284,1788965071727110931,,0,0,0,0,0,0,0,0,0,0,0,0,0,0,0,0,0,0,0
3532833931040,14.919274,1788965071747110277,,0,0,0,0,0,0,0,0,0,0,0,0,0,0,0,0,0,0,0
3532853949152,14.939292,1788965071767110842,,0,0,0,0,0,0,0,0,0,0,0,0,0,0,0,0,0,0,0
3532873928992,14.959272,1788965071787110528,,0,0,0,0,0,0,0,0,0,0,0,0,0,0,0,0,0,0,0
3532893969280,14.979312,1788965071807110792,,0,0,0,0,0,0,0,0,0,0,0,0,0,0,0,0,0,0,0
3532914000256,14.999343,1788965071827110625,,0,0,0,0,0,0,0,0,0,0,0,0,0,0,0,0,0,0,0
3532933951168,15.019294,1788965071847110252,,0,0,0,0,0,0,0,0,0,0,0,0,0,0,0,0,0,0,0
3532953807936,15.039151,1788965071867110163,,0,0,0,0,0,0,0,0,0,0,0,0,0,0,0,0,0,0,0
3532973975200,15.059318,1788965071887110698,,0,0,0,0,0,0,0,0,0,0,0,0,0,0,0,0,0,0,0
3532993939712,15.079283,1788965071907114190,,0,0,0,0,0,0,0,0,0,0,0,0,0,0,0,0,0,0,0
3533013954720,15.099298,1788965071927110611,,0,0,0,0,0,0,0,0,0,0,0,0,0,0,0,0,0,0,0
3533033950016,15.119293,1788965071947110662,,0,0,0,0,0,0,0,0,0,0,0,0,0,0,0,0,0,0,0
3533053933664,15.139277,1788965071967110684,,0,0,0,0,0,0,0,0,0,0,0,0,0,0,0,0,0,0,0
3533073958304,15.159302,1788965071987110952,,0,0,0,0,0,0,0,0,0,0,0,0,0,0,0,0,0,0,0
3533093969856,15.179313,1788965072007110806,,0,0,0,0,0,0,0,0,0,0,0,0,0,0,0,0,0,0,0
3533113938048,15.199281,1788965072027110769,,0,0,0,0,0,0,0,0,0,0,0,0,0,0,0,0,0,0,0
3533133932768,15.219276,1788965072047110566,,0,0,0,0,0,0,0,0,0,0,0,0,0,0,0,0,0,0,0
3533153860512,15.239204,1788965072067110901,,0,0,0,0,0,0,0,0,0,0,0,0,0,0,0,0,0,0,0
3533173916480,15.25926,1788965072087110730,,0,0,0,0,0,0,0,0,0,0,0,0,0,0,0,0,0,0,0
3533193915776,15.279259,1788965072107110055,,0,0,0,0,0,0,0,0,0,0,0,0,0,0,0,0,0,0,0
3533213932672,15.299276,1788965072127110874,,0,0,0,0,0,0,0,0,0,0,0,0,0,0,0,0,0,0,0
3533233967968,15.319311,1788965072147110869,,0,0,0,0,0,0,0,0,0,0,0,0,0,0,0,0,0,0,0
3533253923872,15.339267,1788965072167109998,,0,0,0,0,0,0,0,0,0,0,0,0,0,0,0,0,0,0,0
3533274084480,15.359428,1788965072187110050,,0,0,0,0,0,0,0,0,0,0,0,0,0,0,0,0,0,0,0
3533293889728,15.379233,1788965072207116941,,0,0,0,0,0,0,0,0,0,0,0,0,0,0,0,0,0,0,0
3533314011744,15.399355,1788965072227111661,,0,0,0,0,0,0,0,0,0,0,0,0,0,0,0,0,0,0,0
3533333916864,15.41926,1788965072247112716,,0,0,0,0,0,0,0,0,0,0,0,0,0,0,0,0,0,0,0
3533353817376,15.439161,1788965072267111041,,0,0,0,0,0,0,0,0,0,0,0,0,0,0,0,0,0,0,0
3533373931616,15.459275,1788965072287110863,,0,0,0,0,0,0,0,0,0,0,0,0,0,0,0,0,0,0,0
3533393946752,15.47929,1788965072307110621,,0,0,0,0,0,0,0,0,0,0,0,0,0,0,0,0,0,0,0
3533413895232,15.499238,1788965072327110812,,0,0,0,0,0,0,0,0,0,0,0,0,0,0,0,0,0,0,0
3533433959776,15.519303,1788965072347110756,,0,0,0,0,0,0,0,0,0,0,0,0,0,0,0,0,0,0,0
3533453895936,15.539239,1788965072367110642,,0,0,0,0,0,0,0,0,0,0,0,0,0,0,0,0,0,0,0
3533473908256,15.559251,1788965072387111237,,0,0,0,0,0,0,0,0,0,0,0,0,0,0,0,0,0,0,0
3533493946400,15.57929,1788965072407110764,,0,0,0,0,0,0,0,0,0,0,0,0,0,0,0,0,0,0,0
3533513898944,15.599242,1788965072427110283,,0,0,0,0,0,0,0,0,0,0,0,0,0,0,0,0,0,0,0
3533533881344,15.619225,1788965072447110348,,0,0,0,0,0,0,0,0,0,0,0,0,0,0,0,0,0,0,0
3533553801600,15.639145,1788965072467110352,,0,0,0,0,0,0,0,0,0,0,0,0,0,0,0,0,0,0,0
3533573901408,15.659245,1788965072487110556,,0,0,0,0,0,0,0,0,0,0,0,0,0,0,0,0,0,0,0
3533593910816,15.679254,1788965072507110847,,0,0,0,0,0,0,0,0,0,0,0,0,0,0,0,0,0,0,0
3533613924000,15.699267,1788965072527110643,,0,0,0,0,0,0,0,0,0,0,0,0,0,0,0,0,0,0,0
3533633910368,15.719254,1788965072547110466,,0,0,0,0,0,0,0,0,0,0,0,0,0,0,0,0,0,0,0
3533653917952,15.739261,1788965072567110603,,0,0,0,0,0,0,0,0,0,0,0,0,0,0,0,0,0,0,0
3533673898816,15.759242,1788965072587110796,,0,0,0,0,0,0,0,0,0,0,0,0,0,0,0,0,0,0,0
3533693939168,15.779282,1788965072607111125,,0,0,0,0,0,0,0,0,0,0,0,0,0,0,0,0,0,0,0
3533713895040,15.799238,1788965072627110549,,0,0,0,0,0,0,0,0,0,0,0,0,0,0,0,0,0,0,0
3533733931616,15.819275,1788965072647111229,,0,0,0,0,0,0,0,0,0,0,0,0,0,0,0,0,0,0,0
3533753789184,15.839132,1788965072667110443,,0,0,0,0,0,0,0,0,0,0,0,0,0,0,0,0,0,0,0
3533773894336,15.859238,1788965072687113981,,0,0,0,0,0,0,0,0,0,0,0,0,0,0,0,0,0,0,0
3533793972256,15.879315,1788965072707110328,,0,0,0,0,0,0,0,0,0,0,0,0,0,0,0,0,0,0,0
3533813899424,15.899243,1788965072727110871,,0,0,0,0,0,0,0,0,0,0,0,0,0,0,0,0,0,0,0
3533833949792,15.919293,1788965072747111436,,0,0,0,0,0,0,0,0,0,0,0,0,0,0,0,0,0,0,0
3533853908160,15.939251,1788965072767110721,,0,0,0,0,0,0,0,0,0,0,0,0,0,0,0,0,0,0,0
3533873896384,15.95924,1788965072787110586,,0,0,0,0,0,0,0,0,0,0,0,0,0,0,0,0,0,0,0
3533893938304,15.979282,1788965072807110164,,0,0,0,0,0,0,0,0,0,0,0,0,0,0,0,0,0,0,0
3533913906240,15.999249,1788965072827110952,,0,0,0,0,0,0,0,0,0,0,0,0,0,0,0,0,0,0,0
3533933885184,16.019228,1788965072847110356,,0,0,0,0,0,0,0,0,0,0,0,0,0,0,0,0,0,0,0
3533953834848,16.039178,1788965072867110068,,0,0,0,0,0,0,0,0,0,0,0,0,0,0,0,0,0,0,0
3533973901536,16.059245,1788965072887110043,,0,0,0,0,0,0,0,0,0,0,0,0,0,0,0,0,0,0,0
3533993885376,16.079229,1788965072907110648,,0,0,0,0,0,0,0,0,0,0,0,0,0,0,0,0,0,0,0
3534013894560,16.099238,1788965072927111166,,0,0,0,0,0,0,0,0,0,0,0,0,0,0,0,0,0,0,0
3534033879264,16.119222,1788965072947110701,,0,0,0,0,0,0,0,0,0,0,0,0,0,0,0,0,0,0,0
3534053886304,16.13923,1788965072967111196,,0,0,0,0,0,0,0,0,0,0,0,0,0,0,0,0,0,0,0
3534073909632,16.159253,1788965072987124960,,0,0,0,0,0,0,0,0,0,0,0,0,0,0,0,0,0,0,0
3534093914048,16.179257,1788965073007110522,,0,0,0,0,0,0,0,0,0,0,0,0,0,0,0,0,0,0,0
3534113878368,16.199222,1788965073027110362,,0,0,0,0,0,0,0,0,0,0,0,0,0,0,0,0,0,0,0
3534133866784,16.21921,1788965073047124652,,0,0,0,0,0,0,0,0,0,0,0,0,0,0,0,0,0,0,0
3534153824992,16.239168,1788965073067111294,,0,0,0,0,0,0,0,0,0,0,0,0,0,0,0,0,0,0,0
3534173869920,16.259213,1788965073087110685,,0,0,0,0,0,0,0,0,0,0,0,0,0,0,0,0,0,0,0
3534193898976,16.279242,1788965073107112146,,0,0,0,0,0,0,0,0,0,0,0,0,0,0,0,0,0,0,0
3534213890080,16.299233,1788965073127110792,,0,0,0,0,0,0,0,0,0,0,0,0,0,0,0,0,0,0,0
3534233928256,16.319271,1788965073147112158,,0,0,0,0,0,0,0,0,0,0,0,0,0,0,0,0,0,0,0
3534253876736,16.33922,1788965073167111282,,0,0,0,0,0,0,0,0,0,0,0,0,0,0,0,0,0,0,0
3534273860352,16.359204,1788965073187110815,,0,0,0,0,0,0,0,0,0,0,0,0,0,0,0,0,0,0,0
3534293911488,16.379255,1788965073207110470,,0,0,0,0,0,0,0,0,0,0,0,0,0,0,0,0,0,0,0
3534313892128,16.399235,1788965073227110431,,0,0,0,0,0,0,0,0,0,0,0,0,0,0,0,0,0,0,0
3534333879552,16.419223,1788965073247110421,,0,0,0,0,0,0,0,0,0,0,0,0,0,0,0,0,0,0,0
3534353811744,16.439155,1788965073267118636,,0,0,0,0,0,0,0,0,0,0,0,0,0,0,0,0,0,0,0
3534373855232,16.459198,1788965073287110769,,0,0,0,0,0,0,0,0,0,0,0,0,0,0,0,0,0,0,0
3534393865312,16.479209,1788965073307110603,,0,0,0,0,0,0,0,0,0,0,0,0,0,0,0,0,0,0,0
3534413876288,16.499219,1788965073327111701,,0,0,0,0,0,0,0,0,0,0,0,0,0,0,0,0,0,0,0
3534433851296,16.519194,1788965073347111022,,0,0,0,0,0,0,0,0,0,0,0,0,0,0,0,0,0,0,0
3534453847360,16.539191,1788965073367110729,,0,0,0,0,0,0,0,0,0,0,0,0,0,0,0,0,0,0,0
3534473857760,16.559201,1788965073387110869,,0,0,0,0,0,0,0,0,0,0,0,0,0,0,0,0,0,0,0
3534493889120,16.579232,1788965073407110772,,0,0,0,0,0,0,0,0,0,0,0,0,0,0,0,0,0,0,0
3534513854272,16.599197,1788965073427110433,,0,0,0,0,0,0,0,0,0,0,0,0,0,0,0,0,0,0,0
3534533876960,16.61922,1788965073447110453,,0,0,0,0,0,0,0,0,0,0,0,0,0,0,0,0,0,0,0
3534553820032,16.639163,1788965073467110481,,0,0,0,0,0,0,0,0,0,0,0,0,0,0,0,0,0,0,0
3534573856448,16.6592,1788965073487110578,,0,0,0,0,0,0,0,0,0,0,0,0,0,0,0,0,0,0,0
3534593880640,16.679224,1788965073507111404,,0,0,0,0,0,0,0,0,0,0,0,0,0,0,0,0,0,0,0
3534613851872,16.699195,1788965073527110754,,0,0,0,0,0,0,0,0,0,0,0,0,0,0,0,0,0,0,0
3534633832544,16.719176,1788965073547110348,,0,0,0,0,0,0,0,0,0,0,0,0,0,0,0,0,0,0,0
3534653863488,16.739207,1788965073567110633,,0,0,0,0,0,0,0,0,0,0,0,0,0,0,0,0,0,0,0
3534673846432,16.75919,1788965073587110504,,0,0,0,0,0,0,0,0,0,0,0,0,0,0,0,0,0,0,0
3534693999392,16.779343,1788965073607110690,,0,0,0,0,0,0,0,0,0,0,0,0,0,0,0,0,0,0,0
3534713872672,16.799216,1788965073627111075,,0,0,0,0,0,0,0,0,0,0,0,0,0,0,0,0,0,0,0
3534733841568,16.819185,1788965073647112151,,0,0,0,0,0,0,0,0,0,0,0,0,0,0,0,0,0,0,0
3534753758336,16.839102,1788965073667110373,,0,0,0,0,0,0,0,0,0,0,0,0,0,0,0,0,0,0,0
3534773852160,16.859195,1788965073687110386,,0,0,0,0,0,0,0,0,0,0,0,0,0,0,0,0,0,0,0
3534793839264,16.879182,1788965073707110767,,0,0,0,0,0,0,0,0,0,0,0,0,0,0,0,0,0,0,0
3534814015968,16.899359,1788965073727110980,,0,0,0,0,0,0,0,0,0,0,0,0,0,0,0,0,0,0,0
3534833846464,16.91919,1788965073747110769,,0,0,0,0,0,0,0,0,0,0,0,0,0,0,0,0,0,0,0
3534853842944,16.939186,1788965073767110571,,0,0,0,0,0,0,0,0,0,0,0,0,0,0,0,0,0,0,0
3534873860544,16.959204,1788965073787110745,,0,0,0,0,0,0,0,0,0,0,0,0,0,0,0,0,0,0,0
3534893860288,16.979203,1788965073807110717,,0,0,0,0,0,0,0,0,0,0,0,0,0,0,0,0,0,0,0
3534913854368,16.999198,1788965073827112846,,0,0,0,0,0,0,0,0,0,0,0,0,0,0,0,0,0,0,0
3534933858240,17.019201,1788965073847111240,,0,0,0,0,0,0,0,0,0,0,0,0,0,0,0,0,0,0,0
3534953895520,17.039239,1788965073867110897,,0,0,0,0,0,0,0,0,0,0,0,0,0,0,0,0,0,0,0
3534973827136,17.05917,1788965073887110949,,0,0,0,0,0,0,0,0,0,0,0,0,0,0,0,0,0,0,0
3534993859712,17.079203,1788965073907110963,,0,0,0,0,0,0,0,0,0,0,0,0,0,0,0,0,0,0,0
3535013844224,17.099187,1788965073927110897,,0,0,0,0,0,0,0,0,0,0,0,0,0,0,0,0,0,0,0
3535033846432,17.11919,1788965073947110499,,0,0,0,0,0,0,0,0,0,0,0,0,0,0,0,0,0,0,0
3535053850080,17.139193,1788965073967110206,,0,0,0,0,0,0,0,0,0,0,0,0,0,0,0,0,0,0,0
3535073915168,17.159258,1788965073987110683,,0,0,0,0,0,0,0,0,0,0,0,0,0,0,0,0,0,0,0
3535093824288,17.179167,1788965074007110429,,0,0,0,0,0,0,0,0,0,0,0,0,0,0,0,0,0,0,0
3535113870592,17.199214,1788965074027110537,,0,0,0,0,0,0,0,0,0,0,0,0,0,0,0,0,0,0,0
3535133827712,17.219171,1788965074047110251,,0,0,0,0,0,0,0,0,0,0,0,0,0,0,0,0,0,0,0
3535153717888,17.239061,1788965074067110680,,0,0,0,0,0,0,0,0,0,0,0,0,0,0,0,0,0,0,0
3535173847136,17.25919,1788965074087110279,,0,0,0,0,0,0,0,0,0,0,0,0,0,0,0,0,0,0,0
3535193834592,17.279178,1788965074107111154,,0,0,0,0,0,0,0,0,0,0,0,0,0,0,0,0,0,0,0
3535213853728,17.299197,1788965074127110714,,0,0,0,0,0,0,0,0,0,0,0,0,0,0,0,0,0,0,0
3535233846848,17.31919,1788965074147119402,,0,0,0,0,0,0,0,0,0,0,0,0,0,0,0,0,0,0,0
3535253830912,17.339174,1788965074167110650,,0,0,0,0,0,0,0,0,0,0,0,0,0,0,0,0,0,0,0
3535273915776,17.359259,1788965074187111175,,0,0,0,0,0,0,0,0,0,0,0,0,0,0,0,0,0,0,0
3535293812512,17.379156,1788965074207124480,,0,0,0,0,0,0,0,0,0,0,0,0,0,0,0,0,0,0,0
3535313865824,17.399209,1788965074227110431,,0,0,0,0,0,0,0,0,0,0,0,0,0,0,0,0,0,0,0
3535333874816,17.419218,1788965074247110333,,0,0,0,0,0,0,0,0,0,0,0,0,0,0,0,0,0,0,0
3535353712064,17.439055,1788965074267110888,,0,0,0,0,0,0,0,0,0,0,0,0,0,0,0,0,0,0,0
3535373822944,17.459166,1788965074287110089,,0,0,0,0,0,0,0,0,0,0,0,0,0,0,0,0,0,0,0
3535393847264,17.47919,1788965074307110299,,0,0,0,0,0,0,0,0,0,0,0,0,0,0,0,0,0,0,0
3535413858688,17.499202,1788965074327110532,,0,0,0,0,0,0,0,0,0,0,0,0,0,0,0,0,0,0,0
3535433818816,17.519162,1788965074347110509,,0,0,0,0,0,0,0,0,0,0,0,0,0,0,0,0,0,0,0
3535453844832,17.539188,1788965074367111523,,0,0,0,0,0,0,0,0,0,0,0,0,0,0,0,0,0,0,0
3535473828960,17.559172,1788965074387120262,,0,0,0,0,0,0,0,0,0,0,0,0,0,0,0,0,0,0,0
3535493874304,17.579218,1788965074407110528,,0,0,0,0,0,0,0,0,0,0,0,0,0,0,0,0,0,0,0
3535513839936,17.599183,1788965074427110932,,0,0,0,0,0,0,0,0,0,0,0,0,0,0,0,0,0,0,0
3535533827552,17.619171,1788965074447110842,,0,0,0,0,0,0,0,0,0,0,0,0,0,0,0,0,0,0,0
3535553694304,17.639038,1788965074467110861,,0,0,0,0,0,0,0,0,0,0,0,0,0,0,0,0,0,0,0
3535573830848,17.659174,1788965074487110531,,0,0,0,0,0,0,0,0,0,0,0,0,0,0,0,0,0,0,0
3535593816960,17.67916,1788965074507110863,,0,0,0,0,0,0,0,0,0,0,0,0,0,0,0,0,0,0,0
3535613836800,17.69918,1788965074527110890,,0,0,0,0,0,0,0,0,0,0,0,0,0,0,0,0,0,0,0
3535633835584,17.719179,1788965074547110509,,0,0,0,0,0,0,0,0,0,0,0,0,0,0,0,0,0,0,0
3535653820832,17.739164,1788965074567110365,,0,0,0,0,0,0,0,0,0,0,0,0,0,0,0,0,0,0,0
3535673860704,17.759204,1788965074587114444,,0,0,0,0,0,0,0,0,0,0,0,0,0,0,0,0,0,0,0
3535693851552,17.779195,1788965074607110747,,0,0,0,0,0,0,0,0,0,0,0,0,0,0,0,0,0,0,0
3535713818880,17.799162,1788965074627111237,,0,0,0,0,0,0,0,0,0,0,0,0,0,0,0,0,0,0,0
3535733856096,17.819199,1788965074647111294,,0,0,0,0,0,0,0,0,0,0,0,0,0,0,0,0,0,0,0
3535753843392,17.839187,1788965074667125705,,0,0,0,0,0,0,0,0,0,0,0,0,0,0,0,0,0,0,0
3535773808096,17.859151,1788965074687110360,,0,0,0,0,0,0,0,0,0,0,0,0,0,0,0,0,0,0,0
3535793794336,17.879138,1788965074707110295,,0,0,0,0,0,0,0,0,0,0,0,0,0,0,0,0,0,0,0
3535813839168,17.899182,1788965074727110629,,0,0,0,0,0,0,0,0,0,0,0,0,0,0,0,0,0,0,0
3535833802464,17.919146,1788965074747111390,,0,0,0,0,0,0,0,0,0,0,0,0,0,0,0,0,0,0,0
3535853816640,17.93916,1788965074767110908,,0,0,0,0,0,0,0,0,0,0,0,0,0,0,0,0,0,0,0
3535873829792,17.959173,1788965074787110796,,0,0,0,0,0,0,0,0,0,0,0,0,0,0,0,0,0,0,0
3535893794752,17.979138,1788965074807110821,,0,0,0,0,0,0,0,0,0,0,0,0,0,0,0,0,0,0,0
3535913827744,17.999171,1788965074827111230,,0,0,0,0,0,0,0,0,0,0,0,0,0,0,0,0,0,0,0
3535933798336,18.019142,1788965074847110786,,0,0,0,0,0,0,0,0,0,0,0,0,0,0,0,0,0,0,0
3535953745088,18.039088,1788965074867112867,,0,0,0,0,0,0,0,0,0,0,0,0,0,0,0,0,0,0,0
3535973789440,18.059133,1788965074887110805,,0,0,0,0,0,0,0,0,0,0,0,0,0,0,0,0,0,0,0
3535993823264,18.079166,1788965074907110706,,0,0,0,0,0,0,0,0,0,0,0,0,0,0,0,0,0,0,0
3536013823648,18.099167,1788965074927110692,,0,0,0,0,0,0,0,0,0,0,0,0,0,0,0,0,0,0,0
3536033829952,18.119173,1788965074947110913,,0,0,0,0,0,0,0,0,0,0,0,0,0,0,0,0,0,0,0
3536053795040,18.139138,1788965074967110692,,0,0,0,0,0,0,0,0,0,0,0,0,0,0,0,0,0,0,0
3536073880800,18.159224,1788965074987110774,,0,0,0,0,0,0,0,0,0,0,0,0,0,0,0,0,0,0,0
3536093805856,18.179149,1788965075007111138,,0,0,0,0,0,0,0,0,0,0,0,0,0,0,0,0,0,0,0
3536113776064,18.199119,1788965075027111160,,0,0,0,0,0,0,0,0,0,0,0,0,0,0,0,0,0,0,0
3536133759168,18.219102,1788965075047110802,,0,0,0,0,0,0,0,0,0,0,0,0,0,0,0,0,0,0,0
3536153706400,18.23905,1788965075067110960,,0,0,0,0,0,0,0,0,0,0,0,0,0,0,0,0,0,0,0
3536173764032,18.259107,1788965075087110456,,0,0,0,0,0,0,0,0,0,0,0,0,0,0,0,0,0,0,0
3536193791744,18.279135,1788965075107111062,,0,0,0,0,0,0,0,0,0,0,0,0,0,0,0,0,0,0,0
3536213770624,18.299114,1788965075127110826,,0,0,0,0,0,0,0,0,0,0,0,0,0,0,0,0,0,0,0
3536233764352,18.319108,1788965075147111236,,0,0,0,0,0,0,0,0,0,0,0,0,0,0,0,0,0,0,0
3536253775200,18.339118,1788965075167110915,,0,0,0,0,0,0,0,0,0,0,0,0,0,0,0,0,0,0,0
3536273780672,18.359124,1788965075187110587,,0,0,0,0,0,0,0,0,0,0,0,0,0,0,0,0,0,0,0
3536293800960,18.379144,1788965075207110841,,0,0,0,0,0,0,0,0,0,0,0,0,0,0,0,0,0,0,0
3536313839328,18.399183,1788965075227110971,,0,0,0,0,0,0,0,0,0,0,0,0,0,0,0,0,0,0,0
3536333831616,18.419175,1788965075247111360,,0,0,0,0,0,0,0,0,0,0,0,0,0,0,0,0,0,0,0
3536353683072,18.439026,1788965075267111327,,0,0,0,0,0,0,0,0,0,0,0,0,0,0,0,0,0,0,0
3536373775712,18.459119,1788965075287110514,,0,0,0,0,0,0,0,0,0,0,0,0,0,0,0,0,0,0,0
3536393784544,18.479128,1788965075307110347,,0,0,0,0,0,0,0,0,0,0,0,0,0,0,0,0,0,0,0
3536413760320,18.499104,1788965075327110300,,0,0,0,0,0,0,0,0,0,0,0,0,0,0,0,0,0,0,0
3536433793856,18.519137,1788965075347124152,,0,0,0,0,0,0,0,0,0,0,0,0,0,0,0,0,0,0,0
3536453773728,18.539117,1788965075367110472,,0,0,0,0,0,0,0,0,0,0,0,0,0,0,0,0,0,0,0
3536473744512,18.559088,1788965075387110515,,0,0,0,0,0,0,0,0,0,0,0,0,0,0,0,0,0,0,0
3536493798912,18.579142,1788965075407115538,,0,0,0,0,0,0,0,0,0,0,0,0,0,0,0,0,0,0,0
3536513776448,18.59912,1788965075427111040,,0,0,0,0,0,0,0,0,0,0,0,0,0,0,0,0,0,0,0
3536533746720,18.61909,1788965075447113664,,0,0,0,0,0,0,0,0,0,0,0,0,0,0,0,0,0,0,0
3536553639904,18.638983,1788965075467110395,,0,0,0,0,0,0,0,0,0,0,0,0,0,0,0,0,0,0,0
3536573770336,18.659114,1788965075487110793,,0,0,0,0,0,0,0,0,0,0,0,0,0,0,0,0,0,0,0
3536593746080,18.679089,1788965075507110891,,0,0,0,0,0,0,0,0,0,0,0,0,0,0,0,0,0,0,0
3536613772192,18.699115,1788965075527111180,,0,0,0,0,0,0,0,0,0,0,0,0,0,0,0,0,0,0,0
3536633747168,18.71909,1788965075547110747,,0,0,0,0,0,0,0,0,0,0,0,0,0,0,0,0,0,0,0
3536653745216,18.739088,1788965075567110942,,0,0,0,0,0,0,0,0,0,0,0,0,0,0,0,0,0,0,0
3536673760160,18.759103,1788965075587111129,,0,0,0,0,0,0,0,0,0,0,0,0,0,0,0,0,0,0,0
3536693766912,18.77911,1788965075607110791,,0,0,0,0,0,0,0,0,0,0,0,0,0,0,0,0,0,0,0
3536713721664,18.799065,1788965075627111277,,0,0,0,0,0,0,0,0,0,0,0,0,0,0,0,0,0,0,0
3536733765440,18.819109,1788965075647111495,,0,0,0,0,0,0,0,0,0,0,0,0,0,0,0,0,0,0,0
3536753667552,18.839011,1788965075667110641,,0,0,0,0,0,0,0,0,0,0,0,0,0,0,0,0,0,0,0
3536773780288,18.859123,1788965075687110443,,0,0,0,0,0,0,0,0,0,0,0,0,0,0,0,0,0,0,0
3536793794816,18.879138,1788965075707113939,,0,0,0,0,0,0,0,0,0,0,0,0,0,0,0,0,0,0,0
3536813755776,18.899099,1788965075727110525,,0,0,0,0,0,0,0,0,0,0,0,0,0,0,0,0,0,0,0
3536833776864,18.91912,1788965075747110727,,0,0,0,0,0,0,0,0,0,0,0,0,0,0,0,0,0,0,0
3536853761408,18.939105,1788965075767110847,,0,0,0,0,0,0,0,0,0,0,0,0,0,0,0,0,0,0,0
3536873759040,18.959102,1788965075787110676,,0,0,0,0,0,0,0,0,0,0,0,0,0,0,0,0,0,0,0
3536893773376,18.979117,1788965075807110799,,0,0,0,0,0,0,0,0,0,0,0,0,0,0,0,0,0,0,0
3536913790592,18.999134,1788965075827110813,,0,0,0,0,0,0,0,0,0,0,0,0,0,0,0,0,0,0,0
3536933732704,19.019076,1788965075847110953,,0,0,0,0,0,0,0,0,0,0,0,0,0,0,0,0,0,0,0
3536953613952,19.038957,1788965075867111081,,0,0,0,0,0,0,0,0,0,0,0,0,0,0,0,0,0,0,0
3536973738432,19.059082,1788965075887110457,,0,0,0,0,0,0,0,0,0,0,0,0,0,0,0,0,0,0,0
3536993731296,19.079074,1788965075907111131,,0,0,0,0,0,0,0,0,0,0,0,0,0,0,0,0,0,0,0
3537013750784,19.099094,1788965075927111063,,0,0,0,0,0,0,0,0,0,0,0,0,0,0,0,0,0,0,0
3537033727168,19.11907,1788965075947110311,,0,0,0,0,0,0,0,0,0,0,0,0,0,0,0,0,0,0,0
3537053735680,19.139079,1788965075967110806,,0,0,0,0,0,0,0,0,0,0,0,0,0,0,0,0,0,0,0
3537073755520,19.159099,1788965075987110585,,0,0,0,0,0,0,0,0,0,0,0,0,0,0,0,0,0,0,0
3537093775936,19.179119,1788965076007110463,,0,0,0,0,0,0,0,0,0,0,0,0,0,0,0,0,0,0,0
3537113741024,19.199084,1788965076027113703,,0,0,0,0,0,0,0,0,0,0,0,0,0,0,0,0,0,0,0
3537133764928,19.219108,1788965076047111357,,0,0,0,0,0,0,0,0,0,0,0,0,0,0,0,0,0,0,0
3537153663488,19.239007,1788965076067110652,,0,0,0,0,0,0,0,0,0,0,0,0,0,0,0,0,0,0,0
3537173749024,19.259092,1788965076087111120,,0,0,0,0,0,0,0,0,0,0,0,0,0,0,0,0,0,0,0
3537193713856,19.279057,1788965076107110949,,0,0,0,0,0,0,0,0,0,0,0,0,0,0,0,0,0,0,0
3537213745312,19.299089,1788965076127110584,,0,0,0,0,0,0,0,0,0,0,0,0,0,0,0,0,0,0,0
3537233740608,19.319084,1788965076147111390,,0,0,0,0,0,0,0,0,0,0,0,0,0,0,0,0,0,0,0
3537253725280,19.339068,1788965076167110364,,0,0,0,0,0,0,0,0,0,0,0,0,0,0,0,0,0,0,0
3537273710784,19.359054,1788965076187110465,,0,0,0,0,0,0,0,0,0,0,0,0,0,0,0,0,0,0,0
3537293740576,19.379084,1788965076207110221,,0,0,0,0,0,0,0,0,0,0,0,0,0,0,0,0,0,0,0
3537313727680,19.399071,1788965076227110287,,0,0,0,0,0,0,0,0,0,0,0,0,0,0,0,0,0,0,0
3537333707744,19.419051,1788965076247111001,,0,0,0,0,0,0,0,0,0,0,0,0,0,0,0,0,0,0,0
3537353656416,19.439,1788965076267110277,,0,0,0,0,0,0,0,0,0,0,0,0,0,0,0,0,0,0,0
3537373740928,19.459084,1788965076287111169,,0,0,0,0,0,0,0,0,0,0,0,0,0,0,0,0,0,0,0
3537393712128,19.479055,1788965076307110817,,0,0,0,0,0,0,0,0,0,0,0,0,0,0,0,0,0,0,0
3537413734304,19.499078,1788965076327110815,,0,0,0,0,0,0,0,0,0,0,0,0,0,0,0,0,0,0,0
3537433707968,19.519051,1788965076347110569,,0,0,0,0,0,0,0,0,0,0,0,0,0,0,0,0,0,0,0
3537453708416,19.539052,1788965076367110616,,0,0,0,0,0,0,0,0,0,0,0,0,0,0,0,0,0,0,0
3537473735072,19.559078,1788965076387110401,,0,0,0,0,0,0,0,0,0,0,0,0,0,0,0,0,0,0,0
3537493768960,19.579112,1788965076407110320,,0,0,0,0,0,0,0,0,0,0,0,0,0,0,0,0,0,0,0
3537513730912,19.599074,1788965076427110473,,0,0,0,0,0,0,0,0,0,0,0,0,0,0,0,0,0,0,0
3537533727168,19.61907,1788965076447110475,,0,0,0,0,0,0,0,0,0,0,0,0,0,0,0,0,0,0,0
3537553598720,19.638942,1788965076467110891,,0,0,0,0,0,0,0,0,0,0,0,0,0,0,0,0,0,0,0
3537573766912,19.65911,1788965076487116724,,0,0,0,0,0,0,0,0,0,0,0,0,0,0,0,0,0,0,0
3537593717952,19.679061,1788965076507118134,,0,0,0,0,0,0,0,0,0,0,0,0,0,0,0,0,0,0,0
3537613721408,19.699065,1788965076527110792,,0,0,0,0,0,0,0,0,0,0,0,0,0,0,0,0,0,0,0
3537633681024,19.719024,1788965076547111034,,0,0,0,0,0,0,0,0,0,0,0,0,0,0,0,0,0,0,0
3537653722240,19.739065,1788965076567110701,,0,0,0,0,0,0,0,0,0,0,0,0,0,0,0,0,0,0,0
3537673712896,19.759056,1788965076587110864,,0,0,0,0,0,0,0,0,0,0,0,0,0,0,0,0,0,0,0
3537693735520,19.779079,1788965076607111625,,0,0,0,0,0,0,0,0,0,0,0,0,0,0,0,0,0,0,0
3537713738592,19.799082,1788965076627111073,,0,0,0,0,0,0,0,0,0,0,0,0,0,0,0,0,0,0,0
3537733716256,19.819059,1788965076647111831,,0,0,0,0,0,0,0,0,0,0,0,0,0,0,0,0,0,0,0
3537753642208,19.838985,1788965076667110854,,0,0,0,0,0,0,0,0,0,0,0,0,0,0,0,0,0,0,0
3537773712096,19.859055,1788965076687110429,,0,0,0,0,0,0,0,0,0,0,0,0,0,0,0,0,0,0,0
3537793690368,19.879034,1788965076707110549,,0,0,0,0,0,0,0,0,0,0,0,0,0,0,0,0,0,0,0
3537813743744,19.899087,1788965076727111001,,0,0,0,0,0,0,0,0,0,0,0,0,0,0,0,0,0,0,0
3537833754272,19.919097,1788965076747110694,,0,0,0,0,0,0,0,0,0,0,0,0,0,0,0,0,0,0,0
3537853691904,19.939035,1788965076767110462,,0,0,0,0,0,0,0,0,0,0,0,0,0,0,0,0,0,0,0
3537873713472,19.959057,1788965076787110559,,0,0,0,0,0,0,0,0,0,0,0,0,0,0,0,0,0,0,0
3537893767392,19.979111,1788965076807110399,,0,0,0,0,0,0,0,0,0,0,0,0,0,0,0,0,0,0,0
3537913731680,19.999075,1788965076827110612,,0,0,0,0,0,0,0,0,0,0,0,0,0,0,0,0,0,0,0
3537933722976,20.019066,1788965076847110921,,0,0,0,0,0,0,0,0,0,0,0,0,0,0,0,0,0,0,0
3537953681408,20.039025,1788965076867110835,,0,0,0,0,0,0,0,0,0,0,0,0,0,0,0,0,0,0,0
3537973685632,20.059029,1788965076887110484,,0,0,0,0,0,0,0,0,0,0,0,0,0,0,0,0,0,0,0
3537993714144,20.079057,1788965076907112075,,0,0,0,0,0,0,0,0,0,0,0,0,0,0,0,0,0,0,0
3538013720960,20.099064,1788965076927110618,,0,0,0,0,0,0,0,0,0,0,0,0,0,0,0,0,0,0,0
3538033691648,20.119035,1788965076947110854,,0,0,0,0,0,0,0,0,0,0,0,0,0,0,0,0,0,0,0
3538053725888,20.139069,1788965076967110986,,0,0,0,0,0,0,0,0,0,0,0,0,0,0,0,0,0,0,0
3538073824672,20.159168,1788965076987110702,,0,0,0,0,0,0,0,0,0,0,0,0,0,0,0,0,0,0,0
3538093715232,20.179058,1788965077007111634,,0,0,0,0,0,0,0,0,0,0,0,0,0,0,0,0,0,0,0
3538113739072,20.199082,1788965077027110802,,0,0,0,0,0,0,0,0,0,0,0,0,0,0,0,0,0,0,0
3538133689088,20.219032,1788965077047110694,,0,0,0,0,0,0,0,0,0,0,0,0,0,0,0,0,0,0,0
3538153605440,20.238949,1788965077067110786,,0,0,0,0,0,0,0,0,0,0,0,0,0,0,0,0,0,0,0
3538173687168,20.25903,1788965077087110171,,0,0,0,0,0,0,0,0,0,0,0,0,0,0,0,0,0,0,0
3538193743712,20.279087,1788965077107110802,,0,0,0,0,0,0,0,0,0,0,0,0,0,0,0,0,0,0,0
3538213739680,20.299083,1788965077127110991,,0,0,0,0,0,0,0,0,0,0,0,0,0,0,0,0,0,0,0
3538233869248,20.319212,1788965077147111331,,0,0,0,0,0,0,0,0,0,0,0,0,0,0,0,0,0,0,0
3538253729376,20.339073,1788965077167110778,,0,0,0,0,0,0,0,0,0,0,0,0,0,0,0,0,0,0,0
3538273779136,20.359122,1788965077187110903,,0,0,0,0,0,0,0,0,0,0,0,0,0,0,0,0,0,0,0
3538293683680,20.379027,1788965077207111087,,0,0,0,0,0,0,0,0,0,0,0,0,0,0,0,0,0,0,0
3538313761088,20.399104,1788965077227111445,,0,0,0,0,0,0,0,0,0,0,0,0,0,0,0,0,0,0,0
3538333671264,20.419014,1788965077247113915,,0,0,0,0,0,0,0,0,0,0,0,0,0,0,0,0,0,0,0
3538353601952,20.438945,1788965077267110653,,0,0,0,0,0,0,0,0,0,0,0,0,0,0,0,0,0,0,0
3538373675264,20.459018,1788965077287110351,,0,0,0,0,0,0,0,0,0,0,0,0,0,0,0,0,0,0,0
3538393717088,20.47906,1788965077307110353,,0,0,0,0,0,0,0,0,0,0,0,0,0,0,0,0,0,0,0
3538413710016,20.499053,1788965077327110874,,0,0,0,0,0,0,0,0,0,0,0,0,0,0,0,0,0,0,0
3538433664832,20.519008,1788965077347110677,,0,0,0,0,0,0,0,0,0,0,0,0,0,0,0,0,0,0,0
3538453676512,20.53902,1788965077367110692,,0,0,0,0,0,0,0,0,0,0,0,0,0,0,0,0,0,0,0
3538473669216,20.559012,1788965077387110755,,0,0,0,0,0,0,0,0,0,0,0,0,0,0,0,0,0,0,0
3538493668160,20.579011,1788965077407110626,,0,0,0,0,0,0,0,0,0,0,0,0,0,0,0,0,0,0,0
3538513684512,20.599028,1788965077427110372,,0,0,0,0,0,0,0,0,0,0,0,0,0,0,0,0,0,0,0
3538533650112,20.618993,1788965077447110564,,0,0,0,0,0,0,0,0,0,0,0,0,0,0,0,0,0,0,0
3538553564992,20.638908,1788965077467110133,,0,0,0,0,0,0,0,0,0,0,0,0,0,0,0,0,0,0,0
3538573655040,20.658998,1788965077487124018,,0,0,0,0,0,0,0,0,0,0,0,0,0,0,0,0,0,0,0
3538593661536,20.679005,1788965077507109932,,0,0,0,0,0,0,0,0,0,0,0,0,0,0,0,0,0,0,0
3538613663520,20.699007,1788965077527110346,,0,0,0,0,0,0,0,0,0,0,0,0,0,0,0,0,0,0,0
3538633677376,20.719021,1788965077547110090,,0,0,0,0,0,0,0,0,0,0,0,0,0,0,0,0,0,0,0
3538653646208,20.738989,1788965077567116943,,0,0,0,0,0,0,0,0,0,0,0,0,0,0,0,0,0,0,0
3538673660704,20.759004,1788965077587110896,,0,0,0,0,0,0,0,0,0,0,0,0,0,0,0,0,0,0,0
3538693667424,20.779011,1788965077607122716,,0,0,0,0,0,0,0,0,0,0,0,0,0,0,0,0,0,0,0
3538713672160,20.799015,1788965077627110394,,0,0,0,0,0,0,0,0,0,0,0,0,0,0,0,0,0,0,0
3538733658720,20.819002,1788965077647111210,,0,0,0,0,0,0,0,0,0,0,0,0,0,0,0,0,0,0,0
3538753597696,20.838941,1788965077667110719,,0,0,0,0,0,0,0,0,0,0,0,0,0,0,0,0,0,0,0
3538773659552,20.859003,1788965077687110726,,0,0,0,0,0,0,0,0,0,0,0,0,0,0,0,0,0,0,0
3538793684768,20.879028,1788965077707110685,,0,0,0,0,0,0,0,0,0,0,0,0,0,0,0,0,0,0,0
3538813677408,20.899021,1788965077727110552,,0,0,0,0,0,0,0,0,0,0,0,0,0,0,0,0,0,0,0
3538833658400,20.919002,1788965077747110874,,0,0,0,0,0,0,0,0,0,0,0,0,0,0,0,0,0,0,0
3538853666016,20.939009,1788965077767110554,,0,0,0,0,0,0,0,0,0,0,0,0,0,0,0,0,0,0,0
3538873767136,20.95911,1788965077787110559,,0,0,0,0,0,0,0,0,0,0,0,0,0,0,0,0,0,0,0
3538893653280,20.978996,1788965077807110681,,0,0,0,0,0,0,0,0,0,0,0,0,0,0,0,0,0,0,0
3538913781696,20.999125,1788965077827110442,,0,0,0,0,0,0,0,0,0,0,0,0,0,0,0,0,0,0,0
3538933625888,21.018969,1788965077847110351,,0,0,0,0,0,0,0,0,0,0,0,0,0,0,0,0,0,0,0
3538953644800,21.038988,1788965077867110765,,0,0,0,0,0,0,0,0,0,0,0,0,0,0,0,0,0,0,0
3538973649792,21.058993,1788965077887110775,,0,0,0,0,0,0,0,0,0,0,0,0,0,0,0,0,0,0,0
3538993675328,21.079019,1788965077907110725,,0,0,0,0,0,0,0,0,0,0,0,0,0,0,0,0,0,0,0
3539013639872,21.098983,1788965077927110411,,0,0,0,0,0,0,0,0,0,0,0,0,0,0,0,0,0,0,0
3539033770208,21.119113,1788965077947110457,,0,0,0,0,0,0,0,0,0,0,0,0,0,0,0,0,0,0,0
3539053637920,21.138981,1788965077967110836,,0,0,0,0,0,0,0,0,0,0,0,0,0,0,0,0,0,0,0
3539073658176,21.159001,1788965077987110877,,0,0,0,0,0,0,0,0,0,0,0,0,0,0,0,0,0,0,0
3539093656512,21.179,1788965078007111262,,0,0,0,0,0,0,0,0,0,0,0,0,0,0,0,0,0,0,0
3539113686304,21.19903,1788965078027110529,,0,0,0,0,0,0,0,0,0,0,0,0,0,0,0,0,0,0,0
3539133605472,21.218949,1788965078047110807,,0,0,0,0,0,0,0,0,0,0,0,0,0,0,0,0,0,0,0
3539153504640,21.238848,1788965078067110650,,0,0,0,0,0,0,0,0,0,0,0,0,0,0,0,0,0,0,0
3539173629920,21.258973,1788965078087110435,,0,0,0,0,0,0,0,0,0,0,0,0,0,0,0,0,0,0,0
3539193653312,21.278997,1788965078107111237,,0,0,0,0,0,0,0,0,0,0,0,0,0,0,0,0,0,0,0
3539213648160,21.298991,1788965078127110593,,0,0,0,0,0,0,0,0,0,0,0,0,0,0,0,0,0,0,0
3539233634880,21.318978,1788965078147111286,,0,0,0,0,0,0,0,0,0,0,0,0,0,0,0,0,0,0,0
3539253653664,21.338997,1788965078167110405,,0,0,0,0,0,0,0,0,0,0,0,0,0,0,0,0,0,0,0
3539273644704,21.358988,1788965078187111006,,0,0,0,0,0,0,0,0,0,0,0,0,0,0,0,0,0,0,0
3539293629216,21.378972,1788965078207110935,,0,0,0,0,0,0,0,0,0,0,0,0,0,0,0,0,0,0,0
3539313650752,21.398994,1788965078227113819,,0,0,0,0,0,0,0,0,0,0,0,0,0,0,0,0,0,0,0
3539333640416,21.418984,1788965078247111046,,0,0,0,0,0,0,0,0,0,0,0,0,0,0,0,0,0,0,0
3539353524608,21.438868,1788965078267111249,,0,0,0,0,0,0,0,0,0,0,0,0,0,0,0,0,0,0,0
3539373625600,21.458969,1788965078287110597,,0,0,0,0,0,0,0,0,0,0,0,0,0,0,0,0,0,0,0
3539393620128,21.478963,1788965078307110246,,0,0,0,0,0,0,0,0,0,0,0,0,0,0,0,0,0,0,0
3539414856576,21.5002,1788965078327110112,,0,0,0,0,0,0,0,0,0,0,0,0,0,0,0,0,0,0,0
3539433657888,21.519001,1788965078347110429,,0,0,0,0,0,0,0,0,0,0,0,0,0,0,0,0,0,0,0
3539453630496,21.538974,1788965078367110498,,0,0,0,0,0,0,0,0,0,0,0,0,0,0,0,0,0,0,0
3539473623744,21.558967,1788965078387110762,,0,0,0,0,0,0,0,0,0,0,0,0,0,0,0,0,0,0,0
3539493661536,21.579005,1788965078407110723,,0,0,0,0,0,0,0,0,0,0,0,0,0,0,0,0,0,0,0
3539513650688,21.598994,1788965078427110557,,0,0,0,0,0,0,0,0,0,0,0,0,0,0,0,0,0,0,0
3539533613600,21.618957,1788965078447111133,,0,0,0,0,0,0,0,0,0,0,0,0,0,0,0,0,0,0,0
3539553540000,21.638883,1788965078467110672,,0,0,0,0,0,0,0,0,0,0,0,0,0,0,0,0,0,0,0
3539573614240,21.658957,1788965078487111085,,0,0,0,0,0,0,0,0,0,0,0,0,0,0,0,0,0,0,0
3539593621248,21.678964,1788965078507110861,,0,0,0,0,0,0,0,0,0,0,0,0,0,0,0,0,0,0,0
3539613652448,21.698996,1788965078527110329,,0,0,0,0,0,0,0,0,0,0,0,0,0,0,0,0,0,0,0
3539633617056,21.71896,1788965078547110517,,0,0,0,0,0,0,0,0,0,0,0,0,0,0,0,0,0,0,0
3539653662912,21.739006,1788965078567110381,,0,0,0,0,0,0,0,0,0,0,0,0,0,0,0,0,0,0,0
3539673638848,21.758982,1788965078587109928,,0,0,0,0,0,0,0,0,0,0,0,0,0,0,0,0,0,0,0
3539693657152,21.779,1788965078607110240,,0,0,0,0,0,0,0,0,0,0,0,0,0,0,0,0,0,0,0
3539713656736,21.799,1788965078627115258,,0,0,0,0,0,0,0,0,0,0,0,0,0,0,0,0,0,0,0
3539733615744,21.818959,1788965078647111351,,0,0,0,0,0,0,0,0,0,0,0,0,0,0,0,0,0,0,0
3539753542528,21.838886,1788965078667110433,,0,0,0,0,0,0,0,0,0,0,0,0,0,0,0,0,0,0,0
3539773617216,21.85896,1788965078687110700,,0,0,0,0,0,0,0,0,0,0,0,0,0,0,0,0,0,0,0
3539793630144,21.878973,1788965078707110295,,0,0,0,0,0,0,0,0,0,0,0,0,0,0,0,0,0,0,0
3539813591040,21.898934,1788965078727111023,,0,0,0,0,0,0,0,0,0,0,0,0,0,0,0,0,0,0,0
3539833630720,21.918974,1788965078747110957,,0,0,0,0,0,0,0,0,0,0,0,0,0,0,0,0,0,0,0
3539853692672,21.939036,1788965078767110951,,0,0,0,0,0,0,0,0,0,0,0,0,0,0,0,0,0,0,0
3539873612320,21.958956,1788965078787111152,,0,0,0,0,0,0,0,0,0,0,0,0,0,0,0,0,0,0,0
3539893637280,21.97898,1788965078807110929,,0,0,0,0,0,0,0,0,0,0,0,0,0,0,0,0,0,0,0
3539913614688,21.998958,1788965078827110870,,0,0,0,0,0,0,0,0,0,0,0,0,0,0,0,0,0,0,0
3539933630336,22.018974,1788965078847110445,,0,0,0,0,0,0,0,0,0,0,0,0,0,0,0,0,0,0,0
3539953499712,22.038843,1788965078867110680,,0,0,0,0,0,0,0,0,0,0,0,0,0,0,0,0,0,0,0
3539973597952,22.058941,1788965078887110351,,0,0,0,0,0,0,0,0,0,0,0,0,0,0,0,0,0,0,0
3539993599648,22.078943,1788965078907110701,,0,0,0,0,0,0,0,0,0,0,0,0,0,0,0,0,0,0,0
3540013605632,22.098949,1788965078927110205,,0,0,0,0,0,0,0,0,0,0,0,0,0,0,0,0,0,0,0
3540033603328,22.118947,1788965078947110769,,0,0,0,0,0,0,0,0,0,0,0,0,0,0,0,0,0,0,0
3540053639264,22.138982,1788965078967110692,,0,0,0,0,0,0,0,0,0,0,0,0,0,0,0,0,0,0,0
3540073612704,22.158956,1788965078987110570,,0,0,0,0,0,0,0,0,0,0,0,0,0,0,0,0,0,0,0
3540093633120,22.178976,1788965079007110565,,0,0,0,0,0,0,0,0,0,0,0,0,0,0,0,0,0,0,0
3540113613152,22.198956,1788965079027111112,,0,0,0,0,0,0,0,0,0,0,0,0,0,0,0,0,0,0,0
3540133595808,22.218939,1788965079047110696,,0,0,0,0,0,0,0,0,0,0,0,0,0,0,0,0,0,0,0
3540153475040,22.238818,1788965079067110579,,0,0,0,0,0,0,0,0,0,0,0,0,0,0,0,0,0,0,0
3540173602656,22.258946,1788965079087110889,,0,0,0,0,0,0,0,0,0,0,0,0,0,0,0,0,0,0,0
3540193629632,22.278973,1788965079107110243,,0,0,0,0,0,0,0,0,0,0,0,0,0,0,0,0,0,0,0
3540213577760,22.298921,1788965079127110344,,0,0,0,0,0,0,0,0,0,0,0,0,0,0,0,0,0,0,0
3540233611808,22.318955,1788965079147111093,,0,0,0,0,0,0,0,0,0,0,0,0,0,0,0,0,0,0,0
3540253629792,22.338973,1788965079167125024,,0,0,0,0,0,0,0,0,0,0,0,0,0,0,0,0,0,0,0
3540273593280,22.358936,1788965079187110496,,0,0,0,0,0,0,0,0,0,0,0,0,0,0,0,0,0,0,0
3540293627296,22.37897,1788965079207110445,,0,0,0,0,0,0,0,0,0,0,0,0,0,0,0,0,0,0,0
3540313631008,22.398974,1788965079227111236,,0,0,0,0,0,0,0,0,0,0,0,0,0,0,0,0,0,0,0
3540333590912,22.418934,1788965079247110695,,0,0,0,0,0,0,0,0,0,0,0,0,0,0,0,0,0,0,0
3540353485888,22.438829,1788965079267111050,,0,0,0,0,0,0,0,0,0,0,0,0,0,0,0,0,0,0,0
3540373582240,22.458925,1788965079287110299,,0,0,0,0,0,0,0,0,0,0,0,0,0,0,0,0,0,0,0
3540393588320,22.478932,1788965079307110686,,0,0,0,0,0,0,0,0,0,0,0,0,0,0,0,0,0,0,0
3540413586432,22.49893,1788965079327111303,,0,0,0,0,0,0,0,0,0,0,0,0,0,0,0,0,0,0,0
3540433590784,22.518934,1788965079347110733,,0,0,0,0,0,0,0,0,0,0,0,0,0,0,0,0,0,0,0
3540453607552,22.538951,1788965079367114538,,0,0,0,0,0,0,0,0,0,0,0,0,0,0,0,0,0,0,0
3540473764864,22.559108,1788965079387110255,,0,0,0,0,0,0,0,0,0,0,0,0,0,0,0,0,0,0,0
3540493574144,22.578917,1788965079407111373,,0,0,0,0,0,0,0,0,0,0,0,0,0,0,0,0,0,0,0
3540513744704,22.599088,1788965079427110788,,0,0,0,0,0,0,0,0,0,0,0,0,0,0,0,0,0,0,0
3540533577600,22.618921,1788965079447110641,,0,0,0,0,0,0,0,0,0,0,0,0,0,0,0,0,0,0,0
3540553595104,22.638938,1788965079467110270,,0,0,0,0,0,0,0,0,0,0,0,0,0,0,0,0,0,0,0
3540573590976,22.658934,1788965079487113725,,0,0,0,0,0,0,0,0,0,0,0,0,0,0,0,0,0,0,0
3540593665056,22.679008,1788965079507111162,,0,0,0,0,0,0,0,0,0,0,0,0,0,0,0,0,0,0,0
3540613575872,22.698919,1788965079527110662,,0,0,0,0,0,0,0,0,0,0,0,0,0,0,0,0,0,0,0
3540633603072,22.718946,1788965079547110724,,0,0,0,0,0,0,0,0,0,0,0,0,0,0,0,0,0,0,0
3540653643712,22.738987,1788965079567111214,,0,0,0,0,0,0,0,0,0,0,0,0,0,0,0,0,0,0,0
3540673626592,22.75897,1788965079587114370,,0,0,0,0,0,0,0,0,0,0,0,0,0,0,0,0,0,0,0
3540693597888,22.778941,1788965079607110560,,0,0,0,0,0,0,0,0,0,0,0,0,0,0,0,0,0,0,0
3540713580608,22.798924,1788965079627110499,,0,0,0,0,0,0,0,0,0,0,0,0,0,0,0,0,0,0,0
3540733551488,22.818895,1788965079647111129,,0,0,0,0,0,0,0,0,0,0,0,0,0,0,0,0,0,0,0
3540753518720,22.838862,1788965079667109782,,0,0,0,0,0,0,0,0,0,0,0,0,0,0,0,0,0,0,0
3540773567552,22.858911,1788965079687113855,,0,0,0,0,0,0,0,0,0,0,0,0,0,0,0,0,0,0,0
3540793563360,22.878907,1788965079707111308,,0,0,0,0,0,0,0,0,0,0,0,0,0,0,0,0,0,0,0
3540813562944,22.898906,1788965079727113086,,0,0,0,0,0,0,0,0,0,0,0,0,0,0,0,0,0,0,0
3540833554784,22.918898,1788965079747111004,,0,0,0,0,0,0,0,0,0,0,0,0,0,0,0,0,0,0,0
3540853546144,22.938889,1788965079767110721,,0,0,0,0,0,0,0,0,0,0,0,0,0,0,0,0,0,0,0
3540873572224,22.958915,1788965079787111118,,0,0,0,0,0,0,0,0,0,0,0,0,0,0,0,0,0,0,0
3540893550528,22.978894,1788965079807110567,,0,0,0,0,0,0,0,0,0,0,0,0,0,0,0,0,0,0,0
3540913551584,22.998895,1788965079827125021,,0,0,0,0,0,0,0,0,0,0,0,0,0,0,0,0,0,0,0
3540933546560,23.01889,1788965079847110875,,0,0,0,0,0,0,0,0,0,0,0,0,0,0,0,0,0,0,0
3540953562624,23.038906,1788965079867110772,,0,0,0,0,0,0,0,0,0,0,0,0,0,0,0,0,0,0,0
3540973531040,23.058874,1788965079887111025,,0,0,0,0,0,0,0,0,0,0,0,0,0,0,0,0,0,0,0
3540993561408,23.078905,1788965079907111244,,0,0,0,0,0,0,0,0,0,0,0,0,0,0,0,0,0,0,0
3541013547488,23.098891,1788965079927110551,,0,0,0,0,0,0,0,0,0,0,0,0,0,0,0,0,0,0,0
3541033532928,23.118876,1788965079947110734,,0,0,0,0,0,0,0,0,0,0,0,0,0,0,0,0,0,0,0
3541053568576,23.138912,1788965079967110570,,0,0,0,0,0,0,0,0,0,0,0,0,0,0,0,0,0,0,0
3541073528288,23.158871,1788965079987111027,,0,0,0,0,0,0,0,0,0,0,0,0,0,0,0,0,0,0,0
3541093544160,23.178887,1788965080007111165,,0,0,0,0,0,0,0,0,0,0,0,0,0,0,0,0,0,0,0
3541113594112,23.198937,1788965080027110776,,0,0,0,0,0,0,0,0,0,0,0,0,0,0,0,0,0,0,0
3541133546368,23.21889,1788965080047110644,,0,0,0,0,0,0,0,0,0,0,0,0,0,0,0,0,0,0,0
3541153431744,23.238775,1788965080067110850,,0,0,0,0,0,0,0,0,0,0,0,0,0,0,0,0,0,0,0
3541173555680,23.258899,1788965080087110940,,0,0,0,0,0,0,0,0,0,0,0,0,0,0,0,0,0,0,0
3541193542112,23.278885,1788965080107110512,,0,0,0,0,0,0,0,0,0,0,0,0,0,0,0,0,0,0,0
3541213560672,23.298904,1788965080127110525,,0,0,0,0,0,0,0,0,0,0,0,0,0,0,0,0,0,0,0
3541233541216,23.318884,1788965080147111850,,0,0,0,0,0,0,0,0,0,0,0,0,0,0,0,0,0,0,0
3541253648800,23.338992,1788965080167111253,,0,0,0,0,0,0,0,0,0,0,0,0,0,0,0,0,0,0,0
3541273560032,23.358903,1788965080187110948,,0,0,0,0,0,0,0,0,0,0,0,0,0,0,0,0,0,0,0
3541293566016,23.378909,1788965080207110850,,0,0,0,0,0,0,0,0,0,0,0,0,0,0,0,0,0,0,0
3541313578432,23.398922,1788965080227110527,,0,0,0,0,0,0,0,0,0,0,0,0,0,0,0,0,0,0,0
3541333538304,23.418882,1788965080247110563,,0,0,0,0,0,0,0,0,0,0,0,0,0,0,0,0,0,0,0
3541353411328,23.438755,1788965080267110813,,0,0,0,0,0,0,0,0,0,0,0,0,0,0,0,0,0,0,0
3541373513088,23.458856,1788965080287110836,,0,0,0,0,0,0,0,0,0,0,0,0,0,0,0,0,0,0,0
3541393555680,23.478899,1788965080307111106,,0,0,0,0,0,0,0,0,0,0,0,0,0,0,0,0,0,0,0
3541413542016,23.498885,1788965080327110654,,0,0,0,0,0,0,0,0,0,0,0,0,0,0,0,0,0,0,0
3541433517344,23.518861,1788965080347110599,,0,0,0,0,0,0,0,0,0,0,0,0,0,0,0,0,0,0,0
3541453671712,23.539015,1788965080367111195,,0,0,0,0,0,0,0,0,0,0,0,0,0,0,0,0,0,0,0
3541473531456,23.558875,1788965080387110563,,0,0,0,0,0,0,0,0,0,0,0,0,0,0,0,0,0,0,0
3541493521760,23.578865,1788965080407110764,,0,0,0,0,0,0,0,0,0,0,0,0,0,0,0,0,0,0,0
3541513635648,23.598979,1788965080427110416,,0,0,0,0,0,0,0,0,0,0,0,0,0,0,0,0,0,0,0
3541533518880,23.618862,1788965080447110826,,0,0,0,0,0,0,0,0,0,0,0,0,0,0,0,0,0,0,0
3541553543424,23.638887,1788965080467124862,,0,0,0,0,0,0,0,0,0,0,0,0,0,0,0,0,0,0,0
3541573524704,23.658868,1788965080487111053,,0,0,0,0,0,0,0,0,0,0,0,0,0,0,0,0,0,0,0
3541593523968,23.678867,1788965080507111008,,0,0,0,0,0,0,0,0,0,0,0,0,0,0,0,0,0,0,0
3541613545312,23.698889,1788965080527111278,,0,0,0,0,0,0,0,0,0,0,0,0,0,0,0,0,0,0,0
3541633528416,23.718872,1788965080547111084,,0,0,0,0,0,0,0,0,0,0,0,0,0,0,0,0,0,0,0
3541653607264,23.73895,1788965080567110681,,0,0,0,0,0,0,0,0,0,0,0,0,0,0,0,0,0,0,0
3541673580800,23.758924,1788965080587111059,,0,0,0,0,0,0,0,0,0,0,0,0,0,0,0,0,0,0,0
3541693503936,23.778847,1788965080607124641,,0,0,0,0,0,0,0,0,0,0,0,0,0,0,0,0,0,0,0
3541713618464,23.798962,1788965080627110591,,0,0,0,0,0,0,0,0,0,0,0,0,0,0,0,0,0,0,0
3541733524768,23.818868,1788965080647111443,,0,0,0,0,0,0,0,0,0,0,0,0,0,0,0,0,0,0,0
3541753505440,23.838849,1788965080667110354,,0,0,0,0,0,0,0,0,0,0,0,0,0,0,0,0,0,0,0
3541773489600,23.858833,1788965080687110642,,0,0,0,0,0,0,0,0,0,0,0,0,0,0,0,0,0,0,0
3541793543008,23.878886,1788965080707110381,,0,0,0,0,0,0,0,0,0,0,0,0,0,0,0,0,0,0,0
3541813507936,23.898851,1788965080727110687,,0,0,0,0,0,0,0,0,0,0,0,0,0,0,0,0,0,0,0
3541833498336,23.918842,1788965080747110247,,0,0,0,0,0,0,0,0,0,0,0,0,0,0,0,0,0,0,0
3541854343744,23.939687,1788965080767113379,,0,0,0,0,0,0,0,0,0,0,0,0,0,0,0,0,0,0,0
3541873551456,23.958895,1788965080787111136,,0,0,0,0,0,0,0,0,0,0,0,0,0,0,0,0,0,0,0
3541893528160,23.978871,1788965080807111006,,0,0,0,0,0,0,0,0,0,0,0,0,0,0,0,0,0,0,0
3541913546400,23.99889,1788965080827111902,,0,0,0,0,0,0,0,0,0,0,0,0,0,0,0,0,0,0,0
3541933513632,24.018857,1788965080847110965,,0,0,0,0,0,0,0,0,0,0,0,0,0,0,0,0,0,0,0
3541953441152,24.038784,1788965080867110781,,0,0,0,0,0,0,0,0,0,0,0,0,0,0,0,0,0,0,0
3541973511168,24.058854,1788965080887111189,,0,0,0,0,0,0,0,0,0,0,0,0,0,0,0,0,0,0,0
3541993508928,24.078852,1788965080907110932,,0,0,0,0,0,0,0,0,0,0,0,0,0,0,0,0,0,0,0
3542013521856,24.098865,1788965080927124582,,0,0,0,0,0,0,0,0,0,0,0,0,0,0,0,0,0,0,0
3542033508960,24.118852,1788965080947111077,,0,0,0,0,0,0,0,0,0,0,0,0,0,0,0,0,0,0,0
3542053549152,24.138892,1788965080967111168,,0,0,0,0,0,0,0,0,0,0,0,0,0,0,0,0,0,0,0
3542073504160,24.158847,1788965080987124598,,0,0,0,0,0,0,0,0,0,0,0,0,0,0,0,0,0,0,0
3542093530176,24.178873,1788965081007110893,,0,0,0,0,0,0,0,0,0,0,0,0,0,0,0,0,0,0,0
3542113501344,24.198845,1788965081027110667,,0,0,0,0,0,0,0,0,0,0,0,0,0,0,0,0,0,0,0
3542133513152,24.218856,1788965081047110787,,0,0,0,0,0,0,0,0,0,0,0,0,0,0,0,0,0,0,0
3542153413344,24.238757,1788965081067110049,,0,0,0,0,0,0,0,0,0,0,0,0,0,0,0,0,0,0,0
3542173503296,24.258846,1788965081087110721,,0,0,0,0,0,0,0,0,0,0,0,0,0,0,0,0,0,0,0
3542193547552,24.278891,1788965081107110995,,0,0,0,0,0,0,0,0,0,0,0,0,0,0,0,0,0,0,0
3542213502400,24.298846,1788965081127110532,,0,0,0,0,0,0,0,0,0,0,0,0,0,0,0,0,0,0,0
3542233500640,24.318844,1788965081147111071,,0,0,0,0,0,0,0,0,0,0,0,0,0,0,0,0,0,0,0
3542253591488,24.338935,1788965081167110515,,0,0,0,0,0,0,0,0,0,0,0,0,0,0,0,0,0,0,0
3542273545696,24.358889,1788965081187110909,,0,0,0,0,0,0,0,0,0,0,0,0,0,0,0,0,0,0,0
3542293494976,24.378838,1788965081207110566,,0,0,0,0,0,0,0,0,0,0,0,0,0,0,0,0,0,0,0
3542313562336,24.398906,1788965081227110917,,0,0,0,0,0,0,0,0,0,0,0,0,0,0,0,0,0,0,0
3542333506304,24.41885,1788965081247110808,,0,0,0,0,0,0,0,0,0,0,0,0,0,0,0,0,0,0,0
3542353454368,24.438798,1788965081267110370,,0,0,0,0,0,0,0,0,0,0,0,0,0,0,0,0,0,0,0
3542373491200,24.458834,1788965081287110248,,0,0,0,0,0,0,0,0,0,0,0,0,0,0,0,0,0,0,0
3542393532448,24.478876,1788965081307110958,,0,0,0,0,0,0,0,0,0,0,0,0,0,0,0,0,0,0,0
3542413455232,24.498798,1788965081327111041,,0,0,0,0,0,0,0,0,0,0,0,0,0,0,0,0,0,0,0
3542433529088,24.518872,1788965081347110862,,0,0,0,0,0,0,0,0,0,0,0,0,0,0,0,0,0,0,0
3542453514720,24.538858,1788965081367110546,,0,0,0,0,0,0,0,0,0,0,0,0,0,0,0,0,0,0,0
3542473495552,24.558839,1788965081387110518,,0,0,0,0,0,0,0,0,0,0,0,0,0,0,0,0,0,0,0
3542493526464,24.57887,1788965081407111186,,0,0,0,0,0,0,0,0,0,0,0,0,0,0,0,0,0,0,0
3542513513568,24.598857,1788965081427111128,,0,0,0,0,0,0,0,0,0,0,0,0,0,0,0,0,0,0,0
3542533459968,24.618803,1788965081447111030,,0,0,0,0,0,0,0,0,0,0,0,0,0,0,0,0,0,0,0
3542553452768,24.638796,1788965081467110787,,0,0,0,0,0,0,0,0,0,0,0,0,0,0,0,0,0,0,0
3542573453504,24.658797,1788965081487110946,,0,0,0,0,0,0,0,0,0,0,0,0,0,0,0,0,0,0,0
3542593480384,24.678824,1788965081507111081,,0,0,0,0,0,0,0,0,0,0,0,0,0,0,0,0,0,0,0
3542613479232,24.698822,1788965081527114269,,0,0,0,0,0,0,0,0,0,0,0,0,0,0,0,0,0,0,0
3542633465472,24.718809,1788965081547110441,,0,0,0,0,0,0,0,0,0,0,0,0,0,0,0,0,0,0,0
3542653520960,24.738864,1788965081567110688,,0,0,0,0,0,0,0,0,0,0,0,0,0,0,0,0,0,0,0
3542673481536,24.758825,1788965081587110630,,0,0,0,0,0,0,0,0,0,0,0,0,0,0,0,0,0,0,0
3542693468576,24.778812,1788965081607124559,,0,0,0,0,0,0,0,0,0,0,0,0,0,0,0,0,0,0,0
3542713483360,24.798827,1788965081627110415,,0,0,0,0,0,0,0,0,0,0,0,0,0,0,0,0,0,0,0
3542733482688,24.818826,1788965081647119344,,0,0,0,0,0,0,0,0,0,0,0,0,0,0,0,0,0,0,0
3542753448544,24.838792,1788965081667116817,,0,0,0,0,0,0,0,0,0,0,0,0,0,0,0,0,0,0,0
3542773461824,24.858805,1788965081687126784,,0,0,0,0,0,0,0,0,0,0,0,0,0,0,0,0,0,0,0
3542793470592,24.878814,1788965081707119470,,0,0,0,0,0,0,0,0,0,0,0,0,0,0,0,0,0,0,0
3542813466272,24.898809,1788965081727125725,,0,0,0,0,0,0,0,0,0,0,0,0,0,0,0,0,0,0,0
3542833482656,24.918826,1788965081747112428,,0,0,0,0,0,0,0,0,0,0,0,0,0,0,0,0,0,0,0
3542853562272,24.938905,1788965081767110555,,0,0,0,0,0,0,0,0,0,0,0,0,0,0,0,0,0,0,0
3542873447168,24.95879,1788965081787110860,,0,0,0,0,0,0,0,0,0,0,0,0,0,0,0,0,0,0,0
3542893526592,24.97887,1788965081807110414,,0,0,0,0,0,0,0,0,0,0,0,0,0,0,0,0,0,0,0
3542913463104,24.998806,1788965081827115348,,0,0,0,0,0,0,0,0,0,0,0,0,0,0,0,0,0,0,0
3542933453024,25.018796,1788965081847111133,,0,0,0,0,0,0,0,0,0,0,0,0,0,0,0,0,0,0,0
3542953383680,25.038727,1788965081867110964,,0,0,0,0,0,0,0,0,0,0,0,0,0,0,0,0,0,0,0
3542973440576,25.058784,1788965081887110742,,0,0,0,0,0,0,0,0,0,0,0,0,0,0,0,0,0,0,0
3542993459456,25.078803,1788965081907111832,,0,0,0,0,0,0,0,0,0,0,0,0,0,0,0,0,0,0,0
3543013494816,25.098838,1788965081927111031,,0,0,0,0,0,0,0,0,0,0,0,0,0,0,0,0,0,0,0
3543033450112,25.118793,1788965081947110285,,0,0,0,0,0,0,0,0,0,0,0,0,0,0,0,0,0,0,0
3543053477760,25.138821,1788965081967110655,,0,0,0,0,0,0,0,0,0,0,0,0,0,0,0,0,0,0,0
3543073466816,25.15881,1788965081987110838,,0,0,0,0,0,0,0,0,0,0,0,0,0,0,0,0,0,0,0
3543093562528,25.178906,1788965082007110260,,0,0,0,0,0,0,0,0,0,0,0,0,0,0,0,0,0,0,0
3543113513152,25.198856,1788965082027111066,,0,0,0,0,0,0,0,0,0,0,0,0,0,0,0,0,0,0,0
3543133475360,25.218819,1788965082047110682,,0,0,0,0,0,0,0,0,0,0,0,0,0,0,0,0,0,0,0
3543153369344,25.238713,1788965082067110904,,0,0,0,0,0,0,0,0,0,0,0,0,0,0,0,0,0,0,0
3543173477184,25.25882,1788965082087111248,,0,0,0,0,0,0,0,0,0,0,0,0,0,0,0,0,0,0,0
3543193467072,25.27881,1788965082107110369,,0,0,0,0,0,0,0,0,0,0,0,0,0,0,0,0,0,0,0
3543213443936,25.298787,1788965082127110740,,0,0,0,0,0,0,0,0,0,0,0,0,0,0,0,0,0,0,0
3543233468128,25.318811,1788965082147111874,,0,0,0,0,0,0,0,0,0,0,0,0,0,0,0,0,0,0,0
3543253499488,25.338843,1788965082167111065,,0,0,0,0,0,0,0,0,0,0,0,0,0,0,0,0,0,0,0
3543273445440,25.358789,1788965082187124268,,0,0,0,0,0,0,0,0,0,0,0,0,0,0,0,0,0,0,0
3543293501216,25.378844,1788965082207110792,,0,0,0,0,0,0,0,0,0,0,0,0,0,0,0,0,0,0,0
3543313454464,25.398798,1788965082227110342,,0,0,0,0,0,0,0,0,0,0,0,0,0,0,0,0,0,0,0
3543333442752,25.418786,1788965082247110605,,0,0,0,0,0,0,0,0,0,0,0,0,0,0,0,0,0,0,0
3543353428672,25.438772,1788965082267111183,,0,0,0,0,0,0,0,0,0,0,0,0,0,0,0,0,0,0,0
3543373440960,25.458784,1788965082287110743,,0,0,0,0,0,0,0,0,0,0,0,0,0,0,0,0,0,0,0
3543393443680,25.478787,1788965082307110921,,0,0,0,0,0,0,0,0,0,0,0,0,0,0,0,0,0,0,0
3543413461120,25.498804,1788965082327110549,,0,0,0,0,0,0,0,0,0,0,0,0,0,0,0,0,0,0,0
3543433478720,25.518822,1788965082347125111,,0,0,0,0,0,0,0,0,0,0,0,0,0,0,0,0,0,0,0
3543453583264,25.538926,1788965082367110431,,0,0,0,0,0,0,0,0,0,0,0,0,0,0,0,0,0,0,0
3543473456128,25.558799,1788965082387110773,,0,0,0,0,0,0,0,0,0,0,0,0,0,0,0,0,0,0,0
3543493464288,25.578807,1788965082407110939,,0,0,0,0,0,0,0,0,0,0,0,0,0,0,0,0,0,0,0
3543513421248,25.598764,1788965082427110634,,0,0,0,0,0,0,0,0,0,0,0,0,0,0,0,0,0,0,0
3543533453152,25.618796,1788965082447110949,,0,0,0,0,0,0,0,0,0,0,0,0,0,0,0,0,0,0,0
3543553372256,25.638715,1788965082467110914,,0,0,0,0,0,0,0,0,0,0,0,0,0,0,0,0,0,0,0
3543573424608,25.658768,1788965082487110634,,0,0,0,0,0,0,0,0,0,0,0,0,0,0,0,0,0,0,0
3543593460960,25.678804,1788965082507111394,,0,0,0,0,0,0,0,0,0,0,0,0,0,0,0,0,0,0,0
3543613438048,25.698781,1788965082527111155,,0,0,0,0,0,0,0,0,0,0,0,0,0,0,0,0,0,0,0
3543633464480,25.718808,1788965082547110448,,0,0,0,0,0,0,0,0,0,0,0,0,0,0,0,0,0,0,0
3543653466528,25.73881,1788965082567110894,,0,0,0,0,0,0,0,0,0,0,0,0,0,0,0,0,0,0,0
3543673426016,25.758769,1788965082587111037,,0,0,0,0,0,0,0,0,0,0,0,0,0,0,0,0,0,0,0
3543693467008,25.77881,1788965082607110572,,0,0,0,0,0,0,0,0,0,0,0,0,0,0,0,0,0,0,0
3543713436384,25.79878,1788965082627110582,,0,0,0,0,0,0,0,0,0,0,0,0,0,0,0,0,0,0,0
3543733414976,25.818758,1788965082647110828,,0,0,0,0,0,0,0,0,0,0,0,0,0,0,0,0,0,0,0
3543753343648,25.838687,1788965082667110800,,0,0,0,0,0,0,0,0,0,0,0,0,0,0,0,0,0,0,0
3543773421728,25.858765,1788965082687110752,,0,0,0,0,0,0,0,0,0,0,0,0,0,0,0,0,0,0,0
3543793437696,25.878781,1788965082707110908,,0,0,0,0,0,0,0,0,0,0,0,0,0,0,0,0,0,0,0
3543813443936,25.898787,1788965082727111005,,0,0,0,0,0,0,0,0,0,0,0,0,0,0,0,0,0,0,0
3543833421248,25.918764,1788965082747110892,,0,0,0,0,0,0,0,0,0,0,0,0,0,0,0,0,0,0,0
3543853441216,25.938784,1788965082767110665,,0,0,0,0,0,0,0,0,0,0,0,0,0,0,0,0,0,0,0
3543873449088,25.958792,1788965082787110020,,0,0,0,0,0,0,0,0,0,0,0,0,0,0,0,0,0,0,0
3543893436224,25.978779,1788965082807110444,,0,0,0,0,0,0,0,0,0,0,0,0,0,0,0,0,0,0,0
3543913404480,25.998748,1788965082827109872,,0,0,0,0,0,0,0,0,0,0,0,0,0,0,0,0,0,0,0
3543933428672,26.018772,1788965082847110688,,0,0,0,0,0,0,0,0,0,0,0,0,0,0,0,0,0,0,0
3543953465024,26.038808,1788965082867110716,,0,0,0,0,0,0,0,0,0,0,0,0,0,0,0,0,0,0,0
3543973417312,26.058761,1788965082887110763,,0,0,0,0,0,0,0,0,0,0,0,0,0,0,0,0,0,0,0
3543993431040,26.078774,1788965082907110511,,0,0,0,0,0,0,0,0,0,0,0,0,0,0,0,0,0,0,0
3544013429408,26.098773,1788965082927110946,,0,0,0,0,0,0,0,0,0,0,0,0,0,0,0,0,0,0,0
3544033476992,26.11882,1788965082947122588,,0,0,0,0,0,0,0,0,0,0,0,0,0,0,0,0,0,0,0
3544053445856,26.138789,1788965082967110923,,0,0,0,0,0,0,0,0,0,0,0,0,0,0,0,0,0,0,0
3544073394368,26.158738,1788965082987110723,,0,0,0,0,0,0,0,0,0,0,0,0,0,0,0,0,0,0,0
3544093445792,26.178789,1788965083007110933,,0,0,0,0,0,0,0,0,0,0,0,0,0,0,0,0,0,0,0
3544113430240,26.198773,1788965083027110350,,0,0,0,0,0,0,0,0,0,0,0,0,0,0,0,0,0,0,0
3544133407232,26.21875,1788965083047110525,,0,0,0,0,0,0,0,0,0,0,0,0,0,0,0,0,0,0,0
3544153392736,26.238736,1788965083067110472,,0,0,0,0,0,0,0,0,0,0,0,0,0,0,0,0,0,0,0
3544173429536,26.258773,1788965083087110799,,0,0,0,0,0,0,0,0,0,0,0,0,0,0,0,0,0,0,0
3544193414400,26.278758,1788965083107110843,,0,0,0,0,0,0,0,0,0,0,0,0,0,0,0,0,0,0,0
3544213413984,26.298757,1788965083127111374,,0,0,0,0,0,0,0,0,0,0,0,0,0,0,0,0,0,0,0
3544233399232,26.318742,1788965083147111369,,0,0,0,0,0,0,0,0,0,0,0,0,0,0,0,0,0,0,0
3544253451456,26.338795,1788965083167110772,,0,0,0,0,0,0,0,0,0,0,0,0,0,0,0,0,0,0,0
3544273412032,26.358755,1788965083187110818,,0,0,0,0,0,0,0,0,0,0,0,0,0,0,0,0,0,0,0
3544293451552,26.378795,1788965083207110526,,0,0,0,0,0,0,0,0,0,0,0,0,0,0,0,0,0,0,0
3544313397440,26.398741,1788965083227110783,,0,0,0,0,0,0,0,0,0,0,0,0,0,0,0,0,0,0,0
3544333408288,26.418751,1788965083247111016,,0,0,0,0,0,0,0,0,0,0,0,0,0,0,0,0,0,0,0
3544353328768,26.438672,1788965083267110949,,0,0,0,0,0,0,0,0,0,0,0,0,0,0,0,0,0,0,0
3544373562624,26.458906,1788965083287110824,,0,0,0,0,0,0,0,0,0,0,0,0,0,0,0,0,0,0,0
3544393424704,26.478768,1788965083307110759,,0,0,0,0,0,0,0,0,0,0,0,0,0,0,0,0,0,0,0
3544413515904,26.498859,1788965083327110653,,0,0,0,0,0,0,0,0,0,0,0,0,0,0,0,0,0,0,0
3544433389984,26.518733,1788965083347110613,,0,0,0,0,0,0,0,0,0,0,0,0,0,0,0,0,0,0,0
3544453501504,26.538845,1788965083367110551,,0,0,0,0,0,0,0,0,0,0,0,0,0,0,0,0,0,0,0
3544473417440,26.558761,1788965083387110686,,0,0,0,0,0,0,0,0,0,0,0,0,0,0,0,0,0,0,0
3544493470016,26.578813,1788965083407110577,,0,0,0,0,0,0,0,0,0,0,0,0,0,0,0,0,0,0,0
3544513421824,26.598765,1788965083427110721,,0,0,0,0,0,0,0,0,0,0,0,0,0,0,0,0,0,0,0
3544533521344,26.618865,1788965083447109166,,0,0,0,0,0,0,0,0,0,0,0,0,0,0,0,0,0,0,0
3544553403168,26.638746,1788965083467110599,,0,0,0,0,0,0,0,0,0,0,0,0,0,0,0,0,0,0,0
3544573450784,26.658794,1788965083487110067,,0,0,0,0,0,0,0,0,0,0,0,0,0,0,0,0,0,0,0
3544593400416,26.678744,1788965083507110651,,0,0,0,0,0,0,0,0,0,0,0,0,0,0,0,0,0,0,0
3544613426208,26.698769,1788965083527110470,,0,0,0,0,0,0,0,0,0,0,0,0,0,0,0,0,0,0,0
3544633418336,26.718762,1788965083547110744,,0,0,0,0,0,0,0,0,0,0,0,0,0,0,0,0,0,0,0
3544653468896,26.738812,1788965083567110435,,0,0,0,0,0,0,0,0,0,0,0,0,0,0,0,0,0,0,0
3544673452704,26.758796,1788965083587110429,,0,0,0,0,0,0,0,0,0,0,0,0,0,0,0,0,0,0,0
3544693395584,26.778739,1788965083607110668,,0,0,0,0,0,0,0,0,0,0,0,0,0,0,0,0,0,0,0
3544713384704,26.798728,1788965083627110559,,0,0,0,0,0,0,0,0,0,0,0,0,0,0,0,0,0,0,0
3544733431616,26.818775,1788965083647112011,,0,0,0,0,0,0,0,0,0,0,0,0,0,0,0,0,0,0,0
3544753402880,26.838746,1788965083667111096,,0,0,0,0,0,0,0,0,0,0,0,0,0,0,0,0,0,0,0
3544773409664,26.858753,1788965083687111037,,0,0,0,0,0,0,0,0,0,0,0,0,0,0,0,0,0,0,0
3544793448160,26.878791,1788965083707110641,,0,0,0,0,0,0,0,0,0,0,0,0,0,0,0,0,0,0,0
3544813386624,26.89873,1788965083727110734,,0,0,0,0,0,0,0,0,0,0,0,0,0,0,0,0,0,0,0
3544833356640,26.9187,1788965083747110989,,0,0,0,0,0,0,0,0,0,0,0,0,0,0,0,0,0,0,0
3544853426688,26.93877,1788965083767110611,,0,0,0,0,0,0,0,0,0,0,0,0,0,0,0,0,0,0,0
3544873375520,26.958719,1788965083787110883,,0,0,0,0,0,0,0,0,0,0,0,0,0,0,0,0,0,0,0
3544893365632,26.978709,1788965083807110714,,0,0,0,0,0,0,0,0,0,0,0,0,0,0,0,0,0,0,0
3544913405312,26.998749,1788965083827111200,,0,0,0,0,0,0,0,0,0,0,0,0,0,0,0,0,0,0,0
3544933403200,27.018746,1788965083847110376,,0,0,0,0,0,0,0,0,0,0,0,0,0,0,0,0,0,0,0
3544953278592,27.038622,1788965083867109849,,0,0,0,0,0,0,0,0,0,0,0,0,0,0,0,0,0,0,0
3544973405600,27.058749,1788965083887110501,,0,0,0,0,0,0,0,0,0,0,0,0,0,0,0,0,0,0,0
3544993379328,27.078723,1788965083907110720,,0,0,0,0,0,0,0,0,0,0,0,0,0,0,0,0,0,0,0
3545013392896,27.098736,1788965083927110485,,0,0,0,0,0,0,0,0,0,0,0,0,0,0,0,0,0,0,0
3545033415328,27.118759,1788965083947109974,,0,0,0,0,0,0,0,0,0,0,0,0,0,0,0,0,0,0,0
3545053415680,27.138759,1788965083967110002,,0,0,0,0,0,0,0,0,0,0,0,0,0,0,0,0,0,0,0
3545073416576,27.15876,1788965083987110346,,0,0,0,0,0,0,0,0,0,0,0,0,0,0,0,0,0,0,0
3545093396512,27.17874,1788965084007110841,,0,0,0,0,0,0,0,0,0,0,0,0,0,0,0,0,0,0,0
3545113352704,27.198696,1788965084027110659,,0,0,0,0,0,0,0,0,0,0,0,0,0,0,0,0,0,0,0
3545133423520,27.218767,1788965084047110770,,0,0,0,0,0,0,0,0,0,0,0,0,0,0,0,0,0,0,0
3545153284928,27.238628,1788965084067110653,,0,0,0,0,0,0,0,0,0,0,0,0,0,0,0,0,0,0,0
3545173337760,27.258681,1788965084087110264,,0,0,0,0,0,0,0,0,0,0,0,0,0,0,0,0,0,0,0
3545193447360,27.278791,1788965084107110643,,0,0,0,0,0,0,0,0,0,0,0,0,0,0,0,0,0,0,0
3545213357056,27.2987,1788965084127110365,,0,0,0,0,0,0,0,0,0,0,0,0,0,0,0,0,0,0,0
3545233404192,27.318747,1788965084147121888,,0,0,0,0,0,0,0,0,0,0,0,0,0,0,0,0,0,0,0
3545253429312,27.338773,1788965084167110660,,0,0,0,0,0,0,0,0,0,0,0,0,0,0,0,0,0,0,0
3545273348416,27.358692,1788965084187110489,,0,0,0,0,0,0,0,0,0,0,0,0,0,0,0,0,0,0,0
3545293358528,27.378702,1788965084207110252,,0,0,0,0,0,0,0,0,0,0,0,0,0,0,0,0,0,0,0
3545313354432,27.398698,1788965084227110695,,0,0,0,0,0,0,0,0,0,0,0,0,0,0,0,0,0,0,0
3545333341632,27.418685,1788965084247110284,,0,0,0,0,0,0,0,0,0,0,0,0,0,0,0,0,0,0,0
3545353259776,27.438603,1788965084267110853,,0,0,0,0,0,0,0,0,0,0,0,0,0,0,0,0,0,0,0
3545373359136,27.458702,1788965084287111008,,0,0,0,0,0,0,0,0,0,0,0,0,0,0,0,0,0,0,0
3545393351296,27.478694,1788965084307110630,,0,0,0,0,0,0,0,0,0,0,0,0,0,0,0,0,0,0,0
3545413334496,27.498678,1788965084327111099,,0,0,0,0,0,0,0,0,0,0,0,0,0,0,0,0,0,0,0
3545433351552,27.518695,1788965084347110472,,0,0,0,0,0,0,0,0,0,0,0,0,0,0,0,0,0,0,0
3545453343072,27.538686,1788965084367109785,,0,0,0,0,0,0,0,0,0,0,0,0,0,0,0,0,0,0,0
3545473322880,27.558666,1788965084387110741,,0,0,0,0,0,0,0,0,0,0,0,0,0,0,0,0,0,0,0
3545493372128,27.578715,1788965084407110350,,0,0,0,0,0,0,0,0,0,0,0,0,0,0,0,0,0,0,0
3545513326912,27.59867,1788965084427110320,,0,0,0,0,0,0,0,0,0,0,0,0,0,0,0,0,0,0,0
3545533374176,27.618717,1788965084447110880,,0,0,0,0,0,0,0,0,0,0,0,0,0,0,0,0,0,0,0
3545553270624,27.638614,1788965084467110333,,0,0,0,0,0,0,0,0,0,0,0,0,0,0,0,0,0,0,0
3545573352800,27.658696,1788965084487110573,,0,0,0,0,0,0,0,0,0,0,0,0,0,0,0,0,0,0,0
3545593391584,27.678735,1788965084507110428,,0,0,0,0,0,0,0,0,0,0,0,0,0,0,0,0,0,0,0
3545613401600,27.698745,1788965084527110447,,0,0,0,0,0,0,0,0,0,0,0,0,0,0,0,0,0,0,0
3545633335680,27.718679,1788965084547110535,,0,0,0,0,0,0,0,0,0,0,0,0,0,0,0,0,0,0,0
3545653562368,27.738906,1788965084567111268,,0,0,0,0,0,0,0,0,0,0,0,0,0,0,0,0,0,0,0
3545673347648,27.758691,1788965084587110673,,0,0,0,0,0,0,0,0,0,0,0,0,0,0,0,0,0,0,0
3545693333824,27.778677,1788965084607110437,,0,0,0,0,0,0,0,0,0,0,0,0,0,0,0,0,0,0,0
3545713339008,27.798682,1788965084627110849,,0,0,0,0,0,0,0,0,0,0,0,0,0,0,0,0,0,0,0
3545733339040,27.818682,1788965084647111597,,0,0,0,0,0,0,0,0,0,0,0,0,0,0,0,0,0,0,0
3545753293280,27.838636,1788965084667110960,,0,0,0,0,0,0,0,0,0,0,0,0,0,0,0,0,0,0,0
3545773365920,27.858709,1788965084687124730,,0,0,0,0,0,0,0,0,0,0,0,0,0,0,0,0,0,0,0
3545793367776,27.878711,1788965084707111099,,0,0,0,0,0,0,0,0,0,0,0,0,0,0,0,0,0,0,0
3545813346400,27.89869,1788965084727110636,,0,0,0,0,0,0,0,0,0,0,0,0,0,0,0,0,0,0,0
3545833325856,27.918669,1788965084747110346,,0,0,0,0,0,0,0,0,0,0,0,0,0,0,0,0,0,0,0
3545853345152,27.938688,1788965084767110754,,0,0,0,0,0,0,0,0,0,0,0,0,0,0,0,0,0,0,0
3545873306848,27.95865,1788965084787110558,,0,0,0,0,0,0,0,0,0,0,0,0,0,0,0,0,0,0,0
3545893376352,27.97872,1788965084807110504,,0,0,0,0,0,0,0,0,0,0,0,0,0,0,0,0,0,0,0
3545913307136,27.99865,1788965084827110636,,0,0,0,0,0,0,0,0,0,0,0,0,0,0,0,0,0,0,0
3545933299872,28.018643,1788965084847110832,,0,0,0,0,0,0,0,0,0,0,0,0,0,0,0,0,0,0,0
3545953224320,28.038568,1788965084867110674,,0,0,0,0,0,0,0,0,0,0,0,0,0,0,0,0,0,0,0
3545973307136,28.05865,1788965084887110548,,0,0,0,0,0,0,0,0,0,0,0,0,0,0,0,0,0,0,0
3545993331584,28.078675,1788965084907110721,,0,0,0,0,0,0,0,0,0,0,0,0,0,0,0,0,0,0,0
3546013355808,28.098699,1788965084927110304,,0,0,0,0,0,0,0,0,0,0,0,0,0,0,0,0,0,0,0
3546033300736,28.118644,1788965084947110971,,0,0,0,0,0,0,0,0,0,0,0,0,0,0,0,0,0,0,0
3546053363392,28.138707,1788965084967110398,,0,0,0,0,0,0,0,0,0,0,0,0,0,0,0,0,0,0,0
3546073307456,28.158651,1788965084987110517,,0,0,0,0,0,0,0,0,0,0,0,0,0,0,0,0,0,0,0
3546093338112,28.178681,1788965085007110495,,0,0,0,0,0,0,0,0,0,0,0,0,0,0,0,0,0,0,0
3546113301024,28.198644,1788965085027110787,,0,0,0,0,0,0,0,0,0,0,0,0,0,0,0,0,0,0,0
3546133306112,28.218649,1788965085047110405,,0,0,0,0,0,0,0,0,0,0,0,0,0,0,0,0,0,0,0
3546153253440,28.238597,1788965085067113704,,0,0,0,0,0,0,0,0,0,0,0,0,0,0,0,0,0,0,0
3546173357216,28.2587,1788965085087110920,,0,0,0,0,0,0,0,0,0,0,0,0,0,0,0,0,0,0,0
3546193318176,28.278661,1788965085107122627,,0,0,0,0,0,0,0,0,0,0,0,0,0,0,0,0,0,0,0
3546213287680,28.298631,1788965085127110473,,0,0,0,0,0,0,0,0,0,0,0,0,0,0,0,0,0,0,0
3546233344672,28.318688,1788965085147111277,,0,0,0,0,0,0,0,0,0,0,0,0,0,0,0,0,0,0,0
3546253431712,28.338775,1788965085167110854,,0,0,0,0,0,0,0,0,0,0,0,0,0,0,0,0,0,0,0
3546273293792,28.358637,1788965085187110567,,0,0,0,0,0,0,0,0,0,0,0,0,0,0,0,0,0,0,0
3546293337408,28.378681,1788965085207111305,,0,0,0,0,0,0,0,0,0,0,0,0,0,0,0,0,0,0,0
3546313301344,28.398645,1788965085227110569,,0,0,0,0,0,0,0,0,0,0,0,0,0,0,0,0,0,0,0
3546333293120,28.418636,1788965085247111196,,0,0,0,0,0,0,0,0,0,0,0,0,0,0,0,0,0,0,0
3546353225760,28.438569,1788965085267110840,,0,0,0,0,0,0,0,0,0,0,0,0,0,0,0,0,0,0,0
3546373279200,28.458622,1788965085287111051,,0,0,0,0,0,0,0,0,0,0,0,0,0,0,0,0,0,0,0
3546393292800,28.478636,1788965085307110586,,0,0,0,0,0,0,0,0,0,0,0,0,0,0,0,0,0,0,0
3546413285376,28.498629,1788965085327110918,,0,0,0,0,0,0,0,0,0,0,0,0,0,0,0,0,0,0,0
3546433284352,28.518628,1788965085347110511,,0,0,0,0,0,0,0,0,0,0,0,0,0,0,0,0,0,0,0
3546453470912,28.538814,1788965085367110947,,0,0,0,0,0,0,0,0,0,0,0,0,0,0,0,0,0,0,0
3546473332832,28.558676,1788965085387110720,,0,0,0,0,0,0,0,0,0,0,0,0,0,0,0,0,0,0,0
3546493348736,28.578692,1788965085407111100,,0,0,0,0,0,0,0,0,0,0,0,0,0,0,0,0,0,0,0
3546513308192,28.598651,1788965085427110767,,0,0,0,0,0,0,0,0,0,0,0,0,0,0,0,0,0,0,0
3546533326272,28.618669,1788965085447110549,,0,0,0,0,0,0,0,0,0,0,0,0,0,0,0,0,0,0,0
3546553263424,28.638607,1788965085467110370,,0,0,0,0,0,0,0,0,0,0,0,0,0,0,0,0,0,0,0
3546573365120,28.658708,1788965085487110570,,0,0,0,0,0,0,0,0,0,0,0,0,0,0,0,0,0,0,0
3546593286112,28.678629,1788965085507110548,,0,0,0,0,0,0,0,0,0,0,0,0,0,0,0,0,0,0,0
3546613294112,28.698637,1788965085527110749,,0,0,0,0,0,0,0,0,0,0,0,0,0,0,0,0,0,0,0
3546633291296,28.718634,1788965085547110307,,0,0,0,0,0,0,0,0,0,0,0,0,0,0,0,0,0,0,0
3546653316832,28.73866,1788965085567110621,,0,0,0,0,0,0,0,0,0,0,0,0,0,0,0,0,0,0,0
3546673265664,28.758609,1788965085587110639,,0,0,0,0,0,0,0,0,0,0,0,0,0,0,0,0,0,0,0
3546693349376,28.778693,1788965085607110804,,0,0,0,0,0,0,0,0,0,0,0,0,0,0,0,0,0,0,0
3546713287648,28.798631,1788965085627110671,,0,0,0,0,0,0,0,0,0,0,0,0,0,0,0,0,0,0,0
3546733259616,28.818603,1788965085647111424,,0,0,0,0,0,0,0,0,0,0,0,0,0,0,0,0,0,0,0
3546753252352,28.838596,1788965085667110341,,0,0,0,0,0,0,0,0,0,0,0,0,0,0,0,0,0,0,0
3546773265152,28.858608,1788965085687110178,,0,0,0,0,0,0,0,0,0,0,0,0,0,0,0,0,0,0,0
3546793259680,28.878603,1788965085707110503,,0,0,0,0,0,0,0,0,0,0,0,0,0,0,0,0,0,0,0
3546813271200,28.898614,1788965085727110503,,0,0,0,0,0,0,0,0,0,0,0,0,0,0,0,0,0,0,0
3546833253600,28.918597,1788965085747110619,,0,0,0,0,0,0,0,0,0,0,0,0,0,0,0,0,0,0,0
3546853297920,28.938641,1788965085767110803,,0,0,0,0,0,0,0,0,0,0,0,0,0,0,0,0,0,0,0
3546873271648,28.958615,1788965085787110917,,0,0,0,0,0,0,0,0,0,0,0,0,0,0,0,0,0,0,0
3546893303968,28.978647,1788965085807110474,,0,0,0,0,0,0,0,0,0,0,0,0,0,0,0,0,0,0,0
3546913245888,28.998589,1788965085827110567,,0,0,0,0,0,0,0,0,0,0,0,0,0,0,0,0,0,0,0
3546933283936,29.018627,1788965085847110729,,0,0,0,0,0,0,0,0,0,0,0,0,0,0,0,0,0,0,0
3546953300256,29.038643,1788965085867110503,,0,0,0,0,0,0,0,0,0,0,0,0,0,0,0,0,0,0,0
3546973247104,29.05859,1788965085887110690,,0,0,0,0,0,0,0,0,0,0,0,0,0,0,0,0,0,0,0
3546993259872,29.078603,1788965085907110543,,0,0,0,0,0,0,0,0,0,0,0,0,0,0,0,0,0,0,0
3547013265984,29.098609,1788965085927110357,,0,0,0,0,0,0,0,0,0,0,0,0,0,0,0,0,0,0,0
3547033278752,29.118622,1788965085947110376,,0,0,0,0,0,0,0,0,0,0,0,0,0,0,0,0,0,0,0
3547053314496,29.138658,1788965085967110236,,0,0,0,0,0,0,0,0,0,0,0,0,0,0,0,0,0,0,0
3547073257472,29.158601,1788965085987110526,,0,0,0,0,0,0,0,0,0,0,0,0,0,0,0,0,0,0,0
3547093290400,29.178634,1788965086007110815,,0,0,0,0,0,0,0,0,0,0,0,0,0,0,0,0,0,0,0
3547113271360,29.198615,1788965086027110840,,0,0,0,0,0,0,0,0,0,0,0,0,0,0,0,0,0,0,0
3547133275200,29.218618,1788965086047110689,,0,0,0,0,0,0,0,0,0,0,0,0,0,0,0,0,0,0,0
3547153223328,29.238567,1788965086067110361,,0,0,0,0,0,0,0,0,0,0,0,0,0,0,0,0,0,0,0
3547173325984,29.258669,1788965086087110778,,0,0,0,0,0,0,0,0,0,0,0,0,0,0,0,0,0,0,0
3547193252416,29.278596,1788965086107110070,,0,0,0,0,0,0,0,0,0,0,0,0,0,0,0,0,0,0,0
3547213373152,29.298716,1788965086127110781,,0,0,0,0,0,0,0,0,0,0,0,0,0,0,0,0,0,0,0
3547233247584,29.318591,1788965086147124214,,0,0,0,0,0,0,0,0,0,0,0,0,0,0,0,0,0,0,0
3547253356288,29.338699,1788965086167113577,,0,0,0,0,0,0,0,0,0,0,0,0,0,0,0,0,0,0,0
3547273259328,29.358603,1788965086187122809,,0,0,0,0,0,0,0,0,0,0,0,0,0,0,0,0,0,0,0
3547293312800,29.378656,1788965086207110434,,0,0,0,0,0,0,0,0,0,0,0,0,0,0,0,0,0,0,0
3547313251808,29.398595,1788965086227110792,,0,0,0,0,0,0,0,0,0,0,0,0,0,0,0,0,0,0,0
3547333305280,29.418648,1788965086247111041,,0,0,0,0,0,0,0,0,0,0,0,0,0,0,0,0,0,0,0
3547353238880,29.438582,1788965086267110853,,0,0,0,0,0,0,0,0,0,0,0,0,0,0,0,0,0,0,0
3547373293120,29.458636,1788965086287110656,,0,0,0,0,0,0,0,0,0,0,0,0,0,0,0,0,0,0,0
3547393257248,29.4786,1788965086307110727,,0,0,0,0,0,0,0,0,0,0,0,0,0,0,0,0,0,0,0
3547413282464,29.498626,1788965086327110890,,0,0,0,0,0,0,0,0,0,0,0,0,0,0,0,0,0,0,0
3547433229952,29.518573,1788965086347110057,,0,0,0,0,0,0,0,0,0,0,0,0,0,0,0,0,0,0,0
3547453543424,29.538887,1788965086367110387,,0,0,0,0,0,0,0,0,0,0,0,0,0,0,0,0,0,0,0
3547473233408,29.558577,1788965086387110649,,0,0,0,0,0,0,0,0,0,0,0,0,0,0,0,0,0,0,0
3547493264832,29.578608,1788965086407110879,,0,0,0,0,0,0,0,0,0,0,0,0,0,0,0,0,0,0,0
3547513238304,29.598582,1788965086427110804,,0,0,0,0,0,0,0,0,0,0,0,0,0,0,0,0,0,0,0
3547533237856,29.618581,1788965086447111128,,0,0,0,0,0,0,0,0,0,0,0,0,0,0,0,0,0,0,0
3547553204032,29.638547,1788965086467110344,,0,0,0,0,0,0,0,0,0,0,0,0,0,0,0,0,0,0,0
3547573227072,29.65857,1788965086487110736,,0,0,0,0,0,0,0,0,0,0,0,0,0,0,0,0,0,0,0
3547593242368,29.678586,1788965086507110530,,0,0,0,0,0,0,0,0,0,0,0,0,0,0,0,0,0,0,0
3547613256224,29.698599,1788965086527124497,,0,0,0,0,0,0,0,0,0,0,0,0,0,0,0,0,0,0,0
3547633244320,29.718588,1788965086547110820,,0,0,0,0,0,0,0,0,0,0,0,0,0,0,0,0,0,0,0
3547653273792,29.738617,1788965086567110594,,0,0,0,0,0,0,0,0,0,0,0,0,0,0,0,0,0,0,0
3547673257568,29.758601,1788965086587110243,,0,0,0,0,0,0,0,0,0,0,0,0,0,0,0,0,0,0,0
3547693264864,29.778608,1788965086607110648,,0,0,0,0,0,0,0,0,0,0,0,0,0,0,0,0,0,0,0
3547713230176,29.798573,1788965086627110323,,0,0,0,0,0,0,0,0,0,0,0,0,0,0,0,0,0,0,0
3547733248672,29.818592,1788965086647110945,,0,0,0,0,0,0,0,0,0,0,0,0,0,0,0,0,0,0,0
3547753134656,29.838478,1788965086667110517,,0,0,0,0,0,0,0,0,0,0,0,0,0,0,0,0,0,0,0
3547773212512,29.858556,1788965086687110865,,0,0,0,0,0,0,0,0,0,0,0,0,0,0,0,0,0,0,0
3547793259040,29.878602,1788965086707110757,,0,0,0,0,0,0,0,0,0,0,0,0,0,0,0,0,0,0,0
3547813245408,29.898589,1788965086727110606,,0,0,0,0,0,0,0,0,0,0,0,0,0,0,0,0,0,0,0
3547833237920,29.918581,1788965086747110311,,0,0,0,0,0,0,0,0,0,0,0,0,0,0,0,0,0,0,0
3547853277024,29.93862,1788965086767124277,,0,0,0,0,0,0,0,0,0,0,0,0,0,0,0,0,0,0,0
3547873233280,29.958576,1788965086787110321,,0,0,0,0,0,0,0,0,0,0,0,0,0,0,0,0,0,0,0
3547893228384,29.978572,1788965086807110416,,0,0,0,0,0,0,0,0,0,0,0,0,0,0,0,0,0,0,0
3547913227712,29.998571,1788965086827110547,,0,0,0,0,0,0,0,0,0,0,0,0,0,0,0,0,0,0,0
3547933218688,30.018562,1788965086847110550,,0,0,0,0,0,0,0,0,0,0,0,0,0,0,0,0,0,0,0
3547953168128,30.038511,1788965086867110409,,0,0,0,0,0,0,0,0,0,0,0,0,0,0,0,0,0,0,0
3547973242400,30.058586,1788965086887110541,,0,0,0,0,0,0,0,0,0,0,0,0,0,0,0,0,0,0,0
3547993257824,30.078601,1788965086907110271,,0,0,0,0,0,0,0,0,0,0,0,0,0,0,0,0,0,0,0
3548013228960,30.098572,1788965086927110654,,0,0,0,0,0,0,0,0,0,0,0,0,0,0,0,0,0,0,0
3548033266816,30.11861,1788965086947110418,,0,0,0,0,0,0,0,0,0,0,0,0,0,0,0,0,0,0,0
3548053284000,30.138627,1788965086967110741,,0,0,0,0,0,0,0,0,0,0,0,0,0,0,0,0,0,0,0
3548073231232,30.158574,1788965086987110390,,0,0,0,0,0,0,0,0,0,0,0,0,0,0,0,0,0,0,0
3548093238336,30.178582,1788965087007110351,,0,0,0,0,0,0,0,0,0,0,0,0,0,0,0,0,0,0,0
3548113203072,30.198546,1788965087027110716,,0,0,0,0,0,0,0,0,0,0,0,0,0,0,0,0,0,0,0
3548133246944,30.21859,1788965087047110787,,0,0,0,0,0,0,0,0,0,0,0,0,0,0,0,0,0,0,0
3548153154176,30.238497,1788965087067110446,,0,0,0,0,0,0,0,0,0,0,0,0,0,0,0,0,0,0,0
3548173203136,30.258546,1788965087087110297,,0,0,0,0,0,0,0,0,0,0,0,0,0,0,0,0,0,0,0
3548193240864,30.278584,1788965087107110185,,0,0,0,0,0,0,0,0,0,0,0,0,0,0,0,0,0,0,0
3548213204064,30.298547,1788965087127110337,,0,0,0,0,0,0,0,0,0,0,0,0,0,0,0,0,0,0,0
3548233192928,30.318536,1788965087147110636,,0,0,0,0,0,0,0,0,0,0,0,0,0,0,0,0,0,0,0
3548253246848,30.33859,1788965087167109972,,0,0,0,0,0,0,0,0,0,0,0,0,0,0,0,0,0,0,0
3548273205120,30.358548,1788965087187110174,,0,0,0,0,0,0,0,0,0,0,0,0,0,0,0,0,0,0,0
3548293220032,30.378563,1788965087207110596,,0,0,0,0,0,0,0,0,0,0,0,0,0,0,0,0,0,0,0
3548313215232,30.398558,1788965087227111117,,0,0,0,0,0,0,0,0,0,0,0,0,0,0,0,0,0,0,0
3548333218464,30.418562,1788965087247110704,,0,0,0,0,0,0,0,0,0,0,0,0,0,0,0,0,0,0,0
3548353105984,30.438449,1788965087267110317,,0,0,0,0,0,0,0,0,0,0,0,0,0,0,0,0,0,0,0
3548373219072,30.458562,1788965087287110666,,0,0,0,0,0,0,0,0,0,0,0,0,0,0,0,0,0,0,0
3548393206496,30.47855,1788965087307110117,,0,0,0,0,0,0,0,0,0,0,0,0,0,0,0,0,0,0,0
3548413194720,30.498538,1788965087327110740,,0,0,0,0,0,0,0,0,0,0,0,0,0,0,0,0,0,0,0
3548433206400,30.51855,1788965087347110488,,0,0,0,0,0,0,0,0,0,0,0,0,0,0,0,0,0,0,0
3548453571424,30.538915,1788965087367110328,,0,0,0,0,0,0,0,0,0,0,0,0,0,0,0,0,0,0,0
3548473209024,30.558552,1788965087387110839,,0,0,0,0,0,0,0,0,0,0,0,0,0,0,0,0,0,0,0
3548493192704,30.578536,1788965087407110762,,0,0,0,0,0,0,0,0,0,0,0,0,0,0,0,0,0,0,0
3548513190880,30.598534,1788965087427110524,,0,0,0,0,0,0,0,0,0,0,0,0,0,0,0,0,0,0,0
3548533219296,30.618562,1788965087447110568,,0,0,0,0,0,0,0,0,0,0,0,0,0,0,0,0,0,0,0
3548553082944,30.638426,1788965087467113909,,0,0,0,0,0,0,0,0,0,0,0,0,0,0,0,0,0,0,0
3548573207072,30.65855,1788965087487111006,,0,0,0,0,0,0,0,0,0,0,0,0,0,0,0,0,0,0,0
3548593216288,30.678559,1788965087507110485,,0,0,0,0,0,0,0,0,0,0,0,0,0,0,0,0,0,0,0
3548613186400,30.69853,1788965087527110939,,0,0,0,0,0,0,0,0,0,0,0,0,0,0,0,0,0,0,0
3548633177216,30.71852,1788965087547110599,,0,0,0,0,0,0,0,0,0,0,0,0,0,0,0,0,0,0,0
3548653274592,30.738618,1788965087567110841,,0,0,0,0,0,0,0,0,0,0,0,0,0,0,0,0,0,0,0
3548673182656,30.758526,1788965087587110810,,0,0,0,0,0,0,0,0,0,0,0,0,0,0,0,0,0,0,0
3548693181024,30.778524,1788965087607110502,,0,0,0,0,0,0,0,0,0,0,0,0,0,0,0,0,0,0,0
3548713199264,30.798542,1788965087627110342,,0,0,0,0,0,0,0,0,0,0,0,0,0,0,0,0,0,0,0
3548733186336,30.81853,1788965087647110801,,0,0,0,0,0,0,0,0,0,0,0,0,0,0,0,0,0,0,0
3548753085920,30.838429,1788965087667110752,,0,0,0,0,0,0,0,0,0,0,0,0,0,0,0,0,0,0,0
3548773178336,30.858522,1788965087687110386,,0,0,0,0,0,0,0,0,0,0,0,0,0,0,0,0,0,0,0
3548793165728,30.878509,1788965087707110574,,0,0,0,0,0,0,0,0,0,0,0,0,0,0,0,0,0,0,0
3548813170496,30.898514,1788965087727110083,,0,0,0,0,0,0,0,0,0,0,0,0,0,0,0,0,0,0,0
3548833180704,30.918524,1788965087747110221,,0,0,0,0,0,0,0,0,0,0,0,0,0,0,0,0,0,0,0
3548853237568,30.938581,1788965087767110644,,0,0,0,0,0,0,0,0,0,0,0,0,0,0,0,0,0,0,0
3548873164768,30.958508,1788965087787110585,,0,0,0,0,0,0,0,0,0,0,0,0,0,0,0,0,0,0,0
3548893158912,30.978502,1788965087807124736,,0,0,0,0,0,0,0,0,0,0,0,0,0,0,0,0,0,0,0
3548913171552,30.998515,1788965087827110974,,0,0,0,0,0,0,0,0,0,0,0,0,0,0,0,0,0,0,0
3548933148288,31.018491,1788965087847110923,,0,0,0,0,0,0,0,0,0,0,0,0,0,0,0,0,0,0,0
3548953144928,31.038488,1788965087867110712,,0,0,0,0,0,0,0,0,0,0,0,0,0,0,0,0,0,0,0
3548973151936,31.058495,1788965087887110752,,0,0,0,0,0,0,0,0,0,0,0,0,0,0,0,0,0,0,0
3548993233568,31.078577,1788965087907111027,,0,0,0,0,0,0,0,0,0,0,0,0,0,0,0,0,0,0,0
3549013173600,31.098517,1788965087927110606,,0,0,0,0,0,0,0,0,0,0,0,0,0,0,0,0,0,0,0
3549033169824,31.118513,1788965087947110634,,0,0,0,0,0,0,0,0,0,0,0,0,0,0,0,0,0,0,0
3549053200000,31.138543,1788965087967110774,,0,0,0,0,0,0,0,0,0,0,0,0,0,0,0,0,0,0,0
3549073176576,31.15852,1788965087987110454,,0,0,0,0,0,0,0,0,0,0,0,0,0,0,0,0,0,0,0
3549093184768,31.178528,1788965088007111581,,0,0,0,0,0,0,0,0,0,0,0,0,0,0,0,0,0,0,0
3549113173248,31.198516,1788965088027110633,,0,0,0,0,0,0,0,0,0,0,0,0,0,0,0,0,0,0,0
3549133156064,31.218499,1788965088047111231,,0,0,0,0,0,0,0,0,0,0,0,0,0,0,0,0,0,0,0
3549153090176,31.238433,1788965088067110832,,0,0,0,0,0,0,0,0,0,0,0,0,0,0,0,0,0,0,0
3549173175584,31.258519,1788965088087110611,,0,0,0,0,0,0,0,0,0,0,0,0,0,0,0,0,0,0,0
3549193178048,31.278521,1788965088107110609,,0,0,0,0,0,0,0,0,0,0,0,0,0,0,0,0,0,0,0
3549213154208,31.298497,1788965088127110478,,0,0,0,0,0,0,0,0,0,0,0,0,0,0,0,0,0,0,0
3549233176128,31.318519,1788965088147110638,,0,0,0,0,0,0,0,0,0,0,0,0,0,0,0,0,0,0,0
3549253212864,31.338556,1788965088167110683,,0,0,0,0,0,0,0,0,0,0,0,0,0,0,0,0,0,0,0
3549273161728,31.358505,1788965088187110643,,0,0,0,0,0,0,0,0,0,0,0,0,0,0,0,0,0,0,0
3549293198880,31.378542,1788965088207110309,,0,0,0,0,0,0,0,0,0,0,0,0,0,0,0,0,0,0,0
3549313150144,31.398493,1788965088227110790,,0,0,0,0,0,0,0,0,0,0,0,0,0,0,0,0,0,0,0
3549333146656,31.41849,1788965088247110487,,0,0,0,0,0,0,0,0,0,0,0,0,0,0,0,0,0,0,0
3549353095456,31.438439,1788965088267110339,,0,0,0,0,0,0,0,0,0,0,0,0,0,0,0,0,0,0,0
3549373179872,31.458523,1788965088287110408,,0,0,0,0,0,0,0,0,0,0,0,0,0,0,0,0,0,0,0
3549393176160,31.478519,1788965088307113046,,0,0,0,0,0,0,0,0,0,0,0,0,0,0,0,0,0,0,0
3549413157504,31.498501,1788965088327113098,,0,0,0,0,0,0,0,0,0,0,0,0,0,0,0,0,0,0,0
3549433143104,31.518486,1788965088347110753,,0,0,0,0,0,0,0,0,0,0,0,0,0,0,0,0,0,0,0
3549453818112,31.539161,1788965088367110545,,0,0,0,0,0,0,0,0,0,0,0,0,0,0,0,0,0,0,0
3549473185888,31.558529,1788965088387109973,,0,0,0,0,0,0,0,0,0,0,0,0,0,0,0,0,0,0,0
3549493256128,31.578599,1788965088407110724,,0,0,0,0,0,0,0,0,0,0,0,0,0,0,0,0,0,0,0
3549513170848,31.598514,1788965088427110742,,0,0,0,0,0,0,0,0,0,0,0,0,0,0,0,0,0,0,0
3549533176192,31.618519,1788965088447110409,,0,0,0,0,0,0,0,0,0,0,0,0,0,0,0,0,0,0,0
3549553024704,31.638368,1788965088467110675,,0,0,0,0,0,0,0,0,0,0,0,0,0,0,0,0,0,0,0
3549573180576,31.658524,1788965088487110885,,0,0,0,0,0,0,0,0,0,0,0,0,0,0,0,0,0,0,0
3549593152032,31.678495,1788965088507111367,,0,0,0,0,0,0,0,0,0,0,0,0,0,0,0,0,0,0,0
3549613145472,31.698489,1788965088527110485,,0,0,0,0,0,0,0,0,0,0,0,0,0,0,0,0,0,0,0
3549633163616,31.718507,1788965088547110447,,0,0,0,0,0,0,0,0,0,0,0,0,0,0,0,0,0,0,0
3549653147008,31.73849,1788965088567110742,,0,0,0,0,0,0,0,0,0,0,0,0,0,0,0,0,0,0,0
3549673121504,31.758465,1788965088587111013,,0,0,0,0,0,0,0,0,0,0,0,0,0,0,0,0,0,0,0
3549693155328,31.778499,1788965088607110711,,0,0,0,0,0,0,0,0,0,0,0,0,0,0,0,0,0,0,0
3549713176160,31.798519,1788965088627110755,,0,0,0,0,0,0,0,0,0,0,0,0,0,0,0,0,0,0,0
3549733140096,31.818483,1788965088647110968,,0,0,0,0,0,0,0,0,0,0,0,0,0,0,0,0,0,0,0
3549753061600,31.838405,1788965088667110452,,0,0,0,0,0,0,0,0,0,0,0,0,0,0,0,0,0,0,0
3549773127008,31.85847,1788965088687110904,,0,0,0,0,0,0,0,0,0,0,0,0,0,0,0,0,0,0,0
3549793165696,31.878509,1788965088707110318,,0,0,0,0,0,0,0,0,0,0,0,0,0,0,0,0,0,0,0
3549813155520,31.898499,1788965088727110135,,0,0,0,0,0,0,0,0,0,0,0,0,0,0,0,0,0,0,0
3549833137216,31.91848,1788965088747110332,,0,0,0,0,0,0,0,0,0,0,0,0,0,0,0,0,0,0,0
3549853142368,31.938486,1788965088767109934,,0,0,0,0,0,0,0,0,0,0,0,0,0,0,0,0,0,0,0
3549873126720,31.95847,1788965088787114588,,0,0,0,0,0,0,0,0,0,0,0,0,0,0,0,0,0,0,0
3549893145504,31.978489,1788965088807110839,,0,0,0,0,0,0,0,0,0,0,0,0,0,0,0,0,0,0,0
3549913176384,31.99852,1788965088827110733,,0,0,0,0,0,0,0,0,0,0,0,0,0,0,0,0,0,0,0
3549933114464,32.018458,1788965088847124414,,0,0,0,0,0,0,0,0,0,0,0,0,0,0,0,0,0,0,0
3549953165536,32.038509,1788965088867110514,,0,0,0,0,0,0,0,0,0,0,0,0,0,0,0,0,0,0,0
3549973199008,32.058542,1788965088887110679,,0,0,0,0,0,0,0,0,0,0,0,0,0,0,0,0,0,0,0
3549993136832,32.07848,1788965088907110545,,0,0,0,0,0,0,0,0,0,0,0,0,0,0,0,0,0,0,0
3550013129664,32.098473,1788965088927110423,,0,0,0,0,0,0,0,0,0,0,0,0,0,0,0,0,0,0,0
3550033137792,32.118481,1788965088947110606,,0,0,0,0,0,0,0,0,0,0,0,0,0,0,0,0,0,0,0
3550053140128,32.138483,1788965088967110720,,0,0,0,0,0,0,0,0,0,0,0,0,0,0,0,0,0,0,0
3550073115392,32.158459,1788965088987110522,,0,0,0,0,0,0,0,0,0,0,0,0,0,0,0,0,0,0,0
3550093156288,32.178499,1788965089007110643,,0,0,0,0,0,0,0,0,0,0,0,0,0,0,0,0,0,0,0
3550113134240,32.198477,1788965089027110670,,0,0,0,0,0,0,0,0,0,0,0,0,0,0,0,0,0,0,0
3550133126016,32.218469,1788965089047110826,,0,0,0,0,0,0,0,0,0,0,0,0,0,0,0,0,0,0,0
3550152999456,32.238343,1788965089067110558,,0,0,0,0,0,0,0,0,0,0,0,0,0,0,0,0,0,0,0
3550173395264,32.258738,1788965089087110445,,0,0,0,0,0,0,0,0,0,0,0,0,0,0,0,0,0,0,0
3550193117792,32.278461,1788965089107111138,,0,0,0,0,0,0,0,0,0,0,0,0,0,0,0,0,0,0,0
3550213169280,32.298512,1788965089127110609,,0,0,0,0,0,0,0,0,0,0,0,0,0,0,0,0,0,0,0
3550233133184,32.318476,1788965089147111809,,0,0,0,0,0,0,0,0,0,0,0,0,0,0,0,0,0,0,0
3550253105216,32.338448,1788965089167110470,,0,0,0,0,0,0,0,0,0,0,0,0,0,0,0,0,0,0,0
3550273126464,32.35847,1788965089187114032,,0,0,0,0,0,0,0,0,0,0,0,0,0,0,0,0,0,0,0
3550293135680,32.378479,1788965089207110160,,0,0,0,0,0,0,0,0,0,0,0,0,0,0,0,0,0,0,0
3550313106592,32.39845,1788965089227110528,,0,0,0,0,0,0,0,0,0,0,0,0,0,0,0,0,0,0,0
3550333120992,32.418464,1788965089247110048,,0,0,0,0,0,0,0,0,0,0,0,0,0,0,0,0,0,0,0
3550352984224,32.438327,1788965089267109992,,0,0,0,0,0,0,0,0,0,0,0,0,0,0,0,0,0,0,0
3550373097056,32.45844,1788965089287110362,,0,0,0,0,0,0,0,0,0,0,0,0,0,0,0,0,0,0,0
3550393132736,32.478476,1788965089307110776,,0,0,0,0,0,0,0,0,0,0,0,0,0,0,0,0,0,0,0
3550413111584,32.498455,1788965089327110314,,0,0,0,0,0,0,0,0,0,0,0,0,0,0,0,0,0,0,0
3550433086016,32.518429,1788965089347110199,,0,0,0,0,0,0,0,0,0,0,0,0,0,0,0,0,0,0,0
3550453118880,32.538462,1788965089367111970,,0,0,0,0,0,0,0,0,0,0,0,0,0,0,0,0,0,0,0
3550473098592,32.558442,1788965089387111181,,0,0,0,0,0,0,0,0,0,0,0,0,0,0,0,0,0,0,0
3550493137888,32.578481,1788965089407111411,,0,0,0,0,0,0,0,0,0,0,0,0,0,0,0,0,0,0,0
3550513143264,32.598486,1788965089427113246,,0,0,0,0,0,0,0,0,0,0,0,0,0,0,0,0,0,0,0
3550533101760,32.618445,1788965089447110850,,0,0,0,0,0,0,0,0,0,0,0,0,0,0,0,0,0,0,0
3550553002976,32.638346,1788965089467110265,,0,0,0,0,0,0,0,0,0,0,0,0,0,0,0,0,0,0,0
3550573102720,32.658446,1788965089487110741,,0,0,0,0,0,0,0,0,0,0,0,0,0,0,0,0,0,0,0
3550593068672,32.678412,1788965089507110549,,0,0,0,0,0,0,0,0,0,0,0,0,0,0,0,0,0,0,0
3550613122752,32.698466,1788965089527110438,,0,0,0,0,0,0,0,0,0,0,0,0,0,0,0,0,0,0,0
3550633088000,32.718431,1788965089547110579,,0,0,0,0,0,0,0,0,0,0,0,0,0,0,0,0,0,0,0
3550653083584,32.738427,1788965089567110380,,0,0,0,0,0,0,0,0,0,0,0,0,0,0,0,0,0,0,0
3550673105792,32.758449,1788965089587110386,,0,0,0,0,0,0,0,0,0,0,0,0,0,0,0,0,0,0,0
3550693113152,32.778456,1788965089607110436,,0,0,0,0,0,0,0,0,0,0,0,0,0,0,0,0,0,0,0
3550713119872,32.798463,1788965089627109855,,0,0,0,0,0,0,0,0,0,0,0,0,0,0,0,0,0,0,0
3550733102784,32.818446,1788965089647119154,,0,0,0,0,0,0,0,0,0,0,0,0,0,0,0,0,0,0,0
3550753015520,32.838359,1788965089667110851,,0,0,0,0,0,0,0,0,0,0,0,0,0,0,0,0,0,0,0
3550773089088,32.858432,1788965089687110508,,0,0,0,0,0,0,0,0,0,0,0,0,0,0,0,0,0,0,0
3550793114912,32.878458,1788965089707110706,,0,0,0,0,0,0,0,0,0,0,0,0,0,0,0,0,0,0,0
3550813099616,32.898443,1788965089727110727,,0,0,0,0,0,0,0,0,0,0,0,0,0,0,0,0,0,0,0
3550833060576,32.918404,1788965089747110548,,0,0,0,0,0,0,0,0,0,0,0,0,0,0,0,0,0,0,0
3550853088384,32.938432,1788965089767110706,,0,0,0,0,0,0,0,0,0,0,0,0,0,0,0,0,0,0,0
3550873056896,32.9584,1788965089787110845,,0,0,0,0,0,0,0,0,0,0,0,0,0,0,0,0,0,0,0
3550893093184,32.978436,1788965089807110674,,0,0,0,0,0,0,0,0,0,0,0,0,0,0,0,0,0,0,0
3550913108000,32.998451,1788965089827109981,,0,0,0,0,0,0,0,0,0,0,0,0,0,0,0,0,0,0,0
3550933061280,33.018404,1788965089847110881,,0,0,0,0,0,0,0,0,0,0,0,0,0,0,0,0,0,0,0
3550953008512,33.038352,1788965089867110681,,0,0,0,0,0,0,0,0,0,0,0,0,0,0,0,0,0,0,0
3550973094112,33.058437,1788965089887110355,,0,0,0,0,0,0,0,0,0,0,0,0,0,0,0,0,0,0,0
3550993093728,33.078437,1788965089907110952,,0,0,0,0,0,0,0,0,0,0,0,0,0,0,0,0,0,0,0
3551013085184,33.098428,1788965089927110816,,0,0,0,0,0,0,0,0,0,0,0,0,0,0,0,0,0,0,0
3551033071360,33.118415,1788965089947111321,,0,0,0,0,0,0,0,0,0,0,0,0,0,0,0,0,0,0,0
3551053071200,33.138414,1788965089967110890,,0,0,0,0,0,0,0,0,0,0,0,0,0,0,0,0,0,0,0
3551073080992,33.158424,1788965089987110807,,0,0,0,0,0,0,0,0,0,0,0,0,0,0,0,0,0,0,0
3551093079456,33.178423,1788965090007111304,,0,0,0,0,0,0,0,0,0,0,0,0,0,0,0,0,0,0,0
3551113102368,33.198446,1788965090027110710,,0,0,0,0,0,0,0,0,0,0,0,0,0,0,0,0,0,0,0
3551133076544,33.21842,1788965090047110566,,0,0,0,0,0,0,0,0,0,0,0,0,0,0,0,0,0,0,0
3551152975968,33.238319,1788965090067110044,,0,0,0,0,0,0,0,0,0,0,0,0,0,0,0,0,0,0,0
3551173056064,33.258399,1788965090087110779,,0,0,0,0,0,0,0,0,0,0,0,0,0,0,0,0,0,0,0
3551193130784,33.278474,1788965090107110501,,0,0,0,0,0,0,0,0,0,0,0,0,0,0,0,0,0,0,0
3551213079840,33.298423,1788965090127110575,,0,0,0,0,0,0,0,0,0,0,0,0,0,0,0,0,0,0,0
3551233058400,33.318402,1788965090147111359,,0,0,0,0,0,0,0,0,0,0,0,0,0,0,0,0,0,0,0
3551253111456,33.338455,1788965090167110703,,0,0,0,0,0,0,0,0,0,0,0,0,0,0,0,0,0,0,0
3551273046848,33.35839,1788965090187110595,,0,0,0,0,0,0,0,0,0,0,0,0,0,0,0,0,0,0,0
3551293096480,33.37844,1788965090207111137,,0,0,0,0,0,0,0,0,0,0,0,0,0,0,0,0,0,0,0
3551313074272,33.398417,1788965090227111430,,0,0,0,0,0,0,0,0,0,0,0,0,0,0,0,0,0,0,0
3551333053312,33.418397,1788965090247111013,,0,0,0,0,0,0,0,0,0,0,0,0,0,0,0,0,0,0,0
3551352932224,33.438275,1788965090267110293,,0,0,0,0,0,0,0,0,0,0,0,0,0,0,0,0,0,0,0
3551373077312,33.458421,1788965090287110952,,0,0,0,0,0,0,0,0,0,0,0,0,0,0,0,0,0,0,0
3551393107424,33.478451,1788965090307110608,,0,0,0,0,0,0,0,0,0,0,0,0,0,0,0,0,0,0,0
3551413089248,33.498432,1788965090327110376,,0,0,0,0,0,0,0,0,0,0,0,0,0,0,0,0,0,0,0
3551433050304,33.518394,1788965090347110662,,0,0,0,0,0,0,0,0,0,0,0,0,0,0,0,0,0,0,0
3551453061024,33.538404,1788965090367110339,,0,0,0,0,0,0,0,0,0,0,0,0,0,0,0,0,0,0,0
3551473078112,33.558421,1788965090387110656,,0,0,0,0,0,0,0,0,0,0,0,0,0,0,0,0,0,0,0
3551493100128,33.578443,1788965090407110508,,0,0,0,0,0,0,0,0,0,0,0,0,0,0,0,0,0,0,0
3551513064928,33.598408,1788965090427113785,,0,0,0,0,0,0,0,0,0,0,0,0,0,0,0,0,0,0,0
3551533090496,33.618434,1788965090447113899,,0,0,0,0,0,0,0,0,0,0,0,0,0,0,0,0,0,0,0
3551552929792,33.638273,1788965090467110859,,0,0,0,0,0,0,0,0,0,0,0,0,0,0,0,0,0,0,0
3551573063776,33.658407,1788965090487113416,,0,0,0,0,0,0,0,0,0,0,0,0,0,0,0,0,0,0,0
3551593098656,33.678442,1788965090507111181,,0,0,0,0,0,0,0,0,0,0,0,0,0,0,0,0,0,0,0
3551613088608,33.698432,1788965090527112462,,0,0,0,0,0,0,0,0,0,0,0,0,0,0,0,0,0,0,0
3551633058176,33.718401,1788965090547110646,,0,0,0,0,0,0,0,0,0,0,0,0,0,0,0,0,0,0,0
3551653084288,33.738427,1788965090567111011,,0,0,0,0,0,0,0,0,0,0,0,0,0,0,0,0,0,0,0
3551673051232,33.758394,1788965090587110380,,0,0,0,0,0,0,0,0,0,0,0,0,0,0,0,0,0,0,0
3551693046592,33.77839,1788965090607111087,,0,0,0,0,0,0,0,0,0,0,0,0,0,0,0,0,0,0,0
3551713084448,33.798428,1788965090627110446,,0,0,0,0,0,0,0,0,0,0,0,0,0,0,0,0,0,0,0
3551733047392,33.818391,1788965090647118644,,0,0,0,0,0,0,0,0,0,0,0,0,0,0,0,0,0,0,0
3551752918336,33.838262,1788965090667110890,,0,0,0,0,0,0,0,0,0,0,0,0,0,0,0,0,0,0,0
3551773053888,33.858397,1788965090687110504,,0,0,0,0,0,0,0,0,0,0,0,0,0,0,0,0,0,0,0
3551793058208,33.878401,1788965090707110995,,0,0,0,0,0,0,0,0,0,0,0,0,0,0,0,0,0,0,0
3551813030816,33.898374,1788965090727110594,,0,0,0,0,0,0,0,0,0,0,0,0,0,0,0,0,0,0,0
3551833035840,33.918379,1788965090747110362,,0,0,0,0,0,0,0,0,0,0,0,0,0,0,0,0,0,0,0
3551853036672,33.93838,1788965090767110624,,0,0,0,0,0,0,0,0,0,0,0,0,0,0,0,0,0,0,0
3551873011616,33.958355,1788965090787111314,,0,0,0,0,0,0,0,0,0,0,0,0,0,0,0,0,0,0,0
3551893064544,33.978408,1788965090807110957,,0,0,0,0,0,0,0,0,0,0,0,0,0,0,0,0,0,0,0
3551913044320,33.998388,1788965090827111050,,0,0,0,0,0,0,0,0,0,0,0,0,0,0,0,0,0,0,0
3551933068224,34.018411,1788965090847111100,,0,0,0,0,0,0,0,0,0,0,0,0,0,0,0,0,0,0,0
3551952892736,34.038236,1788965090867110673,,0,0,0,0,0,0,0,0,0,0,0,0,0,0,0,0,0,0,0
3551973030016,34.058373,1788965090887110395,,0,0,0,0,0,0,0,0,0,0,0,0,0,0,0,0,0,0,0
3551993024832,34.078368,1788965090907110647,,0,0,0,0,0,0,0,0,0,0,0,0,0,0,0,0,0,0,0
3552013053280,34.098396,1788965090927111348,,0,0,0,0,0,0,0,0,0,0,0,0,0,0,0,0,0,0,0
3552033013856,34.118357,1788965090947110737,,0,0,0,0,0,0,0,0,0,0,0,0,0,0,0,0,0,0,0
3552053051168,34.138394,1788965090967110868,,0,0,0,0,0,0,0,0,0,0,0,0,0,0,0,0,0,0,0
3552073028576,34.158372,1788965090987110769,,0,0,0,0,0,0,0,0,0,0,0,0,0,0,0,0,0,0,0
3552093065152,34.178408,1788965091007111487,,0,0,0,0,0,0,0,0,0,0,0,0,0,0,0,0,0,0,0
