t_recv_ns,t_s,t_stamp_ns,frame_id,hardware_connected,analog_states_0,analog_states_1,analog_states_2,analog_states_3,analog_states_4,analog_states_5,digital_states_0,digital_states_1,digital_states_2,digital_states_3,digital_states_4,digital_states_5,digital_states_6,digital_states_7,digital_states_8,digital_states_9,digital_states_10,digital_states_11
21067217740800,0,1786372524716524545,,0,0,0,0,0,0,0,0,0,0,0,0,0,0,0,0,0,0,0
21067237839168,0.020098368,1786372524736508301,,0,0,0,0,0,0,0,0,0,0,0,0,0,0,0,0,0,0,0
21067257893728,0.040152928,1786372524756511669,,0,0,0,0,0,0,0,0,0,0,0,0,0,0,0,0,0,0,0
21067277821728,0.060080928,1786372524776505874,,0,0,0,0,0,0,0,0,0,0,0,0,0,0,0,0,0,0,0
21067297833632,0.080092832,1786372524796511581,,0,0,0,0,0,0,0,0,0,0,0,0,0,0,0,0,0,0,0
21067317875456,0.10013466,1786372524816532580,,0,0,0,0,0,0,0,0,0,0,0,0,0,0,0,0,0,0,0
21067337862816,0.12012202,1786372524836528218,,0,0,0,0,0,0,0,0,0,0,0,0,0,0,0,0,0,0,0
21067357880896,0.1401401,1786372524856523798,,0,0,0,0,0,0,0,0,0,0,0,0,0,0,0,0,0,0,0
21067377806720,0.16006592,1786372524876506382,,0,0,0,0,0,0,0,0,0,0,0,0,0,0,0,0,0,0,0
21067397841696,0.1801009,1786372524896512373,,0,0,0,0,0,0,0,0,0,0,0,0,0,0,0,0,0,0,0
21067417843776,0.20010298,1786372524916504166,,0,0,0,0,0,0,0,0,0,0,0,0,0,0,0,0,0,0,0
21067437847328,0.22010653,1786372524936511071,,0,0,0,0,0,0,0,0,0,0,0,0,0,0,0,0,0,0,0
21067457899072,0.24015827,1786372524956532584,,0,0,0,0,0,0,0,0,0,0,0,0,0,0,0,0,0,0,0
21067477828320,0.26008752,1786372524976528729,,0,0,0,0,0,0,0,0,0,0,0,0,0,0,0,0,0,0,0
21067497841600,0.2801008,1786372524996524303,,0,0,0,0,0,0,0,0,0,0,0,0,0,0,0,0,0,0,0
21067517846464,0.30010566,1786372525016507315,,0,0,0,0,0,0,0,0,0,0,0,0,0,0,0,0,0,0,0
21067537818752,0.32007795,1786372525036511375,,0,0,0,0,0,0,0,0,0,0,0,0,0,0,0,0,0,0,0
21067557809888,0.34006909,1786372525056504085,,0,0,0,0,0,0,0,0,0,0,0,0,0,0,0,0,0,0,0
21067577850496,0.3601097,1786372525076511120,,0,0,0,0,0,0,0,0,0,0,0,0,0,0,0,0,0,0,0
21067597843680,0.38010288,1786372525096534692,,0,0,0,0,0,0,0,0,0,0,0,0,0,0,0,0,0,0,0
21067617839744,0.40009894,1786372525116527004,,0,0,0,0,0,0,0,0,0,0,0,0,0,0,0,0,0,0,0
21067637829344,0.42008854,1786372525136524153,,0,0,0,0,0,0,0,0,0,0,0,0,0,0,0,0,0,0,0
21067657813184,0.44007238,1786372525156506668,,0,0,0,0,0,0,0,0,0,0,0,0,0,0,0,0,0,0,0
21067677730112,0.45998931,1786372525176510885,,0,0,0,0,0,0,0,0,0,0,0,0,0,0,0,0,0,0,0
21067697810688,0.48006989,1786372525196504817,,0,0,0,0,0,0,0,0,0,0,0,0,0,0,0,0,0,0,0
21067717802688,0.50006189,1786372525216510610,,0,0,0,0,0,0,0,0,0,0,0,0,0,0,0,0,0,0,0
21067737833472,0.52009267,1786372525236531182,,0,0,0,0,0,0,0,0,0,0,0,0,0,0,0,0,0,0,0
21067757836512,0.54009571,1786372525256542380,,0,0,0,0,0,0,0,0,0,0,0,0,0,0,0,0,0,0,0
21067777924672,0.56018387,1786372525276523122,,0,0,0,0,0,0,0,0,0,0,0,0,0,0,0,0,0,0,0
21067797816192,0.58007539,1786372525296507173,,0,0,0,0,0,0,0,0,0,0,0,0,0,0,0,0,0,0,0
21067817805120,0.60006432,1786372525316511052,,0,0,0,0,0,0,0,0,0,0,0,0,0,0,0,0,0,0,0
21067837836832,0.62009603,1786372525336505671,,0,0,0,0,0,0,0,0,0,0,0,0,0,0,0,0,0,0,0
21067857814080,0.64007328,1786372525356510617,,0,0,0,0,0,0,0,0,0,0,0,0,0,0,0,0,0,0,0
21067877765696,0.6600249,1786372525376531314,,0,0,0,0,0,0,0,0,0,0,0,0,0,0,0,0,0,0,0
21067897818912,0.68007811,1786372525396526975,,0,0,0,0,0,0,0,0,0,0,0,0,0,0,0,0,0,0,0
21067917834912,0.70009411,1786372525416523517,,0,0,0,0,0,0,0,0,0,0,0,0,0,0,0,0,0,0,0
21067937799200,0.7200584,1786372525436507375,,0,0,0,0,0,0,0,0,0,0,0,0,0,0,0,0,0,0,0
21067957820416,0.74007962,1786372525456511189,,0,0,0,0,0,0,0,0,0,0,0,0,0,0,0,0,0,0,0
21067977845344,0.76010454,1786372525476504047,,0,0,0,0,0,0,0,0,0,0,0,0,0,0,0,0,0,0,0
21067997803808,0.78006301,1786372525496511059,,0,0,0,0,0,0,0,0,0,0,0,0,0,0,0,0,0,0,0
21068017814720,0.80007392,1786372525516532031,,0,0,0,0,0,0,0,0,0,0,0,0,0,0,0,0,0,0,0
21068037858176,0.82011738,1786372525536526969,,0,0,0,0,0,0,0,0,0,0,0,0,0,0,0,0,0,0,0
21068057835104,0.8400943,1786372525556524184,,0,0,0,0,0,0,0,0,0,0,0,0,0,0,0,0,0,0,0
21068077817536,0.86007674,1786372525576507029,,0,0,0,0,0,0,0,0,0,0,0,0,0,0,0,0,0,0,0
21068097812256,0.88007146,1786372525596513961,,0,0,0,0,0,0,0,0,0,0,0,0,0,0,0,0,0,0,0
21068117804608,0.90006381,1786372525616505342,,0,0,0,0,0,0,0,0,0,0,0,0,0,0,0,0,0,0,0
21068137803488,0.92006269,1786372525636512045,,0,0,0,0,0,0,0,0,0,0,0,0,0,0,0,0,0,0,0
21068157821280,0.94008048,1786372525656532389,,0,0,0,0,0,0,0,0,0,0,0,0,0,0,0,0,0,0,0
21068177840736,0.96009994,1786372525676528642,,0,0,0,0,0,0,0,0,0,0,0,0,0,0,0,0,0,0,0
21068197801120,0.98006032,1786372525696522170,,0,0,0,0,0,0,0,0,0,0,0,0,0,0,0,0,0,0,0
21068217783616,1.0000428,1786372525716506700,,0,0,0,0,0,0,0,0,0,0,0,0,0,0,0,0,0,0,0
21068237812800,1.020072,1786372525736511944,,0,0,0,0,0,0,0,0,0,0,0,0,0,0,0,0,0,0,0
21068257795264,1.0400545,1786372525756504638,,0,0,0,0,0,0,0,0,0,0,0,0,0,0,0,0,0,0,0
21068277770528,1.0600297,1786372525776511346,,0,0,0,0,0,0,0,0,0,0,0,0,0,0,0,0,0,0,0
21068297793504,1.0800527,1786372525796531820,,0,0,0,0,0,0,0,0,0,0,0,0,0,0,0,0,0,0,0
21068317796480,1.1000557,1786372525816529709,,0,0,0,0,0,0,0,0,0,0,0,0,0,0,0,0,0,0,0
21068337803936,1.1200631,1786372525836524992,,0,0,0,0,0,0,0,0,0,0,0,0,0,0,0,0,0,0,0
21068357761024,1.1400202,1786372525856506431,,0,0,0,0,0,0,0,0,0,0,0,0,0,0,0,0,0,0,0
21068377821024,1.1600802,1786372525876510428,,0,0,0,0,0,0,0,0,0,0,0,0,0,0,0,0,0,0,0
21068397769664,1.1800289,1786372525896504012,,0,0,0,0,0,0,0,0,0,0,0,0,0,0,0,0,0,0,0
21068417806848,1.200066,1786372525916511936,,0,0,0,0,0,0,0,0,0,0,0,0,0,0,0,0,0,0,0
21068437838880,1.2200981,1786372525936532532,,0,0,0,0,0,0,0,0,0,0,0,0,0,0,0,0,0,0,0
21068457806752,1.240066,1786372525956528330,,0,0,0,0,0,0,0,0,0,0,0,0,0,0,0,0,0,0,0
21068477749952,1.2600092,1786372525976523230,,0,0,0,0,0,0,0,0,0,0,0,0,0,0,0,0,0,0,0
21068497770784,1.28003,1786372525996506677,,0,0,0,0,0,0,0,0,0,0,0,0,0,0,0,0,0,0,0
21068517767008,1.3000262,1786372526016510624,,0,0,0,0,0,0,0,0,0,0,0,0,0,0,0,0,0,0,0
21068537802304,1.3200615,1786372526036503878,,0,0,0,0,0,0,0,0,0,0,0,0,0,0,0,0,0,0,0
21068557779168,1.3400384,1786372526056511460,,0,0,0,0,0,0,0,0,0,0,0,0,0,0,0,0,0,0,0
21068577787840,1.360047,1786372526076531494,,0,0,0,0,0,0,0,0,0,0,0,0,0,0,0,0,0,0,0
21068597788800,1.380048,1786372526096529225,,0,0,0,0,0,0,0,0,0,0,0,0,0,0,0,0,0,0,0
21068617840768,1.4001,1786372526116523603,,0,0,0,0,0,0,0,0,0,0,0,0,0,0,0,0,0,0,0
21068637773440,1.4200326,1786372526136506994,,0,0,0,0,0,0,0,0,0,0,0,0,0,0,0,0,0,0,0
21068657780992,1.4400402,1786372526156510905,,0,0,0,0,0,0,0,0,0,0,0,0,0,0,0,0,0,0,0
21068677724576,1.4599838,1786372526176503257,,0,0,0,0,0,0,0,0,0,0,0,0,0,0,0,0,0,0,0
21068697812480,1.4800717,1786372526196511276,,0,0,0,0,0,0,0,0,0,0,0,0,0,0,0,0,0,0,0
21068717783232,1.5000424,1786372526216531006,,0,0,0,0,0,0,0,0,0,0,0,0,0,0,0,0,0,0,0
21068737806400,1.5200656,1786372526236527874,,0,0,0,0,0,0,0,0,0,0,0,0,0,0,0,0,0,0,0
21068757777568,1.5400368,1786372526256524004,,0,0,0,0,0,0,0,0,0,0,0,0,0,0,0,0,0,0,0
21068777789472,1.5600487,1786372526276507270,,0,0,0,0,0,0,0,0,0,0,0,0,0,0,0,0,0,0,0
21068797748800,1.580008,1786372526296510933,,0,0,0,0,0,0,0,0,0,0,0,0,0,0,0,0,0,0,0
21068817728160,1.5999874,1786372526316504609,,0,0,0,0,0,0,0,0,0,0,0,0,0,0,0,0,0,0,0
21068837769504,1.6200287,1786372526336510303,,0,0,0,0,0,0,0,0,0,0,0,0,0,0,0,0,0,0,0
21068857792736,1.6400519,1786372526356531698,,0,0,0,0,0,0,0,0,0,0,0,0,0,0,0,0,0,0,0
21068877707168,1.6599664,1786372526376527602,,0,0,0,0,0,0,0,0,0,0,0,0,0,0,0,0,0,0,0
21068897761824,1.680021,1786372526396523650,,0,0,0,0,0,0,0,0,0,0,0,0,0,0,0,0,0,0,0
21068917755968,1.7000152,1786372526416507228,,0,0,0,0,0,0,0,0,0,0,0,0,0,0,0,0,0,0,0
21068937786240,1.7200454,1786372526436511348,,0,0,0,0,0,0,0,0,0,0,0,0,0,0,0,0,0,0,0
21068957767040,1.7400262,1786372526456504169,,0,0,0,0,0,0,0,0,0,0,0,0,0,0,0,0,0,0,0
21068977769984,1.7600292,1786372526476511196,,0,0,0,0,0,0,0,0,0,0,0,0,0,0,0,0,0,0,0
21068997759744,1.7800189,1786372526496531900,,0,0,0,0,0,0,0,0,0,0,0,0,0,0,0,0,0,0,0
21069017796768,1.800056,1786372526516528814,,0,0,0,0,0,0,0,0,0,0,0,0,0,0,0,0,0,0,0
21069037758080,1.8200173,1786372526536538618,,0,0,0,0,0,0,0,0,0,0,0,0,0,0,0,0,0,0,0
21069057761568,1.8400208,1786372526556507578,,0,0,0,0,0,0,0,0,0,0,0,0,0,0,0,0,0,0,0
21069077754560,1.8600138,1786372526576510531,,0,0,0,0,0,0,0,0,0,0,0,0,0,0,0,0,0,0,0
21069097731424,1.8799906,1786372526596506816,,0,0,0,0,0,0,0,0,0,0,0,0,0,0,0,0,0,0,0
21069117763232,1.9000224,1786372526616511422,,0,0,0,0,0,0,0,0,0,0,0,0,0,0,0,0,0,0,0
21069137792448,1.9200516,1786372526636532744,,0,0,0,0,0,0,0,0,0,0,0,0,0,0,0,0,0,0,0
21069157785152,1.9400444,1786372526656529176,,0,0,0,0,0,0,0,0,0,0,0,0,0,0,0,0,0,0,0
21069177788832,1.960048,1786372526676525040,,0,0,0,0,0,0,0,0,0,0,0,0,0,0,0,0,0,0,0
21069197736256,1.9799955,1786372526696507153,,0,0,0,0,0,0,0,0,0,0,0,0,0,0,0,0,0,0,0
21069217796384,2.0000556,1786372526716511398,,0,0,0,0,0,0,0,0,0,0,0,0,0,0,0,0,0,0,0
21069237746656,2.0200059,1786372526736504355,,0,0,0,0,0,0,0,0,0,0,0,0,0,0,0,0,0,0,0
21069257740960,2.0400002,1786372526756511659,,0,0,0,0,0,0,0,0,0,0,0,0,0,0,0,0,0,0,0
21069277647520,2.0599067,1786372526776531407,,0,0,0,0,0,0,0,0,0,0,0,0,0,0,0,0,0,0,0
21069297735424,2.0799946,1786372526796527515,,0,0,0,0,0,0,0,0,0,0,0,0,0,0,0,0,0,0,0
21069317777728,2.1000369,1786372526816523932,,0,0,0,0,0,0,0,0,0,0,0,0,0,0,0,0,0,0,0
21069337722688,2.1199819,1786372526836506493,,0,0,0,0,0,0,0,0,0,0,0,0,0,0,0,0,0,0,0
21069357748960,2.1400082,1786372526856512585,,0,0,0,0,0,0,0,0,0,0,0,0,0,0,0,0,0,0,0
21069377723808,2.159983,1786372526876505041,,0,0,0,0,0,0,0,0,0,0,0,0,0,0,0,0,0,0,0
21069397750464,2.1800097,1786372526896510928,,0,0,0,0,0,0,0,0,0,0,0,0,0,0,0,0,0,0,0
21069417775968,2.2000352,1786372526916532384,,0,0,0,0,0,0,0,0,0,0,0,0,0,0,0,0,0,0,0
21069437778752,2.220038,1786372526936527356,,0,0,0,0,0,0,0,0,0,0,0,0,0,0,0,0,0,0,0
21069457741312,2.2400005,1786372526956523740,,0,0,0,0,0,0,0,0,0,0,0,0,0,0,0,0,0,0,0
21069477663456,2.2599227,1786372526976506673,,0,0,0,0,0,0,0,0,0,0,0,0,0,0,0,0,0,0,0
21069497717472,2.2799767,1786372526996511871,,0,0,0,0,0,0,0,0,0,0,0,0,0,0,0,0,0,0,0
21069517745344,2.3000045,1786372527016508463,,0,0,0,0,0,0,0,0,0,0,0,0,0,0,0,0,0,0,0
21069537739584,2.3199988,1786372527036511748,,0,0,0,0,0,0,0,0,0,0,0,0,0,0,0,0,0,0,0
21069557757440,2.3400166,1786372527056531994,,0,0,0,0,0,0,0,0,0,0,0,0,0,0,0,0,0,0,0
21069577777856,2.3600371,1786372527076528120,,0,0,0,0,0,0,0,0,0,0,0,0,0,0,0,0,0,0,0
21069597774080,2.3800333,1786372527096526049,,0,0,0,0,0,0,0,0,0,0,0,0,0,0,0,0,0,0,0
21069617729536,2.3999887,1786372527116506105,,0,0,0,0,0,0,0,0,0,0,0,0,0,0,0,0,0,0,0
21069637736864,2.4199961,1786372527136511148,,0,0,0,0,0,0,0,0,0,0,0,0,0,0,0,0,0,0,0
21069657714848,2.439974,1786372527156503532,,0,0,0,0,0,0,0,0,0,0,0,0,0,0,0,0,0,0,0
21069677604480,2.4598637,1786372527176511587,,0,0,0,0,0,0,0,0,0,0,0,0,0,0,0,0,0,0,0
21069697755808,2.480015,1786372527196531735,,0,0,0,0,0,0,0,0,0,0,0,0,0,0,0,0,0,0,0
21069717755360,2.5000146,1786372527216527765,,0,0,0,0,0,0,0,0,0,0,0,0,0,0,0,0,0,0,0
21069737749216,2.5200084,1786372527236524213,,0,0,0,0,0,0,0,0,0,0,0,0,0,0,0,0,0,0,0
21069757738784,2.539998,1786372527256506697,,0,0,0,0,0,0,0,0,0,0,0,0,0,0,0,0,0,0,0
21069777763712,2.5600229,1786372527276511687,,0,0,0,0,0,0,0,0,0,0,0,0,0,0,0,0,0,0,0
21069797704480,2.5799637,1786372527296504780,,0,0,0,0,0,0,0,0,0,0,0,0,0,0,0,0,0,0,0
21069817736384,2.5999956,1786372527316510457,,0,0,0,0,0,0,0,0,0,0,0,0,0,0,0,0,0,0,0
21069837760864,2.6200201,1786372527336531952,,0,0,0,0,0,0,0,0,0,0,0,0,0,0,0,0,0,0,0
21069857725184,2.6399844,1786372527356526751,,0,0,0,0,0,0,0,0,0,0,0,0,0,0,0,0,0,0,0
21069877618432,2.6598776,1786372527376525296,,0,0,0,0,0,0,0,0,0,0,0,0,0,0,0,0,0,0,0
21069897689696,2.6799489,1786372527396507813,,0,0,0,0,0,0,0,0,0,0,0,0,0,0,0,0,0,0,0
21069917723936,2.6999831,1786372527416511419,,0,0,0,0,0,0,0,0,0,0,0,0,0,0,0,0,0,0,0
21069937706048,2.7199652,1786372527436504012,,0,0,0,0,0,0,0,0,0,0,0,0,0,0,0,0,0,0,0
21069957708416,2.7399676,1786372527456510412,,0,0,0,0,0,0,0,0,0,0,0,0,0,0,0,0,0,0,0
21069977726144,2.7599853,1786372527476531673,,0,0,0,0,0,0,0,0,0,0,0,0,0,0,0,0,0,0,0
21069997746272,2.7800055,1786372527496528068,,0,0,0,0,0,0,0,0,0,0,0,0,0,0,0,0,0,0,0
21070017742144,2.8000013,1786372527516524244,,0,0,0,0,0,0,0,0,0,0,0,0,0,0,0,0,0,0,0
21070037764416,2.8200236,1786372527536506114,,0,0,0,0,0,0,0,0,0,0,0,0,0,0,0,0,0,0,0
21070057712352,2.8399716,1786372527556511812,,0,0,0,0,0,0,0,0,0,0,0,0,0,0,0,0,0,0,0
21070077629472,2.8598887,1786372527576504651,,0,0,0,0,0,0,0,0,0,0,0,0,0,0,0,0,0,0,0
21070097719328,2.8799785,1786372527596514406,,0,0,0,0,0,0,0,0,0,0,0,0,0,0,0,0,0,0,0
21070117742720,2.9000019,1786372527616532116,,0,0,0,0,0,0,0,0,0,0,0,0,0,0,0,0,0,0,0
21070137729568,2.9199888,1786372527636526876,,0,0,0,0,0,0,0,0,0,0,0,0,0,0,0,0,0,0,0
21070157723648,2.9399828,1786372527656538609,,0,0,0,0,0,0,0,0,0,0,0,0,0,0,0,0,0,0,0
21070177731136,2.9599903,1786372527676506745,,0,0,0,0,0,0,0,0,0,0,0,0,0,0,0,0,0,0,0
21070197728448,2.9799876,1786372527696512092,,0,0,0,0,0,0,0,0,0,0,0,0,0,0,0,0,0,0,0
21070217752736,3.0000119,1786372527716505456,,0,0,0,0,0,0,0,0,0,0,0,0,0,0,0,0,0,0,0
21070237708128,3.0199673,1786372527736511527,,0,0,0,0,0,0,0,0,0,0,0,0,0,0,0,0,0,0,0
21070257712320,3.0399715,1786372527756531806,,0,0,0,0,0,0,0,0,0,0,0,0,0,0,0,0,0,0,0
21070277597952,3.0598572,1786372527776526852,,0,0,0,0,0,0,0,0,0,0,0,0,0,0,0,0,0,0,0
21070297731168,3.0799904,1786372527796523897,,0,0,0,0,0,0,0,0,0,0,0,0,0,0,0,0,0,0,0
21070317713568,3.0999728,1786372527816507091,,0,0,0,0,0,0,0,0,0,0,0,0,0,0,0,0,0,0,0
21070337702720,3.1199619,1786372527836511802,,0,0,0,0,0,0,0,0,0,0,0,0,0,0,0,0,0,0,0
21070357681664,3.1399409,1786372527856505326,,0,0,0,0,0,0,0,0,0,0,0,0,0,0,0,0,0,0,0
21070377752416,3.1600116,1786372527876511474,,0,0,0,0,0,0,0,0,0,0,0,0,0,0,0,0,0,0,0
21070397728128,3.1799873,1786372527896531674,,0,0,0,0,0,0,0,0,0,0,0,0,0,0,0,0,0,0,0
21070417714784,3.199974,1786372527916526735,,0,0,0,0,0,0,0,0,0,0,0,0,0,0,0,0,0,0,0
21070437694432,3.2199536,1786372527936523690,,0,0,0,0,0,0,0,0,0,0,0,0,0,0,0,0,0,0,0
21070457702592,3.2399618,1786372527956506992,,0,0,0,0,0,0,0,0,0,0,0,0,0,0,0,0,0,0,0
21070477625184,3.2598844,1786372527976511721,,0,0,0,0,0,0,0,0,0,0,0,0,0,0,0,0,0,0,0
21070497698496,3.2799577,1786372527996505535,,0,0,0,0,0,0,0,0,0,0,0,0,0,0,0,0,0,0,0
21070517685504,3.2999447,1786372528016512304,,0,0,0,0,0,0,0,0,0,0,0,0,0,0,0,0,0,0,0
21070537703520,3.3199627,1786372528036532472,,0,0,0,0,0,0,0,0,0,0,0,0,0,0,0,0,0,0,0
21070557694624,3.3399538,1786372528056528776,,0,0,0,0,0,0,0,0,0,0,0,0,0,0,0,0,0,0,0
21070577881152,3.3601404,1786372528076524063,,0,0,0,0,0,0,0,0,0,0,0,0,0,0,0,0,0,0,0
21070597722112,3.3799813,1786372528096514334,,0,0,0,0,0,0,0,0,0,0,0,0,0,0,0,0,0,0,0
21070619275680,3.4015349,1786372528116511268,,0,0,0,0,0,0,0,0,0,0,0,0,0,0,0,0,0,0,0
21070637722944,3.4199821,1786372528136504708,,0,0,0,0,0,0,0,0,0,0,0,0,0,0,0,0,0,0,0
21070657859040,3.4401182,1786372528156510530,,0,0,0,0,0,0,0,0,0,0,0,0,0,0,0,0,0,0,0
21070677621280,3.4598805,1786372528176531270,,0,0,0,0,0,0,0,0,0,0,0,0,0,0,0,0,0,0,0
21070697728320,3.4799875,1786372528196527529,,0,0,0,0,0,0,0,0,0,0,0,0,0,0,0,0,0,0,0
21070717713600,3.4999728,1786372528216522908,,0,0,0,0,0,0,0,0,0,0,0,0,0,0,0,0,0,0,0
21070737743648,3.5200028,1786372528236507111,,0,0,0,0,0,0,0,0,0,0,0,0,0,0,0,0,0,0,0
21070757683392,3.5399426,1786372528256510587,,0,0,0,0,0,0,0,0,0,0,0,0,0,0,0,0,0,0,0
21070777692448,3.5599516,1786372528276503783,,0,0,0,0,0,0,0,0,0,0,0,0,0,0,0,0,0,0,0
21070797685216,3.5799444,1786372528296510605,,0,0,0,0,0,0,0,0,0,0,0,0,0,0,0,0,0,0,0
21070817702080,3.5999613,1786372528316531121,,0,0,0,0,0,0,0,0,0,0,0,0,0,0,0,0,0,0,0
21070837798912,3.6200581,1786372528336527529,,0,0,0,0,0,0,0,0,0,0,0,0,0,0,0,0,0,0,0
21070857669248,3.6399284,1786372528356523592,,0,0,0,0,0,0,0,0,0,0,0,0,0,0,0,0,0,0,0
21070877569792,3.659829,1786372528376506497,,0,0,0,0,0,0,0,0,0,0,0,0,0,0,0,0,0,0,0
21070897680704,3.6799399,1786372528396510098,,0,0,0,0,0,0,0,0,0,0,0,0,0,0,0,0,0,0,0
21070917684064,3.6999433,1786372528416504487,,0,0,0,0,0,0,0,0,0,0,0,0,0,0,0,0,0,0,0
21070937686272,3.7199455,1786372528436511054,,0,0,0,0,0,0,0,0,0,0,0,0,0,0,0,0,0,0,0
21070957691648,3.7399508,1786372528456531755,,0,0,0,0,0,0,0,0,0,0,0,0,0,0,0,0,0,0,0
21070977714016,3.7599732,1786372528476527589,,0,0,0,0,0,0,0,0,0,0,0,0,0,0,0,0,0,0,0
21070997683200,3.7799424,1786372528496524392,,0,0,0,0,0,0,0,0,0,0,0,0,0,0,0,0,0,0,0
21071017691776,3.799951,1786372528516507368,,0,0,0,0,0,0,0,0,0,0,0,0,0,0,0,0,0,0,0
21071037769920,3.8200291,1786372528536510718,,0,0,0,0,0,0,0,0,0,0,0,0,0,0,0,0,0,0,0
21071057652640,3.8399118,1786372528556503659,,0,0,0,0,0,0,0,0,0,0,0,0,0,0,0,0,0,0,0
21071077563072,3.8598223,1786372528576512058,,0,0,0,0,0,0,0,0,0,0,0,0,0,0,0,0,0,0,0
21071097703200,3.8799624,1786372528596534405,,0,0,0,0,0,0,0,0,0,0,0,0,0,0,0,0,0,0,0
21071117675840,3.899935,1786372528616528242,,0,0,0,0,0,0,0,0,0,0,0,0,0,0,0,0,0,0,0
21071137735072,3.9199943,1786372528636523314,,0,0,0,0,0,0,0,0,0,0,0,0,0,0,0,0,0,0,0
21071157670944,3.9399301,1786372528656522501,,0,0,0,0,0,0,0,0,0,0,0,0,0,0,0,0,0,0,0
21071177686720,3.9599459,1786372528676512474,,0,0,0,0,0,0,0,0,0,0,0,0,0,0,0,0,0,0,0
21071197668256,3.9799275,1786372528696504912,,0,0,0,0,0,0,0,0,0,0,0,0,0,0,0,0,0,0,0
21071217659040,3.9999182,1786372528716511303,,0,0,0,0,0,0,0,0,0,0,0,0,0,0,0,0,0,0,0
21071237713472,4.0199727,1786372528736533757,,0,0,0,0,0,0,0,0,0,0,0,0,0,0,0,0,0,0,0
21071257698720,4.0399579,1786372528756527843,,0,0,0,0,0,0,0,0,0,0,0,0,0,0,0,0,0,0,0
21071277607840,4.059867,1786372528776524441,,0,0,0,0,0,0,0,0,0,0,0,0,0,0,0,0,0,0,0
21071297670784,4.07993,1786372528796506910,,0,0,0,0,0,0,0,0,0,0,0,0,0,0,0,0,0,0,0
21071317670656,4.0999299,1786372528816512327,,0,0,0,0,0,0,0,0,0,0,0,0,0,0,0,0,0,0,0
21071337672608,4.1199318,1786372528836505377,,0,0,0,0,0,0,0,0,0,0,0,0,0,0,0,0,0,0,0
21071357661696,4.1399209,1786372528856512312,,0,0,0,0,0,0,0,0,0,0,0,0,0,0,0,0,0,0,0
21071377691360,4.1599506,1786372528876532272,,0,0,0,0,0,0,0,0,0,0,0,0,0,0,0,0,0,0,0
21071397665536,4.1799247,1786372528896527479,,0,0,0,0,0,0,0,0,0,0,0,0,0,0,0,0,0,0,0
21071417655840,4.199915,1786372528916524374,,0,0,0,0,0,0,0,0,0,0,0,0,0,0,0,0,0,0,0
21071437656992,4.2199162,1786372528936507903,,0,0,0,0,0,0,0,0,0,0,0,0,0,0,0,0,0,0,0
21071457671264,4.2399305,1786372528956512086,,0,0,0,0,0,0,0,0,0,0,0,0,0,0,0,0,0,0,0
21071477513728,4.2597729,1786372528976506179,,0,0,0,0,0,0,0,0,0,0,0,0,0,0,0,0,0,0,0
21071497636384,4.2798956,1786372528996513201,,0,0,0,0,0,0,0,0,0,0,0,0,0,0,0,0,0,0,0
21071517660768,4.29992,1786372529016532576,,0,0,0,0,0,0,0,0,0,0,0,0,0,0,0,0,0,0,0
21071537663744,4.3199229,1786372529036528729,,0,0,0,0,0,0,0,0,0,0,0,0,0,0,0,0,0,0,0
21071557668864,4.3399281,1786372529056524397,,0,0,0,0,0,0,0,0,0,0,0,0,0,0,0,0,0,0,0
21071577640672,4.3598999,1786372529076508650,,0,0,0,0,0,0,0,0,0,0,0,0,0,0,0,0,0,0,0
21071597661216,4.3799204,1786372529096515039,,0,0,0,0,0,0,0,0,0,0,0,0,0,0,0,0,0,0,0
21071617647168,4.3999064,1786372529116505015,,0,0,0,0,0,0,0,0,0,0,0,0,0,0,0,0,0,0,0
21071637656544,4.4199157,1786372529136511588,,0,0,0,0,0,0,0,0,0,0,0,0,0,0,0,0,0,0,0
21071657672064,4.4399313,1786372529156530544,,0,0,0,0,0,0,0,0,0,0,0,0,0,0,0,0,0,0,0
21071677660160,4.4599194,1786372529176529436,,0,0,0,0,0,0,0,0,0,0,0,0,0,0,0,0,0,0,0
21071697642496,4.4799017,1786372529196523192,,0,0,0,0,0,0,0,0,0,0,0,0,0,0,0,0,0,0,0
21071717634816,4.499894,1786372529216507045,,0,0,0,0,0,0,0,0,0,0,0,0,0,0,0,0,0,0,0
21071737625472,4.5198847,1786372529236510358,,0,0,0,0,0,0,0,0,0,0,0,0,0,0,0,0,0,0,0
21071757626880,4.5398861,1786372529256503611,,0,0,0,0,0,0,0,0,0,0,0,0,0,0,0,0,0,0,0
21071777640480,4.5598997,1786372529276510428,,0,0,0,0,0,0,0,0,0,0,0,0,0,0,0,0,0,0,0
21071797676448,4.5799356,1786372529296531712,,0,0,0,0,0,0,0,0,0,0,0,0,0,0,0,0,0,0,0
21071817626336,4.5998855,1786372529316527927,,0,0,0,0,0,0,0,0,0,0,0,0,0,0,0,0,0,0,0
21071837681824,4.619941,1786372529336523711,,0,0,0,0,0,0,0,0,0,0,0,0,0,0,0,0,0,0,0
21071857631040,4.6398902,1786372529356507401,,0,0,0,0,0,0,0,0,0,0,0,0,0,0,0,0,0,0,0
21071877531584,4.6597908,1786372529376511341,,0,0,0,0,0,0,0,0,0,0,0,0,0,0,0,0,0,0,0
21071897634208,4.6798934,1786372529396504142,,0,0,0,0,0,0,0,0,0,0,0,0,0,0,0,0,0,0,0
21071917617088,4.6998763,1786372529416510354,,0,0,0,0,0,0,0,0,0,0,0,0,0,0,0,0,0,0,0
21071937676032,4.7199352,1786372529436531311,,0,0,0,0,0,0,0,0,0,0,0,0,0,0,0,0,0,0,0
21071957642496,4.7399017,1786372529456527151,,0,0,0,0,0,0,0,0,0,0,0,0,0,0,0,0,0,0,0
21071977634944,4.7598941,1786372529476523262,,0,0,0,0,0,0,0,0,0,0,0,0,0,0,0,0,0,0,0
21071997647648,4.7799068,1786372529496507393,,0,0,0,0,0,0,0,0,0,0,0,0,0,0,0,0,0,0,0
21072017612544,4.7998717,1786372529516511803,,0,0,0,0,0,0,0,0,0,0,0,0,0,0,0,0,0,0,0
21072037654848,4.819914,1786372529536504863,,0,0,0,0,0,0,0,0,0,0,0,0,0,0,0,0,0,0,0
21072057621728,4.8398809,1786372529556510662,,0,0,0,0,0,0,0,0,0,0,0,0,0,0,0,0,0,0,0
21072077502560,4.8597618,1786372529576531257,,0,0,0,0,0,0,0,0,0,0,0,0,0,0,0,0,0,0,0
21072097644320,4.8799035,1786372529596530516,,0,0,0,0,0,0,0,0,0,0,0,0,0,0,0,0,0,0,0
21072117619168,4.8998784,1786372529616525589,,0,0,0,0,0,0,0,0,0,0,0,0,0,0,0,0,0,0,0
21072137672736,4.9199319,1786372529636507777,,0,0,0,0,0,0,0,0,0,0,0,0,0,0,0,0,0,0,0
21072157635840,4.939895,1786372529656511862,,0,0,0,0,0,0,0,0,0,0,0,0,0,0,0,0,0,0,0
21072177596192,4.9598554,1786372529676505100,,0,0,0,0,0,0,0,0,0,0,0,0,0,0,0,0,0,0,0
21072197616640,4.9798758,1786372529696511692,,0,0,0,0,0,0,0,0,0,0,0,0,0,0,0,0,0,0,0
21072217632064,4.9998913,1786372529716532785,,0,0,0,0,0,0,0,0,0,0,0,0,0,0,0,0,0,0,0
21072237699456,5.0199587,1786372529736527694,,0,0,0,0,0,0,0,0,0,0,0,0,0,0,0,0,0,0,0
21072257635712,5.0398949,1786372529756524185,,0,0,0,0,0,0,0,0,0,0,0,0,0,0,0,0,0,0,0
21072277617216,5.0598764,1786372529776507194,,0,0,0,0,0,0,0,0,0,0,0,0,0,0,0,0,0,0,0
21072297625472,5.0798847,1786372529796511935,,0,0,0,0,0,0,0,0,0,0,0,0,0,0,0,0,0,0,0
21072317613056,5.0998723,1786372529816507534,,0,0,0,0,0,0,0,0,0,0,0,0,0,0,0,0,0,0,0
21072337632064,5.1198913,1786372529836512357,,0,0,0,0,0,0,0,0,0,0,0,0,0,0,0,0,0,0,0
21072357655648,5.1399148,1786372529856532851,,0,0,0,0,0,0,0,0,0,0,0,0,0,0,0,0,0,0,0
21072377624928,5.1598841,1786372529876527725,,0,0,0,0,0,0,0,0,0,0,0,0,0,0,0,0,0,0,0
21072397615840,5.179875,1786372529896524252,,0,0,0,0,0,0,0,0,0,0,0,0,0,0,0,0,0,0,0
21072417612928,5.1998721,1786372529916507309,,0,0,0,0,0,0,0,0,0,0,0,0,0,0,0,0,0,0,0
21072437676448,5.2199356,1786372529936511971,,0,0,0,0,0,0,0,0,0,0,0,0,0,0,0,0,0,0,0
21072457635264,5.2398945,1786372529956505453,,0,0,0,0,0,0,0,0,0,0,0,0,0,0,0,0,0,0,0
21072477472608,5.2597318,1786372529976511681,,0,0,0,0,0,0,0,0,0,0,0,0,0,0,0,0,0,0,0
21072497601280,5.2798605,1786372529996532787,,0,0,0,0,0,0,0,0,0,0,0,0,0,0,0,0,0,0,0
21072517600288,5.2998595,1786372530016528655,,0,0,0,0,0,0,0,0,0,0,0,0,0,0,0,0,0,0,0
21072537630528,5.3198897,1786372530036525078,,0,0,0,0,0,0,0,0,0,0,0,0,0,0,0,0,0,0,0
21072557569248,5.3398284,1786372530056507516,,0,0,0,0,0,0,0,0,0,0,0,0,0,0,0,0,0,0,0
21072577638144,5.3598973,1786372530076511992,,0,0,0,0,0,0,0,0,0,0,0,0,0,0,0,0,0,0,0
21072597590368,5.3798496,1786372530096522875,,0,0,0,0,0,0,0,0,0,0,0,0,0,0,0,0,0,0,0
21072617601152,5.3998604,1786372530116511641,,0,0,0,0,0,0,0,0,0,0,0,0,0,0,0,0,0,0,0
21072637653504,5.4199127,1786372530136531614,,0,0,0,0,0,0,0,0,0,0,0,0,0,0,0,0,0,0,0
21072657618432,5.4398776,1786372530156528227,,0,0,0,0,0,0,0,0,0,0,0,0,0,0,0,0,0,0,0
21072677476672,5.4597359,1786372530176525385,,0,0,0,0,0,0,0,0,0,0,0,0,0,0,0,0,0,0,0
21072697631104,5.4798903,1786372530196508294,,0,0,0,0,0,0,0,0,0,0,0,0,0,0,0,0,0,0,0
21072717578080,5.4998373,1786372530216510948,,0,0,0,0,0,0,0,0,0,0,0,0,0,0,0,0,0,0,0
21072737656128,5.5199153,1786372530236504456,,0,0,0,0,0,0,0,0,0,0,0,0,0,0,0,0,0,0,0
21072757615648,5.5398748,1786372530256510903,,0,0,0,0,0,0,0,0,0,0,0,0,0,0,0,0,0,0,0
21072777602240,5.5598614,1786372530276532187,,0,0,0,0,0,0,0,0,0,0,0,0,0,0,0,0,0,0,0
21072797592000,5.5798512,1786372530296527618,,0,0,0,0,0,0,0,0,0,0,0,0,0,0,0,0,0,0,0
21072817569824,5.599829,1786372530316523327,,0,0,0,0,0,0,0,0,0,0,0,0,0,0,0,0,0,0,0
21072837553856,5.6198131,1786372530336505614,,0,0,0,0,0,0,0,0,0,0,0,0,0,0,0,0,0,0,0
21072857608928,5.6398681,1786372530356511874,,0,0,0,0,0,0,0,0,0,0,0,0,0,0,0,0,0,0,0
21072877465504,5.6597247,1786372530376504274,,0,0,0,0,0,0,0,0,0,0,0,0,0,0,0,0,0,0,0
21072897553504,5.6798127,1786372530396510881,,0,0,0,0,0,0,0,0,0,0,0,0,0,0,0,0,0,0,0
21072917586976,5.6998462,1786372530416531474,,0,0,0,0,0,0,0,0,0,0,0,0,0,0,0,0,0,0,0
21072937651008,5.7199102,1786372530436528255,,0,0,0,0,0,0,0,0,0,0,0,0,0,0,0,0,0,0,0
21072957615680,5.7398749,1786372530456524462,,0,0,0,0,0,0,0,0,0,0,0,0,0,0,0,0,0,0,0
21072977583360,5.7598426,1786372530476506379,,0,0,0,0,0,0,0,0,0,0,0,0,0,0,0,0,0,0,0
21072997566464,5.7798257,1786372530496512268,,0,0,0,0,0,0,0,0,0,0,0,0,0,0,0,0,0,0,0
21073017554752,5.799814,1786372530516504681,,0,0,0,0,0,0,0,0,0,0,0,0,0,0,0,0,0,0,0
21073037611808,5.819871,1786372530536510959,,0,0,0,0,0,0,0,0,0,0,0,0,0,0,0,0,0,0,0
21073057609024,5.8398682,1786372530556531998,,0,0,0,0,0,0,0,0,0,0,0,0,0,0,0,0,0,0,0
21073077552640,5.8598118,1786372530576527227,,0,0,0,0,0,0,0,0,0,0,0,0,0,0,0,0,0,0,0
21073097570496,5.8798297,1786372530596525930,,0,0,0,0,0,0,0,0,0,0,0,0,0,0,0,0,0,0,0
21073117578368,5.8998376,1786372530616507386,,0,0,0,0,0,0,0,0,0,0,0,0,0,0,0,0,0,0,0
21073137604992,5.9198642,1786372530636512061,,0,0,0,0,0,0,0,0,0,0,0,0,0,0,0,0,0,0,0
21073157562208,5.9398214,1786372530656504884,,0,0,0,0,0,0,0,0,0,0,0,0,0,0,0,0,0,0,0
21073177560096,5.9598193,1786372530676512049,,0,0,0,0,0,0,0,0,0,0,0,0,0,0,0,0,0,0,0
21073197582528,5.9798417,1786372530696533048,,0,0,0,0,0,0,0,0,0,0,0,0,0,0,0,0,0,0,0
21073217605504,5.9998647,1786372530716529320,,0,0,0,0,0,0,0,0,0,0,0,0,0,0,0,0,0,0,0
21073237619616,6.0198788,1786372530736524160,,0,0,0,0,0,0,0,0,0,0,0,0,0,0,0,0,0,0,0
21073257570272,6.0398295,1786372530756506884,,0,0,0,0,0,0,0,0,0,0,0,0,0,0,0,0,0,0,0
21073277441504,6.0597007,1786372530776510624,,0,0,0,0,0,0,0,0,0,0,0,0,0,0,0,0,0,0,0
21073297538912,6.0797981,1786372530796504910,,0,0,0,0,0,0,0,0,0,0,0,0,0,0,0,0,0,0,0
21073317570080,6.0998293,1786372530816510778,,0,0,0,0,0,0,0,0,0,0,0,0,0,0,0,0,0,0,0
21073337635904,6.1198951,1786372530836532407,,0,0,0,0,0,0,0,0,0,0,0,0,0,0,0,0,0,0,0
21073357573984,6.1398332,1786372530856528115,,0,0,0,0,0,0,0,0,0,0,0,0,0,0,0,0,0,0,0
21073377569056,6.1598283,1786372530876525142,,0,0,0,0,0,0,0,0,0,0,0,0,0,0,0,0,0,0,0
21073397548864,6.1798081,1786372530896507609,,0,0,0,0,0,0,0,0,0,0,0,0,0,0,0,0,0,0,0
21073417585664,6.1998449,1786372530916511793,,0,0,0,0,0,0,0,0,0,0,0,0,0,0,0,0,0,0,0
21073437579712,6.2198389,1786372530936504753,,0,0,0,0,0,0,0,0,0,0,0,0,0,0,0,0,0,0,0
21073457568128,6.2398273,1786372530956510827,,0,0,0,0,0,0,0,0,0,0,0,0,0,0,0,0,0,0,0
21073477477536,6.2597367,1786372530976534091,,0,0,0,0,0,0,0,0,0,0,0,0,0,0,0,0,0,0,0
21073497557408,6.2798166,1786372530996527235,,0,0,0,0,0,0,0,0,0,0,0,0,0,0,0,0,0,0,0
21073517573088,6.2998323,1786372531016524378,,0,0,0,0,0,0,0,0,0,0,0,0,0,0,0,0,0,0,0
21073537656128,6.3199153,1786372531036508379,,0,0,0,0,0,0,0,0,0,0,0,0,0,0,0,0,0,0,0
21073557569024,6.3398282,1786372531056512754,,0,0,0,0,0,0,0,0,0,0,0,0,0,0,0,0,0,0,0
21073577546592,6.3598058,1786372531076504691,,0,0,0,0,0,0,0,0,0,0,0,0,0,0,0,0,0,0,0
21073597573056,6.3798323,1786372531096514803,,0,0,0,0,0,0,0,0,0,0,0,0,0,0,0,0,0,0,0
21073617567296,6.3998265,1786372531116532627,,0,0,0,0,0,0,0,0,0,0,0,0,0,0,0,0,0,0,0
21073637650848,6.41991,1786372531136527060,,0,0,0,0,0,0,0,0,0,0,0,0,0,0,0,0,0,0,0
21073657535264,6.4397945,1786372531156523600,,0,0,0,0,0,0,0,0,0,0,0,0,0,0,0,0,0,0,0
21073677441184,6.4597004,1786372531176506719,,0,0,0,0,0,0,0,0,0,0,0,0,0,0,0,0,0,0,0
21073697517312,6.4797765,1786372531196512226,,0,0,0,0,0,0,0,0,0,0,0,0,0,0,0,0,0,0,0
21073717574272,6.4998335,1786372531216505355,,0,0,0,0,0,0,0,0,0,0,0,0,0,0,0,0,0,0,0
21073737581920,6.5198411,1786372531236511873,,0,0,0,0,0,0,0,0,0,0,0,0,0,0,0,0,0,0,0
21073757560736,6.5398199,1786372531256532441,,0,0,0,0,0,0,0,0,0,0,0,0,0,0,0,0,0,0,0
21073777549120,6.5598083,1786372531276527570,,0,0,0,0,0,0,0,0,0,0,0,0,0,0,0,0,0,0,0
21073797532992,6.5797922,1786372531296522748,,0,0,0,0,0,0,0,0,0,0,0,0,0,0,0,0,0,0,0
21073817560032,6.5998192,1786372531316516637,,0,0,0,0,0,0,0,0,0,0,0,0,0,0,0,0,0,0,0
21073837544512,6.6198037,1786372531336511021,,0,0,0,0,0,0,0,0,0,0,0,0,0,0,0,0,0,0,0
21073857543232,6.6398024,1786372531356505744,,0,0,0,0,0,0,0,0,0,0,0,0,0,0,0,0,0,0,0
21073877408576,6.6596678,1786372531376511115,,0,0,0,0,0,0,0,0,0,0,0,0,0,0,0,0,0,0,0
21073897585184,6.6798444,1786372531396532550,,0,0,0,0,0,0,0,0,0,0,0,0,0,0,0,0,0,0,0
21073917570624,6.6998298,1786372531416527497,,0,0,0,0,0,0,0,0,0,0,0,0,0,0,0,0,0,0,0
21073937591040,6.7198502,1786372531436523860,,0,0,0,0,0,0,0,0,0,0,0,0,0,0,0,0,0,0,0
21073957532384,6.7397916,1786372531456507859,,0,0,0,0,0,0,0,0,0,0,0,0,0,0,0,0,0,0,0
21073977526592,6.7597858,1786372531476512138,,0,0,0,0,0,0,0,0,0,0,0,0,0,0,0,0,0,0,0
21073997520192,6.7797794,1786372531496506595,,0,0,0,0,0,0,0,0,0,0,0,0,0,0,0,0,0,0,0
21074017520352,6.7997796,1786372531516511584,,0,0,0,0,0,0,0,0,0,0,0,0,0,0,0,0,0,0,0
21074037590048,6.8198492,1786372531536531590,,0,0,0,0,0,0,0,0,0,0,0,0,0,0,0,0,0,0,0
21074057552128,6.8398113,1786372531556528047,,0,0,0,0,0,0,0,0,0,0,0,0,0,0,0,0,0,0,0
21074077414144,6.8596733,1786372531576523783,,0,0,0,0,0,0,0,0,0,0,0,0,0,0,0,0,0,0,0
21074097511168,6.8797704,1786372531596510031,,0,0,0,0,0,0,0,0,0,0,0,0,0,0,0,0,0,0,0
21074117529120,6.8997883,1786372531616512070,,0,0,0,0,0,0,0,0,0,0,0,0,0,0,0,0,0,0,0
21074137550752,6.91981,1786372531636504192,,0,0,0,0,0,0,0,0,0,0,0,0,0,0,0,0,0,0,0
21074157520992,6.9397802,1786372531656511692,,0,0,0,0,0,0,0,0,0,0,0,0,0,0,0,0,0,0,0
21074177541152,6.9598004,1786372531676532458,,0,0,0,0,0,0,0,0,0,0,0,0,0,0,0,0,0,0,0
21074197559520,6.9798187,1786372531696527588,,0,0,0,0,0,0,0,0,0,0,0,0,0,0,0,0,0,0,0
21074217549696,6.9998089,1786372531716523919,,0,0,0,0,0,0,0,0,0,0,0,0,0,0,0,0,0,0,0
21074237584640,7.0198438,1786372531736506917,,0,0,0,0,0,0,0,0,0,0,0,0,0,0,0,0,0,0,0
21074257522016,7.0397812,1786372531756511815,,0,0,0,0,0,0,0,0,0,0,0,0,0,0,0,0,0,0,0
21074277397344,7.0596565,1786372531776505071,,0,0,0,0,0,0,0,0,0,0,0,0,0,0,0,0,0,0,0
21074297536160,7.0797954,1786372531796512386,,0,0,0,0,0,0,0,0,0,0,0,0,0,0,0,0,0,0,0
21074317540416,7.0997996,1786372531816531720,,0,0,0,0,0,0,0,0,0,0,0,0,0,0,0,0,0,0,0
21074337522944,7.1197821,1786372531836528028,,0,0,0,0,0,0,0,0,0,0,0,0,0,0,0,0,0,0,0
21074357510784,7.13977,1786372531856524800,,0,0,0,0,0,0,0,0,0,0,0,0,0,0,0,0,0,0,0
21074377506016,7.1597652,1786372531876507683,,0,0,0,0,0,0,0,0,0,0,0,0,0,0,0,0,0,0,0
21074397531008,7.1797902,1786372531896512190,,0,0,0,0,0,0,0,0,0,0,0,0,0,0,0,0,0,0,0
21074417508512,7.1997677,1786372531916504811,,0,0,0,0,0,0,0,0,0,0,0,0,0,0,0,0,0,0,0
21074437542080,7.2198013,1786372531936510978,,0,0,0,0,0,0,0,0,0,0,0,0,0,0,0,0,0,0,0
21074457523104,7.2397823,1786372531956532330,,0,0,0,0,0,0,0,0,0,0,0,0,0,0,0,0,0,0,0
21074477388032,7.2596472,1786372531976529025,,0,0,0,0,0,0,0,0,0,0,0,0,0,0,0,0,0,0,0
21074497544736,7.2798039,1786372531996525016,,0,0,0,0,0,0,0,0,0,0,0,0,0,0,0,0,0,0,0
21074517519776,7.299779,1786372532016507838,,0,0,0,0,0,0,0,0,0,0,0,0,0,0,0,0,0,0,0
21074537541024,7.3198002,1786372532036512739,,0,0,0,0,0,0,0,0,0,0,0,0,0,0,0,0,0,0,0
21074557500544,7.3397597,1786372532056504572,,0,0,0,0,0,0,0,0,0,0,0,0,0,0,0,0,0,0,0
21074577523456,7.3597827,1786372532076512413,,0,0,0,0,0,0,0,0,0,0,0,0,0,0,0,0,0,0,0
21074597531584,7.3797908,1786372532096535957,,0,0,0,0,0,0,0,0,0,0,0,0,0,0,0,0,0,0,0
21074617525696,7.3997849,1786372532116529022,,0,0,0,0,0,0,0,0,0,0,0,0,0,0,0,0,0,0,0
21074637521152,7.4197804,1786372532136525462,,0,0,0,0,0,0,0,0,0,0,0,0,0,0,0,0,0,0,0
21074657490720,7.4397499,1786372532156506767,,0,0,0,0,0,0,0,0,0,0,0,0,0,0,0,0,0,0,0
21074677394912,7.4596541,1786372532176511917,,0,0,0,0,0,0,0,0,0,0,0,0,0,0,0,0,0,0,0
21074697501536,7.4797607,1786372532196504588,,0,0,0,0,0,0,0,0,0,0,0,0,0,0,0,0,0,0,0
21074717495136,7.4997543,1786372532216511001,,0,0,0,0,0,0,0,0,0,0,0,0,0,0,0,0,0,0,0
21074737529280,7.5197885,1786372532236532959,,0,0,0,0,0,0,0,0,0,0,0,0,0,0,0,0,0,0,0
21074757493792,7.539753,1786372532256528443,,0,0,0,0,0,0,0,0,0,0,0,0,0,0,0,0,0,0,0
21074777535840,7.559795,1786372532276525006,,0,0,0,0,0,0,0,0,0,0,0,0,0,0,0,0,0,0,0
21074797480768,7.57974,1786372532296506639,,0,0,0,0,0,0,0,0,0,0,0,0,0,0,0,0,0,0,0
21074817487104,7.5997463,1786372532316512177,,0,0,0,0,0,0,0,0,0,0,0,0,0,0,0,0,0,0,0
21074837530784,7.61979,1786372532336505023,,0,0,0,0,0,0,0,0,0,0,0,0,0,0,0,0,0,0,0
21074857517376,7.6397766,1786372532356511578,,0,0,0,0,0,0,0,0,0,0,0,0,0,0,0,0,0,0,0
21074877381152,7.6596404,1786372532376531644,,0,0,0,0,0,0,0,0,0,0,0,0,0,0,0,0,0,0,0
21074897487168,7.6797464,1786372532396527680,,0,0,0,0,0,0,0,0,0,0,0,0,0,0,0,0,0,0,0
21074917503712,7.6997629,1786372532416524209,,0,0,0,0,0,0,0,0,0,0,0,0,0,0,0,0,0,0,0
21074937507264,7.7197665,1786372532436507015,,0,0,0,0,0,0,0,0,0,0,0,0,0,0,0,0,0,0,0
21074957480448,7.7397396,1786372532456510827,,0,0,0,0,0,0,0,0,0,0,0,0,0,0,0,0,0,0,0
21074977481760,7.759741,1786372532476504718,,0,0,0,0,0,0,0,0,0,0,0,0,0,0,0,0,0,0,0
21074997490912,7.7797501,1786372532496510647,,0,0,0,0,0,0,0,0,0,0,0,0,0,0,0,0,0,0,0
21075017521280,7.7997805,1786372532516530696,,0,0,0,0,0,0,0,0,0,0,0,0,0,0,0,0,0,0,0
21075037534112,7.8197933,1786372532536526834,,0,0,0,0,0,0,0,0,0,0,0,0,0,0,0,0,0,0,0
21075057504320,7.8397635,1786372532556524828,,0,0,0,0,0,0,0,0,0,0,0,0,0,0,0,0,0,0,0
21075077412896,7.8596721,1786372532576507432,,0,0,0,0,0,0,0,0,0,0,0,0,0,0,0,0,0,0,0
21075097498304,7.8797575,1786372532596513086,,0,0,0,0,0,0,0,0,0,0,0,0,0,0,0,0,0,0,0
21075117484704,7.8997439,1786372532616504532,,0,0,0,0,0,0,0,0,0,0,0,0,0,0,0,0,0,0,0
21075137534432,7.9197936,1786372532636510315,,0,0,0,0,0,0,0,0,0,0,0,0,0,0,0,0,0,0,0
21075157523712,7.9397829,1786372532656530968,,0,0,0,0,0,0,0,0,0,0,0,0,0,0,0,0,0,0,0
21075177522048,7.9597812,1786372532676527672,,0,0,0,0,0,0,0,0,0,0,0,0,0,0,0,0,0,0,0
21075197575328,7.9798345,1786372532696524651,,0,0,0,0,0,0,0,0,0,0,0,0,0,0,0,0,0,0,0
21075217494080,7.9997533,1786372532716507292,,0,0,0,0,0,0,0,0,0,0,0,0,0,0,0,0,0,0,0
21075237524960,8.0197842,1786372532736511587,,0,0,0,0,0,0,0,0,0,0,0,0,0,0,0,0,0,0,0
21075257471616,8.0397308,1786372532756504938,,0,0,0,0,0,0,0,0,0,0,0,0,0,0,0,0,0,0,0
21075277485888,8.0597451,1786372532776511477,,0,0,0,0,0,0,0,0,0,0,0,0,0,0,0,0,0,0,0
21075297522592,8.0797818,1786372532796531709,,0,0,0,0,0,0,0,0,0,0,0,0,0,0,0,0,0,0,0
21075317499456,8.0997587,1786372532816527768,,0,0,0,0,0,0,0,0,0,0,0,0,0,0,0,0,0,0,0
21075337582528,8.1198417,1786372532836522875,,0,0,0,0,0,0,0,0,0,0,0,0,0,0,0,0,0,0,0
21075357479712,8.1397389,1786372532856507111,,0,0,0,0,0,0,0,0,0,0,0,0,0,0,0,0,0,0,0
21075377526720,8.1597859,1786372532876512628,,0,0,0,0,0,0,0,0,0,0,0,0,0,0,0,0,0,0,0
21075397514560,8.1797738,1786372532896503641,,0,0,0,0,0,0,0,0,0,0,0,0,0,0,0,0,0,0,0
21075417465216,8.1997244,1786372532916511941,,0,0,0,0,0,0,0,0,0,0,0,0,0,0,0,0,0,0,0
21075437526720,8.2197859,1786372532936532435,,0,0,0,0,0,0,0,0,0,0,0,0,0,0,0,0,0,0,0
21075457490400,8.2397496,1786372532956528075,,0,0,0,0,0,0,0,0,0,0,0,0,0,0,0,0,0,0,0
21075477376992,8.2596362,1786372532976525340,,0,0,0,0,0,0,0,0,0,0,0,0,0,0,0,0,0,0,0
21075497509952,8.2797692,1786372532996506944,,0,0,0,0,0,0,0,0,0,0,0,0,0,0,0,0,0,0,0
21075517494976,8.2997542,1786372533016511803,,0,0,0,0,0,0,0,0,0,0,0,0,0,0,0,0,0,0,0
21075537537056,8.3197963,1786372533036504609,,0,0,0,0,0,0,0,0,0,0,0,0,0,0,0,0,0,0,0
21075557563936,8.3398231,1786372533056511638,,0,0,0,0,0,0,0,0,0,0,0,0,0,0,0,0,0,0,0
21075577511552,8.3597708,1786372533076533215,,0,0,0,0,0,0,0,0,0,0,0,0,0,0,0,0,0,0,0
21075597585856,8.3798451,1786372533096531963,,0,0,0,0,0,0,0,0,0,0,0,0,0,0,0,0,0,0,0
21075617467104,8.3997263,1786372533116525425,,0,0,0,0,0,0,0,0,0,0,0,0,0,0,0,0,0,0,0
21075637568288,8.4198275,1786372533136507396,,0,0,0,0,0,0,0,0,0,0,0,0,0,0,0,0,0,0,0
21075657448128,8.4397073,1786372533156511642,,0,0,0,0,0,0,0,0,0,0,0,0,0,0,0,0,0,0,0
21075677320960,8.4595802,1786372533176505732,,0,0,0,0,0,0,0,0,0,0,0,0,0,0,0,0,0,0,0
21075697453440,8.4797126,1786372533196511166,,0,0,0,0,0,0,0,0,0,0,0,0,0,0,0,0,0,0,0
21075717481344,8.4997405,1786372533216532019,,0,0,0,0,0,0,0,0,0,0,0,0,0,0,0,0,0,0,0
21075737538848,8.519798,1786372533236527676,,0,0,0,0,0,0,0,0,0,0,0,0,0,0,0,0,0,0,0
21075757486784,8.539746,1786372533256524371,,0,0,0,0,0,0,0,0,0,0,0,0,0,0,0,0,0,0,0
21075777423904,8.5596831,1786372533276506745,,0,0,0,0,0,0,0,0,0,0,0,0,0,0,0,0,0,0,0
21075797462720,8.5797219,1786372533296511871,,0,0,0,0,0,0,0,0,0,0,0,0,0,0,0,0,0,0,0
21075817450624,8.5997098,1786372533316505275,,0,0,0,0,0,0,0,0,0,0,0,0,0,0,0,0,0,0,0
21075837512608,8.6197718,1786372533336510665,,0,0,0,0,0,0,0,0,0,0,0,0,0,0,0,0,0,0,0
21075857501472,8.6397607,1786372533356532034,,0,0,0,0,0,0,0,0,0,0,0,0,0,0,0,0,0,0,0
21075877346880,8.6596061,1786372533376526821,,0,0,0,0,0,0,0,0,0,0,0,0,0,0,0,0,0,0,0
21075897449440,8.6797086,1786372533396523549,,0,0,0,0,0,0,0,0,0,0,0,0,0,0,0,0,0,0,0
21075917448032,8.6997072,1786372533416506700,,0,0,0,0,0,0,0,0,0,0,0,0,0,0,0,0,0,0,0
21075937435936,8.7196951,1786372533436511476,,0,0,0,0,0,0,0,0,0,0,0,0,0,0,0,0,0,0,0
21075957423232,8.7396824,1786372533456504374,,0,0,0,0,0,0,0,0,0,0,0,0,0,0,0,0,0,0,0
21075977449440,8.7597086,1786372533476511624,,0,0,0,0,0,0,0,0,0,0,0,0,0,0,0,0,0,0,0
21075997468416,8.7797276,1786372533496532673,,0,0,0,0,0,0,0,0,0,0,0,0,0,0,0,0,0,0,0
21076017457184,8.7997164,1786372533516527764,,0,0,0,0,0,0,0,0,0,0,0,0,0,0,0,0,0,0,0
21076037541632,8.8198008,1786372533536522796,,0,0,0,0,0,0,0,0,0,0,0,0,0,0,0,0,0,0,0
21076057434816,8.839694,1786372533556507032,,0,0,0,0,0,0,0,0,0,0,0,0,0,0,0,0,0,0,0
21076077378048,8.8596372,1786372533576511687,,0,0,0,0,0,0,0,0,0,0,0,0,0,0,0,0,0,0,0
21076097454272,8.8797135,1786372533596506801,,0,0,0,0,0,0,0,0,0,0,0,0,0,0,0,0,0,0,0
21076117429856,8.8996891,1786372533616511191,,0,0,0,0,0,0,0,0,0,0,0,0,0,0,0,0,0,0,0
21076137517344,8.9197765,1786372533636532625,,0,0,0,0,0,0,0,0,0,0,0,0,0,0,0,0,0,0,0
21076157465120,8.9397243,1786372533656527535,,0,0,0,0,0,0,0,0,0,0,0,0,0,0,0,0,0,0,0
21076177458208,8.9597174,1786372533676523875,,0,0,0,0,0,0,0,0,0,0,0,0,0,0,0,0,0,0,0
21076197441472,8.9797007,1786372533696507730,,0,0,0,0,0,0,0,0,0,0,0,0,0,0,0,0,0,0,0
21076217427488,8.9996867,1786372533716512153,,0,0,0,0,0,0,0,0,0,0,0,0,0,0,0,0,0,0,0
21076237514592,9.0197738,1786372533736504787,,0,0,0,0,0,0,0,0,0,0,0,0,0,0,0,0,0,0,0
21076257436128,9.0396953,1786372533756511676,,0,0,0,0,0,0,0,0,0,0,0,0,0,0,0,0,0,0,0
21076277434816,9.059694,1786372533776531669,,0,0,0,0,0,0,0,0,0,0,0,0,0,0,0,0,0,0,0
21076297436384,9.0796956,1786372533796526978,,0,0,0,0,0,0,0,0,0,0,0,0,0,0,0,0,0,0,0
21076317464352,9.0997236,1786372533816539223,,0,0,0,0,0,0,0,0,0,0,0,0,0,0,0,0,0,0,0
21076337417536,9.1196767,1786372533836507517,,0,0,0,0,0,0,0,0,0,0,0,0,0,0,0,0,0,0,0
21076357431488,9.1396907,1786372533856512494,,0,0,0,0,0,0,0,0,0,0,0,0,0,0,0,0,0,0,0
21076377419008,9.1596782,1786372533876505415,,0,0,0,0,0,0,0,0,0,0,0,0,0,0,0,0,0,0,0
21076397404416,9.1796636,1786372533896511548,,0,0,0,0,0,0,0,0,0,0,0,0,0,0,0,0,0,0,0
21076417436736,9.1996959,1786372533916533050,,0,0,0,0,0,0,0,0,0,0,0,0,0,0,0,0,0,0,0
21076437472064,9.2197313,1786372533936528727,,0,0,0,0,0,0,0,0,0,0,0,0,0,0,0,0,0,0,0
21076457436512,9.2396957,1786372533956525038,,0,0,0,0,0,0,0,0,0,0,0,0,0,0,0,0,0,0,0
21076477357120,9.2596163,1786372533976507301,,0,0,0,0,0,0,0,0,0,0,0,0,0,0,0,0,0,0,0
21076497402304,9.2796615,1786372533996512204,,0,0,0,0,0,0,0,0,0,0,0,0,0,0,0,0,0,0,0
21076517398368,9.2996576,1786372534016506577,,0,0,0,0,0,0,0,0,0,0,0,0,0,0,0,0,0,0,0
21076537420960,9.3196802,1786372534036512040,,0,0,0,0,0,0,0,0,0,0,0,0,0,0,0,0,0,0,0
21076557431584,9.3396908,1786372534056532478,,0,0,0,0,0,0,0,0,0,0,0,0,0,0,0,0,0,0,0
21076577431072,9.3596903,1786372534076528696,,0,0,0,0,0,0,0,0,0,0,0,0,0,0,0,0,0,0,0
21076597442720,9.3797019,1786372534096532283,,0,0,0,0,0,0,0,0,0,0,0,0,0,0,0,0,0,0,0
21076617400544,9.3996597,1786372534116510483,,0,0,0,0,0,0,0,0,0,0,0,0,0,0,0,0,0,0,0
21076637505472,9.4197647,1786372534136512024,,0,0,0,0,0,0,0,0,0,0,0,0,0,0,0,0,0,0,0
21076657407616,9.4396668,1786372534156506058,,0,0,0,0,0,0,0,0,0,0,0,0,0,0,0,0,0,0,0
21076677383136,9.4596423,1786372534176511189,,0,0,0,0,0,0,0,0,0,0,0,0,0,0,0,0,0,0,0
21076697418496,9.4796777,1786372534196532095,,0,0,0,0,0,0,0,0,0,0,0,0,0,0,0,0,0,0,0
21076717412736,9.4996719,1786372534216527641,,0,0,0,0,0,0,0,0,0,0,0,0,0,0,0,0,0,0,0
21076737435680,9.5196949,1786372534236525197,,0,0,0,0,0,0,0,0,0,0,0,0,0,0,0,0,0,0,0
21076757386720,9.5396459,1786372534256507775,,0,0,0,0,0,0,0,0,0,0,0,0,0,0,0,0,0,0,0
21076777407008,9.5596662,1786372534276511451,,0,0,0,0,0,0,0,0,0,0,0,0,0,0,0,0,0,0,0
21076797395552,9.5796548,1786372534296504474,,0,0,0,0,0,0,0,0,0,0,0,0,0,0,0,0,0,0,0
21076817416384,9.5996756,1786372534316512993,,0,0,0,0,0,0,0,0,0,0,0,0,0,0,0,0,0,0,0
21076837515840,9.619775,1786372534336533302,,0,0,0,0,0,0,0,0,0,0,0,0,0,0,0,0,0,0,0
21076857430496,9.6396897,1786372534356528388,,0,0,0,0,0,0,0,0,0,0,0,0,0,0,0,0,0,0,0
21076877294720,9.6595539,1786372534376523847,,0,0,0,0,0,0,0,0,0,0,0,0,0,0,0,0,0,0,0
21076897387456,9.6796467,1786372534396508362,,0,0,0,0,0,0,0,0,0,0,0,0,0,0,0,0,0,0,0
21076917388928,9.6996481,1786372534416512285,,0,0,0,0,0,0,0,0,0,0,0,0,0,0,0,0,0,0,0
21076937434560,9.7196938,1786372534436504934,,0,0,0,0,0,0,0,0,0,0,0,0,0,0,0,0,0,0,0
21076957421632,9.7396808,1786372534456511407,,0,0,0,0,0,0,0,0,0,0,0,0,0,0,0,0,0,0,0
21076977418656,9.7596779,1786372534476532983,,0,0,0,0,0,0,0,0,0,0,0,0,0,0,0,0,0,0,0
21076997408704,9.7796679,1786372534496528426,,0,0,0,0,0,0,0,0,0,0,0,0,0,0,0,0,0,0,0
21077017444416,9.7997036,1786372534516525777,,0,0,0,0,0,0,0,0,0,0,0,0,0,0,0,0,0,0,0
21077037520896,9.8197801,1786372534536516997,,0,0,0,0,0,0,0,0,0,0,0,0,0,0,0,0,0,0,0
21077057406176,9.8396654,1786372534556511665,,0,0,0,0,0,0,0,0,0,0,0,0,0,0,0,0,0,0,0
21077077339328,9.8595985,1786372534576506190,,0,0,0,0,0,0,0,0,0,0,0,0,0,0,0,0,0,0,0
21077097409120,9.8796683,1786372534596516737,,0,0,0,0,0,0,0,0,0,0,0,0,0,0,0,0,0,0,0
21077117431936,9.8996911,1786372534616536698,,0,0,0,0,0,0,0,0,0,0,0,0,0,0,0,0,0,0,0
21077137564224,9.9198234,1786372534636527651,,0,0,0,0,0,0,0,0,0,0,0,0,0,0,0,0,0,0,0
21077157404512,9.9396637,1786372534656524414,,0,0,0,0,0,0,0,0,0,0,0,0,0,0,0,0,0,0,0
21077177395616,9.9596548,1786372534676507155,,0,0,0,0,0,0,0,0,0,0,0,0,0,0,0,0,0,0,0
21077197394400,9.9796536,1786372534696511312,,0,0,0,0,0,0,0,0,0,0,0,0,0,0,0,0,0,0,0
21077217385280,9.9996445,1786372534716504162,,0,0,0,0,0,0,0,0,0,0,0,0,0,0,0,0,0,0,0
21077237405184,10.019664,1786372534736511791,,0,0,0,0,0,0,0,0,0,0,0,0,0,0,0,0,0,0,0
21077257429472,10.039689,1786372534756531883,,0,0,0,0,0,0,0,0,0,0,0,0,0,0,0,0,0,0,0
21077277352320,10.059612,1786372534776528000,,0,0,0,0,0,0,0,0,0,0,0,0,0,0,0,0,0,0,0
21077297382080,10.079641,1786372534796523396,,0,0,0,0,0,0,0,0,0,0,0,0,0,0,0,0,0,0,0
21077317366048,10.099625,1786372534816509954,,0,0,0,0,0,0,0,0,0,0,0,0,0,0,0,0,0,0,0
21077337538688,10.119798,1786372534836511539,,0,0,0,0,0,0,0,0,0,0,0,0,0,0,0,0,0,0,0
21077357381984,10.139641,1786372534856505401,,0,0,0,0,0,0,0,0,0,0,0,0,0,0,0,0,0,0,0
21077377366240,10.159625,1786372534876514773,,0,0,0,0,0,0,0,0,0,0,0,0,0,0,0,0,0,0,0
21077397378016,10.179637,1786372534896532972,,0,0,0,0,0,0,0,0,0,0,0,0,0,0,0,0,0,0,0
21077417412480,10.199672,1786372534916527841,,0,0,0,0,0,0,0,0,0,0,0,0,0,0,0,0,0,0,0
21077437386208,10.219645,1786372534936524526,,0,0,0,0,0,0,0,0,0,0,0,0,0,0,0,0,0,0,0
21077457415424,10.239675,1786372534956508014,,0,0,0,0,0,0,0,0,0,0,0,0,0,0,0,0,0,0,0
21077477241120,10.2595,1786372534976512481,,0,0,0,0,0,0,0,0,0,0,0,0,0,0,0,0,0,0,0
21077497352480,10.279612,1786372534996505344,,0,0,0,0,0,0,0,0,0,0,0,0,0,0,0,0,0,0,0
21077517378432,10.299638,1786372535016511864,,0,0,0,0,0,0,0,0,0,0,0,0,0,0,0,0,0,0,0
21077537412768,10.319672,1786372535036533590,,0,0,0,0,0,0,0,0,0,0,0,0,0,0,0,0,0,0,0
21077557381792,10.339641,1786372535056527809,,0,0,0,0,0,0,0,0,0,0,0,0,0,0,0,0,0,0,0
21077577374944,10.359634,1786372535076526967,,0,0,0,0,0,0,0,0,0,0,0,0,0,0,0,0,0,0,0
21077597372224,10.379631,1786372535096512073,,0,0,0,0,0,0,0,0,0,0,0,0,0,0,0,0,0,0,0
21077617386496,10.399646,1786372535116511748,,0,0,0,0,0,0,0,0,0,0,0,0,0,0,0,0,0,0,0
21077637450944,10.41971,1786372535136505523,,0,0,0,0,0,0,0,0,0,0,0,0,0,0,0,0,0,0,0
21077657364064,10.439623,1786372535156512426,,0,0,0,0,0,0,0,0,0,0,0,0,0,0,0,0,0,0,0
21077677263040,10.459522,1786372535176532469,,0,0,0,0,0,0,0,0,0,0,0,0,0,0,0,0,0,0,0
21077697361696,10.479621,1786372535196528032,,0,0,0,0,0,0,0,0,0,0,0,0,0,0,0,0,0,0,0
21077717406848,10.499666,1786372535216524080,,0,0,0,0,0,0,0,0,0,0,0,0,0,0,0,0,0,0,0
21077737429824,10.519689,1786372535236506864,,0,0,0,0,0,0,0,0,0,0,0,0,0,0,0,0,0,0,0
21077757373056,10.539632,1786372535256512351,,0,0,0,0,0,0,0,0,0,0,0,0,0,0,0,0,0,0,0
21077777355872,10.559615,1786372535276505576,,0,0,0,0,0,0,0,0,0,0,0,0,0,0,0,0,0,0,0
21077797401568,10.579661,1786372535296512485,,0,0,0,0,0,0,0,0,0,0,0,0,0,0,0,0,0,0,0
21077817392160,10.599651,1786372535316534462,,0,0,0,0,0,0,0,0,0,0,0,0,0,0,0,0,0,0,0
21077837454976,10.619714,1786372535336527621,,0,0,0,0,0,0,0,0,0,0,0,0,0,0,0,0,0,0,0
21077857364800,10.639624,1786372535356524216,,0,0,0,0,0,0,0,0,0,0,0,0,0,0,0,0,0,0,0
21077877232864,10.659492,1786372535376508835,,0,0,0,0,0,0,0,0,0,0,0,0,0,0,0,0,0,0,0
21077897334528,10.679594,1786372535396511609,,0,0,0,0,0,0,0,0,0,0,0,0,0,0,0,0,0,0,0
21077917379648,10.699639,1786372535416504484,,0,0,0,0,0,0,0,0,0,0,0,0,0,0,0,0,0,0,0
21077937430464,10.71969,1786372535436511507,,0,0,0,0,0,0,0,0,0,0,0,0,0,0,0,0,0,0,0
21077957405280,10.739664,1786372535456532836,,0,0,0,0,0,0,0,0,0,0,0,0,0,0,0,0,0,0,0
21077977363680,10.759623,1786372535476528633,,0,0,0,0,0,0,0,0,0,0,0,0,0,0,0,0,0,0,0
21077997404704,10.779664,1786372535496524872,,0,0,0,0,0,0,0,0,0,0,0,0,0,0,0,0,0,0,0
21078017337984,10.799597,1786372535516506689,,0,0,0,0,0,0,0,0,0,0,0,0,0,0,0,0,0,0,0
21078037384000,10.819643,1786372535536511527,,0,0,0,0,0,0,0,0,0,0,0,0,0,0,0,0,0,0,0
21078057345472,10.839605,1786372535556505427,,0,0,0,0,0,0,0,0,0,0,0,0,0,0,0,0,0,0,0
21078077229184,10.859488,1786372535576511737,,0,0,0,0,0,0,0,0,0,0,0,0,0,0,0,0,0,0,0
21078097381984,10.879641,1786372535596535857,,0,0,0,0,0,0,0,0,0,0,0,0,0,0,0,0,0,0,0
21078117389088,10.899648,1786372535616533817,,0,0,0,0,0,0,0,0,0,0,0,0,0,0,0,0,0,0,0
21078137410656,10.91967,1786372535636525176,,0,0,0,0,0,0,0,0,0,0,0,0,0,0,0,0,0,0,0
21078157354944,10.939614,1786372535656507734,,0,0,0,0,0,0,0,0,0,0,0,0,0,0,0,0,0,0,0
21078177341696,10.959601,1786372535676513371,,0,0,0,0,0,0,0,0,0,0,0,0,0,0,0,0,0,0,0
21078197343904,10.979603,1786372535696507133,,0,0,0,0,0,0,0,0,0,0,0,0,0,0,0,0,0,0,0
21078217350624,10.99961,1786372535716513409,,0,0,0,0,0,0,0,0,0,0,0,0,0,0,0,0,0,0,0
21078237391168,11.01965,1786372535736532999,,0,0,0,0,0,0,0,0,0,0,0,0,0,0,0,0,0,0,0
21078257359168,11.039618,1786372535756542148,,0,0,0,0,0,0,0,0,0,0,0,0,0,0,0,0,0,0,0
21078277327872,11.059587,1786372535776523862,,0,0,0,0,0,0,0,0,0,0,0,0,0,0,0,0,0,0,0
21078297328736,11.079588,1786372535796507118,,0,0,0,0,0,0,0,0,0,0,0,0,0,0,0,0,0,0,0
21078317351488,11.099611,1786372535816512761,,0,0,0,0,0,0,0,0,0,0,0,0,0,0,0,0,0,0,0
21078337419392,11.119679,1786372535836504198,,0,0,0,0,0,0,0,0,0,0,0,0,0,0,0,0,0,0,0
21078357331136,11.13959,1786372535856511340,,0,0,0,0,0,0,0,0,0,0,0,0,0,0,0,0,0,0,0
21078377348512,11.159608,1786372535876532671,,0,0,0,0,0,0,0,0,0,0,0,0,0,0,0,0,0,0,0
21078397406592,11.179666,1786372535896526395,,0,0,0,0,0,0,0,0,0,0,0,0,0,0,0,0,0,0,0
21078417360096,11.199619,1786372535916523397,,0,0,0,0,0,0,0,0,0,0,0,0,0,0,0,0,0,0,0
21078437423776,11.219683,1786372535936506748,,0,0,0,0,0,0,0,0,0,0,0,0,0,0,0,0,0,0,0
21078457315008,11.239574,1786372535956511349,,0,0,0,0,0,0,0,0,0,0,0,0,0,0,0,0,0,0,0
21078477211776,11.259471,1786372535976505022,,0,0,0,0,0,0,0,0,0,0,0,0,0,0,0,0,0,0,0
21078497365696,11.279625,1786372535996510325,,0,0,0,0,0,0,0,0,0,0,0,0,0,0,0,0,0,0,0
21078517378368,11.299638,1786372536016531222,,0,0,0,0,0,0,0,0,0,0,0,0,0,0,0,0,0,0,0
21078537367424,11.319627,1786372536036528592,,0,0,0,0,0,0,0,0,0,0,0,0,0,0,0,0,0,0,0
21078557334496,11.339594,1786372536056525881,,0,0,0,0,0,0,0,0,0,0,0,0,0,0,0,0,0,0,0
21078577440064,11.359699,1786372536076508515,,0,0,0,0,0,0,0,0,0,0,0,0,0,0,0,0,0,0,0
21078597374240,11.379633,1786372536096516236,,0,0,0,0,0,0,0,0,0,0,0,0,0,0,0,0,0,0,0
21078617321568,11.399581,1786372536116504902,,0,0,0,0,0,0,0,0,0,0,0,0,0,0,0,0,0,0,0
21078637346944,11.419606,1786372536136512351,,0,0,0,0,0,0,0,0,0,0,0,0,0,0,0,0,0,0,0
21078657329344,11.439589,1786372536156533140,,0,0,0,0,0,0,0,0,0,0,0,0,0,0,0,0,0,0,0
21078677205888,11.459465,1786372536176528857,,0,0,0,0,0,0,0,0,0,0,0,0,0,0,0,0,0,0,0
21078697347776,11.479607,1786372536196524790,,0,0,0,0,0,0,0,0,0,0,0,0,0,0,0,0,0,0,0
21078717346048,11.499605,1786372536216508453,,0,0,0,0,0,0,0,0,0,0,0,0,0,0,0,0,0,0,0
21078737399168,11.519658,1786372536236511541,,0,0,0,0,0,0,0,0,0,0,0,0,0,0,0,0,0,0,0
21078757371680,11.539631,1786372536256505383,,0,0,0,0,0,0,0,0,0,0,0,0,0,0,0,0,0,0,0
21078777340576,11.5596,1786372536276511510,,0,0,0,0,0,0,0,0,0,0,0,0,0,0,0,0,0,0,0
21078797348672,11.579608,1786372536296530676,,0,0,0,0,0,0,0,0,0,0,0,0,0,0,0,0,0,0,0
21078817356160,11.599615,1786372536316529655,,0,0,0,0,0,0,0,0,0,0,0,0,0,0,0,0,0,0,0
21078837348832,11.619608,1786372536336523793,,0,0,0,0,0,0,0,0,0,0,0,0,0,0,0,0,0,0,0
21078857335552,11.639595,1786372536356508000,,0,0,0,0,0,0,0,0,0,0,0,0,0,0,0,0,0,0,0
21078877198944,11.659458,1786372536376513072,,0,0,0,0,0,0,0,0,0,0,0,0,0,0,0,0,0,0,0
21078897339296,11.679598,1786372536396506900,,0,0,0,0,0,0,0,0,0,0,0,0,0,0,0,0,0,0,0
21078917371072,11.69963,1786372536416510557,,0,0,0,0,0,0,0,0,0,0,0,0,0,0,0,0,0,0,0
21078937364832,11.719624,1786372536436532504,,0,0,0,0,0,0,0,0,0,0,0,0,0,0,0,0,0,0,0
21078957358688,11.739618,1786372536456529335,,0,0,0,0,0,0,0,0,0,0,0,0,0,0,0,0,0,0,0
21078977350816,11.75961,1786372536476524513,,0,0,0,0,0,0,0,0,0,0,0,0,0,0,0,0,0,0,0
21078997318816,11.779578,1786372536496508183,,0,0,0,0,0,0,0,0,0,0,0,0,0,0,0,0,0,0,0
21079017344032,11.799603,1786372536516512668,,0,0,0,0,0,0,0,0,0,0,0,0,0,0,0,0,0,0,0
21079037349312,11.819609,1786372536536504278,,0,0,0,0,0,0,0,0,0,0,0,0,0,0,0,0,0,0,0
21079057327104,11.839586,1786372536556511692,,0,0,0,0,0,0,0,0,0,0,0,0,0,0,0,0,0,0,0
21079077191904,11.859451,1786372536576533055,,0,0,0,0,0,0,0,0,0,0,0,0,0,0,0,0,0,0,0
21079097341888,11.879601,1786372536596531844,,0,0,0,0,0,0,0,0,0,0,0,0,0,0,0,0,0,0,0
21079117344928,11.899604,1786372536616525259,,0,0,0,0,0,0,0,0,0,0,0,0,0,0,0,0,0,0,0
21079137419936,11.919679,1786372536636507728,,0,0,0,0,0,0,0,0,0,0,0,0,0,0,0,0,0,0,0
21079157312672,11.939572,1786372536656511222,,0,0,0,0,0,0,0,0,0,0,0,0,0,0,0,0,0,0,0
21079177286464,11.959546,1786372536676505233,,0,0,0,0,0,0,0,0,0,0,0,0,0,0,0,0,0,0,0
21079197334048,11.979593,1786372536696511892,,0,0,0,0,0,0,0,0,0,0,0,0,0,0,0,0,0,0,0
21079217325824,11.999585,1786372536716532049,,0,0,0,0,0,0,0,0,0,0,0,0,0,0,0,0,0,0,0
21079237445024,12.019704,1786372536736527569,,0,0,0,0,0,0,0,0,0,0,0,0,0,0,0,0,0,0,0
21079257306784,12.039566,1786372536756523651,,0,0,0,0,0,0,0,0,0,0,0,0,0,0,0,0,0,0,0
21079277157792,12.059417,1786372536776506949,,0,0,0,0,0,0,0,0,0,0,0,0,0,0,0,0,0,0,0
21079297328800,12.079588,1786372536796512147,,0,0,0,0,0,0,0,0,0,0,0,0,0,0,0,0,0,0,0
21079317292992,12.099552,1786372536816505167,,0,0,0,0,0,0,0,0,0,0,0,0,0,0,0,0,0,0,0
21079337333440,12.119593,1786372536836510826,,0,0,0,0,0,0,0,0,0,0,0,0,0,0,0,0,0,0,0
21079357304864,12.139564,1786372536856532313,,0,0,0,0,0,0,0,0,0,0,0,0,0,0,0,0,0,0,0
21079377334560,12.159594,1786372536876529022,,0,0,0,0,0,0,0,0,0,0,0,0,0,0,0,0,0,0,0
21079397327392,12.179587,1786372536896524458,,0,0,0,0,0,0,0,0,0,0,0,0,0,0,0,0,0,0,0
21079417328128,12.199587,1786372536916508389,,0,0,0,0,0,0,0,0,0,0,0,0,0,0,0,0,0,0,0
21079437336864,12.219596,1786372536936512118,,0,0,0,0,0,0,0,0,0,0,0,0,0,0,0,0,0,0,0
21079457310496,12.23957,1786372536956504446,,0,0,0,0,0,0,0,0,0,0,0,0,0,0,0,0,0,0,0
21079477186464,12.259446,1786372536976512108,,0,0,0,0,0,0,0,0,0,0,0,0,0,0,0,0,0,0,0
21079497352544,12.279612,1786372536996530262,,0,0,0,0,0,0,0,0,0,0,0,0,0,0,0,0,0,0,0
21079517303872,12.299563,1786372537016527272,,0,0,0,0,0,0,0,0,0,0,0,0,0,0,0,0,0,0,0
21079537388544,12.319648,1786372537036523921,,0,0,0,0,0,0,0,0,0,0,0,0,0,0,0,0,0,0,0
21079557268128,12.339527,1786372537056507199,,0,0,0,0,0,0,0,0,0,0,0,0,0,0,0,0,0,0,0
21079577337344,12.359597,1786372537076512093,,0,0,0,0,0,0,0,0,0,0,0,0,0,0,0,0,0,0,0
21079597267360,12.379527,1786372537096507555,,0,0,0,0,0,0,0,0,0,0,0,0,0,0,0,0,0,0,0
21079617277216,12.399536,1786372537116511529,,0,0,0,0,0,0,0,0,0,0,0,0,0,0,0,0,0,0,0
21079637332768,12.419592,1786372537136532289,,0,0,0,0,0,0,0,0,0,0,0,0,0,0,0,0,0,0,0
21079657314944,12.439574,1786372537156527040,,0,0,0,0,0,0,0,0,0,0,0,0,0,0,0,0,0,0,0
21079677174272,12.459433,1786372537176526108,,0,0,0,0,0,0,0,0,0,0,0,0,0,0,0,0,0,0,0
21079697345056,12.479604,1786372537196507876,,0,0,0,0,0,0,0,0,0,0,0,0,0,0,0,0,0,0,0
21079717303168,12.499562,1786372537216512028,,0,0,0,0,0,0,0,0,0,0,0,0,0,0,0,0,0,0,0
21079737290976,12.51955,1786372537236505651,,0,0,0,0,0,0,0,0,0,0,0,0,0,0,0,0,0,0,0
21079757293952,12.539553,1786372537256511818,,0,0,0,0,0,0,0,0,0,0,0,0,0,0,0,0,0,0,0
21079777350848,12.55961,1786372537276532720,,0,0,0,0,0,0,0,0,0,0,0,0,0,0,0,0,0,0,0
21079797334400,12.579594,1786372537296528020,,0,0,0,0,0,0,0,0,0,0,0,0,0,0,0,0,0,0,0
21079817321280,12.59958,1786372537316525393,,0,0,0,0,0,0,0,0,0,0,0,0,0,0,0,0,0,0,0
21079837261632,12.619521,1786372537336507463,,0,0,0,0,0,0,0,0,0,0,0,0,0,0,0,0,0,0,0
21079857276256,12.639535,1786372537356512834,,0,0,0,0,0,0,0,0,0,0,0,0,0,0,0,0,0,0,0
21079877173504,12.659433,1786372537376505479,,0,0,0,0,0,0,0,0,0,0,0,0,0,0,0,0,0,0,0
21079897277760,12.679537,1786372537396512464,,0,0,0,0,0,0,0,0,0,0,0,0,0,0,0,0,0,0,0
21079917297920,12.699557,1786372537416531850,,0,0,0,0,0,0,0,0,0,0,0,0,0,0,0,0,0,0,0
21079937441408,12.719701,1786372537436528580,,0,0,0,0,0,0,0,0,0,0,0,0,0,0,0,0,0,0,0
21079957325024,12.739584,1786372537456524915,,0,0,0,0,0,0,0,0,0,0,0,0,0,0,0,0,0,0,0
21079977244800,12.759504,1786372537476506481,,0,0,0,0,0,0,0,0,0,0,0,0,0,0,0,0,0,0,0
21079997277312,12.779537,1786372537496512228,,0,0,0,0,0,0,0,0,0,0,0,0,0,0,0,0,0,0,0
21080017261632,12.799521,1786372537516504898,,0,0,0,0,0,0,0,0,0,0,0,0,0,0,0,0,0,0,0
21080037361792,12.819621,1786372537536510827,,0,0,0,0,0,0,0,0,0,0,0,0,0,0,0,0,0,0,0
21080057318944,12.839578,1786372537556532455,,0,0,0,0,0,0,0,0,0,0,0,0,0,0,0,0,0,0,0
21080077224000,12.859483,1786372537576527932,,0,0,0,0,0,0,0,0,0,0,0,0,0,0,0,0,0,0,0
21080097291232,12.87955,1786372537596527037,,0,0,0,0,0,0,0,0,0,0,0,0,0,0,0,0,0,0,0
21080117279680,12.899539,1786372537616508038,,0,0,0,0,0,0,0,0,0,0,0,0,0,0,0,0,0,0,0
21080137267968,12.919527,1786372537636527221,,0,0,0,0,0,0,0,0,0,0,0,0,0,0,0,0,0,0,0
21080157240064,12.939499,1786372537656505041,,0,0,0,0,0,0,0,0,0,0,0,0,0,0,0,0,0,0,0
21080177276544,12.959536,1786372537676511792,,0,0,0,0,0,0,0,0,0,0,0,0,0,0,0,0,0,0,0
21080197294208,12.979553,1786372537696532992,,0,0,0,0,0,0,0,0,0,0,0,0,0,0,0,0,0,0,0
21080217281824,12.999541,1786372537716527976,,0,0,0,0,0,0,0,0,0,0,0,0,0,0,0,0,0,0,0
21080237272672,13.019532,1786372537736524768,,0,0,0,0,0,0,0,0,0,0,0,0,0,0,0,0,0,0,0
21080257234976,13.039494,1786372537756506057,,0,0,0,0,0,0,0,0,0,0,0,0,0,0,0,0,0,0,0
21080277148192,13.059407,1786372537776512278,,0,0,0,0,0,0,0,0,0,0,0,0,0,0,0,0,0,0,0
21080297280608,13.07954,1786372537796506437,,0,0,0,0,0,0,0,0,0,0,0,0,0,0,0,0,0,0,0
21080317257088,13.099516,1786372537816513636,,0,0,0,0,0,0,0,0,0,0,0,0,0,0,0,0,0,0,0
21080337246592,13.119506,1786372537836531727,,0,0,0,0,0,0,0,0,0,0,0,0,0,0,0,0,0,0,0
21080357258208,13.139517,1786372537856528122,,0,0,0,0,0,0,0,0,0,0,0,0,0,0,0,0,0,0,0
21080377245216,13.159504,1786372537876524424,,0,0,0,0,0,0,0,0,0,0,0,0,0,0,0,0,0,0,0
21080397239904,13.179499,1786372537896507984,,0,0,0,0,0,0,0,0,0,0,0,0,0,0,0,0,0,0,0
21080417228768,13.199488,1786372537916511794,,0,0,0,0,0,0,0,0,0,0,0,0,0,0,0,0,0,0,0
21080437309248,13.219568,1786372537936505020,,0,0,0,0,0,0,0,0,0,0,0,0,0,0,0,0,0,0,0
21080457242112,13.239501,1786372537956511760,,0,0,0,0,0,0,0,0,0,0,0,0,0,0,0,0,0,0,0
21080477285344,13.259545,1786372537976547158,,0,0,0,0,0,0,0,0,0,0,0,0,0,0,0,0,0,0,0
21080497248864,13.279508,1786372537996526963,,0,0,0,0,0,0,0,0,0,0,0,0,0,0,0,0,0,0,0
21080517228800,13.299488,1786372538016525074,,0,0,0,0,0,0,0,0,0,0,0,0,0,0,0,0,0,0,0
21080537252064,13.319511,1786372538036507383,,0,0,0,0,0,0,0,0,0,0,0,0,0,0,0,0,0,0,0
21080557281280,13.33954,1786372538056512168,,0,0,0,0,0,0,0,0,0,0,0,0,0,0,0,0,0,0,0
21080577253024,13.359512,1786372538076505357,,0,0,0,0,0,0,0,0,0,0,0,0,0,0,0,0,0,0,0
21080597279776,13.379539,1786372538096517273,,0,0,0,0,0,0,0,0,0,0,0,0,0,0,0,0,0,0,0
21080617270496,13.39953,1786372538116538923,,0,0,0,0,0,0,0,0,0,0,0,0,0,0,0,0,0,0,0
21080637298752,13.419558,1786372538136534635,,0,0,0,0,0,0,0,0,0,0,0,0,0,0,0,0,0,0,0
21080657273632,13.439533,1786372538156530982,,0,0,0,0,0,0,0,0,0,0,0,0,0,0,0,0,0,0,0
21080677339072,13.459598,1786372538176514328,,0,0,0,0,0,0,0,0,0,0,0,0,0,0,0,0,0,0,0
21080697228512,13.479488,1786372538196517656,,0,0,0,0,0,0,0,0,0,0,0,0,0,0,0,0,0,0,0
21080717210880,13.49947,1786372538216505414,,0,0,0,0,0,0,0,0,0,0,0,0,0,0,0,0,0,0,0
21080737229504,13.519489,1786372538236512010,,0,0,0,0,0,0,0,0,0,0,0,0,0,0,0,0,0,0,0
21080757281696,13.539541,1786372538256532432,,0,0,0,0,0,0,0,0,0,0,0,0,0,0,0,0,0,0,0
21080777261152,13.55952,1786372538276530546,,0,0,0,0,0,0,0,0,0,0,0,0,0,0,0,0,0,0,0
21080797250368,13.57951,1786372538296524772,,0,0,0,0,0,0,0,0,0,0,0,0,0,0,0,0,0,0,0
21080817220768,13.59948,1786372538316507452,,0,0,0,0,0,0,0,0,0,0,0,0,0,0,0,0,0,0,0
21080837252000,13.619511,1786372538336513595,,0,0,0,0,0,0,0,0,0,0,0,0,0,0,0,0,0,0,0
21080857258208,13.639517,1786372538356506651,,0,0,0,0,0,0,0,0,0,0,0,0,0,0,0,0,0,0,0
21080877088704,13.659348,1786372538376513163,,0,0,0,0,0,0,0,0,0,0,0,0,0,0,0,0,0,0,0
21080897237408,13.679497,1786372538396531879,,0,0,0,0,0,0,0,0,0,0,0,0,0,0,0,0,0,0,0
21080917255264,13.699514,1786372538416528901,,0,0,0,0,0,0,0,0,0,0,0,0,0,0,0,0,0,0,0
21080937230144,13.719489,1786372538436539238,,0,0,0,0,0,0,0,0,0,0,0,0,0,0,0,0,0,0,0
21080957196864,13.739456,1786372538456509100,,0,0,0,0,0,0,0,0,0,0,0,0,0,0,0,0,0,0,0
21080977227488,13.759487,1786372538476512124,,0,0,0,0,0,0,0,0,0,0,0,0,0,0,0,0,0,0,0
21080997205760,13.779465,1786372538496504804,,0,0,0,0,0,0,0,0,0,0,0,0,0,0,0,0,0,0,0
21081017253696,13.799513,1786372538516510881,,0,0,0,0,0,0,0,0,0,0,0,0,0,0,0,0,0,0,0
21081037282880,13.819542,1786372538536532957,,0,0,0,0,0,0,0,0,0,0,0,0,0,0,0,0,0,0,0
21081057276672,13.839536,1786372538556527447,,0,0,0,0,0,0,0,0,0,0,0,0,0,0,0,0,0,0,0
21081077082176,13.859341,1786372538576525661,,0,0,0,0,0,0,0,0,0,0,0,0,0,0,0,0,0,0,0
21081097199840,13.879459,1786372538596511808,,0,0,0,0,0,0,0,0,0,0,0,0,0,0,0,0,0,0,0
21081117181568,13.899441,1786372538616512856,,0,0,0,0,0,0,0,0,0,0,0,0,0,0,0,0,0,0,0
21081137227424,13.919487,1786372538636507160,,0,0,0,0,0,0,0,0,0,0,0,0,0,0,0,0,0,0,0
21081157220384,13.93948,1786372538656513284,,0,0,0,0,0,0,0,0,0,0,0,0,0,0,0,0,0,0,0
21081177221792,13.959481,1786372538676533927,,0,0,0,0,0,0,0,0,0,0,0,0,0,0,0,0,0,0,0
21081197225856,13.979485,1786372538696529431,,0,0,0,0,0,0,0,0,0,0,0,0,0,0,0,0,0,0,0
21081217214976,13.999474,1786372538716525005,,0,0,0,0,0,0,0,0,0,0,0,0,0,0,0,0,0,0,0
21081237185888,14.019445,1786372538736508806,,0,0,0,0,0,0,0,0,0,0,0,0,0,0,0,0,0,0,0
21081257206016,14.039465,1786372538756512819,,0,0,0,0,0,0,0,0,0,0,0,0,0,0,0,0,0,0,0
21081277143648,14.059403,1786372538776504849,,0,0,0,0,0,0,0,0,0,0,0,0,0,0,0,0,0,0,0
21081297194272,14.079453,1786372538796512258,,0,0,0,0,0,0,0,0,0,0,0,0,0,0,0,0,0,0,0
21081317193824,14.099453,1786372538816533283,,0,0,0,0,0,0,0,0,0,0,0,0,0,0,0,0,0,0,0
21081337242112,14.119501,1786372538836529132,,0,0,0,0,0,0,0,0,0,0,0,0,0,0,0,0,0,0,0
21081357216992,14.139476,1786372538856523993,,0,0,0,0,0,0,0,0,0,0,0,0,0,0,0,0,0,0,0
21081377205408,14.159465,1786372538876508685,,0,0,0,0,0,0,0,0,0,0,0,0,0,0,0,0,0,0,0
21081397187840,14.179447,1786372538896511873,,0,0,0,0,0,0,0,0,0,0,0,0,0,0,0,0,0,0,0
21081417173856,14.199433,1786372538916504796,,0,0,0,0,0,0,0,0,0,0,0,0,0,0,0,0,0,0,0
21081437205632,14.219465,1786372538936511088,,0,0,0,0,0,0,0,0,0,0,0,0,0,0,0,0,0,0,0
21081457269920,14.239529,1786372538956531179,,0,0,0,0,0,0,0,0,0,0,0,0,0,0,0,0,0,0,0
21081477120288,14.259379,1786372538976529261,,0,0,0,0,0,0,0,0,0,0,0,0,0,0,0,0,0,0,0
21081497186784,14.279446,1786372538996525059,,0,0,0,0,0,0,0,0,0,0,0,0,0,0,0,0,0,0,0
21081517186400,14.299446,1786372539016508472,,0,0,0,0,0,0,0,0,0,0,0,0,0,0,0,0,0,0,0
21081537193760,14.319453,1786372539036512782,,0,0,0,0,0,0,0,0,0,0,0,0,0,0,0,0,0,0,0
21081557191776,14.339451,1786372539056505651,,0,0,0,0,0,0,0,0,0,0,0,0,0,0,0,0,0,0,0
21081577177536,14.359437,1786372539076511629,,0,0,0,0,0,0,0,0,0,0,0,0,0,0,0,0,0,0,0
21081597251072,14.37951,1786372539096537300,,0,0,0,0,0,0,0,0,0,0,0,0,0,0,0,0,0,0,0
21081617246464,14.399506,1786372539116528931,,0,0,0,0,0,0,0,0,0,0,0,0,0,0,0,0,0,0,0
21081637207872,14.419467,1786372539136523961,,0,0,0,0,0,0,0,0,0,0,0,0,0,0,0,0,0,0,0
21081657200320,14.43946,1786372539156508371,,0,0,0,0,0,0,0,0,0,0,0,0,0,0,0,0,0,0,0
21081677102112,14.459361,1786372539176512693,,0,0,0,0,0,0,0,0,0,0,0,0,0,0,0,0,0,0,0
21081697160864,14.47942,1786372539196505440,,0,0,0,0,0,0,0,0,0,0,0,0,0,0,0,0,0,0,0
21081717275616,14.499535,1786372539216510397,,0,0,0,0,0,0,0,0,0,0,0,0,0,0,0,0,0,0,0
21081737237152,14.519496,1786372539236533727,,0,0,0,0,0,0,0,0,0,0,0,0,0,0,0,0,0,0,0
21081757209088,14.539468,1786372539256528726,,0,0,0,0,0,0,0,0,0,0,0,0,0,0,0,0,0,0,0
21081777187232,14.559446,1786372539276525103,,0,0,0,0,0,0,0,0,0,0,0,0,0,0,0,0,0,0,0
21081797173280,14.579432,1786372539296507527,,0,0,0,0,0,0,0,0,0,0,0,0,0,0,0,0,0,0,0
21081817213440,14.599473,1786372539316512537,,0,0,0,0,0,0,0,0,0,0,0,0,0,0,0,0,0,0,0
21081837175840,14.619435,1786372539336506077,,0,0,0,0,0,0,0,0,0,0,0,0,0,0,0,0,0,0,0
21081857178464,14.639438,1786372539356510325,,0,0,0,0,0,0,0,0,0,0,0,0,0,0,0,0,0,0,0
21081877088224,14.659347,1786372539376532067,,0,0,0,0,0,0,0,0,0,0,0,0,0,0,0,0,0,0,0
21081897179776,14.679439,1786372539396528146,,0,0,0,0,0,0,0,0,0,0,0,0,0,0,0,0,0,0,0
21081917201888,14.699461,1786372539416525484,,0,0,0,0,0,0,0,0,0,0,0,0,0,0,0,0,0,0,0
21081937149376,14.719409,1786372539436507770,,0,0,0,0,0,0,0,0,0,0,0,0,0,0,0,0,0,0,0
21081957174688,14.739434,1786372539456510320,,0,0,0,0,0,0,0,0,0,0,0,0,0,0,0,0,0,0,0
21081977169184,14.759428,1786372539476504559,,0,0,0,0,0,0,0,0,0,0,0,0,0,0,0,0,0,0,0
21081997180864,14.77944,1786372539496512508,,0,0,0,0,0,0,0,0,0,0,0,0,0,0,0,0,0,0,0
21082017208832,14.799468,1786372539516533147,,0,0,0,0,0,0,0,0,0,0,0,0,0,0,0,0,0,0,0
21082037188128,14.819447,1786372539536527976,,0,0,0,0,0,0,0,0,0,0,0,0,0,0,0,0,0,0,0
21082057176288,14.839435,1786372539556522812,,0,0,0,0,0,0,0,0,0,0,0,0,0,0,0,0,0,0,0
21082077119904,14.859379,1786372539576508284,,0,0,0,0,0,0,0,0,0,0,0,0,0,0,0,0,0,0,0
21082097200512,14.87946,1786372539596515283,,0,0,0,0,0,0,0,0,0,0,0,0,0,0,0,0,0,0,0
21082117201568,14.899461,1786372539616504562,,0,0,0,0,0,0,0,0,0,0,0,0,0,0,0,0,0,0,0
21082137172192,14.919431,1786372539636509402,,0,0,0,0,0,0,0,0,0,0,0,0,0,0,0,0,0,0,0
21082157183680,14.939443,1786372539656534050,,0,0,0,0,0,0,0,0,0,0,0,0,0,0,0,0,0,0,0
21082177209504,14.959469,1786372539676529359,,0,0,0,0,0,0,0,0,0,0,0,0,0,0,0,0,0,0,0
21082197184096,14.979443,1786372539696526773,,0,0,0,0,0,0,0,0,0,0,0,0,0,0,0,0,0,0,0
21082217163712,14.999423,1786372539716506654,,0,0,0,0,0,0,0,0,0,0,0,0,0,0,0,0,0,0,0
21082237027712,15.019287,1786372539736512945,,0,0,0,0,0,0,0,0,0,0,0,0,0,0,0,0,0,0,0
21082257159808,15.039419,1786372539756505067,,0,0,0,0,0,0,0,0,0,0,0,0,0,0,0,0,0,0,0
21082277054272,15.059313,1786372539776512556,,0,0,0,0,0,0,0,0,0,0,0,0,0,0,0,0,0,0,0
21082297150784,15.07941,1786372539796533007,,0,0,0,0,0,0,0,0,0,0,0,0,0,0,0,0,0,0,0
21082317192064,15.099451,1786372539816532850,,0,0,0,0,0,0,0,0,0,0,0,0,0,0,0,0,0,0,0
21082337162656,15.119422,1786372539836524377,,0,0,0,0,0,0,0,0,0,0,0,0,0,0,0,0,0,0,0
21082357157376,15.139417,1786372539856506537,,0,0,0,0,0,0,0,0,0,0,0,0,0,0,0,0,0,0,0
21082377137920,15.159397,1786372539876514044,,0,0,0,0,0,0,0,0,0,0,0,0,0,0,0,0,0,0,0
21082397122848,15.179382,1786372539896504632,,0,0,0,0,0,0,0,0,0,0,0,0,0,0,0,0,0,0,0
21082417139040,15.199398,1786372539916511900,,0,0,0,0,0,0,0,0,0,0,0,0,0,0,0,0,0,0,0
21082437160096,15.219419,1786372539936532235,,0,0,0,0,0,0,0,0,0,0,0,0,0,0,0,0,0,0,0
21082457158624,15.239418,1786372539956527083,,0,0,0,0,0,0,0,0,0,0,0,0,0,0,0,0,0,0,0
21082477086336,15.259346,1786372539976522434,,0,0,0,0,0,0,0,0,0,0,0,0,0,0,0,0,0,0,0
21082497128160,15.279387,1786372539996508203,,0,0,0,0,0,0,0,0,0,0,0,0,0,0,0,0,0,0,0
21082517145664,15.299405,1786372540016513418,,0,0,0,0,0,0,0,0,0,0,0,0,0,0,0,0,0,0,0
21082537144736,15.319404,1786372540036503432,,0,0,0,0,0,0,0,0,0,0,0,0,0,0,0,0,0,0,0
21082557106240,15.339365,1786372540056512729,,0,0,0,0,0,0,0,0,0,0,0,0,0,0,0,0,0,0,0
21082577143040,15.359402,1786372540076531837,,0,0,0,0,0,0,0,0,0,0,0,0,0,0,0,0,0,0,0
21082597180640,15.37944,1786372540096529085,,0,0,0,0,0,0,0,0,0,0,0,0,0,0,0,0,0,0,0
21082617184736,15.399444,1786372540116522006,,0,0,0,0,0,0,0,0,0,0,0,0,0,0,0,0,0,0,0
21082637129632,15.419389,1786372540136505051,,0,0,0,0,0,0,0,0,0,0,0,0,0,0,0,0,0,0,0
21082657139328,15.439399,1786372540156511540,,0,0,0,0,0,0,0,0,0,0,0,0,0,0,0,0,0,0,0
21082677129696,15.459389,1786372540176503731,,0,0,0,0,0,0,0,0,0,0,0,0,0,0,0,0,0,0,0
21082697142656,15.479402,1786372540196511792,,0,0,0,0,0,0,0,0,0,0,0,0,0,0,0,0,0,0,0
21082717167328,15.499427,1786372540216532450,,0,0,0,0,0,0,0,0,0,0,0,0,0,0,0,0,0,0,0
21082737162496,15.519422,1786372540236527852,,0,0,0,0,0,0,0,0,0,0,0,0,0,0,0,0,0,0,0
21082757147392,15.539407,1786372540256522448,,0,0,0,0,0,0,0,0,0,0,0,0,0,0,0,0,0,0,0
21082777144576,15.559404,1786372540276507034,,0,0,0,0,0,0,0,0,0,0,0,0,0,0,0,0,0,0,0
21082797146976,15.579406,1786372540296510295,,0,0,0,0,0,0,0,0,0,0,0,0,0,0,0,0,0,0,0
21082817120160,15.599379,1786372540316503087,,0,0,0,0,0,0,0,0,0,0,0,0,0,0,0,0,0,0,0
21082837101792,15.619361,1786372540336511164,,0,0,0,0,0,0,0,0,0,0,0,0,0,0,0,0,0,0,0
21082857103168,15.639362,1786372540356531618,,0,0,0,0,0,0,0,0,0,0,0,0,0,0,0,0,0,0,0
21082877021120,15.65928,1786372540376528148,,0,0,0,0,0,0,0,0,0,0,0,0,0,0,0,0,0,0,0
21082897136512,15.679396,1786372540396523216,,0,0,0,0,0,0,0,0,0,0,0,0,0,0,0,0,0,0,0
21082917101728,15.699361,1786372540416505567,,0,0,0,0,0,0,0,0,0,0,0,0,0,0,0,0,0,0,0
21082937111488,15.719371,1786372540436510822,,0,0,0,0,0,0,0,0,0,0,0,0,0,0,0,0,0,0,0
21082957102816,15.739362,1786372540456503332,,0,0,0,0,0,0,0,0,0,0,0,0,0,0,0,0,0,0,0
21082977110656,15.75937,1786372540476510856,,0,0,0,0,0,0,0,0,0,0,0,0,0,0,0,0,0,0,0
21082997139328,15.779399,1786372540496530206,,0,0,0,0,0,0,0,0,0,0,0,0,0,0,0,0,0,0,0
21083017128640,15.799388,1786372540516527286,,0,0,0,0,0,0,0,0,0,0,0,0,0,0,0,0,0,0,0
21083037102592,15.819362,1786372540536523528,,0,0,0,0,0,0,0,0,0,0,0,0,0,0,0,0,0,0,0
21083057105536,15.839365,1786372540556506240,,0,0,0,0,0,0,0,0,0,0,0,0,0,0,0,0,0,0,0
21083076959104,15.859218,1786372540576510958,,0,0,0,0,0,0,0,0,0,0,0,0,0,0,0,0,0,0,0
21083097105152,15.879364,1786372540596505726,,0,0,0,0,0,0,0,0,0,0,0,0,0,0,0,0,0,0,0
21083117075584,15.899335,1786372540616511201,,0,0,0,0,0,0,0,0,0,0,0,0,0,0,0,0,0,0,0
21083137109120,15.919368,1786372540636531253,,0,0,0,0,0,0,0,0,0,0,0,0,0,0,0,0,0,0,0
21083157103584,15.939363,1786372540656526691,,0,0,0,0,0,0,0,0,0,0,0,0,0,0,0,0,0,0,0
21083177085536,15.959345,1786372540676523428,,0,0,0,0,0,0,0,0,0,0,0,0,0,0,0,0,0,0,0
21083197249984,15.979509,1786372540696506321,,0,0,0,0,0,0,0,0,0,0,0,0,0,0,0,0,0,0,0
21083217121152,15.99938,1786372540716510469,,0,0,0,0,0,0,0,0,0,0,0,0,0,0,0,0,0,0,0
21083237095712,16.019355,1786372540736503721,,0,0,0,0,0,0,0,0,0,0,0,0,0,0,0,0,0,0,0
21083257078496,16.039338,1786372540756510887,,0,0,0,0,0,0,0,0,0,0,0,0,0,0,0,0,0,0,0
21083277032320,16.059292,1786372540776532131,,0,0,0,0,0,0,0,0,0,0,0,0,0,0,0,0,0,0,0
21083297109536,16.079369,1786372540796526748,,0,0,0,0,0,0,0,0,0,0,0,0,0,0,0,0,0,0,0
21083317104960,16.099364,1786372540816523041,,0,0,0,0,0,0,0,0,0,0,0,0,0,0,0,0,0,0,0
21083337106944,16.119366,1786372540836506096,,0,0,0,0,0,0,0,0,0,0,0,0,0,0,0,0,0,0,0
21083357078528,16.139338,1786372540856510364,,0,0,0,0,0,0,0,0,0,0,0,0,0,0,0,0,0,0,0
21083377087776,16.159347,1786372540876503890,,0,0,0,0,0,0,0,0,0,0,0,0,0,0,0,0,0,0,0
21083397068192,16.179327,1786372540896510877,,0,0,0,0,0,0,0,0,0,0,0,0,0,0,0,0,0,0,0
21083417122176,16.199381,1786372540916531964,,0,0,0,0,0,0,0,0,0,0,0,0,0,0,0,0,0,0,0
21083437116928,16.219376,1786372540936526355,,0,0,0,0,0,0,0,0,0,0,0,0,0,0,0,0,0,0,0
21083457096416,16.239356,1786372540956522594,,0,0,0,0,0,0,0,0,0,0,0,0,0,0,0,0,0,0,0
21083476968000,16.259227,1786372540976506553,,0,0,0,0,0,0,0,0,0,0,0,0,0,0,0,0,0,0,0
21083497109664,16.279369,1786372540996510564,,0,0,0,0,0,0,0,0,0,0,0,0,0,0,0,0,0,0,0
21083517092224,16.299351,1786372541016504621,,0,0,0,0,0,0,0,0,0,0,0,0,0,0,0,0,0,0,0
21083537101984,16.319361,1786372541036509463,,0,0,0,0,0,0,0,0,0,0,0,0,0,0,0,0,0,0,0
21083557092000,16.339351,1786372541056532265,,0,0,0,0,0,0,0,0,0,0,0,0,0,0,0,0,0,0,0
21083577078240,16.359337,1786372541076524998,,0,0,0,0,0,0,0,0,0,0,0,0,0,0,0,0,0,0,0
21083597108192,16.379367,1786372541096525685,,0,0,0,0,0,0,0,0,0,0,0,0,0,0,0,0,0,0,0
21083617107040,16.399366,1786372541116507074,,0,0,0,0,0,0,0,0,0,0,0,0,0,0,0,0,0,0,0
21083637076512,16.419336,1786372541136510116,,0,0,0,0,0,0,0,0,0,0,0,0,0,0,0,0,0,0,0
21083657063104,16.439322,1786372541156503687,,0,0,0,0,0,0,0,0,0,0,0,0,0,0,0,0,0,0,0
21083676942144,16.459201,1786372541176510073,,0,0,0,0,0,0,0,0,0,0,0,0,0,0,0,0,0,0,0
21083697084256,16.479343,1786372541196528730,,0,0,0,0,0,0,0,0,0,0,0,0,0,0,0,0,0,0,0
21083717096192,16.499355,1786372541216526313,,0,0,0,0,0,0,0,0,0,0,0,0,0,0,0,0,0,0,0
21083737087200,16.519346,1786372541236522592,,0,0,0,0,0,0,0,0,0,0,0,0,0,0,0,0,0,0,0
21083757085408,16.539345,1786372541256506520,,0,0,0,0,0,0,0,0,0,0,0,0,0,0,0,0,0,0,0
21083777098368,16.559358,1786372541276509575,,0,0,0,0,0,0,0,0,0,0,0,0,0,0,0,0,0,0,0
21083797084192,16.579343,1786372541296503545,,0,0,0,0,0,0,0,0,0,0,0,0,0,0,0,0,0,0,0
21083817053344,16.599313,1786372541316509391,,0,0,0,0,0,0,0,0,0,0,0,0,0,0,0,0,0,0,0
21083837087136,16.619346,1786372541336531338,,0,0,0,0,0,0,0,0,0,0,0,0,0,0,0,0,0,0,0
21083857140096,16.639399,1786372541356526627,,0,0,0,0,0,0,0,0,0,0,0,0,0,0,0,0,0,0,0
21083877006400,16.659266,1786372541376524166,,0,0,0,0,0,0,0,0,0,0,0,0,0,0,0,0,0,0,0
21083897104032,16.679363,1786372541396505894,,0,0,0,0,0,0,0,0,0,0,0,0,0,0,0,0,0,0,0
21083917085600,16.699345,1786372541416510922,,0,0,0,0,0,0,0,0,0,0,0,0,0,0,0,0,0,0,0
21083937059072,16.719318,1786372541436504027,,0,0,0,0,0,0,0,0,0,0,0,0,0,0,0,0,0,0,0
21083957095104,16.739354,1786372541456510312,,0,0,0,0,0,0,0,0,0,0,0,0,0,0,0,0,0,0,0
21083977131456,16.759391,1786372541476530596,,0,0,0,0,0,0,0,0,0,0,0,0,0,0,0,0,0,0,0
21083997120384,16.77938,1786372541496526889,,0,0,0,0,0,0,0,0,0,0,0,0,0,0,0,0,0,0,0
21084017137280,16.799396,1786372541516524975,,0,0,0,0,0,0,0,0,0,0,0,0,0,0,0,0,0,0,0
21084037076832,16.819336,1786372541536507013,,0,0,0,0,0,0,0,0,0,0,0,0,0,0,0,0,0,0,0
21084057058496,16.839318,1786372541556510583,,0,0,0,0,0,0,0,0,0,0,0,0,0,0,0,0,0,0,0
21084076937920,16.859197,1786372541576504076,,0,0,0,0,0,0,0,0,0,0,0,0,0,0,0,0,0,0,0
21084097109728,16.879369,1786372541596513878,,0,0,0,0,0,0,0,0,0,0,0,0,0,0,0,0,0,0,0
21084117111360,16.899371,1786372541616531878,,0,0,0,0,0,0,0,0,0,0,0,0,0,0,0,0,0,0,0
21084137087232,16.919346,1786372541636528082,,0,0,0,0,0,0,0,0,0,0,0,0,0,0,0,0,0,0,0
21084157100512,16.93936,1786372541656523640,,0,0,0,0,0,0,0,0,0,0,0,0,0,0,0,0,0,0,0
21084177052896,16.959312,1786372541676506487,,0,0,0,0,0,0,0,0,0,0,0,0,0,0,0,0,0,0,0
21084197073728,16.979333,1786372541696510362,,0,0,0,0,0,0,0,0,0,0,0,0,0,0,0,0,0,0,0
21084217065344,16.999325,1786372541716503898,,0,0,0,0,0,0,0,0,0,0,0,0,0,0,0,0,0,0,0
21084237051712,17.019311,1786372541736510012,,0,0,0,0,0,0,0,0,0,0,0,0,0,0,0,0,0,0,0
21084257102304,17.039362,1786372541756531728,,0,0,0,0,0,0,0,0,0,0,0,0,0,0,0,0,0,0,0
21084277056800,17.059316,1786372541776527493,,0,0,0,0,0,0,0,0,0,0,0,0,0,0,0,0,0,0,0
21084297077920,17.079337,1786372541796522129,,0,0,0,0,0,0,0,0,0,0,0,0,0,0,0,0,0,0,0
21084317094400,17.099354,1786372541816508004,,0,0,0,0,0,0,0,0,0,0,0,0,0,0,0,0,0,0,0
21084337055680,17.119315,1786372541836510632,,0,0,0,0,0,0,0,0,0,0,0,0,0,0,0,0,0,0,0
21084357058336,17.139318,1786372541856504514,,0,0,0,0,0,0,0,0,0,0,0,0,0,0,0,0,0,0,0
21084377072992,17.159332,1786372541876511433,,0,0,0,0,0,0,0,0,0,0,0,0,0,0,0,0,0,0,0
21084397092928,17.179352,1786372541896531055,,0,0,0,0,0,0,0,0,0,0,0,0,0,0,0,0,0,0,0
21084417093536,17.199353,1786372541916526842,,0,0,0,0,0,0,0,0,0,0,0,0,0,0,0,0,0,0,0
21084437060384,17.21932,1786372541936522317,,0,0,0,0,0,0,0,0,0,0,0,0,0,0,0,0,0,0,0
21084457048032,17.239307,1786372541956507365,,0,0,0,0,0,0,0,0,0,0,0,0,0,0,0,0,0,0,0
21084476931648,17.259191,1786372541976511377,,0,0,0,0,0,0,0,0,0,0,0,0,0,0,0,0,0,0,0
21084497044736,17.279304,1786372541996503481,,0,0,0,0,0,0,0,0,0,0,0,0,0,0,0,0,0,0,0
21084517041280,17.2993,1786372542016510423,,0,0,0,0,0,0,0,0,0,0,0,0,0,0,0,0,0,0,0
21084537061152,17.31932,1786372542036531790,,0,0,0,0,0,0,0,0,0,0,0,0,0,0,0,0,0,0,0
21084557091328,17.339351,1786372542056526817,,0,0,0,0,0,0,0,0,0,0,0,0,0,0,0,0,0,0,0
21084577071584,17.359331,1786372542076522019,,0,0,0,0,0,0,0,0,0,0,0,0,0,0,0,0,0,0,0
21084597075968,17.379335,1786372542096508359,,0,0,0,0,0,0,0,0,0,0,0,0,0,0,0,0,0,0,0
21084617039136,17.399298,1786372542116511394,,0,0,0,0,0,0,0,0,0,0,0,0,0,0,0,0,0,0,0
21084637013024,17.419272,1786372542136503901,,0,0,0,0,0,0,0,0,0,0,0,0,0,0,0,0,0,0,0
21084657015584,17.439275,1786372542156524240,,0,0,0,0,0,0,0,0,0,0,0,0,0,0,0,0,0,0,0
21084676911616,17.459171,1786372542176529869,,0,0,0,0,0,0,0,0,0,0,0,0,0,0,0,0,0,0,0
21084697060576,17.47932,1786372542196527574,,0,0,0,0,0,0,0,0,0,0,0,0,0,0,0,0,0,0,0
21084717036960,17.499296,1786372542216523041,,0,0,0,0,0,0,0,0,0,0,0,0,0,0,0,0,0,0,0
21084737017920,17.519277,1786372542236505884,,0,0,0,0,0,0,0,0,0,0,0,0,0,0,0,0,0,0,0
21084757061216,17.53932,1786372542256510444,,0,0,0,0,0,0,0,0,0,0,0,0,0,0,0,0,0,0,0
21084777038208,17.559297,1786372542276503741,,0,0,0,0,0,0,0,0,0,0,0,0,0,0,0,0,0,0,0
21084797018400,17.579278,1786372542296511169,,0,0,0,0,0,0,0,0,0,0,0,0,0,0,0,0,0,0,0
21084817062080,17.599321,1786372542316532112,,0,0,0,0,0,0,0,0,0,0,0,0,0,0,0,0,0,0,0
21084837028064,17.619287,1786372542336527580,,0,0,0,0,0,0,0,0,0,0,0,0,0,0,0,0,0,0,0
21084857055200,17.639314,1786372542356523503,,0,0,0,0,0,0,0,0,0,0,0,0,0,0,0,0,0,0,0
21084876898112,17.659157,1786372542376506360,,0,0,0,0,0,0,0,0,0,0,0,0,0,0,0,0,0,0,0
21084897013312,17.679273,1786372542396510537,,0,0,0,0,0,0,0,0,0,0,0,0,0,0,0,0,0,0,0
21084917023968,17.699283,1786372542416504121,,0,0,0,0,0,0,0,0,0,0,0,0,0,0,0,0,0,0,0
21084937046368,17.719306,1786372542436510789,,0,0,0,0,0,0,0,0,0,0,0,0,0,0,0,0,0,0,0
21084957080448,17.73934,1786372542456530603,,0,0,0,0,0,0,0,0,0,0,0,0,0,0,0,0,0,0,0
21084977048544,17.759308,1786372542476527064,,0,0,0,0,0,0,0,0,0,0,0,0,0,0,0,0,0,0,0
21084997021696,17.779281,1786372542496522649,,0,0,0,0,0,0,0,0,0,0,0,0,0,0,0,0,0,0,0
21085017018528,17.799278,1786372542516506568,,0,0,0,0,0,0,0,0,0,0,0,0,0,0,0,0,0,0,0
21085036996128,17.819255,1786372542536511163,,0,0,0,0,0,0,0,0,0,0,0,0,0,0,0,0,0,0,0
21085057008800,17.839268,1786372542556517836,,0,0,0,0,0,0,0,0,0,0,0,0,0,0,0,0,0,0,0
21085076970880,17.85923,1786372542576511178,,0,0,0,0,0,0,0,0,0,0,0,0,0,0,0,0,0,0,0
21085097070048,17.879329,1786372542596534031,,0,0,0,0,0,0,0,0,0,0,0,0,0,0,0,0,0,0,0
21085117030560,17.89929,1786372542616527690,,0,0,0,0,0,0,0,0,0,0,0,0,0,0,0,0,0,0,0
21085137045504,17.919305,1786372542636522297,,0,0,0,0,0,0,0,0,0,0,0,0,0,0,0,0,0,0,0
21085157031616,17.939291,1786372542656506849,,0,0,0,0,0,0,0,0,0,0,0,0,0,0,0,0,0,0,0
21085177037728,17.959297,1786372542676511769,,0,0,0,0,0,0,0,0,0,0,0,0,0,0,0,0,0,0,0
21085196979296,17.979238,1786372542696504750,,0,0,0,0,0,0,0,0,0,0,0,0,0,0,0,0,0,0,0
21085217020608,17.99928,1786372542716511189,,0,0,0,0,0,0,0,0,0,0,0,0,0,0,0,0,0,0,0
21085237027072,18.019286,1786372542736532023,,0,0,0,0,0,0,0,0,0,0,0,0,0,0,0,0,0,0,0
21085257039136,18.039298,1786372542756527347,,0,0,0,0,0,0,0,0,0,0,0,0,0,0,0,0,0,0,0
21085276967136,18.059226,1786372542776539562,,0,0,0,0,0,0,0,0,0,0,0,0,0,0,0,0,0,0,0
21085296997728,18.079257,1786372542796506684,,0,0,0,0,0,0,0,0,0,0,0,0,0,0,0,0,0,0,0
21085316968064,18.099227,1786372542816510941,,0,0,0,0,0,0,0,0,0,0,0,0,0,0,0,0,0,0,0
21085336973120,18.119232,1786372542836504153,,0,0,0,0,0,0,0,0,0,0,0,0,0,0,0,0,0,0,0
21085356989536,18.139249,1786372542856511599,,0,0,0,0,0,0,0,0,0,0,0,0,0,0,0,0,0,0,0
21085377049536,18.159309,1786372542876531439,,0,0,0,0,0,0,0,0,0,0,0,0,0,0,0,0,0,0,0
21085397015936,18.179275,1786372542896527628,,0,0,0,0,0,0,0,0,0,0,0,0,0,0,0,0,0,0,0
21085416980032,18.199239,1786372542916523958,,0,0,0,0,0,0,0,0,0,0,0,0,0,0,0,0,0,0,0
21085436983136,18.219242,1786372542936507085,,0,0,0,0,0,0,0,0,0,0,0,0,0,0,0,0,0,0,0
21085457038912,18.239298,1786372542956511260,,0,0,0,0,0,0,0,0,0,0,0,0,0,0,0,0,0,0,0
21085476900576,18.25916,1786372542976503657,,0,0,0,0,0,0,0,0,0,0,0,0,0,0,0,0,0,0,0
21085496993856,18.279253,1786372542996511059,,0,0,0,0,0,0,0,0,0,0,0,0,0,0,0,0,0,0,0
21085517011456,18.299271,1786372543016532436,,0,0,0,0,0,0,0,0,0,0,0,0,0,0,0,0,0,0,0
21085537024128,18.319283,1786372543036526720,,0,0,0,0,0,0,0,0,0,0,0,0,0,0,0,0,0,0,0
21085557004416,18.339264,1786372543056523695,,0,0,0,0,0,0,0,0,0,0,0,0,0,0,0,0,0,0,0
21085576997696,18.359257,1786372543076506931,,0,0,0,0,0,0,0,0,0,0,0,0,0,0,0,0,0,0,0
21085596995040,18.379254,1786372543096513701,,0,0,0,0,0,0,0,0,0,0,0,0,0,0,0,0,0,0,0
21085616987552,18.399247,1786372543116503322,,0,0,0,0,0,0,0,0,0,0,0,0,0,0,0,0,0,0,0
21085636987264,18.419246,1786372543136515527,,0,0,0,0,0,0,0,0,0,0,0,0,0,0,0,0,0,0,0
21085657012512,18.439272,1786372543156532845,,0,0,0,0,0,0,0,0,0,0,0,0,0,0,0,0,0,0,0
21085676873024,18.459132,1786372543176526422,,0,0,0,0,0,0,0,0,0,0,0,0,0,0,0,0,0,0,0
21085697035392,18.479295,1786372543196522131,,0,0,0,0,0,0,0,0,0,0,0,0,0,0,0,0,0,0,0
21085716981152,18.49924,1786372543216506863,,0,0,0,0,0,0,0,0,0,0,0,0,0,0,0,0,0,0,0
21085736989440,18.519249,1786372543236510573,,0,0,0,0,0,0,0,0,0,0,0,0,0,0,0,0,0,0,0
21085756977376,18.539237,1786372543256503270,,0,0,0,0,0,0,0,0,0,0,0,0,0,0,0,0,0,0,0
21085776985152,18.559244,1786372543276510749,,0,0,0,0,0,0,0,0,0,0,0,0,0,0,0,0,0,0,0
21085796993536,18.579253,1786372543296530463,,0,0,0,0,0,0,0,0,0,0,0,0,0,0,0,0,0,0,0
21085816998304,18.599258,1786372543316526593,,0,0,0,0,0,0,0,0,0,0,0,0,0,0,0,0,0,0,0
21085837005984,18.619265,1786372543336524500,,0,0,0,0,0,0,0,0,0,0,0,0,0,0,0,0,0,0,0
21085857002944,18.639262,1786372543356507052,,0,0,0,0,0,0,0,0,0,0,0,0,0,0,0,0,0,0,0
21085876905440,18.659165,1786372543376511444,,0,0,0,0,0,0,0,0,0,0,0,0,0,0,0,0,0,0,0
21085896966400,18.679226,1786372543396503926,,0,0,0,0,0,0,0,0,0,0,0,0,0,0,0,0,0,0,0
21085917007904,18.699267,1786372543416511621,,0,0,0,0,0,0,0,0,0,0,0,0,0,0,0,0,0,0,0
21085937015680,18.719275,1786372543436531147,,0,0,0,0,0,0,0,0,0,0,0,0,0,0,0,0,0,0,0
21085957000032,18.739259,1786372543456527151,,0,0,0,0,0,0,0,0,0,0,0,0,0,0,0,0,0,0,0
21085976997632,18.759257,1786372543476522919,,0,0,0,0,0,0,0,0,0,0,0,0,0,0,0,0,0,0,0
21085997001152,18.77926,1786372543496506808,,0,0,0,0,0,0,0,0,0,0,0,0,0,0,0,0,0,0,0
21086016975936,18.799235,1786372543516510920,,0,0,0,0,0,0,0,0,0,0,0,0,0,0,0,0,0,0,0
21086037028256,18.819287,1786372543536505102,,0,0,0,0,0,0,0,0,0,0,0,0,0,0,0,0,0,0,0
21086056964640,18.839224,1786372543556511335,,0,0,0,0,0,0,0,0,0,0,0,0,0,0,0,0,0,0,0
21086076873312,18.859133,1786372543576531356,,0,0,0,0,0,0,0,0,0,0,0,0,0,0,0,0,0,0,0
21086096960928,18.87922,1786372543596529458,,0,0,0,0,0,0,0,0,0,0,0,0,0,0,0,0,0,0,0
21086117019552,18.899279,1786372543616523780,,0,0,0,0,0,0,0,0,0,0,0,0,0,0,0,0,0,0,0
21086136965056,18.919224,1786372543636506121,,0,0,0,0,0,0,0,0,0,0,0,0,0,0,0,0,0,0,0
21086157013856,18.939273,1786372543656512058,,0,0,0,0,0,0,0,0,0,0,0,0,0,0,0,0,0,0,0
21086176990848,18.95925,1786372543676504106,,0,0,0,0,0,0,0,0,0,0,0,0,0,0,0,0,0,0,0
21086197011168,18.97927,1786372543696510945,,0,0,0,0,0,0,0,0,0,0,0,0,0,0,0,0,0,0,0
21086217019584,18.999279,1786372543716531744,,0,0,0,0,0,0,0,0,0,0,0,0,0,0,0,0,0,0,0
21086237002304,19.019262,1786372543736525837,,0,0,0,0,0,0,0,0,0,0,0,0,0,0,0,0,0,0,0
21086256997504,19.039257,1786372543756523470,,0,0,0,0,0,0,0,0,0,0,0,0,0,0,0,0,0,0,0
21086276868960,19.059128,1786372543776508236,,0,0,0,0,0,0,0,0,0,0,0,0,0,0,0,0,0,0,0
21086296954080,19.079213,1786372543796510940,,0,0,0,0,0,0,0,0,0,0,0,0,0,0,0,0,0,0,0
21086316957504,19.099217,1786372543816504857,,0,0,0,0,0,0,0,0,0,0,0,0,0,0,0,0,0,0,0
21086336994496,19.119254,1786372543836511048,,0,0,0,0,0,0,0,0,0,0,0,0,0,0,0,0,0,0,0
21086356992416,19.139252,1786372543856531776,,0,0,0,0,0,0,0,0,0,0,0,0,0,0,0,0,0,0,0
21086376981984,19.159241,1786372543876527561,,0,0,0,0,0,0,0,0,0,0,0,0,0,0,0,0,0,0,0
21086396969504,19.179229,1786372543896524168,,0,0,0,0,0,0,0,0,0,0,0,0,0,0,0,0,0,0,0
21086416949184,19.199208,1786372543916507289,,0,0,0,0,0,0,0,0,0,0,0,0,0,0,0,0,0,0,0
21086436959712,19.219219,1786372543936511414,,0,0,0,0,0,0,0,0,0,0,0,0,0,0,0,0,0,0,0
21086456961152,19.23922,1786372543956504737,,0,0,0,0,0,0,0,0,0,0,0,0,0,0,0,0,0,0,0
21086476834048,19.259093,1786372543976510647,,0,0,0,0,0,0,0,0,0,0,0,0,0,0,0,0,0,0,0
21086496960992,19.27922,1786372543996530842,,0,0,0,0,0,0,0,0,0,0,0,0,0,0,0,0,0,0,0
21086516996256,19.299255,1786372544016528305,,0,0,0,0,0,0,0,0,0,0,0,0,0,0,0,0,0,0,0
21086536978784,19.319238,1786372544036523822,,0,0,0,0,0,0,0,0,0,0,0,0,0,0,0,0,0,0,0
21086556960224,19.339219,1786372544056507087,,0,0,0,0,0,0,0,0,0,0,0,0,0,0,0,0,0,0,0
21086576953440,19.359213,1786372544076511474,,0,0,0,0,0,0,0,0,0,0,0,0,0,0,0,0,0,0,0
21086596965760,19.379225,1786372544096507956,,0,0,0,0,0,0,0,0,0,0,0,0,0,0,0,0,0,0,0
21086616965472,19.399225,1786372544116511111,,0,0,0,0,0,0,0,0,0,0,0,0,0,0,0,0,0,0,0
21086636965760,19.419225,1786372544136532891,,0,0,0,0,0,0,0,0,0,0,0,0,0,0,0,0,0,0,0
21086656966624,19.439226,1786372544156528437,,0,0,0,0,0,0,0,0,0,0,0,0,0,0,0,0,0,0,0
21086676855552,19.459115,1786372544176522967,,0,0,0,0,0,0,0,0,0,0,0,0,0,0,0,0,0,0,0
21086696934720,19.479194,1786372544196506640,,0,0,0,0,0,0,0,0,0,0,0,0,0,0,0,0,0,0,0
21086716955680,19.499215,1786372544216517106,,0,0,0,0,0,0,0,0,0,0,0,0,0,0,0,0,0,0,0
21086736939616,19.519199,1786372544236504205,,0,0,0,0,0,0,0,0,0,0,0,0,0,0,0,0,0,0,0
21086756926880,19.539186,1786372544256509949,,0,0,0,0,0,0,0,0,0,0,0,0,0,0,0,0,0,0,0
21086776951008,19.55921,1786372544276530446,,0,0,0,0,0,0,0,0,0,0,0,0,0,0,0,0,0,0,0
21086796971456,19.579231,1786372544296527297,,0,0,0,0,0,0,0,0,0,0,0,0,0,0,0,0,0,0,0
21086816964032,19.599223,1786372544316523730,,0,0,0,0,0,0,0,0,0,0,0,0,0,0,0,0,0,0,0
21086837009792,19.619269,1786372544336507048,,0,0,0,0,0,0,0,0,0,0,0,0,0,0,0,0,0,0,0
21086856950016,19.639209,1786372544356511844,,0,0,0,0,0,0,0,0,0,0,0,0,0,0,0,0,0,0,0
21086876820096,19.659079,1786372544376504048,,0,0,0,0,0,0,0,0,0,0,0,0,0,0,0,0,0,0,0
21086896947584,19.679207,1786372544396510796,,0,0,0,0,0,0,0,0,0,0,0,0,0,0,0,0,0,0,0
21086916974976,19.699234,1786372544416531051,,0,0,0,0,0,0,0,0,0,0,0,0,0,0,0,0,0,0,0
21086936961120,19.71922,1786372544436528151,,0,0,0,0,0,0,0,0,0,0,0,0,0,0,0,0,0,0,0
21086956949664,19.739209,1786372544456523600,,0,0,0,0,0,0,0,0,0,0,0,0,0,0,0,0,0,0,0
21086976939616,19.759199,1786372544476506391,,0,0,0,0,0,0,0,0,0,0,0,0,0,0,0,0,0,0,0
21086996945760,19.779205,1786372544496511119,,0,0,0,0,0,0,0,0,0,0,0,0,0,0,0,0,0,0,0
21087016935168,19.799194,1786372544516504340,,0,0,0,0,0,0,0,0,0,0,0,0,0,0,0,0,0,0,0
21087036907040,19.819166,1786372544536510826,,0,0,0,0,0,0,0,0,0,0,0,0,0,0,0,0,0,0,0
21087056953760,19.839213,1786372544556531324,,0,0,0,0,0,0,0,0,0,0,0,0,0,0,0,0,0,0,0
21087076802624,19.859062,1786372544576527310,,0,0,0,0,0,0,0,0,0,0,0,0,0,0,0,0,0,0,0
21087096935456,19.879195,1786372544596525298,,0,0,0,0,0,0,0,0,0,0,0,0,0,0,0,0,0,0,0
21087116914848,19.899174,1786372544616506333,,0,0,0,0,0,0,0,0,0,0,0,0,0,0,0,0,0,0,0
21087136911648,19.919171,1786372544636510080,,0,0,0,0,0,0,0,0,0,0,0,0,0,0,0,0,0,0,0
21087156916224,19.939175,1786372544656504483,,0,0,0,0,0,0,0,0,0,0,0,0,0,0,0,0,0,0,0
21087176973440,19.959233,1786372544676510926,,0,0,0,0,0,0,0,0,0,0,0,0,0,0,0,0,0,0,0
21087196956320,19.979216,1786372544696531066,,0,0,0,0,0,0,0,0,0,0,0,0,0,0,0,0,0,0,0
21087216971488,19.999231,1786372544716528683,,0,0,0,0,0,0,0,0,0,0,0,0,0,0,0,0,0,0,0
21087236933056,20.019192,1786372544736523938,,0,0,0,0,0,0,0,0,0,0,0,0,0,0,0,0,0,0,0
21087256920640,20.03918,1786372544756506659,,0,0,0,0,0,0,0,0,0,0,0,0,0,0,0,0,0,0,0
21087276878336,20.059138,1786372544776511926,,0,0,0,0,0,0,0,0,0,0,0,0,0,0,0,0,0,0,0
21087296928096,20.079187,1786372544796505508,,0,0,0,0,0,0,0,0,0,0,0,0,0,0,0,0,0,0,0
21087316938496,20.099198,1786372544816512305,,0,0,0,0,0,0,0,0,0,0,0,0,0,0,0,0,0,0,0
21087336963968,20.119223,1786372544836532506,,0,0,0,0,0,0,0,0,0,0,0,0,0,0,0,0,0,0,0
21087356946272,20.139205,1786372544856527629,,0,0,0,0,0,0,0,0,0,0,0,0,0,0,0,0,0,0,0
21087376915648,20.159175,1786372544876523300,,0,0,0,0,0,0,0,0,0,0,0,0,0,0,0,0,0,0,0
21087396889376,20.179149,1786372544896506705,,0,0,0,0,0,0,0,0,0,0,0,0,0,0,0,0,0,0,0
21087416926144,20.199185,1786372544916511696,,0,0,0,0,0,0,0,0,0,0,0,0,0,0,0,0,0,0,0
21087436911232,20.21917,1786372544936504773,,0,0,0,0,0,0,0,0,0,0,0,0,0,0,0,0,0,0,0
21087456903072,20.239162,1786372544956511204,,0,0,0,0,0,0,0,0,0,0,0,0,0,0,0,0,0,0,0
21087476803936,20.259063,1786372544976531808,,0,0,0,0,0,0,0,0,0,0,0,0,0,0,0,0,0,0,0
21087496947936,20.279207,1786372544996526768,,0,0,0,0,0,0,0,0,0,0,0,0,0,0,0,0,0,0,0
21087516931840,20.299191,1786372545016523686,,0,0,0,0,0,0,0,0,0,0,0,0,0,0,0,0,0,0,0
21087536922176,20.319181,1786372545036506689,,0,0,0,0,0,0,0,0,0,0,0,0,0,0,0,0,0,0,0
21087556903040,20.339162,1786372545056510722,,0,0,0,0,0,0,0,0,0,0,0,0,0,0,0,0,0,0,0
21087576887680,20.359147,1786372545076504534,,0,0,0,0,0,0,0,0,0,0,0,0,0,0,0,0,0,0,0
21087596905728,20.379165,1786372545096514965,,0,0,0,0,0,0,0,0,0,0,0,0,0,0,0,0,0,0,0
21087616946080,20.399205,1786372545116531924,,0,0,0,0,0,0,0,0,0,0,0,0,0,0,0,0,0,0,0
21087636923168,20.419182,1786372545136527971,,0,0,0,0,0,0,0,0,0,0,0,0,0,0,0,0,0,0,0
21087656902688,20.439162,1786372545156522694,,0,0,0,0,0,0,0,0,0,0,0,0,0,0,0,0,0,0,0
21087676772896,20.459032,1786372545176505829,,0,0,0,0,0,0,0,0,0,0,0,0,0,0,0,0,0,0,0
21087696904640,20.479164,1786372545196511116,,0,0,0,0,0,0,0,0,0,0,0,0,0,0,0,0,0,0,0
21087716905248,20.499164,1786372545216504745,,0,0,0,0,0,0,0,0,0,0,0,0,0,0,0,0,0,0,0
21087736889280,20.519148,1786372545236510354,,0,0,0,0,0,0,0,0,0,0,0,0,0,0,0,0,0,0,0
21087756911008,20.53917,1786372545256531448,,0,0,0,0,0,0,0,0,0,0,0,0,0,0,0,0,0,0,0
21087776953856,20.559213,1786372545276528016,,0,0,0,0,0,0,0,0,0,0,0,0,0,0,0,0,0,0,0
21087796928576,20.579188,1786372545296528333,,0,0,0,0,0,0,0,0,0,0,0,0,0,0,0,0,0,0,0
21087816912768,20.599172,1786372545316507013,,0,0,0,0,0,0,0,0,0,0,0,0,0,0,0,0,0,0,0
21087836897664,20.619157,1786372545336510570,,0,0,0,0,0,0,0,0,0,0,0,0,0,0,0,0,0,0,0
21087856893312,20.639153,1786372545356505258,,0,0,0,0,0,0,0,0,0,0,0,0,0,0,0,0,0,0,0
21087876849824,20.659109,1786372545376509508,,0,0,0,0,0,0,0,0,0,0,0,0,0,0,0,0,0,0,0
21087896924704,20.679184,1786372545396531223,,0,0,0,0,0,0,0,0,0,0,0,0,0,0,0,0,0,0,0
21087916912416,20.699172,1786372545416526889,,0,0,0,0,0,0,0,0,0,0,0,0,0,0,0,0,0,0,0
21087936897696,20.719157,1786372545436523744,,0,0,0,0,0,0,0,0,0,0,0,0,0,0,0,0,0,0,0
21087956892736,20.739152,1786372545456506812,,0,0,0,0,0,0,0,0,0,0,0,0,0,0,0,0,0,0,0
21087976916704,20.759176,1786372545476511193,,0,0,0,0,0,0,0,0,0,0,0,0,0,0,0,0,0,0,0
21087996912480,20.779172,1786372545496504214,,0,0,0,0,0,0,0,0,0,0,0,0,0,0,0,0,0,0,0
21088016890784,20.79915,1786372545516510733,,0,0,0,0,0,0,0,0,0,0,0,0,0,0,0,0,0,0,0
21088036902432,20.819162,1786372545536532573,,0,0,0,0,0,0,0,0,0,0,0,0,0,0,0,0,0,0,0
21088056897312,20.839157,1786372545556541844,,0,0,0,0,0,0,0,0,0,0,0,0,0,0,0,0,0,0,0
21088076785824,20.859045,1786372545576523346,,0,0,0,0,0,0,0,0,0,0,0,0,0,0,0,0,0,0,0
21088096910944,20.87917,1786372545596509629,,0,0,0,0,0,0,0,0,0,0,0,0,0,0,0,0,0,0,0
21088116893216,20.899152,1786372545616512090,,0,0,0,0,0,0,0,0,0,0,0,0,0,0,0,0,0,0,0
21088136878592,20.919138,1786372545636518796,,0,0,0,0,0,0,0,0,0,0,0,0,0,0,0,0,0,0,0
21088156899328,20.939159,1786372545656510311,,0,0,0,0,0,0,0,0,0,0,0,0,0,0,0,0,0,0,0
21088176898336,20.959158,1786372545676532358,,0,0,0,0,0,0,0,0,0,0,0,0,0,0,0,0,0,0,0
21088196943328,20.979203,1786372545696527559,,0,0,0,0,0,0,0,0,0,0,0,0,0,0,0,0,0,0,0
21088216887168,20.999146,1786372545716523004,,0,0,0,0,0,0,0,0,0,0,0,0,0,0,0,0,0,0,0
21088236872256,21.019131,1786372545736506517,,0,0,0,0,0,0,0,0,0,0,0,0,0,0,0,0,0,0,0
21088256870496,21.03913,1786372545756511875,,0,0,0,0,0,0,0,0,0,0,0,0,0,0,0,0,0,0,0
21088276800576,21.05906,1786372545776505337,,0,0,0,0,0,0,0,0,0,0,0,0,0,0,0,0,0,0,0
21088296857696,21.079117,1786372545796510866,,0,0,0,0,0,0,0,0,0,0,0,0,0,0,0,0,0,0,0
21088316913344,21.099173,1786372545816534564,,0,0,0,0,0,0,0,0,0,0,0,0,0,0,0,0,0,0,0
21088336878176,21.119137,1786372545836527618,,0,0,0,0,0,0,0,0,0,0,0,0,0,0,0,0,0,0,0
21088356910848,21.13917,1786372545856524650,,0,0,0,0,0,0,0,0,0,0,0,0,0,0,0,0,0,0,0
21088376864928,21.159124,1786372545876507493,,0,0,0,0,0,0,0,0,0,0,0,0,0,0,0,0,0,0,0
21088396867040,21.179126,1786372545896511260,,0,0,0,0,0,0,0,0,0,0,0,0,0,0,0,0,0,0,0
21088416871232,21.19913,1786372545916504806,,0,0,0,0,0,0,0,0,0,0,0,0,0,0,0,0,0,0,0
21088436873632,21.219133,1786372545936511991,,0,0,0,0,0,0,0,0,0,0,0,0,0,0,0,0,0,0,0
21088456892896,21.239152,1786372545956533371,,0,0,0,0,0,0,0,0,0,0,0,0,0,0,0,0,0,0,0
21088476785056,21.259044,1786372545976527454,,0,0,0,0,0,0,0,0,0,0,0,0,0,0,0,0,0,0,0
21088496860448,21.27912,1786372545996538692,,0,0,0,0,0,0,0,0,0,0,0,0,0,0,0,0,0,0,0
21088516851680,21.299111,1786372546016506593,,0,0,0,0,0,0,0,0,0,0,0,0,0,0,0,0,0,0,0
21088536833248,21.319092,1786372546036511832,,0,0,0,0,0,0,0,0,0,0,0,0,0,0,0,0,0,0,0
21088556822688,21.339082,1786372546056504259,,0,0,0,0,0,0,0,0,0,0,0,0,0,0,0,0,0,0,0
21088576857792,21.359117,1786372546076511042,,0,0,0,0,0,0,0,0,0,0,0,0,0,0,0,0,0,0,0
21088596896544,21.379156,1786372546096535470,,0,0,0,0,0,0,0,0,0,0,0,0,0,0,0,0,0,0,0
21088616867616,21.399127,1786372546116527260,,0,0,0,0,0,0,0,0,0,0,0,0,0,0,0,0,0,0,0
21088636846688,21.419106,1786372546136523487,,0,0,0,0,0,0,0,0,0,0,0,0,0,0,0,0,0,0,0
21088656856256,21.439115,1786372546156506295,,0,0,0,0,0,0,0,0,0,0,0,0,0,0,0,0,0,0,0
21088676752768,21.459012,1786372546176511501,,0,0,0,0,0,0,0,0,0,0,0,0,0,0,0,0,0,0,0
21088696859968,21.479119,1786372546196504812,,0,0,0,0,0,0,0,0,0,0,0,0,0,0,0,0,0,0,0
21088716856544,21.499116,1786372546216511015,,0,0,0,0,0,0,0,0,0,0,0,0,0,0,0,0,0,0,0
21088736873600,21.519133,1786372546236533102,,0,0,0,0,0,0,0,0,0,0,0,0,0,0,0,0,0,0,0
21088756919904,21.539179,1786372546256527741,,0,0,0,0,0,0,0,0,0,0,0,0,0,0,0,0,0,0,0
21088776888000,21.559147,1786372546276524496,,0,0,0,0,0,0,0,0,0,0,0,0,0,0,0,0,0,0,0
21088796878624,21.579138,1786372546296506751,,0,0,0,0,0,0,0,0,0,0,0,0,0,0,0,0,0,0,0
21088816868448,21.599128,1786372546316511447,,0,0,0,0,0,0,0,0,0,0,0,0,0,0,0,0,0,0,0
21088836858752,21.619118,1786372546336505088,,0,0,0,0,0,0,0,0,0,0,0,0,0,0,0,0,0,0,0
21088856879744,21.639139,1786372546356511721,,0,0,0,0,0,0,0,0,0,0,0,0,0,0,0,0,0,0,0
21088876735328,21.658995,1786372546376533619,,0,0,0,0,0,0,0,0,0,0,0,0,0,0,0,0,0,0,0
21088896862400,21.679122,1786372546396527072,,0,0,0,0,0,0,0,0,0,0,0,0,0,0,0,0,0,0,0
21088916862976,21.699122,1786372546416522332,,0,0,0,0,0,0,0,0,0,0,0,0,0,0,0,0,0,0,0
21088936848704,21.719108,1786372546436506428,,0,0,0,0,0,0,0,0,0,0,0,0,0,0,0,0,0,0,0
21088956871360,21.739131,1786372546456511379,,0,0,0,0,0,0,0,0,0,0,0,0,0,0,0,0,0,0,0
21088976840768,21.7591,1786372546476504582,,0,0,0,0,0,0,0,0,0,0,0,0,0,0,0,0,0,0,0
21088996832640,21.779092,1786372546496511743,,0,0,0,0,0,0,0,0,0,0,0,0,0,0,0,0,0,0,0
21089016861216,21.79912,1786372546516532231,,0,0,0,0,0,0,0,0,0,0,0,0,0,0,0,0,0,0,0
21089036843712,21.819103,1786372546536528541,,0,0,0,0,0,0,0,0,0,0,0,0,0,0,0,0,0,0,0
21089056861568,21.839121,1786372546556523207,,0,0,0,0,0,0,0,0,0,0,0,0,0,0,0,0,0,0,0
21089076714976,21.858974,1786372546576506610,,0,0,0,0,0,0,0,0,0,0,0,0,0,0,0,0,0,0,0
21089096827328,21.879087,1786372546596512565,,0,0,0,0,0,0,0,0,0,0,0,0,0,0,0,0,0,0,0
21089116824864,21.899084,1786372546616504354,,0,0,0,0,0,0,0,0,0,0,0,0,0,0,0,0,0,0,0
21089136840672,21.9191,1786372546636510701,,0,0,0,0,0,0,0,0,0,0,0,0,0,0,0,0,0,0,0
21089156866592,21.939126,1786372546656532169,,0,0,0,0,0,0,0,0,0,0,0,0,0,0,0,0,0,0,0
21089176848384,21.959108,1786372546676527340,,0,0,0,0,0,0,0,0,0,0,0,0,0,0,0,0,0,0,0
21089196852832,21.979112,1786372546696522284,,0,0,0,0,0,0,0,0,0,0,0,0,0,0,0,0,0,0,0
21089216834816,21.999094,1786372546716506565,,0,0,0,0,0,0,0,0,0,0,0,0,0,0,0,0,0,0,0
21089236821568,22.019081,1786372546736510986,,0,0,0,0,0,0,0,0,0,0,0,0,0,0,0,0,0,0,0
21089256845472,22.039105,1786372546756503745,,0,0,0,0,0,0,0,0,0,0,0,0,0,0,0,0,0,0,0
21089276723296,22.058982,1786372546776510849,,0,0,0,0,0,0,0,0,0,0,0,0,0,0,0,0,0,0,0
21089296848576,22.079108,1786372546796530785,,0,0,0,0,0,0,0,0,0,0,0,0,0,0,0,0,0,0,0
21089316838912,22.099098,1786372546816527212,,0,0,0,0,0,0,0,0,0,0,0,0,0,0,0,0,0,0,0
21089336864576,22.119124,1786372546836523547,,0,0,0,0,0,0,0,0,0,0,0,0,0,0,0,0,0,0,0
21089356811840,22.139071,1786372546856506501,,0,0,0,0,0,0,0,0,0,0,0,0,0,0,0,0,0,0,0
21089376850080,22.159109,1786372546876510969,,0,0,0,0,0,0,0,0,0,0,0,0,0,0,0,0,0,0,0
21089396821504,22.179081,1786372546896503888,,0,0,0,0,0,0,0,0,0,0,0,0,0,0,0,0,0,0,0
21089416834592,22.199094,1786372546916512074,,0,0,0,0,0,0,0,0,0,0,0,0,0,0,0,0,0,0,0
21089436851616,22.219111,1786372546936532205,,0,0,0,0,0,0,0,0,0,0,0,0,0,0,0,0,0,0,0
21089456846784,22.239106,1786372546956526823,,0,0,0,0,0,0,0,0,0,0,0,0,0,0,0,0,0,0,0
21089476735808,22.258995,1786372546976523448,,0,0,0,0,0,0,0,0,0,0,0,0,0,0,0,0,0,0,0
21089496807904,22.279067,1786372546996506569,,0,0,0,0,0,0,0,0,0,0,0,0,0,0,0,0,0,0,0
21089516820608,22.29908,1786372547016511928,,0,0,0,0,0,0,0,0,0,0,0,0,0,0,0,0,0,0,0
21089536792160,22.319051,1786372547036503882,,0,0,0,0,0,0,0,0,0,0,0,0,0,0,0,0,0,0,0
21089556810176,22.339069,1786372547056512197,,0,0,0,0,0,0,0,0,0,0,0,0,0,0,0,0,0,0,0
21089576849184,22.359108,1786372547076531312,,0,0,0,0,0,0,0,0,0,0,0,0,0,0,0,0,0,0,0
21089596820960,22.37908,1786372547096530043,,0,0,0,0,0,0,0,0,0,0,0,0,0,0,0,0,0,0,0
21089616808608,22.399068,1786372547116523346,,0,0,0,0,0,0,0,0,0,0,0,0,0,0,0,0,0,0,0
21089636788992,22.419048,1786372547136506334,,0,0,0,0,0,0,0,0,0,0,0,0,0,0,0,0,0,0,0
21089656818144,22.439077,1786372547156511027,,0,0,0,0,0,0,0,0,0,0,0,0,0,0,0,0,0,0,0
21089676682400,22.458942,1786372547176504720,,0,0,0,0,0,0,0,0,0,0,0,0,0,0,0,0,0,0,0
21089696782688,22.479042,1786372547196511576,,0,0,0,0,0,0,0,0,0,0,0,0,0,0,0,0,0,0,0
21089716811584,22.499071,1786372547216531027,,0,0,0,0,0,0,0,0,0,0,0,0,0,0,0,0,0,0,0
21089736846272,22.519105,1786372547236527017,,0,0,0,0,0,0,0,0,0,0,0,0,0,0,0,0,0,0,0
21089756811392,22.539071,1786372547256524140,,0,0,0,0,0,0,0,0,0,0,0,0,0,0,0,0,0,0,0
21089776801184,22.55906,1786372547276507704,,0,0,0,0,0,0,0,0,0,0,0,0,0,0,0,0,0,0,0
21089796789216,22.579048,1786372547296511328,,0,0,0,0,0,0,0,0,0,0,0,0,0,0,0,0,0,0,0
21089816789856,22.599049,1786372547316504733,,0,0,0,0,0,0,0,0,0,0,0,0,0,0,0,0,0,0,0
21089836800576,22.61906,1786372547336511523,,0,0,0,0,0,0,0,0,0,0,0,0,0,0,0,0,0,0,0
21089856830176,22.639089,1786372547356532995,,0,0,0,0,0,0,0,0,0,0,0,0,0,0,0,0,0,0,0
21089876683264,22.658942,1786372547376527386,,0,0,0,0,0,0,0,0,0,0,0,0,0,0,0,0,0,0,0
21089896788288,22.679047,1786372547396522473,,0,0,0,0,0,0,0,0,0,0,0,0,0,0,0,0,0,0,0
21089916787616,22.699047,1786372547416506791,,0,0,0,0,0,0,0,0,0,0,0,0,0,0,0,0,0,0,0
21089936818464,22.719078,1786372547436511321,,0,0,0,0,0,0,0,0,0,0,0,0,0,0,0,0,0,0,0
21089956801280,22.73906,1786372547456503718,,0,0,0,0,0,0,0,0,0,0,0,0,0,0,0,0,0,0,0
21089976798304,22.759058,1786372547476510561,,0,0,0,0,0,0,0,0,0,0,0,0,0,0,0,0,0,0,0
21089996803648,22.779063,1786372547496531014,,0,0,0,0,0,0,0,0,0,0,0,0,0,0,0,0,0,0,0
21090016797216,22.799056,1786372547516527781,,0,0,0,0,0,0,0,0,0,0,0,0,0,0,0,0,0,0,0
21090036823840,22.819083,1786372547536523006,,0,0,0,0,0,0,0,0,0,0,0,0,0,0,0,0,0,0,0
21090056808832,22.839068,1786372547556506286,,0,0,0,0,0,0,0,0,0,0,0,0,0,0,0,0,0,0,0
21090076679968,22.858939,1786372547576510401,,0,0,0,0,0,0,0,0,0,0,0,0,0,0,0,0,0,0,0
21090096781824,22.879041,1786372547596506921,,0,0,0,0,0,0,0,0,0,0,0,0,0,0,0,0,0,0,0
21090116809120,22.899068,1786372547616511909,,0,0,0,0,0,0,0,0,0,0,0,0,0,0,0,0,0,0,0
21090136833536,22.919093,1786372547636530878,,0,0,0,0,0,0,0,0,0,0,0,0,0,0,0,0,0,0,0
21090156806176,22.939065,1786372547656528394,,0,0,0,0,0,0,0,0,0,0,0,0,0,0,0,0,0,0,0
21090176802560,22.959062,1786372547676523456,,0,0,0,0,0,0,0,0,0,0,0,0,0,0,0,0,0,0,0
21090196779360,22.979039,1786372547696507179,,0,0,0,0,0,0,0,0,0,0,0,0,0,0,0,0,0,0,0
21090216783392,22.999043,1786372547716510674,,0,0,0,0,0,0,0,0,0,0,0,0,0,0,0,0,0,0,0
21090236786656,23.019046,1786372547736504191,,0,0,0,0,0,0,0,0,0,0,0,0,0,0,0,0,0,0,0
21090256792928,23.039052,1786372547756510362,,0,0,0,0,0,0,0,0,0,0,0,0,0,0,0,0,0,0,0
21090276728000,23.058987,1786372547776530772,,0,0,0,0,0,0,0,0,0,0,0,0,0,0,0,0,0,0,0
21090296766432,23.079026,1786372547796526702,,0,0,0,0,0,0,0,0,0,0,0,0,0,0,0,0,0,0,0
21090316802080,23.099061,1786372547816522455,,0,0,0,0,0,0,0,0,0,0,0,0,0,0,0,0,0,0,0
21090336762656,23.119022,1786372547836506532,,0,0,0,0,0,0,0,0,0,0,0,0,0,0,0,0,0,0,0
21090356777536,23.139037,1786372547856510892,,0,0,0,0,0,0,0,0,0,0,0,0,0,0,0,0,0,0,0
21090376759872,23.159019,1786372547876504395,,0,0,0,0,0,0,0,0,0,0,0,0,0,0,0,0,0,0,0
21090396779008,23.179038,1786372547896510554,,0,0,0,0,0,0,0,0,0,0,0,0,0,0,0,0,0,0,0
21090416765920,23.199025,1786372547916530323,,0,0,0,0,0,0,0,0,0,0,0,0,0,0,0,0,0,0,0
21090436781600,23.219041,1786372547936527416,,0,0,0,0,0,0,0,0,0,0,0,0,0,0,0,0,0,0,0
21090456774688,23.239034,1786372547956523361,,0,0,0,0,0,0,0,0,0,0,0,0,0,0,0,0,0,0,0
21090476631904,23.258891,1786372547976507112,,0,0,0,0,0,0,0,0,0,0,0,0,0,0,0,0,0,0,0
21090496748928,23.279008,1786372547996512019,,0,0,0,0,0,0,0,0,0,0,0,0,0,0,0,0,0,0,0
21090516736512,23.298996,1786372548016504395,,0,0,0,0,0,0,0,0,0,0,0,0,0,0,0,0,0,0,0
21090536749568,23.319009,1786372548036511380,,0,0,0,0,0,0,0,0,0,0,0,0,0,0,0,0,0,0,0
21090556791232,23.33905,1786372548056531966,,0,0,0,0,0,0,0,0,0,0,0,0,0,0,0,0,0,0,0
21090576786304,23.359046,1786372548076527316,,0,0,0,0,0,0,0,0,0,0,0,0,0,0,0,0,0,0,0
21090596806336,23.379066,1786372548096527340,,0,0,0,0,0,0,0,0,0,0,0,0,0,0,0,0,0,0,0
21090616746368,23.399006,1786372548116506226,,0,0,0,0,0,0,0,0,0,0,0,0,0,0,0,0,0,0,0
21090636776192,23.419035,1786372548136511129,,0,0,0,0,0,0,0,0,0,0,0,0,0,0,0,0,0,0,0
21090656752928,23.439012,1786372548156503541,,0,0,0,0,0,0,0,0,0,0,0,0,0,0,0,0,0,0,0
21090676637728,23.458897,1786372548176511152,,0,0,0,0,0,0,0,0,0,0,0,0,0,0,0,0,0,0,0
21090696753952,23.479013,1786372548196531801,,0,0,0,0,0,0,0,0,0,0,0,0,0,0,0,0,0,0,0
21090716929824,23.499189,1786372548216525974,,0,0,0,0,0,0,0,0,0,0,0,0,0,0,0,0,0,0,0
21090736778304,23.519038,1786372548236523241,,0,0,0,0,0,0,0,0,0,0,0,0,0,0,0,0,0,0,0
21090756794912,23.539054,1786372548256506283,,0,0,0,0,0,0,0,0,0,0,0,0,0,0,0,0,0,0,0
21090776764352,23.559024,1786372548276510372,,0,0,0,0,0,0,0,0,0,0,0,0,0,0,0,0,0,0,0
21090796735616,23.578995,1786372548296504238,,0,0,0,0,0,0,0,0,0,0,0,0,0,0,0,0,0,0,0
21090816764640,23.599024,1786372548316511069,,0,0,0,0,0,0,0,0,0,0,0,0,0,0,0,0,0,0,0
21090836788000,23.619047,1786372548336531614,,0,0,0,0,0,0,0,0,0,0,0,0,0,0,0,0,0,0,0
21090856771072,23.63903,1786372548356528394,,0,0,0,0,0,0,0,0,0,0,0,0,0,0,0,0,0,0,0
21090876663936,23.658923,1786372548376523742,,0,0,0,0,0,0,0,0,0,0,0,0,0,0,0,0,0,0,0
21090896735264,23.678994,1786372548396506205,,0,0,0,0,0,0,0,0,0,0,0,0,0,0,0,0,0,0,0
21090916774304,23.699034,1786372548416511393,,0,0,0,0,0,0,0,0,0,0,0,0,0,0,0,0,0,0,0
21090936763168,23.719022,1786372548436504590,,0,0,0,0,0,0,0,0,0,0,0,0,0,0,0,0,0,0,0
21090956764320,23.739024,1786372548456510300,,0,0,0,0,0,0,0,0,0,0,0,0,0,0,0,0,0,0,0
21090976783104,23.759042,1786372548476531619,,0,0,0,0,0,0,0,0,0,0,0,0,0,0,0,0,0,0,0
21090996735776,23.778995,1786372548496526684,,0,0,0,0,0,0,0,0,0,0,0,0,0,0,0,0,0,0,0
21091016775456,23.799035,1786372548516523722,,0,0,0,0,0,0,0,0,0,0,0,0,0,0,0,0,0,0,0
21091036746880,23.819006,1786372548536510617,,0,0,0,0,0,0,0,0,0,0,0,0,0,0,0,0,0,0,0
21091056743392,23.839003,1786372548556511036,,0,0,0,0,0,0,0,0,0,0,0,0,0,0,0,0,0,0,0
21091076612736,23.858872,1786372548576503140,,0,0,0,0,0,0,0,0,0,0,0,0,0,0,0,0,0,0,0
21091096740160,23.878999,1786372548596513255,,0,0,0,0,0,0,0,0,0,0,0,0,0,0,0,0,0,0,0
21091116791840,23.899051,1786372548616532095,,0,0,0,0,0,0,0,0,0,0,0,0,0,0,0,0,0,0,0
21091136753024,23.919012,1786372548636527376,,0,0,0,0,0,0,0,0,0,0,0,0,0,0,0,0,0,0,0
21091156743392,23.939003,1786372548656523561,,0,0,0,0,0,0,0,0,0,0,0,0,0,0,0,0,0,0,0
21091176724864,23.958984,1786372548676507495,,0,0,0,0,0,0,0,0,0,0,0,0,0,0,0,0,0,0,0
21091196728608,23.978988,1786372548696510985,,0,0,0,0,0,0,0,0,0,0,0,0,0,0,0,0,0,0,0
21091216755200,23.999014,1786372548716503753,,0,0,0,0,0,0,0,0,0,0,0,0,0,0,0,0,0,0,0
21091236741792,24.019001,1786372548736510688,,0,0,0,0,0,0,0,0,0,0,0,0,0,0,0,0,0,0,0
21091256758720,24.039018,1786372548756532172,,0,0,0,0,0,0,0,0,0,0,0,0,0,0,0,0,0,0,0
21091276617632,24.058877,1786372548776526774,,0,0,0,0,0,0,0,0,0,0,0,0,0,0,0,0,0,0,0
21091296753568,24.079013,1786372548796522398,,0,0,0,0,0,0,0,0,0,0,0,0,0,0,0,0,0,0,0
21091316707488,24.098967,1786372548816505917,,0,0,0,0,0,0,0,0,0,0,0,0,0,0,0,0,0,0,0
21091336722304,24.118982,1786372548836511111,,0,0,0,0,0,0,0,0,0,0,0,0,0,0,0,0,0,0,0
21091356728192,24.138987,1786372548856503463,,0,0,0,0,0,0,0,0,0,0,0,0,0,0,0,0,0,0,0
21091376741344,24.159001,1786372548876510777,,0,0,0,0,0,0,0,0,0,0,0,0,0,0,0,0,0,0,0
21091396752640,24.179012,1786372548896530789,,0,0,0,0,0,0,0,0,0,0,0,0,0,0,0,0,0,0,0
21091416745600,24.199005,1786372548916526602,,0,0,0,0,0,0,0,0,0,0,0,0,0,0,0,0,0,0,0
21091436730752,24.21899,1786372548936523330,,0,0,0,0,0,0,0,0,0,0,0,0,0,0,0,0,0,0,0
21091456722688,24.238982,1786372548956506158,,0,0,0,0,0,0,0,0,0,0,0,0,0,0,0,0,0,0,0
21091476610560,24.25887,1786372548976510995,,0,0,0,0,0,0,0,0,0,0,0,0,0,0,0,0,0,0,0
21091496693024,24.278952,1786372548996503625,,0,0,0,0,0,0,0,0,0,0,0,0,0,0,0,0,0,0,0
21091516713600,24.298973,1786372549016511876,,0,0,0,0,0,0,0,0,0,0,0,0,0,0,0,0,0,0,0
21091536731232,24.31899,1786372549036531178,,0,0,0,0,0,0,0,0,0,0,0,0,0,0,0,0,0,0,0
21091556732416,24.338992,1786372549056527937,,0,0,0,0,0,0,0,0,0,0,0,0,0,0,0,0,0,0,0
21091576734080,24.358993,1786372549076524897,,0,0,0,0,0,0,0,0,0,0,0,0,0,0,0,0,0,0,0
21091596709952,24.378969,1786372549096508823,,0,0,0,0,0,0,0,0,0,0,0,0,0,0,0,0,0,0,0
21091616723680,24.398983,1786372549116511365,,0,0,0,0,0,0,0,0,0,0,0,0,0,0,0,0,0,0,0
21091636721984,24.418981,1786372549136505292,,0,0,0,0,0,0,0,0,0,0,0,0,0,0,0,0,0,0,0
21091656695360,24.438955,1786372549156511240,,0,0,0,0,0,0,0,0,0,0,0,0,0,0,0,0,0,0,0
21091676594560,24.458854,1786372549176531331,,0,0,0,0,0,0,0,0,0,0,0,0,0,0,0,0,0,0,0
21091696729984,24.478989,1786372549196526680,,0,0,0,0,0,0,0,0,0,0,0,0,0,0,0,0,0,0,0
21091716735584,24.498995,1786372549216523711,,0,0,0,0,0,0,0,0,0,0,0,0,0,0,0,0,0,0,0
21091736703584,24.518963,1786372549236506361,,0,0,0,0,0,0,0,0,0,0,0,0,0,0,0,0,0,0,0
21091756706112,24.538965,1786372549256511738,,0,0,0,0,0,0,0,0,0,0,0,0,0,0,0,0,0,0,0
21091776719168,24.558978,1786372549276503370,,0,0,0,0,0,0,0,0,0,0,0,0,0,0,0,0,0,0,0
21091796708384,24.578968,1786372549296510740,,0,0,0,0,0,0,0,0,0,0,0,0,0,0,0,0,0,0,0
21091816733856,24.598993,1786372549316531996,,0,0,0,0,0,0,0,0,0,0,0,0,0,0,0,0,0,0,0
21091836734432,24.618994,1786372549336528925,,0,0,0,0,0,0,0,0,0,0,0,0,0,0,0,0,0,0,0
21091856696032,24.638955,1786372549356523145,,0,0,0,0,0,0,0,0,0,0,0,0,0,0,0,0,0,0,0
21091876570496,24.65883,1786372549376506972,,0,0,0,0,0,0,0,0,0,0,0,0,0,0,0,0,0,0,0
21091896696672,24.678956,1786372549396511441,,0,0,0,0,0,0,0,0,0,0,0,0,0,0,0,0,0,0,0
21091916705792,24.698965,1786372549416504415,,0,0,0,0,0,0,0,0,0,0,0,0,0,0,0,0,0,0,0
21091936685952,24.718945,1786372549436510766,,0,0,0,0,0,0,0,0,0,0,0,0,0,0,0,0,0,0,0
21091956713120,24.738972,1786372549456531603,,0,0,0,0,0,0,0,0,0,0,0,0,0,0,0,0,0,0,0
21091976750912,24.75901,1786372549476528576,,0,0,0,0,0,0,0,0,0,0,0,0,0,0,0,0,0,0,0
21091996733984,24.778993,1786372549496524473,,0,0,0,0,0,0,0,0,0,0,0,0,0,0,0,0,0,0,0
21092016695328,24.798955,1786372549516507193,,0,0,0,0,0,0,0,0,0,0,0,0,0,0,0,0,0,0,0
21092036690592,24.81895,1786372549536512033,,0,0,0,0,0,0,0,0,0,0,0,0,0,0,0,0,0,0,0
21092056668576,24.838928,1786372549556504137,,0,0,0,0,0,0,0,0,0,0,0,0,0,0,0,0,0,0,0
21092076588288,24.858847,1786372549576511746,,0,0,0,0,0,0,0,0,0,0,0,0,0,0,0,0,0,0,0
21092096709248,24.878968,1786372549596534161,,0,0,0,0,0,0,0,0,0,0,0,0,0,0,0,0,0,0,0
21092116729856,24.898989,1786372549616532406,,0,0,0,0,0,0,0,0,0,0,0,0,0,0,0,0,0,0,0
21092136678336,24.918938,1786372549636523398,,0,0,0,0,0,0,0,0,0,0,0,0,0,0,0,0,0,0,0
21092156690784,24.93895,1786372549656506258,,0,0,0,0,0,0,0,0,0,0,0,0,0,0,0,0,0,0,0
21092176681600,24.958941,1786372549676511015,,0,0,0,0,0,0,0,0,0,0,0,0,0,0,0,0,0,0,0
21092196711360,24.978971,1786372549696503771,,0,0,0,0,0,0,0,0,0,0,0,0,0,0,0,0,0,0,0
21092216671360,24.998931,1786372549716511350,,0,0,0,0,0,0,0,0,0,0,0,0,0,0,0,0,0,0,0
21092236706048,25.018965,1786372549736530322,,0,0,0,0,0,0,0,0,0,0,0,0,0,0,0,0,0,0,0
21092256688064,25.038947,1786372549756526429,,0,0,0,0,0,0,0,0,0,0,0,0,0,0,0,0,0,0,0
21092276577184,25.058836,1786372549776524948,,0,0,0,0,0,0,0,0,0,0,0,0,0,0,0,0,0,0,0
21092296661408,25.078921,1786372549796506827,,0,0,0,0,0,0,0,0,0,0,0,0,0,0,0,0,0,0,0
21092316681248,25.09894,1786372549816514071,,0,0,0,0,0,0,0,0,0,0,0,0,0,0,0,0,0,0,0
21092336656960,25.118916,1786372549836505018,,0,0,0,0,0,0,0,0,0,0,0,0,0,0,0,0,0,0,0
21092356697856,25.138957,1786372549856510792,,0,0,0,0,0,0,0,0,0,0,0,0,0,0,0,0,0,0,0
21092376755136,25.159014,1786372549876531652,,0,0,0,0,0,0,0,0,0,0,0,0,0,0,0,0,0,0,0
21092396704608,25.178964,1786372549896526585,,0,0,0,0,0,0,0,0,0,0,0,0,0,0,0,0,0,0,0
21092416681728,25.198941,1786372549916523760,,0,0,0,0,0,0,0,0,0,0,0,0,0,0,0,0,0,0,0
21092436702880,25.218962,1786372549936506636,,0,0,0,0,0,0,0,0,0,0,0,0,0,0,0,0,0,0,0
21092456687584,25.238947,1786372549956510527,,0,0,0,0,0,0,0,0,0,0,0,0,0,0,0,0,0,0,0
21092476633152,25.258892,1786372549976503282,,0,0,0,0,0,0,0,0,0,0,0,0,0,0,0,0,0,0,0
21092496688608,25.278948,1786372549996509570,,0,0,0,0,0,0,0,0,0,0,0,0,0,0,0,0,0,0,0
21092516715872,25.298975,1786372550016532165,,0,0,0,0,0,0,0,0,0,0,0,0,0,0,0,0,0,0,0
21092536688992,25.318948,1786372550036526946,,0,0,0,0,0,0,0,0,0,0,0,0,0,0,0,0,0,0,0
21092556689440,25.338949,1786372550056524157,,0,0,0,0,0,0,0,0,0,0,0,0,0,0,0,0,0,0,0
21092576663520,25.358923,1786372550076507716,,0,0,0,0,0,0,0,0,0,0,0,0,0,0,0,0,0,0,0
21092596513312,25.378773,1786372550096515303,,0,0,0,0,0,0,0,0,0,0,0,0,0,0,0,0,0,0,0
21092616673760,25.398933,1786372550116504116,,0,0,0,0,0,0,0,0,0,0,0,0,0,0,0,0,0,0,0
21092636692960,25.418952,1786372550136510851,,0,0,0,0,0,0,0,0,0,0,0,0,0,0,0,0,0,0,0
21092656682240,25.438941,1786372550156531791,,0,0,0,0,0,0,0,0,0,0,0,0,0,0,0,0,0,0,0
21092676584832,25.458844,1786372550176527367,,0,0,0,0,0,0,0,0,0,0,0,0,0,0,0,0,0,0,0
21092696683168,25.478942,1786372550196524071,,0,0,0,0,0,0,0,0,0,0,0,0,0,0,0,0,0,0,0
21092716733920,25.498993,1786372550216506718,,0,0,0,0,0,0,0,0,0,0,0,0,0,0,0,0,0,0,0
21092736660448,25.51892,1786372550236512005,,0,0,0,0,0,0,0,0,0,0,0,0,0,0,0,0,0,0,0
21092756588256,25.538847,1786372550256505585,,0,0,0,0,0,0,0,0,0,0,0,0,0,0,0,0,0,0,0
21092776669600,25.558929,1786372550276510611,,0,0,0,0,0,0,0,0,0,0,0,0,0,0,0,0,0,0,0
21092796697632,25.578957,1786372550296530483,,0,0,0,0,0,0,0,0,0,0,0,0,0,0,0,0,0,0,0
21092816674816,25.598934,1786372550316526346,,0,0,0,0,0,0,0,0,0,0,0,0,0,0,0,0,0,0,0
21092836681344,25.618941,1786372550336525059,,0,0,0,0,0,0,0,0,0,0,0,0,0,0,0,0,0,0,0
21092856657920,25.638917,1786372550356506946,,0,0,0,0,0,0,0,0,0,0,0,0,0,0,0,0,0,0,0
21092876547392,25.658807,1786372550376511186,,0,0,0,0,0,0,0,0,0,0,0,0,0,0,0,0,0,0,0
21092896651584,25.678911,1786372550396504052,,0,0,0,0,0,0,0,0,0,0,0,0,0,0,0,0,0,0,0
21092916648288,25.698907,1786372550416511172,,0,0,0,0,0,0,0,0,0,0,0,0,0,0,0,0,0,0,0
21092936668032,25.718927,1786372550436546117,,0,0,0,0,0,0,0,0,0,0,0,0,0,0,0,0,0,0,0
21092956674272,25.738933,1786372550456526654,,0,0,0,0,0,0,0,0,0,0,0,0,0,0,0,0,0,0,0
21092976673728,25.758933,1786372550476523795,,0,0,0,0,0,0,0,0,0,0,0,0,0,0,0,0,0,0,0
21092996658784,25.778918,1786372550496506706,,0,0,0,0,0,0,0,0,0,0,0,0,0,0,0,0,0,0,0
21093016655552,25.798915,1786372550516525870,,0,0,0,0,0,0,0,0,0,0,0,0,0,0,0,0,0,0,0
21093036629824,25.818889,1786372550536504025,,0,0,0,0,0,0,0,0,0,0,0,0,0,0,0,0,0,0,0
21093056665056,25.838924,1786372550556510836,,0,0,0,0,0,0,0,0,0,0,0,0,0,0,0,0,0,0,0
21093076548064,25.858807,1786372550576531090,,0,0,0,0,0,0,0,0,0,0,0,0,0,0,0,0,0,0,0
21093096658336,25.878918,1786372550596529642,,0,0,0,0,0,0,0,0,0,0,0,0,0,0,0,0,0,0,0
21093116649120,25.898908,1786372550616523684,,0,0,0,0,0,0,0,0,0,0,0,0,0,0,0,0,0,0,0
21093136641824,25.918901,1786372550636507213,,0,0,0,0,0,0,0,0,0,0,0,0,0,0,0,0,0,0,0
21093156662240,25.938921,1786372550656511714,,0,0,0,0,0,0,0,0,0,0,0,0,0,0,0,0,0,0,0
21093176658784,25.958918,1786372550676504263,,0,0,0,0,0,0,0,0,0,0,0,0,0,0,0,0,0,0,0
21093196643232,25.978902,1786372550696515068,,0,0,0,0,0,0,0,0,0,0,0,0,0,0,0,0,0,0,0
21093216659488,25.998919,1786372550716531336,,0,0,0,0,0,0,0,0,0,0,0,0,0,0,0,0,0,0,0
21093236647328,26.018907,1786372550736526831,,0,0,0,0,0,0,0,0,0,0,0,0,0,0,0,0,0,0,0
21093256668096,26.038927,1786372550756522902,,0,0,0,0,0,0,0,0,0,0,0,0,0,0,0,0,0,0,0
21093276641408,26.058901,1786372550776506857,,0,0,0,0,0,0,0,0,0,0,0,0,0,0,0,0,0,0,0
21093296644704,26.078904,1786372550796510729,,0,0,0,0,0,0,0,0,0,0,0,0,0,0,0,0,0,0,0
21093316637024,26.098896,1786372550816503685,,0,0,0,0,0,0,0,0,0,0,0,0,0,0,0,0,0,0,0
21093336668192,26.118927,1786372550836510156,,0,0,0,0,0,0,0,0,0,0,0,0,0,0,0,0,0,0,0
21093356688032,26.138947,1786372550856531410,,0,0,0,0,0,0,0,0,0,0,0,0,0,0,0,0,0,0,0
21093376682208,26.158941,1786372550876526078,,0,0,0,0,0,0,0,0,0,0,0,0,0,0,0,0,0,0,0
21093396657792,26.178917,1786372550896523332,,0,0,0,0,0,0,0,0,0,0,0,0,0,0,0,0,0,0,0
21093416616960,26.198876,1786372550916505936,,0,0,0,0,0,0,0,0,0,0,0,0,0,0,0,0,0,0,0
21093436460736,26.21872,1786372550936510224,,0,0,0,0,0,0,0,0,0,0,0,0,0,0,0,0,0,0,0
21093456625760,26.238885,1786372550956504465,,0,0,0,0,0,0,0,0,0,0,0,0,0,0,0,0,0,0,0
21093476435904,26.258695,1786372550976510406,,0,0,0,0,0,0,0,0,0,0,0,0,0,0,0,0,0,0,0
21093496638208,26.278897,1786372550996531225,,0,0,0,0,0,0,0,0,0,0,0,0,0,0,0,0,0,0,0
21093516619552,26.298879,1786372551016526165,,0,0,0,0,0,0,0,0,0,0,0,0,0,0,0,0,0,0,0
21093536604928,26.318864,1786372551036523474,,0,0,0,0,0,0,0,0,0,0,0,0,0,0,0,0,0,0,0
21093556609568,26.338869,1786372551056506393,,0,0,0,0,0,0,0,0,0,0,0,0,0,0,0,0,0,0,0
21093576645184,26.358904,1786372551076511220,,0,0,0,0,0,0,0,0,0,0,0,0,0,0,0,0,0,0,0
21093596430176,26.378689,1786372551096506071,,0,0,0,0,0,0,0,0,0,0,0,0,0,0,0,0,0,0,0
21093616643616,26.398903,1786372551116511469,,0,0,0,0,0,0,0,0,0,0,0,0,0,0,0,0,0,0,0
21093636664960,26.418924,1786372551136531822,,0,0,0,0,0,0,0,0,0,0,0,0,0,0,0,0,0,0,0
21093656645728,26.438905,1786372551156527867,,0,0,0,0,0,0,0,0,0,0,0,0,0,0,0,0,0,0,0
21093676513024,26.458772,1786372551176523329,,0,0,0,0,0,0,0,0,0,0,0,0,0,0,0,0,0,0,0
21093696605344,26.478865,1786372551196507238,,0,0,0,0,0,0,0,0,0,0,0,0,0,0,0,0,0,0,0
21093716614688,26.498874,1786372551216510903,,0,0,0,0,0,0,0,0,0,0,0,0,0,0,0,0,0,0,0
21093736583904,26.518843,1786372551236503795,,0,0,0,0,0,0,0,0,0,0,0,0,0,0,0,0,0,0,0
21093756486912,26.538746,1786372551256511548,,0,0,0,0,0,0,0,0,0,0,0,0,0,0,0,0,0,0,0
21093776635136,26.558894,1786372551276531044,,0,0,0,0,0,0,0,0,0,0,0,0,0,0,0,0,0,0,0
21093796457376,26.578717,1786372551296525631,,0,0,0,0,0,0,0,0,0,0,0,0,0,0,0,0,0,0,0
21093816606624,26.598866,1786372551316523561,,0,0,0,0,0,0,0,0,0,0,0,0,0,0,0,0,0,0,0
21093836606976,26.618866,1786372551336506532,,0,0,0,0,0,0,0,0,0,0,0,0,0,0,0,0,0,0,0
21093856617600,26.638877,1786372551356511370,,0,0,0,0,0,0,0,0,0,0,0,0,0,0,0,0,0,0,0
21093876447968,26.658707,1786372551376503935,,0,0,0,0,0,0,0,0,0,0,0,0,0,0,0,0,0,0,0
21093896585024,26.678844,1786372551396510933,,0,0,0,0,0,0,0,0,0,0,0,0,0,0,0,0,0,0,0
21093916643232,26.698902,1786372551416531833,,0,0,0,0,0,0,0,0,0,0,0,0,0,0,0,0,0,0,0
21093936647968,26.718907,1786372551436527951,,0,0,0,0,0,0,0,0,0,0,0,0,0,0,0,0,0,0,0
21093956688224,26.738947,1786372551456523251,,0,0,0,0,0,0,0,0,0,0,0,0,0,0,0,0,0,0,0
21093976626368,26.758886,1786372551476506722,,0,0,0,0,0,0,0,0,0,0,0,0,0,0,0,0,0,0,0
21093996703456,26.778963,1786372551496510994,,0,0,0,0,0,0,0,0,0,0,0,0,0,0,0,0,0,0,0
21094016593568,26.798853,1786372551516504532,,0,0,0,0,0,0,0,0,0,0,0,0,0,0,0,0,0,0,0
21094036600064,26.818859,1786372551536510598,,0,0,0,0,0,0,0,0,0,0,0,0,0,0,0,0,0,0,0
21094056659872,26.838919,1786372551556531320,,0,0,0,0,0,0,0,0,0,0,0,0,0,0,0,0,0,0,0
21094076489344,26.858749,1786372551576527761,,0,0,0,0,0,0,0,0,0,0,0,0,0,0,0,0,0,0,0
21094096589056,26.878848,1786372551596526219,,0,0,0,0,0,0,0,0,0,0,0,0,0,0,0,0,0,0,0
21094116594656,26.898854,1786372551616506211,,0,0,0,0,0,0,0,0,0,0,0,0,0,0,0,0,0,0,0
21094136618720,26.918878,1786372551636512162,,0,0,0,0,0,0,0,0,0,0,0,0,0,0,0,0,0,0,0
21094156598080,26.938857,1786372551656504948,,0,0,0,0,0,0,0,0,0,0,0,0,0,0,0,0,0,0,0
21094176588288,26.958847,1786372551676511798,,0,0,0,0,0,0,0,0,0,0,0,0,0,0,0,0,0,0,0
21094196608416,26.978868,1786372551696532118,,0,0,0,0,0,0,0,0,0,0,0,0,0,0,0,0,0,0,0
21094216443552,26.998703,1786372551716527158,,0,0,0,0,0,0,0,0,0,0,0,0,0,0,0,0,0,0,0
21094236622816,27.018882,1786372551736524843,,0,0,0,0,0,0,0,0,0,0,0,0,0,0,0,0,0,0,0
21094256624992,27.038884,1786372551756507462,,0,0,0,0,0,0,0,0,0,0,0,0,0,0,0,0,0,0,0
21094276513728,27.058773,1786372551776512787,,0,0,0,0,0,0,0,0,0,0,0,0,0,0,0,0,0,0,0
21094296590208,27.078849,1786372551796504883,,0,0,0,0,0,0,0,0,0,0,0,0,0,0,0,0,0,0,0
21094316641856,27.098901,1786372551816510613,,0,0,0,0,0,0,0,0,0,0,0,0,0,0,0,0,0,0,0
21094336655424,27.118915,1786372551836531565,,0,0,0,0,0,0,0,0,0,0,0,0,0,0,0,0,0,0,0
21094356621536,27.138881,1786372551856527783,,0,0,0,0,0,0,0,0,0,0,0,0,0,0,0,0,0,0,0
21094376453696,27.158713,1786372551876524677,,0,0,0,0,0,0,0,0,0,0,0,0,0,0,0,0,0,0,0
21094396591008,27.17885,1786372551896506756,,0,0,0,0,0,0,0,0,0,0,0,0,0,0,0,0,0,0,0
21094416567360,27.198827,1786372551916510718,,0,0,0,0,0,0,0,0,0,0,0,0,0,0,0,0,0,0,0
21094436582528,27.218842,1786372551936504344,,0,0,0,0,0,0,0,0,0,0,0,0,0,0,0,0,0,0,0
21094456590656,27.23885,1786372551956510649,,0,0,0,0,0,0,0,0,0,0,0,0,0,0,0,0,0,0,0
21094476479776,27.258739,1786372551976532280,,0,0,0,0,0,0,0,0,0,0,0,0,0,0,0,0,0,0,0
21094496597632,27.278857,1786372551996527192,,0,0,0,0,0,0,0,0,0,0,0,0,0,0,0,0,0,0,0
21094516596064,27.298855,1786372552016522540,,0,0,0,0,0,0,0,0,0,0,0,0,0,0,0,0,0,0,0
21094536574016,27.318833,1786372552036506481,,0,0,0,0,0,0,0,0,0,0,0,0,0,0,0,0,0,0,0
21094556592704,27.338852,1786372552056511684,,0,0,0,0,0,0,0,0,0,0,0,0,0,0,0,0,0,0,0
21094576391680,27.358651,1786372552076504491,,0,0,0,0,0,0,0,0,0,0,0,0,0,0,0,0,0,0,0
21094596415424,27.378675,1786372552096512799,,0,0,0,0,0,0,0,0,0,0,0,0,0,0,0,0,0,0,0
21094616634688,27.398894,1786372552116531619,,0,0,0,0,0,0,0,0,0,0,0,0,0,0,0,0,0,0,0
21094636606048,27.418865,1786372552136527163,,0,0,0,0,0,0,0,0,0,0,0,0,0,0,0,0,0,0,0
21094656451904,27.438711,1786372552156523185,,0,0,0,0,0,0,0,0,0,0,0,0,0,0,0,0,0,0,0
21094676407424,27.458667,1786372552176506708,,0,0,0,0,0,0,0,0,0,0,0,0,0,0,0,0,0,0,0
21094696573504,27.478833,1786372552196510527,,0,0,0,0,0,0,0,0,0,0,0,0,0,0,0,0,0,0,0
21094716583200,27.498842,1786372552216504331,,0,0,0,0,0,0,0,0,0,0,0,0,0,0,0,0,0,0,0
21094736582400,27.518842,1786372552236510221,,0,0,0,0,0,0,0,0,0,0,0,0,0,0,0,0,0,0,0
21094756599456,27.538859,1786372552256530474,,0,0,0,0,0,0,0,0,0,0,0,0,0,0,0,0,0,0,0
21094776588800,27.558848,1786372552276527780,,0,0,0,0,0,0,0,0,0,0,0,0,0,0,0,0,0,0,0
21094796583680,27.578843,1786372552296523251,,0,0,0,0,0,0,0,0,0,0,0,0,0,0,0,0,0,0,0
21094816573760,27.598833,1786372552316506490,,0,0,0,0,0,0,0,0,0,0,0,0,0,0,0,0,0,0,0
21094836581376,27.618841,1786372552336511851,,0,0,0,0,0,0,0,0,0,0,0,0,0,0,0,0,0,0,0
21094856386240,27.638645,1786372552356504802,,0,0,0,0,0,0,0,0,0,0,0,0,0,0,0,0,0,0,0
21094876410848,27.65867,1786372552376511212,,0,0,0,0,0,0,0,0,0,0,0,0,0,0,0,0,0,0,0
21094896577024,27.678836,1786372552396532370,,0,0,0,0,0,0,0,0,0,0,0,0,0,0,0,0,0,0,0
21094916619168,27.698878,1786372552416526478,,0,0,0,0,0,0,0,0,0,0,0,0,0,0,0,0,0,0,0
21094936588736,27.718848,1786372552436523884,,0,0,0,0,0,0,0,0,0,0,0,0,0,0,0,0,0,0,0
21094956391872,27.738651,1786372552456506028,,0,0,0,0,0,0,0,0,0,0,0,0,0,0,0,0,0,0,0
21094976564736,27.758824,1786372552476510499,,0,0,0,0,0,0,0,0,0,0,0,0,0,0,0,0,0,0,0
21094996561024,27.77882,1786372552496504076,,0,0,0,0,0,0,0,0,0,0,0,0,0,0,0,0,0,0,0
21095016384128,27.798643,1786372552516511746,,0,0,0,0,0,0,0,0,0,0,0,0,0,0,0,0,0,0,0
21095036600992,27.81886,1786372552536531639,,0,0,0,0,0,0,0,0,0,0,0,0,0,0,0,0,0,0,0
21095056578944,27.838838,1786372552556528013,,0,0,0,0,0,0,0,0,0,0,0,0,0,0,0,0,0,0,0
21095076421056,27.85868,1786372552576523301,,0,0,0,0,0,0,0,0,0,0,0,0,0,0,0,0,0,0,0
21095096549152,27.878808,1786372552596508626,,0,0,0,0,0,0,0,0,0,0,0,0,0,0,0,0,0,0,0
21095116605728,27.898865,1786372552616511637,,0,0,0,0,0,0,0,0,0,0,0,0,0,0,0,0,0,0,0
21095136376672,27.918636,1786372552636504202,,0,0,0,0,0,0,0,0,0,0,0,0,0,0,0,0,0,0,0
21095156547424,27.938807,1786372552656511016,,0,0,0,0,0,0,0,0,0,0,0,0,0,0,0,0,0,0,0
21095176566304,27.958826,1786372552676531817,,0,0,0,0,0,0,0,0,0,0,0,0,0,0,0,0,0,0,0
21095196568288,27.978827,1786372552696527521,,0,0,0,0,0,0,0,0,0,0,0,0,0,0,0,0,0,0,0
21095216432256,27.998691,1786372552716524373,,0,0,0,0,0,0,0,0,0,0,0,0,0,0,0,0,0,0,0
21095236559776,28.018819,1786372552736506706,,0,0,0,0,0,0,0,0,0,0,0,0,0,0,0,0,0,0,0
21095256375328,28.038635,1786372552756511596,,0,0,0,0,0,0,0,0,0,0,0,0,0,0,0,0,0,0,0
21095276474592,28.058734,1786372552776504191,,0,0,0,0,0,0,0,0,0,0,0,0,0,0,0,0,0,0,0
21095296383200,28.078642,1786372552796511568,,0,0,0,0,0,0,0,0,0,0,0,0,0,0,0,0,0,0,0
21095316406432,28.098666,1786372552816531550,,0,0,0,0,0,0,0,0,0,0,0,0,0,0,0,0,0,0,0
21095336395136,28.118654,1786372552836527244,,0,0,0,0,0,0,0,0,0,0,0,0,0,0,0,0,0,0,0
21095356576256,28.138835,1786372552856527284,,0,0,0,0,0,0,0,0,0,0,0,0,0,0,0,0,0,0,0
21095376399104,28.158658,1786372552876506559,,0,0,0,0,0,0,0,0,0,0,0,0,0,0,0,0,0,0,0
21095396370912,28.17863,1786372552896510209,,0,0,0,0,0,0,0,0,0,0,0,0,0,0,0,0,0,0,0
21095416370368,28.19863,1786372552916504435,,0,0,0,0,0,0,0,0,0,0,0,0,0,0,0,0,0,0,0
21095436541088,28.2188,1786372552936511671,,0,0,0,0,0,0,0,0,0,0,0,0,0,0,0,0,0,0,0
21095456382720,28.238642,1786372552956531278,,0,0,0,0,0,0,0,0,0,0,0,0,0,0,0,0,0,0,0
21095476438144,28.258697,1786372552976526131,,0,0,0,0,0,0,0,0,0,0,0,0,0,0,0,0,0,0,0
21095496383328,28.278643,1786372552996522499,,0,0,0,0,0,0,0,0,0,0,0,0,0,0,0,0,0,0,0
21095516364704,28.298624,1786372553016506877,,0,0,0,0,0,0,0,0,0,0,0,0,0,0,0,0,0,0,0
21095536358656,28.318618,1786372553036511140,,0,0,0,0,0,0,0,0,0,0,0,0,0,0,0,0,0,0,0
21095556378304,28.338638,1786372553056503840,,0,0,0,0,0,0,0,0,0,0,0,0,0,0,0,0,0,0,0
21095576401920,28.358661,1786372553076511151,,0,0,0,0,0,0,0,0,0,0,0,0,0,0,0,0,0,0,0
21095596579680,28.378839,1786372553096533214,,0,0,0,0,0,0,0,0,0,0,0,0,0,0,0,0,0,0,0
21095616370496,28.39863,1786372553116526093,,0,0,0,0,0,0,0,0,0,0,0,0,0,0,0,0,0,0,0
21095636356864,28.418616,1786372553136523297,,0,0,0,0,0,0,0,0,0,0,0,0,0,0,0,0,0,0,0
21095656384768,28.438644,1786372553156506981,,0,0,0,0,0,0,0,0,0,0,0,0,0,0,0,0,0,0,0
21095676429600,28.458689,1786372553176509746,,0,0,0,0,0,0,0,0,0,0,0,0,0,0,0,0,0,0,0
21095696361664,28.478621,1786372553196504169,,0,0,0,0,0,0,0,0,0,0,0,0,0,0,0,0,0,0,0
21095716375488,28.498635,1786372553216510554,,0,0,0,0,0,0,0,0,0,0,0,0,0,0,0,0,0,0,0
21095736365472,28.518625,1786372553236531130,,0,0,0,0,0,0,0,0,0,0,0,0,0,0,0,0,0,0,0
21095756534656,28.538794,1786372553256526506,,0,0,0,0,0,0,0,0,0,0,0,0,0,0,0,0,0,0,0
21095776378912,28.558638,1786372553276523132,,0,0,0,0,0,0,0,0,0,0,0,0,0,0,0,0,0,0,0
21095796361792,28.578621,1786372553296506421,,0,0,0,0,0,0,0,0,0,0,0,0,0,0,0,0,0,0,0
21095816381888,28.598641,1786372553316510269,,0,0,0,0,0,0,0,0,0,0,0,0,0,0,0,0,0,0,0
21095836372160,28.618631,1786372553336503521,,0,0,0,0,0,0,0,0,0,0,0,0,0,0,0,0,0,0,0
21095856367360,28.638627,1786372553356510430,,0,0,0,0,0,0,0,0,0,0,0,0,0,0,0,0,0,0,0
21095876450048,28.658709,1786372553376530952,,0,0,0,0,0,0,0,0,0,0,0,0,0,0,0,0,0,0,0
21095896361088,28.67862,1786372553396527336,,0,0,0,0,0,0,0,0,0,0,0,0,0,0,0,0,0,0,0
21095916394208,28.698653,1786372553416524305,,0,0,0,0,0,0,0,0,0,0,0,0,0,0,0,0,0,0,0
21095936372928,28.718632,1786372553436507146,,0,0,0,0,0,0,0,0,0,0,0,0,0,0,0,0,0,0,0
21095956400448,28.73866,1786372553456512696,,0,0,0,0,0,0,0,0,0,0,0,0,0,0,0,0,0,0,0
21095976382976,28.758642,1786372553476504215,,0,0,0,0,0,0,0,0,0,0,0,0,0,0,0,0,0,0,0
21095996404544,28.778664,1786372553496510809,,0,0,0,0,0,0,0,0,0,0,0,0,0,0,0,0,0,0,0
21096016410560,28.79867,1786372553516531220,,0,0,0,0,0,0,0,0,0,0,0,0,0,0,0,0,0,0,0
21096036384992,28.818644,1786372553536526343,,0,0,0,0,0,0,0,0,0,0,0,0,0,0,0,0,0,0,0
21096056582688,28.838842,1786372553556537038,,0,0,0,0,0,0,0,0,0,0,0,0,0,0,0,0,0,0,0
21096076450880,28.85871,1786372553576506526,,0,0,0,0,0,0,0,0,0,0,0,0,0,0,0,0,0,0,0
21096096381536,28.878641,1786372553596514419,,0,0,0,0,0,0,0,0,0,0,0,0,0,0,0,0,0,0,0
21096116512736,28.898772,1786372553616504648,,0,0,0,0,0,0,0,0,0,0,0,0,0,0,0,0,0,0,0
21096136535712,28.918795,1786372553636510109,,0,0,0,0,0,0,0,0,0,0,0,0,0,0,0,0,0,0,0
21096156414144,28.938673,1786372553656531252,,0,0,0,0,0,0,0,0,0,0,0,0,0,0,0,0,0,0,0
21096176395584,28.958655,1786372553676528538,,0,0,0,0,0,0,0,0,0,0,0,0,0,0,0,0,0,0,0
21096196374784,28.978634,1786372553696523901,,0,0,0,0,0,0,0,0,0,0,0,0,0,0,0,0,0,0,0
21096216404256,28.998663,1786372553716506576,,0,0,0,0,0,0,0,0,0,0,0,0,0,0,0,0,0,0,0
21096236397152,29.018656,1786372553736510908,,0,0,0,0,0,0,0,0,0,0,0,0,0,0,0,0,0,0,0
21096256374496,29.038634,1786372553756504210,,0,0,0,0,0,0,0,0,0,0,0,0,0,0,0,0,0,0,0
21096276494848,29.058754,1786372553776511679,,0,0,0,0,0,0,0,0,0,0,0,0,0,0,0,0,0,0,0
21096296390112,29.078649,1786372553796530357,,0,0,0,0,0,0,0,0,0,0,0,0,0,0,0,0,0,0,0
21096316373824,29.098633,1786372553816528865,,0,0,0,0,0,0,0,0,0,0,0,0,0,0,0,0,0,0,0
21096336388128,29.118647,1786372553836522882,,0,0,0,0,0,0,0,0,0,0,0,0,0,0,0,0,0,0,0
21096356380896,29.13864,1786372553856507561,,0,0,0,0,0,0,0,0,0,0,0,0,0,0,0,0,0,0,0
21096376482944,29.158742,1786372553876510499,,0,0,0,0,0,0,0,0,0,0,0,0,0,0,0,0,0,0,0
21096396468384,29.178728,1786372553896503269,,0,0,0,0,0,0,0,0,0,0,0,0,0,0,0,0,0,0,0
21096416371136,29.19863,1786372553916510690,,0,0,0,0,0,0,0,0,0,0,0,0,0,0,0,0,0,0,0
21096436408800,29.218668,1786372553936535937,,0,0,0,0,0,0,0,0,0,0,0,0,0,0,0,0,0,0,0
21096456401248,29.23866,1786372553956527648,,0,0,0,0,0,0,0,0,0,0,0,0,0,0,0,0,0,0,0
21096476370816,29.25863,1786372553976523121,,0,0,0,0,0,0,0,0,0,0,0,0,0,0,0,0,0,0,0
21096496354944,29.278614,1786372553996507591,,0,0,0,0,0,0,0,0,0,0,0,0,0,0,0,0,0,0,0
21096516393440,29.298653,1786372554016511808,,0,0,0,0,0,0,0,0,0,0,0,0,0,0,0,0,0,0,0
21096536439968,29.318699,1786372554036505029,,0,0,0,0,0,0,0,0,0,0,0,0,0,0,0,0,0,0,0
21096556546208,29.338805,1786372554056511379,,0,0,0,0,0,0,0,0,0,0,0,0,0,0,0,0,0,0,0
21096576380160,29.358639,1786372554076531180,,0,0,0,0,0,0,0,0,0,0,0,0,0,0,0,0,0,0,0
21096596517760,29.378777,1786372554096544881,,0,0,0,0,0,0,0,0,0,0,0,0,0,0,0,0,0,0,0
21096616400448,29.39866,1786372554116523490,,0,0,0,0,0,0,0,0,0,0,0,0,0,0,0,0,0,0,0
21096636590784,29.41885,1786372554136507170,,0,0,0,0,0,0,0,0,0,0,0,0,0,0,0,0,0,0,0
21096656397792,29.438657,1786372554156511119,,0,0,0,0,0,0,0,0,0,0,0,0,0,0,0,0,0,0,0
21096676380704,29.45864,1786372554176503902,,0,0,0,0,0,0,0,0,0,0,0,0,0,0,0,0,0,0,0
21096696360832,29.47862,1786372554196511364,,0,0,0,0,0,0,0,0,0,0,0,0,0,0,0,0,0,0,0
21096716468064,29.498727,1786372554216531377,,0,0,0,0,0,0,0,0,0,0,0,0,0,0,0,0,0,0,0
21096736436960,29.518696,1786372554236527396,,0,0,0,0,0,0,0,0,0,0,0,0,0,0,0,0,0,0,0
21096756422272,29.538681,1786372554256537041,,0,0,0,0,0,0,0,0,0,0,0,0,0,0,0,0,0,0,0
21096776399616,29.558659,1786372554276506692,,0,0,0,0,0,0,0,0,0,0,0,0,0,0,0,0,0,0,0
21096796374720,29.578634,1786372554296509928,,0,0,0,0,0,0,0,0,0,0,0,0,0,0,0,0,0,0,0
21096816426336,29.598686,1786372554316504603,,0,0,0,0,0,0,0,0,0,0,0,0,0,0,0,0,0,0,0
21096836464224,29.618723,1786372554336510585,,0,0,0,0,0,0,0,0,0,0,0,0,0,0,0,0,0,0,0
21096856447648,29.638707,1786372554356531472,,0,0,0,0,0,0,0,0,0,0,0,0,0,0,0,0,0,0,0
21096876436928,29.658696,1786372554376526952,,0,0,0,0,0,0,0,0,0,0,0,0,0,0,0,0,0,0,0
21096896378528,29.678638,1786372554396523271,,0,0,0,0,0,0,0,0,0,0,0,0,0,0,0,0,0,0,0
21096916362688,29.698622,1786372554416507177,,0,0,0,0,0,0,0,0,0,0,0,0,0,0,0,0,0,0,0
21096936385568,29.718645,1786372554436510191,,0,0,0,0,0,0,0,0,0,0,0,0,0,0,0,0,0,0,0
21096956372320,29.738632,1786372554456504521,,0,0,0,0,0,0,0,0,0,0,0,0,0,0,0,0,0,0,0
21096976351936,29.758611,1786372554476511604,,0,0,0,0,0,0,0,0,0,0,0,0,0,0,0,0,0,0,0
21096996340352,29.7786,1786372554496531114,,0,0,0,0,0,0,0,0,0,0,0,0,0,0,0,0,0,0,0
21097016365728,29.798625,1786372554516527199,,0,0,0,0,0,0,0,0,0,0,0,0,0,0,0,0,0,0,0
21097036394144,29.818653,1786372554536523720,,0,0,0,0,0,0,0,0,0,0,0,0,0,0,0,0,0,0,0
21097056443840,29.838703,1786372554556506807,,0,0,0,0,0,0,0,0,0,0,0,0,0,0,0,0,0,0,0
21097076351968,29.858611,1786372554576510605,,0,0,0,0,0,0,0,0,0,0,0,0,0,0,0,0,0,0,0
21097096402944,29.878662,1786372554596505826,,0,0,0,0,0,0,0,0,0,0,0,0,0,0,0,0,0,0,0
21097116363072,29.898622,1786372554616511422,,0,0,0,0,0,0,0,0,0,0,0,0,0,0,0,0,0,0,0
21097136429600,29.918689,1786372554636531176,,0,0,0,0,0,0,0,0,0,0,0,0,0,0,0,0,0,0,0
21097156377696,29.938637,1786372554656528293,,0,0,0,0,0,0,0,0,0,0,0,0,0,0,0,0,0,0,0
21097176367392,29.958627,1786372554676523623,,0,0,0,0,0,0,0,0,0,0,0,0,0,0,0,0,0,0,0
21097196429760,29.978689,1786372554696507028,,0,0,0,0,0,0,0,0,0,0,0,0,0,0,0,0,0,0,0
21097216370976,29.99863,1786372554716511121,,0,0,0,0,0,0,0,0,0,0,0,0,0,0,0,0,0,0,0
21097236481920,30.018741,1786372554736505169,,0,0,0,0,0,0,0,0,0,0,0,0,0,0,0,0,0,0,0
21097256415456,30.038675,1786372554756511182,,0,0,0,0,0,0,0,0,0,0,0,0,0,0,0,0,0,0,0
21097276405344,30.058665,1786372554776531815,,0,0,0,0,0,0,0,0,0,0,0,0,0,0,0,0,0,0,0
21097296350144,30.078609,1786372554796527988,,0,0,0,0,0,0,0,0,0,0,0,0,0,0,0,0,0,0,0
21097316372064,30.098631,1786372554816538254,,0,0,0,0,0,0,0,0,0,0,0,0,0,0,0,0,0,0,0
21097336394432,30.118654,1786372554836506535,,0,0,0,0,0,0,0,0,0,0,0,0,0,0,0,0,0,0,0
21097356415808,30.138675,1786372554856510996,,0,0,0,0,0,0,0,0,0,0,0,0,0,0,0,0,0,0,0
21097376400640,30.15866,1786372554876503673,,0,0,0,0,0,0,0,0,0,0,0,0,0,0,0,0,0,0,0
21097396358176,30.178617,1786372554896511240,,0,0,0,0,0,0,0,0,0,0,0,0,0,0,0,0,0,0,0
21097416365664,30.198625,1786372554916531413,,0,0,0,0,0,0,0,0,0,0,0,0,0,0,0,0,0,0,0
21097436392256,30.218651,1786372554936526652,,0,0,0,0,0,0,0,0,0,0,0,0,0,0,0,0,0,0,0
21097456453152,30.238712,1786372554956523876,,0,0,0,0,0,0,0,0,0,0,0,0,0,0,0,0,0,0,0
21097476415520,30.258675,1786372554976507093,,0,0,0,0,0,0,0,0,0,0,0,0,0,0,0,0,0,0,0
21097496385600,30.278645,1786372554996511742,,0,0,0,0,0,0,0,0,0,0,0,0,0,0,0,0,0,0,0
21097516482368,30.298742,1786372555016504201,,0,0,0,0,0,0,0,0,0,0,0,0,0,0,0,0,0,0,0
21097536401888,30.318661,1786372555036511445,,0,0,0,0,0,0,0,0,0,0,0,0,0,0,0,0,0,0,0
21097556441824,30.338701,1786372555056531599,,0,0,0,0,0,0,0,0,0,0,0,0,0,0,0,0,0,0,0
21097576412992,30.358672,1786372555076527311,,0,0,0,0,0,0,0,0,0,0,0,0,0,0,0,0,0,0,0
21097596399328,30.378659,1786372555096526552,,0,0,0,0,0,0,0,0,0,0,0,0,0,0,0,0,0,0,0
21097616319872,30.398579,1786372555116505854,,0,0,0,0,0,0,0,0,0,0,0,0,0,0,0,0,0,0,0
21097636399776,30.418659,1786372555136510960,,0,0,0,0,0,0,0,0,0,0,0,0,0,0,0,0,0,0,0
21097656362112,30.438621,1786372555156517535,,0,0,0,0,0,0,0,0,0,0,0,0,0,0,0,0,0,0,0
21097676316960,30.458576,1786372555176510553,,0,0,0,0,0,0,0,0,0,0,0,0,0,0,0,0,0,0,0
21097696426272,30.478685,1786372555196530661,,0,0,0,0,0,0,0,0,0,0,0,0,0,0,0,0,0,0,0
21097716385760,30.498645,1786372555216526479,,0,0,0,0,0,0,0,0,0,0,0,0,0,0,0,0,0,0,0
21097736456416,30.518716,1786372555236523414,,0,0,0,0,0,0,0,0,0,0,0,0,0,0,0,0,0,0,0
21097756395968,30.538655,1786372555256506326,,0,0,0,0,0,0,0,0,0,0,0,0,0,0,0,0,0,0,0
21097776436320,30.558696,1786372555276511139,,0,0,0,0,0,0,0,0,0,0,0,0,0,0,0,0,0,0,0
21097796415264,30.578674,1786372555296504383,,0,0,0,0,0,0,0,0,0,0,0,0,0,0,0,0,0,0,0
21097816396832,30.598656,1786372555316510182,,0,0,0,0,0,0,0,0,0,0,0,0,0,0,0,0,0,0,0
21097836529760,30.618789,1786372555336530441,,0,0,0,0,0,0,0,0,0,0,0,0,0,0,0,0,0,0,0
21097856405120,30.638664,1786372555356526774,,0,0,0,0,0,0,0,0,0,0,0,0,0,0,0,0,0,0,0
21097876413952,30.658673,1786372555376522712,,0,0,0,0,0,0,0,0,0,0,0,0,0,0,0,0,0,0,0
21097896400608,30.67866,1786372555396506042,,0,0,0,0,0,0,0,0,0,0,0,0,0,0,0,0,0,0,0
21097916443552,30.698703,1786372555416510333,,0,0,0,0,0,0,0,0,0,0,0,0,0,0,0,0,0,0,0
21097936411712,30.718671,1786372555436504217,,0,0,0,0,0,0,0,0,0,0,0,0,0,0,0,0,0,0,0
21097956419040,30.738678,1786372555456510430,,0,0,0,0,0,0,0,0,0,0,0,0,0,0,0,0,0,0,0
21097976433440,30.758693,1786372555476531039,,0,0,0,0,0,0,0,0,0,0,0,0,0,0,0,0,0,0,0
21097996440288,30.778699,1786372555496526789,,0,0,0,0,0,0,0,0,0,0,0,0,0,0,0,0,0,0,0
21098016413408,30.798673,1786372555516521995,,0,0,0,0,0,0,0,0,0,0,0,0,0,0,0,0,0,0,0
21098036420736,30.81868,1786372555536507026,,0,0,0,0,0,0,0,0,0,0,0,0,0,0,0,0,0,0,0
21098056461696,30.838721,1786372555556510980,,0,0,0,0,0,0,0,0,0,0,0,0,0,0,0,0,0,0,0
21098076341056,30.8586,1786372555576503849,,0,0,0,0,0,0,0,0,0,0,0,0,0,0,0,0,0,0,0
21098096371040,30.87863,1786372555596513514,,0,0,0,0,0,0,0,0,0,0,0,0,0,0,0,0,0,0,0
21098116424256,30.898683,1786372555616531794,,0,0,0,0,0,0,0,0,0,0,0,0,0,0,0,0,0,0,0
21098136393024,30.918652,1786372555636527417,,0,0,0,0,0,0,0,0,0,0,0,0,0,0,0,0,0,0,0
21098156427712,30.938687,1786372555656523866,,0,0,0,0,0,0,0,0,0,0,0,0,0,0,0,0,0,0,0
21098176404512,30.958664,1786372555676506614,,0,0,0,0,0,0,0,0,0,0,0,0,0,0,0,0,0,0,0
21098196431392,30.978691,1786372555696510856,,0,0,0,0,0,0,0,0,0,0,0,0,0,0,0,0,0,0,0
21098216411584,30.998671,1786372555716504426,,0,0,0,0,0,0,0,0,0,0,0,0,0,0,0,0,0,0,0
21098236461088,31.01872,1786372555736511375,,0,0,0,0,0,0,0,0,0,0,0,0,0,0,0,0,0,0,0
21098256370624,31.03863,1786372555756530740,,0,0,0,0,0,0,0,0,0,0,0,0,0,0,0,0,0,0,0
21098276410944,31.05867,1786372555776543087,,0,0,0,0,0,0,0,0,0,0,0,0,0,0,0,0,0,0,0
21098296430016,31.078689,1786372555796523502,,0,0,0,0,0,0,0,0,0,0,0,0,0,0,0,0,0,0,0
21098316418784,31.098678,1786372555816506228,,0,0,0,0,0,0,0,0,0,0,0,0,0,0,0,0,0,0,0
21098336411936,31.118671,1786372555836511051,,0,0,0,0,0,0,0,0,0,0,0,0,0,0,0,0,0,0,0
21098356389952,31.138649,1786372555856504488,,0,0,0,0,0,0,0,0,0,0,0,0,0,0,0,0,0,0,0
21098376473440,31.158733,1786372555876510592,,0,0,0,0,0,0,0,0,0,0,0,0,0,0,0,0,0,0,0
21098396454240,31.178713,1786372555896531644,,0,0,0,0,0,0,0,0,0,0,0,0,0,0,0,0,0,0,0
21098416381664,31.198641,1786372555916527417,,0,0,0,0,0,0,0,0,0,0,0,0,0,0,0,0,0,0,0
21098436415552,31.218675,1786372555936522756,,0,0,0,0,0,0,0,0,0,0,0,0,0,0,0,0,0,0,0
21098456403040,31.238662,1786372555956506523,,0,0,0,0,0,0,0,0,0,0,0,0,0,0,0,0,0,0,0
21098476352736,31.258612,1786372555976510810,,0,0,0,0,0,0,0,0,0,0,0,0,0,0,0,0,0,0,0
21098496406336,31.278666,1786372555996504010,,0,0,0,0,0,0,0,0,0,0,0,0,0,0,0,0,0,0,0
21098516447200,31.298706,1786372556016510900,,0,0,0,0,0,0,0,0,0,0,0,0,0,0,0,0,0,0,0
21098536396288,31.318655,1786372556036531425,,0,0,0,0,0,0,0,0,0,0,0,0,0,0,0,0,0,0,0
21098556433536,31.338693,1786372556056541424,,0,0,0,0,0,0,0,0,0,0,0,0,0,0,0,0,0,0,0
21098576404864,31.358664,1786372556076522905,,0,0,0,0,0,0,0,0,0,0,0,0,0,0,0,0,0,0,0
21098596440672,31.3787,1786372556096510934,,0,0,0,0,0,0,0,0,0,0,0,0,0,0,0,0,0,0,0
21098616375872,31.398635,1786372556116511665,,0,0,0,0,0,0,0,0,0,0,0,0,0,0,0,0,0,0,0
21098636412512,31.418672,1786372556136504464,,0,0,0,0,0,0,0,0,0,0,0,0,0,0,0,0,0,0,0
21098656384640,31.438644,1786372556156510545,,0,0,0,0,0,0,0,0,0,0,0,0,0,0,0,0,0,0,0
21098676387072,31.458646,1786372556176531159,,0,0,0,0,0,0,0,0,0,0,0,0,0,0,0,0,0,0,0
21098696393888,31.478653,1786372556196527186,,0,0,0,0,0,0,0,0,0,0,0,0,0,0,0,0,0,0,0
21098716437504,31.498697,1786372556216524049,,0,0,0,0,0,0,0,0,0,0,0,0,0,0,0,0,0,0,0
21098736412384,31.518672,1786372556236507103,,0,0,0,0,0,0,0,0,0,0,0,0,0,0,0,0,0,0,0
21098756396960,31.538656,1786372556256510784,,0,0,0,0,0,0,0,0,0,0,0,0,0,0,0,0,0,0,0
21098776385760,31.558645,1786372556276503363,,0,0,0,0,0,0,0,0,0,0,0,0,0,0,0,0,0,0,0
21098796395776,31.578655,1786372556296510842,,0,0,0,0,0,0,0,0,0,0,0,0,0,0,0,0,0,0,0
21098816381824,31.598641,1786372556316530714,,0,0,0,0,0,0,0,0,0,0,0,0,0,0,0,0,0,0,0
21098836405184,31.618664,1786372556336527098,,0,0,0,0,0,0,0,0,0,0,0,0,0,0,0,0,0,0,0
21098856406016,31.638665,1786372556356523919,,0,0,0,0,0,0,0,0,0,0,0,0,0,0,0,0,0,0,0
21098876290752,31.65855,1786372556376506098,,0,0,0,0,0,0,0,0,0,0,0,0,0,0,0,0,0,0,0
21098896368832,31.678628,1786372556396510336,,0,0,0,0,0,0,0,0,0,0,0,0,0,0,0,0,0,0,0
21098916359200,31.698618,1786372556416504379,,0,0,0,0,0,0,0,0,0,0,0,0,0,0,0,0,0,0,0
21098936379392,31.718639,1786372556436509929,,0,0,0,0,0,0,0,0,0,0,0,0,0,0,0,0,0,0,0
21098956410944,31.73867,1786372556456532536,,0,0,0,0,0,0,0,0,0,0,0,0,0,0,0,0,0,0,0
21098976456352,31.758716,1786372556476527860,,0,0,0,0,0,0,0,0,0,0,0,0,0,0,0,0,0,0,0
21098996394528,31.778654,1786372556496524021,,0,0,0,0,0,0,0,0,0,0,0,0,0,0,0,0,0,0,0
21099016409248,31.798668,1786372556516506838,,0,0,0,0,0,0,0,0,0,0,0,0,0,0,0,0,0,0,0
21099036447904,31.818707,1786372556536511013,,0,0,0,0,0,0,0,0,0,0,0,0,0,0,0,0,0,0,0
21099056423360,31.838683,1786372556556504615,,0,0,0,0,0,0,0,0,0,0,0,0,0,0,0,0,0,0,0
21099076314464,31.858574,1786372556576511569,,0,0,0,0,0,0,0,0,0,0,0,0,0,0,0,0,0,0,0
21099096388960,31.878648,1786372556596532156,,0,0,0,0,0,0,0,0,0,0,0,0,0,0,0,0,0,0,0
21099116436256,31.898695,1786372556616527262,,0,0,0,0,0,0,0,0,0,0,0,0,0,0,0,0,0,0,0
21099136416608,31.918676,1786372556636523608,,0,0,0,0,0,0,0,0,0,0,0,0,0,0,0,0,0,0,0
21099156423104,31.938682,1786372556656506448,,0,0,0,0,0,0,0,0,0,0,0,0,0,0,0,0,0,0,0
21099176374432,31.958634,1786372556676511945,,0,0,0,0,0,0,0,0,0,0,0,0,0,0,0,0,0,0,0
21099196378048,31.978637,1786372556696504064,,0,0,0,0,0,0,0,0,0,0,0,0,0,0,0,0,0,0,0
21099216362464,31.998622,1786372556716511451,,0,0,0,0,0,0,0,0,0,0,0,0,0,0,0,0,0,0,0
21099236470016,32.018729,1786372556736531858,,0,0,0,0,0,0,0,0,0,0,0,0,0,0,0,0,0,0,0
21099256385984,32.038645,1786372556756527245,,0,0,0,0,0,0,0,0,0,0,0,0,0,0,0,0,0,0,0
21099276422976,32.058682,1786372556776523732,,0,0,0,0,0,0,0,0,0,0,0,0,0,0,0,0,0,0,0
21099296362912,32.078622,1786372556796506502,,0,0,0,0,0,0,0,0,0,0,0,0,0,0,0,0,0,0,0
21099316405568,32.098665,1786372556816511179,,0,0,0,0,0,0,0,0,0,0,0,0,0,0,0,0,0,0,0
21099336386848,32.118646,1786372556836504441,,0,0,0,0,0,0,0,0,0,0,0,0,0,0,0,0,0,0,0
21099356601728,32.138861,1786372556856510661,,0,0,0,0,0,0,0,0,0,0,0,0,0,0,0,0,0,0,0
21099376384896,32.158644,1786372556876531138,,0,0,0,0,0,0,0,0,0,0,0,0,0,0,0,0,0,0,0
21099396452576,32.178712,1786372556896527265,,0,0,0,0,0,0,0,0,0,0,0,0,0,0,0,0,0,0,0
21099416402784,32.198662,1786372556916523527,,0,0,0,0,0,0,0,0,0,0,0,0,0,0,0,0,0,0,0
21099436412384,32.218672,1786372556936506089,,0,0,0,0,0,0,0,0,0,0,0,0,0,0,0,0,0,0,0
21099456377536,32.238637,1786372556956511033,,0,0,0,0,0,0,0,0,0,0,0,0,0,0,0,0,0,0,0
21099476354176,32.258613,1786372556976504309,,0,0,0,0,0,0,0,0,0,0,0,0,0,0,0,0,0,0,0
21099496369376,32.278629,1786372556996511943,,0,0,0,0,0,0,0,0,0,0,0,0,0,0,0,0,0,0,0
21099516403808,32.298663,1786372557016531935,,0,0,0,0,0,0,0,0,0,0,0,0,0,0,0,0,0,0,0
21099536389696,32.318649,1786372557036527349,,0,0,0,0,0,0,0,0,0,0,0,0,0,0,0,0,0,0,0
21099556397888,32.338657,1786372557056523732,,0,0,0,0,0,0,0,0,0,0,0,0,0,0,0,0,0,0,0
21099576373440,32.358633,1786372557076506559,,0,0,0,0,0,0,0,0,0,0,0,0,0,0,0,0,0,0,0
21099596450944,32.37871,1786372557096513268,,0,0,0,0,0,0,0,0,0,0,0,0,0,0,0,0,0,0,0
21099616370816,32.39863,1786372557116504007,,0,0,0,0,0,0,0,0,0,0,0,0,0,0,0,0,0,0,0
21099636387264,32.418646,1786372557136511126,,0,0,0,0,0,0,0,0,0,0,0,0,0,0,0,0,0,0,0
21099656390368,32.43865,1786372557156530590,,0,0,0,0,0,0,0,0,0,0,0,0,0,0,0,0,0,0,0
21099676302048,32.458561,1786372557176527140,,0,0,0,0,0,0,0,0,0,0,0,0,0,0,0,0,0,0,0
21099696402400,32.478662,1786372557196523334,,0,0,0,0,0,0,0,0,0,0,0,0,0,0,0,0,0,0,0
21099716336160,32.498595,1786372557216506717,,0,0,0,0,0,0,0,0,0,0,0,0,0,0,0,0,0,0,0
21099736387424,32.518647,1786372557236511466,,0,0,0,0,0,0,0,0,0,0,0,0,0,0,0,0,0,0,0
21099756374208,32.538633,1786372557256504281,,0,0,0,0,0,0,0,0,0,0,0,0,0,0,0,0,0,0,0
21099776391104,32.55865,1786372557276511515,,0,0,0,0,0,0,0,0,0,0,0,0,0,0,0,0,0,0,0
21099796384416,32.578644,1786372557296530840,,0,0,0,0,0,0,0,0,0,0,0,0,0,0,0,0,0,0,0
21099816379008,32.598638,1786372557316528382,,0,0,0,0,0,0,0,0,0,0,0,0,0,0,0,0,0,0,0
21099836370176,32.618629,1786372557336524058,,0,0,0,0,0,0,0,0,0,0,0,0,0,0,0,0,0,0,0
21099856387808,32.638647,1786372557356506920,,0,0,0,0,0,0,0,0,0,0,0,0,0,0,0,0,0,0,0
21099876287008,32.658546,1786372557376510357,,0,0,0,0,0,0,0,0,0,0,0,0,0,0,0,0,0,0,0
21099896327104,32.678586,1786372557396504683,,0,0,0,0,0,0,0,0,0,0,0,0,0,0,0,0,0,0,0
21099916402464,32.698662,1786372557416511114,,0,0,0,0,0,0,0,0,0,0,0,0,0,0,0,0,0,0,0
21099936375968,32.718635,1786372557436530203,,0,0,0,0,0,0,0,0,0,0,0,0,0,0,0,0,0,0,0
21099956373984,32.738633,1786372557456527634,,0,0,0,0,0,0,0,0,0,0,0,0,0,0,0,0,0,0,0
21099976375488,32.758635,1786372557476523866,,0,0,0,0,0,0,0,0,0,0,0,0,0,0,0,0,0,0,0
21099996331616,32.778591,1786372557496506123,,0,0,0,0,0,0,0,0,0,0,0,0,0,0,0,0,0,0,0
21100016385024,32.798644,1786372557516511296,,0,0,0,0,0,0,0,0,0,0,0,0,0,0,0,0,0,0,0
21100036354528,32.818614,1786372557536503233,,0,0,0,0,0,0,0,0,0,0,0,0,0,0,0,0,0,0,0
21100056325376,32.838585,1786372557556510943,,0,0,0,0,0,0,0,0,0,0,0,0,0,0,0,0,0,0,0
21100076278432,32.858538,1786372557576531522,,0,0,0,0,0,0,0,0,0,0,0,0,0,0,0,0,0,0,0
21100096374752,32.878634,1786372557596528639,,0,0,0,0,0,0,0,0,0,0,0,0,0,0,0,0,0,0,0
21100116338464,32.898598,1786372557616523720,,0,0,0,0,0,0,0,0,0,0,0,0,0,0,0,0,0,0,0
21100136364960,32.918624,1786372557636507098,,0,0,0,0,0,0,0,0,0,0,0,0,0,0,0,0,0,0,0
21100156357024,32.938616,1786372557656511993,,0,0,0,0,0,0,0,0,0,0,0,0,0,0,0,0,0,0,0
21100176352448,32.958612,1786372557676504130,,0,0,0,0,0,0,0,0,0,0,0,0,0,0,0,0,0,0,0
21100196348608,32.978608,1786372557696511052,,0,0,0,0,0,0,0,0,0,0,0,0,0,0,0,0,0,0,0
21100216363552,32.998623,1786372557716532781,,0,0,0,0,0,0,0,0,0,0,0,0,0,0,0,0,0,0,0
21100236356800,33.018616,1786372557736528124,,0,0,0,0,0,0,0,0,0,0,0,0,0,0,0,0,0,0,0
21100256345856,33.038605,1786372557756524330,,0,0,0,0,0,0,0,0,0,0,0,0,0,0,0,0,0,0,0
21100276248960,33.058508,1786372557776507958,,0,0,0,0,0,0,0,0,0,0,0,0,0,0,0,0,0,0,0
21100296343232,33.078602,1786372557796510918,,0,0,0,0,0,0,0,0,0,0,0,0,0,0,0,0,0,0,0
21100316347168,33.098606,1786372557816506584,,0,0,0,0,0,0,0,0,0,0,0,0,0,0,0,0,0,0,0
21100336377504,33.118637,1786372557836511234,,0,0,0,0,0,0,0,0,0,0,0,0,0,0,0,0,0,0,0
21100356338528,33.138598,1786372557856531964,,0,0,0,0,0,0,0,0,0,0,0,0,0,0,0,0,0,0,0
21100376332288,33.158591,1786372557876526505,,0,0,0,0,0,0,0,0,0,0,0,0,0,0,0,0,0,0,0
21100396357344,33.178617,1786372557896523991,,0,0,0,0,0,0,0,0,0,0,0,0,0,0,0,0,0,0,0
21100416337792,33.198597,1786372557916506710,,0,0,0,0,0,0,0,0,0,0,0,0,0,0,0,0,0,0,0
21100436350272,33.218609,1786372557936511702,,0,0,0,0,0,0,0,0,0,0,0,0,0,0,0,0,0,0,0
21100456339776,33.238599,1786372557956504476,,0,0,0,0,0,0,0,0,0,0,0,0,0,0,0,0,0,0,0
21100476241536,33.258501,1786372557976511833,,0,0,0,0,0,0,0,0,0,0,0,0,0,0,0,0,0,0,0
21100496370336,33.27863,1786372557996532220,,0,0,0,0,0,0,0,0,0,0,0,0,0,0,0,0,0,0,0
21100516369120,33.298628,1786372558016528641,,0,0,0,0,0,0,0,0,0,0,0,0,0,0,0,0,0,0,0
21100536357568,33.318617,1786372558036525078,,0,0,0,0,0,0,0,0,0,0,0,0,0,0,0,0,0,0,0
21100556343712,33.338603,1786372558056507409,,0,0,0,0,0,0,0,0,0,0,0,0,0,0,0,0,0,0,0
21100576341184,33.3586,1786372558076512361,,0,0,0,0,0,0,0,0,0,0,0,0,0,0,0,0,0,0,0
21100596414048,33.378673,1786372558096506759,,0,0,0,0,0,0,0,0,0,0,0,0,0,0,0,0,0,0,0
21100616330912,33.39859,1786372558116511036,,0,0,0,0,0,0,0,0,0,0,0,0,0,0,0,0,0,0,0
21100636333952,33.418593,1786372558136532315,,0,0,0,0,0,0,0,0,0,0,0,0,0,0,0,0,0,0,0
21100656337472,33.438597,1786372558156526359,,0,0,0,0,0,0,0,0,0,0,0,0,0,0,0,0,0,0,0
21100676185344,33.458445,1786372558176524530,,0,0,0,0,0,0,0,0,0,0,0,0,0,0,0,0,0,0,0
21100696280192,33.478539,1786372558196507230,,0,0,0,0,0,0,0,0,0,0,0,0,0,0,0,0,0,0,0
21100716310144,33.498569,1786372558216511475,,0,0,0,0,0,0,0,0,0,0,0,0,0,0,0,0,0,0,0
21100736293696,33.518553,1786372558236504342,,0,0,0,0,0,0,0,0,0,0,0,0,0,0,0,0,0,0,0
21100756328256,33.538587,1786372558256512099,,0,0,0,0,0,0,0,0,0,0,0,0,0,0,0,0,0,0,0
21100777613792,33.559873,1786372558276532003,,0,0,0,0,0,0,0,0,0,0,0,0,0,0,0,0,0,0,0
21100796357504,33.578617,1786372558296526981,,0,0,0,0,0,0,0,0,0,0,0,0,0,0,0,0,0,0,0
21100816320256,33.598579,1786372558316523858,,0,0,0,0,0,0,0,0,0,0,0,0,0,0,0,0,0,0,0
21100836323296,33.618582,1786372558336506765,,0,0,0,0,0,0,0,0,0,0,0,0,0,0,0,0,0,0,0
21100856329504,33.638589,1786372558356511617,,0,0,0,0,0,0,0,0,0,0,0,0,0,0,0,0,0,0,0
21100876210336,33.65847,1786372558376504328,,0,0,0,0,0,0,0,0,0,0,0,0,0,0,0,0,0,0,0
21100896304800,33.678564,1786372558396511274,,0,0,0,0,0,0,0,0,0,0,0,0,0,0,0,0,0,0,0
21100916357184,33.698616,1786372558416532032,,0,0,0,0,0,0,0,0,0,0,0,0,0,0,0,0,0,0,0
21100936320640,33.71858,1786372558436528475,,0,0,0,0,0,0,0,0,0,0,0,0,0,0,0,0,0,0,0
21100956315808,33.738575,1786372558456524406,,0,0,0,0,0,0,0,0,0,0,0,0,0,0,0,0,0,0,0
21100976343456,33.758603,1786372558476507335,,0,0,0,0,0,0,0,0,0,0,0,0,0,0,0,0,0,0,0
21100996349952,33.778609,1786372558496511267,,0,0,0,0,0,0,0,0,0,0,0,0,0,0,0,0,0,0,0
21101016309024,33.798568,1786372558516504503,,0,0,0,0,0,0,0,0,0,0,0,0,0,0,0,0,0,0,0
21101036265600,33.818525,1786372558536510637,,0,0,0,0,0,0,0,0,0,0,0,0,0,0,0,0,0,0,0
21101056393600,33.838653,1786372558556532574,,0,0,0,0,0,0,0,0,0,0,0,0,0,0,0,0,0,0,0
21101076274240,33.858533,1786372558576541489,,0,0,0,0,0,0,0,0,0,0,0,0,0,0,0,0,0,0,0
21101096417536,33.878677,1786372558596526210,,0,0,0,0,0,0,0,0,0,0,0,0,0,0,0,0,0,0,0
21101116314400,33.898574,1786372558616506774,,0,0,0,0,0,0,0,0,0,0,0,0,0,0,0,0,0,0,0
21101136346304,33.918606,1786372558636510735,,0,0,0,0,0,0,0,0,0,0,0,0,0,0,0,0,0,0,0
21101156261856,33.938521,1786372558656503977,,0,0,0,0,0,0,0,0,0,0,0,0,0,0,0,0,0,0,0
21101176368704,33.958628,1786372558676511273,,0,0,0,0,0,0,0,0,0,0,0,0,0,0,0,0,0,0,0
21101196347104,33.978606,1786372558696531694,,0,0,0,0,0,0,0,0,0,0,0,0,0,0,0,0,0,0,0
21101216345152,33.998604,1786372558716527699,,0,0,0,0,0,0,0,0,0,0,0,0,0,0,0,0,0,0,0
21101236263200,34.018522,1786372558736524759,,0,0,0,0,0,0,0,0,0,0,0,0,0,0,0,0,0,0,0
21101256358912,34.038618,1786372558756507320,,0,0,0,0,0,0,0,0,0,0,0,0,0,0,0,0,0,0,0
21101276149760,34.058409,1786372558776511607,,0,0,0,0,0,0,0,0,0,0,0,0,0,0,0,0,0,0,0
21101296280480,34.07854,1786372558796518496,,0,0,0,0,0,0,0,0,0,0,0,0,0,0,0,0,0,0,0
21101316260960,34.09852,1786372558816511339,,0,0,0,0,0,0,0,0,0,0,0,0,0,0,0,0,0,0,0
21101336328416,34.118588,1786372558836531684,,0,0,0,0,0,0,0,0,0,0,0,0,0,0,0,0,0,0,0
21101356331616,34.138591,1786372558856527819,,0,0,0,0,0,0,0,0,0,0,0,0,0,0,0,0,0,0,0
21101376359680,34.158619,1786372558876524240,,0,0,0,0,0,0,0,0,0,0,0,0,0,0,0,0,0,0,0
21101396286848,34.178546,1786372558896507613,,0,0,0,0,0,0,0,0,0,0,0,0,0,0,0,0,0,0,0
21101416275392,34.198535,1786372558916511304,,0,0,0,0,0,0,0,0,0,0,0,0,0,0,0,0,0,0,0
21101436249568,34.218509,1786372558936504282,,0,0,0,0,0,0,0,0,0,0,0,0,0,0,0,0,0,0,0
21101456296800,34.238556,1786372558956511391,,0,0,0,0,0,0,0,0,0,0,0,0,0,0,0,0,0,0,0
21101476165344,34.258425,1786372558976531315,,0,0,0,0,0,0,0,0,0,0,0,0,0,0,0,0,0,0,0
21101496365536,34.278625,1786372558996527515,,0,0,0,0,0,0,0,0,0,0,0,0,0,0,0,0,0,0,0
21101516274624,34.298534,1786372559016525206,,0,0,0,0,0,0,0,0,0,0,0,0,0,0,0,0,0,0,0
21101536347424,34.318607,1786372559036507632,,0,0,0,0,0,0,0,0,0,0,0,0,0,0,0,0,0,0,0
21101556262976,34.338522,1786372559056512162,,0,0,0,0,0,0,0,0,0,0,0,0,0,0,0,0,0,0,0
21101576393696,34.358653,1786372559076504588,,0,0,0,0,0,0,0,0,0,0,0,0,0,0,0,0,0,0,0
21101596236032,34.378495,1786372559096514172,,0,0,0,0,0,0,0,0,0,0,0,0,0,0,0,0,0,0,0
21101616346688,34.398606,1786372559116532237,,0,0,0,0,0,0,0,0,0,0,0,0,0,0,0,0,0,0,0
21101636285408,34.418545,1786372559136527949,,0,0,0,0,0,0,0,0,0,0,0,0,0,0,0,0,0,0,0
21101656355488,34.438615,1786372559156524658,,0,0,0,0,0,0,0,0,0,0,0,0,0,0,0,0,0,0,0
21101676186016,34.458445,1786372559176507306,,0,0,0,0,0,0,0,0,0,0,0,0,0,0,0,0,0,0,0
21101696305888,34.478565,1786372559196511550,,0,0,0,0,0,0,0,0,0,0,0,0,0,0,0,0,0,0,0
21101716273024,34.498532,1786372559216504692,,0,0,0,0,0,0,0,0,0,0,0,0,0,0,0,0,0,0,0
21101736259072,34.518518,1786372559236511020,,0,0,0,0,0,0,0,0,0,0,0,0,0,0,0,0,0,0,0
21101756319104,34.538578,1786372559256532783,,0,0,0,0,0,0,0,0,0,0,0,0,0,0,0,0,0,0,0
21101776308192,34.558567,1786372559276529030,,0,0,0,0,0,0,0,0,0,0,0,0,0,0,0,0,0,0,0
21101796277088,34.578536,1786372559296524889,,0,0,0,0,0,0,0,0,0,0,0,0,0,0,0,0,0,0,0
21101816319648,34.598579,1786372559316511745,,0,0,0,0,0,0,0,0,0,0,0,0,0,0,0,0,0,0,0
21101836258144,34.618517,1786372559336511156,,0,0,0,0,0,0,0,0,0,0,0,0,0,0,0,0,0,0,0
21101856212704,34.638472,1786372559356504527,,0,0,0,0,0,0,0,0,0,0,0,0,0,0,0,0,0,0,0
21101876130240,34.658389,1786372559376510968,,0,0,0,0,0,0,0,0,0,0,0,0,0,0,0,0,0,0,0
21101896328832,34.678588,1786372559396531332,,0,0,0,0,0,0,0,0,0,0,0,0,0,0,0,0,0,0,0
21101916263776,34.698523,1786372559416526224,,0,0,0,0,0,0,0,0,0,0,0,0,0,0,0,0,0,0,0
21101936261696,34.718521,1786372559436522894,,0,0,0,0,0,0,0,0,0,0,0,0,0,0,0,0,0,0,0
21101956233600,34.738493,1786372559456506002,,0,0,0,0,0,0,0,0,0,0,0,0,0,0,0,0,0,0,0
21101976281248,34.75854,1786372559476510646,,0,0,0,0,0,0,0,0,0,0,0,0,0,0,0,0,0,0,0
21101996259872,34.778519,1786372559496504814,,0,0,0,0,0,0,0,0,0,0,0,0,0,0,0,0,0,0,0
21102016242688,34.798502,1786372559516510970,,0,0,0,0,0,0,0,0,0,0,0,0,0,0,0,0,0,0,0
21102036232544,34.818492,1786372559536530817,,0,0,0,0,0,0,0,0,0,0,0,0,0,0,0,0,0,0,0
21102056276384,34.838536,1786372559556526327,,0,0,0,0,0,0,0,0,0,0,0,0,0,0,0,0,0,0,0
21102076127712,34.858387,1786372559576523566,,0,0,0,0,0,0,0,0,0,0,0,0,0,0,0,0,0,0,0
21102096276032,34.878535,1786372559596508357,,0,0,0,0,0,0,0,0,0,0,0,0,0,0,0,0,0,0,0
21102116244128,34.898503,1786372559616510663,,0,0,0,0,0,0,0,0,0,0,0,0,0,0,0,0,0,0,0
21102136258176,34.918517,1786372559636504178,,0,0,0,0,0,0,0,0,0,0,0,0,0,0,0,0,0,0,0
21102156271072,34.93853,1786372559656511088,,0,0,0,0,0,0,0,0,0,0,0,0,0,0,0,0,0,0,0
21102176328416,34.958588,1786372559676532754,,0,0,0,0,0,0,0,0,0,0,0,0,0,0,0,0,0,0,0
21102196283616,34.978543,1786372559696526406,,0,0,0,0,0,0,0,0,0,0,0,0,0,0,0,0,0,0,0
21102216256608,34.998516,1786372559716524143,,0,0,0,0,0,0,0,0,0,0,0,0,0,0,0,0,0,0,0
21102236224128,35.018483,1786372559736506783,,0,0,0,0,0,0,0,0,0,0,0,0,0,0,0,0,0,0,0
21102256264288,35.038523,1786372559756511781,,0,0,0,0,0,0,0,0,0,0,0,0,0,0,0,0,0,0,0
21102276219744,35.058479,1786372559776504424,,0,0,0,0,0,0,0,0,0,0,0,0,0,0,0,0,0,0,0
21102296278848,35.078538,1786372559796525518,,0,0,0,0,0,0,0,0,0,0,0,0,0,0,0,0,0,0,0
21102316258432,35.098518,1786372559816533583,,0,0,0,0,0,0,0,0,0,0,0,0,0,0,0,0,0,0,0
21102336257952,35.118517,1786372559836528343,,0,0,0,0,0,0,0,0,0,0,0,0,0,0,0,0,0,0,0
21102356293440,35.138553,1786372559856525602,,0,0,0,0,0,0,0,0,0,0,0,0,0,0,0,0,0,0,0
21102376246304,35.158506,1786372559876507154,,0,0,0,0,0,0,0,0,0,0,0,0,0,0,0,0,0,0,0
21102396249568,35.178509,1786372559896512268,,0,0,0,0,0,0,0,0,0,0,0,0,0,0,0,0,0,0,0
21102416233728,35.198493,1786372559916518056,,0,0,0,0,0,0,0,0,0,0,0,0,0,0,0,0,0,0,0
21102436233568,35.218493,1786372559936511643,,0,0,0,0,0,0,0,0,0,0,0,0,0,0,0,0,0,0,0
21102456270784,35.23853,1786372559956531676,,0,0,0,0,0,0,0,0,0,0,0,0,0,0,0,0,0,0,0
21102476101344,35.258361,1786372559976527669,,0,0,0,0,0,0,0,0,0,0,0,0,0,0,0,0,0,0,0
21102496261728,35.278521,1786372559996523124,,0,0,0,0,0,0,0,0,0,0,0,0,0,0,0,0,0,0,0
21102516186208,35.298445,1786372560016521031,,0,0,0,0,0,0,0,0,0,0,0,0,0,0,0,0,0,0,0
21102536263584,35.318523,1786372560036512677,,0,0,0,0,0,0,0,0,0,0,0,0,0,0,0,0,0,0,0
21102556266080,35.338525,1786372560056505456,,0,0,0,0,0,0,0,0,0,0,0,0,0,0,0,0,0,0,0
21102576222976,35.358482,1786372560076512109,,0,0,0,0,0,0,0,0,0,0,0,0,0,0,0,0,0,0,0
21102596255968,35.378515,1786372560096535328,,0,0,0,0,0,0,0,0,0,0,0,0,0,0,0,0,0,0,0
21102616236896,35.398496,1786372560116527409,,0,0,0,0,0,0,0,0,0,0,0,0,0,0,0,0,0,0,0
21102636246368,35.418506,1786372560136524109,,0,0,0,0,0,0,0,0,0,0,0,0,0,0,0,0,0,0,0
21102656245056,35.438504,1786372560156507446,,0,0,0,0,0,0,0,0,0,0,0,0,0,0,0,0,0,0,0
21102676131680,35.458391,1786372560176511579,,0,0,0,0,0,0,0,0,0,0,0,0,0,0,0,0,0,0,0
21102696202720,35.478462,1786372560196505203,,0,0,0,0,0,0,0,0,0,0,0,0,0,0,0,0,0,0,0
21102716281120,35.49854,1786372560216512685,,0,0,0,0,0,0,0,0,0,0,0,0,0,0,0,0,0,0,0
21102736305344,35.518565,1786372560236532472,,0,0,0,0,0,0,0,0,0,0,0,0,0,0,0,0,0,0,0
21102756277376,35.538537,1786372560256527048,,0,0,0,0,0,0,0,0,0,0,0,0,0,0,0,0,0,0,0
21102776344576,35.558604,1786372560276524564,,0,0,0,0,0,0,0,0,0,0,0,0,0,0,0,0,0,0,0
21102796219104,35.578478,1786372560296507347,,0,0,0,0,0,0,0,0,0,0,0,0,0,0,0,0,0,0,0
21102816225344,35.598485,1786372560316511617,,0,0,0,0,0,0,0,0,0,0,0,0,0,0,0,0,0,0,0
21102836223072,35.618482,1786372560336504922,,0,0,0,0,0,0,0,0,0,0,0,0,0,0,0,0,0,0,0
21102856242464,35.638502,1786372560356511526,,0,0,0,0,0,0,0,0,0,0,0,0,0,0,0,0,0,0,0
21102876074048,35.658333,1786372560376532308,,0,0,0,0,0,0,0,0,0,0,0,0,0,0,0,0,0,0,0
21102896320512,35.67858,1786372560396528334,,0,0,0,0,0,0,0,0,0,0,0,0,0,0,0,0,0,0,0
21102916247392,35.698507,1786372560416525232,,0,0,0,0,0,0,0,0,0,0,0,0,0,0,0,0,0,0,0
21102936211488,35.718471,1786372560436506507,,0,0,0,0,0,0,0,0,0,0,0,0,0,0,0,0,0,0,0
21102956203360,35.738463,1786372560456512408,,0,0,0,0,0,0,0,0,0,0,0,0,0,0,0,0,0,0,0
21102976188640,35.758448,1786372560476503937,,0,0,0,0,0,0,0,0,0,0,0,0,0,0,0,0,0,0,0
21102996206784,35.778466,1786372560496512056,,0,0,0,0,0,0,0,0,0,0,0,0,0,0,0,0,0,0,0
21103016184832,35.798444,1786372560516531876,,0,0,0,0,0,0,0,0,0,0,0,0,0,0,0,0,0,0,0
21103036214976,35.818474,1786372560536526939,,0,0,0,0,0,0,0,0,0,0,0,0,0,0,0,0,0,0,0
21103056182048,35.838441,1786372560556538191,,0,0,0,0,0,0,0,0,0,0,0,0,0,0,0,0,0,0,0
21103076127584,35.858387,1786372560576506973,,0,0,0,0,0,0,0,0,0,0,0,0,0,0,0,0,0,0,0
21103096257344,35.878517,1786372560596513994,,0,0,0,0,0,0,0,0,0,0,0,0,0,0,0,0,0,0,0
21103116167680,35.898427,1786372560616504349,,0,0,0,0,0,0,0,0,0,0,0,0,0,0,0,0,0,0,0
21103136202208,35.918461,1786372560636511857,,0,0,0,0,0,0,0,0,0,0,0,0,0,0,0,0,0,0,0
21103156290464,35.93855,1786372560656533285,,0,0,0,0,0,0,0,0,0,0,0,0,0,0,0,0,0,0,0
21103176203008,35.958462,1786372560676528530,,0,0,0,0,0,0,0,0,0,0,0,0,0,0,0,0,0,0,0
21103196180448,35.97844,1786372560696523766,,0,0,0,0,0,0,0,0,0,0,0,0,0,0,0,0,0,0,0
21103216169696,35.998429,1786372560716506600,,0,0,0,0,0,0,0,0,0,0,0,0,0,0,0,0,0,0,0
21103236229376,36.018489,1786372560736510516,,0,0,0,0,0,0,0,0,0,0,0,0,0,0,0,0,0,0,0
21103256171808,36.038431,1786372560756505077,,0,0,0,0,0,0,0,0,0,0,0,0,0,0,0,0,0,0,0
21103276077920,36.058337,1786372560776511908,,0,0,0,0,0,0,0,0,0,0,0,0,0,0,0,0,0,0,0
21103296184672,36.078444,1786372560796531450,,0,0,0,0,0,0,0,0,0,0,0,0,0,0,0,0,0,0,0
21103316210560,36.09847,1786372560816526991,,0,0,0,0,0,0,0,0,0,0,0,0,0,0,0,0,0,0,0
21103336247520,36.118507,1786372560836523364,,0,0,0,0,0,0,0,0,0,0,0,0,0,0,0,0,0,0,0
21103356191840,36.138451,1786372560856507714,,0,0,0,0,0,0,0,0,0,0,0,0,0,0,0,0,0,0,0
21103376202784,36.158462,1786372560876511003,,0,0,0,0,0,0,0,0,0,0,0,0,0,0,0,0,0,0,0
21103396176288,36.178435,1786372560896504900,,0,0,0,0,0,0,0,0,0,0,0,0,0,0,0,0,0,0,0
21103416192000,36.198451,1786372560916511742,,0,0,0,0,0,0,0,0,0,0,0,0,0,0,0,0,0,0,0
21103436213696,36.218473,1786372560936531745,,0,0,0,0,0,0,0,0,0,0,0,0,0,0,0,0,0,0,0
21103456193792,36.238453,1786372560956527261,,0,0,0,0,0,0,0,0,0,0,0,0,0,0,0,0,0,0,0
21103476144352,36.258404,1786372560976538947,,0,0,0,0,0,0,0,0,0,0,0,0,0,0,0,0,0,0,0
21103496164256,36.278423,1786372560996507187,,0,0,0,0,0,0,0,0,0,0,0,0,0,0,0,0,0,0,0
21103516256896,36.298516,1786372561016511773,,0,0,0,0,0,0,0,0,0,0,0,0,0,0,0,0,0,0,0
21103536174272,36.318433,1786372561036505440,,0,0,0,0,0,0,0,0,0,0,0,0,0,0,0,0,0,0,0
21103556154720,36.338414,1786372561056511545,,0,0,0,0,0,0,0,0,0,0,0,0,0,0,0,0,0,0,0
21103576179776,36.358439,1786372561076532531,,0,0,0,0,0,0,0,0,0,0,0,0,0,0,0,0,0,0,0
21103596217536,36.378477,1786372561096530842,,0,0,0,0,0,0,0,0,0,0,0,0,0,0,0,0,0,0,0
21103616211744,36.398471,1786372561116523068,,0,0,0,0,0,0,0,0,0,0,0,0,0,0,0,0,0,0,0
21103636143392,36.418403,1786372561136506861,,0,0,0,0,0,0,0,0,0,0,0,0,0,0,0,0,0,0,0
21103656154976,36.438414,1786372561156511713,,0,0,0,0,0,0,0,0,0,0,0,0,0,0,0,0,0,0,0
21103676061856,36.458321,1786372561176505379,,0,0,0,0,0,0,0,0,0,0,0,0,0,0,0,0,0,0,0
21103696164288,36.478423,1786372561196515826,,0,0,0,0,0,0,0,0,0,0,0,0,0,0,0,0,0,0,0
21103716224224,36.498483,1786372561216532756,,0,0,0,0,0,0,0,0,0,0,0,0,0,0,0,0,0,0,0
21103736199136,36.518458,1786372561236527629,,0,0,0,0,0,0,0,0,0,0,0,0,0,0,0,0,0,0,0
21103756163552,36.538423,1786372561256524330,,0,0,0,0,0,0,0,0,0,0,0,0,0,0,0,0,0,0,0
21103776177568,36.558437,1786372561276506310,,0,0,0,0,0,0,0,0,0,0,0,0,0,0,0,0,0,0,0
21103796136896,36.578396,1786372561296511720,,0,0,0,0,0,0,0,0,0,0,0,0,0,0,0,0,0,0,0
21103816127968,36.598387,1786372561316503878,,0,0,0,0,0,0,0,0,0,0,0,0,0,0,0,0,0,0,0
21103836162528,36.618422,1786372561336511640,,0,0,0,0,0,0,0,0,0,0,0,0,0,0,0,0,0,0,0
21103856184448,36.638444,1786372561356531435,,0,0,0,0,0,0,0,0,0,0,0,0,0,0,0,0,0,0,0
21103876086720,36.658346,1786372561376527466,,0,0,0,0,0,0,0,0,0,0,0,0,0,0,0,0,0,0,0
21103896177216,36.678436,1786372561396523752,,0,0,0,0,0,0,0,0,0,0,0,0,0,0,0,0,0,0,0
21103916130176,36.698389,1786372561416506733,,0,0,0,0,0,0,0,0,0,0,0,0,0,0,0,0,0,0,0
21103936171776,36.718431,1786372561436512433,,0,0,0,0,0,0,0,0,0,0,0,0,0,0,0,0,0,0,0
21103956134816,36.738394,1786372561456504699,,0,0,0,0,0,0,0,0,0,0,0,0,0,0,0,0,0,0,0
21103976185472,36.758445,1786372561476511727,,0,0,0,0,0,0,0,0,0,0,0,0,0,0,0,0,0,0,0
21103996150144,36.778409,1786372561496531588,,0,0,0,0,0,0,0,0,0,0,0,0,0,0,0,0,0,0,0
21104016173696,36.798433,1786372561516527844,,0,0,0,0,0,0,0,0,0,0,0,0,0,0,0,0,0,0,0
21104036157216,36.818416,1786372561536523263,,0,0,0,0,0,0,0,0,0,0,0,0,0,0,0,0,0,0,0
21104056161408,36.838421,1786372561556506815,,0,0,0,0,0,0,0,0,0,0,0,0,0,0,0,0,0,0,0
21104076066656,36.858326,1786372561576511265,,0,0,0,0,0,0,0,0,0,0,0,0,0,0,0,0,0,0,0
21104096178464,36.878438,1786372561596506838,,0,0,0,0,0,0,0,0,0,0,0,0,0,0,0,0,0,0,0
21104116133856,36.898393,1786372561616512006,,0,0,0,0,0,0,0,0,0,0,0,0,0,0,0,0,0,0,0
21104136179520,36.918439,1786372561636531219,,0,0,0,0,0,0,0,0,0,0,0,0,0,0,0,0,0,0,0
21104156139296,36.938398,1786372561656527807,,0,0,0,0,0,0,0,0,0,0,0,0,0,0,0,0,0,0,0
21104176132288,36.958391,1786372561676524366,,0,0,0,0,0,0,0,0,0,0,0,0,0,0,0,0,0,0,0
21104196120576,36.97838,1786372561696507718,,0,0,0,0,0,0,0,0,0,0,0,0,0,0,0,0,0,0,0
21104216132480,36.998392,1786372561716511881,,0,0,0,0,0,0,0,0,0,0,0,0,0,0,0,0,0,0,0
21104236154432,37.018414,1786372561736504363,,0,0,0,0,0,0,0,0,0,0,0,0,0,0,0,0,0,0,0
21104256123040,37.038382,1786372561756511126,,0,0,0,0,0,0,0,0,0,0,0,0,0,0,0,0,0,0,0
21104276108992,37.058368,1786372561776530865,,0,0,0,0,0,0,0,0,0,0,0,0,0,0,0,0,0,0,0
21104296200288,37.078459,1786372561796528089,,0,0,0,0,0,0,0,0,0,0,0,0,0,0,0,0,0,0,0
21104316116128,37.098375,1786372561816525679,,0,0,0,0,0,0,0,0,0,0,0,0,0,0,0,0,0,0,0
21104336143232,37.118402,1786372561836506216,,0,0,0,0,0,0,0,0,0,0,0,0,0,0,0,0,0,0,0
21104356135680,37.138395,1786372561856511000,,0,0,0,0,0,0,0,0,0,0,0,0,0,0,0,0,0,0,0
21104376111968,37.158371,1786372561876504169,,0,0,0,0,0,0,0,0,0,0,0,0,0,0,0,0,0,0,0
21104396122592,37.178382,1786372561896510710,,0,0,0,0,0,0,0,0,0,0,0,0,0,0,0,0,0,0,0
21104416160992,37.19842,1786372561916530919,,0,0,0,0,0,0,0,0,0,0,0,0,0,0,0,0,0,0,0
21104436167040,37.218426,1786372561936526725,,0,0,0,0,0,0,0,0,0,0,0,0,0,0,0,0,0,0,0
21104456137248,37.238396,1786372561956523889,,0,0,0,0,0,0,0,0,0,0,0,0,0,0,0,0,0,0,0
21104476002400,37.258262,1786372561976506865,,0,0,0,0,0,0,0,0,0,0,0,0,0,0,0,0,0,0,0
21104496163776,37.278423,1786372561996511220,,0,0,0,0,0,0,0,0,0,0,0,0,0,0,0,0,0,0,0
21104516127872,37.298387,1786372562016504135,,0,0,0,0,0,0,0,0,0,0,0,0,0,0,0,0,0,0,0
21104536142464,37.318402,1786372562036511304,,0,0,0,0,0,0,0,0,0,0,0,0,0,0,0,0,0,0,0
21104556139744,37.338399,1786372562056532633,,0,0,0,0,0,0,0,0,0,0,0,0,0,0,0,0,0,0,0
21104576159904,37.358419,1786372562076527316,,0,0,0,0,0,0,0,0,0,0,0,0,0,0,0,0,0,0,0
21104596208768,37.378468,1786372562096526856,,0,0,0,0,0,0,0,0,0,0,0,0,0,0,0,0,0,0,0
21104616152384,37.398412,1786372562116506786,,0,0,0,0,0,0,0,0,0,0,0,0,0,0,0,0,0,0,0
21104636130240,37.418389,1786372562136511738,,0,0,0,0,0,0,0,0,0,0,0,0,0,0,0,0,0,0,0
21104656143296,37.438402,1786372562156519323,,0,0,0,0,0,0,0,0,0,0,0,0,0,0,0,0,0,0,0
21104675995296,37.458254,1786372562176511990,,0,0,0,0,0,0,0,0,0,0,0,0,0,0,0,0,0,0,0
21104696195840,37.478455,1786372562196532653,,0,0,0,0,0,0,0,0,0,0,0,0,0,0,0,0,0,0,0
21104716148128,37.498407,1786372562216527480,,0,0,0,0,0,0,0,0,0,0,0,0,0,0,0,0,0,0,0
21104736198176,37.518457,1786372562236522898,,0,0,0,0,0,0,0,0,0,0,0,0,0,0,0,0,0,0,0
21104756117088,37.538376,1786372562256507557,,0,0,0,0,0,0,0,0,0,0,0,0,0,0,0,0,0,0,0
21104776146208,37.558405,1786372562276511379,,0,0,0,0,0,0,0,0,0,0,0,0,0,0,0,0,0,0,0
21104796097248,37.578356,1786372562296519955,,0,0,0,0,0,0,0,0,0,0,0,0,0,0,0,0,0,0,0
21104816102272,37.598361,1786372562316511277,,0,0,0,0,0,0,0,0,0,0,0,0,0,0,0,0,0,0,0
21104836144832,37.618404,1786372562336532361,,0,0,0,0,0,0,0,0,0,0,0,0,0,0,0,0,0,0,0
21104856120960,37.63838,1786372562356529066,,0,0,0,0,0,0,0,0,0,0,0,0,0,0,0,0,0,0,0
21104876077792,37.658337,1786372562376523295,,0,0,0,0,0,0,0,0,0,0,0,0,0,0,0,0,0,0,0
21104896074272,37.678333,1786372562396507201,,0,0,0,0,0,0,0,0,0,0,0,0,0,0,0,0,0,0,0
21104916112736,37.698372,1786372562416511735,,0,0,0,0,0,0,0,0,0,0,0,0,0,0,0,0,0,0,0
21104936114112,37.718373,1786372562436504014,,0,0,0,0,0,0,0,0,0,0,0,0,0,0,0,0,0,0,0
21104956127872,37.738387,1786372562456511580,,0,0,0,0,0,0,0,0,0,0,0,0,0,0,0,0,0,0,0
21104976143296,37.758402,1786372562476531698,,0,0,0,0,0,0,0,0,0,0,0,0,0,0,0,0,0,0,0
21104996118464,37.778378,1786372562496526956,,0,0,0,0,0,0,0,0,0,0,0,0,0,0,0,0,0,0,0
21105016114976,37.798374,1786372562516523676,,0,0,0,0,0,0,0,0,0,0,0,0,0,0,0,0,0,0,0
21105036115200,37.818374,1786372562536507909,,0,0,0,0,0,0,0,0,0,0,0,0,0,0,0,0,0,0,0
21105056072736,37.838332,1786372562556512169,,0,0,0,0,0,0,0,0,0,0,0,0,0,0,0,0,0,0,0
21105076008352,37.858268,1786372562576503846,,0,0,0,0,0,0,0,0,0,0,0,0,0,0,0,0,0,0,0
21105096101376,37.878361,1786372562596516172,,0,0,0,0,0,0,0,0,0,0,0,0,0,0,0,0,0,0,0
21105116102016,37.898361,1786372562616531250,,0,0,0,0,0,0,0,0,0,0,0,0,0,0,0,0,0,0,0
21105136110400,37.91837,1786372562636528025,,0,0,0,0,0,0,0,0,0,0,0,0,0,0,0,0,0,0,0
21105156098048,37.938357,1786372562656523495,,0,0,0,0,0,0,0,0,0,0,0,0,0,0,0,0,0,0,0
21105176107808,37.958367,1786372562676506616,,0,0,0,0,0,0,0,0,0,0,0,0,0,0,0,0,0,0,0
21105196112704,37.978372,1786372562696511574,,0,0,0,0,0,0,0,0,0,0,0,0,0,0,0,0,0,0,0
21105216093216,37.998352,1786372562716505032,,0,0,0,0,0,0,0,0,0,0,0,0,0,0,0,0,0,0,0
21105236078112,38.018337,1786372562736512217,,0,0,0,0,0,0,0,0,0,0,0,0,0,0,0,0,0,0,0
21105256100320,38.03836,1786372562756532638,,0,0,0,0,0,0,0,0,0,0,0,0,0,0,0,0,0,0,0
21105276095872,38.058355,1786372562776527035,,0,0,0,0,0,0,0,0,0,0,0,0,0,0,0,0,0,0,0
21105296167712,38.078427,1786372562796524542,,0,0,0,0,0,0,0,0,0,0,0,0,0,0,0,0,0,0,0
21105316081952,38.098341,1786372562816506775,,0,0,0,0,0,0,0,0,0,0,0,0,0,0,0,0,0,0,0
21105336067968,38.118327,1786372562836511974,,0,0,0,0,0,0,0,0,0,0,0,0,0,0,0,0,0,0,0
21105356064512,38.138324,1786372562856504663,,0,0,0,0,0,0,0,0,0,0,0,0,0,0,0,0,0,0,0
21105376074240,38.158333,1786372562876510744,,0,0,0,0,0,0,0,0,0,0,0,0,0,0,0,0,0,0,0
21105396112192,38.178371,1786372562896532546,,0,0,0,0,0,0,0,0,0,0,0,0,0,0,0,0,0,0,0
21105416096416,38.198356,1786372562916527199,,0,0,0,0,0,0,0,0,0,0,0,0,0,0,0,0,0,0,0
21105436099872,38.218359,1786372562936523018,,0,0,0,0,0,0,0,0,0,0,0,0,0,0,0,0,0,0,0
21105456066592,38.238326,1786372562956506585,,0,0,0,0,0,0,0,0,0,0,0,0,0,0,0,0,0,0,0
21105476026656,38.258286,1786372562976512079,,0,0,0,0,0,0,0,0,0,0,0,0,0,0,0,0,0,0,0
21105496097952,38.278357,1786372562996504701,,0,0,0,0,0,0,0,0,0,0,0,0,0,0,0,0,0,0,0
21105516062784,38.298322,1786372563016511208,,0,0,0,0,0,0,0,0,0,0,0,0,0,0,0,0,0,0,0
21105536100992,38.31836,1786372563036531944,,0,0,0,0,0,0,0,0,0,0,0,0,0,0,0,0,0,0,0
21105556071072,38.33833,1786372563056527399,,0,0,0,0,0,0,0,0,0,0,0,0,0,0,0,0,0,0,0
21105576100768,38.35836,1786372563076524752,,0,0,0,0,0,0,0,0,0,0,0,0,0,0,0,0,0,0,0
21105596078016,38.378337,1786372563096508888,,0,0,0,0,0,0,0,0,0,0,0,0,0,0,0,0,0,0,0
21105616062976,38.398322,1786372563116511661,,0,0,0,0,0,0,0,0,0,0,0,0,0,0,0,0,0,0,0
21105636049504,38.418309,1786372563136504458,,0,0,0,0,0,0,0,0,0,0,0,0,0,0,0,0,0,0,0
21105656071680,38.438331,1786372563156512178,,0,0,0,0,0,0,0,0,0,0,0,0,0,0,0,0,0,0,0
21105676000064,38.458259,1786372563176532380,,0,0,0,0,0,0,0,0,0,0,0,0,0,0,0,0,0,0,0
21105696098400,38.478358,1786372563196526731,,0,0,0,0,0,0,0,0,0,0,0,0,0,0,0,0,0,0,0
21105716070656,38.49833,1786372563216524038,,0,0,0,0,0,0,0,0,0,0,0,0,0,0,0,0,0,0,0
21105736081280,38.51834,1786372563236507311,,0,0,0,0,0,0,0,0,0,0,0,0,0,0,0,0,0,0,0
21105756032320,38.538292,1786372563256511761,,0,0,0,0,0,0,0,0,0,0,0,0,0,0,0,0,0,0,0
21105776136224,38.558395,1786372563276504443,,0,0,0,0,0,0,0,0,0,0,0,0,0,0,0,0,0,0,0
21105796057472,38.578317,1786372563296511235,,0,0,0,0,0,0,0,0,0,0,0,0,0,0,0,0,0,0,0
21105816092992,38.598352,1786372563316531236,,0,0,0,0,0,0,0,0,0,0,0,0,0,0,0,0,0,0,0
21105836091616,38.618351,1786372563336527114,,0,0,0,0,0,0,0,0,0,0,0,0,0,0,0,0,0,0,0
21105856097024,38.638356,1786372563356523880,,0,0,0,0,0,0,0,0,0,0,0,0,0,0,0,0,0,0,0
21105876010688,38.65827,1786372563376507035,,0,0,0,0,0,0,0,0,0,0,0,0,0,0,0,0,0,0,0
21105896089056,38.678348,1786372563396511610,,0,0,0,0,0,0,0,0,0,0,0,0,0,0,0,0,0,0,0
21105916045984,38.698305,1786372563416504839,,0,0,0,0,0,0,0,0,0,0,0,0,0,0,0,0,0,0,0
21105936101696,38.718361,1786372563436511634,,0,0,0,0,0,0,0,0,0,0,0,0,0,0,0,0,0,0,0
21105956105760,38.738365,1786372563456532847,,0,0,0,0,0,0,0,0,0,0,0,0,0,0,0,0,0,0,0
21105976105344,38.758365,1786372563476527035,,0,0,0,0,0,0,0,0,0,0,0,0,0,0,0,0,0,0,0
21105996093664,38.778353,1786372563496523991,,0,0,0,0,0,0,0,0,0,0,0,0,0,0,0,0,0,0,0
21106016078336,38.798338,1786372563516507402,,0,0,0,0,0,0,0,0,0,0,0,0,0,0,0,0,0,0,0
21106036113344,38.818373,1786372563536510432,,0,0,0,0,0,0,0,0,0,0,0,0,0,0,0,0,0,0,0
21106056066656,38.838326,1786372563556503824,,0,0,0,0,0,0,0,0,0,0,0,0,0,0,0,0,0,0,0
21106075923904,38.858183,1786372563576510811,,0,0,0,0,0,0,0,0,0,0,0,0,0,0,0,0,0,0,0
21106096130912,38.87839,1786372563596533844,,0,0,0,0,0,0,0,0,0,0,0,0,0,0,0,0,0,0,0
21106116058560,38.898318,1786372563616527075,,0,0,0,0,0,0,0,0,0,0,0,0,0,0,0,0,0,0,0
21106136041824,38.918301,1786372563636525520,,0,0,0,0,0,0,0,0,0,0,0,0,0,0,0,0,0,0,0
21106156033312,38.938293,1786372563656507187,,0,0,0,0,0,0,0,0,0,0,0,0,0,0,0,0,0,0,0
21106176068096,38.958327,1786372563676511638,,0,0,0,0,0,0,0,0,0,0,0,0,0,0,0,0,0,0,0
21106196082400,38.978342,1786372563696503818,,0,0,0,0,0,0,0,0,0,0,0,0,0,0,0,0,0,0,0
21106216052064,38.998311,1786372563716509582,,0,0,0,0,0,0,0,0,0,0,0,0,0,0,0,0,0,0,0
21106236062912,39.018322,1786372563736531477,,0,0,0,0,0,0,0,0,0,0,0,0,0,0,0,0,0,0,0
21106256076800,39.038336,1786372563756527389,,0,0,0,0,0,0,0,0,0,0,0,0,0,0,0,0,0,0,0
21106276040736,39.0583,1786372563776523932,,0,0,0,0,0,0,0,0,0,0,0,0,0,0,0,0,0,0,0
21106296048864,39.078308,1786372563796506204,,0,0,0,0,0,0,0,0,0,0,0,0,0,0,0,0,0,0,0
21106316031008,39.09829,1786372563816510767,,0,0,0,0,0,0,0,0,0,0,0,0,0,0,0,0,0,0,0
21106336069664,39.118329,1786372563836503222,,0,0,0,0,0,0,0,0,0,0,0,0,0,0,0,0,0,0,0
21106356033600,39.138293,1786372563856512175,,0,0,0,0,0,0,0,0,0,0,0,0,0,0,0,0,0,0,0
21106376104128,39.158363,1786372563876530201,,0,0,0,0,0,0,0,0,0,0,0,0,0,0,0,0,0,0,0
21106396081632,39.178341,1786372563896526022,,0,0,0,0,0,0,0,0,0,0,0,0,0,0,0,0,0,0,0
21106416049024,39.198308,1786372563916522407,,0,0,0,0,0,0,0,0,0,0,0,0,0,0,0,0,0,0,0
21106436041312,39.218301,1786372563936506789,,0,0,0,0,0,0,0,0,0,0,0,0,0,0,0,0,0,0,0
21106456042144,39.238301,1786372563956511639,,0,0,0,0,0,0,0,0,0,0,0,0,0,0,0,0,0,0,0
21106475953024,39.258212,1786372563976504447,,0,0,0,0,0,0,0,0,0,0,0,0,0,0,0,0,0,0,0
21106496042848,39.278302,1786372563996510092,,0,0,0,0,0,0,0,0,0,0,0,0,0,0,0,0,0,0,0
21106516040544,39.2983,1786372564016531702,,0,0,0,0,0,0,0,0,0,0,0,0,0,0,0,0,0,0,0
21106536043488,39.318303,1786372564036526893,,0,0,0,0,0,0,0,0,0,0,0,0,0,0,0,0,0,0,0
21106556034848,39.338294,1786372564056523769,,0,0,0,0,0,0,0,0,0,0,0,0,0,0,0,0,0,0,0
21106576055552,39.358315,1786372564076507502,,0,0,0,0,0,0,0,0,0,0,0,0,0,0,0,0,0,0,0
21106596047264,39.378306,1786372564096513527,,0,0,0,0,0,0,0,0,0,0,0,0,0,0,0,0,0,0,0
21106616001440,39.398261,1786372564116504471,,0,0,0,0,0,0,0,0,0,0,0,0,0,0,0,0,0,0,0
21106636021664,39.418281,1786372564136511261,,0,0,0,0,0,0,0,0,0,0,0,0,0,0,0,0,0,0,0
21106656070208,39.438329,1786372564156531150,,0,0,0,0,0,0,0,0,0,0,0,0,0,0,0,0,0,0,0
21106675896992,39.458156,1786372564176528729,,0,0,0,0,0,0,0,0,0,0,0,0,0,0,0,0,0,0,0
21106696045344,39.478305,1786372564196523461,,0,0,0,0,0,0,0,0,0,0,0,0,0,0,0,0,0,0,0
21106716012224,39.498271,1786372564216506940,,0,0,0,0,0,0,0,0,0,0,0,0,0,0,0,0,0,0,0
21106736029536,39.518289,1786372564236511711,,0,0,0,0,0,0,0,0,0,0,0,0,0,0,0,0,0,0,0
21106756028896,39.538288,1786372564256504359,,0,0,0,0,0,0,0,0,0,0,0,0,0,0,0,0,0,0,0
21106776023456,39.558283,1786372564276511120,,0,0,0,0,0,0,0,0,0,0,0,0,0,0,0,0,0,0,0
21106796028640,39.578288,1786372564296532177,,0,0,0,0,0,0,0,0,0,0,0,0,0,0,0,0,0,0,0
21106816026656,39.598286,1786372564316528674,,0,0,0,0,0,0,0,0,0,0,0,0,0,0,0,0,0,0,0
21106836031360,39.618291,1786372564336523723,,0,0,0,0,0,0,0,0,0,0,0,0,0,0,0,0,0,0,0
21106856028192,39.638287,1786372564356506296,,0,0,0,0,0,0,0,0,0,0,0,0,0,0,0,0,0,0,0
21106875938912,39.658198,1786372564376511960,,0,0,0,0,0,0,0,0,0,0,0,0,0,0,0,0,0,0,0
21106896018144,39.678277,1786372564396505325,,0,0,0,0,0,0,0,0,0,0,0,0,0,0,0,0,0,0,0
21106916014656,39.698274,1786372564416511647,,0,0,0,0,0,0,0,0,0,0,0,0,0,0,0,0,0,0,0
21106936151424,39.718411,1786372564436531408,,0,0,0,0,0,0,0,0,0,0,0,0,0,0,0,0,0,0,0
21106956023232,39.738282,1786372564456528443,,0,0,0,0,0,0,0,0,0,0,0,0,0,0,0,0,0,0,0
21106976119808,39.758379,1786372564476522842,,0,0,0,0,0,0,0,0,0,0,0,0,0,0,0,0,0,0,0
21106996004640,39.778264,1786372564496507248,,0,0,0,0,0,0,0,0,0,0,0,0,0,0,0,0,0,0,0
21107016030784,39.79829,1786372564516512099,,0,0,0,0,0,0,0,0,0,0,0,0,0,0,0,0,0,0,0
21107036007712,39.818267,1786372564536504352,,0,0,0,0,0,0,0,0,0,0,0,0,0,0,0,0,0,0,0
21107056059232,39.838318,1786372564556511084,,0,0,0,0,0,0,0,0,0,0,0,0,0,0,0,0,0,0,0
21107075934720,39.858194,1786372564576530981,,0,0,0,0,0,0,0,0,0,0,0,0,0,0,0,0,0,0,0
21107096050528,39.87831,1786372564596529699,,0,0,0,0,0,0,0,0,0,0,0,0,0,0,0,0,0,0,0
21107116000608,39.89826,1786372564616523920,,0,0,0,0,0,0,0,0,0,0,0,0,0,0,0,0,0,0,0
21107136011776,39.918271,1786372564636507166,,0,0,0,0,0,0,0,0,0,0,0,0,0,0,0,0,0,0,0
21107155999744,39.938259,1786372564656510839,,0,0,0,0,0,0,0,0,0,0,0,0,0,0,0,0,0,0,0
21107176039200,39.958298,1786372564676505045,,0,0,0,0,0,0,0,0,0,0,0,0,0,0,0,0,0,0,0
21107195979840,39.978239,1786372564696510644,,0,0,0,0,0,0,0,0,0,0,0,0,0,0,0,0,0,0,0
21107216035392,39.998295,1786372564716531900,,0,0,0,0,0,0,0,0,0,0,0,0,0,0,0,0,0,0,0
21107236021088,40.01828,1786372564736527219,,0,0,0,0,0,0,0,0,0,0,0,0,0,0,0,0,0,0,0
21107256014848,40.038274,1786372564756523948,,0,0,0,0,0,0,0,0,0,0,0,0,0,0,0,0,0,0,0
21107275916384,40.058176,1786372564776507439,,0,0,0,0,0,0,0,0,0,0,0,0,0,0,0,0,0,0,0
21107295978496,40.078238,1786372564796511151,,0,0,0,0,0,0,0,0,0,0,0,0,0,0,0,0,0,0,0
21107315990848,40.09825,1786372564816504782,,0,0,0,0,0,0,0,0,0,0,0,0,0,0,0,0,0,0,0
21107336023104,40.118282,1786372564836510014,,0,0,0,0,0,0,0,0,0,0,0,0,0,0,0,0,0,0,0
21107356030144,40.138289,1786372564856532548,,0,0,0,0,0,0,0,0,0,0,0,0,0,0,0,0,0,0,0
21107376033152,40.158292,1786372564876528807,,0,0,0,0,0,0,0,0,0,0,0,0,0,0,0,0,0,0,0
21107395991776,40.178251,1786372564896537037,,0,0,0,0,0,0,0,0,0,0,0,0,0,0,0,0,0,0,0
21107415978336,40.198238,1786372564916506517,,0,0,0,0,0,0,0,0,0,0,0,0,0,0,0,0,0,0,0
21107436023712,40.218283,1786372564936510395,,0,0,0,0,0,0,0,0,0,0,0,0,0,0,0,0,0,0,0
21107455986880,40.238246,1786372564956504319,,0,0,0,0,0,0,0,0,0,0,0,0,0,0,0,0,0,0,0
21107475859936,40.258119,1786372564976510509,,0,0,0,0,0,0,0,0,0,0,0,0,0,0,0,0,0,0,0
21107495990080,40.278249,1786372564996531464,,0,0,0,0,0,0,0,0,0,0,0,0,0,0,0,0,0,0,0
21107516018880,40.298278,1786372565016527281,,0,0,0,0,0,0,0,0,0,0,0,0,0,0,0,0,0,0,0
21107535994848,40.318254,1786372565036524069,,0,0,0,0,0,0,0,0,0,0,0,0,0,0,0,0,0,0,0
21107555983680,40.338243,1786372565056507168,,0,0,0,0,0,0,0,0,0,0,0,0,0,0,0,0,0,0,0
21107575994048,40.358253,1786372565076511183,,0,0,0,0,0,0,0,0,0,0,0,0,0,0,0,0,0,0,0
21107595960736,40.37822,1786372565096506411,,0,0,0,0,0,0,0,0,0,0,0,0,0,0,0,0,0,0,0
21107615987008,40.398246,1786372565116511170,,0,0,0,0,0,0,0,0,0,0,0,0,0,0,0,0,0,0,0
21107636045344,40.418305,1786372565136532029,,0,0,0,0,0,0,0,0,0,0,0,0,0,0,0,0,0,0,0
21107655993952,40.438253,1786372565156528044,,0,0,0,0,0,0,0,0,0,0,0,0,0,0,0,0,0,0,0
21107675862912,40.458122,1786372565176524629,,0,0,0,0,0,0,0,0,0,0,0,0,0,0,0,0,0,0,0
21107696136960,40.478396,1786372565196506266,,0,0,0,0,0,0,0,0,0,0,0,0,0,0,0,0,0,0,0
21107715990272,40.498249,1786372565216512232,,0,0,0,0,0,0,0,0,0,0,0,0,0,0,0,0,0,0,0
21107736018496,40.518278,1786372565236504044,,0,0,0,0,0,0,0,0,0,0,0,0,0,0,0,0,0,0,0
21107755965024,40.538224,1786372565256510852,,0,0,0,0,0,0,0,0,0,0,0,0,0,0,0,0,0,0,0
21107776010240,40.558269,1786372565276532296,,0,0,0,0,0,0,0,0,0,0,0,0,0,0,0,0,0,0,0
21107795969376,40.578229,1786372565296527819,,0,0,0,0,0,0,0,0,0,0,0,0,0,0,0,0,0,0,0
21107816031840,40.598291,1786372565316524454,,0,0,0,0,0,0,0,0,0,0,0,0,0,0,0,0,0,0,0
21107835939168,40.618198,1786372565336506313,,0,0,0,0,0,0,0,0,0,0,0,0,0,0,0,0,0,0,0
21107856017632,40.638277,1786372565356511191,,0,0,0,0,0,0,0,0,0,0,0,0,0,0,0,0,0,0,0
21107875835552,40.658095,1786372565376505518,,0,0,0,0,0,0,0,0,0,0,0,0,0,0,0,0,0,0,0
21107895962304,40.678222,1786372565396511069,,0,0,0,0,0,0,0,0,0,0,0,0,0,0,0,0,0,0,0
21107916018240,40.698277,1786372565416532091,,0,0,0,0,0,0,0,0,0,0,0,0,0,0,0,0,0,0,0
21107936016160,40.718275,1786372565436527956,,0,0,0,0,0,0,0,0,0,0,0,0,0,0,0,0,0,0,0
21107955982976,40.738242,1786372565456524040,,0,0,0,0,0,0,0,0,0,0,0,0,0,0,0,0,0,0,0
21107975957952,40.758217,1786372565476506805,,0,0,0,0,0,0,0,0,0,0,0,0,0,0,0,0,0,0,0
21107995951392,40.778211,1786372565496524604,,0,0,0,0,0,0,0,0,0,0,0,0,0,0,0,0,0,0,0
21108015980672,40.79824,1786372565516505044,,0,0,0,0,0,0,0,0,0,0,0,0,0,0,0,0,0,0,0
21108035942688,40.818202,1786372565536510230,,0,0,0,0,0,0,0,0,0,0,0,0,0,0,0,0,0,0,0
21108055989920,40.838249,1786372565556532457,,0,0,0,0,0,0,0,0,0,0,0,0,0,0,0,0,0,0,0
21108075832800,40.858092,1786372565576527830,,0,0,0,0,0,0,0,0,0,0,0,0,0,0,0,0,0,0,0
21108096005024,40.878264,1786372565596525390,,0,0,0,0,0,0,0,0,0,0,0,0,0,0,0,0,0,0,0
21108115945856,40.898205,1786372565616506263,,0,0,0,0,0,0,0,0,0,0,0,0,0,0,0,0,0,0,0
21108135957408,40.918217,1786372565636511463,,0,0,0,0,0,0,0,0,0,0,0,0,0,0,0,0,0,0,0
21108155999744,40.938259,1786372565656504289,,0,0,0,0,0,0,0,0,0,0,0,0,0,0,0,0,0,0,0
21108175932832,40.958192,1786372565676510081,,0,0,0,0,0,0,0,0,0,0,0,0,0,0,0,0,0,0,0
21108195990848,40.97825,1786372565696531537,,0,0,0,0,0,0,0,0,0,0,0,0,0,0,0,0,0,0,0
21108215977920,40.998237,1786372565716526557,,0,0,0,0,0,0,0,0,0,0,0,0,0,0,0,0,0,0,0
21108236058624,41.018318,1786372565736523283,,0,0,0,0,0,0,0,0,0,0,0,0,0,0,0,0,0,0,0
21108255959872,41.038219,1786372565756506436,,0,0,0,0,0,0,0,0,0,0,0,0,0,0,0,0,0,0,0
21108276045312,41.058305,1786372565776517163,,0,0,0,0,0,0,0,0,0,0,0,0,0,0,0,0,0,0,0
21108295922400,41.078182,1786372565796504760,,0,0,0,0,0,0,0,0,0,0,0,0,0,0,0,0,0,0,0
21108315987168,41.098246,1786372565816512439,,0,0,0,0,0,0,0,0,0,0,0,0,0,0,0,0,0,0,0
21108336039392,41.118299,1786372565836531361,,0,0,0,0,0,0,0,0,0,0,0,0,0,0,0,0,0,0,0
21108356014784,41.138274,1786372565856528525,,0,0,0,0,0,0,0,0,0,0,0,0,0,0,0,0,0,0,0
21108375955936,41.158215,1786372565876523300,,0,0,0,0,0,0,0,0,0,0,0,0,0,0,0,0,0,0,0
21108395992224,41.178251,1786372565896506028,,0,0,0,0,0,0,0,0,0,0,0,0,0,0,0,0,0,0,0
21108415953632,41.198213,1786372565916509821,,0,0,0,0,0,0,0,0,0,0,0,0,0,0,0,0,0,0,0
21108435984064,41.218243,1786372565936504606,,0,0,0,0,0,0,0,0,0,0,0,0,0,0,0,0,0,0,0
21108455939840,41.238199,1786372565956510654,,0,0,0,0,0,0,0,0,0,0,0,0,0,0,0,0,0,0,0
21108475827648,41.258087,1786372565976530507,,0,0,0,0,0,0,0,0,0,0,0,0,0,0,0,0,0,0,0
21108495971200,41.27823,1786372565996526462,,0,0,0,0,0,0,0,0,0,0,0,0,0,0,0,0,0,0,0
21108515949856,41.298209,1786372566016522394,,0,0,0,0,0,0,0,0,0,0,0,0,0,0,0,0,0,0,0
21108535955136,41.318214,1786372566036506639,,0,0,0,0,0,0,0,0,0,0,0,0,0,0,0,0,0,0,0
21108555929856,41.338189,1786372566056510963,,0,0,0,0,0,0,0,0,0,0,0,0,0,0,0,0,0,0,0
21108575918976,41.358178,1786372566076504392,,0,0,0,0,0,0,0,0,0,0,0,0,0,0,0,0,0,0,0
21108595963008,41.378222,1786372566096513330,,0,0,0,0,0,0,0,0,0,0,0,0,0,0,0,0,0,0,0
21108615974144,41.398233,1786372566116530544,,0,0,0,0,0,0,0,0,0,0,0,0,0,0,0,0,0,0,0
21108635970304,41.41823,1786372566136526854,,0,0,0,0,0,0,0,0,0,0,0,0,0,0,0,0,0,0,0
21108655951616,41.438211,1786372566156523024,,0,0,0,0,0,0,0,0,0,0,0,0,0,0,0,0,0,0,0
21108675851776,41.458111,1786372566176506281,,0,0,0,0,0,0,0,0,0,0,0,0,0,0,0,0,0,0,0
21108695906208,41.478165,1786372566196510456,,0,0,0,0,0,0,0,0,0,0,0,0,0,0,0,0,0,0,0
21108715934016,41.498193,1786372566216504421,,0,0,0,0,0,0,0,0,0,0,0,0,0,0,0,0,0,0,0
21108735938464,41.518198,1786372566236512019,,0,0,0,0,0,0,0,0,0,0,0,0,0,0,0,0,0,0,0
21108755950880,41.53821,1786372566256531622,,0,0,0,0,0,0,0,0,0,0,0,0,0,0,0,0,0,0,0
21108775932896,41.558192,1786372566276526524,,0,0,0,0,0,0,0,0,0,0,0,0,0,0,0,0,0,0,0
21108795917792,41.578177,1786372566296537931,,0,0,0,0,0,0,0,0,0,0,0,0,0,0,0,0,0,0,0
21108815906272,41.598165,1786372566316506489,,0,0,0,0,0,0,0,0,0,0,0,0,0,0,0,0,0,0,0
21108835945184,41.618204,1786372566336511268,,0,0,0,0,0,0,0,0,0,0,0,0,0,0,0,0,0,0,0
21108855917152,41.638176,1786372566356503830,,0,0,0,0,0,0,0,0,0,0,0,0,0,0,0,0,0,0,0
21108875792704,41.658052,1786372566376511265,,0,0,0,0,0,0,0,0,0,0,0,0,0,0,0,0,0,0,0
21108895950176,41.678209,1786372566396531927,,0,0,0,0,0,0,0,0,0,0,0,0,0,0,0,0,0,0,0
21108915948576,41.698208,1786372566416527398,,0,0,0,0,0,0,0,0,0,0,0,0,0,0,0,0,0,0,0
21108935936160,41.718195,1786372566436524666,,0,0,0,0,0,0,0,0,0,0,0,0,0,0,0,0,0,0,0
21108955930496,41.73819,1786372566456507272,,0,0,0,0,0,0,0,0,0,0,0,0,0,0,0,0,0,0,0
21108975914880,41.758174,1786372566476510997,,0,0,0,0,0,0,0,0,0,0,0,0,0,0,0,0,0,0,0
21108996013312,41.778273,1786372566496505034,,0,0,0,0,0,0,0,0,0,0,0,0,0,0,0,0,0,0,0
21109015927488,41.798187,1786372566516512277,,0,0,0,0,0,0,0,0,0,0,0,0,0,0,0,0,0,0,0
21109036023552,41.818283,1786372566536531339,,0,0,0,0,0,0,0,0,0,0,0,0,0,0,0,0,0,0,0
21109055923680,41.838183,1786372566556526502,,0,0,0,0,0,0,0,0,0,0,0,0,0,0,0,0,0,0,0
21109075845696,41.858105,1786372566576522855,,0,0,0,0,0,0,0,0,0,0,0,0,0,0,0,0,0,0,0
21109095902400,41.878162,1786372566596509268,,0,0,0,0,0,0,0,0,0,0,0,0,0,0,0,0,0,0,0
21109115976000,41.898235,1786372566616510992,,0,0,0,0,0,0,0,0,0,0,0,0,0,0,0,0,0,0,0
21109135897792,41.918157,1786372566636505475,,0,0,0,0,0,0,0,0,0,0,0,0,0,0,0,0,0,0,0
21109155958496,41.938218,1786372566656525897,,0,0,0,0,0,0,0,0,0,0,0,0,0,0,0,0,0,0,0
21109175967840,41.958227,1786372566676532411,,0,0,0,0,0,0,0,0,0,0,0,0,0,0,0,0,0,0,0
21109196022272,41.978281,1786372566696527577,,0,0,0,0,0,0,0,0,0,0,0,0,0,0,0,0,0,0,0
21109215926368,41.998186,1786372566716523761,,0,0,0,0,0,0,0,0,0,0,0,0,0,0,0,0,0,0,0
21109235912256,42.018171,1786372566736507568,,0,0,0,0,0,0,0,0,0,0,0,0,0,0,0,0,0,0,0
21109255903936,42.038163,1786372566756510707,,0,0,0,0,0,0,0,0,0,0,0,0,0,0,0,0,0,0,0
21109275781472,42.058041,1786372566776504115,,0,0,0,0,0,0,0,0,0,0,0,0,0,0,0,0,0,0,0
21109295903360,42.078163,1786372566796511083,,0,0,0,0,0,0,0,0,0,0,0,0,0,0,0,0,0,0,0
21109315954400,42.098214,1786372566816531022,,0,0,0,0,0,0,0,0,0,0,0,0,0,0,0,0,0,0,0
21109335913152,42.118172,1786372566836527667,,0,0,0,0,0,0,0,0,0,0,0,0,0,0,0,0,0,0,0
21109355970592,42.13823,1786372566856528494,,0,0,0,0,0,0,0,0,0,0,0,0,0,0,0,0,0,0,0
21109375907872,42.158167,1786372566876507313,,0,0,0,0,0,0,0,0,0,0,0,0,0,0,0,0,0,0,0
21109395933664,42.178193,1786372566896511028,,0,0,0,0,0,0,0,0,0,0,0,0,0,0,0,0,0,0,0
21109415900768,42.19816,1786372566916504741,,0,0,0,0,0,0,0,0,0,0,0,0,0,0,0,0,0,0,0
21109435888672,42.218148,1786372566936510692,,0,0,0,0,0,0,0,0,0,0,0,0,0,0,0,0,0,0,0
21109455913408,42.238173,1786372566956529922,,0,0,0,0,0,0,0,0,0,0,0,0,0,0,0,0,0,0,0
21109475796224,42.258055,1786372566976525924,,0,0,0,0,0,0,0,0,0,0,0,0,0,0,0,0,0,0,0
21109495946912,42.278206,1786372566996521682,,0,0,0,0,0,0,0,0,0,0,0,0,0,0,0,0,0,0,0
21109515909504,42.298169,1786372567016506222,,0,0,0,0,0,0,0,0,0,0,0,0,0,0,0,0,0,0,0
21109535910976,42.31817,1786372567036510023,,0,0,0,0,0,0,0,0,0,0,0,0,0,0,0,0,0,0,0
21109555886176,42.338145,1786372567056503632,,0,0,0,0,0,0,0,0,0,0,0,0,0,0,0,0,0,0,0
21109575919872,42.358179,1786372567076511223,,0,0,0,0,0,0,0,0,0,0,0,0,0,0,0,0,0,0,0
21109595927840,42.378187,1786372567096534458,,0,0,0,0,0,0,0,0,0,0,0,0,0,0,0,0,0,0,0
21109615907296,42.398166,1786372567116526621,,0,0,0,0,0,0,0,0,0,0,0,0,0,0,0,0,0,0,0
21109635902432,42.418162,1786372567136523693,,0,0,0,0,0,0,0,0,0,0,0,0,0,0,0,0,0,0,0
21109655883776,42.438143,1786372567156506070,,0,0,0,0,0,0,0,0,0,0,0,0,0,0,0,0,0,0,0
21109675775904,42.458035,1786372567176511261,,0,0,0,0,0,0,0,0,0,0,0,0,0,0,0,0,0,0,0
21109695897504,42.478157,1786372567196504711,,0,0,0,0,0,0,0,0,0,0,0,0,0,0,0,0,0,0,0
21109715899392,42.498159,1786372567216510928,,0,0,0,0,0,0,0,0,0,0,0,0,0,0,0,0,0,0,0
21109735926624,42.518186,1786372567236533445,,0,0,0,0,0,0,0,0,0,0,0,0,0,0,0,0,0,0,0
21109755894912,42.538154,1786372567256527182,,0,0,0,0,0,0,0,0,0,0,0,0,0,0,0,0,0,0,0
21109775926176,42.558185,1786372567276523820,,0,0,0,0,0,0,0,0,0,0,0,0,0,0,0,0,0,0,0
21109795862784,42.578122,1786372567296506783,,0,0,0,0,0,0,0,0,0,0,0,0,0,0,0,0,0,0,0
21109815883648,42.598143,1786372567316511002,,0,0,0,0,0,0,0,0,0,0,0,0,0,0,0,0,0,0,0
21109835927008,42.618186,1786372567336504630,,0,0,0,0,0,0,0,0,0,0,0,0,0,0,0,0,0,0,0
21109855893184,42.638152,1786372567356510591,,0,0,0,0,0,0,0,0,0,0,0,0,0,0,0,0,0,0,0
21109875763456,42.658023,1786372567376533466,,0,0,0,0,0,0,0,0,0,0,0,0,0,0,0,0,0,0,0
21109895901920,42.678161,1786372567396526915,,0,0,0,0,0,0,0,0,0,0,0,0,0,0,0,0,0,0,0
21109915883392,42.698143,1786372567416523491,,0,0,0,0,0,0,0,0,0,0,0,0,0,0,0,0,0,0,0
21109935870016,42.718129,1786372567436506605,,0,0,0,0,0,0,0,0,0,0,0,0,0,0,0,0,0,0,0
21109955861824,42.738121,1786372567456511464,,0,0,0,0,0,0,0,0,0,0,0,0,0,0,0,0,0,0,0
21109975927264,42.758186,1786372567476505196,,0,0,0,0,0,0,0,0,0,0,0,0,0,0,0,0,0,0,0
21109995870592,42.77813,1786372567496510709,,0,0,0,0,0,0,0,0,0,0,0,0,0,0,0,0,0,0,0
21110015911392,42.798171,1786372567516531786,,0,0,0,0,0,0,0,0,0,0,0,0,0,0,0,0,0,0,0
21110035898432,42.818158,1786372567536541867,,0,0,0,0,0,0,0,0,0,0,0,0,0,0,0,0,0,0,0
21110055892032,42.838151,1786372567556523474,,0,0,0,0,0,0,0,0,0,0,0,0,0,0,0,0,0,0,0
21110075767904,42.858027,1786372567576506733,,0,0,0,0,0,0,0,0,0,0,0,0,0,0,0,0,0,0,0
21110095854944,42.878114,1786372567596513617,,0,0,0,0,0,0,0,0,0,0,0,0,0,0,0,0,0,0,0
21110115859360,42.898119,1786372567616504739,,0,0,0,0,0,0,0,0,0,0,0,0,0,0,0,0,0,0,0
21110135883296,42.918142,1786372567636511457,,0,0,0,0,0,0,0,0,0,0,0,0,0,0,0,0,0,0,0
21110155904000,42.938163,1786372567656530757,,0,0,0,0,0,0,0,0,0,0,0,0,0,0,0,0,0,0,0
21110175921856,42.958181,1786372567676526632,,0,0,0,0,0,0,0,0,0,0,0,0,0,0,0,0,0,0,0
21110195937216,42.978196,1786372567696524744,,0,0,0,0,0,0,0,0,0,0,0,0,0,0,0,0,0,0,0
21110215876096,42.998135,1786372567716507312,,0,0,0,0,0,0,0,0,0,0,0,0,0,0,0,0,0,0,0
21110235862592,43.018122,1786372567736511626,,0,0,0,0,0,0,0,0,0,0,0,0,0,0,0,0,0,0,0
21110255860096,43.038119,1786372567756504125,,0,0,0,0,0,0,0,0,0,0,0,0,0,0,0,0,0,0,0
21110275879232,43.058138,1786372567776525581,,0,0,0,0,0,0,0,0,0,0,0,0,0,0,0,0,0,0,0
21110295896256,43.078155,1786372567796530775,,0,0,0,0,0,0,0,0,0,0,0,0,0,0,0,0,0,0,0
21110315866720,43.098126,1786372567816527135,,0,0,0,0,0,0,0,0,0,0,0,0,0,0,0,0,0,0,0
21110335881440,43.118141,1786372567836524901,,0,0,0,0,0,0,0,0,0,0,0,0,0,0,0,0,0,0,0
21110355855584,43.138115,1786372567856506559,,0,0,0,0,0,0,0,0,0,0,0,0,0,0,0,0,0,0,0
21110375894752,43.158154,1786372567876512008,,0,0,0,0,0,0,0,0,0,0,0,0,0,0,0,0,0,0,0
21110395879616,43.178139,1786372567896504168,,0,0,0,0,0,0,0,0,0,0,0,0,0,0,0,0,0,0,0
21110415874560,43.198134,1786372567916511786,,0,0,0,0,0,0,0,0,0,0,0,0,0,0,0,0,0,0,0
21110435941184,43.2182,1786372567936537031,,0,0,0,0,0,0,0,0,0,0,0,0,0,0,0,0,0,0,0
21110455904512,43.238164,1786372567956528111,,0,0,0,0,0,0,0,0,0,0,0,0,0,0,0,0,0,0,0
21110475746208,43.258005,1786372567976522718,,0,0,0,0,0,0,0,0,0,0,0,0,0,0,0,0,0,0,0
21110495859328,43.278119,1786372567996506546,,0,0,0,0,0,0,0,0,0,0,0,0,0,0,0,0,0,0,0
21110515848768,43.298108,1786372568016510439,,0,0,0,0,0,0,0,0,0,0,0,0,0,0,0,0,0,0,0
21110535850784,43.31811,1786372568036503727,,0,0,0,0,0,0,0,0,0,0,0,0,0,0,0,0,0,0,0
21110555857376,43.338117,1786372568056510753,,0,0,0,0,0,0,0,0,0,0,0,0,0,0,0,0,0,0,0
21110575885248,43.358144,1786372568076531739,,0,0,0,0,0,0,0,0,0,0,0,0,0,0,0,0,0,0,0
21110595882112,43.378141,1786372568096544237,,0,0,0,0,0,0,0,0,0,0,0,0,0,0,0,0,0,0,0
21110615847584,43.398107,1786372568116523360,,0,0,0,0,0,0,0,0,0,0,0,0,0,0,0,0,0,0,0
21110635832800,43.418092,1786372568136506183,,0,0,0,0,0,0,0,0,0,0,0,0,0,0,0,0,0,0,0
21110655875296,43.438134,1786372568156510282,,0,0,0,0,0,0,0,0,0,0,0,0,0,0,0,0,0,0,0
21110675796960,43.458056,1786372568176518615,,0,0,0,0,0,0,0,0,0,0,0,0,0,0,0,0,0,0,0
21110695829600,43.478089,1786372568196509710,,0,0,0,0,0,0,0,0,0,0,0,0,0,0,0,0,0,0,0
21110715855008,43.498114,1786372568216531213,,0,0,0,0,0,0,0,0,0,0,0,0,0,0,0,0,0,0,0
21110735838080,43.518097,1786372568236527402,,0,0,0,0,0,0,0,0,0,0,0,0,0,0,0,0,0,0,0
21110755871936,43.538131,1786372568256522662,,0,0,0,0,0,0,0,0,0,0,0,0,0,0,0,0,0,0,0
21110775862304,43.558122,1786372568276507074,,0,0,0,0,0,0,0,0,0,0,0,0,0,0,0,0,0,0,0
21110795866944,43.578126,1786372568296511141,,0,0,0,0,0,0,0,0,0,0,0,0,0,0,0,0,0,0,0
21110815813440,43.598073,1786372568316504556,,0,0,0,0,0,0,0,0,0,0,0,0,0,0,0,0,0,0,0
21110835842720,43.618102,1786372568336510457,,0,0,0,0,0,0,0,0,0,0,0,0,0,0,0,0,0,0,0
21110855884960,43.638144,1786372568356542127,,0,0,0,0,0,0,0,0,0,0,0,0,0,0,0,0,0,0,0
21110875827840,43.658087,1786372568376534368,,0,0,0,0,0,0,0,0,0,0,0,0,0,0,0,0,0,0,0
21110895821792,43.678081,1786372568396532318,,0,0,0,0,0,0,0,0,0,0,0,0,0,0,0,0,0,0,0
21110915839040,43.698098,1786372568416516683,,0,0,0,0,0,0,0,0,0,0,0,0,0,0,0,0,0,0,0
21110935847648,43.718107,1786372568436519706,,0,0,0,0,0,0,0,0,0,0,0,0,0,0,0,0,0,0,0
21110955847040,43.738106,1786372568456504811,,0,0,0,0,0,0,0,0,0,0,0,0,0,0,0,0,0,0,0
21110975819872,43.758079,1786372568476510793,,0,0,0,0,0,0,0,0,0,0,0,0,0,0,0,0,0,0,0
21110995882080,43.778141,1786372568496532091,,0,0,0,0,0,0,0,0,0,0,0,0,0,0,0,0,0,0,0
21111015838176,43.798097,1786372568516528124,,0,0,0,0,0,0,0,0,0,0,0,0,0,0,0,0,0,0,0
21111035858400,43.818118,1786372568536524056,,0,0,0,0,0,0,0,0,0,0,0,0,0,0,0,0,0,0,0
21111055805216,43.838064,1786372568556507669,,0,0,0,0,0,0,0,0,0,0,0,0,0,0,0,0,0,0,0
21111075750656,43.85801,1786372568576511890,,0,0,0,0,0,0,0,0,0,0,0,0,0,0,0,0,0,0,0
21111095835840,43.878095,1786372568596507303,,0,0,0,0,0,0,0,0,0,0,0,0,0,0,0,0,0,0,0
21111115850432,43.89811,1786372568616513318,,0,0,0,0,0,0,0,0,0,0,0,0,0,0,0,0,0,0,0
21111135882528,43.918142,1786372568636533101,,0,0,0,0,0,0,0,0,0,0,0,0,0,0,0,0,0,0,0
21111155887392,43.938147,1786372568656527368,,0,0,0,0,0,0,0,0,0,0,0,0,0,0,0,0,0,0,0
21111175833664,43.958093,1786372568676523833,,0,0,0,0,0,0,0,0,0,0,0,0,0,0,0,0,0,0,0
21111195840288,43.978099,1786372568696506339,,0,0,0,0,0,0,0,0,0,0,0,0,0,0,0,0,0,0,0
21111215800864,43.99806,1786372568716512547,,0,0,0,0,0,0,0,0,0,0,0,0,0,0,0,0,0,0,0
21111235806912,44.018066,1786372568736504177,,0,0,0,0,0,0,0,0,0,0,0,0,0,0,0,0,0,0,0
21111255819040,44.038078,1786372568756511739,,0,0,0,0,0,0,0,0,0,0,0,0,0,0,0,0,0,0,0
21111275827040,44.058086,1786372568776531784,,0,0,0,0,0,0,0,0,0,0,0,0,0,0,0,0,0,0,0
21111295834272,44.078093,1786372568796527031,,0,0,0,0,0,0,0,0,0,0,0,0,0,0,0,0,0,0,0
21111315817120,44.098076,1786372568816524627,,0,0,0,0,0,0,0,0,0,0,0,0,0,0,0,0,0,0,0
21111335823904,44.118083,1786372568836506722,,0,0,0,0,0,0,0,0,0,0,0,0,0,0,0,0,0,0,0
21111355831552,44.138091,1786372568856512008,,0,0,0,0,0,0,0,0,0,0,0,0,0,0,0,0,0,0,0
21111375801728,44.158061,1786372568876504302,,0,0,0,0,0,0,0,0,0,0,0,0,0,0,0,0,0,0,0
21111395815808,44.178075,1786372568896511598,,0,0,0,0,0,0,0,0,0,0,0,0,0,0,0,0,0,0,0
21111415832736,44.198092,1786372568916531649,,0,0,0,0,0,0,0,0,0,0,0,0,0,0,0,0,0,0,0
21111435880544,44.21814,1786372568936527547,,0,0,0,0,0,0,0,0,0,0,0,0,0,0,0,0,0,0,0
21111455821088,44.23808,1786372568956523558,,0,0,0,0,0,0,0,0,0,0,0,0,0,0,0,0,0,0,0
21111475706176,44.257965,1786372568976506520,,0,0,0,0,0,0,0,0,0,0,0,0,0,0,0,0,0,0,0
21111495845760,44.278105,1786372568996514151,,0,0,0,0,0,0,0,0,0,0,0,0,0,0,0,0,0,0,0
21111515790368,44.29805,1786372569016505253,,0,0,0,0,0,0,0,0,0,0,0,0,0,0,0,0,0,0,0
21111535838208,44.318097,1786372569036511324,,0,0,0,0,0,0,0,0,0,0,0,0,0,0,0,0,0,0,0
21111555828544,44.338088,1786372569056531727,,0,0,0,0,0,0,0,0,0,0,0,0,0,0,0,0,0,0,0
21111575815360,44.358075,1786372569076527455,,0,0,0,0,0,0,0,0,0,0,0,0,0,0,0,0,0,0,0
21111595805440,44.378065,1786372569096525369,,0,0,0,0,0,0,0,0,0,0,0,0,0,0,0,0,0,0,0
21111615795136,44.398054,1786372569116506493,,0,0,0,0,0,0,0,0,0,0,0,0,0,0,0,0,0,0,0
21111635836320,44.418096,1786372569136511307,,0,0,0,0,0,0,0,0,0,0,0,0,0,0,0,0,0,0,0
21111655794144,44.438053,1786372569156504033,,0,0,0,0,0,0,0,0,0,0,0,0,0,0,0,0,0,0,0
21111675668896,44.457928,1786372569176511693,,0,0,0,0,0,0,0,0,0,0,0,0,0,0,0,0,0,0,0
21111695824224,44.478083,1786372569196531296,,0,0,0,0,0,0,0,0,0,0,0,0,0,0,0,0,0,0,0
21111715791712,44.498051,1786372569216527091,,0,0,0,0,0,0,0,0,0,0,0,0,0,0,0,0,0,0,0
21111735822016,44.518081,1786372569236523421,,0,0,0,0,0,0,0,0,0,0,0,0,0,0,0,0,0,0,0
21111755853760,44.538113,1786372569256506940,,0,0,0,0,0,0,0,0,0,0,0,0,0,0,0,0,0,0,0
21111775794272,44.558053,1786372569276510394,,0,0,0,0,0,0,0,0,0,0,0,0,0,0,0,0,0,0,0
21111795797568,44.578057,1786372569296504131,,0,0,0,0,0,0,0,0,0,0,0,0,0,0,0,0,0,0,0
21111815803744,44.598063,1786372569316510859,,0,0,0,0,0,0,0,0,0,0,0,0,0,0,0,0,0,0,0
21111835835040,44.618094,1786372569336531306,,0,0,0,0,0,0,0,0,0,0,0,0,0,0,0,0,0,0,0
21111855828896,44.638088,1786372569356527652,,0,0,0,0,0,0,0,0,0,0,0,0,0,0,0,0,0,0,0
21111875672096,44.657931,1786372569376523396,,0,0,0,0,0,0,0,0,0,0,0,0,0,0,0,0,0,0,0
21111895807424,44.678067,1786372569396507127,,0,0,0,0,0,0,0,0,0,0,0,0,0,0,0,0,0,0,0
21111915772608,44.698032,1786372569416510798,,0,0,0,0,0,0,0,0,0,0,0,0,0,0,0,0,0,0,0
21111935824288,44.718083,1786372569436504263,,0,0,0,0,0,0,0,0,0,0,0,0,0,0,0,0,0,0,0
21111955787424,44.738047,1786372569456510910,,0,0,0,0,0,0,0,0,0,0,0,0,0,0,0,0,0,0,0
21111975819808,44.758079,1786372569476531432,,0,0,0,0,0,0,0,0,0,0,0,0,0,0,0,0,0,0,0
21111995810240,44.778069,1786372569496527226,,0,0,0,0,0,0,0,0,0,0,0,0,0,0,0,0,0,0,0
21112015810848,44.79807,1786372569516523246,,0,0,0,0,0,0,0,0,0,0,0,0,0,0,0,0,0,0,0
21112035767808,44.818027,1786372569536506686,,0,0,0,0,0,0,0,0,0,0,0,0,0,0,0,0,0,0,0
21112055783744,44.838043,1786372569556511526,,0,0,0,0,0,0,0,0,0,0,0,0,0,0,0,0,0,0,0
21112075709120,44.857968,1786372569576504759,,0,0,0,0,0,0,0,0,0,0,0,0,0,0,0,0,0,0,0
21112095834656,44.878094,1786372569596512957,,0,0,0,0,0,0,0,0,0,0,0,0,0,0,0,0,0,0,0
21112115832672,44.898092,1786372569616531474,,0,0,0,0,0,0,0,0,0,0,0,0,0,0,0,0,0,0,0
21112135811872,44.918071,1786372569636527309,,0,0,0,0,0,0,0,0,0,0,0,0,0,0,0,0,0,0,0
21112155784800,44.938044,1786372569656524503,,0,0,0,0,0,0,0,0,0,0,0,0,0,0,0,0,0,0,0
21112175782912,44.958042,1786372569676507564,,0,0,0,0,0,0,0,0,0,0,0,0,0,0,0,0,0,0,0
21112195795488,44.978055,1786372569696510613,,0,0,0,0,0,0,0,0,0,0,0,0,0,0,0,0,0,0,0
21112215755136,44.998014,1786372569716519809,,0,0,0,0,0,0,0,0,0,0,0,0,0,0,0,0,0,0,0
21112235649312,45.017909,1786372569736510869,,0,0,0,0,0,0,0,0,0,0,0,0,0,0,0,0,0,0,0
21112255809696,45.038069,1786372569756531347,,0,0,0,0,0,0,0,0,0,0,0,0,0,0,0,0,0,0,0
21112275683360,45.057943,1786372569776527540,,0,0,0,0,0,0,0,0,0,0,0,0,0,0,0,0,0,0,0
21112295771200,45.07803,1786372569796523896,,0,0,0,0,0,0,0,0,0,0,0,0,0,0,0,0,0,0,0
21112315814720,45.098074,1786372569816509821,,0,0,0,0,0,0,0,0,0,0,0,0,0,0,0,0,0,0,0
21112335786880,45.118046,1786372569836510258,,0,0,0,0,0,0,0,0,0,0,0,0,0,0,0,0,0,0,0
21112355772160,45.138031,1786372569856504378,,0,0,0,0,0,0,0,0,0,0,0,0,0,0,0,0,0,0,0
21112375743616,45.158003,1786372569876511627,,0,0,0,0,0,0,0,0,0,0,0,0,0,0,0,0,0,0,0
21112395786656,45.178046,1786372569896532303,,0,0,0,0,0,0,0,0,0,0,0,0,0,0,0,0,0,0,0
21112415797440,45.198057,1786372569916527616,,0,0,0,0,0,0,0,0,0,0,0,0,0,0,0,0,0,0,0
21112435787136,45.218046,1786372569936523388,,0,0,0,0,0,0,0,0,0,0,0,0,0,0,0,0,0,0,0
21112455763168,45.238022,1786372569956507270,,0,0,0,0,0,0,0,0,0,0,0,0,0,0,0,0,0,0,0
21112475634720,45.257894,1786372569976512018,,0,0,0,0,0,0,0,0,0,0,0,0,0,0,0,0,0,0,0
21112495746880,45.278006,1786372569996505184,,0,0,0,0,0,0,0,0,0,0,0,0,0,0,0,0,0,0,0
21112515761280,45.29802,1786372570016510611,,0,0,0,0,0,0,0,0,0,0,0,0,0,0,0,0,0,0,0
21112535786880,45.318046,1786372570036531648,,0,0,0,0,0,0,0,0,0,0,0,0,0,0,0,0,0,0,0
21112555775392,45.338035,1786372570056528350,,0,0,0,0,0,0,0,0,0,0,0,0,0,0,0,0,0,0,0
21112575810368,45.35807,1786372570076530881,,0,0,0,0,0,0,0,0,0,0,0,0,0,0,0,0,0,0,0
21112595750656,45.37801,1786372570096510129,,0,0,0,0,0,0,0,0,0,0,0,0,0,0,0,0,0,0,0
21112615776096,45.398035,1786372570116512898,,0,0,0,0,0,0,0,0,0,0,0,0,0,0,0,0,0,0,0
21112635765792,45.418025,1786372570136504916,,0,0,0,0,0,0,0,0,0,0,0,0,0,0,0,0,0,0,0
21112655744256,45.438003,1786372570156511049,,0,0,0,0,0,0,0,0,0,0,0,0,0,0,0,0,0,0,0
21112675650976,45.45791,1786372570176531947,,0,0,0,0,0,0,0,0,0,0,0,0,0,0,0,0,0,0,0
21112695827488,45.478087,1786372570196527548,,0,0,0,0,0,0,0,0,0,0,0,0,0,0,0,0,0,0,0
21112715766976,45.498026,1786372570216523446,,0,0,0,0,0,0,0,0,0,0,0,0,0,0,0,0,0,0,0
21112735792480,45.518052,1786372570236506486,,0,0,0,0,0,0,0,0,0,0,0,0,0,0,0,0,0,0,0
21112755815264,45.538074,1786372570256511327,,0,0,0,0,0,0,0,0,0,0,0,0,0,0,0,0,0,0,0
21112775758048,45.558017,1786372570276504392,,0,0,0,0,0,0,0,0,0,0,0,0,0,0,0,0,0,0,0
21112795775840,45.578035,1786372570296511802,,0,0,0,0,0,0,0,0,0,0,0,0,0,0,0,0,0,0,0
21112815795104,45.598054,1786372570316532298,,0,0,0,0,0,0,0,0,0,0,0,0,0,0,0,0,0,0,0
21112835818752,45.618078,1786372570336526678,,0,0,0,0,0,0,0,0,0,0,0,0,0,0,0,0,0,0,0
21112855765600,45.638025,1786372570356523207,,0,0,0,0,0,0,0,0,0,0,0,0,0,0,0,0,0,0,0
21112875626720,45.657886,1786372570376506980,,0,0,0,0,0,0,0,0,0,0,0,0,0,0,0,0,0,0,0
21112895794976,45.678054,1786372570396513910,,0,0,0,0,0,0,0,0,0,0,0,0,0,0,0,0,0,0,0
21112915743264,45.698002,1786372570416503939,,0,0,0,0,0,0,0,0,0,0,0,0,0,0,0,0,0,0,0
21112935741376,45.718001,1786372570436510232,,0,0,0,0,0,0,0,0,0,0,0,0,0,0,0,0,0,0,0
21112955744128,45.738003,1786372570456531265,,0,0,0,0,0,0,0,0,0,0,0,0,0,0,0,0,0,0,0
21112975775008,45.758034,1786372570476526702,,0,0,0,0,0,0,0,0,0,0,0,0,0,0,0,0,0,0,0
21112995774688,45.778034,1786372570496523763,,0,0,0,0,0,0,0,0,0,0,0,0,0,0,0,0,0,0,0
21113015763808,45.798023,1786372570516506523,,0,0,0,0,0,0,0,0,0,0,0,0,0,0,0,0,0,0,0
21113035750720,45.81801,1786372570536510809,,0,0,0,0,0,0,0,0,0,0,0,0,0,0,0,0,0,0,0
21113055806368,45.838066,1786372570556504719,,0,0,0,0,0,0,0,0,0,0,0,0,0,0,0,0,0,0,0
21113075695680,45.857955,1786372570576509625,,0,0,0,0,0,0,0,0,0,0,0,0,0,0,0,0,0,0,0
21113095786368,45.878046,1786372570596533886,,0,0,0,0,0,0,0,0,0,0,0,0,0,0,0,0,0,0,0
21113115764928,45.898024,1786372570616527096,,0,0,0,0,0,0,0,0,0,0,0,0,0,0,0,0,0,0,0
21113135768288,45.918027,1786372570636524339,,0,0,0,0,0,0,0,0,0,0,0,0,0,0,0,0,0,0,0
21113155731168,45.93799,1786372570656507240,,0,0,0,0,0,0,0,0,0,0,0,0,0,0,0,0,0,0,0
21113175746912,45.958006,1786372570676526280,,0,0,0,0,0,0,0,0,0,0,0,0,0,0,0,0,0,0,0
21113195734464,45.977994,1786372570696504621,,0,0,0,0,0,0,0,0,0,0,0,0,0,0,0,0,0,0,0
21113215756576,45.998016,1786372570716512888,,0,0,0,0,0,0,0,0,0,0,0,0,0,0,0,0,0,0,0
21113235758976,46.018018,1786372570736532084,,0,0,0,0,0,0,0,0,0,0,0,0,0,0,0,0,0,0,0
21113255734016,46.037993,1786372570756528084,,0,0,0,0,0,0,0,0,0,0,0,0,0,0,0,0,0,0,0
21113275675712,46.057935,1786372570776523822,,0,0,0,0,0,0,0,0,0,0,0,0,0,0,0,0,0,0,0
21113295731200,46.07799,1786372570796507192,,0,0,0,0,0,0,0,0,0,0,0,0,0,0,0,0,0,0,0
21113315744512,46.098004,1786372570816510954,,0,0,0,0,0,0,0,0,0,0,0,0,0,0,0,0,0,0,0
21113335724960,46.117984,1786372570836503913,,0,0,0,0,0,0,0,0,0,0,0,0,0,0,0,0,0,0,0
21113355704928,46.137964,1786372570856511248,,0,0,0,0,0,0,0,0,0,0,0,0,0,0,0,0,0,0,0
21113375725056,46.157984,1786372570876530968,,0,0,0,0,0,0,0,0,0,0,0,0,0,0,0,0,0,0,0
21113395747616,46.178007,1786372570896526889,,0,0,0,0,0,0,0,0,0,0,0,0,0,0,0,0,0,0,0
21113415747904,46.198007,1786372570916524483,,0,0,0,0,0,0,0,0,0,0,0,0,0,0,0,0,0,0,0
21113435730912,46.21799,1786372570936506752,,0,0,0,0,0,0,0,0,0,0,0,0,0,0,0,0,0,0,0
21113455707488,46.237967,1786372570956511222,,0,0,0,0,0,0,0,0,0,0,0,0,0,0,0,0,0,0,0
21113475578048,46.257837,1786372570976503950,,0,0,0,0,0,0,0,0,0,0,0,0,0,0,0,0,0,0,0
21113495747104,46.278006,1786372570996511440,,0,0,0,0,0,0,0,0,0,0,0,0,0,0,0,0,0,0,0
21113515751776,46.298011,1786372571016532489,,0,0,0,0,0,0,0,0,0,0,0,0,0,0,0,0,0,0,0
21113535732128,46.317991,1786372571036527280,,0,0,0,0,0,0,0,0,0,0,0,0,0,0,0,0,0,0,0
21113555711296,46.33797,1786372571056524880,,0,0,0,0,0,0,0,0,0,0,0,0,0,0,0,0,0,0,0
21113575714912,46.357974,1786372571076507646,,0,0,0,0,0,0,0,0,0,0,0,0,0,0,0,0,0,0,0
21113595735232,46.377994,1786372571096514007,,0,0,0,0,0,0,0,0,0,0,0,0,0,0,0,0,0,0,0
21113615699168,46.397958,1786372571116503760,,0,0,0,0,0,0,0,0,0,0,0,0,0,0,0,0,0,0,0
21113635681856,46.417941,1786372571136511261,,0,0,0,0,0,0,0,0,0,0,0,0,0,0,0,0,0,0,0
21113655743968,46.438003,1786372571156538568,,0,0,0,0,0,0,0,0,0,0,0,0,0,0,0,0,0,0,0
21113675607392,46.457867,1786372571176526894,,0,0,0,0,0,0,0,0,0,0,0,0,0,0,0,0,0,0,0
21113695756512,46.478016,1786372571196524186,,0,0,0,0,0,0,0,0,0,0,0,0,0,0,0,0,0,0,0
21113715713824,46.497973,1786372571216506914,,0,0,0,0,0,0,0,0,0,0,0,0,0,0,0,0,0,0,0
21113735741952,46.518001,1786372571236511039,,0,0,0,0,0,0,0,0,0,0,0,0,0,0,0,0,0,0,0
21113755682784,46.537942,1786372571256503405,,0,0,0,0,0,0,0,0,0,0,0,0,0,0,0,0,0,0,0
21113775721408,46.557981,1786372571276512648,,0,0,0,0,0,0,0,0,0,0,0,0,0,0,0,0,0,0,0
21113795765216,46.578024,1786372571296531251,,0,0,0,0,0,0,0,0,0,0,0,0,0,0,0,0,0,0,0
21113815724032,46.597983,1786372571316528859,,0,0,0,0,0,0,0,0,0,0,0,0,0,0,0,0,0,0,0
21113835749888,46.618009,1786372571336524126,,0,0,0,0,0,0,0,0,0,0,0,0,0,0,0,0,0,0,0
21113855701568,46.637961,1786372571356506949,,0,0,0,0,0,0,0,0,0,0,0,0,0,0,0,0,0,0,0
21113875579488,46.657839,1786372571376511779,,0,0,0,0,0,0,0,0,0,0,0,0,0,0,0,0,0,0,0
21113895731680,46.677991,1786372571396505106,,0,0,0,0,0,0,0,0,0,0,0,0,0,0,0,0,0,0,0
21113915702400,46.697962,1786372571416511228,,0,0,0,0,0,0,0,0,0,0,0,0,0,0,0,0,0,0,0
21113935713440,46.717973,1786372571436532727,,0,0,0,0,0,0,0,0,0,0,0,0,0,0,0,0,0,0,0
21113955703168,46.737962,1786372571456540330,,0,0,0,0,0,0,0,0,0,0,0,0,0,0,0,0,0,0,0
21113975719168,46.757978,1786372571476523978,,0,0,0,0,0,0,0,0,0,0,0,0,0,0,0,0,0,0,0
21113995693024,46.777952,1786372571496506823,,0,0,0,0,0,0,0,0,0,0,0,0,0,0,0,0,0,0,0
21114015711616,46.797971,1786372571516511001,,0,0,0,0,0,0,0,0,0,0,0,0,0,0,0,0,0,0,0
21114035687488,46.817947,1786372571536504472,,0,0,0,0,0,0,0,0,0,0,0,0,0,0,0,0,0,0,0
21114055711680,46.837971,1786372571556511172,,0,0,0,0,0,0,0,0,0,0,0,0,0,0,0,0,0,0,0
21114075565632,46.857825,1786372571576532638,,0,0,0,0,0,0,0,0,0,0,0,0,0,0,0,0,0,0,0
21114095721408,46.877981,1786372571596530565,,0,0,0,0,0,0,0,0,0,0,0,0,0,0,0,0,0,0,0
21114115690976,46.89795,1786372571616524548,,0,0,0,0,0,0,0,0,0,0,0,0,0,0,0,0,0,0,0
21114135680032,46.917939,1786372571636506793,,0,0,0,0,0,0,0,0,0,0,0,0,0,0,0,0,0,0,0
21114155671648,46.937931,1786372571656511831,,0,0,0,0,0,0,0,0,0,0,0,0,0,0,0,0,0,0,0
21114175699232,46.957958,1786372571676505086,,0,0,0,0,0,0,0,0,0,0,0,0,0,0,0,0,0,0,0
21114195696480,46.977956,1786372571696511748,,0,0,0,0,0,0,0,0,0,0,0,0,0,0,0,0,0,0,0
21114215692800,46.997952,1786372571716531434,,0,0,0,0,0,0,0,0,0,0,0,0,0,0,0,0,0,0,0
21114235684640,47.017944,1786372571736527418,,0,0,0,0,0,0,0,0,0,0,0,0,0,0,0,0,0,0,0
21114255713952,47.037973,1786372571756524661,,0,0,0,0,0,0,0,0,0,0,0,0,0,0,0,0,0,0,0
21114275684128,47.057943,1786372571776509096,,0,0,0,0,0,0,0,0,0,0,0,0,0,0,0,0,0,0,0
21114295684544,47.077944,1786372571796512061,,0,0,0,0,0,0,0,0,0,0,0,0,0,0,0,0,0,0,0
21114315665824,47.097925,1786372571816504893,,0,0,0,0,0,0,0,0,0,0,0,0,0,0,0,0,0,0,0
21114335655552,47.117915,1786372571836510555,,0,0,0,0,0,0,0,0,0,0,0,0,0,0,0,0,0,0,0
21114355695616,47.137955,1786372571856531470,,0,0,0,0,0,0,0,0,0,0,0,0,0,0,0,0,0,0,0
21114375702368,47.157962,1786372571876528648,,0,0,0,0,0,0,0,0,0,0,0,0,0,0,0,0,0,0,0
21114395703488,47.177963,1786372571896523872,,0,0,0,0,0,0,0,0,0,0,0,0,0,0,0,0,0,0,0
21114415673312,47.197933,1786372571916507270,,0,0,0,0,0,0,0,0,0,0,0,0,0,0,0,0,0,0,0
21114435677152,47.217936,1786372571936512347,,0,0,0,0,0,0,0,0,0,0,0,0,0,0,0,0,0,0,0
21114455649664,47.237909,1786372571956504744,,0,0,0,0,0,0,0,0,0,0,0,0,0,0,0,0,0,0,0
21114475539456,47.257799,1786372571976511820,,0,0,0,0,0,0,0,0,0,0,0,0,0,0,0,0,0,0,0
21114495703712,47.277963,1786372571996532594,,0,0,0,0,0,0,0,0,0,0,0,0,0,0,0,0,0,0,0
21114515699872,47.297959,1786372572016528273,,0,0,0,0,0,0,0,0,0,0,0,0,0,0,0,0,0,0,0
21114535671616,47.317931,1786372572036523974,,0,0,0,0,0,0,0,0,0,0,0,0,0,0,0,0,0,0,0
21114555650240,47.337909,1786372572056506459,,0,0,0,0,0,0,0,0,0,0,0,0,0,0,0,0,0,0,0
21114575683840,47.357943,1786372572076511874,,0,0,0,0,0,0,0,0,0,0,0,0,0,0,0,0,0,0,0
21114595678208,47.377937,1786372572096507287,,0,0,0,0,0,0,0,0,0,0,0,0,0,0,0,0,0,0,0
21114615650080,47.397909,1786372572116512020,,0,0,0,0,0,0,0,0,0,0,0,0,0,0,0,0,0,0,0
21114635683616,47.417943,1786372572136532183,,0,0,0,0,0,0,0,0,0,0,0,0,0,0,0,0,0,0,0
21114655697216,47.437956,1786372572156527123,,0,0,0,0,0,0,0,0,0,0,0,0,0,0,0,0,0,0,0
21114675567840,47.457827,1786372572176524897,,0,0,0,0,0,0,0,0,0,0,0,0,0,0,0,0,0,0,0
21114695691424,47.477951,1786372572196506987,,0,0,0,0,0,0,0,0,0,0,0,0,0,0,0,0,0,0,0
21114715655840,47.497915,1786372572216511065,,0,0,0,0,0,0,0,0,0,0,0,0,0,0,0,0,0,0,0
21114735684064,47.517943,1786372572236503909,,0,0,0,0,0,0,0,0,0,0,0,0,0,0,0,0,0,0,0
21114755663008,47.537922,1786372572256510704,,0,0,0,0,0,0,0,0,0,0,0,0,0,0,0,0,0,0,0
21114775691904,47.557951,1786372572276531417,,0,0,0,0,0,0,0,0,0,0,0,0,0,0,0,0,0,0,0
21114795692640,47.577952,1786372572296527075,,0,0,0,0,0,0,0,0,0,0,0,0,0,0,0,0,0,0,0
21114815658496,47.597918,1786372572316524318,,0,0,0,0,0,0,0,0,0,0,0,0,0,0,0,0,0,0,0
21114835656800,47.617916,1786372572336506219,,0,0,0,0,0,0,0,0,0,0,0,0,0,0,0,0,0,0,0
21114855690656,47.63795,1786372572356511971,,0,0,0,0,0,0,0,0,0,0,0,0,0,0,0,0,0,0,0
21114875520160,47.657779,1786372572376504725,,0,0,0,0,0,0,0,0,0,0,0,0,0,0,0,0,0,0,0
21114895632896,47.677892,1786372572396510930,,0,0,0,0,0,0,0,0,0,0,0,0,0,0,0,0,0,0,0
21114915666752,47.697926,1786372572416546401,,0,0,0,0,0,0,0,0,0,0,0,0,0,0,0,0,0,0,0
21114935676992,47.717936,1786372572436527948,,0,0,0,0,0,0,0,0,0,0,0,0,0,0,0,0,0,0,0
21114955674624,47.737934,1786372572456524540,,0,0,0,0,0,0,0,0,0,0,0,0,0,0,0,0,0,0,0
21114975633920,47.757893,1786372572476506255,,0,0,0,0,0,0,0,0,0,0,0,0,0,0,0,0,0,0,0
21114995677952,47.777937,1786372572496510648,,0,0,0,0,0,0,0,0,0,0,0,0,0,0,0,0,0,0,0
21115015674592,47.797934,1786372572516504997,,0,0,0,0,0,0,0,0,0,0,0,0,0,0,0,0,0,0,0
21115035658944,47.817918,1786372572536510841,,0,0,0,0,0,0,0,0,0,0,0,0,0,0,0,0,0,0,0
21115055689664,47.837949,1786372572556531632,,0,0,0,0,0,0,0,0,0,0,0,0,0,0,0,0,0,0,0
21115075535840,47.857795,1786372572576528503,,0,0,0,0,0,0,0,0,0,0,0,0,0,0,0,0,0,0,0
21115095654528,47.877914,1786372572596525180,,0,0,0,0,0,0,0,0,0,0,0,0,0,0,0,0,0,0,0
21115115624512,47.897884,1786372572616521512,,0,0,0,0,0,0,0,0,0,0,0,0,0,0,0,0,0,0,0
21115135670560,47.91793,1786372572636511622,,0,0,0,0,0,0,0,0,0,0,0,0,0,0,0,0,0,0,0
21115155649152,47.937908,1786372572656503660,,0,0,0,0,0,0,0,0,0,0,0,0,0,0,0,0,0,0,0
21115175634784,47.957894,1786372572676511519,,0,0,0,0,0,0,0,0,0,0,0,0,0,0,0,0,0,0,0
21115195665696,47.977925,1786372572696531938,,0,0,0,0,0,0,0,0,0,0,0,0,0,0,0,0,0,0,0
21115215639296,47.997898,1786372572716528066,,0,0,0,0,0,0,0,0,0,0,0,0,0,0,0,0,0,0,0
21115235682560,48.017942,1786372572736524440,,0,0,0,0,0,0,0,0,0,0,0,0,0,0,0,0,0,0,0
21115255620256,48.037879,1786372572756507064,,0,0,0,0,0,0,0,0,0,0,0,0,0,0,0,0,0,0,0
21115275566304,48.057826,1786372572776511441,,0,0,0,0,0,0,0,0,0,0,0,0,0,0,0,0,0,0,0
21115295634880,48.077894,1786372572796504832,,0,0,0,0,0,0,0,0,0,0,0,0,0,0,0,0,0,0,0
21115315663872,48.097923,1786372572816510893,,0,0,0,0,0,0,0,0,0,0,0,0,0,0,0,0,0,0,0
21115335692000,48.117951,1786372572836531883,,0,0,0,0,0,0,0,0,0,0,0,0,0,0,0,0,0,0,0
21115355673376,48.137933,1786372572856527711,,0,0,0,0,0,0,0,0,0,0,0,0,0,0,0,0,0,0,0
21115375644224,48.157903,1786372572876525673,,0,0,0,0,0,0,0,0,0,0,0,0,0,0,0,0,0,0,0
21115395656992,48.177916,1786372572896507718,,0,0,0,0,0,0,0,0,0,0,0,0,0,0,0,0,0,0,0
21115415612832,48.197872,1786372572916512005,,0,0,0,0,0,0,0,0,0,0,0,0,0,0,0,0,0,0,0
21115435616256,48.217875,1786372572936504729,,0,0,0,0,0,0,0,0,0,0,0,0,0,0,0,0,0,0,0
21115455630560,48.23789,1786372572956510734,,0,0,0,0,0,0,0,0,0,0,0,0,0,0,0,0,0,0,0
21115475561984,48.257821,1786372572976530977,,0,0,0,0,0,0,0,0,0,0,0,0,0,0,0,0,0,0,0
21115495638208,48.277897,1786372572996528535,,0,0,0,0,0,0,0,0,0,0,0,0,0,0,0,0,0,0,0
21115515660352,48.29792,1786372573016524908,,0,0,0,0,0,0,0,0,0,0,0,0,0,0,0,0,0,0,0
21115535615168,48.317874,1786372573036508239,,0,0,0,0,0,0,0,0,0,0,0,0,0,0,0,0,0,0,0
21115555630336,48.33789,1786372573056511679,,0,0,0,0,0,0,0,0,0,0,0,0,0,0,0,0,0,0,0
21115575621984,48.357881,1786372573076505319,,0,0,0,0,0,0,0,0,0,0,0,0,0,0,0,0,0,0,0
21115595663776,48.377923,1786372573096513858,,0,0,0,0,0,0,0,0,0,0,0,0,0,0,0,0,0,0,0
21115615625472,48.397885,1786372573116531619,,0,0,0,0,0,0,0,0,0,0,0,0,0,0,0,0,0,0,0
21115635664704,48.417924,1786372573136526646,,0,0,0,0,0,0,0,0,0,0,0,0,0,0,0,0,0,0,0
21115655634560,48.437894,1786372573156523784,,0,0,0,0,0,0,0,0,0,0,0,0,0,0,0,0,0,0,0
21115675487008,48.457746,1786372573176508731,,0,0,0,0,0,0,0,0,0,0,0,0,0,0,0,0,0,0,0
21115695616064,48.477875,1786372573196510379,,0,0,0,0,0,0,0,0,0,0,0,0,0,0,0,0,0,0,0
21115715589824,48.497849,1786372573216504633,,0,0,0,0,0,0,0,0,0,0,0,0,0,0,0,0,0,0,0
21115735628544,48.517888,1786372573236510562,,0,0,0,0,0,0,0,0,0,0,0,0,0,0,0,0,0,0,0
21115755649952,48.537909,1786372573256531700,,0,0,0,0,0,0,0,0,0,0,0,0,0,0,0,0,0,0,0
21115775616640,48.557876,1786372573276528134,,0,0,0,0,0,0,0,0,0,0,0,0,0,0,0,0,0,0,0
21115795624736,48.577884,1786372573296523329,,0,0,0,0,0,0,0,0,0,0,0,0,0,0,0,0,0,0,0
21115815600672,48.59786,1786372573316507268,,0,0,0,0,0,0,0,0,0,0,0,0,0,0,0,0,0,0,0
21115835659744,48.617919,1786372573336512426,,0,0,0,0,0,0,0,0,0,0,0,0,0,0,0,0,0,0,0
21115855617632,48.637877,1786372573356506701,,0,0,0,0,0,0,0,0,0,0,0,0,0,0,0,0,0,0,0
21115875492448,48.657752,1786372573376510437,,0,0,0,0,0,0,0,0,0,0,0,0,0,0,0,0,0,0,0
21115895647296,48.677906,1786372573396531189,,0,0,0,0,0,0,0,0,0,0,0,0,0,0,0,0,0,0,0
21115915608736,48.697868,1786372573416527824,,0,0,0,0,0,0,0,0,0,0,0,0,0,0,0,0,0,0,0
21115935636576,48.717896,1786372573436523320,,0,0,0,0,0,0,0,0,0,0,0,0,0,0,0,0,0,0,0
21115955650592,48.73791,1786372573456506876,,0,0,0,0,0,0,0,0,0,0,0,0,0,0,0,0,0,0,0
21115975611200,48.75787,1786372573476511226,,0,0,0,0,0,0,0,0,0,0,0,0,0,0,0,0,0,0,0
21115995632224,48.777891,1786372573496504559,,0,0,0,0,0,0,0,0,0,0,0,0,0,0,0,0,0,0,0
21116015631456,48.797891,1786372573516511175,,0,0,0,0,0,0,0,0,0,0,0,0,0,0,0,0,0,0,0
21116035642016,48.817901,1786372573536530530,,0,0,0,0,0,0,0,0,0,0,0,0,0,0,0,0,0,0,0
21116055632160,48.837891,1786372573556527026,,0,0,0,0,0,0,0,0,0,0,0,0,0,0,0,0,0,0,0
21116075485056,48.857744,1786372573576523528,,0,0,0,0,0,0,0,0,0,0,0,0,0,0,0,0,0,0,0
21116095599584,48.877859,1786372573596509220,,0,0,0,0,0,0,0,0,0,0,0,0,0,0,0,0,0,0,0
21116115591584,48.897851,1786372573616512473,,0,0,0,0,0,0,0,0,0,0,0,0,0,0,0,0,0,0,0
21116135574432,48.917834,1786372573636517834,,0,0,0,0,0,0,0,0,0,0,0,0,0,0,0,0,0,0,0
21116155597312,48.937857,1786372573656510676,,0,0,0,0,0,0,0,0,0,0,0,0,0,0,0,0,0,0,0
21116175609376,48.957869,1786372573676532229,,0,0,0,0,0,0,0,0,0,0,0,0,0,0,0,0,0,0,0
21116195650368,48.97791,1786372573696526789,,0,0,0,0,0,0,0,0,0,0,0,0,0,0,0,0,0,0,0
21116215616480,48.997876,1786372573716524199,,0,0,0,0,0,0,0,0,0,0,0,0,0,0,0,0,0,0,0
21116235588768,49.017848,1786372573736505743,,0,0,0,0,0,0,0,0,0,0,0,0,0,0,0,0,0,0,0
21116255596576,49.037856,1786372573756511136,,0,0,0,0,0,0,0,0,0,0,0,0,0,0,0,0,0,0,0
21116275450080,49.057709,1786372573776503774,,0,0,0,0,0,0,0,0,0,0,0,0,0,0,0,0,0,0,0
21116295617056,49.077876,1786372573796510888,,0,0,0,0,0,0,0,0,0,0,0,0,0,0,0,0,0,0,0
21116315609120,49.097868,1786372573816533037,,0,0,0,0,0,0,0,0,0,0,0,0,0,0,0,0,0,0,0
21116335632608,49.117892,1786372573836526888,,0,0,0,0,0,0,0,0,0,0,0,0,0,0,0,0,0,0,0
21116355592640,49.137852,1786372573856524211,,0,0,0,0,0,0,0,0,0,0,0,0,0,0,0,0,0,0,0
21116375578496,49.157838,1786372573876506408,,0,0,0,0,0,0,0,0,0,0,0,0,0,0,0,0,0,0,0
21116395588000,49.177847,1786372573896510876,,0,0,0,0,0,0,0,0,0,0,0,0,0,0,0,0,0,0,0
21116415551136,49.19781,1786372573916504649,,0,0,0,0,0,0,0,0,0,0,0,0,0,0,0,0,0,0,0
21116435590144,49.217849,1786372573936510760,,0,0,0,0,0,0,0,0,0,0,0,0,0,0,0,0,0,0,0
21116455613952,49.237873,1786372573956531434,,0,0,0,0,0,0,0,0,0,0,0,0,0,0,0,0,0,0,0
21116475446976,49.257706,1786372573976528604,,0,0,0,0,0,0,0,0,0,0,0,0,0,0,0,0,0,0,0
21116495595424,49.277855,1786372573996523619,,0,0,0,0,0,0,0,0,0,0,0,0,0,0,0,0,0,0,0
21116515557472,49.297817,1786372574016507303,,0,0,0,0,0,0,0,0,0,0,0,0,0,0,0,0,0,0,0
21116535615360,49.317875,1786372574036526250,,0,0,0,0,0,0,0,0,0,0,0,0,0,0,0,0,0,0,0
21116555559744,49.337819,1786372574056504799,,0,0,0,0,0,0,0,0,0,0,0,0,0,0,0,0,0,0,0
21116575557056,49.357816,1786372574076511632,,0,0,0,0,0,0,0,0,0,0,0,0,0,0,0,0,0,0,0
21116595630848,49.37789,1786372574096534557,,0,0,0,0,0,0,0,0,0,0,0,0,0,0,0,0,0,0,0
21116615604960,49.397864,1786372574116527621,,0,0,0,0,0,0,0,0,0,0,0,0,0,0,0,0,0,0,0
21116635584864,49.417844,1786372574136524474,,0,0,0,0,0,0,0,0,0,0,0,0,0,0,0,0,0,0,0
21116655575552,49.437835,1786372574156506681,,0,0,0,0,0,0,0,0,0,0,0,0,0,0,0,0,0,0,0
21116675440352,49.4577,1786372574176512206,,0,0,0,0,0,0,0,0,0,0,0,0,0,0,0,0,0,0,0
21116695558048,49.477817,1786372574196504257,,0,0,0,0,0,0,0,0,0,0,0,0,0,0,0,0,0,0,0
21116715558144,49.497817,1786372574216512241,,0,0,0,0,0,0,0,0,0,0,0,0,0,0,0,0,0,0,0
21116735594176,49.517853,1786372574236532269,,0,0,0,0,0,0,0,0,0,0,0,0,0,0,0,0,0,0,0
21116755572064,49.537831,1786372574256528241,,0,0,0,0,0,0,0,0,0,0,0,0,0,0,0,0,0,0,0
21116775568352,49.557828,1786372574276523468,,0,0,0,0,0,0,0,0,0,0,0,0,0,0,0,0,0,0,0
21116795570688,49.57783,1786372574296507710,,0,0,0,0,0,0,0,0,0,0,0,0,0,0,0,0,0,0,0
21116815591296,49.59785,1786372574316511698,,0,0,0,0,0,0,0,0,0,0,0,0,0,0,0,0,0,0,0
21116835588000,49.617847,1786372574336505515,,0,0,0,0,0,0,0,0,0,0,0,0,0,0,0,0,0,0,0
21116855536544,49.637796,1786372574356512239,,0,0,0,0,0,0,0,0,0,0,0,0,0,0,0,0,0,0,0
21116875448192,49.657707,1786372574376531647,,0,0,0,0,0,0,0,0,0,0,0,0,0,0,0,0,0,0,0
21116895559040,49.677818,1786372574396526044,,0,0,0,0,0,0,0,0,0,0,0,0,0,0,0,0,0,0,0
21116915563104,49.697822,1786372574416523383,,0,0,0,0,0,0,0,0,0,0,0,0,0,0,0,0,0,0,0
21116935602912,49.717862,1786372574436507181,,0,0,0,0,0,0,0,0,0,0,0,0,0,0,0,0,0,0,0
21116955569184,49.737828,1786372574456511142,,0,0,0,0,0,0,0,0,0,0,0,0,0,0,0,0,0,0,0
21116975533376,49.757793,1786372574476504577,,0,0,0,0,0,0,0,0,0,0,0,0,0,0,0,0,0,0,0
21116995562176,49.777821,1786372574496510950,,0,0,0,0,0,0,0,0,0,0,0,0,0,0,0,0,0,0,0
21117015584224,49.797843,1786372574516532159,,0,0,0,0,0,0,0,0,0,0,0,0,0,0,0,0,0,0,0
21117035589728,49.817849,1786372574536528091,,0,0,0,0,0,0,0,0,0,0,0,0,0,0,0,0,0,0,0
21117055547680,49.837807,1786372574556522904,,0,0,0,0,0,0,0,0,0,0,0,0,0,0,0,0,0,0,0
21117075428160,49.857687,1786372574576506002,,0,0,0,0,0,0,0,0,0,0,0,0,0,0,0,0,0,0,0
21117095595328,49.877855,1786372574596513928,,0,0,0,0,0,0,0,0,0,0,0,0,0,0,0,0,0,0,0
21117115544512,49.897804,1786372574616504174,,0,0,0,0,0,0,0,0,0,0,0,0,0,0,0,0,0,0,0
21117135568480,49.917828,1786372574636509670,,0,0,0,0,0,0,0,0,0,0,0,0,0,0,0,0,0,0,0
21117155556320,49.937816,1786372574656532192,,0,0,0,0,0,0,0,0,0,0,0,0,0,0,0,0,0,0,0
21117175541152,49.9578,1786372574676525783,,0,0,0,0,0,0,0,0,0,0,0,0,0,0,0,0,0,0,0
21117195582720,49.977842,1786372574696523502,,0,0,0,0,0,0,0,0,0,0,0,0,0,0,0,0,0,0,0
21117215507072,49.997766,1786372574716507501,,0,0,0,0,0,0,0,0,0,0,0,0,0,0,0,0,0,0,0
21117235411328,50.017671,1786372574736511464,,0,0,0,0,0,0,0,0,0,0,0,0,0,0,0,0,0,0,0
21117255708768,50.037968,1786372574756506193,,0,0,0,0,0,0,0,0,0,0,0,0,0,0,0,0,0,0,0
21117275507520,50.057767,1786372574776511443,,0,0,0,0,0,0,0,0,0,0,0,0,0,0,0,0,0,0,0
21117295605056,50.077864,1786372574796533285,,0,0,0,0,0,0,0,0,0,0,0,0,0,0,0,0,0,0,0
21117315572896,50.097832,1786372574816526777,,0,0,0,0,0,0,0,0,0,0,0,0,0,0,0,0,0,0,0
21117335562368,50.117822,1786372574836523594,,0,0,0,0,0,0,0,0,0,0,0,0,0,0,0,0,0,0,0
21117355543168,50.137802,1786372574856506798,,0,0,0,0,0,0,0,0,0,0,0,0,0,0,0,0,0,0,0
21117375539456,50.157799,1786372574876511641,,0,0,0,0,0,0,0,0,0,0,0,0,0,0,0,0,0,0,0
21117395533856,50.177793,1786372574896504938,,0,0,0,0,0,0,0,0,0,0,0,0,0,0,0,0,0,0,0
21117415560064,50.197819,1786372574916511891,,0,0,0,0,0,0,0,0,0,0,0,0,0,0,0,0,0,0,0
21117435586528,50.217846,1786372574936531856,,0,0,0,0,0,0,0,0,0,0,0,0,0,0,0,0,0,0,0
21117455558048,50.237817,1786372574956526870,,0,0,0,0,0,0,0,0,0,0,0,0,0,0,0,0,0,0,0
21117475423968,50.257683,1786372574976524335,,0,0,0,0,0,0,0,0,0,0,0,0,0,0,0,0,0,0,0
21117495551904,50.277811,1786372574996507438,,0,0,0,0,0,0,0,0,0,0,0,0,0,0,0,0,0,0,0
21117515534848,50.297794,1786372575016511647,,0,0,0,0,0,0,0,0,0,0,0,0,0,0,0,0,0,0,0
21117535548256,50.317807,1786372575036504644,,0,0,0,0,0,0,0,0,0,0,0,0,0,0,0,0,0,0,0
21117555513216,50.337772,1786372575056510937,,0,0,0,0,0,0,0,0,0,0,0,0,0,0,0,0,0,0,0
21117575566144,50.357825,1786372575076533252,,0,0,0,0,0,0,0,0,0,0,0,0,0,0,0,0,0,0,0
21117595569312,50.377829,1786372575096529662,,0,0,0,0,0,0,0,0,0,0,0,0,0,0,0,0,0,0,0
21117615581184,50.39784,1786372575116525142,,0,0,0,0,0,0,0,0,0,0,0,0,0,0,0,0,0,0,0
21117635531488,50.417791,1786372575136507484,,0,0,0,0,0,0,0,0,0,0,0,0,0,0,0,0,0,0,0
21117655578752,50.437838,1786372575156511450,,0,0,0,0,0,0,0,0,0,0,0,0,0,0,0,0,0,0,0
21117675397216,50.457656,1786372575176505466,,0,0,0,0,0,0,0,0,0,0,0,0,0,0,0,0,0,0,0
21117695590656,50.47785,1786372575196511664,,0,0,0,0,0,0,0,0,0,0,0,0,0,0,0,0,0,0,0
21117715553888,50.497813,1786372575216531562,,0,0,0,0,0,0,0,0,0,0,0,0,0,0,0,0,0,0,0
21117735636736,50.517896,1786372575236541271,,0,0,0,0,0,0,0,0,0,0,0,0,0,0,0,0,0,0,0
21117755538176,50.537797,1786372575256522810,,0,0,0,0,0,0,0,0,0,0,0,0,0,0,0,0,0,0,0
21117775503648,50.557763,1786372575276506523,,0,0,0,0,0,0,0,0,0,0,0,0,0,0,0,0,0,0,0
21117795528448,50.577788,1786372575296511571,,0,0,0,0,0,0,0,0,0,0,0,0,0,0,0,0,0,0,0
21117815508768,50.597768,1786372575316504172,,0,0,0,0,0,0,0,0,0,0,0,0,0,0,0,0,0,0,0
21117835503744,50.617763,1786372575336510671,,0,0,0,0,0,0,0,0,0,0,0,0,0,0,0,0,0,0,0
21117855525344,50.637785,1786372575356532640,,0,0,0,0,0,0,0,0,0,0,0,0,0,0,0,0,0,0,0
21117875385600,50.657645,1786372575376527265,,0,0,0,0,0,0,0,0,0,0,0,0,0,0,0,0,0,0,0
21117895526304,50.677786,1786372575396523088,,0,0,0,0,0,0,0,0,0,0,0,0,0,0,0,0,0,0,0
21117915505984,50.697765,1786372575416506647,,0,0,0,0,0,0,0,0,0,0,0,0,0,0,0,0,0,0,0
21117935513312,50.717773,1786372575436510355,,0,0,0,0,0,0,0,0,0,0,0,0,0,0,0,0,0,0,0
21117955503648,50.737763,1786372575456522254,,0,0,0,0,0,0,0,0,0,0,0,0,0,0,0,0,0,0,0
21117975526176,50.757785,1786372575476510239,,0,0,0,0,0,0,0,0,0,0,0,0,0,0,0,0,0,0,0
21117995562592,50.777822,1786372575496531014,,0,0,0,0,0,0,0,0,0,0,0,0,0,0,0,0,0,0,0
21118015573728,50.797833,1786372575516526171,,0,0,0,0,0,0,0,0,0,0,0,0,0,0,0,0,0,0,0
21118035532128,50.817791,1786372575536523532,,0,0,0,0,0,0,0,0,0,0,0,0,0,0,0,0,0,0,0
21118055508864,50.837768,1786372575556507511,,0,0,0,0,0,0,0,0,0,0,0,0,0,0,0,0,0,0,0
21118075394016,50.857653,1786372575576510681,,0,0,0,0,0,0,0,0,0,0,0,0,0,0,0,0,0,0,0
21118095527808,50.877787,1786372575596505543,,0,0,0,0,0,0,0,0,0,0,0,0,0,0,0,0,0,0,0
21118115495392,50.897755,1786372575616511274,,0,0,0,0,0,0,0,0,0,0,0,0,0,0,0,0,0,0,0
21118135527488,50.917787,1786372575636532506,,0,0,0,0,0,0,0,0,0,0,0,0,0,0,0,0,0,0,0
21118155502880,50.937762,1786372575656528689,,0,0,0,0,0,0,0,0,0,0,0,0,0,0,0,0,0,0,0
21118175532320,50.957792,1786372575676523573,,0,0,0,0,0,0,0,0,0,0,0,0,0,0,0,0,0,0,0
21118195496800,50.977756,1786372575696507280,,0,0,0,0,0,0,0,0,0,0,0,0,0,0,0,0,0,0,0
21118215511104,50.99777,1786372575716511124,,0,0,0,0,0,0,0,0,0,0,0,0,0,0,0,0,0,0,0
21118235472864,51.017732,1786372575736504268,,0,0,0,0,0,0,0,0,0,0,0,0,0,0,0,0,0,0,0
21118255528704,51.037788,1786372575756511437,,0,0,0,0,0,0,0,0,0,0,0,0,0,0,0,0,0,0,0
21118275387680,51.057647,1786372575776531311,,0,0,0,0,0,0,0,0,0,0,0,0,0,0,0,0,0,0,0
21118295553344,51.077813,1786372575796526894,,0,0,0,0,0,0,0,0,0,0,0,0,0,0,0,0,0,0,0
21118315486272,51.097745,1786372575816523362,,0,0,0,0,0,0,0,0,0,0,0,0,0,0,0,0,0,0,0
21118335484160,51.117743,1786372575836506733,,0,0,0,0,0,0,0,0,0,0,0,0,0,0,0,0,0,0,0
21118355466592,51.137726,1786372575856512420,,0,0,0,0,0,0,0,0,0,0,0,0,0,0,0,0,0,0,0
21118375522816,51.157782,1786372575876505298,,0,0,0,0,0,0,0,0,0,0,0,0,0,0,0,0,0,0,0
21118395485184,51.177744,1786372575896511118,,0,0,0,0,0,0,0,0,0,0,0,0,0,0,0,0,0,0,0
21118415505664,51.197765,1786372575916531352,,0,0,0,0,0,0,0,0,0,0,0,0,0,0,0,0,0,0,0
21118435496800,51.217756,1786372575936527398,,0,0,0,0,0,0,0,0,0,0,0,0,0,0,0,0,0,0,0
21118455501888,51.237761,1786372575956523431,,0,0,0,0,0,0,0,0,0,0,0,0,0,0,0,0,0,0,0
21118475395552,51.257655,1786372575976506479,,0,0,0,0,0,0,0,0,0,0,0,0,0,0,0,0,0,0,0
21118495500736,51.27776,1786372575996509832,,0,0,0,0,0,0,0,0,0,0,0,0,0,0,0,0,0,0,0
21118515494112,51.297753,1786372576016504721,,0,0,0,0,0,0,0,0,0,0,0,0,0,0,0,0,0,0,0
21118535533216,51.317792,1786372576036512628,,0,0,0,0,0,0,0,0,0,0,0,0,0,0,0,0,0,0,0
21118555471040,51.33773,1786372576056532368,,0,0,0,0,0,0,0,0,0,0,0,0,0,0,0,0,0,0,0
21118575526656,51.357786,1786372576076527781,,0,0,0,0,0,0,0,0,0,0,0,0,0,0,0,0,0,0,0
21118595482272,51.377741,1786372576096527372,,0,0,0,0,0,0,0,0,0,0,0,0,0,0,0,0,0,0,0
21118615485120,51.397744,1786372576116507587,,0,0,0,0,0,0,0,0,0,0,0,0,0,0,0,0,0,0,0
21118635479360,51.417739,1786372576136511516,,0,0,0,0,0,0,0,0,0,0,0,0,0,0,0,0,0,0,0
21118655494016,51.437753,1786372576156505022,,0,0,0,0,0,0,0,0,0,0,0,0,0,0,0,0,0,0,0
21118675347680,51.457607,1786372576176511928,,0,0,0,0,0,0,0,0,0,0,0,0,0,0,0,0,0,0,0
21118695531872,51.477791,1786372576196531800,,0,0,0,0,0,0,0,0,0,0,0,0,0,0,0,0,0,0,0
21118715478272,51.497737,1786372576216527762,,0,0,0,0,0,0,0,0,0,0,0,0,0,0,0,0,0,0,0
21118735458432,51.517718,1786372576236523889,,0,0,0,0,0,0,0,0,0,0,0,0,0,0,0,0,0,0,0
21118755454432,51.537714,1786372576256506962,,0,0,0,0,0,0,0,0,0,0,0,0,0,0,0,0,0,0,0
21118775490432,51.55775,1786372576276511639,,0,0,0,0,0,0,0,0,0,0,0,0,0,0,0,0,0,0,0
21118795470752,51.57773,1786372576296504608,,0,0,0,0,0,0,0,0,0,0,0,0,0,0,0,0,0,0,0
21118815452320,51.597712,1786372576316510306,,0,0,0,0,0,0,0,0,0,0,0,0,0,0,0,0,0,0,0
21118835475712,51.617735,1786372576336532231,,0,0,0,0,0,0,0,0,0,0,0,0,0,0,0,0,0,0,0
21118855515328,51.637775,1786372576356527052,,0,0,0,0,0,0,0,0,0,0,0,0,0,0,0,0,0,0,0
21118875413984,51.657673,1786372576376523326,,0,0,0,0,0,0,0,0,0,0,0,0,0,0,0,0,0,0,0
21118895523392,51.677783,1786372576396506999,,0,0,0,0,0,0,0,0,0,0,0,0,0,0,0,0,0,0,0
21118915466336,51.697726,1786372576416511216,,0,0,0,0,0,0,0,0,0,0,0,0,0,0,0,0,0,0,0
21118935447424,51.717707,1786372576436504458,,0,0,0,0,0,0,0,0,0,0,0,0,0,0,0,0,0,0,0
21118955480608,51.73774,1786372576456511748,,0,0,0,0,0,0,0,0,0,0,0,0,0,0,0,0,0,0,0
21118975482368,51.757742,1786372576476531764,,0,0,0,0,0,0,0,0,0,0,0,0,0,0,0,0,0,0,0
21118995488128,51.777747,1786372576496527059,,0,0,0,0,0,0,0,0,0,0,0,0,0,0,0,0,0,0,0
21119015456992,51.797716,1786372576516525076,,0,0,0,0,0,0,0,0,0,0,0,0,0,0,0,0,0,0,0
21119035470496,51.81773,1786372576536512572,,0,0,0,0,0,0,0,0,0,0,0,0,0,0,0,0,0,0,0
21119055479392,51.837739,1786372576556511017,,0,0,0,0,0,0,0,0,0,0,0,0,0,0,0,0,0,0,0
21119075373696,51.857633,1786372576576504066,,0,0,0,0,0,0,0,0,0,0,0,0,0,0,0,0,0,0,0
21119095443296,51.877702,1786372576596513922,,0,0,0,0,0,0,0,0,0,0,0,0,0,0,0,0,0,0,0
21119115466144,51.897725,1786372576616531522,,0,0,0,0,0,0,0,0,0,0,0,0,0,0,0,0,0,0,0
21119135458496,51.917718,1786372576636527248,,0,0,0,0,0,0,0,0,0,0,0,0,0,0,0,0,0,0,0
21119155502688,51.937762,1786372576656524413,,0,0,0,0,0,0,0,0,0,0,0,0,0,0,0,0,0,0,0
21119175439680,51.957699,1786372576676506811,,0,0,0,0,0,0,0,0,0,0,0,0,0,0,0,0,0,0,0
21119195464960,51.977724,1786372576696510913,,0,0,0,0,0,0,0,0,0,0,0,0,0,0,0,0,0,0,0
21119215486080,51.997745,1786372576716504028,,0,0,0,0,0,0,0,0,0,0,0,0,0,0,0,0,0,0,0
21119235470368,52.01773,1786372576736511057,,0,0,0,0,0,0,0,0,0,0,0,0,0,0,0,0,0,0,0
21119255747488,52.038007,1786372576756531737,,0,0,0,0,0,0,0,0,0,0,0,0,0,0,0,0,0,0,0
21119275370080,52.057629,1786372576776527561,,0,0,0,0,0,0,0,0,0,0,0,0,0,0,0,0,0,0,0
21119295535520,52.077795,1786372576796523715,,0,0,0,0,0,0,0,0,0,0,0,0,0,0,0,0,0,0,0
21119315443712,52.097703,1786372576816506557,,0,0,0,0,0,0,0,0,0,0,0,0,0,0,0,0,0,0,0
21119335426304,52.117686,1786372576836511188,,0,0,0,0,0,0,0,0,0,0,0,0,0,0,0,0,0,0,0
21119355456224,52.137715,1786372576856503966,,0,0,0,0,0,0,0,0,0,0,0,0,0,0,0,0,0,0,0
21119375436704,52.157696,1786372576876511097,,0,0,0,0,0,0,0,0,0,0,0,0,0,0,0,0,0,0,0
21119395469280,52.177728,1786372576896533585,,0,0,0,0,0,0,0,0,0,0,0,0,0,0,0,0,0,0,0
21119415438784,52.197698,1786372576916526575,,0,0,0,0,0,0,0,0,0,0,0,0,0,0,0,0,0,0,0
21119435500448,52.21776,1786372576936524465,,0,0,0,0,0,0,0,0,0,0,0,0,0,0,0,0,0,0,0
21119455429216,52.237688,1786372576956506280,,0,0,0,0,0,0,0,0,0,0,0,0,0,0,0,0,0,0,0
21119475357568,52.257617,1786372576976511445,,0,0,0,0,0,0,0,0,0,0,0,0,0,0,0,0,0,0,0
21119495455168,52.277714,1786372576996503858,,0,0,0,0,0,0,0,0,0,0,0,0,0,0,0,0,0,0,0
21119515447296,52.297706,1786372577016511648,,0,0,0,0,0,0,0,0,0,0,0,0,0,0,0,0,0,0,0
21119535450848,52.31771,1786372577036531831,,0,0,0,0,0,0,0,0,0,0,0,0,0,0,0,0,0,0,0
21119555474400,52.337734,1786372577056527699,,0,0,0,0,0,0,0,0,0,0,0,0,0,0,0,0,0,0,0
21119575467968,52.357727,1786372577076523851,,0,0,0,0,0,0,0,0,0,0,0,0,0,0,0,0,0,0,0
21119595442624,52.377702,1786372577096510497,,0,0,0,0,0,0,0,0,0,0,0,0,0,0,0,0,0,0,0
21119615403936,52.397663,1786372577116511627,,0,0,0,0,0,0,0,0,0,0,0,0,0,0,0,0,0,0,0
21119635416256,52.417675,1786372577136504676,,0,0,0,0,0,0,0,0,0,0,0,0,0,0,0,0,0,0,0
21119655435680,52.437695,1786372577156511401,,0,0,0,0,0,0,0,0,0,0,0,0,0,0,0,0,0,0,0
21119675307840,52.457567,1786372577176532279,,0,0,0,0,0,0,0,0,0,0,0,0,0,0,0,0,0,0,0
21119695446048,52.477705,1786372577196527074,,0,0,0,0,0,0,0,0,0,0,0,0,0,0,0,0,0,0,0
21119715423168,52.497682,1786372577216525643,,0,0,0,0,0,0,0,0,0,0,0,0,0,0,0,0,0,0,0
21119735405856,52.517665,1786372577236508068,,0,0,0,0,0,0,0,0,0,0,0,0,0,0,0,0,0,0,0
21119755438080,52.537697,1786372577256511630,,0,0,0,0,0,0,0,0,0,0,0,0,0,0,0,0,0,0,0
21119775437792,52.557697,1786372577276503767,,0,0,0,0,0,0,0,0,0,0,0,0,0,0,0,0,0,0,0
21119795411456,52.577671,1786372577296509997,,0,0,0,0,0,0,0,0,0,0,0,0,0,0,0,0,0,0,0
21119815440032,52.597699,1786372577316531824,,0,0,0,0,0,0,0,0,0,0,0,0,0,0,0,0,0,0,0
21119835463232,52.617722,1786372577336528139,,0,0,0,0,0,0,0,0,0,0,0,0,0,0,0,0,0,0,0
21119855436352,52.637696,1786372577356523465,,0,0,0,0,0,0,0,0,0,0,0,0,0,0,0,0,0,0,0
21119875322528,52.657582,1786372577376506014,,0,0,0,0,0,0,0,0,0,0,0,0,0,0,0,0,0,0,0
21119895426496,52.677686,1786372577396511412,,0,0,0,0,0,0,0,0,0,0,0,0,0,0,0,0,0,0,0
21119915398208,52.697657,1786372577416504501,,0,0,0,0,0,0,0,0,0,0,0,0,0,0,0,0,0,0,0
21119935424800,52.717684,1786372577436511301,,0,0,0,0,0,0,0,0,0,0,0,0,0,0,0,0,0,0,0
21119955442272,52.737701,1786372577456531749,,0,0,0,0,0,0,0,0,0,0,0,0,0,0,0,0,0,0,0
21119975442240,52.757701,1786372577476527079,,0,0,0,0,0,0,0,0,0,0,0,0,0,0,0,0,0,0,0
21119995420640,52.77768,1786372577496525084,,0,0,0,0,0,0,0,0,0,0,0,0,0,0,0,0,0,0,0
21120015416096,52.797675,1786372577516507922,,0,0,0,0,0,0,0,0,0,0,0,0,0,0,0,0,0,0,0
21120035468992,52.817728,1786372577536511957,,0,0,0,0,0,0,0,0,0,0,0,0,0,0,0,0,0,0,0
21120055442016,52.837701,1786372577556504235,,0,0,0,0,0,0,0,0,0,0,0,0,0,0,0,0,0,0,0
21120075338336,52.857598,1786372577576510011,,0,0,0,0,0,0,0,0,0,0,0,0,0,0,0,0,0,0,0
21120095431552,52.877691,1786372577596535075,,0,0,0,0,0,0,0,0,0,0,0,0,0,0,0,0,0,0,0
21120115447424,52.897707,1786372577616533158,,0,0,0,0,0,0,0,0,0,0,0,0,0,0,0,0,0,0,0
21120135423872,52.917683,1786372577636524030,,0,0,0,0,0,0,0,0,0,0,0,0,0,0,0,0,0,0,0
21120155392960,52.937652,1786372577656506832,,0,0,0,0,0,0,0,0,0,0,0,0,0,0,0,0,0,0,0
21120175403680,52.957663,1786372577676511665,,0,0,0,0,0,0,0,0,0,0,0,0,0,0,0,0,0,0,0
21120195378432,52.977638,1786372577696504242,,0,0,0,0,0,0,0,0,0,0,0,0,0,0,0,0,0,0,0
21120215397792,52.997657,1786372577716511375,,0,0,0,0,0,0,0,0,0,0,0,0,0,0,0,0,0,0,0
21120235429600,53.017689,1786372577736531605,,0,0,0,0,0,0,0,0,0,0,0,0,0,0,0,0,0,0,0
21120255427136,53.037686,1786372577756527480,,0,0,0,0,0,0,0,0,0,0,0,0,0,0,0,0,0,0,0
21120275387552,53.057647,1786372577776523972,,0,0,0,0,0,0,0,0,0,0,0,0,0,0,0,0,0,0,0
21120295398944,53.077658,1786372577796507432,,0,0,0,0,0,0,0,0,0,0,0,0,0,0,0,0,0,0,0
21120315378048,53.097637,1786372577816512123,,0,0,0,0,0,0,0,0,0,0,0,0,0,0,0,0,0,0,0
21120335398304,53.117658,1786372577836505391,,0,0,0,0,0,0,0,0,0,0,0,0,0,0,0,0,0,0,0
21120355381984,53.137641,1786372577856512055,,0,0,0,0,0,0,0,0,0,0,0,0,0,0,0,0,0,0,0
21120375407840,53.157667,1786372577876532415,,0,0,0,0,0,0,0,0,0,0,0,0,0,0,0,0,0,0,0
21120395418752,53.177678,1786372577896527777,,0,0,0,0,0,0,0,0,0,0,0,0,0,0,0,0,0,0,0
21120415425760,53.197685,1786372577916523384,,0,0,0,0,0,0,0,0,0,0,0,0,0,0,0,0,0,0,0
21120435371328,53.217631,1786372577936506686,,0,0,0,0,0,0,0,0,0,0,0,0,0,0,0,0,0,0,0
21120455391680,53.237651,1786372577956511880,,0,0,0,0,0,0,0,0,0,0,0,0,0,0,0,0,0,0,0
21120475275712,53.257535,1786372577976504424,,0,0,0,0,0,0,0,0,0,0,0,0,0,0,0,0,0,0,0
21120495405088,53.277664,1786372577996510157,,0,0,0,0,0,0,0,0,0,0,0,0,0,0,0,0,0,0,0
21120515427936,53.297687,1786372578016531796,,0,0,0,0,0,0,0,0,0,0,0,0,0,0,0,0,0,0,0
21120535408608,53.317668,1786372578036527901,,0,0,0,0,0,0,0,0,0,0,0,0,0,0,0,0,0,0,0
21120555393856,53.337653,1786372578056524439,,0,0,0,0,0,0,0,0,0,0,0,0,0,0,0,0,0,0,0
21120575424192,53.357683,1786372578076508026,,0,0,0,0,0,0,0,0,0,0,0,0,0,0,0,0,0,0,0
21120595425472,53.377685,1786372578096516133,,0,0,0,0,0,0,0,0,0,0,0,0,0,0,0,0,0,0,0
21120615365344,53.397625,1786372578116504868,,0,0,0,0,0,0,0,0,0,0,0,0,0,0,0,0,0,0,0
21120635386880,53.417646,1786372578136510756,,0,0,0,0,0,0,0,0,0,0,0,0,0,0,0,0,0,0,0
21120655402112,53.437661,1786372578156532447,,0,0,0,0,0,0,0,0,0,0,0,0,0,0,0,0,0,0,0
21120675255968,53.457515,1786372578176527030,,0,0,0,0,0,0,0,0,0,0,0,0,0,0,0,0,0,0,0
21120695383808,53.477643,1786372578196525414,,0,0,0,0,0,0,0,0,0,0,0,0,0,0,0,0,0,0,0
21120715379200,53.497638,1786372578216506774,,0,0,0,0,0,0,0,0,0,0,0,0,0,0,0,0,0,0,0
21120735390624,53.51765,1786372578236511439,,0,0,0,0,0,0,0,0,0,0,0,0,0,0,0,0,0,0,0
21120755378048,53.537637,1786372578256505025,,0,0,0,0,0,0,0,0,0,0,0,0,0,0,0,0,0,0,0
21120775364416,53.557624,1786372578276510079,,0,0,0,0,0,0,0,0,0,0,0,0,0,0,0,0,0,0,0
21120795405312,53.577665,1786372578296532631,,0,0,0,0,0,0,0,0,0,0,0,0,0,0,0,0,0,0,0
21120815421408,53.597681,1786372578316527704,,0,0,0,0,0,0,0,0,0,0,0,0,0,0,0,0,0,0,0
21120835379840,53.617639,1786372578336524121,,0,0,0,0,0,0,0,0,0,0,0,0,0,0,0,0,0,0,0
21120855381920,53.637641,1786372578356507885,,0,0,0,0,0,0,0,0,0,0,0,0,0,0,0,0,0,0,0
21120875244288,53.657503,1786372578376510891,,0,0,0,0,0,0,0,0,0,0,0,0,0,0,0,0,0,0,0
21120895318336,53.677578,1786372578396504816,,0,0,0,0,0,0,0,0,0,0,0,0,0,0,0,0,0,0,0
21120915389600,53.697649,1786372578416510557,,0,0,0,0,0,0,0,0,0,0,0,0,0,0,0,0,0,0,0
21120935416896,53.717676,1786372578436533372,,0,0,0,0,0,0,0,0,0,0,0,0,0,0,0,0,0,0,0
21120955403840,53.737663,1786372578456525761,,0,0,0,0,0,0,0,0,0,0,0,0,0,0,0,0,0,0,0
21120975380416,53.75764,1786372578476523331,,0,0,0,0,0,0,0,0,0,0,0,0,0,0,0,0,0,0,0
21120995372960,53.777632,1786372578496506894,,0,0,0,0,0,0,0,0,0,0,0,0,0,0,0,0,0,0,0
21121015389408,53.797649,1786372578516512381,,0,0,0,0,0,0,0,0,0,0,0,0,0,0,0,0,0,0,0
21121035367584,53.817627,1786372578536504698,,0,0,0,0,0,0,0,0,0,0,0,0,0,0,0,0,0,0,0
21121055365568,53.837625,1786372578556512639,,0,0,0,0,0,0,0,0,0,0,0,0,0,0,0,0,0,0,0
21121075246176,53.857505,1786372578576532580,,0,0,0,0,0,0,0,0,0,0,0,0,0,0,0,0,0,0,0
21121095424320,53.877684,1786372578596530992,,0,0,0,0,0,0,0,0,0,0,0,0,0,0,0,0,0,0,0
21121115381824,53.897641,1786372578616523527,,0,0,0,0,0,0,0,0,0,0,0,0,0,0,0,0,0,0,0
21121135392992,53.917652,1786372578636506936,,0,0,0,0,0,0,0,0,0,0,0,0,0,0,0,0,0,0,0
21121155397568,53.937657,1786372578656511305,,0,0,0,0,0,0,0,0,0,0,0,0,0,0,0,0,0,0,0
21121175368832,53.957628,1786372578676504616,,0,0,0,0,0,0,0,0,0,0,0,0,0,0,0,0,0,0,0
21121195355040,53.977614,1786372578696513102,,0,0,0,0,0,0,0,0,0,0,0,0,0,0,0,0,0,0,0
21121215416192,53.997675,1786372578716531648,,0,0,0,0,0,0,0,0,0,0,0,0,0,0,0,0,0,0,0
21121235400800,54.01766,1786372578736528164,,0,0,0,0,0,0,0,0,0,0,0,0,0,0,0,0,0,0,0
21121255389408,54.037649,1786372578756524384,,0,0,0,0,0,0,0,0,0,0,0,0,0,0,0,0,0,0,0
21121275223648,54.057483,1786372578776507179,,0,0,0,0,0,0,0,0,0,0,0,0,0,0,0,0,0,0,0
21121295416352,54.077676,1786372578796513691,,0,0,0,0,0,0,0,0,0,0,0,0,0,0,0,0,0,0,0
21121315357152,54.097616,1786372578816516157,,0,0,0,0,0,0,0,0,0,0,0,0,0,0,0,0,0,0,0
21121335350688,54.11761,1786372578836513165,,0,0,0,0,0,0,0,0,0,0,0,0,0,0,0,0,0,0,0
21121355347136,54.137606,1786372578856532939,,0,0,0,0,0,0,0,0,0,0,0,0,0,0,0,0,0,0,0
21121375360800,54.15762,1786372578876527837,,0,0,0,0,0,0,0,0,0,0,0,0,0,0,0,0,0,0,0
21121395381568,54.177641,1786372578896523478,,0,0,0,0,0,0,0,0,0,0,0,0,0,0,0,0,0,0,0
21121415390368,54.19765,1786372578916509319,,0,0,0,0,0,0,0,0,0,0,0,0,0,0,0,0,0,0,0
21121435360096,54.217619,1786372578936511500,,0,0,0,0,0,0,0,0,0,0,0,0,0,0,0,0,0,0,0
21121455349184,54.237608,1786372578956504370,,0,0,0,0,0,0,0,0,0,0,0,0,0,0,0,0,0,0,0
21121475222336,54.257482,1786372578976511957,,0,0,0,0,0,0,0,0,0,0,0,0,0,0,0,0,0,0,0
21121495403872,54.277663,1786372578996535222,,0,0,0,0,0,0,0,0,0,0,0,0,0,0,0,0,0,0,0
21121515377664,54.297637,1786372579016528995,,0,0,0,0,0,0,0,0,0,0,0,0,0,0,0,0,0,0,0
21121535359808,54.317619,1786372579036526356,,0,0,0,0,0,0,0,0,0,0,0,0,0,0,0,0,0,0,0
21121555348096,54.337607,1786372579056507471,,0,0,0,0,0,0,0,0,0,0,0,0,0,0,0,0,0,0,0
21121575353952,54.357613,1786372579076513703,,0,0,0,0,0,0,0,0,0,0,0,0,0,0,0,0,0,0,0
21121595382048,54.377641,1786372579096509732,,0,0,0,0,0,0,0,0,0,0,0,0,0,0,0,0,0,0,0
21121615356800,54.397616,1786372579116512120,,0,0,0,0,0,0,0,0,0,0,0,0,0,0,0,0,0,0,0
21121635365600,54.417625,1786372579136533106,,0,0,0,0,0,0,0,0,0,0,0,0,0,0,0,0,0,0,0
21121655355072,54.437614,1786372579156528874,,0,0,0,0,0,0,0,0,0,0,0,0,0,0,0,0,0,0,0
21121675226048,54.457485,1786372579176526360,,0,0,0,0,0,0,0,0,0,0,0,0,0,0,0,0,0,0,0
21121695354944,54.477614,1786372579196511002,,0,0,0,0,0,0,0,0,0,0,0,0,0,0,0,0,0,0,0
21121715342816,54.497602,1786372579216511605,,0,0,0,0,0,0,0,0,0,0,0,0,0,0,0,0,0,0,0
21121735349088,54.517608,1786372579236504653,,0,0,0,0,0,0,0,0,0,0,0,0,0,0,0,0,0,0,0
21121755338336,54.537598,1786372579256511084,,0,0,0,0,0,0,0,0,0,0,0,0,0,0,0,0,0,0,0
21121775374720,54.557634,1786372579276531724,,0,0,0,0,0,0,0,0,0,0,0,0,0,0,0,0,0,0,0
21121795388800,54.577648,1786372579296530544,,0,0,0,0,0,0,0,0,0,0,0,0,0,0,0,0,0,0,0
21121815394112,54.597653,1786372579316523986,,0,0,0,0,0,0,0,0,0,0,0,0,0,0,0,0,0,0,0
21121835344608,54.617604,1786372579336508082,,0,0,0,0,0,0,0,0,0,0,0,0,0,0,0,0,0,0,0
21121855410880,54.63767,1786372579356512722,,0,0,0,0,0,0,0,0,0,0,0,0,0,0,0,0,0,0,0
21121875194176,54.657453,1786372579376504412,,0,0,0,0,0,0,0,0,0,0,0,0,0,0,0,0,0,0,0
21121895423392,54.677683,1786372579396512530,,0,0,0,0,0,0,0,0,0,0,0,0,0,0,0,0,0,0,0
21121915370944,54.69763,1786372579416532808,,0,0,0,0,0,0,0,0,0,0,0,0,0,0,0,0,0,0,0
21121935354272,54.717613,1786372579436528143,,0,0,0,0,0,0,0,0,0,0,0,0,0,0,0,0,0,0,0
21121955333024,54.737592,1786372579456523764,,0,0,0,0,0,0,0,0,0,0,0,0,0,0,0,0,0,0,0
21121975346976,54.757606,1786372579476506778,,0,0,0,0,0,0,0,0,0,0,0,0,0,0,0,0,0,0,0
21121995349504,54.777609,1786372579496513447,,0,0,0,0,0,0,0,0,0,0,0,0,0,0,0,0,0,0,0
21122015333728,54.797593,1786372579516504792,,0,0,0,0,0,0,0,0,0,0,0,0,0,0,0,0,0,0,0
21122035327296,54.817586,1786372579536511407,,0,0,0,0,0,0,0,0,0,0,0,0,0,0,0,0,0,0,0
21122055323840,54.837583,1786372579556532589,,0,0,0,0,0,0,0,0,0,0,0,0,0,0,0,0,0,0,0
21122075339040,54.857598,1786372579576541804,,0,0,0,0,0,0,0,0,0,0,0,0,0,0,0,0,0,0,0
21122095382816,54.877642,1786372579596526359,,0,0,0,0,0,0,0,0,0,0,0,0,0,0,0,0,0,0,0
21122115325792,54.897585,1786372579616506892,,0,0,0,0,0,0,0,0,0,0,0,0,0,0,0,0,0,0,0
21122135326048,54.917585,1786372579636511579,,0,0,0,0,0,0,0,0,0,0,0,0,0,0,0,0,0,0,0
21122155307424,54.937567,1786372579656518688,,0,0,0,0,0,0,0,0,0,0,0,0,0,0,0,0,0,0,0
21122175361280,54.95762,1786372579676512347,,0,0,0,0,0,0,0,0,0,0,0,0,0,0,0,0,0,0,0
21122195375616,54.977635,1786372579696534869,,0,0,0,0,0,0,0,0,0,0,0,0,0,0,0,0,0,0,0
21122215395328,54.997655,1786372579716526016,,0,0,0,0,0,0,0,0,0,0,0,0,0,0,0,0,0,0,0
21122235336960,55.017596,1786372579736524478,,0,0,0,0,0,0,0,0,0,0,0,0,0,0,0,0,0,0,0
21122255400800,55.03766,1786372579756508187,,0,0,0,0,0,0,0,0,0,0,0,0,0,0,0,0,0,0,0
21122275352896,55.057612,1786372579776514398,,0,0,0,0,0,0,0,0,0,0,0,0,0,0,0,0,0,0,0
21122295399168,55.077658,1786372579796505294,,0,0,0,0,0,0,0,0,0,0,0,0,0,0,0,0,0,0,0
21122315320736,55.09758,1786372579816516833,,0,0,0,0,0,0,0,0,0,0,0,0,0,0,0,0,0,0,0
21122335333664,55.117593,1786372579836531756,,0,0,0,0,0,0,0,0,0,0,0,0,0,0,0,0,0,0,0
21122355333056,55.137592,1786372579856527625,,0,0,0,0,0,0,0,0,0,0,0,0,0,0,0,0,0,0,0
21122375358624,55.157618,1786372579876523997,,0,0,0,0,0,0,0,0,0,0,0,0,0,0,0,0,0,0,0
21122395314848,55.177574,1786372579896506468,,0,0,0,0,0,0,0,0,0,0,0,0,0,0,0,0,0,0,0
21122415400864,55.19766,1786372579916510645,,0,0,0,0,0,0,0,0,0,0,0,0,0,0,0,0,0,0,0
21122435308864,55.217568,1786372579936504310,,0,0,0,0,0,0,0,0,0,0,0,0,0,0,0,0,0,0,0
21122455423936,55.237683,1786372579956512021,,0,0,0,0,0,0,0,0,0,0,0,0,0,0,0,0,0,0,0
21122475181600,55.257441,1786372579976531664,,0,0,0,0,0,0,0,0,0,0,0,0,0,0,0,0,0,0,0
21122495394144,55.277653,1786372579996526060,,0,0,0,0,0,0,0,0,0,0,0,0,0,0,0,0,0,0,0
21122515330688,55.29759,1786372580016524275,,0,0,0,0,0,0,0,0,0,0,0,0,0,0,0,0,0,0,0
21122535355264,55.317614,1786372580036506368,,0,0,0,0,0,0,0,0,0,0,0,0,0,0,0,0,0,0,0
21122555293696,55.337553,1786372580056510761,,0,0,0,0,0,0,0,0,0,0,0,0,0,0,0,0,0,0,0
21122575353184,55.357612,1786372580076506106,,0,0,0,0,0,0,0,0,0,0,0,0,0,0,0,0,0,0,0
21122595347840,55.377607,1786372580096513222,,0,0,0,0,0,0,0,0,0,0,0,0,0,0,0,0,0,0,0
21122615359616,55.397619,1786372580116532027,,0,0,0,0,0,0,0,0,0,0,0,0,0,0,0,0,0,0,0
21122635335904,55.417595,1786372580136528164,,0,0,0,0,0,0,0,0,0,0,0,0,0,0,0,0,0,0,0
21122655349952,55.437609,1786372580156521526,,0,0,0,0,0,0,0,0,0,0,0,0,0,0,0,0,0,0,0
21122675183104,55.457442,1786372580176509195,,0,0,0,0,0,0,0,0,0,0,0,0,0,0,0,0,0,0,0
21122695373568,55.477633,1786372580196512064,,0,0,0,0,0,0,0,0,0,0,0,0,0,0,0,0,0,0,0
21122715295456,55.497555,1786372580216505821,,0,0,0,0,0,0,0,0,0,0,0,0,0,0,0,0,0,0,0
21122735279040,55.517538,1786372580236511879,,0,0,0,0,0,0,0,0,0,0,0,0,0,0,0,0,0,0,0
21122755349600,55.537609,1786372580256532076,,0,0,0,0,0,0,0,0,0,0,0,0,0,0,0,0,0,0,0
21122775352640,55.557612,1786372580276527907,,0,0,0,0,0,0,0,0,0,0,0,0,0,0,0,0,0,0,0
21122795350656,55.57761,1786372580296526497,,0,0,0,0,0,0,0,0,0,0,0,0,0,0,0,0,0,0,0
21122815332512,55.597592,1786372580316507848,,0,0,0,0,0,0,0,0,0,0,0,0,0,0,0,0,0,0,0
21122835335072,55.617594,1786372580336513667,,0,0,0,0,0,0,0,0,0,0,0,0,0,0,0,0,0,0,0
21122855303360,55.637563,1786372580356505713,,0,0,0,0,0,0,0,0,0,0,0,0,0,0,0,0,0,0,0
21122875209440,55.657469,1786372580376512007,,0,0,0,0,0,0,0,0,0,0,0,0,0,0,0,0,0,0,0
21122895305568,55.677565,1786372580396547107,,0,0,0,0,0,0,0,0,0,0,0,0,0,0,0,0,0,0,0
21122915319168,55.697578,1786372580416528513,,0,0,0,0,0,0,0,0,0,0,0,0,0,0,0,0,0,0,0
21122935300928,55.71756,1786372580436523762,,0,0,0,0,0,0,0,0,0,0,0,0,0,0,0,0,0,0,0
21122955261184,55.73752,1786372580456506654,,0,0,0,0,0,0,0,0,0,0,0,0,0,0,0,0,0,0,0
21122975324224,55.757583,1786372580476511187,,0,0,0,0,0,0,0,0,0,0,0,0,0,0,0,0,0,0,0
21122995331360,55.777591,1786372580496502930,,0,0,0,0,0,0,0,0,0,0,0,0,0,0,0,0,0,0,0
21123015289824,55.797549,1786372580516511402,,0,0,0,0,0,0,0,0,0,0,0,0,0,0,0,0,0,0,0
21123035331168,55.81759,1786372580536530570,,0,0,0,0,0,0,0,0,0,0,0,0,0,0,0,0,0,0,0
21123055334368,55.837594,1786372580556542793,,0,0,0,0,0,0,0,0,0,0,0,0,0,0,0,0,0,0,0
21123075187776,55.857447,1786372580576524112,,0,0,0,0,0,0,0,0,0,0,0,0,0,0,0,0,0,0,0
21123095316384,55.877576,1786372580596511135,,0,0,0,0,0,0,0,0,0,0,0,0,0,0,0,0,0,0,0
21123115267488,55.897527,1786372580616512405,,0,0,0,0,0,0,0,0,0,0,0,0,0,0,0,0,0,0,0
21123135281152,55.91754,1786372580636504046,,0,0,0,0,0,0,0,0,0,0,0,0,0,0,0,0,0,0,0
21123155278912,55.937538,1786372580656512564,,0,0,0,0,0,0,0,0,0,0,0,0,0,0,0,0,0,0,0
21123175335104,55.957594,1786372580676532057,,0,0,0,0,0,0,0,0,0,0,0,0,0,0,0,0,0,0,0
21123195350784,55.97761,1786372580696527968,,0,0,0,0,0,0,0,0,0,0,0,0,0,0,0,0,0,0,0
21123215295008,55.997554,1786372580716524358,,0,0,0,0,0,0,0,0,0,0,0,0,0,0,0,0,0,0,0
21123235291360,56.017551,1786372580736506122,,0,0,0,0,0,0,0,0,0,0,0,0,0,0,0,0,0,0,0
21123255352704,56.037612,1786372580756512296,,0,0,0,0,0,0,0,0,0,0,0,0,0,0,0,0,0,0,0
21123275280960,56.05754,1786372580776505326,,0,0,0,0,0,0,0,0,0,0,0,0,0,0,0,0,0,0,0
21123295299040,56.077558,1786372580796510438,,0,0,0,0,0,0,0,0,0,0,0,0,0,0,0,0,0,0,0
21123315264800,56.097524,1786372580816530546,,0,0,0,0,0,0,0,0,0,0,0,0,0,0,0,0,0,0,0
21123335316160,56.117575,1786372580836534000,,0,0,0,0,0,0,0,0,0,0,0,0,0,0,0,0,0,0,0
21123355293728,56.137553,1786372580856523835,,0,0,0,0,0,0,0,0,0,0,0,0,0,0,0,0,0,0,0
21123375309216,56.157568,1786372580876510449,,0,0,0,0,0,0,0,0,0,0,0,0,0,0,0,0,0,0,0
21123395262176,56.177521,1786372580896512912,,0,0,0,0,0,0,0,0,0,0,0,0,0,0,0,0,0,0,0
21123415277728,56.197537,1786372580916510436,,0,0,0,0,0,0,0,0,0,0,0,0,0,0,0,0,0,0,0
21123435269120,56.217528,1786372580936512388,,0,0,0,0,0,0,0,0,0,0,0,0,0,0,0,0,0,0,0
21123455343232,56.237602,1786372580956532689,,0,0,0,0,0,0,0,0,0,0,0,0,0,0,0,0,0,0,0
21123475135936,56.257395,1786372580976530558,,0,0,0,0,0,0,0,0,0,0,0,0,0,0,0,0,0,0,0
21123495313152,56.277572,1786372580996526081,,0,0,0,0,0,0,0,0,0,0,0,0,0,0,0,0,0,0,0
21123515244640,56.297504,1786372581016507733,,0,0,0,0,0,0,0,0,0,0,0,0,0,0,0,0,0,0,0
21123535247392,56.317507,1786372581036512557,,0,0,0,0,0,0,0,0,0,0,0,0,0,0,0,0,0,0,0
21123555252928,56.337512,1786372581056504303,,0,0,0,0,0,0,0,0,0,0,0,0,0,0,0,0,0,0,0
21123575320032,56.357579,1786372581076512133,,0,0,0,0,0,0,0,0,0,0,0,0,0,0,0,0,0,0,0
21123595282464,56.377542,1786372581096537186,,0,0,0,0,0,0,0,0,0,0,0,0,0,0,0,0,0,0,0
21123615274240,56.397533,1786372581116529289,,0,0,0,0,0,0,0,0,0,0,0,0,0,0,0,0,0,0,0
21123635249504,56.417509,1786372581136522976,,0,0,0,0,0,0,0,0,0,0,0,0,0,0,0,0,0,0,0
21123655324512,56.437584,1786372581156506664,,0,0,0,0,0,0,0,0,0,0,0,0,0,0,0,0,0,0,0
21123675173760,56.457433,1786372581176511871,,0,0,0,0,0,0,0,0,0,0,0,0,0,0,0,0,0,0,0
21123695255872,56.477515,1786372581196504133,,0,0,0,0,0,0,0,0,0,0,0,0,0,0,0,0,0,0,0
21123715216640,56.497476,1786372581216511094,,0,0,0,0,0,0,0,0,0,0,0,0,0,0,0,0,0,0,0
21123735251200,56.51751,1786372581236531650,,0,0,0,0,0,0,0,0,0,0,0,0,0,0,0,0,0,0,0
21123755272928,56.537532,1786372581256527475,,0,0,0,0,0,0,0,0,0,0,0,0,0,0,0,0,0,0,0
21123775265888,56.557525,1786372581276525245,,0,0,0,0,0,0,0,0,0,0,0,0,0,0,0,0,0,0,0
21123795254912,56.577514,1786372581296507455,,0,0,0,0,0,0,0,0,0,0,0,0,0,0,0,0,0,0,0
21123815227744,56.597487,1786372581316513100,,0,0,0,0,0,0,0,0,0,0,0,0,0,0,0,0,0,0,0
21123835216256,56.617475,1786372581336504606,,0,0,0,0,0,0,0,0,0,0,0,0,0,0,0,0,0,0,0
21123855294624,56.637554,1786372581356513563,,0,0,0,0,0,0,0,0,0,0,0,0,0,0,0,0,0,0,0
21123875136992,56.657396,1786372581376533582,,0,0,0,0,0,0,0,0,0,0,0,0,0,0,0,0,0,0,0
21123895268000,56.677527,1786372581396528345,,0,0,0,0,0,0,0,0,0,0,0,0,0,0,0,0,0,0,0
21123915265152,56.697524,1786372581416525695,,0,0,0,0,0,0,0,0,0,0,0,0,0,0,0,0,0,0,0
21123935253728,56.717513,1786372581436507695,,0,0,0,0,0,0,0,0,0,0,0,0,0,0,0,0,0,0,0
21123955298560,56.737558,1786372581456511287,,0,0,0,0,0,0,0,0,0,0,0,0,0,0,0,0,0,0,0
21123975225856,56.757485,1786372581476505491,,0,0,0,0,0,0,0,0,0,0,0,0,0,0,0,0,0,0,0
21123995226272,56.777485,1786372581496523962,,0,0,0,0,0,0,0,0,0,0,0,0,0,0,0,0,0,0,0
21124015232416,56.797492,1786372581516531623,,0,0,0,0,0,0,0,0,0,0,0,0,0,0,0,0,0,0,0
21124035314816,56.817574,1786372581536528790,,0,0,0,0,0,0,0,0,0,0,0,0,0,0,0,0,0,0,0
21124055276640,56.837536,1786372581556524291,,0,0,0,0,0,0,0,0,0,0,0,0,0,0,0,0,0,0,0
21124075146848,56.857406,1786372581576507012,,0,0,0,0,0,0,0,0,0,0,0,0,0,0,0,0,0,0,0
21124095232992,56.877492,1786372581596512647,,0,0,0,0,0,0,0,0,0,0,0,0,0,0,0,0,0,0,0
21124115242272,56.897501,1786372581616504696,,0,0,0,0,0,0,0,0,0,0,0,0,0,0,0,0,0,0,0
21124135268352,56.917528,1786372581636511210,,0,0,0,0,0,0,0,0,0,0,0,0,0,0,0,0,0,0,0
21124155249504,56.937509,1786372581656533593,,0,0,0,0,0,0,0,0,0,0,0,0,0,0,0,0,0,0,0
21124175277568,56.957537,1786372581676528150,,0,0,0,0,0,0,0,0,0,0,0,0,0,0,0,0,0,0,0
21124195241376,56.977501,1786372581696526135,,0,0,0,0,0,0,0,0,0,0,0,0,0,0,0,0,0,0,0
21124215209344,56.997469,1786372581716508197,,0,0,0,0,0,0,0,0,0,0,0,0,0,0,0,0,0,0,0
21124235241600,57.017501,1786372581736511894,,0,0,0,0,0,0,0,0,0,0,0,0,0,0,0,0,0,0,0
21124255291968,57.037551,1786372581756505733,,0,0,0,0,0,0,0,0,0,0,0,0,0,0,0,0,0,0,0
21124275203712,57.057463,1786372581776513845,,0,0,0,0,0,0,0,0,0,0,0,0,0,0,0,0,0,0,0
21124295230624,57.07749,1786372581796533493,,0,0,0,0,0,0,0,0,0,0,0,0,0,0,0,0,0,0,0
21124315277088,57.097536,1786372581816529457,,0,0,0,0,0,0,0,0,0,0,0,0,0,0,0,0,0,0,0
21124335239648,57.117499,1786372581836525285,,0,0,0,0,0,0,0,0,0,0,0,0,0,0,0,0,0,0,0
21124355237312,57.137497,1786372581856507468,,0,0,0,0,0,0,0,0,0,0,0,0,0,0,0,0,0,0,0
21124375249664,57.157509,1786372581876512812,,0,0,0,0,0,0,0,0,0,0,0,0,0,0,0,0,0,0,0
21124395189376,57.177449,1786372581896503536,,0,0,0,0,0,0,0,0,0,0,0,0,0,0,0,0,0,0,0
21124415251488,57.197511,1786372581916512071,,0,0,0,0,0,0,0,0,0,0,0,0,0,0,0,0,0,0,0
21124435237024,57.217496,1786372581936531824,,0,0,0,0,0,0,0,0,0,0,0,0,0,0,0,0,0,0,0
21124455289568,57.237549,1786372581956527612,,0,0,0,0,0,0,0,0,0,0,0,0,0,0,0,0,0,0,0
21124475137280,57.257396,1786372581976526130,,0,0,0,0,0,0,0,0,0,0,0,0,0,0,0,0,0,0,0
21124495228160,57.277487,1786372581996508512,,0,0,0,0,0,0,0,0,0,0,0,0,0,0,0,0,0,0,0
21124515195648,57.297455,1786372582016511295,,0,0,0,0,0,0,0,0,0,0,0,0,0,0,0,0,0,0,0
21124535220160,57.317479,1786372582036504680,,0,0,0,0,0,0,0,0,0,0,0,0,0,0,0,0,0,0,0
21124555184160,57.337443,1786372582056509985,,0,0,0,0,0,0,0,0,0,0,0,0,0,0,0,0,0,0,0
21124575272896,57.357532,1786372582076532575,,0,0,0,0,0,0,0,0,0,0,0,0,0,0,0,0,0,0,0
21124595223872,57.377483,1786372582096529672,,0,0,0,0,0,0,0,0,0,0,0,0,0,0,0,0,0,0,0
21124615228320,57.397488,1786372582116524041,,0,0,0,0,0,0,0,0,0,0,0,0,0,0,0,0,0,0,0
21124635187648,57.417447,1786372582136508006,,0,0,0,0,0,0,0,0,0,0,0,0,0,0,0,0,0,0,0
21124655196352,57.437456,1786372582156512718,,0,0,0,0,0,0,0,0,0,0,0,0,0,0,0,0,0,0,0
21124675077920,57.457337,1786372582176504882,,0,0,0,0,0,0,0,0,0,0,0,0,0,0,0,0,0,0,0
21124695226336,57.477486,1786372582196511366,,0,0,0,0,0,0,0,0,0,0,0,0,0,0,0,0,0,0,0
21124715230400,57.49749,1786372582216532401,,0,0,0,0,0,0,0,0,0,0,0,0,0,0,0,0,0,0,0
21124735098272,57.517357,1786372582236528029,,0,0,0,0,0,0,0,0,0,0,0,0,0,0,0,0,0,0,0
21124755207744,57.537467,1786372582256524873,,0,0,0,0,0,0,0,0,0,0,0,0,0,0,0,0,0,0,0
21124775190048,57.557449,1786372582276506727,,0,0,0,0,0,0,0,0,0,0,0,0,0,0,0,0,0,0,0
21124795185344,57.577445,1786372582296511877,,0,0,0,0,0,0,0,0,0,0,0,0,0,0,0,0,0,0,0
21124815166368,57.597426,1786372582316505116,,0,0,0,0,0,0,0,0,0,0,0,0,0,0,0,0,0,0,0
21124835186656,57.617446,1786372582336512260,,0,0,0,0,0,0,0,0,0,0,0,0,0,0,0,0,0,0,0
21124855223392,57.637483,1786372582356532416,,0,0,0,0,0,0,0,0,0,0,0,0,0,0,0,0,0,0,0
21124875071488,57.657331,1786372582376529022,,0,0,0,0,0,0,0,0,0,0,0,0,0,0,0,0,0,0,0
21124895162368,57.677422,1786372582396525112,,0,0,0,0,0,0,0,0,0,0,0,0,0,0,0,0,0,0,0
21124915188544,57.697448,1786372582416508290,,0,0,0,0,0,0,0,0,0,0,0,0,0,0,0,0,0,0,0
21124935189312,57.717449,1786372582436512780,,0,0,0,0,0,0,0,0,0,0,0,0,0,0,0,0,0,0,0
21124955178848,57.737438,1786372582456506184,,0,0,0,0,0,0,0,0,0,0,0,0,0,0,0,0,0,0,0
21124975184224,57.757443,1786372582476513079,,0,0,0,0,0,0,0,0,0,0,0,0,0,0,0,0,0,0,0
21124995275264,57.777534,1786372582496531752,,0,0,0,0,0,0,0,0,0,0,0,0,0,0,0,0,0,0,0
21125015192672,57.797452,1786372582516542666,,0,0,0,0,0,0,0,0,0,0,0,0,0,0,0,0,0,0,0
21125035208288,57.817467,1786372582536524266,,0,0,0,0,0,0,0,0,0,0,0,0,0,0,0,0,0,0,0
21125055211456,57.837471,1786372582556508666,,0,0,0,0,0,0,0,0,0,0,0,0,0,0,0,0,0,0,0
21125075068160,57.857327,1786372582576513249,,0,0,0,0,0,0,0,0,0,0,0,0,0,0,0,0,0,0,0
21125095170816,57.87743,1786372582596509276,,0,0,0,0,0,0,0,0,0,0,0,0,0,0,0,0,0,0,0
21125115163872,57.897423,1786372582616512909,,0,0,0,0,0,0,0,0,0,0,0,0,0,0,0,0,0,0,0
21125135206464,57.917466,1786372582636532491,,0,0,0,0,0,0,0,0,0,0,0,0,0,0,0,0,0,0,0
21125155215872,57.937475,1786372582656527947,,0,0,0,0,0,0,0,0,0,0,0,0,0,0,0,0,0,0,0
21125175195296,57.957454,1786372582676524381,,0,0,0,0,0,0,0,0,0,0,0,0,0,0,0,0,0,0,0
21125195187424,57.977447,1786372582696507746,,0,0,0,0,0,0,0,0,0,0,0,0,0,0,0,0,0,0,0
21125215198336,57.997458,1786372582716512767,,0,0,0,0,0,0,0,0,0,0,0,0,0,0,0,0,0,0,0
21125235177472,58.017437,1786372582736505919,,0,0,0,0,0,0,0,0,0,0,0,0,0,0,0,0,0,0,0
21125255181504,58.037441,1786372582756512007,,0,0,0,0,0,0,0,0,0,0,0,0,0,0,0,0,0,0,0
21125275052480,58.057312,1786372582776532624,,0,0,0,0,0,0,0,0,0,0,0,0,0,0,0,0,0,0,0
21125295167296,58.077426,1786372582796529281,,0,0,0,0,0,0,0,0,0,0,0,0,0,0,0,0,0,0,0
21125315203328,58.097463,1786372582816526002,,0,0,0,0,0,0,0,0,0,0,0,0,0,0,0,0,0,0,0
21125335183584,58.117443,1786372582836508057,,0,0,0,0,0,0,0,0,0,0,0,0,0,0,0,0,0,0,0
21125355216064,58.137475,1786372582856514432,,0,0,0,0,0,0,0,0,0,0,0,0,0,0,0,0,0,0,0
21125375155104,58.157414,1786372582876505442,,0,0,0,0,0,0,0,0,0,0,0,0,0,0,0,0,0,0,0
21125395177504,58.177437,1786372582896513751,,0,0,0,0,0,0,0,0,0,0,0,0,0,0,0,0,0,0,0
21125415199392,58.197459,1786372582916532439,,0,0,0,0,0,0,0,0,0,0,0,0,0,0,0,0,0,0,0
21125435184768,58.217444,1786372582936529223,,0,0,0,0,0,0,0,0,0,0,0,0,0,0,0,0,0,0,0
21125455169120,58.237428,1786372582956524203,,0,0,0,0,0,0,0,0,0,0,0,0,0,0,0,0,0,0,0
21125475034720,58.257294,1786372582976507891,,0,0,0,0,0,0,0,0,0,0,0,0,0,0,0,0,0,0,0
21125495210336,58.27747,1786372582996512464,,0,0,0,0,0,0,0,0,0,0,0,0,0,0,0,0,0,0,0
21125515189408,58.297449,1786372583016505161,,0,0,0,0,0,0,0,0,0,0,0,0,0,0,0,0,0,0,0
21125535172416,58.317432,1786372583036512694,,0,0,0,0,0,0,0,0,0,0,0,0,0,0,0,0,0,0,0
21125555168000,58.337427,1786372583056531295,,0,0,0,0,0,0,0,0,0,0,0,0,0,0,0,0,0,0,0
21125575159840,58.357419,1786372583076527967,,0,0,0,0,0,0,0,0,0,0,0,0,0,0,0,0,0,0,0
21125595203712,58.377463,1786372583096525073,,0,0,0,0,0,0,0,0,0,0,0,0,0,0,0,0,0,0,0
21125615134272,58.397393,1786372583116507459,,0,0,0,0,0,0,0,0,0,0,0,0,0,0,0,0,0,0,0
21125635140448,58.4174,1786372583136509286,,0,0,0,0,0,0,0,0,0,0,0,0,0,0,0,0,0,0,0
21125655145120,58.437404,1786372583156504502,,0,0,0,0,0,0,0,0,0,0,0,0,0,0,0,0,0,0,0
21125675214688,58.457474,1786372583176510391,,0,0,0,0,0,0,0,0,0,0,0,0,0,0,0,0,0,0,0
21125695202144,58.477461,1786372583196533906,,0,0,0,0,0,0,0,0,0,0,0,0,0,0,0,0,0,0,0
21125715174304,58.497434,1786372583216526409,,0,0,0,0,0,0,0,0,0,0,0,0,0,0,0,0,0,0,0
21125735158048,58.517417,1786372583236525448,,0,0,0,0,0,0,0,0,0,0,0,0,0,0,0,0,0,0,0
21125755202080,58.537461,1786372583256504699,,0,0,0,0,0,0,0,0,0,0,0,0,0,0,0,0,0,0,0
21125775137504,58.557397,1786372583276513007,,0,0,0,0,0,0,0,0,0,0,0,0,0,0,0,0,0,0,0
21125795139168,58.577398,1786372583296504189,,0,0,0,0,0,0,0,0,0,0,0,0,0,0,0,0,0,0,0
21125815157376,58.597417,1786372583316513037,,0,0,0,0,0,0,0,0,0,0,0,0,0,0,0,0,0,0,0
21125835208320,58.617468,1786372583336531610,,0,0,0,0,0,0,0,0,0,0,0,0,0,0,0,0,0,0,0
21125855143360,58.637403,1786372583356528232,,0,0,0,0,0,0,0,0,0,0,0,0,0,0,0,0,0,0,0
21125875097312,58.657357,1786372583376524956,,0,0,0,0,0,0,0,0,0,0,0,0,0,0,0,0,0,0,0
21125895144768,58.677404,1786372583396505747,,0,0,0,0,0,0,0,0,0,0,0,0,0,0,0,0,0,0,0
21125915144480,58.697404,1786372583416511482,,0,0,0,0,0,0,0,0,0,0,0,0,0,0,0,0,0,0,0
21125935148192,58.717407,1786372583436503744,,0,0,0,0,0,0,0,0,0,0,0,0,0,0,0,0,0,0,0
21125955114592,58.737374,1786372583456511585,,0,0,0,0,0,0,0,0,0,0,0,0,0,0,0,0,0,0,0
21125975145952,58.757405,1786372583476532137,,0,0,0,0,0,0,0,0,0,0,0,0,0,0,0,0,0,0,0
21125995208416,58.777468,1786372583496527537,,0,0,0,0,0,0,0,0,0,0,0,0,0,0,0,0,0,0,0
21126015162112,58.797421,1786372583516525409,,0,0,0,0,0,0,0,0,0,0,0,0,0,0,0,0,0,0,0
21126035148576,58.817408,1786372583536506908,,0,0,0,0,0,0,0,0,0,0,0,0,0,0,0,0,0,0,0
21126055134528,58.837394,1786372583556512190,,0,0,0,0,0,0,0,0,0,0,0,0,0,0,0,0,0,0,0
21126075020544,58.85728,1786372583576504492,,0,0,0,0,0,0,0,0,0,0,0,0,0,0,0,0,0,0,0
21126095144032,58.877403,1786372583596513069,,0,0,0,0,0,0,0,0,0,0,0,0,0,0,0,0,0,0,0
21126115166272,58.897425,1786372583616532525,,0,0,0,0,0,0,0,0,0,0,0,0,0,0,0,0,0,0,0
21126135145888,58.917405,1786372583636528098,,0,0,0,0,0,0,0,0,0,0,0,0,0,0,0,0,0,0,0
21126155130464,58.93739,1786372583656525308,,0,0,0,0,0,0,0,0,0,0,0,0,0,0,0,0,0,0,0
21126175144864,58.957404,1786372583676507311,,0,0,0,0,0,0,0,0,0,0,0,0,0,0,0,0,0,0,0
21126195000032,58.977259,1786372583696510957,,0,0,0,0,0,0,0,0,0,0,0,0,0,0,0,0,0,0,0
21126215144384,58.997404,1786372583716503877,,0,0,0,0,0,0,0,0,0,0,0,0,0,0,0,0,0,0,0
21126235129696,59.017389,1786372583736511804,,0,0,0,0,0,0,0,0,0,0,0,0,0,0,0,0,0,0,0
21126255160576,59.03742,1786372583756532739,,0,0,0,0,0,0,0,0,0,0,0,0,0,0,0,0,0,0,0
21126275130080,59.057389,1786372583776527540,,0,0,0,0,0,0,0,0,0,0,0,0,0,0,0,0,0,0,0
21126295178976,59.077438,1786372583796524501,,0,0,0,0,0,0,0,0,0,0,0,0,0,0,0,0,0,0,0
21126315141152,59.0974,1786372583816505881,,0,0,0,0,0,0,0,0,0,0,0,0,0,0,0,0,0,0,0
21126335121792,59.117381,1786372583836510383,,0,0,0,0,0,0,0,0,0,0,0,0,0,0,0,0,0,0,0
21126355102112,59.137361,1786372583856503820,,0,0,0,0,0,0,0,0,0,0,0,0,0,0,0,0,0,0,0
21126375157952,59.157417,1786372583876509741,,0,0,0,0,0,0,0,0,0,0,0,0,0,0,0,0,0,0,0
21126395179264,59.177438,1786372583896531314,,0,0,0,0,0,0,0,0,0,0,0,0,0,0,0,0,0,0,0
21126415161664,59.197421,1786372583916527299,,0,0,0,0,0,0,0,0,0,0,0,0,0,0,0,0,0,0,0
21126435138784,59.217398,1786372583936523167,,0,0,0,0,0,0,0,0,0,0,0,0,0,0,0,0,0,0,0
21126455133152,59.237392,1786372583956505792,,0,0,0,0,0,0,0,0,0,0,0,0,0,0,0,0,0,0,0
21126475069920,59.257329,1786372583976510773,,0,0,0,0,0,0,0,0,0,0,0,0,0,0,0,0,0,0,0
21126495070624,59.27733,1786372583996502924,,0,0,0,0,0,0,0,0,0,0,0,0,0,0,0,0,0,0,0
21126515116000,59.297375,1786372584016511113,,0,0,0,0,0,0,0,0,0,0,0,0,0,0,0,0,0,0,0
21126535135840,59.317395,1786372584036530990,,0,0,0,0,0,0,0,0,0,0,0,0,0,0,0,0,0,0,0
21126555159264,59.337418,1786372584056527423,,0,0,0,0,0,0,0,0,0,0,0,0,0,0,0,0,0,0,0
21126575148448,59.357408,1786372584076521612,,0,0,0,0,0,0,0,0,0,0,0,0,0,0,0,0,0,0,0
21126595177696,59.377437,1786372584096508779,,0,0,0,0,0,0,0,0,0,0,0,0,0,0,0,0,0,0,0
21126615137664,59.397397,1786372584116510470,,0,0,0,0,0,0,0,0,0,0,0,0,0,0,0,0,0,0,0
21126635082464,59.417342,1786372584136504263,,0,0,0,0,0,0,0,0,0,0,0,0,0,0,0,0,0,0,0
21126655070944,59.43733,1786372584156509649,,0,0,0,0,0,0,0,0,0,0,0,0,0,0,0,0,0,0,0
21126674992960,59.457252,1786372584176530657,,0,0,0,0,0,0,0,0,0,0,0,0,0,0,0,0,0,0,0
21126695125280,59.477384,1786372584196525737,,0,0,0,0,0,0,0,0,0,0,0,0,0,0,0,0,0,0,0
21126715137952,59.497397,1786372584216522913,,0,0,0,0,0,0,0,0,0,0,0,0,0,0,0,0,0,0,0
21126735112960,59.517372,1786372584236505808,,0,0,0,0,0,0,0,0,0,0,0,0,0,0,0,0,0,0,0
21126755093312,59.537353,1786372584256510088,,0,0,0,0,0,0,0,0,0,0,0,0,0,0,0,0,0,0,0
21126775101344,59.557361,1786372584276503737,,0,0,0,0,0,0,0,0,0,0,0,0,0,0,0,0,0,0,0
21126795146656,59.577406,1786372584296510705,,0,0,0,0,0,0,0,0,0,0,0,0,0,0,0,0,0,0,0
21126815129120,59.597388,1786372584316531506,,0,0,0,0,0,0,0,0,0,0,0,0,0,0,0,0,0,0,0
21126835120448,59.61738,1786372584336526011,,0,0,0,0,0,0,0,0,0,0,0,0,0,0,0,0,0,0,0
21126855101376,59.637361,1786372584356522440,,0,0,0,0,0,0,0,0,0,0,0,0,0,0,0,0,0,0,0
21126874982272,59.657241,1786372584376505594,,0,0,0,0,0,0,0,0,0,0,0,0,0,0,0,0,0,0,0
21126895134048,59.677393,1786372584396509920,,0,0,0,0,0,0,0,0,0,0,0,0,0,0,0,0,0,0,0
21126915109024,59.697368,1786372584416504072,,0,0,0,0,0,0,0,0,0,0,0,0,0,0,0,0,0,0,0
21126935131200,59.71739,1786372584436509922,,0,0,0,0,0,0,0,0,0,0,0,0,0,0,0,0,0,0,0
21126955137632,59.737397,1786372584456529833,,0,0,0,0,0,0,0,0,0,0,0,0,0,0,0,0,0,0,0
21126975146336,59.757406,1786372584476527137,,0,0,0,0,0,0,0,0,0,0,0,0,0,0,0,0,0,0,0
21126995143712,59.777403,1786372584496522094,,0,0,0,0,0,0,0,0,0,0,0,0,0,0,0,0,0,0,0
21127015190176,59.797449,1786372584516506518,,0,0,0,0,0,0,0,0,0,0,0,0,0,0,0,0,0,0,0
21127035075712,59.817335,1786372584536510519,,0,0,0,0,0,0,0,0,0,0,0,0,0,0,0,0,0,0,0
21127055118912,59.837378,1786372584556504240,,0,0,0,0,0,0,0,0,0,0,0,0,0,0,0,0,0,0,0
21127075068128,59.857327,1786372584576509811,,0,0,0,0,0,0,0,0,0,0,0,0,0,0,0,0,0,0,0
21127095120160,59.877379,1786372584596535641,,0,0,0,0,0,0,0,0,0,0,0,0,0,0,0,0,0,0,0
21127115119264,59.897378,1786372584616527470,,0,0,0,0,0,0,0,0,0,0,0,0,0,0,0,0,0,0,0
21127135088096,59.917347,1786372584636523027,,0,0,0,0,0,0,0,0,0,0,0,0,0,0,0,0,0,0,0
21127155073376,59.937333,1786372584656505747,,0,0,0,0,0,0,0,0,0,0,0,0,0,0,0,0,0,0,0
21127175109536,59.957369,1786372584676511364,,0,0,0,0,0,0,0,0,0,0,0,0,0,0,0,0,0,0,0
21127195119872,59.977379,1786372584696504972,,0,0,0,0,0,0,0,0,0,0,0,0,0,0,0,0,0,0,0
21127215050240,59.997309,1786372584716511137,,0,0,0,0,0,0,0,0,0,0,0,0,0,0,0,0,0,0,0
21127235003840,60.017263,1786372584736533767,,0,0,0,0,0,0,0,0,0,0,0,0,0,0,0,0,0,0,0
21127255137216,60.037396,1786372584756527199,,0,0,0,0,0,0,0,0,0,0,0,0,0,0,0,0,0,0,0
21127274986240,60.057245,1786372584776525340,,0,0,0,0,0,0,0,0,0,0,0,0,0,0,0,0,0,0,0
21127295110304,60.07737,1786372584796508224,,0,0,0,0,0,0,0,0,0,0,0,0,0,0,0,0,0,0,0
21127315076128,60.097335,1786372584816511432,,0,0,0,0,0,0,0,0,0,0,0,0,0,0,0,0,0,0,0
21127335063680,60.117323,1786372584836506365,,0,0,0,0,0,0,0,0,0,0,0,0,0,0,0,0,0,0,0
21127355114656,60.137374,1786372584856511556,,0,0,0,0,0,0,0,0,0,0,0,0,0,0,0,0,0,0,0
21127375106976,60.157366,1786372584876531799,,0,0,0,0,0,0,0,0,0,0,0,0,0,0,0,0,0,0,0
21127395105472,60.177365,1786372584896527902,,0,0,0,0,0,0,0,0,0,0,0,0,0,0,0,0,0,0,0
21127415095040,60.197354,1786372584916523329,,0,0,0,0,0,0,0,0,0,0,0,0,0,0,0,0,0,0,0
21127435082592,60.217342,1786372584936506811,,0,0,0,0,0,0,0,0,0,0,0,0,0,0,0,0,0,0,0
21127455097760,60.237357,1786372584956510602,,0,0,0,0,0,0,0,0,0,0,0,0,0,0,0,0,0,0,0
21127474927872,60.257187,1786372584976504229,,0,0,0,0,0,0,0,0,0,0,0,0,0,0,0,0,0,0,0
21127495106720,60.277366,1786372584996511003,,0,0,0,0,0,0,0,0,0,0,0,0,0,0,0,0,0,0,0
21127515098752,60.297358,1786372585016531921,,0,0,0,0,0,0,0,0,0,0,0,0,0,0,0,0,0,0,0
21127535108128,60.317367,1786372585036528213,,0,0,0,0,0,0,0,0,0,0,0,0,0,0,0,0,0,0,0
21127555106816,60.337366,1786372585056523245,,0,0,0,0,0,0,0,0,0,0,0,0,0,0,0,0,0,0,0
21127575045888,60.357305,1786372585076508613,,0,0,0,0,0,0,0,0,0,0,0,0,0,0,0,0,0,0,0
21127595125120,60.377384,1786372585096514245,,0,0,0,0,0,0,0,0,0,0,0,0,0,0,0,0,0,0,0
21127615085088,60.397344,1786372585116504765,,0,0,0,0,0,0,0,0,0,0,0,0,0,0,0,0,0,0,0
21127635084640,60.417344,1786372585136515588,,0,0,0,0,0,0,0,0,0,0,0,0,0,0,0,0,0,0,0
21127655116864,60.437376,1786372585156531232,,0,0,0,0,0,0,0,0,0,0,0,0,0,0,0,0,0,0,0
21127674957760,60.457217,1786372585176526886,,0,0,0,0,0,0,0,0,0,0,0,0,0,0,0,0,0,0,0
21127695097824,60.477357,1786372585196523455,,0,0,0,0,0,0,0,0,0,0,0,0,0,0,0,0,0,0,0
21127715094272,60.497353,1786372585216506041,,0,0,0,0,0,0,0,0,0,0,0,0,0,0,0,0,0,0,0
21127735087296,60.517346,1786372585236510931,,0,0,0,0,0,0,0,0,0,0,0,0,0,0,0,0,0,0,0
21127755039552,60.537299,1786372585256504192,,0,0,0,0,0,0,0,0,0,0,0,0,0,0,0,0,0,0,0
21127775096928,60.557356,1786372585276509968,,0,0,0,0,0,0,0,0,0,0,0,0,0,0,0,0,0,0,0
21127795095360,60.577355,1786372585296530799,,0,0,0,0,0,0,0,0,0,0,0,0,0,0,0,0,0,0,0
21127815081984,60.597341,1786372585316526371,,0,0,0,0,0,0,0,0,0,0,0,0,0,0,0,0,0,0,0
21127835075808,60.617335,1786372585336522006,,0,0,0,0,0,0,0,0,0,0,0,0,0,0,0,0,0,0,0
21127855062144,60.637321,1786372585356506967,,0,0,0,0,0,0,0,0,0,0,0,0,0,0,0,0,0,0,0
21127874966592,60.657226,1786372585376511166,,0,0,0,0,0,0,0,0,0,0,0,0,0,0,0,0,0,0,0
21127895074496,60.677334,1786372585396504353,,0,0,0,0,0,0,0,0,0,0,0,0,0,0,0,0,0,0,0
21127915043872,60.697303,1786372585416509835,,0,0,0,0,0,0,0,0,0,0,0,0,0,0,0,0,0,0,0
21127935061088,60.71732,1786372585436530040,,0,0,0,0,0,0,0,0,0,0,0,0,0,0,0,0,0,0,0
21127955098912,60.737358,1786372585456526558,,0,0,0,0,0,0,0,0,0,0,0,0,0,0,0,0,0,0,0
21127975078816,60.757338,1786372585476523768,,0,0,0,0,0,0,0,0,0,0,0,0,0,0,0,0,0,0,0
21127995074976,60.777334,1786372585496506358,,0,0,0,0,0,0,0,0,0,0,0,0,0,0,0,0,0,0,0
21128015038976,60.797298,1786372585516509765,,0,0,0,0,0,0,0,0,0,0,0,0,0,0,0,0,0,0,0
21128035035392,60.817295,1786372585536504078,,0,0,0,0,0,0,0,0,0,0,0,0,0,0,0,0,0,0,0
21128055069152,60.837328,1786372585556509001,,0,0,0,0,0,0,0,0,0,0,0,0,0,0,0,0,0,0,0
21128074945984,60.857205,1786372585576532039,,0,0,0,0,0,0,0,0,0,0,0,0,0,0,0,0,0,0,0
21128095087008,60.877346,1786372585596545307,,0,0,0,0,0,0,0,0,0,0,0,0,0,0,0,0,0,0,0
21128115070656,60.89733,1786372585616523197,,0,0,0,0,0,0,0,0,0,0,0,0,0,0,0,0,0,0,0
21128135048544,60.917308,1786372585636508050,,0,0,0,0,0,0,0,0,0,0,0,0,0,0,0,0,0,0,0
21128155054848,60.937314,1786372585656511615,,0,0,0,0,0,0,0,0,0,0,0,0,0,0,0,0,0,0,0
21128175016320,60.957276,1786372585676517853,,0,0,0,0,0,0,0,0,0,0,0,0,0,0,0,0,0,0,0
21128195041056,60.9773,1786372585696510634,,0,0,0,0,0,0,0,0,0,0,0,0,0,0,0,0,0,0,0
21128215041824,60.997301,1786372585716531816,,0,0,0,0,0,0,0,0,0,0,0,0,0,0,0,0,0,0,0
21128235064160,61.017323,1786372585736527771,,0,0,0,0,0,0,0,0,0,0,0,0,0,0,0,0,0,0,0
21128255050656,61.03731,1786372585756523783,,0,0,0,0,0,0,0,0,0,0,0,0,0,0,0,0,0,0,0
21128274909536,61.057169,1786372585776507175,,0,0,0,0,0,0,0,0,0,0,0,0,0,0,0,0,0,0,0
21128295054848,61.077314,1786372585796510930,,0,0,0,0,0,0,0,0,0,0,0,0,0,0,0,0,0,0,0
21128315013248,61.097272,1786372585816506529,,0,0,0,0,0,0,0,0,0,0,0,0,0,0,0,0,0,0,0
21128335045504,61.117305,1786372585836511766,,0,0,0,0,0,0,0,0,0,0,0,0,0,0,0,0,0,0,0
21128355111424,61.137371,1786372585856531831,,0,0,0,0,0,0,0,0,0,0,0,0,0,0,0,0,0,0,0
21128375062720,61.157322,1786372585876527855,,0,0,0,0,0,0,0,0,0,0,0,0,0,0,0,0,0,0,0
21128395049312,61.177309,1786372585896523111,,0,0,0,0,0,0,0,0,0,0,0,0,0,0,0,0,0,0,0
21128415020000,61.197279,1786372585916506756,,0,0,0,0,0,0,0,0,0,0,0,0,0,0,0,0,0,0,0
21128435037216,61.217296,1786372585936511094,,0,0,0,0,0,0,0,0,0,0,0,0,0,0,0,0,0,0,0
21128455030368,61.23729,1786372585956503824,,0,0,0,0,0,0,0,0,0,0,0,0,0,0,0,0,0,0,0
21128474925696,61.257185,1786372585976510882,,0,0,0,0,0,0,0,0,0,0,0,0,0,0,0,0,0,0,0
21128495096384,61.277356,1786372585996532163,,0,0,0,0,0,0,0,0,0,0,0,0,0,0,0,0,0,0,0
21128515077856,61.297337,1786372586016528119,,0,0,0,0,0,0,0,0,0,0,0,0,0,0,0,0,0,0,0
21128535056672,61.317316,1786372586036523785,,0,0,0,0,0,0,0,0,0,0,0,0,0,0,0,0,0,0,0
21128554993312,61.337253,1786372586056506506,,0,0,0,0,0,0,0,0,0,0,0,0,0,0,0,0,0,0,0
21128575021440,61.357281,1786372586076511546,,0,0,0,0,0,0,0,0,0,0,0,0,0,0,0,0,0,0,0
21128595064352,61.377324,1786372586096506987,,0,0,0,0,0,0,0,0,0,0,0,0,0,0,0,0,0,0,0
21128615035264,61.397294,1786372586116510860,,0,0,0,0,0,0,0,0,0,0,0,0,0,0,0,0,0,0,0
21128635051136,61.41731,1786372586136532102,,0,0,0,0,0,0,0,0,0,0,0,0,0,0,0,0,0,0,0
21128655031008,61.43729,1786372586156527374,,0,0,0,0,0,0,0,0,0,0,0,0,0,0,0,0,0,0,0
21128674976288,61.457235,1786372586176523749,,0,0,0,0,0,0,0,0,0,0,0,0,0,0,0,0,0,0,0
21128695026784,61.477286,1786372586196506032,,0,0,0,0,0,0,0,0,0,0,0,0,0,0,0,0,0,0,0
21128715042368,61.497302,1786372586216517246,,0,0,0,0,0,0,0,0,0,0,0,0,0,0,0,0,0,0,0
21128734961440,61.517221,1786372586236504054,,0,0,0,0,0,0,0,0,0,0,0,0,0,0,0,0,0,0,0
21128755017536,61.537277,1786372586256510420,,0,0,0,0,0,0,0,0,0,0,0,0,0,0,0,0,0,0,0
21128775059040,61.557318,1786372586276531958,,0,0,0,0,0,0,0,0,0,0,0,0,0,0,0,0,0,0,0
21128795038784,61.577298,1786372586296526783,,0,0,0,0,0,0,0,0,0,0,0,0,0,0,0,0,0,0,0
21128815010400,61.59727,1786372586316523775,,0,0,0,0,0,0,0,0,0,0,0,0,0,0,0,0,0,0,0
21128835008224,61.617267,1786372586336506348,,0,0,0,0,0,0,0,0,0,0,0,0,0,0,0,0,0,0,0
21128855039296,61.637298,1786372586356511666,,0,0,0,0,0,0,0,0,0,0,0,0,0,0,0,0,0,0,0
21128874886848,61.657146,1786372586376504499,,0,0,0,0,0,0,0,0,0,0,0,0,0,0,0,0,0,0,0
21128895003520,61.677263,1786372586396509880,,0,0,0,0,0,0,0,0,0,0,0,0,0,0,0,0,0,0,0
21128915009184,61.697268,1786372586416532348,,0,0,0,0,0,0,0,0,0,0,0,0,0,0,0,0,0,0,0
21128935052416,61.717312,1786372586436526847,,0,0,0,0,0,0,0,0,0,0,0,0,0,0,0,0,0,0,0
21128955026304,61.737286,1786372586456522774,,0,0,0,0,0,0,0,0,0,0,0,0,0,0,0,0,0,0,0
21128975008640,61.757268,1786372586476506527,,0,0,0,0,0,0,0,0,0,0,0,0,0,0,0,0,0,0,0
21128995014976,61.777274,1786372586496509594,,0,0,0,0,0,0,0,0,0,0,0,0,0,0,0,0,0,0,0
21129014980128,61.797239,1786372586516503990,,0,0,0,0,0,0,0,0,0,0,0,0,0,0,0,0,0,0,0
21129034979328,61.817239,1786372586536510384,,0,0,0,0,0,0,0,0,0,0,0,0,0,0,0,0,0,0,0
21129055014336,61.837274,1786372586556531002,,0,0,0,0,0,0,0,0,0,0,0,0,0,0,0,0,0,0,0
21129074896672,61.857156,1786372586576527122,,0,0,0,0,0,0,0,0,0,0,0,0,0,0,0,0,0,0,0
21129095008192,61.877267,1786372586596526457,,0,0,0,0,0,0,0,0,0,0,0,0,0,0,0,0,0,0,0
21129114984000,61.897243,1786372586616506379,,0,0,0,0,0,0,0,0,0,0,0,0,0,0,0,0,0,0,0
21129135015680,61.917275,1786372586636510234,,0,0,0,0,0,0,0,0,0,0,0,0,0,0,0,0,0,0,0
21129155012896,61.937272,1786372586656503712,,0,0,0,0,0,0,0,0,0,0,0,0,0,0,0,0,0,0,0
21129174990528,61.95725,1786372586676510911,,0,0,0,0,0,0,0,0,0,0,0,0,0,0,0,0,0,0,0
21129195026464,61.977286,1786372586696530844,,0,0,0,0,0,0,0,0,0,0,0,0,0,0,0,0,0,0,0
21129215046112,61.997305,1786372586716527820,,0,0,0,0,0,0,0,0,0,0,0,0,0,0,0,0,0,0,0
21129235021664,62.017281,1786372586736523874,,0,0,0,0,0,0,0,0,0,0,0,0,0,0,0,0,0,0,0
21129255000352,62.03726,1786372586756506845,,0,0,0,0,0,0,0,0,0,0,0,0,0,0,0,0,0,0,0
21129275010496,62.05727,1786372586776511070,,0,0,0,0,0,0,0,0,0,0,0,0,0,0,0,0,0,0,0
21129294987744,62.077247,1786372586796504082,,0,0,0,0,0,0,0,0,0,0,0,0,0,0,0,0,0,0,0
21129314993728,62.097253,1786372586816510319,,0,0,0,0,0,0,0,0,0,0,0,0,0,0,0,0,0,0,0
21129335017920,62.117277,1786372586836531470,,0,0,0,0,0,0,0,0,0,0,0,0,0,0,0,0,0,0,0
21129355007648,62.137267,1786372586856527407,,0,0,0,0,0,0,0,0,0,0,0,0,0,0,0,0,0,0,0
21129374994336,62.157254,1786372586876523596,,0,0,0,0,0,0,0,0,0,0,0,0,0,0,0,0,0,0,0
21129394997728,62.177257,1786372586896506888,,0,0,0,0,0,0,0,0,0,0,0,0,0,0,0,0,0,0,0
21129414995040,62.197254,1786372586916512187,,0,0,0,0,0,0,0,0,0,0,0,0,0,0,0,0,0,0,0
21129434997280,62.217256,1786372586936503740,,0,0,0,0,0,0,0,0,0,0,0,0,0,0,0,0,0,0,0
21129454984928,62.237244,1786372586956511850,,0,0,0,0,0,0,0,0,0,0,0,0,0,0,0,0,0,0,0
21129474868544,62.257128,1786372586976531510,,0,0,0,0,0,0,0,0,0,0,0,0,0,0,0,0,0,0,0
21129495004608,62.277264,1786372586996527304,,0,0,0,0,0,0,0,0,0,0,0,0,0,0,0,0,0,0,0
21129515006912,62.297266,1786372587016523571,,0,0,0,0,0,0,0,0,0,0,0,0,0,0,0,0,0,0,0
21129534965888,62.317225,1786372587036506910,,0,0,0,0,0,0,0,0,0,0,0,0,0,0,0,0,0,0,0
21129554975328,62.337235,1786372587056526177,,0,0,0,0,0,0,0,0,0,0,0,0,0,0,0,0,0,0,0
21129574963584,62.357223,1786372587076503415,,0,0,0,0,0,0,0,0,0,0,0,0,0,0,0,0,0,0,0
21129595007840,62.377267,1786372587096513602,,0,0,0,0,0,0,0,0,0,0,0,0,0,0,0,0,0,0,0
21129615005184,62.397264,1786372587116531188,,0,0,0,0,0,0,0,0,0,0,0,0,0,0,0,0,0,0,0
21129635002080,62.417261,1786372587136527450,,0,0,0,0,0,0,0,0,0,0,0,0,0,0,0,0,0,0,0
21129654983648,62.437243,1786372587156523808,,0,0,0,0,0,0,0,0,0,0,0,0,0,0,0,0,0,0,0
21129674839456,62.457099,1786372587176507316,,0,0,0,0,0,0,0,0,0,0,0,0,0,0,0,0,0,0,0
21129694986784,62.477246,1786372587196511110,,0,0,0,0,0,0,0,0,0,0,0,0,0,0,0,0,0,0,0
21129714983072,62.497242,1786372587216504476,,0,0,0,0,0,0,0,0,0,0,0,0,0,0,0,0,0,0,0
21129734971072,62.51723,1786372587236510973,,0,0,0,0,0,0,0,0,0,0,0,0,0,0,0,0,0,0,0
21129754989184,62.537248,1786372587256531797,,0,0,0,0,0,0,0,0,0,0,0,0,0,0,0,0,0,0,0
21129774981600,62.557241,1786372587276527184,,0,0,0,0,0,0,0,0,0,0,0,0,0,0,0,0,0,0,0
21129795017760,62.577277,1786372587296527600,,0,0,0,0,0,0,0,0,0,0,0,0,0,0,0,0,0,0,0
21129814950464,62.59721,1786372587316506157,,0,0,0,0,0,0,0,0,0,0,0,0,0,0,0,0,0,0,0
21129834974848,62.617234,1786372587336510847,,0,0,0,0,0,0,0,0,0,0,0,0,0,0,0,0,0,0,0
21129854964224,62.637223,1786372587356503912,,0,0,0,0,0,0,0,0,0,0,0,0,0,0,0,0,0,0,0
21129874837088,62.657096,1786372587376510450,,0,0,0,0,0,0,0,0,0,0,0,0,0,0,0,0,0,0,0
21129894989632,62.677249,1786372587396531141,,0,0,0,0,0,0,0,0,0,0,0,0,0,0,0,0,0,0,0
21129914980288,62.697239,1786372587416526742,,0,0,0,0,0,0,0,0,0,0,0,0,0,0,0,0,0,0,0
21129934983456,62.717243,1786372587436522752,,0,0,0,0,0,0,0,0,0,0,0,0,0,0,0,0,0,0,0
21129954973216,62.737232,1786372587456506644,,0,0,0,0,0,0,0,0,0,0,0,0,0,0,0,0,0,0,0
21129974953824,62.757213,1786372587476510476,,0,0,0,0,0,0,0,0,0,0,0,0,0,0,0,0,0,0,0
21129994948960,62.777208,1786372587496504035,,0,0,0,0,0,0,0,0,0,0,0,0,0,0,0,0,0,0,0
21130014949728,62.797209,1786372587516510997,,0,0,0,0,0,0,0,0,0,0,0,0,0,0,0,0,0,0,0
21130035007904,62.817267,1786372587536530074,,0,0,0,0,0,0,0,0,0,0,0,0,0,0,0,0,0,0,0
21130054969024,62.837228,1786372587556527088,,0,0,0,0,0,0,0,0,0,0,0,0,0,0,0,0,0,0,0
21130074839904,62.857099,1786372587576523656,,0,0,0,0,0,0,0,0,0,0,0,0,0,0,0,0,0,0,0
21130094983104,62.877242,1786372587596509398,,0,0,0,0,0,0,0,0,0,0,0,0,0,0,0,0,0,0,0
21130114973504,62.897233,1786372587616510581,,0,0,0,0,0,0,0,0,0,0,0,0,0,0,0,0,0,0,0
21130134964352,62.917224,1786372587636503629,,0,0,0,0,0,0,0,0,0,0,0,0,0,0,0,0,0,0,0
21130154952064,62.937211,1786372587656509364,,0,0,0,0,0,0,0,0,0,0,0,0,0,0,0,0,0,0,0
21130174956512,62.957216,1786372587676530923,,0,0,0,0,0,0,0,0,0,0,0,0,0,0,0,0,0,0,0
21130194993280,62.977252,1786372587696525852,,0,0,0,0,0,0,0,0,0,0,0,0,0,0,0,0,0,0,0
21130214959904,62.997219,1786372587716523842,,0,0,0,0,0,0,0,0,0,0,0,0,0,0,0,0,0,0,0
21130234946592,63.017206,1786372587736506123,,0,0,0,0,0,0,0,0,0,0,0,0,0,0,0,0,0,0,0
21130254978592,63.037238,1786372587756510786,,0,0,0,0,0,0,0,0,0,0,0,0,0,0,0,0,0,0,0
21130274877600,63.057137,1786372587776504464,,0,0,0,0,0,0,0,0,0,0,0,0,0,0,0,0,0,0,0
21130294970816,63.07723,1786372587796511285,,0,0,0,0,0,0,0,0,0,0,0,0,0,0,0,0,0,0,0
21130314958624,63.097218,1786372587816531504,,0,0,0,0,0,0,0,0,0,0,0,0,0,0,0,0,0,0,0
21130334957504,63.117217,1786372587836527130,,0,0,0,0,0,0,0,0,0,0,0,0,0,0,0,0,0,0,0
21130354937568,63.137197,1786372587856523471,,0,0,0,0,0,0,0,0,0,0,0,0,0,0,0,0,0,0,0
21130374944032,63.157203,1786372587876507076,,0,0,0,0,0,0,0,0,0,0,0,0,0,0,0,0,0,0,0
21130394954112,63.177213,1786372587896510536,,0,0,0,0,0,0,0,0,0,0,0,0,0,0,0,0,0,0,0
21130414919488,63.197179,1786372587916504358,,0,0,0,0,0,0,0,0,0,0,0,0,0,0,0,0,0,0,0
21130434931680,63.217191,1786372587936511137,,0,0,0,0,0,0,0,0,0,0,0,0,0,0,0,0,0,0,0
21130454951456,63.237211,1786372587956531994,,0,0,0,0,0,0,0,0,0,0,0,0,0,0,0,0,0,0,0
21130474825728,63.257085,1786372587976526617,,0,0,0,0,0,0,0,0,0,0,0,0,0,0,0,0,0,0,0
21130495081632,63.277341,1786372587996524568,,0,0,0,0,0,0,0,0,0,0,0,0,0,0,0,0,0,0,0
21130514932960,63.297192,1786372588016506668,,0,0,0,0,0,0,0,0,0,0,0,0,0,0,0,0,0,0,0
21130534952736,63.317212,1786372588036525042,,0,0,0,0,0,0,0,0,0,0,0,0,0,0,0,0,0,0,0
21130554926592,63.337186,1786372588056505066,,0,0,0,0,0,0,0,0,0,0,0,0,0,0,0,0,0,0,0
21130574980288,63.357239,1786372588076511681,,0,0,0,0,0,0,0,0,0,0,0,0,0,0,0,0,0,0,0
21130594992192,63.377251,1786372588096534852,,0,0,0,0,0,0,0,0,0,0,0,0,0,0,0,0,0,0,0
21130614969024,63.397228,1786372588116526617,,0,0,0,0,0,0,0,0,0,0,0,0,0,0,0,0,0,0,0
21130634934368,63.417194,1786372588136523412,,0,0,0,0,0,0,0,0,0,0,0,0,0,0,0,0,0,0,0
21130654929376,63.437189,1786372588156506880,,0,0,0,0,0,0,0,0,0,0,0,0,0,0,0,0,0,0,0
21130674795392,63.457055,1786372588176510253,,0,0,0,0,0,0,0,0,0,0,0,0,0,0,0,0,0,0,0
21130695004224,63.477263,1786372588196503793,,0,0,0,0,0,0,0,0,0,0,0,0,0,0,0,0,0,0,0
21130714909664,63.497169,1786372588216510951,,0,0,0,0,0,0,0,0,0,0,0,0,0,0,0,0,0,0,0
21130734949632,63.517209,1786372588236530873,,0,0,0,0,0,0,0,0,0,0,0,0,0,0,0,0,0,0,0
21130754926496,63.537186,1786372588256526409,,0,0,0,0,0,0,0,0,0,0,0,0,0,0,0,0,0,0,0
21130774945696,63.557205,1786372588276524020,,0,0,0,0,0,0,0,0,0,0,0,0,0,0,0,0,0,0,0
21130794904992,63.577164,1786372588296507199,,0,0,0,0,0,0,0,0,0,0,0,0,0,0,0,0,0,0,0
21130814917632,63.597177,1786372588316512116,,0,0,0,0,0,0,0,0,0,0,0,0,0,0,0,0,0,0,0
21130834905088,63.617164,1786372588336504640,,0,0,0,0,0,0,0,0,0,0,0,0,0,0,0,0,0,0,0
21130854946144,63.637205,1786372588356511699,,0,0,0,0,0,0,0,0,0,0,0,0,0,0,0,0,0,0,0
21130874812160,63.657071,1786372588376535286,,0,0,0,0,0,0,0,0,0,0,0,0,0,0,0,0,0,0,0
21130894930336,63.67719,1786372588396527810,,0,0,0,0,0,0,0,0,0,0,0,0,0,0,0,0,0,0,0
21130914921088,63.69718,1786372588416523296,,0,0,0,0,0,0,0,0,0,0,0,0,0,0,0,0,0,0,0
21130934921984,63.717181,1786372588436505935,,0,0,0,0,0,0,0,0,0,0,0,0,0,0,0,0,0,0,0
21130954896384,63.737156,1786372588456510263,,0,0,0,0,0,0,0,0,0,0,0,0,0,0,0,0,0,0,0
21130974906944,63.757166,1786372588476504525,,0,0,0,0,0,0,0,0,0,0,0,0,0,0,0,0,0,0,0
21130994944512,63.777204,1786372588496511018,,0,0,0,0,0,0,0,0,0,0,0,0,0,0,0,0,0,0,0
21131014950784,63.79721,1786372588516532118,,0,0,0,0,0,0,0,0,0,0,0,0,0,0,0,0,0,0,0
21131034920480,63.81718,1786372588536526568,,0,0,0,0,0,0,0,0,0,0,0,0,0,0,0,0,0,0,0
21131054941920,63.837201,1786372588556523498,,0,0,0,0,0,0,0,0,0,0,0,0,0,0,0,0,0,0,0
21131074807968,63.857067,1786372588576506442,,0,0,0,0,0,0,0,0,0,0,0,0,0,0,0,0,0,0,0
21131094917376,63.877177,1786372588596513239,,0,0,0,0,0,0,0,0,0,0,0,0,0,0,0,0,0,0,0
21131114901824,63.897161,1786372588616503618,,0,0,0,0,0,0,0,0,0,0,0,0,0,0,0,0,0,0,0
21131134898912,63.917158,1786372588636511899,,0,0,0,0,0,0,0,0,0,0,0,0,0,0,0,0,0,0,0
21131154920672,63.93718,1786372588656531056,,0,0,0,0,0,0,0,0,0,0,0,0,0,0,0,0,0,0,0
21131174939104,63.957198,1786372588676526585,,0,0,0,0,0,0,0,0,0,0,0,0,0,0,0,0,0,0,0
21131194924480,63.977184,1786372588696523274,,0,0,0,0,0,0,0,0,0,0,0,0,0,0,0,0,0,0,0
21131214918016,63.997177,1786372588716506118,,0,0,0,0,0,0,0,0,0,0,0,0,0,0,0,0,0,0,0
21131234923648,64.017183,1786372588736510729,,0,0,0,0,0,0,0,0,0,0,0,0,0,0,0,0,0,0,0
21131254987168,64.037246,1786372588756504566,,0,0,0,0,0,0,0,0,0,0,0,0,0,0,0,0,0,0,0
21131274899520,64.057159,1786372588776510837,,0,0,0,0,0,0,0,0,0,0,0,0,0,0,0,0,0,0,0
21131294917408,64.077177,1786372588796529985,,0,0,0,0,0,0,0,0,0,0,0,0,0,0,0,0,0,0,0
21131314933632,64.097193,1786372588816526312,,0,0,0,0,0,0,0,0,0,0,0,0,0,0,0,0,0,0,0
21131334901760,64.117161,1786372588836523351,,0,0,0,0,0,0,0,0,0,0,0,0,0,0,0,0,0,0,0
21131354920608,64.13718,1786372588856506704,,0,0,0,0,0,0,0,0,0,0,0,0,0,0,0,0,0,0,0
21131374927712,64.157187,1786372588876511745,,0,0,0,0,0,0,0,0,0,0,0,0,0,0,0,0,0,0,0
21131394911456,64.177171,1786372588896505588,,0,0,0,0,0,0,0,0,0,0,0,0,0,0,0,0,0,0,0
21131414872224,64.197131,1786372588916511819,,0,0,0,0,0,0,0,0,0,0,0,0,0,0,0,0,0,0,0
21131434897632,64.217157,1786372588936532279,,0,0,0,0,0,0,0,0,0,0,0,0,0,0,0,0,0,0,0
21131454891232,64.23715,1786372588956527804,,0,0,0,0,0,0,0,0,0,0,0,0,0,0,0,0,0,0,0
21131474771552,64.257031,1786372588976524572,,0,0,0,0,0,0,0,0,0,0,0,0,0,0,0,0,0,0,0
21131494899168,64.277158,1786372588996506427,,0,0,0,0,0,0,0,0,0,0,0,0,0,0,0,0,0,0,0
21131514885760,64.297145,1786372589016511561,,0,0,0,0,0,0,0,0,0,0,0,0,0,0,0,0,0,0,0
21131534882944,64.317142,1786372589036504783,,0,0,0,0,0,0,0,0,0,0,0,0,0,0,0,0,0,0,0
21131554904896,64.337164,1786372589056511654,,0,0,0,0,0,0,0,0,0,0,0,0,0,0,0,0,0,0,0
21131574922016,64.357181,1786372589076531784,,0,0,0,0,0,0,0,0,0,0,0,0,0,0,0,0,0,0,0
21131594916320,64.377176,1786372589096529766,,0,0,0,0,0,0,0,0,0,0,0,0,0,0,0,0,0,0,0
21131614907232,64.397166,1786372589116523254,,0,0,0,0,0,0,0,0,0,0,0,0,0,0,0,0,0,0,0
21131634896384,64.417156,1786372589136506853,,0,0,0,0,0,0,0,0,0,0,0,0,0,0,0,0,0,0,0
21131654880736,64.43714,1786372589156524362,,0,0,0,0,0,0,0,0,0,0,0,0,0,0,0,0,0,0,0
21131674792768,64.457052,1786372589176504286,,0,0,0,0,0,0,0,0,0,0,0,0,0,0,0,0,0,0,0
21131694893760,64.477153,1786372589196510981,,0,0,0,0,0,0,0,0,0,0,0,0,0,0,0,0,0,0,0
21131714900160,64.497159,1786372589216533063,,0,0,0,0,0,0,0,0,0,0,0,0,0,0,0,0,0,0,0
21131734872064,64.517131,1786372589236526976,,0,0,0,0,0,0,0,0,0,0,0,0,0,0,0,0,0,0,0
21131754907616,64.537167,1786372589256523734,,0,0,0,0,0,0,0,0,0,0,0,0,0,0,0,0,0,0,0
21131774874144,64.557133,1786372589276506183,,0,0,0,0,0,0,0,0,0,0,0,0,0,0,0,0,0,0,0
21131794880512,64.57714,1786372589296511569,,0,0,0,0,0,0,0,0,0,0,0,0,0,0,0,0,0,0,0
21131814870784,64.59713,1786372589316504441,,0,0,0,0,0,0,0,0,0,0,0,0,0,0,0,0,0,0,0
21131834936384,64.617196,1786372589336510106,,0,0,0,0,0,0,0,0,0,0,0,0,0,0,0,0,0,0,0
21131854925600,64.637185,1786372589356531040,,0,0,0,0,0,0,0,0,0,0,0,0,0,0,0,0,0,0,0
21131874759840,64.657019,1786372589376526725,,0,0,0,0,0,0,0,0,0,0,0,0,0,0,0,0,0,0,0
21131894931360,64.677191,1786372589396523348,,0,0,0,0,0,0,0,0,0,0,0,0,0,0,0,0,0,0,0
21131914886560,64.697146,1786372589416506663,,0,0,0,0,0,0,0,0,0,0,0,0,0,0,0,0,0,0,0
21131934869824,64.717129,1786372589436511005,,0,0,0,0,0,0,0,0,0,0,0,0,0,0,0,0,0,0,0
21131954811040,64.73707,1786372589456504142,,0,0,0,0,0,0,0,0,0,0,0,0,0,0,0,0,0,0,0
21131974909696,64.757169,1786372589476511144,,0,0,0,0,0,0,0,0,0,0,0,0,0,0,0,0,0,0,0
21131994863424,64.777123,1786372589496533031,,0,0,0,0,0,0,0,0,0,0,0,0,0,0,0,0,0,0,0
21132014871776,64.797131,1786372589516527753,,0,0,0,0,0,0,0,0,0,0,0,0,0,0,0,0,0,0,0
21132034868832,64.817128,1786372589536524422,,0,0,0,0,0,0,0,0,0,0,0,0,0,0,0,0,0,0,0
21132054857376,64.837117,1786372589556505914,,0,0,0,0,0,0,0,0,0,0,0,0,0,0,0,0,0,0,0
21132074747200,64.857006,1786372589576510784,,0,0,0,0,0,0,0,0,0,0,0,0,0,0,0,0,0,0,0
21132094871328,64.877131,1786372589596506721,,0,0,0,0,0,0,0,0,0,0,0,0,0,0,0,0,0,0,0
21132114856960,64.897116,1786372589616510809,,0,0,0,0,0,0,0,0,0,0,0,0,0,0,0,0,0,0,0
21132134879200,64.917138,1786372589636530388,,0,0,0,0,0,0,0,0,0,0,0,0,0,0,0,0,0,0,0
21132154869536,64.937129,1786372589656525971,,0,0,0,0,0,0,0,0,0,0,0,0,0,0,0,0,0,0,0
21132174941824,64.957201,1786372589676523471,,0,0,0,0,0,0,0,0,0,0,0,0,0,0,0,0,0,0,0
21132194880640,64.97714,1786372589696506231,,0,0,0,0,0,0,0,0,0,0,0,0,0,0,0,0,0,0,0
21132214842176,64.997101,1786372589716510273,,0,0,0,0,0,0,0,0,0,0,0,0,0,0,0,0,0,0,0
21132234859200,65.017118,1786372589736503636,,0,0,0,0,0,0,0,0,0,0,0,0,0,0,0,0,0,0,0
21132254876512,65.037136,1786372589756510020,,0,0,0,0,0,0,0,0,0,0,0,0,0,0,0,0,0,0,0
21132274858752,65.057118,1786372589776530731,,0,0,0,0,0,0,0,0,0,0,0,0,0,0,0,0,0,0,0
21132294884064,65.077143,1786372589796526857,,0,0,0,0,0,0,0,0,0,0,0,0,0,0,0,0,0,0,0
21132314882528,65.097142,1786372589816525772,,0,0,0,0,0,0,0,0,0,0,0,0,0,0,0,0,0,0,0
21132334821472,65.117081,1786372589836506400,,0,0,0,0,0,0,0,0,0,0,0,0,0,0,0,0,0,0,0
21132354893664,65.137153,1786372589856511232,,0,0,0,0,0,0,0,0,0,0,0,0,0,0,0,0,0,0,0
21132374842112,65.157101,1786372589876503472,,0,0,0,0,0,0,0,0,0,0,0,0,0,0,0,0,0,0,0
21132394829312,65.177089,1786372589896511367,,0,0,0,0,0,0,0,0,0,0,0,0,0,0,0,0,0,0,0
21132414853024,65.197112,1786372589916531314,,0,0,0,0,0,0,0,0,0,0,0,0,0,0,0,0,0,0,0
21132434873344,65.217133,1786372589936526740,,0,0,0,0,0,0,0,0,0,0,0,0,0,0,0,0,0,0,0
21132454873664,65.237133,1786372589956523623,,0,0,0,0,0,0,0,0,0,0,0,0,0,0,0,0,0,0,0
21132474706432,65.256966,1786372589976506416,,0,0,0,0,0,0,0,0,0,0,0,0,0,0,0,0,0,0,0
21132494821696,65.277081,1786372589996510788,,0,0,0,0,0,0,0,0,0,0,0,0,0,0,0,0,0,0,0
21132514806784,65.297066,1786372590016504138,,0,0,0,0,0,0,0,0,0,0,0,0,0,0,0,0,0,0,0
21132534831072,65.31709,1786372590036510909,,0,0,0,0,0,0,0,0,0,0,0,0,0,0,0,0,0,0,0
21132554880512,65.33714,1786372590056533002,,0,0,0,0,0,0,0,0,0,0,0,0,0,0,0,0,0,0,0
21132574872864,65.357132,1786372590076527811,,0,0,0,0,0,0,0,0,0,0,0,0,0,0,0,0,0,0,0
21132594875904,65.377135,1786372590096526638,,0,0,0,0,0,0,0,0,0,0,0,0,0,0,0,0,0,0,0
21132614830368,65.39709,1786372590116506829,,0,0,0,0,0,0,0,0,0,0,0,0,0,0,0,0,0,0,0
21132634819680,65.417079,1786372590136511285,,0,0,0,0,0,0,0,0,0,0,0,0,0,0,0,0,0,0,0
21132654858208,65.437117,1786372590156504453,,0,0,0,0,0,0,0,0,0,0,0,0,0,0,0,0,0,0,0
21132674710624,65.45697,1786372590176510304,,0,0,0,0,0,0,0,0,0,0,0,0,0,0,0,0,0,0,0
21132694824960,65.477084,1786372590196531085,,0,0,0,0,0,0,0,0,0,0,0,0,0,0,0,0,0,0,0
21132714839008,65.497098,1786372590216526948,,0,0,0,0,0,0,0,0,0,0,0,0,0,0,0,0,0,0,0
21132734855136,65.517114,1786372590236523625,,0,0,0,0,0,0,0,0,0,0,0,0,0,0,0,0,0,0,0
21132754838368,65.537098,1786372590256505894,,0,0,0,0,0,0,0,0,0,0,0,0,0,0,0,0,0,0,0
21132774839488,65.557099,1786372590276510911,,0,0,0,0,0,0,0,0,0,0,0,0,0,0,0,0,0,0,0
21132794803968,65.577063,1786372590296518352,,0,0,0,0,0,0,0,0,0,0,0,0,0,0,0,0,0,0,0
21132814837888,65.597097,1786372590316511286,,0,0,0,0,0,0,0,0,0,0,0,0,0,0,0,0,0,0,0
21132834885472,65.617145,1786372590336531304,,0,0,0,0,0,0,0,0,0,0,0,0,0,0,0,0,0,0,0
21132854912320,65.637172,1786372590356527640,,0,0,0,0,0,0,0,0,0,0,0,0,0,0,0,0,0,0,0
21132874708704,65.656968,1786372590376523547,,0,0,0,0,0,0,0,0,0,0,0,0,0,0,0,0,0,0,0
21132894828864,65.677088,1786372590396506943,,0,0,0,0,0,0,0,0,0,0,0,0,0,0,0,0,0,0,0
21132914816800,65.697076,1786372590416510399,,0,0,0,0,0,0,0,0,0,0,0,0,0,0,0,0,0,0,0
21132934808160,65.717067,1786372590436504378,,0,0,0,0,0,0,0,0,0,0,0,0,0,0,0,0,0,0,0
21132954870784,65.73713,1786372590456510149,,0,0,0,0,0,0,0,0,0,0,0,0,0,0,0,0,0,0,0
21132974852480,65.757112,1786372590476531697,,0,0,0,0,0,0,0,0,0,0,0,0,0,0,0,0,0,0,0
21132994866752,65.777126,1786372590496528283,,0,0,0,0,0,0,0,0,0,0,0,0,0,0,0,0,0,0,0
21133014811968,65.797071,1786372590516523872,,0,0,0,0,0,0,0,0,0,0,0,0,0,0,0,0,0,0,0
21133034813408,65.817073,1786372590536506414,,0,0,0,0,0,0,0,0,0,0,0,0,0,0,0,0,0,0,0
21133054915552,65.837175,1786372590556511026,,0,0,0,0,0,0,0,0,0,0,0,0,0,0,0,0,0,0,0
21133074681440,65.856941,1786372590576503831,,0,0,0,0,0,0,0,0,0,0,0,0,0,0,0,0,0,0,0
21133094842272,65.877101,1786372590596512856,,0,0,0,0,0,0,0,0,0,0,0,0,0,0,0,0,0,0,0
21133114826816,65.897086,1786372590616531388,,0,0,0,0,0,0,0,0,0,0,0,0,0,0,0,0,0,0,0
21133134852736,65.917112,1786372590636526899,,0,0,0,0,0,0,0,0,0,0,0,0,0,0,0,0,0,0,0
21133154884352,65.937144,1786372590656524917,,0,0,0,0,0,0,0,0,0,0,0,0,0,0,0,0,0,0,0
21133174827232,65.957086,1786372590676507314,,0,0,0,0,0,0,0,0,0,0,0,0,0,0,0,0,0,0,0
21133194826720,65.977086,1786372590696510954,,0,0,0,0,0,0,0,0,0,0,0,0,0,0,0,0,0,0,0
21133214784320,65.997044,1786372590716504099,,0,0,0,0,0,0,0,0,0,0,0,0,0,0,0,0,0,0,0
21133234822432,66.017082,1786372590736510569,,0,0,0,0,0,0,0,0,0,0,0,0,0,0,0,0,0,0,0
21133254883584,66.037143,1786372590756531006,,0,0,0,0,0,0,0,0,0,0,0,0,0,0,0,0,0,0,0
21133274677856,66.056937,1786372590776525997,,0,0,0,0,0,0,0,0,0,0,0,0,0,0,0,0,0,0,0
21133294814112,66.077073,1786372590796523521,,0,0,0,0,0,0,0,0,0,0,0,0,0,0,0,0,0,0,0
21133314790208,66.097049,1786372590816506884,,0,0,0,0,0,0,0,0,0,0,0,0,0,0,0,0,0,0,0
21133334821824,66.117081,1786372590836511254,,0,0,0,0,0,0,0,0,0,0,0,0,0,0,0,0,0,0,0
21133354882304,66.137142,1786372590856504045,,0,0,0,0,0,0,0,0,0,0,0,0,0,0,0,0,0,0,0
21133374802400,66.157062,1786372590876510376,,0,0,0,0,0,0,0,0,0,0,0,0,0,0,0,0,0,0,0
21133394828960,66.177088,1786372590896530064,,0,0,0,0,0,0,0,0,0,0,0,0,0,0,0,0,0,0,0
21133414855136,66.197114,1786372590916527340,,0,0,0,0,0,0,0,0,0,0,0,0,0,0,0,0,0,0,0
21133434824768,66.217084,1786372590936523767,,0,0,0,0,0,0,0,0,0,0,0,0,0,0,0,0,0,0,0
21133454839264,66.237098,1786372590956506364,,0,0,0,0,0,0,0,0,0,0,0,0,0,0,0,0,0,0,0
21133474747392,66.257007,1786372590976525605,,0,0,0,0,0,0,0,0,0,0,0,0,0,0,0,0,0,0,0
21133494785856,66.277045,1786372590996504747,,0,0,0,0,0,0,0,0,0,0,0,0,0,0,0,0,0,0,0
21133514803968,66.297063,1786372591016510692,,0,0,0,0,0,0,0,0,0,0,0,0,0,0,0,0,0,0,0
21133534830432,66.31709,1786372591036531616,,0,0,0,0,0,0,0,0,0,0,0,0,0,0,0,0,0,0,0
21133554778432,66.337038,1786372591056541797,,0,0,0,0,0,0,0,0,0,0,0,0,0,0,0,0,0,0,0
21133574823072,66.357082,1786372591076524502,,0,0,0,0,0,0,0,0,0,0,0,0,0,0,0,0,0,0,0
21133594800544,66.37706,1786372591096509451,,0,0,0,0,0,0,0,0,0,0,0,0,0,0,0,0,0,0,0
21133614815456,66.397075,1786372591116512389,,0,0,0,0,0,0,0,0,0,0,0,0,0,0,0,0,0,0,0
21133634797280,66.417056,1786372591136505210,,0,0,0,0,0,0,0,0,0,0,0,0,0,0,0,0,0,0,0
21133654831904,66.437091,1786372591156510630,,0,0,0,0,0,0,0,0,0,0,0,0,0,0,0,0,0,0,0
21133674661504,66.456921,1786372591176531370,,0,0,0,0,0,0,0,0,0,0,0,0,0,0,0,0,0,0,0
21133694794592,66.477054,1786372591196526375,,0,0,0,0,0,0,0,0,0,0,0,0,0,0,0,0,0,0,0
21133714806368,66.497066,1786372591216523390,,0,0,0,0,0,0,0,0,0,0,0,0,0,0,0,0,0,0,0
21133734762400,66.517022,1786372591236506821,,0,0,0,0,0,0,0,0,0,0,0,0,0,0,0,0,0,0,0
21133754795360,66.537055,1786372591256510944,,0,0,0,0,0,0,0,0,0,0,0,0,0,0,0,0,0,0,0
21133774779296,66.557038,1786372591276504797,,0,0,0,0,0,0,0,0,0,0,0,0,0,0,0,0,0,0,0
21133794811584,66.577071,1786372591296510715,,0,0,0,0,0,0,0,0,0,0,0,0,0,0,0,0,0,0,0
21133814834656,66.597094,1786372591316532194,,0,0,0,0,0,0,0,0,0,0,0,0,0,0,0,0,0,0,0
21133834817984,66.617077,1786372591336527349,,0,0,0,0,0,0,0,0,0,0,0,0,0,0,0,0,0,0,0
21133854793152,66.637052,1786372591356523603,,0,0,0,0,0,0,0,0,0,0,0,0,0,0,0,0,0,0,0
21133874643648,66.656903,1786372591376506769,,0,0,0,0,0,0,0,0,0,0,0,0,0,0,0,0,0,0,0
21133894764000,66.677023,1786372591396511233,,0,0,0,0,0,0,0,0,0,0,0,0,0,0,0,0,0,0,0
21133914793568,66.697053,1786372591416504577,,0,0,0,0,0,0,0,0,0,0,0,0,0,0,0,0,0,0,0
21133934774528,66.717034,1786372591436510963,,0,0,0,0,0,0,0,0,0,0,0,0,0,0,0,0,0,0,0
21133954805344,66.737065,1786372591456532230,,0,0,0,0,0,0,0,0,0,0,0,0,0,0,0,0,0,0,0
21133974783776,66.757043,1786372591476527776,,0,0,0,0,0,0,0,0,0,0,0,0,0,0,0,0,0,0,0
21133994815264,66.777074,1786372591496524851,,0,0,0,0,0,0,0,0,0,0,0,0,0,0,0,0,0,0,0
21134014764448,66.797024,1786372591516506264,,0,0,0,0,0,0,0,0,0,0,0,0,0,0,0,0,0,0,0
21134034779776,66.817039,1786372591536511446,,0,0,0,0,0,0,0,0,0,0,0,0,0,0,0,0,0,0,0
21134054773760,66.837033,1786372591556503773,,0,0,0,0,0,0,0,0,0,0,0,0,0,0,0,0,0,0,0
21134074644640,66.856904,1786372591576510619,,0,0,0,0,0,0,0,0,0,0,0,0,0,0,0,0,0,0,0
21134094825056,66.877084,1786372591596533944,,0,0,0,0,0,0,0,0,0,0,0,0,0,0,0,0,0,0,0
21134114772704,66.897032,1786372591616526629,,0,0,0,0,0,0,0,0,0,0,0,0,0,0,0,0,0,0,0
21134134795968,66.917055,1786372591636523886,,0,0,0,0,0,0,0,0,0,0,0,0,0,0,0,0,0,0,0
21134154799168,66.937058,1786372591656506910,,0,0,0,0,0,0,0,0,0,0,0,0,0,0,0,0,0,0,0
21134174756576,66.957016,1786372591676510238,,0,0,0,0,0,0,0,0,0,0,0,0,0,0,0,0,0,0,0
21134194767648,66.977027,1786372591696504414,,0,0,0,0,0,0,0,0,0,0,0,0,0,0,0,0,0,0,0
21134214773248,66.997032,1786372591716511165,,0,0,0,0,0,0,0,0,0,0,0,0,0,0,0,0,0,0,0
21134234790880,67.01705,1786372591736532646,,0,0,0,0,0,0,0,0,0,0,0,0,0,0,0,0,0,0,0
21134254778464,67.037038,1786372591756527810,,0,0,0,0,0,0,0,0,0,0,0,0,0,0,0,0,0,0,0
21134274661120,67.05692,1786372591776523234,,0,0,0,0,0,0,0,0,0,0,0,0,0,0,0,0,0,0,0
21134294756576,67.077016,1786372591796506376,,0,0,0,0,0,0,0,0,0,0,0,0,0,0,0,0,0,0,0
21134314790176,67.097049,1786372591816510845,,0,0,0,0,0,0,0,0,0,0,0,0,0,0,0,0,0,0,0
21134334763136,67.117022,1786372591836504758,,0,0,0,0,0,0,0,0,0,0,0,0,0,0,0,0,0,0,0
21134354752480,67.137012,1786372591856510604,,0,0,0,0,0,0,0,0,0,0,0,0,0,0,0,0,0,0,0
21134374783104,67.157042,1786372591876532819,,0,0,0,0,0,0,0,0,0,0,0,0,0,0,0,0,0,0,0
21134394773504,67.177033,1786372591896527639,,0,0,0,0,0,0,0,0,0,0,0,0,0,0,0,0,0,0,0
21134414787040,67.197046,1786372591916524071,,0,0,0,0,0,0,0,0,0,0,0,0,0,0,0,0,0,0,0
21134434772128,67.217031,1786372591936506787,,0,0,0,0,0,0,0,0,0,0,0,0,0,0,0,0,0,0,0
21134454763712,67.237023,1786372591956510752,,0,0,0,0,0,0,0,0,0,0,0,0,0,0,0,0,0,0,0
21134474617888,67.256877,1786372591976504978,,0,0,0,0,0,0,0,0,0,0,0,0,0,0,0,0,0,0,0
21134494771872,67.277031,1786372591996510697,,0,0,0,0,0,0,0,0,0,0,0,0,0,0,0,0,0,0,0
21134514784704,67.297044,1786372592016530705,,0,0,0,0,0,0,0,0,0,0,0,0,0,0,0,0,0,0,0
21134534797792,67.317057,1786372592036527518,,0,0,0,0,0,0,0,0,0,0,0,0,0,0,0,0,0,0,0
21134554772640,67.337032,1786372592056523934,,0,0,0,0,0,0,0,0,0,0,0,0,0,0,0,0,0,0,0
21134574737856,67.356997,1786372592076507813,,0,0,0,0,0,0,0,0,0,0,0,0,0,0,0,0,0,0,0
21134594765120,67.377024,1786372592096514333,,0,0,0,0,0,0,0,0,0,0,0,0,0,0,0,0,0,0,0
21134614764992,67.397024,1786372592116503818,,0,0,0,0,0,0,0,0,0,0,0,0,0,0,0,0,0,0,0
21134634743136,67.417002,1786372592136511080,,0,0,0,0,0,0,0,0,0,0,0,0,0,0,0,0,0,0,0
21134654765728,67.437025,1786372592156531124,,0,0,0,0,0,0,0,0,0,0,0,0,0,0,0,0,0,0,0
21134674628288,67.456887,1786372592176527531,,0,0,0,0,0,0,0,0,0,0,0,0,0,0,0,0,0,0,0
21134694771296,67.47703,1786372592196524380,,0,0,0,0,0,0,0,0,0,0,0,0,0,0,0,0,0,0,0
21134714728832,67.496988,1786372592216506558,,0,0,0,0,0,0,0,0,0,0,0,0,0,0,0,0,0,0,0
21134734740224,67.516999,1786372592236511463,,0,0,0,0,0,0,0,0,0,0,0,0,0,0,0,0,0,0,0
21134754707008,67.536966,1786372592256504055,,0,0,0,0,0,0,0,0,0,0,0,0,0,0,0,0,0,0,0
21134774752032,67.557011,1786372592276511088,,0,0,0,0,0,0,0,0,0,0,0,0,0,0,0,0,0,0,0
21134794808544,67.577068,1786372592296531930,,0,0,0,0,0,0,0,0,0,0,0,0,0,0,0,0,0,0,0
21134814772000,67.597031,1786372592316526469,,0,0,0,0,0,0,0,0,0,0,0,0,0,0,0,0,0,0,0
21134834755168,67.617014,1786372592336523690,,0,0,0,0,0,0,0,0,0,0,0,0,0,0,0,0,0,0,0
21134854746304,67.637006,1786372592356507118,,0,0,0,0,0,0,0,0,0,0,0,0,0,0,0,0,0,0,0
21134874625600,67.656885,1786372592376511439,,0,0,0,0,0,0,0,0,0,0,0,0,0,0,0,0,0,0,0
21134894741696,67.677001,1786372592396504384,,0,0,0,0,0,0,0,0,0,0,0,0,0,0,0,0,0,0,0
21134914726624,67.696986,1786372592416511619,,0,0,0,0,0,0,0,0,0,0,0,0,0,0,0,0,0,0,0
21134934766592,67.717026,1786372592436530648,,0,0,0,0,0,0,0,0,0,0,0,0,0,0,0,0,0,0,0
21134954783136,67.737042,1786372592456527519,,0,0,0,0,0,0,0,0,0,0,0,0,0,0,0,0,0,0,0
21134974742176,67.757001,1786372592476523985,,0,0,0,0,0,0,0,0,0,0,0,0,0,0,0,0,0,0,0
21134994713696,67.776973,1786372592496507406,,0,0,0,0,0,0,0,0,0,0,0,0,0,0,0,0,0,0,0
21135014739520,67.796999,1786372592516510747,,0,0,0,0,0,0,0,0,0,0,0,0,0,0,0,0,0,0,0
21135034712384,67.816972,1786372592536503999,,0,0,0,0,0,0,0,0,0,0,0,0,0,0,0,0,0,0,0
21135054771136,67.83703,1786372592556510852,,0,0,0,0,0,0,0,0,0,0,0,0,0,0,0,0,0,0,0
21135074599648,67.856859,1786372592576531027,,0,0,0,0,0,0,0,0,0,0,0,0,0,0,0,0,0,0,0
21135094759456,67.877019,1786372592596529259,,0,0,0,0,0,0,0,0,0,0,0,0,0,0,0,0,0,0,0
21135114727584,67.896987,1786372592616523997,,0,0,0,0,0,0,0,0,0,0,0,0,0,0,0,0,0,0,0
21135134728032,67.916987,1786372592636506857,,0,0,0,0,0,0,0,0,0,0,0,0,0,0,0,0,0,0,0
21135154786304,67.937046,1786372592656510893,,0,0,0,0,0,0,0,0,0,0,0,0,0,0,0,0,0,0,0
21135174707168,67.956966,1786372592676504257,,0,0,0,0,0,0,0,0,0,0,0,0,0,0,0,0,0,0,0
21135194739776,67.976999,1786372592696510758,,0,0,0,0,0,0,0,0,0,0,0,0,0,0,0,0,0,0,0
21135214754752,67.997014,1786372592716532001,,0,0,0,0,0,0,0,0,0,0,0,0,0,0,0,0,0,0,0
21135234758272,68.017017,1786372592736526632,,0,0,0,0,0,0,0,0,0,0,0,0,0,0,0,0,0,0,0
21135254722272,68.036981,1786372592756523699,,0,0,0,0,0,0,0,0,0,0,0,0,0,0,0,0,0,0,0
21135274699872,68.056959,1786372592776505702,,0,0,0,0,0,0,0,0,0,0,0,0,0,0,0,0,0,0,0
21135294785152,68.077044,1786372592796510352,,0,0,0,0,0,0,0,0,0,0,0,0,0,0,0,0,0,0,0
21135314712128,68.096971,1786372592816504905,,0,0,0,0,0,0,0,0,0,0,0,0,0,0,0,0,0,0,0
21135334705344,68.116965,1786372592836512728,,0,0,0,0,0,0,0,0,0,0,0,0,0,0,0,0,0,0,0
21135354741824,68.137001,1786372592856531300,,0,0,0,0,0,0,0,0,0,0,0,0,0,0,0,0,0,0,0
21135374762720,68.157022,1786372592876527552,,0,0,0,0,0,0,0,0,0,0,0,0,0,0,0,0,0,0,0
21135394746144,68.177005,1786372592896523921,,0,0,0,0,0,0,0,0,0,0,0,0,0,0,0,0,0,0,0
21135414715520,68.196975,1786372592916506767,,0,0,0,0,0,0,0,0,0,0,0,0,0,0,0,0,0,0,0
21135434717664,68.216977,1786372592936511018,,0,0,0,0,0,0,0,0,0,0,0,0,0,0,0,0,0,0,0
21135454715072,68.236974,1786372592956504277,,0,0,0,0,0,0,0,0,0,0,0,0,0,0,0,0,0,0,0
21135474580704,68.25684,1786372592976510669,,0,0,0,0,0,0,0,0,0,0,0,0,0,0,0,0,0,0,0
21135494750624,68.27701,1786372592996531339,,0,0,0,0,0,0,0,0,0,0,0,0,0,0,0,0,0,0,0
21135514726368,68.296986,1786372593016527938,,0,0,0,0,0,0,0,0,0,0,0,0,0,0,0,0,0,0,0
21135534723552,68.316983,1786372593036523717,,0,0,0,0,0,0,0,0,0,0,0,0,0,0,0,0,0,0,0
21135554716064,68.336975,1786372593056505869,,0,0,0,0,0,0,0,0,0,0,0,0,0,0,0,0,0,0,0
21135574728192,68.356987,1786372593076510851,,0,0,0,0,0,0,0,0,0,0,0,0,0,0,0,0,0,0,0
21135594737376,68.376997,1786372593096506894,,0,0,0,0,0,0,0,0,0,0,0,0,0,0,0,0,0,0,0
21135614683808,68.396943,1786372593116511126,,0,0,0,0,0,0,0,0,0,0,0,0,0,0,0,0,0,0,0
21135634713632,68.416973,1786372593136532817,,0,0,0,0,0,0,0,0,0,0,0,0,0,0,0,0,0,0,0
21135654720160,68.436979,1786372593156526897,,0,0,0,0,0,0,0,0,0,0,0,0,0,0,0,0,0,0,0
21135674587104,68.456846,1786372593176523056,,0,0,0,0,0,0,0,0,0,0,0,0,0,0,0,0,0,0,0
21135694680320,68.47694,1786372593196522138,,0,0,0,0,0,0,0,0,0,0,0,0,0,0,0,0,0,0,0
21135714678624,68.496938,1786372593216512328,,0,0,0,0,0,0,0,0,0,0,0,0,0,0,0,0,0,0,0
21135734680864,68.51694,1786372593236505382,,0,0,0,0,0,0,0,0,0,0,0,0,0,0,0,0,0,0,0
21135754813024,68.537072,1786372593256511699,,0,0,0,0,0,0,0,0,0,0,0,0,0,0,0,0,0,0,0
21135774722592,68.556982,1786372593276530830,,0,0,0,0,0,0,0,0,0,0,0,0,0,0,0,0,0,0,0
21135794717408,68.576977,1786372593296526691,,0,0,0,0,0,0,0,0,0,0,0,0,0,0,0,0,0,0,0
21135814680064,68.596939,1786372593316524522,,0,0,0,0,0,0,0,0,0,0,0,0,0,0,0,0,0,0,0
21135834684224,68.616943,1786372593336506912,,0,0,0,0,0,0,0,0,0,0,0,0,0,0,0,0,0,0,0
21135854723488,68.636983,1786372593356511851,,0,0,0,0,0,0,0,0,0,0,0,0,0,0,0,0,0,0,0
21135874553696,68.656813,1786372593376504823,,0,0,0,0,0,0,0,0,0,0,0,0,0,0,0,0,0,0,0
21135894688416,68.676948,1786372593396510864,,0,0,0,0,0,0,0,0,0,0,0,0,0,0,0,0,0,0,0
21135914685344,68.696945,1786372593416532224,,0,0,0,0,0,0,0,0,0,0,0,0,0,0,0,0,0,0,0
21135934688000,68.716947,1786372593436528097,,0,0,0,0,0,0,0,0,0,0,0,0,0,0,0,0,0,0,0
21135954736672,68.736996,1786372593456523273,,0,0,0,0,0,0,0,0,0,0,0,0,0,0,0,0,0,0,0
21135974650528,68.75691,1786372593476507561,,0,0,0,0,0,0,0,0,0,0,0,0,0,0,0,0,0,0,0
21135994692064,68.776951,1786372593496511659,,0,0,0,0,0,0,0,0,0,0,0,0,0,0,0,0,0,0,0
21136014657120,68.796916,1786372593516503825,,0,0,0,0,0,0,0,0,0,0,0,0,0,0,0,0,0,0,0
21136034713952,68.816973,1786372593536511039,,0,0,0,0,0,0,0,0,0,0,0,0,0,0,0,0,0,0,0
21136054762304,68.837022,1786372593556530778,,0,0,0,0,0,0,0,0,0,0,0,0,0,0,0,0,0,0,0
21136074568640,68.856828,1786372593576527274,,0,0,0,0,0,0,0,0,0,0,0,0,0,0,0,0,0,0,0
21136094678016,68.876937,1786372593596526001,,0,0,0,0,0,0,0,0,0,0,0,0,0,0,0,0,0,0,0
21136114671968,68.896931,1786372593616507962,,0,0,0,0,0,0,0,0,0,0,0,0,0,0,0,0,0,0,0
21136134672320,68.916932,1786372593636511353,,0,0,0,0,0,0,0,0,0,0,0,0,0,0,0,0,0,0,0
21136154659040,68.936918,1786372593656504129,,0,0,0,0,0,0,0,0,0,0,0,0,0,0,0,0,0,0,0
21136174679328,68.956939,1786372593676510749,,0,0,0,0,0,0,0,0,0,0,0,0,0,0,0,0,0,0,0
21136194693888,68.976953,1786372593696530523,,0,0,0,0,0,0,0,0,0,0,0,0,0,0,0,0,0,0,0
21136214672672,68.996932,1786372593716526497,,0,0,0,0,0,0,0,0,0,0,0,0,0,0,0,0,0,0,0
21136234676384,69.016936,1786372593736522940,,0,0,0,0,0,0,0,0,0,0,0,0,0,0,0,0,0,0,0
21136254666304,69.036926,1786372593756508820,,0,0,0,0,0,0,0,0,0,0,0,0,0,0,0,0,0,0,0
21136274540032,69.056799,1786372593776511173,,0,0,0,0,0,0,0,0,0,0,0,0,0,0,0,0,0,0,0
21136294683104,69.076942,1786372593796504695,,0,0,0,0,0,0,0,0,0,0,0,0,0,0,0,0,0,0,0
21136314661696,69.096921,1786372593816513094,,0,0,0,0,0,0,0,0,0,0,0,0,0,0,0,0,0,0,0
21136334674144,69.116933,1786372593836531445,,0,0,0,0,0,0,0,0,0,0,0,0,0,0,0,0,0,0,0
21136354710624,69.13697,1786372593856527137,,0,0,0,0,0,0,0,0,0,0,0,0,0,0,0,0,0,0,0
21136374691424,69.156951,1786372593876522922,,0,0,0,0,0,0,0,0,0,0,0,0,0,0,0,0,0,0,0
21136394677600,69.176937,1786372593896507750,,0,0,0,0,0,0,0,0,0,0,0,0,0,0,0,0,0,0,0
21136414647584,69.196907,1786372593916510710,,0,0,0,0,0,0,0,0,0,0,0,0,0,0,0,0,0,0,0
21136434644576,69.216904,1786372593936504101,,0,0,0,0,0,0,0,0,0,0,0,0,0,0,0,0,0,0,0
21136454660992,69.23692,1786372593956510706,,0,0,0,0,0,0,0,0,0,0,0,0,0,0,0,0,0,0,0
21136474532256,69.256791,1786372593976531599,,0,0,0,0,0,0,0,0,0,0,0,0,0,0,0,0,0,0,0
21136494684448,69.276944,1786372593996527742,,0,0,0,0,0,0,0,0,0,0,0,0,0,0,0,0,0,0,0
21136514677216,69.296936,1786372594016523232,,0,0,0,0,0,0,0,0,0,0,0,0,0,0,0,0,0,0,0
21136534648800,69.316908,1786372594036506954,,0,0,0,0,0,0,0,0,0,0,0,0,0,0,0,0,0,0,0
21136554829792,69.337089,1786372594056510227,,0,0,0,0,0,0,0,0,0,0,0,0,0,0,0,0,0,0,0
21136574607808,69.356867,1786372594076504003,,0,0,0,0,0,0,0,0,0,0,0,0,0,0,0,0,0,0,0
21136594640960,69.3769,1786372594096513306,,0,0,0,0,0,0,0,0,0,0,0,0,0,0,0,0,0,0,0
21136614656320,69.396916,1786372594116532260,,0,0,0,0,0,0,0,0,0,0,0,0,0,0,0,0,0,0,0
21136634671200,69.41693,1786372594136527385,,0,0,0,0,0,0,0,0,0,0,0,0,0,0,0,0,0,0,0
21136654750720,69.43701,1786372594156522996,,0,0,0,0,0,0,0,0,0,0,0,0,0,0,0,0,0,0,0
21136674535200,69.456794,1786372594176506629,,0,0,0,0,0,0,0,0,0,0,0,0,0,0,0,0,0,0,0
21136694675200,69.476934,1786372594196511466,,0,0,0,0,0,0,0,0,0,0,0,0,0,0,0,0,0,0,0
21136714636256,69.496895,1786372594216504892,,0,0,0,0,0,0,0,0,0,0,0,0,0,0,0,0,0,0,0
21136734654336,69.516914,1786372594236511100,,0,0,0,0,0,0,0,0,0,0,0,0,0,0,0,0,0,0,0
21136754756480,69.537016,1786372594256531826,,0,0,0,0,0,0,0,0,0,0,0,0,0,0,0,0,0,0,0
21136774701472,69.556961,1786372594276528117,,0,0,0,0,0,0,0,0,0,0,0,0,0,0,0,0,0,0,0
21136794678816,69.576938,1786372594296524059,,0,0,0,0,0,0,0,0,0,0,0,0,0,0,0,0,0,0,0
21136814646880,69.596906,1786372594316507713,,0,0,0,0,0,0,0,0,0,0,0,0,0,0,0,0,0,0,0
21136834642816,69.616902,1786372594336511038,,0,0,0,0,0,0,0,0,0,0,0,0,0,0,0,0,0,0,0
21136854749856,69.637009,1786372594356504828,,0,0,0,0,0,0,0,0,0,0,0,0,0,0,0,0,0,0,0
21136874513184,69.656772,1786372594376510803,,0,0,0,0,0,0,0,0,0,0,0,0,0,0,0,0,0,0,0
21136894667392,69.676927,1786372594396531728,,0,0,0,0,0,0,0,0,0,0,0,0,0,0,0,0,0,0,0
21136914650912,69.69691,1786372594416526521,,0,0,0,0,0,0,0,0,0,0,0,0,0,0,0,0,0,0,0
21136934673472,69.716933,1786372594436523301,,0,0,0,0,0,0,0,0,0,0,0,0,0,0,0,0,0,0,0
21136954633632,69.736893,1786372594456506964,,0,0,0,0,0,0,0,0,0,0,0,0,0,0,0,0,0,0,0
21136974649568,69.756909,1786372594476511893,,0,0,0,0,0,0,0,0,0,0,0,0,0,0,0,0,0,0,0
21136994609952,69.776869,1786372594496518018,,0,0,0,0,0,0,0,0,0,0,0,0,0,0,0,0,0,0,0
21137014666464,69.796926,1786372594516510834,,0,0,0,0,0,0,0,0,0,0,0,0,0,0,0,0,0,0,0
21137034698880,69.816958,1786372594536531560,,0,0,0,0,0,0,0,0,0,0,0,0,0,0,0,0,0,0,0
21137054641792,69.836901,1786372594556526638,,0,0,0,0,0,0,0,0,0,0,0,0,0,0,0,0,0,0,0
21137074521664,69.856781,1786372594576524547,,0,0,0,0,0,0,0,0,0,0,0,0,0,0,0,0,0,0,0
21137094636960,69.876896,1786372594596508743,,0,0,0,0,0,0,0,0,0,0,0,0,0,0,0,0,0,0,0
21137114620800,69.89688,1786372594616511307,,0,0,0,0,0,0,0,0,0,0,0,0,0,0,0,0,0,0,0
21137134603104,69.916862,1786372594636504392,,0,0,0,0,0,0,0,0,0,0,0,0,0,0,0,0,0,0,0
21137154455008,69.936714,1786372594656510815,,0,0,0,0,0,0,0,0,0,0,0,0,0,0,0,0,0,0,0
21137174639648,69.956899,1786372594676531746,,0,0,0,0,0,0,0,0,0,0,0,0,0,0,0,0,0,0,0
21137194660288,69.976919,1786372594696527904,,0,0,0,0,0,0,0,0,0,0,0,0,0,0,0,0,0,0,0
21137214615968,69.996875,1786372594716523928,,0,0,0,0,0,0,0,0,0,0,0,0,0,0,0,0,0,0,0
21137234610944,70.01687,1786372594736506831,,0,0,0,0,0,0,0,0,0,0,0,0,0,0,0,0,0,0,0
21137254627424,70.036887,1786372594756511121,,0,0,0,0,0,0,0,0,0,0,0,0,0,0,0,0,0,0,0
21137274538688,70.056798,1786372594776504542,,0,0,0,0,0,0,0,0,0,0,0,0,0,0,0,0,0,0,0
21137294616384,70.076876,1786372594796511013,,0,0,0,0,0,0,0,0,0,0,0,0,0,0,0,0,0,0,0
21137314619168,70.096878,1786372594816531071,,0,0,0,0,0,0,0,0,0,0,0,0,0,0,0,0,0,0,0
21137334637952,70.116897,1786372594836527594,,0,0,0,0,0,0,0,0,0,0,0,0,0,0,0,0,0,0,0
21137354628352,70.136888,1786372594856523361,,0,0,0,0,0,0,0,0,0,0,0,0,0,0,0,0,0,0,0
21137374618208,70.156877,1786372594876506383,,0,0,0,0,0,0,0,0,0,0,0,0,0,0,0,0,0,0,0
21137394611808,70.176871,1786372594896510956,,0,0,0,0,0,0,0,0,0,0,0,0,0,0,0,0,0,0,0
21137414588480,70.196848,1786372594916503671,,0,0,0,0,0,0,0,0,0,0,0,0,0,0,0,0,0,0,0
21137434616064,70.216875,1786372594936510559,,0,0,0,0,0,0,0,0,0,0,0,0,0,0,0,0,0,0,0
21137454639040,70.236898,1786372594956531011,,0,0,0,0,0,0,0,0,0,0,0,0,0,0,0,0,0,0,0
21137474533440,70.256793,1786372594976526108,,0,0,0,0,0,0,0,0,0,0,0,0,0,0,0,0,0,0,0
21137494623360,70.276883,1786372594996524114,,0,0,0,0,0,0,0,0,0,0,0,0,0,0,0,0,0,0,0
21137514592992,70.296852,1786372595016507668,,0,0,0,0,0,0,0,0,0,0,0,0,0,0,0,0,0,0,0
21137534627840,70.316887,1786372595036511290,,0,0,0,0,0,0,0,0,0,0,0,0,0,0,0,0,0,0,0
21137554421728,70.336681,1786372595056504308,,0,0,0,0,0,0,0,0,0,0,0,0,0,0,0,0,0,0,0
21137574596928,70.356856,1786372595076511008,,0,0,0,0,0,0,0,0,0,0,0,0,0,0,0,0,0,0,0
21137594623456,70.376883,1786372595096534818,,0,0,0,0,0,0,0,0,0,0,0,0,0,0,0,0,0,0,0
21137614619616,70.396879,1786372595116527591,,0,0,0,0,0,0,0,0,0,0,0,0,0,0,0,0,0,0,0
21137634621856,70.416881,1786372595136522748,,0,0,0,0,0,0,0,0,0,0,0,0,0,0,0,0,0,0,0
21137654593504,70.436853,1786372595156506728,,0,0,0,0,0,0,0,0,0,0,0,0,0,0,0,0,0,0,0
21137674466624,70.456726,1786372595176511672,,0,0,0,0,0,0,0,0,0,0,0,0,0,0,0,0,0,0,0
21137694423104,70.476682,1786372595196504025,,0,0,0,0,0,0,0,0,0,0,0,0,0,0,0,0,0,0,0
21137714619360,70.496879,1786372595216511843,,0,0,0,0,0,0,0,0,0,0,0,0,0,0,0,0,0,0,0
21137734628704,70.516888,1786372595236531501,,0,0,0,0,0,0,0,0,0,0,0,0,0,0,0,0,0,0,0
21137754430816,70.53669,1786372595256527573,,0,0,0,0,0,0,0,0,0,0,0,0,0,0,0,0,0,0,0
21137774613920,70.556873,1786372595276522717,,0,0,0,0,0,0,0,0,0,0,0,0,0,0,0,0,0,0,0
21137794566080,70.576825,1786372595296520059,,0,0,0,0,0,0,0,0,0,0,0,0,0,0,0,0,0,0,0
21137814572960,70.596832,1786372595316511204,,0,0,0,0,0,0,0,0,0,0,0,0,0,0,0,0,0,0,0
21137834601696,70.616861,1786372595336504833,,0,0,0,0,0,0,0,0,0,0,0,0,0,0,0,0,0,0,0
21137854502080,70.636761,1786372595356511450,,0,0,0,0,0,0,0,0,0,0,0,0,0,0,0,0,0,0,0
21137874480384,70.65674,1786372595376531881,,0,0,0,0,0,0,0,0,0,0,0,0,0,0,0,0,0,0,0
21137894606304,70.676866,1786372595396526301,,0,0,0,0,0,0,0,0,0,0,0,0,0,0,0,0,0,0,0
21137914621856,70.696881,1786372595416523507,,0,0,0,0,0,0,0,0,0,0,0,0,0,0,0,0,0,0,0
21137934572384,70.716832,1786372595436506402,,0,0,0,0,0,0,0,0,0,0,0,0,0,0,0,0,0,0,0
21137954482016,70.736741,1786372595456512084,,0,0,0,0,0,0,0,0,0,0,0,0,0,0,0,0,0,0,0
21137974594880,70.756854,1786372595476504735,,0,0,0,0,0,0,0,0,0,0,0,0,0,0,0,0,0,0,0
21137994615456,70.776875,1786372595496511005,,0,0,0,0,0,0,0,0,0,0,0,0,0,0,0,0,0,0,0
21138014630048,70.796889,1786372595516531106,,0,0,0,0,0,0,0,0,0,0,0,0,0,0,0,0,0,0,0
21138034635680,70.816895,1786372595536527852,,0,0,0,0,0,0,0,0,0,0,0,0,0,0,0,0,0,0,0
21138054615488,70.836875,1786372595556523498,,0,0,0,0,0,0,0,0,0,0,0,0,0,0,0,0,0,0,0
21138074455648,70.856715,1786372595576506090,,0,0,0,0,0,0,0,0,0,0,0,0,0,0,0,0,0,0,0
21138094582112,70.876841,1786372595596513659,,0,0,0,0,0,0,0,0,0,0,0,0,0,0,0,0,0,0,0
21138114557792,70.896817,1786372595616504694,,0,0,0,0,0,0,0,0,0,0,0,0,0,0,0,0,0,0,0
21138134583232,70.916842,1786372595636510942,,0,0,0,0,0,0,0,0,0,0,0,0,0,0,0,0,0,0,0
21138154615264,70.936874,1786372595656531282,,0,0,0,0,0,0,0,0,0,0,0,0,0,0,0,0,0,0,0
21138174591744,70.956851,1786372595676527697,,0,0,0,0,0,0,0,0,0,0,0,0,0,0,0,0,0,0,0
21138194599168,70.976858,1786372595696522352,,0,0,0,0,0,0,0,0,0,0,0,0,0,0,0,0,0,0,0
21138214564704,70.996824,1786372595716506750,,0,0,0,0,0,0,0,0,0,0,0,0,0,0,0,0,0,0,0
21138234596544,71.016856,1786372595736511622,,0,0,0,0,0,0,0,0,0,0,0,0,0,0,0,0,0,0,0
21138254567168,71.036826,1786372595756504153,,0,0,0,0,0,0,0,0,0,0,0,0,0,0,0,0,0,0,0
21138274568608,71.056828,1786372595776510216,,0,0,0,0,0,0,0,0,0,0,0,0,0,0,0,0,0,0,0
21138294595552,71.076855,1786372595796545730,,0,0,0,0,0,0,0,0,0,0,0,0,0,0,0,0,0,0,0
21138314612704,71.096872,1786372595816527018,,0,0,0,0,0,0,0,0,0,0,0,0,0,0,0,0,0,0,0
21138334594976,71.116854,1786372595836524023,,0,0,0,0,0,0,0,0,0,0,0,0,0,0,0,0,0,0,0
21138354393568,71.136653,1786372595856506979,,0,0,0,0,0,0,0,0,0,0,0,0,0,0,0,0,0,0,0
21138374570752,71.15683,1786372595876510883,,0,0,0,0,0,0,0,0,0,0,0,0,0,0,0,0,0,0,0
21138394569120,71.176828,1786372595896504529,,0,0,0,0,0,0,0,0,0,0,0,0,0,0,0,0,0,0,0
21138414570112,71.196829,1786372595916510307,,0,0,0,0,0,0,0,0,0,0,0,0,0,0,0,0,0,0,0
21138434601920,71.216861,1786372595936530982,,0,0,0,0,0,0,0,0,0,0,0,0,0,0,0,0,0,0,0
21138454605472,71.236865,1786372595956526251,,0,0,0,0,0,0,0,0,0,0,0,0,0,0,0,0,0,0,0
21138474450688,71.25671,1786372595976522656,,0,0,0,0,0,0,0,0,0,0,0,0,0,0,0,0,0,0,0
21138494385344,71.276645,1786372595996506420,,0,0,0,0,0,0,0,0,0,0,0,0,0,0,0,0,0,0,0
21138514581408,71.296841,1786372596016510356,,0,0,0,0,0,0,0,0,0,0,0,0,0,0,0,0,0,0,0
21138534536128,71.316795,1786372596036518816,,0,0,0,0,0,0,0,0,0,0,0,0,0,0,0,0,0,0,0
21138554402528,71.336662,1786372596056510260,,0,0,0,0,0,0,0,0,0,0,0,0,0,0,0,0,0,0,0
21138574575680,71.356835,1786372596076531745,,0,0,0,0,0,0,0,0,0,0,0,0,0,0,0,0,0,0,0
21138594596256,71.376855,1786372596096529714,,0,0,0,0,0,0,0,0,0,0,0,0,0,0,0,0,0,0,0
21138614403808,71.396663,1786372596116523653,,0,0,0,0,0,0,0,0,0,0,0,0,0,0,0,0,0,0,0
21138634394336,71.416654,1786372596136505156,,0,0,0,0,0,0,0,0,0,0,0,0,0,0,0,0,0,0,0
21138654379616,71.436639,1786372596156511814,,0,0,0,0,0,0,0,0,0,0,0,0,0,0,0,0,0,0,0
21138674420864,71.45668,1786372596176503700,,0,0,0,0,0,0,0,0,0,0,0,0,0,0,0,0,0,0,0
21138694379520,71.476639,1786372596196511389,,0,0,0,0,0,0,0,0,0,0,0,0,0,0,0,0,0,0,0
21138714406208,71.496665,1786372596216531342,,0,0,0,0,0,0,0,0,0,0,0,0,0,0,0,0,0,0,0
21138734587776,71.516847,1786372596236526410,,0,0,0,0,0,0,0,0,0,0,0,0,0,0,0,0,0,0,0
21138754422048,71.536681,1786372596256522541,,0,0,0,0,0,0,0,0,0,0,0,0,0,0,0,0,0,0,0
21138774524544,71.556784,1786372596276520043,,0,0,0,0,0,0,0,0,0,0,0,0,0,0,0,0,0,0,0
21138794398016,71.576657,1786372596296511058,,0,0,0,0,0,0,0,0,0,0,0,0,0,0,0,0,0,0,0
21138814369984,71.596629,1786372596316504405,,0,0,0,0,0,0,0,0,0,0,0,0,0,0,0,0,0,0,0
21138834542368,71.616802,1786372596336510545,,0,0,0,0,0,0,0,0,0,0,0,0,0,0,0,0,0,0,0
21138854383808,71.636643,1786372596356530837,,0,0,0,0,0,0,0,0,0,0,0,0,0,0,0,0,0,0,0
21138874401088,71.65666,1786372596376526575,,0,0,0,0,0,0,0,0,0,0,0,0,0,0,0,0,0,0,0
21138894409120,71.676668,1786372596396537789,,0,0,0,0,0,0,0,0,0,0,0,0,0,0,0,0,0,0,0
21138914385600,71.696645,1786372596416506946,,0,0,0,0,0,0,0,0,0,0,0,0,0,0,0,0,0,0,0
21138934379232,71.716638,1786372596436510882,,0,0,0,0,0,0,0,0,0,0,0,0,0,0,0,0,0,0,0
21138954484064,71.736743,1786372596456504263,,0,0,0,0,0,0,0,0,0,0,0,0,0,0,0,0,0,0,0
21138974366464,71.756626,1786372596476511072,,0,0,0,0,0,0,0,0,0,0,0,0,0,0,0,0,0,0,0
21138994593216,71.776852,1786372596496532425,,0,0,0,0,0,0,0,0,0,0,0,0,0,0,0,0,0,0,0
21139014388576,71.796648,1786372596516526281,,0,0,0,0,0,0,0,0,0,0,0,0,0,0,0,0,0,0,0
21139034532384,71.816792,1786372596536523130,,0,0,0,0,0,0,0,0,0,0,0,0,0,0,0,0,0,0,0
21139054374976,71.836634,1786372596556505877,,0,0,0,0,0,0,0,0,0,0,0,0,0,0,0,0,0,0,0
21139074365472,71.856625,1786372596576511181,,0,0,0,0,0,0,0,0,0,0,0,0,0,0,0,0,0,0,0
21139094381952,71.876641,1786372596596506489,,0,0,0,0,0,0,0,0,0,0,0,0,0,0,0,0,0,0,0
21139114355360,71.896615,1786372596616510163,,0,0,0,0,0,0,0,0,0,0,0,0,0,0,0,0,0,0,0
21139134358528,71.916618,1786372596636531713,,0,0,0,0,0,0,0,0,0,0,0,0,0,0,0,0,0,0,0
21139154403072,71.936662,1786372596656527230,,0,0,0,0,0,0,0,0,0,0,0,0,0,0,0,0,0,0,0
21139174378976,71.956638,1786372596676537865,,0,0,0,0,0,0,0,0,0,0,0,0,0,0,0,0,0,0,0
21139194366752,71.976626,1786372596696505719,,0,0,0,0,0,0,0,0,0,0,0,0,0,0,0,0,0,0,0
21139214392064,71.996651,1786372596716511821,,0,0,0,0,0,0,0,0,0,0,0,0,0,0,0,0,0,0,0
21139234377696,72.016637,1786372596736503687,,0,0,0,0,0,0,0,0,0,0,0,0,0,0,0,0,0,0,0
21139254385344,72.036645,1786372596756510510,,0,0,0,0,0,0,0,0,0,0,0,0,0,0,0,0,0,0,0
21139274428832,72.056688,1786372596776530271,,0,0,0,0,0,0,0,0,0,0,0,0,0,0,0,0,0,0,0
21139294455584,72.076715,1786372596796527066,,0,0,0,0,0,0,0,0,0,0,0,0,0,0,0,0,0,0,0
21139314361216,72.09662,1786372596816523640,,0,0,0,0,0,0,0,0,0,0,0,0,0,0,0,0,0,0,0
21139334375616,72.116635,1786372596836506248,,0,0,0,0,0,0,0,0,0,0,0,0,0,0,0,0,0,0,0
21139354426304,72.136686,1786372596856510733,,0,0,0,0,0,0,0,0,0,0,0,0,0,0,0,0,0,0,0
21139374404512,72.156664,1786372596876504564,,0,0,0,0,0,0,0,0,0,0,0,0,0,0,0,0,0,0,0
21139394385344,72.176645,1786372596896511418,,0,0,0,0,0,0,0,0,0,0,0,0,0,0,0,0,0,0,0
21139414354496,72.196614,1786372596916530794,,0,0,0,0,0,0,0,0,0,0,0,0,0,0,0,0,0,0,0
21139434386592,72.216646,1786372596936527335,,0,0,0,0,0,0,0,0,0,0,0,0,0,0,0,0,0,0,0
21139454391584,72.236651,1786372596956523876,,0,0,0,0,0,0,0,0,0,0,0,0,0,0,0,0,0,0,0
21139474403168,72.256662,1786372596976511954,,0,0,0,0,0,0,0,0,0,0,0,0,0,0,0,0,0,0,0
21139494400064,72.276659,1786372596996511513,,0,0,0,0,0,0,0,0,0,0,0,0,0,0,0,0,0,0,0
21139514368000,72.296627,1786372597016504182,,0,0,0,0,0,0,0,0,0,0,0,0,0,0,0,0,0,0,0
21139534381888,72.316641,1786372597036509961,,0,0,0,0,0,0,0,0,0,0,0,0,0,0,0,0,0,0,0
21139554379456,72.336639,1786372597056531473,,0,0,0,0,0,0,0,0,0,0,0,0,0,0,0,0,0,0,0
21139574361472,72.356621,1786372597076526507,,0,0,0,0,0,0,0,0,0,0,0,0,0,0,0,0,0,0,0
21139594392480,72.376652,1786372597096526142,,0,0,0,0,0,0,0,0,0,0,0,0,0,0,0,0,0,0,0
21139614376416,72.396636,1786372597116505734,,0,0,0,0,0,0,0,0,0,0,0,0,0,0,0,0,0,0,0
21139634356384,72.416616,1786372597136510674,,0,0,0,0,0,0,0,0,0,0,0,0,0,0,0,0,0,0,0
21139654372032,72.436631,1786372597156504222,,0,0,0,0,0,0,0,0,0,0,0,0,0,0,0,0,0,0,0
21139674366176,72.456625,1786372597176510898,,0,0,0,0,0,0,0,0,0,0,0,0,0,0,0,0,0,0,0
21139694387680,72.476647,1786372597196531399,,0,0,0,0,0,0,0,0,0,0,0,0,0,0,0,0,0,0,0
21139714370528,72.49663,1786372597216527154,,0,0,0,0,0,0,0,0,0,0,0,0,0,0,0,0,0,0,0
21139734372480,72.516632,1786372597236523026,,0,0,0,0,0,0,0,0,0,0,0,0,0,0,0,0,0,0,0
21139754473024,72.536732,1786372597256506330,,0,0,0,0,0,0,0,0,0,0,0,0,0,0,0,0,0,0,0
21139774365472,72.556625,1786372597276510242,,0,0,0,0,0,0,0,0,0,0,0,0,0,0,0,0,0,0,0
21139794401088,72.57666,1786372597296504187,,0,0,0,0,0,0,0,0,0,0,0,0,0,0,0,0,0,0,0
21139814372288,72.596631,1786372597316509801,,0,0,0,0,0,0,0,0,0,0,0,0,0,0,0,0,0,0,0
21139834363712,72.616623,1786372597336531564,,0,0,0,0,0,0,0,0,0,0,0,0,0,0,0,0,0,0,0
21139854381888,72.636641,1786372597356527195,,0,0,0,0,0,0,0,0,0,0,0,0,0,0,0,0,0,0,0
21139874407520,72.656667,1786372597376522931,,0,0,0,0,0,0,0,0,0,0,0,0,0,0,0,0,0,0,0
21139894396672,72.676656,1786372597396506721,,0,0,0,0,0,0,0,0,0,0,0,0,0,0,0,0,0,0,0
21139914384224,72.696643,1786372597416510133,,0,0,0,0,0,0,0,0,0,0,0,0,0,0,0,0,0,0,0
21139934364352,72.716624,1786372597436503896,,0,0,0,0,0,0,0,0,0,0,0,0,0,0,0,0,0,0,0
21139954439936,72.736699,1786372597456511034,,0,0,0,0,0,0,0,0,0,0,0,0,0,0,0,0,0,0,0
21139974368608,72.756628,1786372597476531268,,0,0,0,0,0,0,0,0,0,0,0,0,0,0,0,0,0,0,0
21139994363744,72.776623,1786372597496526986,,0,0,0,0,0,0,0,0,0,0,0,0,0,0,0,0,0,0,0
21140014386304,72.796646,1786372597516523159,,0,0,0,0,0,0,0,0,0,0,0,0,0,0,0,0,0,0,0
21140034481664,72.816741,1786372597536506741,,0,0,0,0,0,0,0,0,0,0,0,0,0,0,0,0,0,0,0
21140054368320,72.836628,1786372597556511087,,0,0,0,0,0,0,0,0,0,0,0,0,0,0,0,0,0,0,0
21140074380544,72.85664,1786372597576503929,,0,0,0,0,0,0,0,0,0,0,0,0,0,0,0,0,0,0,0
21140094398624,72.876658,1786372597596513347,,0,0,0,0,0,0,0,0,0,0,0,0,0,0,0,0,0,0,0
21140114397024,72.896656,1786372597616530670,,0,0,0,0,0,0,0,0,0,0,0,0,0,0,0,0,0,0,0
21140134441120,72.9167,1786372597636527185,,0,0,0,0,0,0,0,0,0,0,0,0,0,0,0,0,0,0,0
21140154498592,72.936758,1786372597656523139,,0,0,0,0,0,0,0,0,0,0,0,0,0,0,0,0,0,0,0
21140174384512,72.956644,1786372597676507019,,0,0,0,0,0,0,0,0,0,0,0,0,0,0,0,0,0,0,0
21140194372896,72.976632,1786372597696510376,,0,0,0,0,0,0,0,0,0,0,0,0,0,0,0,0,0,0,0
21140214359552,72.996619,1786372597716504490,,0,0,0,0,0,0,0,0,0,0,0,0,0,0,0,0,0,0,0
21140234379808,73.016639,1786372597736510582,,0,0,0,0,0,0,0,0,0,0,0,0,0,0,0,0,0,0,0
21140254362080,73.036621,1786372597756530830,,0,0,0,0,0,0,0,0,0,0,0,0,0,0,0,0,0,0,0
21140274398048,73.056657,1786372597776526853,,0,0,0,0,0,0,0,0,0,0,0,0,0,0,0,0,0,0,0
21140294485760,73.076745,1786372597796524411,,0,0,0,0,0,0,0,0,0,0,0,0,0,0,0,0,0,0,0
21140314473024,73.096732,1786372597816507991,,0,0,0,0,0,0,0,0,0,0,0,0,0,0,0,0,0,0,0
21140334389280,73.116648,1786372597836511660,,0,0,0,0,0,0,0,0,0,0,0,0,0,0,0,0,0,0,0
21140354469664,73.136729,1786372597856503772,,0,0,0,0,0,0,0,0,0,0,0,0,0,0,0,0,0,0,0
21140374358208,73.156617,1786372597876511059,,0,0,0,0,0,0,0,0,0,0,0,0,0,0,0,0,0,0,0
21140394461824,73.176721,1786372597896531962,,0,0,0,0,0,0,0,0,0,0,0,0,0,0,0,0,0,0,0
21140414366720,73.196626,1786372597916526208,,0,0,0,0,0,0,0,0,0,0,0,0,0,0,0,0,0,0,0
21140434389504,73.216649,1786372597936523921,,0,0,0,0,0,0,0,0,0,0,0,0,0,0,0,0,0,0,0
21140454385120,73.236644,1786372597956506937,,0,0,0,0,0,0,0,0,0,0,0,0,0,0,0,0,0,0,0
21140474408448,73.256668,1786372597976511319,,0,0,0,0,0,0,0,0,0,0,0,0,0,0,0,0,0,0,0
21140494451584,73.276711,1786372597996505244,,0,0,0,0,0,0,0,0,0,0,0,0,0,0,0,0,0,0,0
21140514455040,73.296714,1786372598016511603,,0,0,0,0,0,0,0,0,0,0,0,0,0,0,0,0,0,0,0
21140534357024,73.316616,1786372598036532104,,0,0,0,0,0,0,0,0,0,0,0,0,0,0,0,0,0,0,0
21140554552224,73.336811,1786372598056532200,,0,0,0,0,0,0,0,0,0,0,0,0,0,0,0,0,0,0,0
21140574368832,73.356628,1786372598076524159,,0,0,0,0,0,0,0,0,0,0,0,0,0,0,0,0,0,0,0
21140594510816,73.37677,1786372598096509689,,0,0,0,0,0,0,0,0,0,0,0,0,0,0,0,0,0,0,0
21140614345472,73.396605,1786372598116510672,,0,0,0,0,0,0,0,0,0,0,0,0,0,0,0,0,0,0,0
21140634454976,73.416714,1786372598136504376,,0,0,0,0,0,0,0,0,0,0,0,0,0,0,0,0,0,0,0
21140654418464,73.436678,1786372598156510761,,0,0,0,0,0,0,0,0,0,0,0,0,0,0,0,0,0,0,0
21140674360512,73.45662,1786372598176530830,,0,0,0,0,0,0,0,0,0,0,0,0,0,0,0,0,0,0,0
21140694358400,73.476618,1786372598196525761,,0,0,0,0,0,0,0,0,0,0,0,0,0,0,0,0,0,0,0
21140714380416,73.49664,1786372598216523731,,0,0,0,0,0,0,0,0,0,0,0,0,0,0,0,0,0,0,0
21140734366112,73.516625,1786372598236506308,,0,0,0,0,0,0,0,0,0,0,0,0,0,0,0,0,0,0,0
21140754358176,73.536617,1786372598256510945,,0,0,0,0,0,0,0,0,0,0,0,0,0,0,0,0,0,0,0
21140774405888,73.556665,1786372598276504642,,0,0,0,0,0,0,0,0,0,0,0,0,0,0,0,0,0,0,0
21140794366912,73.576626,1786372598296510089,,0,0,0,0,0,0,0,0,0,0,0,0,0,0,0,0,0,0,0
21140814408512,73.596668,1786372598316531173,,0,0,0,0,0,0,0,0,0,0,0,0,0,0,0,0,0,0,0
21140834374240,73.616633,1786372598336527428,,0,0,0,0,0,0,0,0,0,0,0,0,0,0,0,0,0,0,0
21140854361568,73.636621,1786372598356524305,,0,0,0,0,0,0,0,0,0,0,0,0,0,0,0,0,0,0,0
21140874332512,73.656592,1786372598376506110,,0,0,0,0,0,0,0,0,0,0,0,0,0,0,0,0,0,0,0
21140894423872,73.676683,1786372598396511329,,0,0,0,0,0,0,0,0,0,0,0,0,0,0,0,0,0,0,0
21140914411648,73.696671,1786372598416504053,,0,0,0,0,0,0,0,0,0,0,0,0,0,0,0,0,0,0,0
21140934397440,73.716657,1786372598436509130,,0,0,0,0,0,0,0,0,0,0,0,0,0,0,0,0,0,0,0
21140954374464,73.736634,1786372598456530912,,0,0,0,0,0,0,0,0,0,0,0,0,0,0,0,0,0,0,0
21140974354336,73.756614,1786372598476526951,,0,0,0,0,0,0,0,0,0,0,0,0,0,0,0,0,0,0,0
21140994409728,73.776669,1786372598496522513,,0,0,0,0,0,0,0,0,0,0,0,0,0,0,0,0,0,0,0
21141014375776,73.796635,1786372598516507321,,0,0,0,0,0,0,0,0,0,0,0,0,0,0,0,0,0,0,0
21141034558592,73.816818,1786372598536511024,,0,0,0,0,0,0,0,0,0,0,0,0,0,0,0,0,0,0,0
21141054391008,73.83665,1786372598556503561,,0,0,0,0,0,0,0,0,0,0,0,0,0,0,0,0,0,0,0
21141074368576,73.856628,1786372598576511332,,0,0,0,0,0,0,0,0,0,0,0,0,0,0,0,0,0,0,0
21141094365408,73.876625,1786372598596535450,,0,0,0,0,0,0,0,0,0,0,0,0,0,0,0,0,0,0,0
21141114372704,73.896632,1786372598616535611,,0,0,0,0,0,0,0,0,0,0,0,0,0,0,0,0,0,0,0
21141134351040,73.91661,1786372598636531260,,0,0,0,0,0,0,0,0,0,0,0,0,0,0,0,0,0,0,0
21141154455872,73.936715,1786372598656515105,,0,0,0,0,0,0,0,0,0,0,0,0,0,0,0,0,0,0,0
21141174361568,73.956621,1786372598676517638,,0,0,0,0,0,0,0,0,0,0,0,0,0,0,0,0,0,0,0
21141194412640,73.976672,1786372598696510389,,0,0,0,0,0,0,0,0,0,0,0,0,0,0,0,0,0,0,0
21141214408704,73.996668,1786372598716518835,,0,0,0,0,0,0,0,0,0,0,0,0,0,0,0,0,0,0,0
21141234432768,74.016692,1786372598736532878,,0,0,0,0,0,0,0,0,0,0,0,0,0,0,0,0,0,0,0
21141254592288,74.036851,1786372598756527439,,0,0,0,0,0,0,0,0,0,0,0,0,0,0,0,0,0,0,0
21141274419456,74.056679,1786372598776523978,,0,0,0,0,0,0,0,0,0,0,0,0,0,0,0,0,0,0,0
21141294443328,74.076703,1786372598796506521,,0,0,0,0,0,0,0,0,0,0,0,0,0,0,0,0,0,0,0
21141314393440,74.096653,1786372598816512421,,0,0,0,0,0,0,0,0,0,0,0,0,0,0,0,0,0,0,0
21141334399680,74.116659,1786372598836504566,,0,0,0,0,0,0,0,0,0,0,0,0,0,0,0,0,0,0,0
21141354464288,74.136723,1786372598856511200,,0,0,0,0,0,0,0,0,0,0,0,0,0,0,0,0,0,0,0
21141374376992,74.156636,1786372598876531597,,0,0,0,0,0,0,0,0,0,0,0,0,0,0,0,0,0,0,0
21141394413568,74.176673,1786372598896527441,,0,0,0,0,0,0,0,0,0,0,0,0,0,0,0,0,0,0,0
21141414426080,74.196685,1786372598916524426,,0,0,0,0,0,0,0,0,0,0,0,0,0,0,0,0,0,0,0
21141434398752,74.216658,1786372598936506475,,0,0,0,0,0,0,0,0,0,0,0,0,0,0,0,0,0,0,0
21141454449824,74.236709,1786372598956511801,,0,0,0,0,0,0,0,0,0,0,0,0,0,0,0,0,0,0,0
21141474297728,74.256557,1786372598976504185,,0,0,0,0,0,0,0,0,0,0,0,0,0,0,0,0,0,0,0
21141494434752,74.276694,1786372598996511929,,0,0,0,0,0,0,0,0,0,0,0,0,0,0,0,0,0,0,0
21141514414624,74.296674,1786372599016533273,,0,0,0,0,0,0,0,0,0,0,0,0,0,0,0,0,0,0,0
21141534383008,74.316642,1786372599036525899,,0,0,0,0,0,0,0,0,0,0,0,0,0,0,0,0,0,0,0
21141554486464,74.336746,1786372599056524171,,0,0,0,0,0,0,0,0,0,0,0,0,0,0,0,0,0,0,0
21141574359648,74.356619,1786372599076464332,,0,0,0,0,0,0,0,0,0,0,0,0,0,0,0,0,0,0,0
21141594419616,74.376679,1786372599096514196,,0,0,0,0,0,0,0,0,0,0,0,0,0,0,0,0,0,0,0
21141614406208,74.396665,1786372599116508595,,0,0,0,0,0,0,0,0,0,0,0,0,0,0,0,0,0,0,0
21141634441216,74.4167,1786372599136512004,,0,0,0,0,0,0,0,0,0,0,0,0,0,0,0,0,0,0,0
21141654525824,74.436785,1786372599156531384,,0,0,0,0,0,0,0,0,0,0,0,0,0,0,0,0,0,0,0
21141674373600,74.456633,1786372599176526504,,0,0,0,0,0,0,0,0,0,0,0,0,0,0,0,0,0,0,0
21141694438624,74.476698,1786372599196523231,,0,0,0,0,0,0,0,0,0,0,0,0,0,0,0,0,0,0,0
21141714444832,74.496704,1786372599216506622,,0,0,0,0,0,0,0,0,0,0,0,0,0,0,0,0,0,0,0
21141734400256,74.516659,1786372599236511031,,0,0,0,0,0,0,0,0,0,0,0,0,0,0,0,0,0,0,0
21141754480032,74.536739,1786372599256503811,,0,0,0,0,0,0,0,0,0,0,0,0,0,0,0,0,0,0,0
21141774416288,74.556675,1786372599276510561,,0,0,0,0,0,0,0,0,0,0,0,0,0,0,0,0,0,0,0
21141794453952,74.576713,1786372599296531691,,0,0,0,0,0,0,0,0,0,0,0,0,0,0,0,0,0,0,0
21141814379040,74.596638,1786372599316527145,,0,0,0,0,0,0,0,0,0,0,0,0,0,0,0,0,0,0,0
21141834414624,74.616674,1786372599336522827,,0,0,0,0,0,0,0,0,0,0,0,0,0,0,0,0,0,0,0
21141854413440,74.636673,1786372599356506404,,0,0,0,0,0,0,0,0,0,0,0,0,0,0,0,0,0,0,0
21141874321792,74.656581,1786372599376510806,,0,0,0,0,0,0,0,0,0,0,0,0,0,0,0,0,0,0,0
21141894423200,74.676682,1786372599396504050,,0,0,0,0,0,0,0,0,0,0,0,0,0,0,0,0,0,0,0
21141914413952,74.696673,1786372599416510468,,0,0,0,0,0,0,0,0,0,0,0,0,0,0,0,0,0,0,0
21141934432768,74.716692,1786372599436531437,,0,0,0,0,0,0,0,0,0,0,0,0,0,0,0,0,0,0,0
21141954438816,74.736698,1786372599456527283,,0,0,0,0,0,0,0,0,0,0,0,0,0,0,0,0,0,0,0
21141974432544,74.756692,1786372599476524060,,0,0,0,0,0,0,0,0,0,0,0,0,0,0,0,0,0,0,0
21141994422304,74.776682,1786372599496506047,,0,0,0,0,0,0,0,0,0,0,0,0,0,0,0,0,0,0,0
21142014393088,74.796652,1786372599516511399,,0,0,0,0,0,0,0,0,0,0,0,0,0,0,0,0,0,0,0
21142034441152,74.8167,1786372599536503913,,0,0,0,0,0,0,0,0,0,0,0,0,0,0,0,0,0,0,0
21142055175584,74.837435,1786372599556511149,,0,0,0,0,0,0,0,0,0,0,0,0,0,0,0,0,0,0,0
21142074353504,74.856613,1786372599576531132,,0,0,0,0,0,0,0,0,0,0,0,0,0,0,0,0,0,0,0
21142094443776,74.876703,1786372599596530957,,0,0,0,0,0,0,0,0,0,0,0,0,0,0,0,0,0,0,0
21142114473088,74.896732,1786372599616524644,,0,0,0,0,0,0,0,0,0,0,0,0,0,0,0,0,0,0,0
21142134430976,74.91669,1786372599636506756,,0,0,0,0,0,0,0,0,0,0,0,0,0,0,0,0,0,0,0
21142154655936,74.936915,1786372599656511709,,0,0,0,0,0,0,0,0,0,0,0,0,0,0,0,0,0,0,0
21142174379648,74.956639,1786372599676504807,,0,0,0,0,0,0,0,0,0,0,0,0,0,0,0,0,0,0,0
21142194435264,74.976694,1786372599696510706,,0,0,0,0,0,0,0,0,0,0,0,0,0,0,0,0,0,0,0
21142214392736,74.996652,1786372599716532107,,0,0,0,0,0,0,0,0,0,0,0,0,0,0,0,0,0,0,0
21142234383392,75.016643,1786372599736526491,,0,0,0,0,0,0,0,0,0,0,0,0,0,0,0,0,0,0,0
21142254431840,75.036691,1786372599756523710,,0,0,0,0,0,0,0,0,0,0,0,0,0,0,0,0,0,0,0
21142274346688,75.056606,1786372599776507124,,0,0,0,0,0,0,0,0,0,0,0,0,0,0,0,0,0,0,0
21142294374112,75.076633,1786372599796511060,,0,0,0,0,0,0,0,0,0,0,0,0,0,0,0,0,0,0,0
21142314407392,75.096667,1786372599816506228,,0,0,0,0,0,0,0,0,0,0,0,0,0,0,0,0,0,0,0
21142334372064,75.116631,1786372599836510885,,0,0,0,0,0,0,0,0,0,0,0,0,0,0,0,0,0,0,0
21142354441696,75.136701,1786372599856532166,,0,0,0,0,0,0,0,0,0,0,0,0,0,0,0,0,0,0,0
21142374415584,75.156675,1786372599876526887,,0,0,0,0,0,0,0,0,0,0,0,0,0,0,0,0,0,0,0
21142394406496,75.176666,1786372599896524445,,0,0,0,0,0,0,0,0,0,0,0,0,0,0,0,0,0,0,0
21142414377600,75.196637,1786372599916506221,,0,0,0,0,0,0,0,0,0,0,0,0,0,0,0,0,0,0,0
21142434397312,75.216657,1786372599936511355,,0,0,0,0,0,0,0,0,0,0,0,0,0,0,0,0,0,0,0
21142454413888,75.236673,1786372599956504625,,0,0,0,0,0,0,0,0,0,0,0,0,0,0,0,0,0,0,0
21142474319872,75.256579,1786372599976511404,,0,0,0,0,0,0,0,0,0,0,0,0,0,0,0,0,0,0,0
21142494417792,75.276677,1786372599996531134,,0,0,0,0,0,0,0,0,0,0,0,0,0,0,0,0,0,0,0
21142514434144,75.296693,1786372600016526755,,0,0,0,0,0,0,0,0,0,0,0,0,0,0,0,0,0,0,0
21142534415968,75.316675,1786372600036523010,,0,0,0,0,0,0,0,0,0,0,0,0,0,0,0,0,0,0,0
21142554424064,75.336683,1786372600056507223,,0,0,0,0,0,0,0,0,0,0,0,0,0,0,0,0,0,0,0
21142574398240,75.356657,1786372600076510494,,0,0,0,0,0,0,0,0,0,0,0,0,0,0,0,0,0,0,0
21142594376384,75.376636,1786372600096506392,,0,0,0,0,0,0,0,0,0,0,0,0,0,0,0,0,0,0,0
21142614392160,75.396651,1786372600116511472,,0,0,0,0,0,0,0,0,0,0,0,0,0,0,0,0,0,0,0
21142634424864,75.416684,1786372600136532886,,0,0,0,0,0,0,0,0,0,0,0,0,0,0,0,0,0,0,0
21142654414752,75.436674,1786372600156527135,,0,0,0,0,0,0,0,0,0,0,0,0,0,0,0,0,0,0,0
21142674277952,75.456537,1786372600176523627,,0,0,0,0,0,0,0,0,0,0,0,0,0,0,0,0,0,0,0
21142694372672,75.476632,1786372600196511486,,0,0,0,0,0,0,0,0,0,0,0,0,0,0,0,0,0,0,0
21142714383296,75.496642,1786372600216512197,,0,0,0,0,0,0,0,0,0,0,0,0,0,0,0,0,0,0,0
21142734376256,75.516635,1786372600236503835,,0,0,0,0,0,0,0,0,0,0,0,0,0,0,0,0,0,0,0
21142754365728,75.536625,1786372600256510818,,0,0,0,0,0,0,0,0,0,0,0,0,0,0,0,0,0,0,0
21142774394944,75.556654,1786372600276531903,,0,0,0,0,0,0,0,0,0,0,0,0,0,0,0,0,0,0,0
21142794393376,75.576653,1786372600296527036,,0,0,0,0,0,0,0,0,0,0,0,0,0,0,0,0,0,0,0
21142814395296,75.596654,1786372600316523774,,0,0,0,0,0,0,0,0,0,0,0,0,0,0,0,0,0,0,0
21142834415776,75.616675,1786372600336506625,,0,0,0,0,0,0,0,0,0,0,0,0,0,0,0,0,0,0,0
21142854421312,75.636681,1786372600356510768,,0,0,0,0,0,0,0,0,0,0,0,0,0,0,0,0,0,0,0
21142874237920,75.656497,1786372600376504125,,0,0,0,0,0,0,0,0,0,0,0,0,0,0,0,0,0,0,0
21142894415648,75.676675,1786372600396510823,,0,0,0,0,0,0,0,0,0,0,0,0,0,0,0,0,0,0,0
21142914409504,75.696669,1786372600416531479,,0,0,0,0,0,0,0,0,0,0,0,0,0,0,0,0,0,0,0
21142934389728,75.716649,1786372600436527169,,0,0,0,0,0,0,0,0,0,0,0,0,0,0,0,0,0,0,0
21142954431776,75.736691,1786372600456524233,,0,0,0,0,0,0,0,0,0,0,0,0,0,0,0,0,0,0,0
21142974373344,75.756633,1786372600476506515,,0,0,0,0,0,0,0,0,0,0,0,0,0,0,0,0,0,0,0
21142994352736,75.776612,1786372600496524285,,0,0,0,0,0,0,0,0,0,0,0,0,0,0,0,0,0,0,0
21143014383104,75.796642,1786372600516504287,,0,0,0,0,0,0,0,0,0,0,0,0,0,0,0,0,0,0,0
21143034367616,75.816627,1786372600536511039,,0,0,0,0,0,0,0,0,0,0,0,0,0,0,0,0,0,0,0
21143054461696,75.836721,1786372600556530972,,0,0,0,0,0,0,0,0,0,0,0,0,0,0,0,0,0,0,0
21143074282816,75.856542,1786372600576527653,,0,0,0,0,0,0,0,0,0,0,0,0,0,0,0,0,0,0,0
21143094420032,75.876679,1786372600596525812,,0,0,0,0,0,0,0,0,0,0,0,0,0,0,0,0,0,0,0
21143114342208,75.896601,1786372600616506740,,0,0,0,0,0,0,0,0,0,0,0,0,0,0,0,0,0,0,0
21143134432032,75.916691,1786372600636511132,,0,0,0,0,0,0,0,0,0,0,0,0,0,0,0,0,0,0,0
21143154536896,75.936796,1786372600656504255,,0,0,0,0,0,0,0,0,0,0,0,0,0,0,0,0,0,0,0
21143174386752,75.956646,1786372600676511420,,0,0,0,0,0,0,0,0,0,0,0,0,0,0,0,0,0,0,0
21143194407808,75.976667,1786372600696530863,,0,0,0,0,0,0,0,0,0,0,0,0,0,0,0,0,0,0,0
21143214399840,75.996659,1786372600716526623,,0,0,0,0,0,0,0,0,0,0,0,0,0,0,0,0,0,0,0
21143234385760,76.016645,1786372600736523887,,0,0,0,0,0,0,0,0,0,0,0,0,0,0,0,0,0,0,0
21143254442688,76.036702,1786372600756506687,,0,0,0,0,0,0,0,0,0,0,0,0,0,0,0,0,0,0,0
21143274228928,76.056488,1786372600776512343,,0,0,0,0,0,0,0,0,0,0,0,0,0,0,0,0,0,0,0
21143294375104,76.076634,1786372600796505968,,0,0,0,0,0,0,0,0,0,0,0,0,0,0,0,0,0,0,0
21143314354272,76.096613,1786372600816511554,,0,0,0,0,0,0,0,0,0,0,0,0,0,0,0,0,0,0,0
21143334390880,76.11665,1786372600836532006,,0,0,0,0,0,0,0,0,0,0,0,0,0,0,0,0,0,0,0
21143354536512,76.136796,1786372600856528088,,0,0,0,0,0,0,0,0,0,0,0,0,0,0,0,0,0,0,0
21143374346272,76.156605,1786372600876523948,,0,0,0,0,0,0,0,0,0,0,0,0,0,0,0,0,0,0,0
21143394351104,76.17661,1786372600896507069,,0,0,0,0,0,0,0,0,0,0,0,0,0,0,0,0,0,0,0
21143414370656,76.19663,1786372600916511067,,0,0,0,0,0,0,0,0,0,0,0,0,0,0,0,0,0,0,0
21143434341920,76.216601,1786372600936504343,,0,0,0,0,0,0,0,0,0,0,0,0,0,0,0,0,0,0,0
21143454403872,76.236663,1786372600956510846,,0,0,0,0,0,0,0,0,0,0,0,0,0,0,0,0,0,0,0
21143474296704,76.256556,1786372600976530851,,0,0,0,0,0,0,0,0,0,0,0,0,0,0,0,0,0,0,0
21143494400864,76.27666,1786372600996528450,,0,0,0,0,0,0,0,0,0,0,0,0,0,0,0,0,0,0,0
21143514399328,76.296659,1786372601016523946,,0,0,0,0,0,0,0,0,0,0,0,0,0,0,0,0,0,0,0
21143534365504,76.316625,1786372601036520357,,0,0,0,0,0,0,0,0,0,0,0,0,0,0,0,0,0,0,0
21143554370976,76.33663,1786372601056511484,,0,0,0,0,0,0,0,0,0,0,0,0,0,0,0,0,0,0,0
21143574337088,76.356596,1786372601076504397,,0,0,0,0,0,0,0,0,0,0,0,0,0,0,0,0,0,0,0
21143594371904,76.376631,1786372601096513432,,0,0,0,0,0,0,0,0,0,0,0,0,0,0,0,0,0,0,0
21143614372128,76.396631,1786372601116532017,,0,0,0,0,0,0,0,0,0,0,0,0,0,0,0,0,0,0,0
21143634365056,76.416624,1786372601136527387,,0,0,0,0,0,0,0,0,0,0,0,0,0,0,0,0,0,0,0
21143654448288,76.436707,1786372601156523996,,0,0,0,0,0,0,0,0,0,0,0,0,0,0,0,0,0,0,0
21143674236992,76.456496,1786372601176507038,,0,0,0,0,0,0,0,0,0,0,0,0,0,0,0,0,0,0,0
21143694381504,76.476641,1786372601196511209,,0,0,0,0,0,0,0,0,0,0,0,0,0,0,0,0,0,0,0
21143714337600,76.496597,1786372601216504001,,0,0,0,0,0,0,0,0,0,0,0,0,0,0,0,0,0,0,0
21143734327616,76.516587,1786372601236511435,,0,0,0,0,0,0,0,0,0,0,0,0,0,0,0,0,0,0,0
21143754430720,76.53669,1786372601256532284,,0,0,0,0,0,0,0,0,0,0,0,0,0,0,0,0,0,0,0
21143774375552,76.556635,1786372601276527840,,0,0,0,0,0,0,0,0,0,0,0,0,0,0,0,0,0,0,0
21143794355392,76.576615,1786372601296525229,,0,0,0,0,0,0,0,0,0,0,0,0,0,0,0,0,0,0,0
21143814375424,76.596635,1786372601316506625,,0,0,0,0,0,0,0,0,0,0,0,0,0,0,0,0,0,0,0
21143834359456,76.616619,1786372601336511559,,0,0,0,0,0,0,0,0,0,0,0,0,0,0,0,0,0,0,0
21143854417632,76.636677,1786372601356504704,,0,0,0,0,0,0,0,0,0,0,0,0,0,0,0,0,0,0,0
21143874261984,76.656521,1786372601376510755,,0,0,0,0,0,0,0,0,0,0,0,0,0,0,0,0,0,0,0
21143894355328,76.676615,1786372601396530416,,0,0,0,0,0,0,0,0,0,0,0,0,0,0,0,0,0,0,0
21143914362432,76.696622,1786372601416527219,,0,0,0,0,0,0,0,0,0,0,0,0,0,0,0,0,0,0,0
21143934367840,76.716627,1786372601436523911,,0,0,0,0,0,0,0,0,0,0,0,0,0,0,0,0,0,0,0
21143954388256,76.736647,1786372601456506304,,0,0,0,0,0,0,0,0,0,0,0,0,0,0,0,0,0,0,0
21143974361312,76.756621,1786372601476510586,,0,0,0,0,0,0,0,0,0,0,0,0,0,0,0,0,0,0,0
21143994335840,76.776595,1786372601496503898,,0,0,0,0,0,0,0,0,0,0,0,0,0,0,0,0,0,0,0
21144014305760,76.796565,1786372601516511437,,0,0,0,0,0,0,0,0,0,0,0,0,0,0,0,0,0,0,0
21144034347200,76.816606,1786372601536530803,,0,0,0,0,0,0,0,0,0,0,0,0,0,0,0,0,0,0,0
21144054619872,76.836879,1786372601556526986,,0,0,0,0,0,0,0,0,0,0,0,0,0,0,0,0,0,0,0
21144074274848,76.856534,1786372601576523617,,0,0,0,0,0,0,0,0,0,0,0,0,0,0,0,0,0,0,0
21144094368224,76.876627,1786372601596508297,,0,0,0,0,0,0,0,0,0,0,0,0,0,0,0,0,0,0,0
21144114333728,76.896593,1786372601616511201,,0,0,0,0,0,0,0,0,0,0,0,0,0,0,0,0,0,0,0
21144134312544,76.916572,1786372601636503275,,0,0,0,0,0,0,0,0,0,0,0,0,0,0,0,0,0,0,0
21144154413760,76.936673,1786372601656511100,,0,0,0,0,0,0,0,0,0,0,0,0,0,0,0,0,0,0,0
21144174335840,76.956595,1786372601676531632,,0,0,0,0,0,0,0,0,0,0,0,0,0,0,0,0,0,0,0
21144194362080,76.976621,1786372601696527351,,0,0,0,0,0,0,0,0,0,0,0,0,0,0,0,0,0,0,0
21144214314176,76.996573,1786372601716524054,,0,0,0,0,0,0,0,0,0,0,0,0,0,0,0,0,0,0,0
21144234333856,77.016593,1786372601736507016,,0,0,0,0,0,0,0,0,0,0,0,0,0,0,0,0,0,0,0
21144254348192,77.036607,1786372601756510777,,0,0,0,0,0,0,0,0,0,0,0,0,0,0,0,0,0,0,0
21144274341664,77.056601,1786372601776520058,,0,0,0,0,0,0,0,0,0,0,0,0,0,0,0,0,0,0,0
21144294296704,77.076556,1786372601796511844,,0,0,0,0,0,0,0,0,0,0,0,0,0,0,0,0,0,0,0
21144314331584,77.096591,1786372601816534017,,0,0,0,0,0,0,0,0,0,0,0,0,0,0,0,0,0,0,0
21144334390688,77.11665,1786372601836527310,,0,0,0,0,0,0,0,0,0,0,0,0,0,0,0,0,0,0,0
21144354354336,77.136614,1786372601856523733,,0,0,0,0,0,0,0,0,0,0,0,0,0,0,0,0,0,0,0
21144374300928,77.15656,1786372601876505931,,0,0,0,0,0,0,0,0,0,0,0,0,0,0,0,0,0,0,0
21144394344992,77.176604,1786372601896512338,,0,0,0,0,0,0,0,0,0,0,0,0,0,0,0,0,0,0,0
21144414316384,77.196576,1786372601916504515,,0,0,0,0,0,0,0,0,0,0,0,0,0,0,0,0,0,0,0
21144434291808,77.216551,1786372601936510779,,0,0,0,0,0,0,0,0,0,0,0,0,0,0,0,0,0,0,0
21144454312160,77.236571,1786372601956531585,,0,0,0,0,0,0,0,0,0,0,0,0,0,0,0,0,0,0,0
21144474192192,77.256451,1786372601976527399,,0,0,0,0,0,0,0,0,0,0,0,0,0,0,0,0,0,0,0
21144494337984,77.276597,1786372601996524242,,0,0,0,0,0,0,0,0,0,0,0,0,0,0,0,0,0,0,0
21144514336256,77.296595,1786372602016507593,,0,0,0,0,0,0,0,0,0,0,0,0,0,0,0,0,0,0,0
21144534302016,77.316561,1786372602036512029,,0,0,0,0,0,0,0,0,0,0,0,0,0,0,0,0,0,0,0
21144554455136,77.336714,1786372602056504855,,0,0,0,0,0,0,0,0,0,0,0,0,0,0,0,0,0,0,0
21144574322432,77.356582,1786372602076511765,,0,0,0,0,0,0,0,0,0,0,0,0,0,0,0,0,0,0,0
21144594354944,77.376614,1786372602096535977,,0,0,0,0,0,0,0,0,0,0,0,0,0,0,0,0,0,0,0
21144614324416,77.396584,1786372602116528344,,0,0,0,0,0,0,0,0,0,0,0,0,0,0,0,0,0,0,0
21144634305216,77.416564,1786372602136523991,,0,0,0,0,0,0,0,0,0,0,0,0,0,0,0,0,0,0,0
21144654528960,77.436788,1786372602156520929,,0,0,0,0,0,0,0,0,0,0,0,0,0,0,0,0,0,0,0
21144674161728,77.456421,1786372602176512019,,0,0,0,0,0,0,0,0,0,0,0,0,0,0,0,0,0,0,0
21144694288000,77.476547,1786372602196504413,,0,0,0,0,0,0,0,0,0,0,0,0,0,0,0,0,0,0,0
21144714259200,77.496518,1786372602216510636,,0,0,0,0,0,0,0,0,0,0,0,0,0,0,0,0,0,0,0
21144734320768,77.51658,1786372602236530411,,0,0,0,0,0,0,0,0,0,0,0,0,0,0,0,0,0,0,0
21144754169312,77.536429,1786372602256528025,,0,0,0,0,0,0,0,0,0,0,0,0,0,0,0,0,0,0,0
21144774330112,77.556589,1786372602276523503,,0,0,0,0,0,0,0,0,0,0,0,0,0,0,0,0,0,0,0
21144794341056,77.5766,1786372602296507370,,0,0,0,0,0,0,0,0,0,0,0,0,0,0,0,0,0,0,0
21144814285344,77.596545,1786372602316512023,,0,0,0,0,0,0,0,0,0,0,0,0,0,0,0,0,0,0,0
21144834291136,77.61655,1786372602336508963,,0,0,0,0,0,0,0,0,0,0,0,0,0,0,0,0,0,0,0
21144854279776,77.636539,1786372602356511470,,0,0,0,0,0,0,0,0,0,0,0,0,0,0,0,0,0,0,0
21144874182976,77.656442,1786372602376531510,,0,0,0,0,0,0,0,0,0,0,0,0,0,0,0,0,0,0,0
21144894357472,77.676617,1786372602396527366,,0,0,0,0,0,0,0,0,0,0,0,0,0,0,0,0,0,0,0
21144914273440,77.696533,1786372602416524174,,0,0,0,0,0,0,0,0,0,0,0,0,0,0,0,0,0,0,0
21144934275200,77.716534,1786372602436506716,,0,0,0,0,0,0,0,0,0,0,0,0,0,0,0,0,0,0,0
21144954365088,77.736624,1786372602456525824,,0,0,0,0,0,0,0,0,0,0,0,0,0,0,0,0,0,0,0
21144974300096,77.756559,1786372602476504248,,0,0,0,0,0,0,0,0,0,0,0,0,0,0,0,0,0,0,0
21144994295648,77.776555,1786372602496511679,,0,0,0,0,0,0,0,0,0,0,0,0,0,0,0,0,0,0,0
21145014257472,77.796517,1786372602516531174,,0,0,0,0,0,0,0,0,0,0,0,0,0,0,0,0,0,0,0
21145034267584,77.816527,1786372602536528234,,0,0,0,0,0,0,0,0,0,0,0,0,0,0,0,0,0,0,0
21145054307712,77.836567,1786372602556524645,,0,0,0,0,0,0,0,0,0,0,0,0,0,0,0,0,0,0,0
21145074147456,77.856407,1786372602576507042,,0,0,0,0,0,0,0,0,0,0,0,0,0,0,0,0,0,0,0
21145094314848,77.876574,1786372602596513485,,0,0,0,0,0,0,0,0,0,0,0,0,0,0,0,0,0,0,0
21145114256768,77.896516,1786372602616504739,,0,0,0,0,0,0,0,0,0,0,0,0,0,0,0,0,0,0,0
21145134279168,77.916538,1786372602636510426,,0,0,0,0,0,0,0,0,0,0,0,0,0,0,0,0,0,0,0
21145154343872,77.936603,1786372602656531405,,0,0,0,0,0,0,0,0,0,0,0,0,0,0,0,0,0,0,0
21145174319168,77.956578,1786372602676527548,,0,0,0,0,0,0,0,0,0,0,0,0,0,0,0,0,0,0,0
21145194303040,77.976562,1786372602696524173,,0,0,0,0,0,0,0,0,0,0,0,0,0,0,0,0,0,0,0
21145214263616,77.996523,1786372602716506305,,0,0,0,0,0,0,0,0,0,0,0,0,0,0,0,0,0,0,0
21145234270528,78.01653,1786372602736511655,,0,0,0,0,0,0,0,0,0,0,0,0,0,0,0,0,0,0,0
21145254337152,78.036596,1786372602756503929,,0,0,0,0,0,0,0,0,0,0,0,0,0,0,0,0,0,0,0
21145274133952,78.056393,1786372602776511904,,0,0,0,0,0,0,0,0,0,0,0,0,0,0,0,0,0,0,0
21145294274624,78.076534,1786372602796531599,,0,0,0,0,0,0,0,0,0,0,0,0,0,0,0,0,0,0,0
21145314276928,78.096536,1786372602816526219,,0,0,0,0,0,0,0,0,0,0,0,0,0,0,0,0,0,0,0
21145334232416,78.116492,1786372602836523336,,0,0,0,0,0,0,0,0,0,0,0,0,0,0,0,0,0,0,0
21145354328960,78.136588,1786372602856507930,,0,0,0,0,0,0,0,0,0,0,0,0,0,0,0,0,0,0,0
21145374290080,78.156549,1786372602876511414,,0,0,0,0,0,0,0,0,0,0,0,0,0,0,0,0,0,0,0
21145394273696,78.176533,1786372602896504141,,0,0,0,0,0,0,0,0,0,0,0,0,0,0,0,0,0,0,0
21145414353152,78.196612,1786372602916511819,,0,0,0,0,0,0,0,0,0,0,0,0,0,0,0,0,0,0,0
21145434291520,78.216551,1786372602936532213,,0,0,0,0,0,0,0,0,0,0,0,0,0,0,0,0,0,0,0
21145454352736,78.236612,1786372602956527832,,0,0,0,0,0,0,0,0,0,0,0,0,0,0,0,0,0,0,0
21145474157504,78.256417,1786372602976524309,,0,0,0,0,0,0,0,0,0,0,0,0,0,0,0,0,0,0,0
21145494285312,78.276545,1786372602996507698,,0,0,0,0,0,0,0,0,0,0,0,0,0,0,0,0,0,0,0
21145514219488,78.296479,1786372603016511440,,0,0,0,0,0,0,0,0,0,0,0,0,0,0,0,0,0,0,0
21145534225312,78.316485,1786372603036504108,,0,0,0,0,0,0,0,0,0,0,0,0,0,0,0,0,0,0,0
21145554276544,78.336536,1786372603056511666,,0,0,0,0,0,0,0,0,0,0,0,0,0,0,0,0,0,0,0
21145574257984,78.356517,1786372603076531675,,0,0,0,0,0,0,0,0,0,0,0,0,0,0,0,0,0,0,0
21145594262400,78.376522,1786372603096530707,,0,0,0,0,0,0,0,0,0,0,0,0,0,0,0,0,0,0,0
21145614226624,78.396486,1786372603116524103,,0,0,0,0,0,0,0,0,0,0,0,0,0,0,0,0,0,0,0
21145634214464,78.416474,1786372603136506534,,0,0,0,0,0,0,0,0,0,0,0,0,0,0,0,0,0,0,0
21145654372864,78.436632,1786372603156511102,,0,0,0,0,0,0,0,0,0,0,0,0,0,0,0,0,0,0,0
21145674102400,78.456362,1786372603176504115,,0,0,0,0,0,0,0,0,0,0,0,0,0,0,0,0,0,0,0
21145694263200,78.476522,1786372603196511585,,0,0,0,0,0,0,0,0,0,0,0,0,0,0,0,0,0,0,0
21145714242560,78.496502,1786372603216531817,,0,0,0,0,0,0,0,0,0,0,0,0,0,0,0,0,0,0,0
21145734319168,78.516578,1786372603236526988,,0,0,0,0,0,0,0,0,0,0,0,0,0,0,0,0,0,0,0
21145754247136,78.536506,1786372603256522922,,0,0,0,0,0,0,0,0,0,0,0,0,0,0,0,0,0,0,0
21145774293856,78.556553,1786372603276505955,,0,0,0,0,0,0,0,0,0,0,0,0,0,0,0,0,0,0,0
21145794217376,78.576477,1786372603296512079,,0,0,0,0,0,0,0,0,0,0,0,0,0,0,0,0,0,0,0
21145814224256,78.596483,1786372603316505295,,0,0,0,0,0,0,0,0,0,0,0,0,0,0,0,0,0,0,0
21145834260480,78.61652,1786372603336510923,,0,0,0,0,0,0,0,0,0,0,0,0,0,0,0,0,0,0,0
21145854331200,78.63659,1786372603356531574,,0,0,0,0,0,0,0,0,0,0,0,0,0,0,0,0,0,0,0
21145874101120,78.65636,1786372603376528330,,0,0,0,0,0,0,0,0,0,0,0,0,0,0,0,0,0,0,0
21145894268960,78.676528,1786372603396523562,,0,0,0,0,0,0,0,0,0,0,0,0,0,0,0,0,0,0,0
21145914268544,78.696528,1786372603416507486,,0,0,0,0,0,0,0,0,0,0,0,0,0,0,0,0,0,0,0
21145934288640,78.716548,1786372603436511278,,0,0,0,0,0,0,0,0,0,0,0,0,0,0,0,0,0,0,0
21145954257216,78.736516,1786372603456504278,,0,0,0,0,0,0,0,0,0,0,0,0,0,0,0,0,0,0,0
21145974283872,78.756543,1786372603476510145,,0,0,0,0,0,0,0,0,0,0,0,0,0,0,0,0,0,0,0
21145994279936,78.776539,1786372603496531756,,0,0,0,0,0,0,0,0,0,0,0,0,0,0,0,0,0,0,0
21146014238624,78.796498,1786372603516526387,,0,0,0,0,0,0,0,0,0,0,0,0,0,0,0,0,0,0,0
21146034265056,78.816524,1786372603536524329,,0,0,0,0,0,0,0,0,0,0,0,0,0,0,0,0,0,0,0
21146054355808,78.836615,1786372603556507567,,0,0,0,0,0,0,0,0,0,0,0,0,0,0,0,0,0,0,0
21146074091584,78.856351,1786372603576512158,,0,0,0,0,0,0,0,0,0,0,0,0,0,0,0,0,0,0,0
21146094219520,78.876479,1786372603596506241,,0,0,0,0,0,0,0,0,0,0,0,0,0,0,0,0,0,0,0
21146114242816,78.896502,1786372603616511102,,0,0,0,0,0,0,0,0,0,0,0,0,0,0,0,0,0,0,0
21146134280288,78.916539,1786372603636532794,,0,0,0,0,0,0,0,0,0,0,0,0,0,0,0,0,0,0,0
21146154259456,78.936519,1786372603656526825,,0,0,0,0,0,0,0,0,0,0,0,0,0,0,0,0,0,0,0
21146174202944,78.956462,1786372603676522729,,0,0,0,0,0,0,0,0,0,0,0,0,0,0,0,0,0,0,0
21146194228288,78.976487,1786372603696506604,,0,0,0,0,0,0,0,0,0,0,0,0,0,0,0,0,0,0,0
21146214207008,78.996466,1786372603716512079,,0,0,0,0,0,0,0,0,0,0,0,0,0,0,0,0,0,0,0
21146234307712,79.016567,1786372603736504561,,0,0,0,0,0,0,0,0,0,0,0,0,0,0,0,0,0,0,0
21146254223328,79.036483,1786372603756511168,,0,0,0,0,0,0,0,0,0,0,0,0,0,0,0,0,0,0,0
21146274146272,79.056405,1786372603776531526,,0,0,0,0,0,0,0,0,0,0,0,0,0,0,0,0,0,0,0
21146294234464,79.076494,1786372603796526967,,0,0,0,0,0,0,0,0,0,0,0,0,0,0,0,0,0,0,0
21146314248480,79.096508,1786372603816523672,,0,0,0,0,0,0,0,0,0,0,0,0,0,0,0,0,0,0,0
21146334226176,79.116485,1786372603836506087,,0,0,0,0,0,0,0,0,0,0,0,0,0,0,0,0,0,0,0
21146354231136,79.13649,1786372603856512402,,0,0,0,0,0,0,0,0,0,0,0,0,0,0,0,0,0,0,0
21146374210848,79.15647,1786372603876504228,,0,0,0,0,0,0,0,0,0,0,0,0,0,0,0,0,0,0,0
21146394202848,79.176462,1786372603896511170,,0,0,0,0,0,0,0,0,0,0,0,0,0,0,0,0,0,0,0
21146414288160,79.196547,1786372603916532615,,0,0,0,0,0,0,0,0,0,0,0,0,0,0,0,0,0,0,0
21146434208544,79.216468,1786372603936527479,,0,0,0,0,0,0,0,0,0,0,0,0,0,0,0,0,0,0,0
21146454251808,79.236511,1786372603956523590,,0,0,0,0,0,0,0,0,0,0,0,0,0,0,0,0,0,0,0
21146474070016,79.256329,1786372603976506408,,0,0,0,0,0,0,0,0,0,0,0,0,0,0,0,0,0,0,0
21146494197056,79.276456,1786372603996511021,,0,0,0,0,0,0,0,0,0,0,0,0,0,0,0,0,0,0,0
21146514173408,79.296433,1786372604016505083,,0,0,0,0,0,0,0,0,0,0,0,0,0,0,0,0,0,0,0
21146534199296,79.316458,1786372604036512048,,0,0,0,0,0,0,0,0,0,0,0,0,0,0,0,0,0,0,0
21146554268448,79.336528,1786372604056534848,,0,0,0,0,0,0,0,0,0,0,0,0,0,0,0,0,0,0,0
21146574237056,79.356496,1786372604076528516,,0,0,0,0,0,0,0,0,0,0,0,0,0,0,0,0,0,0,0
21146594217280,79.376476,1786372604096526474,,0,0,0,0,0,0,0,0,0,0,0,0,0,0,0,0,0,0,0
21146614203488,79.396463,1786372604116507513,,0,0,0,0,0,0,0,0,0,0,0,0,0,0,0,0,0,0,0
21146634197504,79.416457,1786372604136511185,,0,0,0,0,0,0,0,0,0,0,0,0,0,0,0,0,0,0,0
21146654199552,79.436459,1786372604156503823,,0,0,0,0,0,0,0,0,0,0,0,0,0,0,0,0,0,0,0
21146674076096,79.456335,1786372604176512041,,0,0,0,0,0,0,0,0,0,0,0,0,0,0,0,0,0,0,0
21146694214688,79.476474,1786372604196532146,,0,0,0,0,0,0,0,0,0,0,0,0,0,0,0,0,0,0,0
21146714242528,79.496502,1786372604216526697,,0,0,0,0,0,0,0,0,0,0,0,0,0,0,0,0,0,0,0
21146734233504,79.516493,1786372604236523302,,0,0,0,0,0,0,0,0,0,0,0,0,0,0,0,0,0,0,0
21146754200032,79.536459,1786372604256507419,,0,0,0,0,0,0,0,0,0,0,0,0,0,0,0,0,0,0,0
21146774184800,79.556444,1786372604276512906,,0,0,0,0,0,0,0,0,0,0,0,0,0,0,0,0,0,0,0
21146794200576,79.57646,1786372604296504508,,0,0,0,0,0,0,0,0,0,0,0,0,0,0,0,0,0,0,0
21146814177728,79.596437,1786372604316511843,,0,0,0,0,0,0,0,0,0,0,0,0,0,0,0,0,0,0,0
21146834216896,79.616476,1786372604336532048,,0,0,0,0,0,0,0,0,0,0,0,0,0,0,0,0,0,0,0
21146854343648,79.636603,1786372604356528665,,0,0,0,0,0,0,0,0,0,0,0,0,0,0,0,0,0,0,0
21146874075520,79.656335,1786372604376524034,,0,0,0,0,0,0,0,0,0,0,0,0,0,0,0,0,0,0,0
21146894186176,79.676445,1786372604396507337,,0,0,0,0,0,0,0,0,0,0,0,0,0,0,0,0,0,0,0
21146914245440,79.696505,1786372604416511524,,0,0,0,0,0,0,0,0,0,0,0,0,0,0,0,0,0,0,0
21146934181536,79.716441,1786372604436505265,,0,0,0,0,0,0,0,0,0,0,0,0,0,0,0,0,0,0,0
21146954184544,79.736444,1786372604456510959,,0,0,0,0,0,0,0,0,0,0,0,0,0,0,0,0,0,0,0
21146974208544,79.756468,1786372604476531692,,0,0,0,0,0,0,0,0,0,0,0,0,0,0,0,0,0,0,0
21146994298208,79.776557,1786372604496527771,,0,0,0,0,0,0,0,0,0,0,0,0,0,0,0,0,0,0,0
21147014211968,79.796471,1786372604516524402,,0,0,0,0,0,0,0,0,0,0,0,0,0,0,0,0,0,0,0
21147034219360,79.816479,1786372604536506767,,0,0,0,0,0,0,0,0,0,0,0,0,0,0,0,0,0,0,0
21147054191712,79.836451,1786372604556511895,,0,0,0,0,0,0,0,0,0,0,0,0,0,0,0,0,0,0,0
21147074055968,79.856315,1786372604576504859,,0,0,0,0,0,0,0,0,0,0,0,0,0,0,0,0,0,0,0
21147094200320,79.87646,1786372604596512951,,0,0,0,0,0,0,0,0,0,0,0,0,0,0,0,0,0,0,0
21147114220544,79.89648,1786372604616531987,,0,0,0,0,0,0,0,0,0,0,0,0,0,0,0,0,0,0,0
21147134217792,79.916477,1786372604636526826,,0,0,0,0,0,0,0,0,0,0,0,0,0,0,0,0,0,0,0
21147154306304,79.936566,1786372604656523146,,0,0,0,0,0,0,0,0,0,0,0,0,0,0,0,0,0,0,0
21147174177024,79.956436,1786372604676507179,,0,0,0,0,0,0,0,0,0,0,0,0,0,0,0,0,0,0,0
21147194182752,79.976442,1786372604696511210,,0,0,0,0,0,0,0,0,0,0,0,0,0,0,0,0,0,0,0
21147214185184,79.996444,1786372604716505668,,0,0,0,0,0,0,0,0,0,0,0,0,0,0,0,0,0,0,0
21147234172608,80.016432,1786372604736510987,,0,0,0,0,0,0,0,0,0,0,0,0,0,0,0,0,0,0,0
21147254351232,80.03661,1786372604756531966,,0,0,0,0,0,0,0,0,0,0,0,0,0,0,0,0,0,0,0
21147274110208,80.056369,1786372604776526983,,0,0,0,0,0,0,0,0,0,0,0,0,0,0,0,0,0,0,0
21147294208000,80.076467,1786372604796522934,,0,0,0,0,0,0,0,0,0,0,0,0,0,0,0,0,0,0,0
21147314139648,80.096399,1786372604816506337,,0,0,0,0,0,0,0,0,0,0,0,0,0,0,0,0,0,0,0
21147334204448,80.116464,1786372604836511734,,0,0,0,0,0,0,0,0,0,0,0,0,0,0,0,0,0,0,0
21147354329984,80.136589,1786372604856504516,,0,0,0,0,0,0,0,0,0,0,0,0,0,0,0,0,0,0,0
21147374174784,80.156434,1786372604876510659,,0,0,0,0,0,0,0,0,0,0,0,0,0,0,0,0,0,0,0
21147394209952,80.176469,1786372604896532647,,0,0,0,0,0,0,0,0,0,0,0,0,0,0,0,0,0,0,0
21147414201824,80.196461,1786372604916527840,,0,0,0,0,0,0,0,0,0,0,0,0,0,0,0,0,0,0,0
21147434165152,80.216424,1786372604936525182,,0,0,0,0,0,0,0,0,0,0,0,0,0,0,0,0,0,0,0
21147454233120,80.236492,1786372604956507717,,0,0,0,0,0,0,0,0,0,0,0,0,0,0,0,0,0,0,0
21147474028704,80.256288,1786372604976512976,,0,0,0,0,0,0,0,0,0,0,0,0,0,0,0,0,0,0,0
21147494169536,80.276429,1786372604996504583,,0,0,0,0,0,0,0,0,0,0,0,0,0,0,0,0,0,0,0
21147514151680,80.296411,1786372605016512090,,0,0,0,0,0,0,0,0,0,0,0,0,0,0,0,0,0,0,0
21147534176384,80.316436,1786372605036532734,,0,0,0,0,0,0,0,0,0,0,0,0,0,0,0,0,0,0,0
21147554157184,80.336416,1786372605056527632,,0,0,0,0,0,0,0,0,0,0,0,0,0,0,0,0,0,0,0
21147574164320,80.356424,1786372605076525097,,0,0,0,0,0,0,0,0,0,0,0,0,0,0,0,0,0,0,0
21147594149728,80.376409,1786372605096510527,,0,0,0,0,0,0,0,0,0,0,0,0,0,0,0,0,0,0,0
21147614170944,80.39643,1786372605116511944,,0,0,0,0,0,0,0,0,0,0,0,0,0,0,0,0,0,0,0
21147634133184,80.416392,1786372605136505221,,0,0,0,0,0,0,0,0,0,0,0,0,0,0,0,0,0,0,0
21147654232736,80.436492,1786372605156511434,,0,0,0,0,0,0,0,0,0,0,0,0,0,0,0,0,0,0,0
21147674097792,80.456357,1786372605176532070,,0,0,0,0,0,0,0,0,0,0,0,0,0,0,0,0,0,0,0
21147694227776,80.476487,1786372605196527791,,0,0,0,0,0,0,0,0,0,0,0,0,0,0,0,0,0,0,0
21147714156416,80.496416,1786372605216523634,,0,0,0,0,0,0,0,0,0,0,0,0,0,0,0,0,0,0,0
21147734171488,80.516431,1786372605236506973,,0,0,0,0,0,0,0,0,0,0,0,0,0,0,0,0,0,0,0
21147754192896,80.536452,1786372605256512425,,0,0,0,0,0,0,0,0,0,0,0,0,0,0,0,0,0,0,0
21147774160288,80.556419,1786372605276504599,,0,0,0,0,0,0,0,0,0,0,0,0,0,0,0,0,0,0,0
21147794143584,80.576403,1786372605296512281,,0,0,0,0,0,0,0,0,0,0,0,0,0,0,0,0,0,0,0
21147814297792,80.596557,1786372605316533330,,0,0,0,0,0,0,0,0,0,0,0,0,0,0,0,0,0,0,0
21147834158688,80.616418,1786372605336527304,,0,0,0,0,0,0,0,0,0,0,0,0,0,0,0,0,0,0,0
21147854485504,80.636745,1786372605356524097,,0,0,0,0,0,0,0,0,0,0,0,0,0,0,0,0,0,0,0
21147873997088,80.656256,1786372605376507122,,0,0,0,0,0,0,0,0,0,0,0,0,0,0,0,0,0,0,0
21147894177056,80.676436,1786372605396511676,,0,0,0,0,0,0,0,0,0,0,0,0,0,0,0,0,0,0,0
21147914124512,80.696384,1786372605416504231,,0,0,0,0,0,0,0,0,0,0,0,0,0,0,0,0,0,0,0
21147934111904,80.716371,1786372605436511601,,0,0,0,0,0,0,0,0,0,0,0,0,0,0,0,0,0,0,0
21147954170592,80.73643,1786372605456531608,,0,0,0,0,0,0,0,0,0,0,0,0,0,0,0,0,0,0,0
21147974131904,80.756391,1786372605476527700,,0,0,0,0,0,0,0,0,0,0,0,0,0,0,0,0,0,0,0
21147994193984,80.776453,1786372605496524603,,0,0,0,0,0,0,0,0,0,0,0,0,0,0,0,0,0,0,0
21148014131744,80.796391,1786372605516507871,,0,0,0,0,0,0,0,0,0,0,0,0,0,0,0,0,0,0,0
21148034129152,80.816388,1786372605536511542,,0,0,0,0,0,0,0,0,0,0,0,0,0,0,0,0,0,0,0
21148054169664,80.836429,1786372605556509281,,0,0,0,0,0,0,0,0,0,0,0,0,0,0,0,0,0,0,0
21148074053184,80.856312,1786372605576511164,,0,0,0,0,0,0,0,0,0,0,0,0,0,0,0,0,0,0,0
21148094159456,80.876419,1786372605596534559,,0,0,0,0,0,0,0,0,0,0,0,0,0,0,0,0,0,0,0
21148114134144,80.896393,1786372605616528085,,0,0,0,0,0,0,0,0,0,0,0,0,0,0,0,0,0,0,0
21148134134560,80.916394,1786372605636522639,,0,0,0,0,0,0,0,0,0,0,0,0,0,0,0,0,0,0,0
21148154168352,80.936428,1786372605656507641,,0,0,0,0,0,0,0,0,0,0,0,0,0,0,0,0,0,0,0
21148174095968,80.956355,1786372605676510909,,0,0,0,0,0,0,0,0,0,0,0,0,0,0,0,0,0,0,0
21148194159968,80.976419,1786372605696504345,,0,0,0,0,0,0,0,0,0,0,0,0,0,0,0,0,0,0,0
21148214124032,80.996383,1786372605716510855,,0,0,0,0,0,0,0,0,0,0,0,0,0,0,0,0,0,0,0
21148234128000,81.016387,1786372605736532847,,0,0,0,0,0,0,0,0,0,0,0,0,0,0,0,0,0,0,0
21148254173440,81.036433,1786372605756527118,,0,0,0,0,0,0,0,0,0,0,0,0,0,0,0,0,0,0,0
21148274038304,81.056298,1786372605776524510,,0,0,0,0,0,0,0,0,0,0,0,0,0,0,0,0,0,0,0
21148294095264,81.076354,1786372605796506875,,0,0,0,0,0,0,0,0,0,0,0,0,0,0,0,0,0,0,0
21148314096672,81.096356,1786372605816515777,,0,0,0,0,0,0,0,0,0,0,0,0,0,0,0,0,0,0,0
21148334099264,81.116358,1786372605836505483,,0,0,0,0,0,0,0,0,0,0,0,0,0,0,0,0,0,0,0
21148354202240,81.136461,1786372605856512044,,0,0,0,0,0,0,0,0,0,0,0,0,0,0,0,0,0,0,0
21148374155008,81.156414,1786372605876531777,,0,0,0,0,0,0,0,0,0,0,0,0,0,0,0,0,0,0,0
21148394134624,81.176394,1786372605896527998,,0,0,0,0,0,0,0,0,0,0,0,0,0,0,0,0,0,0,0
21148414157728,81.196417,1786372605916523949,,0,0,0,0,0,0,0,0,0,0,0,0,0,0,0,0,0,0,0
21148434113984,81.216373,1786372605936507562,,0,0,0,0,0,0,0,0,0,0,0,0,0,0,0,0,0,0,0
21148454187776,81.236447,1786372605956511613,,0,0,0,0,0,0,0,0,0,0,0,0,0,0,0,0,0,0,0
21148474020416,81.25628,1786372605976503994,,0,0,0,0,0,0,0,0,0,0,0,0,0,0,0,0,0,0,0
21148494107744,81.276367,1786372605996511064,,0,0,0,0,0,0,0,0,0,0,0,0,0,0,0,0,0,0,0
21148514114336,81.296374,1786372606016531722,,0,0,0,0,0,0,0,0,0,0,0,0,0,0,0,0,0,0,0
21148534139456,81.316399,1786372606036527368,,0,0,0,0,0,0,0,0,0,0,0,0,0,0,0,0,0,0,0
21148554159936,81.336419,1786372606056523698,,0,0,0,0,0,0,0,0,0,0,0,0,0,0,0,0,0,0,0
21148574131360,81.356391,1786372606076506752,,0,0,0,0,0,0,0,0,0,0,0,0,0,0,0,0,0,0,0
21148594109120,81.376368,1786372606096514665,,0,0,0,0,0,0,0,0,0,0,0,0,0,0,0,0,0,0,0
21148614130752,81.39639,1786372606116505050,,0,0,0,0,0,0,0,0,0,0,0,0,0,0,0,0,0,0,0
21148634080448,81.41634,1786372606136511478,,0,0,0,0,0,0,0,0,0,0,0,0,0,0,0,0,0,0,0
21148654283648,81.436543,1786372606156531542,,0,0,0,0,0,0,0,0,0,0,0,0,0,0,0,0,0,0,0
21148673984288,81.456243,1786372606176527903,,0,0,0,0,0,0,0,0,0,0,0,0,0,0,0,0,0,0,0
21148694188864,81.476448,1786372606196524672,,0,0,0,0,0,0,0,0,0,0,0,0,0,0,0,0,0,0,0
21148714100320,81.49636,1786372606216506894,,0,0,0,0,0,0,0,0,0,0,0,0,0,0,0,0,0,0,0
21148734085728,81.516345,1786372606236511695,,0,0,0,0,0,0,0,0,0,0,0,0,0,0,0,0,0,0,0
21148754156928,81.536416,1786372606256504367,,0,0,0,0,0,0,0,0,0,0,0,0,0,0,0,0,0,0,0
21148774098624,81.556358,1786372606276511245,,0,0,0,0,0,0,0,0,0,0,0,0,0,0,0,0,0,0,0
21148794118752,81.576378,1786372606296532114,,0,0,0,0,0,0,0,0,0,0,0,0,0,0,0,0,0,0,0
21148814096320,81.596356,1786372606316527776,,0,0,0,0,0,0,0,0,0,0,0,0,0,0,0,0,0,0,0
21148834107392,81.616367,1786372606336524374,,0,0,0,0,0,0,0,0,0,0,0,0,0,0,0,0,0,0,0
21148854116288,81.636375,1786372606356507425,,0,0,0,0,0,0,0,0,0,0,0,0,0,0,0,0,0,0,0
21148874009120,81.656268,1786372606376512221,,0,0,0,0,0,0,0,0,0,0,0,0,0,0,0,0,0,0,0
21148894092512,81.676352,1786372606396504825,,0,0,0,0,0,0,0,0,0,0,0,0,0,0,0,0,0,0,0
21148914073440,81.696333,1786372606416511431,,0,0,0,0,0,0,0,0,0,0,0,0,0,0,0,0,0,0,0
21148934087552,81.716347,1786372606436532557,,0,0,0,0,0,0,0,0,0,0,0,0,0,0,0,0,0,0,0
21148954193248,81.736452,1786372606456527688,,0,0,0,0,0,0,0,0,0,0,0,0,0,0,0,0,0,0,0
21148974094016,81.756353,1786372606476523801,,0,0,0,0,0,0,0,0,0,0,0,0,0,0,0,0,0,0,0
21148994115520,81.776375,1786372606496507555,,0,0,0,0,0,0,0,0,0,0,0,0,0,0,0,0,0,0,0
21149014073344,81.796333,1786372606516511563,,0,0,0,0,0,0,0,0,0,0,0,0,0,0,0,0,0,0,0
21149034075744,81.816335,1786372606536504367,,0,0,0,0,0,0,0,0,0,0,0,0,0,0,0,0,0,0,0
21149054136416,81.836396,1786372606556511462,,0,0,0,0,0,0,0,0,0,0,0,0,0,0,0,0,0,0,0
21149073990720,81.85625,1786372606576533328,,0,0,0,0,0,0,0,0,0,0,0,0,0,0,0,0,0,0,0
21149094119584,81.876379,1786372606596528688,,0,0,0,0,0,0,0,0,0,0,0,0,0,0,0,0,0,0,0
21149114100000,81.896359,1786372606616523664,,0,0,0,0,0,0,0,0,0,0,0,0,0,0,0,0,0,0,0
21149134082848,81.916342,1786372606636516607,,0,0,0,0,0,0,0,0,0,0,0,0,0,0,0,0,0,0,0
21149154156160,81.936415,1786372606656512092,,0,0,0,0,0,0,0,0,0,0,0,0,0,0,0,0,0,0,0
21149174091616,81.956351,1786372606676504655,,0,0,0,0,0,0,0,0,0,0,0,0,0,0,0,0,0,0,0
21149194081312,81.976341,1786372606696510934,,0,0,0,0,0,0,0,0,0,0,0,0,0,0,0,0,0,0,0
21149214082880,81.996342,1786372606716532713,,0,0,0,0,0,0,0,0,0,0,0,0,0,0,0,0,0,0,0
21149234062592,82.016322,1786372606736527496,,0,0,0,0,0,0,0,0,0,0,0,0,0,0,0,0,0,0,0
21149254254784,82.036514,1786372606756523830,,0,0,0,0,0,0,0,0,0,0,0,0,0,0,0,0,0,0,0
21149273986528,82.056246,1786372606776506309,,0,0,0,0,0,0,0,0,0,0,0,0,0,0,0,0,0,0,0
21149294085408,82.076345,1786372606796511187,,0,0,0,0,0,0,0,0,0,0,0,0,0,0,0,0,0,0,0
21149314048672,82.096308,1786372606816504431,,0,0,0,0,0,0,0,0,0,0,0,0,0,0,0,0,0,0,0
21149334090656,82.11635,1786372606836510955,,0,0,0,0,0,0,0,0,0,0,0,0,0,0,0,0,0,0,0
21149354135840,82.136395,1786372606856531956,,0,0,0,0,0,0,0,0,0,0,0,0,0,0,0,0,0,0,0
21149374091328,82.156351,1786372606876527341,,0,0,0,0,0,0,0,0,0,0,0,0,0,0,0,0,0,0,0
21149394101088,82.17636,1786372606896524096,,0,0,0,0,0,0,0,0,0,0,0,0,0,0,0,0,0,0,0
21149414054304,82.196314,1786372606916506761,,0,0,0,0,0,0,0,0,0,0,0,0,0,0,0,0,0,0,0
21149434047008,82.216306,1786372606936510643,,0,0,0,0,0,0,0,0,0,0,0,0,0,0,0,0,0,0,0
21149454265088,82.236524,1786372606956504817,,0,0,0,0,0,0,0,0,0,0,0,0,0,0,0,0,0,0,0
21149473975712,82.256235,1786372606976510550,,0,0,0,0,0,0,0,0,0,0,0,0,0,0,0,0,0,0,0
21149494083296,82.276342,1786372606996530989,,0,0,0,0,0,0,0,0,0,0,0,0,0,0,0,0,0,0,0
21149514080928,82.29634,1786372607016527454,,0,0,0,0,0,0,0,0,0,0,0,0,0,0,0,0,0,0,0
21149534051200,82.31631,1786372607036523910,,0,0,0,0,0,0,0,0,0,0,0,0,0,0,0,0,0,0,0
21149554149760,82.336409,1786372607056506855,,0,0,0,0,0,0,0,0,0,0,0,0,0,0,0,0,0,0,0
21149574068224,82.356327,1786372607076511234,,0,0,0,0,0,0,0,0,0,0,0,0,0,0,0,0,0,0,0
21149594100256,82.376359,1786372607096506739,,0,0,0,0,0,0,0,0,0,0,0,0,0,0,0,0,0,0,0
21149614088128,82.396347,1786372607116510152,,0,0,0,0,0,0,0,0,0,0,0,0,0,0,0,0,0,0,0
21149634057280,82.416316,1786372607136546164,,0,0,0,0,0,0,0,0,0,0,0,0,0,0,0,0,0,0,0
21149654155168,82.436414,1786372607156527492,,0,0,0,0,0,0,0,0,0,0,0,0,0,0,0,0,0,0,0
21149673933696,82.456193,1786372607176524186,,0,0,0,0,0,0,0,0,0,0,0,0,0,0,0,0,0,0,0
21149694051648,82.476311,1786372607196507096,,0,0,0,0,0,0,0,0,0,0,0,0,0,0,0,0,0,0,0
21149714024416,82.496284,1786372607216511489,,0,0,0,0,0,0,0,0,0,0,0,0,0,0,0,0,0,0,0
21149734047488,82.516307,1786372607236504268,,0,0,0,0,0,0,0,0,0,0,0,0,0,0,0,0,0,0,0
21149754043232,82.536302,1786372607256511145,,0,0,0,0,0,0,0,0,0,0,0,0,0,0,0,0,0,0,0
21149774093024,82.556352,1786372607276532464,,0,0,0,0,0,0,0,0,0,0,0,0,0,0,0,0,0,0,0
21149794047936,82.576307,1786372607296528550,,0,0,0,0,0,0,0,0,0,0,0,0,0,0,0,0,0,0,0
21149814089600,82.596349,1786372607316523734,,0,0,0,0,0,0,0,0,0,0,0,0,0,0,0,0,0,0,0
21149834030496,82.61629,1786372607336507161,,0,0,0,0,0,0,0,0,0,0,0,0,0,0,0,0,0,0,0
21149854103840,82.636363,1786372607356512585,,0,0,0,0,0,0,0,0,0,0,0,0,0,0,0,0,0,0,0
21149873933088,82.656192,1786372607376504311,,0,0,0,0,0,0,0,0,0,0,0,0,0,0,0,0,0,0,0
21149894145728,82.676405,1786372607396511237,,0,0,0,0,0,0,0,0,0,0,0,0,0,0,0,0,0,0,0
21149914043776,82.696303,1786372607416532600,,0,0,0,0,0,0,0,0,0,0,0,0,0,0,0,0,0,0,0
21149934071232,82.71633,1786372607436528050,,0,0,0,0,0,0,0,0,0,0,0,0,0,0,0,0,0,0,0
21149954132576,82.736392,1786372607456524156,,0,0,0,0,0,0,0,0,0,0,0,0,0,0,0,0,0,0,0
21149974023392,82.756283,1786372607476521309,,0,0,0,0,0,0,0,0,0,0,0,0,0,0,0,0,0,0,0
21149994026048,82.776285,1786372607496510849,,0,0,0,0,0,0,0,0,0,0,0,0,0,0,0,0,0,0,0
21150014032992,82.796292,1786372607516503780,,0,0,0,0,0,0,0,0,0,0,0,0,0,0,0,0,0,0,0
21150034096864,82.816356,1786372607536510820,,0,0,0,0,0,0,0,0,0,0,0,0,0,0,0,0,0,0,0
21150054115744,82.836375,1786372607556531580,,0,0,0,0,0,0,0,0,0,0,0,0,0,0,0,0,0,0,0
21150073983808,82.856243,1786372607576527323,,0,0,0,0,0,0,0,0,0,0,0,0,0,0,0,0,0,0,0
21150094026784,82.876286,1786372607596529766,,0,0,0,0,0,0,0,0,0,0,0,0,0,0,0,0,0,0,0
21150114017792,82.896277,1786372607616507047,,0,0,0,0,0,0,0,0,0,0,0,0,0,0,0,0,0,0,0
21150134002304,82.916262,1786372607636510338,,0,0,0,0,0,0,0,0,0,0,0,0,0,0,0,0,0,0,0
21150154015168,82.936274,1786372607656504395,,0,0,0,0,0,0,0,0,0,0,0,0,0,0,0,0,0,0,0
21150174014048,82.956273,1786372607676510945,,0,0,0,0,0,0,0,0,0,0,0,0,0,0,0,0,0,0,0
21150194052448,82.976312,1786372607696530939,,0,0,0,0,0,0,0,0,0,0,0,0,0,0,0,0,0,0,0
21150214067424,82.996327,1786372607716532898,,0,0,0,0,0,0,0,0,0,0,0,0,0,0,0,0,0,0,0
21150234085856,83.016345,1786372607736525334,,0,0,0,0,0,0,0,0,0,0,0,0,0,0,0,0,0,0,0
21150253997440,83.036257,1786372607756506101,,0,0,0,0,0,0,0,0,0,0,0,0,0,0,0,0,0,0,0
21150274035840,83.056295,1786372607776511730,,0,0,0,0,0,0,0,0,0,0,0,0,0,0,0,0,0,0,0
21150294040864,83.0763,1786372607796504596,,0,0,0,0,0,0,0,0,0,0,0,0,0,0,0,0,0,0,0
21150314032736,83.096292,1786372607816511074,,0,0,0,0,0,0,0,0,0,0,0,0,0,0,0,0,0,0,0
21150334091200,83.11635,1786372607836531340,,0,0,0,0,0,0,0,0,0,0,0,0,0,0,0,0,0,0,0
21150354057120,83.136316,1786372607856526906,,0,0,0,0,0,0,0,0,0,0,0,0,0,0,0,0,0,0,0
21150374031008,83.15629,1786372607876523209,,0,0,0,0,0,0,0,0,0,0,0,0,0,0,0,0,0,0,0
21150394037024,83.176296,1786372607896507348,,0,0,0,0,0,0,0,0,0,0,0,0,0,0,0,0,0,0,0
21150413994624,83.196254,1786372607916511356,,0,0,0,0,0,0,0,0,0,0,0,0,0,0,0,0,0,0,0
21150434028896,83.216288,1786372607936504350,,0,0,0,0,0,0,0,0,0,0,0,0,0,0,0,0,0,0,0
21150454078080,83.236337,1786372607956510302,,0,0,0,0,0,0,0,0,0,0,0,0,0,0,0,0,0,0,0
21150473916512,83.256176,1786372607976531771,,0,0,0,0,0,0,0,0,0,0,0,0,0,0,0,0,0,0,0
21150494052224,83.276311,1786372607996527104,,0,0,0,0,0,0,0,0,0,0,0,0,0,0,0,0,0,0,0
21150514033056,83.296292,1786372608016524181,,0,0,0,0,0,0,0,0,0,0,0,0,0,0,0,0,0,0,0
21150533997792,83.316257,1786372608036507770,,0,0,0,0,0,0,0,0,0,0,0,0,0,0,0,0,0,0,0
21150554047328,83.336307,1786372608056511561,,0,0,0,0,0,0,0,0,0,0,0,0,0,0,0,0,0,0,0
21150574006624,83.356266,1786372608076504662,,0,0,0,0,0,0,0,0,0,0,0,0,0,0,0,0,0,0,0
21150594049024,83.376308,1786372608096513739,,0,0,0,0,0,0,0,0,0,0,0,0,0,0,0,0,0,0,0
21150614010048,83.396269,1786372608116531674,,0,0,0,0,0,0,0,0,0,0,0,0,0,0,0,0,0,0,0
21150634053984,83.416313,1786372608136526822,,0,0,0,0,0,0,0,0,0,0,0,0,0,0,0,0,0,0,0
21150654080192,83.436339,1786372608156524093,,0,0,0,0,0,0,0,0,0,0,0,0,0,0,0,0,0,0,0
21150673942816,83.456202,1786372608176505675,,0,0,0,0,0,0,0,0,0,0,0,0,0,0,0,0,0,0,0
21150694006656,83.476266,1786372608196510600,,0,0,0,0,0,0,0,0,0,0,0,0,0,0,0,0,0,0,0
21150713978752,83.496238,1786372608216504318,,0,0,0,0,0,0,0,0,0,0,0,0,0,0,0,0,0,0,0
21150734007296,83.516266,1786372608236511202,,0,0,0,0,0,0,0,0,0,0,0,0,0,0,0,0,0,0,0
21150754043936,83.536303,1786372608256531992,,0,0,0,0,0,0,0,0,0,0,0,0,0,0,0,0,0,0,0
21150774020928,83.55628,1786372608276527372,,0,0,0,0,0,0,0,0,0,0,0,0,0,0,0,0,0,0,0
21150794017824,83.576277,1786372608296523146,,0,0,0,0,0,0,0,0,0,0,0,0,0,0,0,0,0,0,0
21150813992192,83.596251,1786372608316507342,,0,0,0,0,0,0,0,0,0,0,0,0,0,0,0,0,0,0,0
21150834048864,83.616308,1786372608336511445,,0,0,0,0,0,0,0,0,0,0,0,0,0,0,0,0,0,0,0
21150854108160,83.636367,1786372608356504249,,0,0,0,0,0,0,0,0,0,0,0,0,0,0,0,0,0,0,0
21150873934656,83.656194,1786372608376511835,,0,0,0,0,0,0,0,0,0,0,0,0,0,0,0,0,0,0,0
21150893992096,83.676251,1786372608396532394,,0,0,0,0,0,0,0,0,0,0,0,0,0,0,0,0,0,0,0
21150914046784,83.696306,1786372608416527370,,0,0,0,0,0,0,0,0,0,0,0,0,0,0,0,0,0,0,0
21150934027232,83.716286,1786372608436523023,,0,0,0,0,0,0,0,0,0,0,0,0,0,0,0,0,0,0,0
21150954132512,83.736392,1786372608456507484,,0,0,0,0,0,0,0,0,0,0,0,0,0,0,0,0,0,0,0
21150973987552,83.756247,1786372608476510739,,0,0,0,0,0,0,0,0,0,0,0,0,0,0,0,0,0,0,0
21150993982656,83.776242,1786372608496519394,,0,0,0,0,0,0,0,0,0,0,0,0,0,0,0,0,0,0,0
21151013987552,83.796247,1786372608516511879,,0,0,0,0,0,0,0,0,0,0,0,0,0,0,0,0,0,0,0
21151034027168,83.816286,1786372608536530768,,0,0,0,0,0,0,0,0,0,0,0,0,0,0,0,0,0,0,0
21151054113600,83.836373,1786372608556526481,,0,0,0,0,0,0,0,0,0,0,0,0,0,0,0,0,0,0,0
21151073883040,83.856142,1786372608576524246,,0,0,0,0,0,0,0,0,0,0,0,0,0,0,0,0,0,0,0
21151094904416,83.877164,1786372608596508933,,0,0,0,0,0,0,0,0,0,0,0,0,0,0,0,0,0,0,0
21151114028864,83.896288,1786372608616512012,,0,0,0,0,0,0,0,0,0,0,0,0,0,0,0,0,0,0,0
