t_recv_ns,t_s,t_stamp_ns,frame_id,hardware_connected,analog_states_0,analog_states_1,analog_states_2,analog_states_3,analog_states_4,analog_states_5,digital_states_0,digital_states_1,digital_states_2,digital_states_3,digital_states_4,digital_states_5,digital_states_6,digital_states_7,digital_states_8,digital_states_9,digital_states_10,digital_states_11
2417573640544,0,1791215004195385024,,0,0,0,0,0,0,0,0,0,0,0,0,0,0,0,0,0,0,0
2417593640032,0.019999488,1791215004215382729,,0,0,0,0,0,0,0,0,0,0,0,0,0,0,0,0,0,0,0
2417613666592,0.040026048,1791215004235382875,,0,0,0,0,0,0,0,0,0,0,0,0,0,0,0,0,0,0,0
2417633628992,0.059988448,1791215004255384078,,0,0,0,0,0,0,0,0,0,0,0,0,0,0,0,0,0,0,0
2417653576064,0.07993552,1791215004275382945,,0,0,0,0,0,0,0,0,0,0,0,0,0,0,0,0,0,0,0
2417673649216,0.10000867,1791215004295383213,,0,0,0,0,0,0,0,0,0,0,0,0,0,0,0,0,0,0,0
2417693652480,0.12001194,1791215004315383308,,0,0,0,0,0,0,0,0,0,0,0,0,0,0,0,0,0,0,0
2417713610272,0.13996973,1791215004335383375,,0,0,0,0,0,0,0,0,0,0,0,0,0,0,0,0,0,0,0
2417733659840,0.1600193,1791215004355383090,,0,0,0,0,0,0,0,0,0,0,0,0,0,0,0,0,0,0,0
2417753642560,0.18000202,1791215004375383016,,0,0,0,0,0,0,0,0,0,0,0,0,0,0,0,0,0,0,0
2417773621152,0.19998061,1791215004395396442,,0,0,0,0,0,0,0,0,0,0,0,0,0,0,0,0,0,0,0
2417793652768,0.22001222,1791215004415383137,,0,0,0,0,0,0,0,0,0,0,0,0,0,0,0,0,0,0,0
2417813617600,0.23997706,1791215004435383318,,0,0,0,0,0,0,0,0,0,0,0,0,0,0,0,0,0,0,0
2417833635616,0.25999507,1791215004455382689,,0,0,0,0,0,0,0,0,0,0,0,0,0,0,0,0,0,0,0
2417853551808,0.27991126,1791215004475383696,,0,0,0,0,0,0,0,0,0,0,0,0,0,0,0,0,0,0,0
2417873604576,0.29996403,1791215004495383236,,0,0,0,0,0,0,0,0,0,0,0,0,0,0,0,0,0,0,0
2417893660192,0.32001965,1791215004515383054,,0,0,0,0,0,0,0,0,0,0,0,0,0,0,0,0,0,0,0
2417913638656,0.33999811,1791215004535382970,,0,0,0,0,0,0,0,0,0,0,0,0,0,0,0,0,0,0,0
2417933629120,0.35998858,1791215004555383436,,0,0,0,0,0,0,0,0,0,0,0,0,0,0,0,0,0,0,0
2417953620608,0.37998006,1791215004575383103,,0,0,0,0,0,0,0,0,0,0,0,0,0,0,0,0,0,0,0
2417973646240,0.4000057,1791215004595383104,,0,0,0,0,0,0,0,0,0,0,0,0,0,0,0,0,0,0,0
2417993629376,0.41998883,1791215004615383380,,0,0,0,0,0,0,0,0,0,0,0,0,0,0,0,0,0,0,0
2418013633120,0.43999258,1791215004635383414,,0,0,0,0,0,0,0,0,0,0,0,0,0,0,0,0,0,0,0
2418033614560,0.45997402,1791215004655383288,,0,0,0,0,0,0,0,0,0,0,0,0,0,0,0,0,0,0,0
2418053490656,0.47985011,1791215004675383145,,0,0,0,0,0,0,0,0,0,0,0,0,0,0,0,0,0,0,0
2418073668480,0.50002794,1791215004695383056,,0,0,0,0,0,0,0,0,0,0,0,0,0,0,0,0,0,0,0
2418093623264,0.51998272,1791215004715383347,,0,0,0,0,0,0,0,0,0,0,0,0,0,0,0,0,0,0,0
2418113583808,0.53994326,1791215004735382545,,0,0,0,0,0,0,0,0,0,0,0,0,0,0,0,0,0,0,0
2418133624864,0.55998432,1791215004755383053,,0,0,0,0,0,0,0,0,0,0,0,0,0,0,0,0,0,0,0
2418153641024,0.58000048,1791215004775383388,,0,0,0,0,0,0,0,0,0,0,0,0,0,0,0,0,0,0,0
2418173603968,0.59996342,1791215004795383941,,0,0,0,0,0,0,0,0,0,0,0,0,0,0,0,0,0,0,0
2418193649728,0.62000918,1791215004815388410,,0,0,0,0,0,0,0,0,0,0,0,0,0,0,0,0,0,0,0
2418213603392,0.63996285,1791215004835383476,,0,0,0,0,0,0,0,0,0,0,0,0,0,0,0,0,0,0,0
2418233588704,0.65994816,1791215004855383062,,0,0,0,0,0,0,0,0,0,0,0,0,0,0,0,0,0,0,0
2418253510080,0.67986954,1791215004875383330,,0,0,0,0,0,0,0,0,0,0,0,0,0,0,0,0,0,0,0
2418273593376,0.69995283,1791215004895382984,,0,0,0,0,0,0,0,0,0,0,0,0,0,0,0,0,0,0,0
2418293640736,0.72000019,1791215004915383169,,0,0,0,0,0,0,0,0,0,0,0,0,0,0,0,0,0,0,0
2418313605728,0.73996518,1791215004935382739,,0,0,0,0,0,0,0,0,0,0,0,0,0,0,0,0,0,0,0
2418333609696,0.75996915,1791215004955382936,,0,0,0,0,0,0,0,0,0,0,0,0,0,0,0,0,0,0,0
2418353649600,0.78000906,1791215004975383162,,0,0,0,0,0,0,0,0,0,0,0,0,0,0,0,0,0,0,0
2418373606592,0.79996605,1791215004995396872,,0,0,0,0,0,0,0,0,0,0,0,0,0,0,0,0,0,0,0
2418393611680,0.81997114,1791215005015383636,,0,0,0,0,0,0,0,0,0,0,0,0,0,0,0,0,0,0,0
2418413640480,0.83999994,1791215005035382927,,0,0,0,0,0,0,0,0,0,0,0,0,0,0,0,0,0,0,0
2418433601824,0.85996128,1791215005055382972,,0,0,0,0,0,0,0,0,0,0,0,0,0,0,0,0,0,0,0
2418453481184,0.87984064,1791215005075382610,,0,0,0,0,0,0,0,0,0,0,0,0,0,0,0,0,0,0,0
2418473635968,0.89999542,1791215005095383049,,0,0,0,0,0,0,0,0,0,0,0,0,0,0,0,0,0,0,0
2418493624672,0.91998413,1791215005115383294,,0,0,0,0,0,0,0,0,0,0,0,0,0,0,0,0,0,0,0
2418513576032,0.93993549,1791215005135383405,,0,0,0,0,0,0,0,0,0,0,0,0,0,0,0,0,0,0,0
2418533603104,0.95996256,1791215005155382978,,0,0,0,0,0,0,0,0,0,0,0,0,0,0,0,0,0,0,0
2418553603648,0.9799631,1791215005175383402,,0,0,0,0,0,0,0,0,0,0,0,0,0,0,0,0,0,0,0
2418573591232,0.99995069,1791215005195385163,,0,0,0,0,0,0,0,0,0,0,0,0,0,0,0,0,0,0,0
2418593639840,1.0199993,1791215005215383043,,0,0,0,0,0,0,0,0,0,0,0,0,0,0,0,0,0,0,0
2418613598688,1.0399581,1791215005235382900,,0,0,0,0,0,0,0,0,0,0,0,0,0,0,0,0,0,0,0
2418633571232,1.0599307,1791215005255383656,,0,0,0,0,0,0,0,0,0,0,0,0,0,0,0,0,0,0,0
2418653487200,1.0798467,1791215005275382819,,0,0,0,0,0,0,0,0,0,0,0,0,0,0,0,0,0,0,0
2418673576032,1.0999355,1791215005295383380,,0,0,0,0,0,0,0,0,0,0,0,0,0,0,0,0,0,0,0
2418693593536,1.119953,1791215005315383451,,0,0,0,0,0,0,0,0,0,0,0,0,0,0,0,0,0,0,0
2418713589888,1.1399493,1791215005335383592,,0,0,0,0,0,0,0,0,0,0,0,0,0,0,0,0,0,0,0
2418733586272,1.1599457,1791215005355382764,,0,0,0,0,0,0,0,0,0,0,0,0,0,0,0,0,0,0,0
2418753610528,1.17997,1791215005375383351,,0,0,0,0,0,0,0,0,0,0,0,0,0,0,0,0,0,0,0
2418773590496,1.19995,1791215005395382620,,0,0,0,0,0,0,0,0,0,0,0,0,0,0,0,0,0,0,0
2418793737280,1.2200967,1791215005415382719,,0,0,0,0,0,0,0,0,0,0,0,0,0,0,0,0,0,0,0
2418813603232,1.2399627,1791215005435383163,,0,0,0,0,0,0,0,0,0,0,0,0,0,0,0,0,0,0,0
2418833574944,1.2599344,1791215005455383076,,0,0,0,0,0,0,0,0,0,0,0,0,0,0,0,0,0,0,0
2418853446528,1.279806,1791215005475382756,,0,0,0,0,0,0,0,0,0,0,0,0,0,0,0,0,0,0,0
2418873572864,1.2999323,1791215005495382838,,0,0,0,0,0,0,0,0,0,0,0,0,0,0,0,0,0,0,0
2418893586752,1.3199462,1791215005515382915,,0,0,0,0,0,0,0,0,0,0,0,0,0,0,0,0,0,0,0
2418913572224,1.3399317,1791215005535383146,,0,0,0,0,0,0,0,0,0,0,0,0,0,0,0,0,0,0,0
2418933604160,1.3599636,1791215005555383135,,0,0,0,0,0,0,0,0,0,0,0,0,0,0,0,0,0,0,0
2418953613056,1.3799725,1791215005575383298,,0,0,0,0,0,0,0,0,0,0,0,0,0,0,0,0,0,0,0
2418973550208,1.3999097,1791215005595383089,,0,0,0,0,0,0,0,0,0,0,0,0,0,0,0,0,0,0,0
2418993695232,1.4200547,1791215005615383021,,0,0,0,0,0,0,0,0,0,0,0,0,0,0,0,0,0,0,0
2419013563040,1.4399225,1791215005635382451,,0,0,0,0,0,0,0,0,0,0,0,0,0,0,0,0,0,0,0
2419033557088,1.4599165,1791215005655383369,,0,0,0,0,0,0,0,0,0,0,0,0,0,0,0,0,0,0,0
2419053457632,1.4798171,1791215005675382897,,0,0,0,0,0,0,0,0,0,0,0,0,0,0,0,0,0,0,0
2419073565408,1.4999249,1791215005695382997,,0,0,0,0,0,0,0,0,0,0,0,0,0,0,0,0,0,0,0
2419093549472,1.5199089,1791215005715382738,,0,0,0,0,0,0,0,0,0,0,0,0,0,0,0,0,0,0,0
2419113587584,1.539947,1791215005735383035,,0,0,0,0,0,0,0,0,0,0,0,0,0,0,0,0,0,0,0
2419133558368,1.5599178,1791215005755383182,,0,0,0,0,0,0,0,0,0,0,0,0,0,0,0,0,0,0,0
2419153560448,1.5799199,1791215005775382869,,0,0,0,0,0,0,0,0,0,0,0,0,0,0,0,0,0,0,0
2419173565216,1.5999247,1791215005795382876,,0,0,0,0,0,0,0,0,0,0,0,0,0,0,0,0,0,0,0
2419193556800,1.6199163,1791215005815383068,,0,0,0,0,0,0,0,0,0,0,0,0,0,0,0,0,0,0,0
2419213534720,1.6398942,1791215005835382869,,0,0,0,0,0,0,0,0,0,0,0,0,0,0,0,0,0,0,0
2419233551520,1.659911,1791215005855396309,,0,0,0,0,0,0,0,0,0,0,0,0,0,0,0,0,0,0,0
2419253451392,1.6798108,1791215005875383231,,0,0,0,0,0,0,0,0,0,0,0,0,0,0,0,0,0,0,0
2419273579168,1.6999386,1791215005895383077,,0,0,0,0,0,0,0,0,0,0,0,0,0,0,0,0,0,0,0
2419293557344,1.7199168,1791215005915382830,,0,0,0,0,0,0,0,0,0,0,0,0,0,0,0,0,0,0,0
2419313535008,1.7398945,1791215005935383395,,0,0,0,0,0,0,0,0,0,0,0,0,0,0,0,0,0,0,0
2419333549408,1.7599089,1791215005955382709,,0,0,0,0,0,0,0,0,0,0,0,0,0,0,0,0,0,0,0
2419353574592,1.779934,1791215005975383018,,0,0,0,0,0,0,0,0,0,0,0,0,0,0,0,0,0,0,0
2419373535840,1.7998953,1791215005995383201,,0,0,0,0,0,0,0,0,0,0,0,0,0,0,0,0,0,0,0
2419393563520,1.819923,1791215006015383779,,0,0,0,0,0,0,0,0,0,0,0,0,0,0,0,0,0,0,0
2419413544960,1.8399044,1791215006035383108,,0,0,0,0,0,0,0,0,0,0,0,0,0,0,0,0,0,0,0
2419433546752,1.8599062,1791215006055383529,,0,0,0,0,0,0,0,0,0,0,0,0,0,0,0,0,0,0,0
2419453578080,1.8799375,1791215006075382835,,0,0,0,0,0,0,0,0,0,0,0,0,0,0,0,0,0,0,0
2419473537312,1.8998968,1791215006095383154,,0,0,0,0,0,0,0,0,0,0,0,0,0,0,0,0,0,0,0
2419493538496,1.919898,1791215006115383562,,0,0,0,0,0,0,0,0,0,0,0,0,0,0,0,0,0,0,0
2419513538240,1.9398977,1791215006135383011,,0,0,0,0,0,0,0,0,0,0,0,0,0,0,0,0,0,0,0
2419533538080,1.9598975,1791215006155383358,,0,0,0,0,0,0,0,0,0,0,0,0,0,0,0,0,0,0,0
2419553541280,1.9799007,1791215006175382750,,0,0,0,0,0,0,0,0,0,0,0,0,0,0,0,0,0,0,0
2419573548288,1.9999077,1791215006195383091,,0,0,0,0,0,0,0,0,0,0,0,0,0,0,0,0,0,0,0
2419593777664,2.0201371,1791215006215383087,,0,0,0,0,0,0,0,0,0,0,0,0,0,0,0,0,0,0,0
2419613523360,2.0398828,1791215006235382388,,0,0,0,0,0,0,0,0,0,0,0,0,0,0,0,0,0,0,0
2419633551328,2.0599108,1791215006255382955,,0,0,0,0,0,0,0,0,0,0,0,0,0,0,0,0,0,0,0
2419653441312,2.0798008,1791215006275383096,,0,0,0,0,0,0,0,0,0,0,0,0,0,0,0,0,0,0,0
2419673512416,2.0998719,1791215006295383121,,0,0,0,0,0,0,0,0,0,0,0,0,0,0,0,0,0,0,0
2419693543168,2.1199026,1791215006315383130,,0,0,0,0,0,0,0,0,0,0,0,0,0,0,0,0,0,0,0
2419713513888,2.1398733,1791215006335383216,,0,0,0,0,0,0,0,0,0,0,0,0,0,0,0,0,0,0,0
2419733530144,2.1598896,1791215006355382947,,0,0,0,0,0,0,0,0,0,0,0,0,0,0,0,0,0,0,0
2419753579808,2.1799393,1791215006375383043,,0,0,0,0,0,0,0,0,0,0,0,0,0,0,0,0,0,0,0
2419773521024,2.1998805,1791215006395382940,,0,0,0,0,0,0,0,0,0,0,0,0,0,0,0,0,0,0,0
2419793576736,2.2199362,1791215006415383285,,0,0,0,0,0,0,0,0,0,0,0,0,0,0,0,0,0,0,0
2419813547296,2.2399068,1791215006435383127,,0,0,0,0,0,0,0,0,0,0,0,0,0,0,0,0,0,0,0
2419833517760,2.2598772,1791215006455383135,,0,0,0,0,0,0,0,0,0,0,0,0,0,0,0,0,0,0,0
2419853397536,2.279757,1791215006475382575,,0,0,0,0,0,0,0,0,0,0,0,0,0,0,0,0,0,0,0
2419873531360,2.2998908,1791215006495382744,,0,0,0,0,0,0,0,0,0,0,0,0,0,0,0,0,0,0,0
2419893523232,2.3198827,1791215006515382848,,0,0,0,0,0,0,0,0,0,0,0,0,0,0,0,0,0,0,0
2419913531840,2.3398913,1791215006535382579,,0,0,0,0,0,0,0,0,0,0,0,0,0,0,0,0,0,0,0
2419933524608,2.3598841,1791215006555382931,,0,0,0,0,0,0,0,0,0,0,0,0,0,0,0,0,0,0,0
2419953541440,2.3799009,1791215006575383856,,0,0,0,0,0,0,0,0,0,0,0,0,0,0,0,0,0,0,0
2419973534400,2.3998939,1791215006595382801,,0,0,0,0,0,0,0,0,0,0,0,0,0,0,0,0,0,0,0
2419993520288,2.4198797,1791215006615392767,,0,0,0,0,0,0,0,0,0,0,0,0,0,0,0,0,0,0,0
2420013515264,2.4398747,1791215006635382641,,0,0,0,0,0,0,0,0,0,0,0,0,0,0,0,0,0,0,0
2420033539232,2.4598987,1791215006655382955,,0,0,0,0,0,0,0,0,0,0,0,0,0,0,0,0,0,0,0
2420053398816,2.4797583,1791215006675383539,,0,0,0,0,0,0,0,0,0,0,0,0,0,0,0,0,0,0,0
2420073514592,2.499874,1791215006695383449,,0,0,0,0,0,0,0,0,0,0,0,0,0,0,0,0,0,0,0
2420093558688,2.5199181,1791215006715382887,,0,0,0,0,0,0,0,0,0,0,0,0,0,0,0,0,0,0,0
2420113513472,2.5398729,1791215006735383080,,0,0,0,0,0,0,0,0,0,0,0,0,0,0,0,0,0,0,0
2420133487936,2.5598474,1791215006755383486,,0,0,0,0,0,0,0,0,0,0,0,0,0,0,0,0,0,0,0
2420153528000,2.5798875,1791215006775382517,,0,0,0,0,0,0,0,0,0,0,0,0,0,0,0,0,0,0,0
2420173505568,2.599865,1791215006795382913,,0,0,0,0,0,0,0,0,0,0,0,0,0,0,0,0,0,0,0
2420193540640,2.6199001,1791215006815385335,,0,0,0,0,0,0,0,0,0,0,0,0,0,0,0,0,0,0,0
2420213506464,2.6398659,1791215006835383549,,0,0,0,0,0,0,0,0,0,0,0,0,0,0,0,0,0,0,0
2420233498240,2.6598577,1791215006855383008,,0,0,0,0,0,0,0,0,0,0,0,0,0,0,0,0,0,0,0
2420253368832,2.6797283,1791215006875383466,,0,0,0,0,0,0,0,0,0,0,0,0,0,0,0,0,0,0,0
2420273500576,2.69986,1791215006895383212,,0,0,0,0,0,0,0,0,0,0,0,0,0,0,0,0,0,0,0
2420293508704,2.7198682,1791215006915383641,,0,0,0,0,0,0,0,0,0,0,0,0,0,0,0,0,0,0,0
2420313526496,2.739886,1791215006935383334,,0,0,0,0,0,0,0,0,0,0,0,0,0,0,0,0,0,0,0
2420333529088,2.7598885,1791215006955383224,,0,0,0,0,0,0,0,0,0,0,0,0,0,0,0,0,0,0,0
2420353476992,2.7798364,1791215006975382804,,0,0,0,0,0,0,0,0,0,0,0,0,0,0,0,0,0,0,0
2420373512032,2.7998715,1791215006995383399,,0,0,0,0,0,0,0,0,0,0,0,0,0,0,0,0,0,0,0
2420393514944,2.8198744,1791215007015396659,,0,0,0,0,0,0,0,0,0,0,0,0,0,0,0,0,0,0,0
2420413492864,2.8398523,1791215007035383354,,0,0,0,0,0,0,0,0,0,0,0,0,0,0,0,0,0,0,0
2420433524672,2.8598841,1791215007055383052,,0,0,0,0,0,0,0,0,0,0,0,0,0,0,0,0,0,0,0
2420453381792,2.8797412,1791215007075382814,,0,0,0,0,0,0,0,0,0,0,0,0,0,0,0,0,0,0,0
2420473474720,2.8998342,1791215007095382847,,0,0,0,0,0,0,0,0,0,0,0,0,0,0,0,0,0,0,0
2420493539136,2.9198986,1791215007115383499,,0,0,0,0,0,0,0,0,0,0,0,0,0,0,0,0,0,0,0
2420513511840,2.9398713,1791215007135383120,,0,0,0,0,0,0,0,0,0,0,0,0,0,0,0,0,0,0,0
2420533464864,2.9598243,1791215007155383075,,0,0,0,0,0,0,0,0,0,0,0,0,0,0,0,0,0,0,0
2420553487328,2.9798468,1791215007175383321,,0,0,0,0,0,0,0,0,0,0,0,0,0,0,0,0,0,0,0
2420573493184,2.9998526,1791215007195383546,,0,0,0,0,0,0,0,0,0,0,0,0,0,0,0,0,0,0,0
2420593476928,3.0198364,1791215007215382760,,0,0,0,0,0,0,0,0,0,0,0,0,0,0,0,0,0,0,0
2420613495968,3.0398554,1791215007235383714,,0,0,0,0,0,0,0,0,0,0,0,0,0,0,0,0,0,0,0
2420633483584,3.059843,1791215007255382770,,0,0,0,0,0,0,0,0,0,0,0,0,0,0,0,0,0,0,0
2420653370944,3.0797304,1791215007275382817,,0,0,0,0,0,0,0,0,0,0,0,0,0,0,0,0,0,0,0
2420673542720,3.0999022,1791215007295383084,,0,0,0,0,0,0,0,0,0,0,0,0,0,0,0,0,0,0,0
2420693483968,3.1198434,1791215007315382699,,0,0,0,0,0,0,0,0,0,0,0,0,0,0,0,0,0,0,0
2420713506208,3.1398657,1791215007335383062,,0,0,0,0,0,0,0,0,0,0,0,0,0,0,0,0,0,0,0
2420733483488,3.1598429,1791215007355383198,,0,0,0,0,0,0,0,0,0,0,0,0,0,0,0,0,0,0,0
2420753471008,3.1798305,1791215007375383137,,0,0,0,0,0,0,0,0,0,0,0,0,0,0,0,0,0,0,0
2420773491264,3.1998507,1791215007395382994,,0,0,0,0,0,0,0,0,0,0,0,0,0,0,0,0,0,0,0
2420793511392,3.2198708,1791215007415382692,,0,0,0,0,0,0,0,0,0,0,0,0,0,0,0,0,0,0,0
2420813465632,3.2398251,1791215007435383077,,0,0,0,0,0,0,0,0,0,0,0,0,0,0,0,0,0,0,0
2420833492192,3.2598516,1791215007455382957,,0,0,0,0,0,0,0,0,0,0,0,0,0,0,0,0,0,0,0
2420853344928,3.2797044,1791215007475383181,,0,0,0,0,0,0,0,0,0,0,0,0,0,0,0,0,0,0,0
2420873462176,3.2998216,1791215007495383138,,0,0,0,0,0,0,0,0,0,0,0,0,0,0,0,0,0,0,0
2420893500672,3.3198601,1791215007515382513,,0,0,0,0,0,0,0,0,0,0,0,0,0,0,0,0,0,0,0
2420913467840,3.3398273,1791215007535383253,,0,0,0,0,0,0,0,0,0,0,0,0,0,0,0,0,0,0,0
2420933461888,3.3598213,1791215007555383278,,0,0,0,0,0,0,0,0,0,0,0,0,0,0,0,0,0,0,0
2420953481024,3.3798405,1791215007575383468,,0,0,0,0,0,0,0,0,0,0,0,0,0,0,0,0,0,0,0
2420973464960,3.3998244,1791215007595382757,,0,0,0,0,0,0,0,0,0,0,0,0,0,0,0,0,0,0,0
2420993458752,3.4198182,1791215007615383008,,0,0,0,0,0,0,0,0,0,0,0,0,0,0,0,0,0,0,0
2421013463040,3.4398225,1791215007635382472,,0,0,0,0,0,0,0,0,0,0,0,0,0,0,0,0,0,0,0
2421033459040,3.4598185,1791215007655389453,,0,0,0,0,0,0,0,0,0,0,0,0,0,0,0,0,0,0,0
2421053348960,3.4797084,1791215007675384086,,0,0,0,0,0,0,0,0,0,0,0,0,0,0,0,0,0,0,0
2421073487456,3.4998469,1791215007695383558,,0,0,0,0,0,0,0,0,0,0,0,0,0,0,0,0,0,0,0
2421093495808,3.5198553,1791215007715383363,,0,0,0,0,0,0,0,0,0,0,0,0,0,0,0,0,0,0,0
2421113454112,3.5398136,1791215007735382728,,0,0,0,0,0,0,0,0,0,0,0,0,0,0,0,0,0,0,0
2421133454688,3.5598141,1791215007755383494,,0,0,0,0,0,0,0,0,0,0,0,0,0,0,0,0,0,0,0
2421153450752,3.5798102,1791215007775383332,,0,0,0,0,0,0,0,0,0,0,0,0,0,0,0,0,0,0,0
2421173444672,3.5998041,1791215007795383094,,0,0,0,0,0,0,0,0,0,0,0,0,0,0,0,0,0,0,0
2421193475648,3.6198351,1791215007815383241,,0,0,0,0,0,0,0,0,0,0,0,0,0,0,0,0,0,0,0
2421213471616,3.6398311,1791215007835382966,,0,0,0,0,0,0,0,0,0,0,0,0,0,0,0,0,0,0,0
2421233499040,3.6598585,1791215007855382934,,0,0,0,0,0,0,0,0,0,0,0,0,0,0,0,0,0,0,0
2421253381824,3.6797413,1791215007875382981,,0,0,0,0,0,0,0,0,0,0,0,0,0,0,0,0,0,0,0
2421273444608,3.6998041,1791215007895383322,,0,0,0,0,0,0,0,0,0,0,0,0,0,0,0,0,0,0,0
2421293471264,3.7198307,1791215007915383066,,0,0,0,0,0,0,0,0,0,0,0,0,0,0,0,0,0,0,0
2421313449120,3.7398086,1791215007935383570,,0,0,0,0,0,0,0,0,0,0,0,0,0,0,0,0,0,0,0
2421333452768,3.7598122,1791215007955382882,,0,0,0,0,0,0,0,0,0,0,0,0,0,0,0,0,0,0,0
2421353500352,3.7798598,1791215007975383177,,0,0,0,0,0,0,0,0,0,0,0,0,0,0,0,0,0,0,0
2421373475456,3.7998349,1791215007995382946,,0,0,0,0,0,0,0,0,0,0,0,0,0,0,0,0,0,0,0
2421393475264,3.8198347,1791215008015383177,,0,0,0,0,0,0,0,0,0,0,0,0,0,0,0,0,0,0,0
2421413470944,3.8398304,1791215008035382874,,0,0,0,0,0,0,0,0,0,0,0,0,0,0,0,0,0,0,0
2421433462944,3.8598224,1791215008055383611,,0,0,0,0,0,0,0,0,0,0,0,0,0,0,0,0,0,0,0
2421453344096,3.8797036,1791215008075383096,,0,0,0,0,0,0,0,0,0,0,0,0,0,0,0,0,0,0,0
2421473460192,3.8998196,1791215008095382811,,0,0,0,0,0,0,0,0,0,0,0,0,0,0,0,0,0,0,0
2421493453568,3.919813,1791215008115382926,,0,0,0,0,0,0,0,0,0,0,0,0,0,0,0,0,0,0,0
2421513429728,3.9397892,1791215008135382644,,0,0,0,0,0,0,0,0,0,0,0,0,0,0,0,0,0,0,0
2421533478560,3.959838,1791215008155383637,,0,0,0,0,0,0,0,0,0,0,0,0,0,0,0,0,0,0,0
2421553436096,3.9797956,1791215008175382969,,0,0,0,0,0,0,0,0,0,0,0,0,0,0,0,0,0,0,0
2421573431776,3.9997912,1791215008195383505,,0,0,0,0,0,0,0,0,0,0,0,0,0,0,0,0,0,0,0
2421593491232,4.0198507,1791215008215383170,,0,0,0,0,0,0,0,0,0,0,0,0,0,0,0,0,0,0,0
2421613429856,4.0397893,1791215008235383628,,0,0,0,0,0,0,0,0,0,0,0,0,0,0,0,0,0,0,0
2421633424640,4.0597841,1791215008255383192,,0,0,0,0,0,0,0,0,0,0,0,0,0,0,0,0,0,0,0
2421653373056,4.0797325,1791215008275382796,,0,0,0,0,0,0,0,0,0,0,0,0,0,0,0,0,0,0,0
2421673435584,4.099795,1791215008295383340,,0,0,0,0,0,0,0,0,0,0,0,0,0,0,0,0,0,0,0
2421693793376,4.1201528,1791215008315383082,,0,0,0,0,0,0,0,0,0,0,0,0,0,0,0,0,0,0,0
2421713447360,4.1398068,1791215008335382660,,0,0,0,0,0,0,0,0,0,0,0,0,0,0,0,0,0,0,0
2421733419328,4.1597788,1791215008355382889,,0,0,0,0,0,0,0,0,0,0,0,0,0,0,0,0,0,0,0
2421753467008,4.1798265,1791215008375382628,,0,0,0,0,0,0,0,0,0,0,0,0,0,0,0,0,0,0,0
2421773463264,4.1998227,1791215008395382655,,0,0,0,0,0,0,0,0,0,0,0,0,0,0,0,0,0,0,0
2421793429632,4.2197891,1791215008415383350,,0,0,0,0,0,0,0,0,0,0,0,0,0,0,0,0,0,0,0
2421813502432,4.2398619,1791215008435382727,,0,0,0,0,0,0,0,0,0,0,0,0,0,0,0,0,0,0,0
2421833439936,4.2597994,1791215008455382554,,0,0,0,0,0,0,0,0,0,0,0,0,0,0,0,0,0,0,0
2421853363680,4.2797231,1791215008475383239,,0,0,0,0,0,0,0,0,0,0,0,0,0,0,0,0,0,0,0
2421873451072,4.2998105,1791215008495382991,,0,0,0,0,0,0,0,0,0,0,0,0,0,0,0,0,0,0,0
2421893497248,4.3198567,1791215008515382837,,0,0,0,0,0,0,0,0,0,0,0,0,0,0,0,0,0,0,0
2421913415136,4.3397746,1791215008535384094,,0,0,0,0,0,0,0,0,0,0,0,0,0,0,0,0,0,0,0
2421933439040,4.3597985,1791215008555382817,,0,0,0,0,0,0,0,0,0,0,0,0,0,0,0,0,0,0,0
2421953423584,4.379783,1791215008575382878,,0,0,0,0,0,0,0,0,0,0,0,0,0,0,0,0,0,0,0
2421973446496,4.399806,1791215008595383080,,0,0,0,0,0,0,0,0,0,0,0,0,0,0,0,0,0,0,0
2421993444992,4.4198044,1791215008615383064,,0,0,0,0,0,0,0,0,0,0,0,0,0,0,0,0,0,0,0
2422013418080,4.4397775,1791215008635382782,,0,0,0,0,0,0,0,0,0,0,0,0,0,0,0,0,0,0,0
2422033401344,4.4597608,1791215008655383130,,0,0,0,0,0,0,0,0,0,0,0,0,0,0,0,0,0,0,0
2422053284832,4.4796443,1791215008675382937,,0,0,0,0,0,0,0,0,0,0,0,0,0,0,0,0,0,0,0
2422073408288,4.4997677,1791215008695382763,,0,0,0,0,0,0,0,0,0,0,0,0,0,0,0,0,0,0,0
2422093398656,4.5197581,1791215008715382687,,0,0,0,0,0,0,0,0,0,0,0,0,0,0,0,0,0,0,0
2422113446464,4.5398059,1791215008735389114,,0,0,0,0,0,0,0,0,0,0,0,0,0,0,0,0,0,0,0
2422133430624,4.5597901,1791215008755382674,,0,0,0,0,0,0,0,0,0,0,0,0,0,0,0,0,0,0,0
2422153407520,4.579767,1791215008775383679,,0,0,0,0,0,0,0,0,0,0,0,0,0,0,0,0,0,0,0
2422173459616,4.5998191,1791215008795383163,,0,0,0,0,0,0,0,0,0,0,0,0,0,0,0,0,0,0,0
2422193418752,4.6197782,1791215008815383815,,0,0,0,0,0,0,0,0,0,0,0,0,0,0,0,0,0,0,0
2422213405120,4.6397646,1791215008835397171,,0,0,0,0,0,0,0,0,0,0,0,0,0,0,0,0,0,0,0
2422233415424,4.6597749,1791215008855383359,,0,0,0,0,0,0,0,0,0,0,0,0,0,0,0,0,0,0,0
2422253353888,4.6797133,1791215008875383149,,0,0,0,0,0,0,0,0,0,0,0,0,0,0,0,0,0,0,0
2422273448640,4.6998081,1791215008895382832,,0,0,0,0,0,0,0,0,0,0,0,0,0,0,0,0,0,0,0
2422293483936,4.7198434,1791215008915383459,,0,0,0,0,0,0,0,0,0,0,0,0,0,0,0,0,0,0,0
2422313401152,4.7397606,1791215008935382956,,0,0,0,0,0,0,0,0,0,0,0,0,0,0,0,0,0,0,0
2422333414496,4.759774,1791215008955382828,,0,0,0,0,0,0,0,0,0,0,0,0,0,0,0,0,0,0,0
2422353413312,4.7797728,1791215008975396981,,0,0,0,0,0,0,0,0,0,0,0,0,0,0,0,0,0,0,0
2422373405152,4.7997646,1791215008995382882,,0,0,0,0,0,0,0,0,0,0,0,0,0,0,0,0,0,0,0
2422393412352,4.8197718,1791215009015382693,,0,0,0,0,0,0,0,0,0,0,0,0,0,0,0,0,0,0,0
2422413412512,4.839772,1791215009035382940,,0,0,0,0,0,0,0,0,0,0,0,0,0,0,0,0,0,0,0
2422433404960,4.8597644,1791215009055383123,,0,0,0,0,0,0,0,0,0,0,0,0,0,0,0,0,0,0,0
2422453334016,4.8796935,1791215009075383165,,0,0,0,0,0,0,0,0,0,0,0,0,0,0,0,0,0,0,0
2422473408896,4.8997684,1791215009095382856,,0,0,0,0,0,0,0,0,0,0,0,0,0,0,0,0,0,0,0
2422493395840,4.9197553,1791215009115383433,,0,0,0,0,0,0,0,0,0,0,0,0,0,0,0,0,0,0,0
2422513383520,4.939743,1791215009135397260,,0,0,0,0,0,0,0,0,0,0,0,0,0,0,0,0,0,0,0
2422533418976,4.9597784,1791215009155382989,,0,0,0,0,0,0,0,0,0,0,0,0,0,0,0,0,0,0,0
2422553375936,4.9797354,1791215009175383104,,0,0,0,0,0,0,0,0,0,0,0,0,0,0,0,0,0,0,0
2422573401984,4.9997614,1791215009195382800,,0,0,0,0,0,0,0,0,0,0,0,0,0,0,0,0,0,0,0
2422593395744,5.0197552,1791215009215382766,,0,0,0,0,0,0,0,0,0,0,0,0,0,0,0,0,0,0,0
2422613376480,5.0397359,1791215009235383382,,0,0,0,0,0,0,0,0,0,0,0,0,0,0,0,0,0,0,0
2422633381504,5.059741,1791215009255383063,,0,0,0,0,0,0,0,0,0,0,0,0,0,0,0,0,0,0,0
2422653550272,5.0799097,1791215009275382953,,0,0,0,0,0,0,0,0,0,0,0,0,0,0,0,0,0,0,0
2422673356192,5.0997156,1791215009295382682,,0,0,0,0,0,0,0,0,0,0,0,0,0,0,0,0,0,0,0
2422693380800,5.1197403,1791215009315388627,,0,0,0,0,0,0,0,0,0,0,0,0,0,0,0,0,0,0,0
2422713375936,5.1397354,1791215009335386370,,0,0,0,0,0,0,0,0,0,0,0,0,0,0,0,0,0,0,0
2422733411680,5.1597711,1791215009355387910,,0,0,0,0,0,0,0,0,0,0,0,0,0,0,0,0,0,0,0
2422753371872,5.1797313,1791215009375388548,,0,0,0,0,0,0,0,0,0,0,0,0,0,0,0,0,0,0,0
2422773366752,5.1997262,1791215009395388842,,0,0,0,0,0,0,0,0,0,0,0,0,0,0,0,0,0,0,0
2422793398912,5.2197584,1791215009415383135,,0,0,0,0,0,0,0,0,0,0,0,0,0,0,0,0,0,0,0
2422813394208,5.2397537,1791215009435382858,,0,0,0,0,0,0,0,0,0,0,0,0,0,0,0,0,0,0,0
2422833364992,5.2597244,1791215009455383271,,0,0,0,0,0,0,0,0,0,0,0,0,0,0,0,0,0,0,0
2422853334816,5.2796943,1791215009475383711,,0,0,0,0,0,0,0,0,0,0,0,0,0,0,0,0,0,0,0
2422873396256,5.2997557,1791215009495383851,,0,0,0,0,0,0,0,0,0,0,0,0,0,0,0,0,0,0,0
2422893397088,5.3197565,1791215009515383076,,0,0,0,0,0,0,0,0,0,0,0,0,0,0,0,0,0,0,0
2422913397792,5.3397572,1791215009535382833,,0,0,0,0,0,0,0,0,0,0,0,0,0,0,0,0,0,0,0
2422933373984,5.3597334,1791215009555382823,,0,0,0,0,0,0,0,0,0,0,0,0,0,0,0,0,0,0,0
2422953373088,5.3797325,1791215009575382860,,0,0,0,0,0,0,0,0,0,0,0,0,0,0,0,0,0,0,0
2422973381024,5.3997405,1791215009595382996,,0,0,0,0,0,0,0,0,0,0,0,0,0,0,0,0,0,0,0
2422993369120,5.4197286,1791215009615382804,,0,0,0,0,0,0,0,0,0,0,0,0,0,0,0,0,0,0,0
2423013353472,5.4397129,1791215009635383576,,0,0,0,0,0,0,0,0,0,0,0,0,0,0,0,0,0,0,0
2423033372480,5.4597319,1791215009655383190,,0,0,0,0,0,0,0,0,0,0,0,0,0,0,0,0,0,0,0
2423053249952,5.4796094,1791215009675383454,,0,0,0,0,0,0,0,0,0,0,0,0,0,0,0,0,0,0,0
2423073345472,5.4997049,1791215009695383271,,0,0,0,0,0,0,0,0,0,0,0,0,0,0,0,0,0,0,0
2423093389888,5.5197493,1791215009715382845,,0,0,0,0,0,0,0,0,0,0,0,0,0,0,0,0,0,0,0
2423113361504,5.539721,1791215009735382828,,0,0,0,0,0,0,0,0,0,0,0,0,0,0,0,0,0,0,0
2423133347584,5.559707,1791215009755382812,,0,0,0,0,0,0,0,0,0,0,0,0,0,0,0,0,0,0,0
2423153379904,5.5797394,1791215009775383509,,0,0,0,0,0,0,0,0,0,0,0,0,0,0,0,0,0,0,0
2423173373888,5.5997333,1791215009795382805,,0,0,0,0,0,0,0,0,0,0,0,0,0,0,0,0,0,0,0
2423193375488,5.6197349,1791215009815382494,,0,0,0,0,0,0,0,0,0,0,0,0,0,0,0,0,0,0,0
2423213379360,5.6397388,1791215009835383118,,0,0,0,0,0,0,0,0,0,0,0,0,0,0,0,0,0,0,0
2423233354528,5.659714,1791215009855383081,,0,0,0,0,0,0,0,0,0,0,0,0,0,0,0,0,0,0,0
2423253234016,5.6795935,1791215009875383264,,0,0,0,0,0,0,0,0,0,0,0,0,0,0,0,0,0,0,0
2423273343072,5.6997025,1791215009895382962,,0,0,0,0,0,0,0,0,0,0,0,0,0,0,0,0,0,0,0
2423293351072,5.7197105,1791215009915382965,,0,0,0,0,0,0,0,0,0,0,0,0,0,0,0,0,0,0,0
2423313375872,5.7397353,1791215009935382962,,0,0,0,0,0,0,0,0,0,0,0,0,0,0,0,0,0,0,0
2423333355264,5.7597147,1791215009955382800,,0,0,0,0,0,0,0,0,0,0,0,0,0,0,0,0,0,0,0
2423353340640,5.7797001,1791215009975383117,,0,0,0,0,0,0,0,0,0,0,0,0,0,0,0,0,0,0,0
2423373377888,5.7997373,1791215009995383288,,0,0,0,0,0,0,0,0,0,0,0,0,0,0,0,0,0,0,0
2423393375360,5.8197348,1791215010015382806,,0,0,0,0,0,0,0,0,0,0,0,0,0,0,0,0,0,0,0
2423413351072,5.8397105,1791215010035383430,,0,0,0,0,0,0,0,0,0,0,0,0,0,0,0,0,0,0,0
2423433365472,5.8597249,1791215010055383016,,0,0,0,0,0,0,0,0,0,0,0,0,0,0,0,0,0,0,0
2423453288224,5.8796477,1791215010075383029,,0,0,0,0,0,0,0,0,0,0,0,0,0,0,0,0,0,0,0
2423473342048,5.8997015,1791215010095382959,,0,0,0,0,0,0,0,0,0,0,0,0,0,0,0,0,0,0,0
2423493367520,5.919727,1791215010115383785,,0,0,0,0,0,0,0,0,0,0,0,0,0,0,0,0,0,0,0
2423513327648,5.9396871,1791215010135382843,,0,0,0,0,0,0,0,0,0,0,0,0,0,0,0,0,0,0,0
2423533317344,5.9596768,1791215010155382770,,0,0,0,0,0,0,0,0,0,0,0,0,0,0,0,0,0,0,0
2423553357440,5.9797169,1791215010175382760,,0,0,0,0,0,0,0,0,0,0,0,0,0,0,0,0,0,0,0
2423573325216,5.9996847,1791215010195383091,,0,0,0,0,0,0,0,0,0,0,0,0,0,0,0,0,0,0,0
2423593324448,6.0196839,1791215010215382956,,0,0,0,0,0,0,0,0,0,0,0,0,0,0,0,0,0,0,0
2423613342304,6.0397018,1791215010235383078,,0,0,0,0,0,0,0,0,0,0,0,0,0,0,0,0,0,0,0
2423633333952,6.0596934,1791215010255382868,,0,0,0,0,0,0,0,0,0,0,0,0,0,0,0,0,0,0,0
2423653221120,6.0795806,1791215010275382751,,0,0,0,0,0,0,0,0,0,0,0,0,0,0,0,0,0,0,0
2423673341056,6.0997005,1791215010295383133,,0,0,0,0,0,0,0,0,0,0,0,0,0,0,0,0,0,0,0
2423693359424,6.1197189,1791215010315382964,,0,0,0,0,0,0,0,0,0,0,0,0,0,0,0,0,0,0,0
2423713375680,6.1397351,1791215010335382952,,0,0,0,0,0,0,0,0,0,0,0,0,0,0,0,0,0,0,0
2423733323392,6.1596828,1791215010355382726,,0,0,0,0,0,0,0,0,0,0,0,0,0,0,0,0,0,0,0
2423753322080,6.1796815,1791215010375383362,,0,0,0,0,0,0,0,0,0,0,0,0,0,0,0,0,0,0,0
2423773353696,6.1997132,1791215010395383347,,0,0,0,0,0,0,0,0,0,0,0,0,0,0,0,0,0,0,0
2423793347296,6.2197068,1791215010415383395,,0,0,0,0,0,0,0,0,0,0,0,0,0,0,0,0,0,0,0
2423813330592,6.23969,1791215010435383754,,0,0,0,0,0,0,0,0,0,0,0,0,0,0,0,0,0,0,0
2423833340672,6.2597001,1791215010455382801,,0,0,0,0,0,0,0,0,0,0,0,0,0,0,0,0,0,0,0
2423853213120,6.2795726,1791215010475382967,,0,0,0,0,0,0,0,0,0,0,0,0,0,0,0,0,0,0,0
2423873320864,6.2996803,1791215010495382972,,0,0,0,0,0,0,0,0,0,0,0,0,0,0,0,0,0,0,0
2423893363680,6.3197231,1791215010515383644,,0,0,0,0,0,0,0,0,0,0,0,0,0,0,0,0,0,0,0
2423913320928,6.3396804,1791215010535382984,,0,0,0,0,0,0,0,0,0,0,0,0,0,0,0,0,0,0,0
2423933329248,6.3596887,1791215010555382754,,0,0,0,0,0,0,0,0,0,0,0,0,0,0,0,0,0,0,0
2423953331488,6.3796909,1791215010575382733,,0,0,0,0,0,0,0,0,0,0,0,0,0,0,0,0,0,0,0
2423973333344,6.3996928,1791215010595383021,,0,0,0,0,0,0,0,0,0,0,0,0,0,0,0,0,0,0,0
2423993324224,6.4196837,1791215010615382384,,0,0,0,0,0,0,0,0,0,0,0,0,0,0,0,0,0,0,0
2424013334976,6.4396944,1791215010635382596,,0,0,0,0,0,0,0,0,0,0,0,0,0,0,0,0,0,0,0
2424033305216,6.4596647,1791215010655382890,,0,0,0,0,0,0,0,0,0,0,0,0,0,0,0,0,0,0,0
2424053193088,6.4795525,1791215010675383118,,0,0,0,0,0,0,0,0,0,0,0,0,0,0,0,0,0,0,0
2424073336576,6.499696,1791215010695382950,,0,0,0,0,0,0,0,0,0,0,0,0,0,0,0,0,0,0,0
2424093331840,6.5196913,1791215010715383268,,0,0,0,0,0,0,0,0,0,0,0,0,0,0,0,0,0,0,0
2424113288416,6.5396479,1791215010735382742,,0,0,0,0,0,0,0,0,0,0,0,0,0,0,0,0,0,0,0
2424133330112,6.5596896,1791215010755383690,,0,0,0,0,0,0,0,0,0,0,0,0,0,0,0,0,0,0,0
2424153294784,6.5796542,1791215010775383113,,0,0,0,0,0,0,0,0,0,0,0,0,0,0,0,0,0,0,0
2424173301120,6.5996606,1791215010795382673,,0,0,0,0,0,0,0,0,0,0,0,0,0,0,0,0,0,0,0
2424193145344,6.6195048,1791215010815385014,,0,0,0,0,0,0,0,0,0,0,0,0,0,0,0,0,0,0,0
2424213292448,6.6396519,1791215010835382618,,0,0,0,0,0,0,0,0,0,0,0,0,0,0,0,0,0,0,0
2424233331296,6.6596908,1791215010855382685,,0,0,0,0,0,0,0,0,0,0,0,0,0,0,0,0,0,0,0
2424253211136,6.6795706,1791215010875383000,,0,0,0,0,0,0,0,0,0,0,0,0,0,0,0,0,0,0,0
2424273300960,6.6996604,1791215010895382974,,0,0,0,0,0,0,0,0,0,0,0,0,0,0,0,0,0,0,0
2424293363008,6.7197225,1791215010915388012,,0,0,0,0,0,0,0,0,0,0,0,0,0,0,0,0,0,0,0
2424313308064,6.7396675,1791215010935383230,,0,0,0,0,0,0,0,0,0,0,0,0,0,0,0,0,0,0,0
2424333305216,6.7596647,1791215010955383264,,0,0,0,0,0,0,0,0,0,0,0,0,0,0,0,0,0,0,0
2424353305216,6.7796647,1791215010975383215,,0,0,0,0,0,0,0,0,0,0,0,0,0,0,0,0,0,0,0
2424373304384,6.7996638,1791215010995382948,,0,0,0,0,0,0,0,0,0,0,0,0,0,0,0,0,0,0,0
2424393319808,6.8196793,1791215011015383262,,0,0,0,0,0,0,0,0,0,0,0,0,0,0,0,0,0,0,0
2424413137568,6.839497,1791215011035384144,,0,0,0,0,0,0,0,0,0,0,0,0,0,0,0,0,0,0,0
2424433311456,6.8596709,1791215011055383315,,0,0,0,0,0,0,0,0,0,0,0,0,0,0,0,0,0,0,0
2424453201376,6.8795608,1791215011075383234,,0,0,0,0,0,0,0,0,0,0,0,0,0,0,0,0,0,0,0
2424473291648,6.8996511,1791215011095396533,,0,0,0,0,0,0,0,0,0,0,0,0,0,0,0,0,0,0,0
2424493262400,6.9196219,1791215011115383363,,0,0,0,0,0,0,0,0,0,0,0,0,0,0,0,0,0,0,0
2424513268096,6.9396276,1791215011135383312,,0,0,0,0,0,0,0,0,0,0,0,0,0,0,0,0,0,0,0
2424533302368,6.9596618,1791215011155383175,,0,0,0,0,0,0,0,0,0,0,0,0,0,0,0,0,0,0,0
2424553285408,6.9796449,1791215011175383090,,0,0,0,0,0,0,0,0,0,0,0,0,0,0,0,0,0,0,0
2424573253632,6.9996131,1791215011195382697,,0,0,0,0,0,0,0,0,0,0,0,0,0,0,0,0,0,0,0
2424593307616,7.0196671,1791215011215383168,,0,0,0,0,0,0,0,0,0,0,0,0,0,0,0,0,0,0,0
2424613192480,7.0395519,1791215011235382981,,0,0,0,0,0,0,0,0,0,0,0,0,0,0,0,0,0,0,0
2424633321248,7.0596807,1791215011255382982,,0,0,0,0,0,0,0,0,0,0,0,0,0,0,0,0,0,0,0
2424653195584,7.079555,1791215011275382990,,0,0,0,0,0,0,0,0,0,0,0,0,0,0,0,0,0,0,0
2424673301920,7.0996614,1791215011295383113,,0,0,0,0,0,0,0,0,0,0,0,0,0,0,0,0,0,0,0
2424693342496,7.119702,1791215011315383054,,0,0,0,0,0,0,0,0,0,0,0,0,0,0,0,0,0,0,0
2424713288160,7.1396476,1791215011335383239,,0,0,0,0,0,0,0,0,0,0,0,0,0,0,0,0,0,0,0
2424733294656,7.1596541,1791215011355382758,,0,0,0,0,0,0,0,0,0,0,0,0,0,0,0,0,0,0,0
2424753309280,7.1796687,1791215011375383099,,0,0,0,0,0,0,0,0,0,0,0,0,0,0,0,0,0,0,0
2424773301088,7.1996605,1791215011395383050,,0,0,0,0,0,0,0,0,0,0,0,0,0,0,0,0,0,0,0
2424793291136,7.2196506,1791215011415383120,,0,0,0,0,0,0,0,0,0,0,0,0,0,0,0,0,0,0,0
2424813291712,7.2396512,1791215011435382824,,0,0,0,0,0,0,0,0,0,0,0,0,0,0,0,0,0,0,0
2424833291104,7.2596506,1791215011455382728,,0,0,0,0,0,0,0,0,0,0,0,0,0,0,0,0,0,0,0
2424853147712,7.2795072,1791215011475383756,,0,0,0,0,0,0,0,0,0,0,0,0,0,0,0,0,0,0,0
2424873292416,7.2996519,1791215011495383047,,0,0,0,0,0,0,0,0,0,0,0,0,0,0,0,0,0,0,0
2424893284704,7.3196442,1791215011515382633,,0,0,0,0,0,0,0,0,0,0,0,0,0,0,0,0,0,0,0
2424913269088,7.3396285,1791215011535383051,,0,0,0,0,0,0,0,0,0,0,0,0,0,0,0,0,0,0,0
2424933291520,7.359651,1791215011555383609,,0,0,0,0,0,0,0,0,0,0,0,0,0,0,0,0,0,0,0
2424953276544,7.379636,1791215011575383081,,0,0,0,0,0,0,0,0,0,0,0,0,0,0,0,0,0,0,0
2424973246240,7.3996057,1791215011595382947,,0,0,0,0,0,0,0,0,0,0,0,0,0,0,0,0,0,0,0
2424993299904,7.4196594,1791215011615382842,,0,0,0,0,0,0,0,0,0,0,0,0,0,0,0,0,0,0,0
2425013267424,7.4396269,1791215011635383055,,0,0,0,0,0,0,0,0,0,0,0,0,0,0,0,0,0,0,0
2425033280928,7.4596404,1791215011655383142,,0,0,0,0,0,0,0,0,0,0,0,0,0,0,0,0,0,0,0
2425053175328,7.4795348,1791215011675382763,,0,0,0,0,0,0,0,0,0,0,0,0,0,0,0,0,0,0,0
2425073265984,7.4996254,1791215011695382721,,0,0,0,0,0,0,0,0,0,0,0,0,0,0,0,0,0,0,0
2425093112576,7.519472,1791215011715382946,,0,0,0,0,0,0,0,0,0,0,0,0,0,0,0,0,0,0,0
2425113270656,7.5396301,1791215011735382889,,0,0,0,0,0,0,0,0,0,0,0,0,0,0,0,0,0,0,0
2425133298560,7.559658,1791215011755383378,,0,0,0,0,0,0,0,0,0,0,0,0,0,0,0,0,0,0,0
2425153240768,7.5796002,1791215011775382703,,0,0,0,0,0,0,0,0,0,0,0,0,0,0,0,0,0,0,0
2425173267712,7.5996272,1791215011795382804,,0,0,0,0,0,0,0,0,0,0,0,0,0,0,0,0,0,0,0
2425193284608,7.6196441,1791215011815382847,,0,0,0,0,0,0,0,0,0,0,0,0,0,0,0,0,0,0,0
2425213279328,7.6396388,1791215011835383423,,0,0,0,0,0,0,0,0,0,0,0,0,0,0,0,0,0,0,0
2425233260000,7.6596195,1791215011855383173,,0,0,0,0,0,0,0,0,0,0,0,0,0,0,0,0,0,0,0
2425253137760,7.6794972,1791215011875382845,,0,0,0,0,0,0,0,0,0,0,0,0,0,0,0,0,0,0,0
2425273289952,7.6996494,1791215011895382833,,0,0,0,0,0,0,0,0,0,0,0,0,0,0,0,0,0,0,0
2425293113920,7.7194734,1791215011915383103,,0,0,0,0,0,0,0,0,0,0,0,0,0,0,0,0,0,0,0
2425313248128,7.7396076,1791215011935382876,,0,0,0,0,0,0,0,0,0,0,0,0,0,0,0,0,0,0,0
2425333088000,7.7594475,1791215011955383315,,0,0,0,0,0,0,0,0,0,0,0,0,0,0,0,0,0,0,0
2425353252576,7.779612,1791215011975382642,,0,0,0,0,0,0,0,0,0,0,0,0,0,0,0,0,0,0,0
2425373241984,7.7996014,1791215011995385032,,0,0,0,0,0,0,0,0,0,0,0,0,0,0,0,0,0,0,0
2425393268992,7.8196284,1791215012015383098,,0,0,0,0,0,0,0,0,0,0,0,0,0,0,0,0,0,0,0
2425413248064,7.8396075,1791215012035383572,,0,0,0,0,0,0,0,0,0,0,0,0,0,0,0,0,0,0,0
2425433234464,7.8595939,1791215012055382954,,0,0,0,0,0,0,0,0,0,0,0,0,0,0,0,0,0,0,0
2425453132544,7.879492,1791215012075383034,,0,0,0,0,0,0,0,0,0,0,0,0,0,0,0,0,0,0,0
2425473238336,7.8995978,1791215012095383431,,0,0,0,0,0,0,0,0,0,0,0,0,0,0,0,0,0,0,0
2425493225440,7.9195849,1791215012115383184,,0,0,0,0,0,0,0,0,0,0,0,0,0,0,0,0,0,0,0
2425513244640,7.9396041,1791215012135383272,,0,0,0,0,0,0,0,0,0,0,0,0,0,0,0,0,0,0,0
2425533233984,7.9595934,1791215012155382918,,0,0,0,0,0,0,0,0,0,0,0,0,0,0,0,0,0,0,0
2425553227552,7.979587,1791215012175383308,,0,0,0,0,0,0,0,0,0,0,0,0,0,0,0,0,0,0,0
2425573256352,7.9996158,1791215012195383637,,0,0,0,0,0,0,0,0,0,0,0,0,0,0,0,0,0,0,0
2425593096736,8.0194562,1791215012215383152,,0,0,0,0,0,0,0,0,0,0,0,0,0,0,0,0,0,0,0
2425613218944,8.0395784,1791215012235383196,,0,0,0,0,0,0,0,0,0,0,0,0,0,0,0,0,0,0,0
2425633248896,8.0596084,1791215012255383391,,0,0,0,0,0,0,0,0,0,0,0,0,0,0,0,0,0,0,0
2425653224800,8.0795843,1791215012275382305,,0,0,0,0,0,0,0,0,0,0,0,0,0,0,0,0,0,0,0
2425673216864,8.0995763,1791215012295383131,,0,0,0,0,0,0,0,0,0,0,0,0,0,0,0,0,0,0,0
2425693066880,8.1194263,1791215012315383052,,0,0,0,0,0,0,0,0,0,0,0,0,0,0,0,0,0,0,0
2425713223392,8.1395828,1791215012335383028,,0,0,0,0,0,0,0,0,0,0,0,0,0,0,0,0,0,0,0
2425733247840,8.1596073,1791215012355383245,,0,0,0,0,0,0,0,0,0,0,0,0,0,0,0,0,0,0,0
2425753227584,8.179587,1791215012375384090,,0,0,0,0,0,0,0,0,0,0,0,0,0,0,0,0,0,0,0
2425773227328,8.1995868,1791215012395383029,,0,0,0,0,0,0,0,0,0,0,0,0,0,0,0,0,0,0,0
2425793502656,8.2198621,1791215012415383414,,0,0,0,0,0,0,0,0,0,0,0,0,0,0,0,0,0,0,0
2425813094976,8.2394544,1791215012435383139,,0,0,0,0,0,0,0,0,0,0,0,0,0,0,0,0,0,0,0
2425833249696,8.2596092,1791215012455383044,,0,0,0,0,0,0,0,0,0,0,0,0,0,0,0,0,0,0,0
2425853060576,8.27942,1791215012475383090,,0,0,0,0,0,0,0,0,0,0,0,0,0,0,0,0,0,0,0
2425873232704,8.2995922,1791215012495383020,,0,0,0,0,0,0,0,0,0,0,0,0,0,0,0,0,0,0,0
2425893236992,8.3195964,1791215012515382752,,0,0,0,0,0,0,0,0,0,0,0,0,0,0,0,0,0,0,0
2425913073280,8.3394327,1791215012535383909,,0,0,0,0,0,0,0,0,0,0,0,0,0,0,0,0,0,0,0
2425933063360,8.3594228,1791215012555383212,,0,0,0,0,0,0,0,0,0,0,0,0,0,0,0,0,0,0,0
2425953220928,8.3795804,1791215012575382781,,0,0,0,0,0,0,0,0,0,0,0,0,0,0,0,0,0,0,0
2425973232480,8.3995919,1791215012595383625,,0,0,0,0,0,0,0,0,0,0,0,0,0,0,0,0,0,0,0
2425993221952,8.4195814,1791215012615383311,,0,0,0,0,0,0,0,0,0,0,0,0,0,0,0,0,0,0,0
2426013079904,8.4394394,1791215012635382771,,0,0,0,0,0,0,0,0,0,0,0,0,0,0,0,0,0,0,0
2426033231040,8.4595905,1791215012655382834,,0,0,0,0,0,0,0,0,0,0,0,0,0,0,0,0,0,0,0
2426053104128,8.4794636,1791215012675382917,,0,0,0,0,0,0,0,0,0,0,0,0,0,0,0,0,0,0,0
2426073203392,8.4995628,1791215012695382910,,0,0,0,0,0,0,0,0,0,0,0,0,0,0,0,0,0,0,0
2426093224096,8.5195836,1791215012715382848,,0,0,0,0,0,0,0,0,0,0,0,0,0,0,0,0,0,0,0
2426113204608,8.5395641,1791215012735383013,,0,0,0,0,0,0,0,0,0,0,0,0,0,0,0,0,0,0,0
2426133222688,8.5595821,1791215012755382890,,0,0,0,0,0,0,0,0,0,0,0,0,0,0,0,0,0,0,0
2426153074720,8.5794342,1791215012775382646,,0,0,0,0,0,0,0,0,0,0,0,0,0,0,0,0,0,0,0
2426173204800,8.5995643,1791215012795382823,,0,0,0,0,0,0,0,0,0,0,0,0,0,0,0,0,0,0,0
2426193242080,8.6196015,1791215012815382787,,0,0,0,0,0,0,0,0,0,0,0,0,0,0,0,0,0,0,0
2426213103360,8.6394628,1791215012835382640,,0,0,0,0,0,0,0,0,0,0,0,0,0,0,0,0,0,0,0
2426233197152,8.6595566,1791215012855383099,,0,0,0,0,0,0,0,0,0,0,0,0,0,0,0,0,0,0,0
2426253050176,8.6794096,1791215012875383465,,0,0,0,0,0,0,0,0,0,0,0,0,0,0,0,0,0,0,0
2426273040576,8.6994,1791215012895382792,,0,0,0,0,0,0,0,0,0,0,0,0,0,0,0,0,0,0,0
2426293193600,8.7195531,1791215012915383302,,0,0,0,0,0,0,0,0,0,0,0,0,0,0,0,0,0,0,0
2426313042560,8.739402,1791215012935382853,,0,0,0,0,0,0,0,0,0,0,0,0,0,0,0,0,0,0,0
2426333020736,8.7593802,1791215012955382688,,0,0,0,0,0,0,0,0,0,0,0,0,0,0,0,0,0,0,0
2426353046016,8.7794055,1791215012975383058,,0,0,0,0,0,0,0,0,0,0,0,0,0,0,0,0,0,0,0
2426373036448,8.7993959,1791215012995382928,,0,0,0,0,0,0,0,0,0,0,0,0,0,0,0,0,0,0,0
2426393040448,8.8193999,1791215013015383001,,0,0,0,0,0,0,0,0,0,0,0,0,0,0,0,0,0,0,0
2426413150656,8.8395101,1791215013035382871,,0,0,0,0,0,0,0,0,0,0,0,0,0,0,0,0,0,0,0
2426433051904,8.8594114,1791215013055383144,,0,0,0,0,0,0,0,0,0,0,0,0,0,0,0,0,0,0,0
2426453054688,8.8794141,1791215013075382604,,0,0,0,0,0,0,0,0,0,0,0,0,0,0,0,0,0,0,0
2426473051008,8.8994105,1791215013095389705,,0,0,0,0,0,0,0,0,0,0,0,0,0,0,0,0,0,0,0
2426493054144,8.9194136,1791215013115383279,,0,0,0,0,0,0,0,0,0,0,0,0,0,0,0,0,0,0,0
2426513048992,8.9394084,1791215013135383395,,0,0,0,0,0,0,0,0,0,0,0,0,0,0,0,0,0,0,0
2426533033568,8.959393,1791215013155383257,,0,0,0,0,0,0,0,0,0,0,0,0,0,0,0,0,0,0,0
2426553063136,8.9794226,1791215013175383045,,0,0,0,0,0,0,0,0,0,0,0,0,0,0,0,0,0,0,0
2426573052224,8.9994117,1791215013195382872,,0,0,0,0,0,0,0,0,0,0,0,0,0,0,0,0,0,0,0
2426593034464,9.0193939,1791215013215382959,,0,0,0,0,0,0,0,0,0,0,0,0,0,0,0,0,0,0,0
2426613069152,9.0394286,1791215013235382823,,0,0,0,0,0,0,0,0,0,0,0,0,0,0,0,0,0,0,0
2426633059072,9.0594185,1791215013255383060,,0,0,0,0,0,0,0,0,0,0,0,0,0,0,0,0,0,0,0
2426653045760,9.0794052,1791215013275382881,,0,0,0,0,0,0,0,0,0,0,0,0,0,0,0,0,0,0,0
2426673064512,9.099424,1791215013295382659,,0,0,0,0,0,0,0,0,0,0,0,0,0,0,0,0,0,0,0
2426693042784,9.1194022,1791215013315383224,,0,0,0,0,0,0,0,0,0,0,0,0,0,0,0,0,0,0,0
2426713066016,9.1394255,1791215013335382764,,0,0,0,0,0,0,0,0,0,0,0,0,0,0,0,0,0,0,0
2426733014976,9.1593744,1791215013355382814,,0,0,0,0,0,0,0,0,0,0,0,0,0,0,0,0,0,0,0
2426753129312,9.1794888,1791215013375382842,,0,0,0,0,0,0,0,0,0,0,0,0,0,0,0,0,0,0,0
2426773073632,9.1994331,1791215013395383073,,0,0,0,0,0,0,0,0,0,0,0,0,0,0,0,0,0,0,0
2426793047584,9.219407,1791215013415383809,,0,0,0,0,0,0,0,0,0,0,0,0,0,0,0,0,0,0,0
2426813080096,9.2394396,1791215013435383049,,0,0,0,0,0,0,0,0,0,0,0,0,0,0,0,0,0,0,0
2426833108800,9.2594683,1791215013455382730,,0,0,0,0,0,0,0,0,0,0,0,0,0,0,0,0,0,0,0
2426853048736,9.2794082,1791215013475383161,,0,0,0,0,0,0,0,0,0,0,0,0,0,0,0,0,0,0,0
2426873039520,9.299399,1791215013495382994,,0,0,0,0,0,0,0,0,0,0,0,0,0,0,0,0,0,0,0
2426893011872,9.3193713,1791215013515383472,,0,0,0,0,0,0,0,0,0,0,0,0,0,0,0,0,0,0,0
2426913077632,9.3394371,1791215013535382528,,0,0,0,0,0,0,0,0,0,0,0,0,0,0,0,0,0,0,0
2426933026432,9.3593859,1791215013555383373,,0,0,0,0,0,0,0,0,0,0,0,0,0,0,0,0,0,0,0
2426953046624,9.3794061,1791215013575383504,,0,0,0,0,0,0,0,0,0,0,0,0,0,0,0,0,0,0,0
2426973027552,9.399387,1791215013595382766,,0,0,0,0,0,0,0,0,0,0,0,0,0,0,0,0,0,0,0
2426993062400,9.4194219,1791215013615382326,,0,0,0,0,0,0,0,0,0,0,0,0,0,0,0,0,0,0,0
2427013090976,9.4394504,1791215013635382812,,0,0,0,0,0,0,0,0,0,0,0,0,0,0,0,0,0,0,0
2427033068480,9.4594279,1791215013655382249,,0,0,0,0,0,0,0,0,0,0,0,0,0,0,0,0,0,0,0
2427053066368,9.4794258,1791215013675382868,,0,0,0,0,0,0,0,0,0,0,0,0,0,0,0,0,0,0,0
2427073043680,9.4994031,1791215013695383056,,0,0,0,0,0,0,0,0,0,0,0,0,0,0,0,0,0,0,0
2427093064096,9.5194236,1791215013715383268,,0,0,0,0,0,0,0,0,0,0,0,0,0,0,0,0,0,0,0
2427113090112,9.5394496,1791215013735382716,,0,0,0,0,0,0,0,0,0,0,0,0,0,0,0,0,0,0,0
2427133073728,9.5594332,1791215013755382626,,0,0,0,0,0,0,0,0,0,0,0,0,0,0,0,0,0,0,0
2427153062400,9.5794219,1791215013775382788,,0,0,0,0,0,0,0,0,0,0,0,0,0,0,0,0,0,0,0
2427173051424,9.5994109,1791215013795382601,,0,0,0,0,0,0,0,0,0,0,0,0,0,0,0,0,0,0,0
2427193067712,9.6194272,1791215013815382759,,0,0,0,0,0,0,0,0,0,0,0,0,0,0,0,0,0,0,0
2427213059072,9.6394185,1791215013835382671,,0,0,0,0,0,0,0,0,0,0,0,0,0,0,0,0,0,0,0
2427233083520,9.659443,1791215013855382740,,0,0,0,0,0,0,0,0,0,0,0,0,0,0,0,0,0,0,0
2427253128480,9.6794879,1791215013875383463,,0,0,0,0,0,0,0,0,0,0,0,0,0,0,0,0,0,0,0
2427273199040,9.6995585,1791215013895383121,,0,0,0,0,0,0,0,0,0,0,0,0,0,0,0,0,0,0,0
2427293035232,9.7193947,1791215013915383057,,0,0,0,0,0,0,0,0,0,0,0,0,0,0,0,0,0,0,0
2427313061632,9.7394211,1791215013935382945,,0,0,0,0,0,0,0,0,0,0,0,0,0,0,0,0,0,0,0
2427333047616,9.7594071,1791215013955383483,,0,0,0,0,0,0,0,0,0,0,0,0,0,0,0,0,0,0,0
2427353118048,9.7794775,1791215013975382565,,0,0,0,0,0,0,0,0,0,0,0,0,0,0,0,0,0,0,0
2427373055424,9.7994149,1791215013995383335,,0,0,0,0,0,0,0,0,0,0,0,0,0,0,0,0,0,0,0
2427393040992,9.8194004,1791215014015382965,,0,0,0,0,0,0,0,0,0,0,0,0,0,0,0,0,0,0,0
2427413090144,9.8394496,1791215014035382305,,0,0,0,0,0,0,0,0,0,0,0,0,0,0,0,0,0,0,0
2427433050688,9.8594101,1791215014055383750,,0,0,0,0,0,0,0,0,0,0,0,0,0,0,0,0,0,0,0
2427453066144,9.8794256,1791215014075383185,,0,0,0,0,0,0,0,0,0,0,0,0,0,0,0,0,0,0,0
2427473062368,9.8994218,1791215014095382366,,0,0,0,0,0,0,0,0,0,0,0,0,0,0,0,0,0,0,0
2427493048704,9.9194082,1791215014115382744,,0,0,0,0,0,0,0,0,0,0,0,0,0,0,0,0,0,0,0
2427513035552,9.939395,1791215014135382392,,0,0,0,0,0,0,0,0,0,0,0,0,0,0,0,0,0,0,0
2427533049664,9.9594091,1791215014155382323,,0,0,0,0,0,0,0,0,0,0,0,0,0,0,0,0,0,0,0
2427553056704,9.9794162,1791215014175382599,,0,0,0,0,0,0,0,0,0,0,0,0,0,0,0,0,0,0,0
2427573025408,9.9993849,1791215014195382927,,0,0,0,0,0,0,0,0,0,0,0,0,0,0,0,0,0,0,0
2427593011808,10.019371,1791215014215383047,,0,0,0,0,0,0,0,0,0,0,0,0,0,0,0,0,0,0,0
2427613032960,10.039392,1791215014235382976,,0,0,0,0,0,0,0,0,0,0,0,0,0,0,0,0,0,0,0
2427633016576,10.059376,1791215014255382914,,0,0,0,0,0,0,0,0,0,0,0,0,0,0,0,0,0,0,0
2427653036128,10.079396,1791215014275382736,,0,0,0,0,0,0,0,0,0,0,0,0,0,0,0,0,0,0,0
2427673026016,10.099385,1791215014295382710,,0,0,0,0,0,0,0,0,0,0,0,0,0,0,0,0,0,0,0
2427693012256,10.119372,1791215014315382670,,0,0,0,0,0,0,0,0,0,0,0,0,0,0,0,0,0,0,0
2427713035552,10.139395,1791215014335383102,,0,0,0,0,0,0,0,0,0,0,0,0,0,0,0,0,0,0,0
2427733022080,10.159382,1791215014355383259,,0,0,0,0,0,0,0,0,0,0,0,0,0,0,0,0,0,0,0
2427753042432,10.179402,1791215014375382989,,0,0,0,0,0,0,0,0,0,0,0,0,0,0,0,0,0,0,0
2427773047008,10.199406,1791215014395383116,,0,0,0,0,0,0,0,0,0,0,0,0,0,0,0,0,0,0,0
2427793054528,10.219414,1791215014415382667,,0,0,0,0,0,0,0,0,0,0,0,0,0,0,0,0,0,0,0
2427813041664,10.239401,1791215014435382960,,0,0,0,0,0,0,0,0,0,0,0,0,0,0,0,0,0,0,0
2427833023520,10.259383,1791215014455383213,,0,0,0,0,0,0,0,0,0,0,0,0,0,0,0,0,0,0,0
2427853043392,10.279403,1791215014475382949,,0,0,0,0,0,0,0,0,0,0,0,0,0,0,0,0,0,0,0
2427873026720,10.299386,1791215014495383037,,0,0,0,0,0,0,0,0,0,0,0,0,0,0,0,0,0,0,0
2427893014816,10.319374,1791215014515382513,,0,0,0,0,0,0,0,0,0,0,0,0,0,0,0,0,0,0,0
2427913049056,10.339409,1791215014535382783,,0,0,0,0,0,0,0,0,0,0,0,0,0,0,0,0,0,0,0
2427933030720,10.35939,1791215014555383592,,0,0,0,0,0,0,0,0,0,0,0,0,0,0,0,0,0,0,0
2427953017024,10.379376,1791215014575383110,,0,0,0,0,0,0,0,0,0,0,0,0,0,0,0,0,0,0,0
2427973001632,10.399361,1791215014595382791,,0,0,0,0,0,0,0,0,0,0,0,0,0,0,0,0,0,0,0
2427993025728,10.419385,1791215014615383035,,0,0,0,0,0,0,0,0,0,0,0,0,0,0,0,0,0,0,0
2428013047040,10.439406,1791215014635382351,,0,0,0,0,0,0,0,0,0,0,0,0,0,0,0,0,0,0,0
2428033068896,10.459428,1791215014655382912,,0,0,0,0,0,0,0,0,0,0,0,0,0,0,0,0,0,0,0
2428053066656,10.479426,1791215014675382666,,0,0,0,0,0,0,0,0,0,0,0,0,0,0,0,0,0,0,0
2428073043328,10.499403,1791215014695382559,,0,0,0,0,0,0,0,0,0,0,0,0,0,0,0,0,0,0,0
2428093032832,10.519392,1791215014715382738,,0,0,0,0,0,0,0,0,0,0,0,0,0,0,0,0,0,0,0
2428113078528,10.539438,1791215014735383902,,0,0,0,0,0,0,0,0,0,0,0,0,0,0,0,0,0,0,0
2428133137760,10.559497,1791215014755382847,,0,0,0,0,0,0,0,0,0,0,0,0,0,0,0,0,0,0,0
2428153134272,10.579494,1791215014775382556,,0,0,0,0,0,0,0,0,0,0,0,0,0,0,0,0,0,0,0
2428173111776,10.599471,1791215014795383070,,0,0,0,0,0,0,0,0,0,0,0,0,0,0,0,0,0,0,0
2428193033600,10.619393,1791215014815390526,,0,0,0,0,0,0,0,0,0,0,0,0,0,0,0,0,0,0,0
2428213084928,10.639444,1791215014835383207,,0,0,0,0,0,0,0,0,0,0,0,0,0,0,0,0,0,0,0
2428233064032,10.659423,1791215014855383014,,0,0,0,0,0,0,0,0,0,0,0,0,0,0,0,0,0,0,0
2428253011584,10.679371,1791215014875382821,,0,0,0,0,0,0,0,0,0,0,0,0,0,0,0,0,0,0,0
2428273014304,10.699374,1791215014895383225,,0,0,0,0,0,0,0,0,0,0,0,0,0,0,0,0,0,0,0
2428293087456,10.719447,1791215014915383403,,0,0,0,0,0,0,0,0,0,0,0,0,0,0,0,0,0,0,0
2428313092640,10.739452,1791215014935383013,,0,0,0,0,0,0,0,0,0,0,0,0,0,0,0,0,0,0,0
2428333092064,10.759452,1791215014955382797,,0,0,0,0,0,0,0,0,0,0,0,0,0,0,0,0,0,0,0
2428353086528,10.779446,1791215014975382682,,0,0,0,0,0,0,0,0,0,0,0,0,0,0,0,0,0,0,0
2428373053280,10.799413,1791215014995382995,,0,0,0,0,0,0,0,0,0,0,0,0,0,0,0,0,0,0,0
2428393068032,10.819427,1791215015015383436,,0,0,0,0,0,0,0,0,0,0,0,0,0,0,0,0,0,0,0
2428413077728,10.839437,1791215015035382698,,0,0,0,0,0,0,0,0,0,0,0,0,0,0,0,0,0,0,0
2428433076224,10.859436,1791215015055383267,,0,0,0,0,0,0,0,0,0,0,0,0,0,0,0,0,0,0,0
2428453136256,10.879496,1791215015075383622,,0,0,0,0,0,0,0,0,0,0,0,0,0,0,0,0,0,0,0
2428473104256,10.899464,1791215015095382471,,0,0,0,0,0,0,0,0,0,0,0,0,0,0,0,0,0,0,0
2428493091232,10.919451,1791215015115382984,,0,0,0,0,0,0,0,0,0,0,0,0,0,0,0,0,0,0,0
2428513074144,10.939434,1791215015135382842,,0,0,0,0,0,0,0,0,0,0,0,0,0,0,0,0,0,0,0
2428533076672,10.959436,1791215015155383182,,0,0,0,0,0,0,0,0,0,0,0,0,0,0,0,0,0,0,0
2428553118592,10.979478,1791215015175382611,,0,0,0,0,0,0,0,0,0,0,0,0,0,0,0,0,0,0,0
2428573058784,10.999418,1791215015195382801,,0,0,0,0,0,0,0,0,0,0,0,0,0,0,0,0,0,0,0
2428593085920,11.019445,1791215015215397192,,0,0,0,0,0,0,0,0,0,0,0,0,0,0,0,0,0,0,0
2428613123488,11.039483,1791215015235382832,,0,0,0,0,0,0,0,0,0,0,0,0,0,0,0,0,0,0,0
2428633077824,11.059437,1791215015255382880,,0,0,0,0,0,0,0,0,0,0,0,0,0,0,0,0,0,0,0
2428653106912,11.079466,1791215015275389869,,0,0,0,0,0,0,0,0,0,0,0,0,0,0,0,0,0,0,0
2428673076256,11.099436,1791215015295383400,,0,0,0,0,0,0,0,0,0,0,0,0,0,0,0,0,0,0,0
2428693090432,11.11945,1791215015315383319,,0,0,0,0,0,0,0,0,0,0,0,0,0,0,0,0,0,0,0
2428713087616,11.139447,1791215015335382813,,0,0,0,0,0,0,0,0,0,0,0,0,0,0,0,0,0,0,0
2428733106496,11.159466,1791215015355383180,,0,0,0,0,0,0,0,0,0,0,0,0,0,0,0,0,0,0,0
2428753102944,11.179462,1791215015375383117,,0,0,0,0,0,0,0,0,0,0,0,0,0,0,0,0,0,0,0
2428773065888,11.199425,1791215015395383217,,0,0,0,0,0,0,0,0,0,0,0,0,0,0,0,0,0,0,0
2428793078624,11.219438,1791215015415382742,,0,0,0,0,0,0,0,0,0,0,0,0,0,0,0,0,0,0,0
2428813128288,11.239488,1791215015435382813,,0,0,0,0,0,0,0,0,0,0,0,0,0,0,0,0,0,0,0
2428833109376,11.259469,1791215015455383115,,0,0,0,0,0,0,0,0,0,0,0,0,0,0,0,0,0,0,0
2428853029312,11.279389,1791215015475382821,,0,0,0,0,0,0,0,0,0,0,0,0,0,0,0,0,0,0,0
2428873088128,11.299448,1791215015495383379,,0,0,0,0,0,0,0,0,0,0,0,0,0,0,0,0,0,0,0
2428893061888,11.319421,1791215015515383137,,0,0,0,0,0,0,0,0,0,0,0,0,0,0,0,0,0,0,0
2428913134112,11.339494,1791215015535397013,,0,0,0,0,0,0,0,0,0,0,0,0,0,0,0,0,0,0,0
2428933070528,11.35943,1791215015555383535,,0,0,0,0,0,0,0,0,0,0,0,0,0,0,0,0,0,0,0
2428953066976,11.379426,1791215015575382706,,0,0,0,0,0,0,0,0,0,0,0,0,0,0,0,0,0,0,0
2428973047296,11.399407,1791215015595382590,,0,0,0,0,0,0,0,0,0,0,0,0,0,0,0,0,0,0,0
2428993055328,11.419415,1791215015615383110,,0,0,0,0,0,0,0,0,0,0,0,0,0,0,0,0,0,0,0
2429013107104,11.439467,1791215015635383309,,0,0,0,0,0,0,0,0,0,0,0,0,0,0,0,0,0,0,0
2429033056480,11.459416,1791215015655382939,,0,0,0,0,0,0,0,0,0,0,0,0,0,0,0,0,0,0,0
2429052966048,11.479326,1791215015675383327,,0,0,0,0,0,0,0,0,0,0,0,0,0,0,0,0,0,0,0
2429073080608,11.49944,1791215015695383059,,0,0,0,0,0,0,0,0,0,0,0,0,0,0,0,0,0,0,0
2429093060960,11.51942,1791215015715383081,,0,0,0,0,0,0,0,0,0,0,0,0,0,0,0,0,0,0,0
2429113085984,11.539445,1791215015735382810,,0,0,0,0,0,0,0,0,0,0,0,0,0,0,0,0,0,0,0
2429133035808,11.559395,1791215015755382490,,0,0,0,0,0,0,0,0,0,0,0,0,0,0,0,0,0,0,0
2429153056704,11.579416,1791215015775383064,,0,0,0,0,0,0,0,0,0,0,0,0,0,0,0,0,0,0,0
2429173075552,11.599435,1791215015795383423,,0,0,0,0,0,0,0,0,0,0,0,0,0,0,0,0,0,0,0
2429193060384,11.61942,1791215015815382716,,0,0,0,0,0,0,0,0,0,0,0,0,0,0,0,0,0,0,0
2429213084864,11.639444,1791215015835383439,,0,0,0,0,0,0,0,0,0,0,0,0,0,0,0,0,0,0,0
2429233027456,11.659387,1791215015855383508,,0,0,0,0,0,0,0,0,0,0,0,0,0,0,0,0,0,0,0
2429252956512,11.679316,1791215015875383200,,0,0,0,0,0,0,0,0,0,0,0,0,0,0,0,0,0,0,0
2429273070176,11.69943,1791215015895383419,,0,0,0,0,0,0,0,0,0,0,0,0,0,0,0,0,0,0,0
2429293028000,11.719387,1791215015915382868,,0,0,0,0,0,0,0,0,0,0,0,0,0,0,0,0,0,0,0
2429313079584,11.739439,1791215015935383045,,0,0,0,0,0,0,0,0,0,0,0,0,0,0,0,0,0,0,0
2429333027584,11.759387,1791215015955382581,,0,0,0,0,0,0,0,0,0,0,0,0,0,0,0,0,0,0,0
2429353065952,11.779425,1791215015975382566,,0,0,0,0,0,0,0,0,0,0,0,0,0,0,0,0,0,0,0
2429373027584,11.799387,1791215015995396286,,0,0,0,0,0,0,0,0,0,0,0,0,0,0,0,0,0,0,0
2429393078208,11.819438,1791215016015382694,,0,0,0,0,0,0,0,0,0,0,0,0,0,0,0,0,0,0,0
2429413055264,11.839415,1791215016035383088,,0,0,0,0,0,0,0,0,0,0,0,0,0,0,0,0,0,0,0
2429433072768,11.859432,1791215016055383349,,0,0,0,0,0,0,0,0,0,0,0,0,0,0,0,0,0,0,0
2429452945632,11.879305,1791215016075383452,,0,0,0,0,0,0,0,0,0,0,0,0,0,0,0,0,0,0,0
2429473056160,11.899416,1791215016095383122,,0,0,0,0,0,0,0,0,0,0,0,0,0,0,0,0,0,0,0
2429493047584,11.919407,1791215016115382933,,0,0,0,0,0,0,0,0,0,0,0,0,0,0,0,0,0,0,0
2429513076128,11.939436,1791215016135383270,,0,0,0,0,0,0,0,0,0,0,0,0,0,0,0,0,0,0,0
2429533058912,11.959418,1791215016155383342,,0,0,0,0,0,0,0,0,0,0,0,0,0,0,0,0,0,0,0
2429553047904,11.979407,1791215016175383191,,0,0,0,0,0,0,0,0,0,0,0,0,0,0,0,0,0,0,0
2429573061024,11.99942,1791215016195382981,,0,0,0,0,0,0,0,0,0,0,0,0,0,0,0,0,0,0,0
2429593105120,12.019465,1791215016215382957,,0,0,0,0,0,0,0,0,0,0,0,0,0,0,0,0,0,0,0
2429613088832,12.039448,1791215016235383167,,0,0,0,0,0,0,0,0,0,0,0,0,0,0,0,0,0,0,0
2429633068704,12.059428,1791215016255383061,,0,0,0,0,0,0,0,0,0,0,0,0,0,0,0,0,0,0,0
2429653015200,12.079375,1791215016275383430,,0,0,0,0,0,0,0,0,0,0,0,0,0,0,0,0,0,0,0
2429673075424,12.099435,1791215016295382742,,0,0,0,0,0,0,0,0,0,0,0,0,0,0,0,0,0,0,0
2429693056864,12.119416,1791215016315383016,,0,0,0,0,0,0,0,0,0,0,0,0,0,0,0,0,0,0,0
2429713086816,12.139446,1791215016335382442,,0,0,0,0,0,0,0,0,0,0,0,0,0,0,0,0,0,0,0
2429733053024,12.159412,1791215016355382696,,0,0,0,0,0,0,0,0,0,0,0,0,0,0,0,0,0,0,0
2429753076192,12.179436,1791215016375382942,,0,0,0,0,0,0,0,0,0,0,0,0,0,0,0,0,0,0,0
2429773041248,12.199401,1791215016395383369,,0,0,0,0,0,0,0,0,0,0,0,0,0,0,0,0,0,0,0
2429793054144,12.219414,1791215016415383043,,0,0,0,0,0,0,0,0,0,0,0,0,0,0,0,0,0,0,0
2429813043584,12.239403,1791215016435383039,,0,0,0,0,0,0,0,0,0,0,0,0,0,0,0,0,0,0,0
2429833232896,12.259592,1791215016455382544,,0,0,0,0,0,0,0,0,0,0,0,0,0,0,0,0,0,0,0
2429853003648,12.279363,1791215016475383468,,0,0,0,0,0,0,0,0,0,0,0,0,0,0,0,0,0,0,0
2429873053472,12.299413,1791215016495383265,,0,0,0,0,0,0,0,0,0,0,0,0,0,0,0,0,0,0,0
2429893049280,12.319409,1791215016515383108,,0,0,0,0,0,0,0,0,0,0,0,0,0,0,0,0,0,0,0
2429913058304,12.339418,1791215016535382731,,0,0,0,0,0,0,0,0,0,0,0,0,0,0,0,0,0,0,0
2429933041792,12.359401,1791215016555383498,,0,0,0,0,0,0,0,0,0,0,0,0,0,0,0,0,0,0,0
2429953069792,12.379429,1791215016575382563,,0,0,0,0,0,0,0,0,0,0,0,0,0,0,0,0,0,0,0
2429973077536,12.399437,1791215016595382962,,0,0,0,0,0,0,0,0,0,0,0,0,0,0,0,0,0,0,0
2429993039712,12.419399,1791215016615383153,,0,0,0,0,0,0,0,0,0,0,0,0,0,0,0,0,0,0,0
2430013088320,12.439448,1791215016635383245,,0,0,0,0,0,0,0,0,0,0,0,0,0,0,0,0,0,0,0
2430033061440,12.459421,1791215016655383304,,0,0,0,0,0,0,0,0,0,0,0,0,0,0,0,0,0,0,0
2430052978336,12.479338,1791215016675383006,,0,0,0,0,0,0,0,0,0,0,0,0,0,0,0,0,0,0,0
2430073069248,12.499429,1791215016695383855,,0,0,0,0,0,0,0,0,0,0,0,0,0,0,0,0,0,0,0
2430093262080,12.519622,1791215016715383513,,0,0,0,0,0,0,0,0,0,0,0,0,0,0,0,0,0,0,0
2430113096800,12.539456,1791215016735383347,,0,0,0,0,0,0,0,0,0,0,0,0,0,0,0,0,0,0,0
2430133064800,12.559424,1791215016755383220,,0,0,0,0,0,0,0,0,0,0,0,0,0,0,0,0,0,0,0
2430153037664,12.579397,1791215016775383180,,0,0,0,0,0,0,0,0,0,0,0,0,0,0,0,0,0,0,0
2430173083072,12.599443,1791215016795382928,,0,0,0,0,0,0,0,0,0,0,0,0,0,0,0,0,0,0,0
2430193068192,12.619428,1791215016815383031,,0,0,0,0,0,0,0,0,0,0,0,0,0,0,0,0,0,0,0
2430213056960,12.639416,1791215016835383258,,0,0,0,0,0,0,0,0,0,0,0,0,0,0,0,0,0,0,0
2430233066976,12.659426,1791215016855382685,,0,0,0,0,0,0,0,0,0,0,0,0,0,0,0,0,0,0,0
2430253010368,12.67937,1791215016875383043,,0,0,0,0,0,0,0,0,0,0,0,0,0,0,0,0,0,0,0
2430273055680,12.699415,1791215016895382689,,0,0,0,0,0,0,0,0,0,0,0,0,0,0,0,0,0,0,0
2430293052064,12.719412,1791215016915383100,,0,0,0,0,0,0,0,0,0,0,0,0,0,0,0,0,0,0,0
2430313107168,12.739467,1791215016935382774,,0,0,0,0,0,0,0,0,0,0,0,0,0,0,0,0,0,0,0
2430333060736,12.75942,1791215016955383117,,0,0,0,0,0,0,0,0,0,0,0,0,0,0,0,0,0,0,0
2430353055968,12.779415,1791215016975382801,,0,0,0,0,0,0,0,0,0,0,0,0,0,0,0,0,0,0,0
2430373033216,12.799393,1791215016995382709,,0,0,0,0,0,0,0,0,0,0,0,0,0,0,0,0,0,0,0
2430393043904,12.819403,1791215017015383141,,0,0,0,0,0,0,0,0,0,0,0,0,0,0,0,0,0,0,0
2430413056512,12.839416,1791215017035382952,,0,0,0,0,0,0,0,0,0,0,0,0,0,0,0,0,0,0,0
2430433049696,12.859409,1791215017055383287,,0,0,0,0,0,0,0,0,0,0,0,0,0,0,0,0,0,0,0
2430453006752,12.879366,1791215017075383126,,0,0,0,0,0,0,0,0,0,0,0,0,0,0,0,0,0,0,0
2430473041536,12.899401,1791215017095382945,,0,0,0,0,0,0,0,0,0,0,0,0,0,0,0,0,0,0,0
2430493050080,12.91941,1791215017115383368,,0,0,0,0,0,0,0,0,0,0,0,0,0,0,0,0,0,0,0
2430513059168,12.939419,1791215017135382956,,0,0,0,0,0,0,0,0,0,0,0,0,0,0,0,0,0,0,0
2430533057152,12.959417,1791215017155383143,,0,0,0,0,0,0,0,0,0,0,0,0,0,0,0,0,0,0,0
2430553023168,12.979383,1791215017175383505,,0,0,0,0,0,0,0,0,0,0,0,0,0,0,0,0,0,0,0
2430573053888,12.999413,1791215017195383484,,0,0,0,0,0,0,0,0,0,0,0,0,0,0,0,0,0,0,0
2430593008416,13.019368,1791215017215383141,,0,0,0,0,0,0,0,0,0,0,0,0,0,0,0,0,0,0,0
2430613004384,13.039364,1791215017235382666,,0,0,0,0,0,0,0,0,0,0,0,0,0,0,0,0,0,0,0
2430633037632,13.059397,1791215017255382937,,0,0,0,0,0,0,0,0,0,0,0,0,0,0,0,0,0,0,0
2430652934912,13.079294,1791215017275383097,,0,0,0,0,0,0,0,0,0,0,0,0,0,0,0,0,0,0,0
2430673032768,13.099392,1791215017295383137,,0,0,0,0,0,0,0,0,0,0,0,0,0,0,0,0,0,0,0
2430693012448,13.119372,1791215017315383377,,0,0,0,0,0,0,0,0,0,0,0,0,0,0,0,0,0,0,0
2430713013312,13.139373,1791215017335383054,,0,0,0,0,0,0,0,0,0,0,0,0,0,0,0,0,0,0,0
2430733034592,13.159394,1791215017355383211,,0,0,0,0,0,0,0,0,0,0,0,0,0,0,0,0,0,0,0
2430753034336,13.179394,1791215017375382735,,0,0,0,0,0,0,0,0,0,0,0,0,0,0,0,0,0,0,0
2430773028032,13.199387,1791215017395382489,,0,0,0,0,0,0,0,0,0,0,0,0,0,0,0,0,0,0,0
2430793053952,13.219413,1791215017415382473,,0,0,0,0,0,0,0,0,0,0,0,0,0,0,0,0,0,0,0
2430813067872,13.239427,1791215017435383095,,0,0,0,0,0,0,0,0,0,0,0,0,0,0,0,0,0,0,0
2430833035072,13.259395,1791215017455383673,,0,0,0,0,0,0,0,0,0,0,0,0,0,0,0,0,0,0,0
2430852978208,13.279338,1791215017475383341,,0,0,0,0,0,0,0,0,0,0,0,0,0,0,0,0,0,0,0
2430873048096,13.299408,1791215017495383574,,0,0,0,0,0,0,0,0,0,0,0,0,0,0,0,0,0,0,0
2430893002272,13.319362,1791215017515382960,,0,0,0,0,0,0,0,0,0,0,0,0,0,0,0,0,0,0,0
2430912992064,13.339352,1791215017535383308,,0,0,0,0,0,0,0,0,0,0,0,0,0,0,0,0,0,0,0
2430933043584,13.359403,1791215017555383183,,0,0,0,0,0,0,0,0,0,0,0,0,0,0,0,0,0,0,0
2430953025088,13.379385,1791215017575383351,,0,0,0,0,0,0,0,0,0,0,0,0,0,0,0,0,0,0,0
2430973050400,13.39941,1791215017595383078,,0,0,0,0,0,0,0,0,0,0,0,0,0,0,0,0,0,0,0
2430993040448,13.4194,1791215017615383186,,0,0,0,0,0,0,0,0,0,0,0,0,0,0,0,0,0,0,0
2431013038304,13.439398,1791215017635383255,,0,0,0,0,0,0,0,0,0,0,0,0,0,0,0,0,0,0,0
2431033010688,13.45937,1791215017655382249,,0,0,0,0,0,0,0,0,0,0,0,0,0,0,0,0,0,0,0
2431052890368,13.47925,1791215017675383116,,0,0,0,0,0,0,0,0,0,0,0,0,0,0,0,0,0,0,0
2431072969984,13.499329,1791215017695382280,,0,0,0,0,0,0,0,0,0,0,0,0,0,0,0,0,0,0,0
2431093012384,13.519372,1791215017715382840,,0,0,0,0,0,0,0,0,0,0,0,0,0,0,0,0,0,0,0
2431112998592,13.539358,1791215017735383142,,0,0,0,0,0,0,0,0,0,0,0,0,0,0,0,0,0,0,0
2431132996800,13.559356,1791215017755382828,,0,0,0,0,0,0,0,0,0,0,0,0,0,0,0,0,0,0,0
2431153014720,13.579374,1791215017775383116,,0,0,0,0,0,0,0,0,0,0,0,0,0,0,0,0,0,0,0
2431173022784,13.599382,1791215017795383200,,0,0,0,0,0,0,0,0,0,0,0,0,0,0,0,0,0,0,0
2431192982208,13.619342,1791215017815382884,,0,0,0,0,0,0,0,0,0,0,0,0,0,0,0,0,0,0,0
2431213027872,13.639387,1791215017835383225,,0,0,0,0,0,0,0,0,0,0,0,0,0,0,0,0,0,0,0
2431232983104,13.659343,1791215017855382985,,0,0,0,0,0,0,0,0,0,0,0,0,0,0,0,0,0,0,0
2431252877760,13.679237,1791215017875383023,,0,0,0,0,0,0,0,0,0,0,0,0,0,0,0,0,0,0,0
2431272989792,13.699349,1791215017895382602,,0,0,0,0,0,0,0,0,0,0,0,0,0,0,0,0,0,0,0
2431293032608,13.719392,1791215017915382960,,0,0,0,0,0,0,0,0,0,0,0,0,0,0,0,0,0,0,0
2431312975744,13.739335,1791215017935383098,,0,0,0,0,0,0,0,0,0,0,0,0,0,0,0,0,0,0,0
2431333036768,13.759396,1791215017955382989,,0,0,0,0,0,0,0,0,0,0,0,0,0,0,0,0,0,0,0
2431352989824,13.779349,1791215017975383422,,0,0,0,0,0,0,0,0,0,0,0,0,0,0,0,0,0,0,0
2431373011616,13.799371,1791215017995382924,,0,0,0,0,0,0,0,0,0,0,0,0,0,0,0,0,0,0,0
2431393004096,13.819364,1791215018015383244,,0,0,0,0,0,0,0,0,0,0,0,0,0,0,0,0,0,0,0
2431412988128,13.839348,1791215018035382828,,0,0,0,0,0,0,0,0,0,0,0,0,0,0,0,0,0,0,0
2431432971616,13.859331,1791215018055384080,,0,0,0,0,0,0,0,0,0,0,0,0,0,0,0,0,0,0,0
2431452949504,13.879309,1791215018075382664,,0,0,0,0,0,0,0,0,0,0,0,0,0,0,0,0,0,0,0
2431472988224,13.899348,1791215018095383212,,0,0,0,0,0,0,0,0,0,0,0,0,0,0,0,0,0,0,0
2431492966720,13.919326,1791215018115382909,,0,0,0,0,0,0,0,0,0,0,0,0,0,0,0,0,0,0,0
2431513005568,13.939365,1791215018135382624,,0,0,0,0,0,0,0,0,0,0,0,0,0,0,0,0,0,0,0
2431532952832,13.959312,1791215018155383556,,0,0,0,0,0,0,0,0,0,0,0,0,0,0,0,0,0,0,0
2431552952320,13.979312,1791215018175382759,,0,0,0,0,0,0,0,0,0,0,0,0,0,0,0,0,0,0,0
2431573026720,13.999386,1791215018195383301,,0,0,0,0,0,0,0,0,0,0,0,0,0,0,0,0,0,0,0
2431592957152,14.019317,1791215018215382584,,0,0,0,0,0,0,0,0,0,0,0,0,0,0,0,0,0,0,0
2431613010016,14.039369,1791215018235382999,,0,0,0,0,0,0,0,0,0,0,0,0,0,0,0,0,0,0,0
2431632966112,14.059326,1791215018255382749,,0,0,0,0,0,0,0,0,0,0,0,0,0,0,0,0,0,0,0
2431652983680,14.079343,1791215018275383490,,0,0,0,0,0,0,0,0,0,0,0,0,0,0,0,0,0,0,0
2431673017088,14.099377,1791215018295383003,,0,0,0,0,0,0,0,0,0,0,0,0,0,0,0,0,0,0,0
2431692976672,14.119336,1791215018315382988,,0,0,0,0,0,0,0,0,0,0,0,0,0,0,0,0,0,0,0
2431712976672,14.139336,1791215018335383041,,0,0,0,0,0,0,0,0,0,0,0,0,0,0,0,0,0,0,0
2431732987392,14.159347,1791215018355382815,,0,0,0,0,0,0,0,0,0,0,0,0,0,0,0,0,0,0,0
2431752960160,14.17932,1791215018375382969,,0,0,0,0,0,0,0,0,0,0,0,0,0,0,0,0,0,0,0
2431772959104,14.199319,1791215018395382767,,0,0,0,0,0,0,0,0,0,0,0,0,0,0,0,0,0,0,0
2431793005728,14.219365,1791215018415382998,,0,0,0,0,0,0,0,0,0,0,0,0,0,0,0,0,0,0,0
2431812965120,14.239325,1791215018435382745,,0,0,0,0,0,0,0,0,0,0,0,0,0,0,0,0,0,0,0
2431832939808,14.259299,1791215018455382515,,0,0,0,0,0,0,0,0,0,0,0,0,0,0,0,0,0,0,0
2431852863872,14.279223,1791215018475383618,,0,0,0,0,0,0,0,0,0,0,0,0,0,0,0,0,0,0,0
2431872951744,14.299311,1791215018495382859,,0,0,0,0,0,0,0,0,0,0,0,0,0,0,0,0,0,0,0
2431892951392,14.319311,1791215018515382898,,0,0,0,0,0,0,0,0,0,0,0,0,0,0,0,0,0,0,0
2431912968640,14.339328,1791215018535389280,,0,0,0,0,0,0,0,0,0,0,0,0,0,0,0,0,0,0,0
2431932946048,14.359306,1791215018555383356,,0,0,0,0,0,0,0,0,0,0,0,0,0,0,0,0,0,0,0
2431952937824,14.379297,1791215018575382933,,0,0,0,0,0,0,0,0,0,0,0,0,0,0,0,0,0,0,0
2431972958688,14.399318,1791215018595382885,,0,0,0,0,0,0,0,0,0,0,0,0,0,0,0,0,0,0,0
2431992955072,14.419315,1791215018615383120,,0,0,0,0,0,0,0,0,0,0,0,0,0,0,0,0,0,0,0
2432012947424,14.439307,1791215018635382775,,0,0,0,0,0,0,0,0,0,0,0,0,0,0,0,0,0,0,0
2432032956992,14.459316,1791215018655383047,,0,0,0,0,0,0,0,0,0,0,0,0,0,0,0,0,0,0,0
2432052872768,14.479232,1791215018675383207,,0,0,0,0,0,0,0,0,0,0,0,0,0,0,0,0,0,0,0
2432072986528,14.499346,1791215018695383298,,0,0,0,0,0,0,0,0,0,0,0,0,0,0,0,0,0,0,0
2432092961664,14.519321,1791215018715383465,,0,0,0,0,0,0,0,0,0,0,0,0,0,0,0,0,0,0,0
2432112954272,14.539314,1791215018735382983,,0,0,0,0,0,0,0,0,0,0,0,0,0,0,0,0,0,0,0
2432132988832,14.559348,1791215018755383016,,0,0,0,0,0,0,0,0,0,0,0,0,0,0,0,0,0,0,0
2432152953632,14.579313,1791215018775382863,,0,0,0,0,0,0,0,0,0,0,0,0,0,0,0,0,0,0,0
2432172948128,14.599308,1791215018795382784,,0,0,0,0,0,0,0,0,0,0,0,0,0,0,0,0,0,0,0
2432192977376,14.619337,1791215018815391201,,0,0,0,0,0,0,0,0,0,0,0,0,0,0,0,0,0,0,0
2432212948736,14.639308,1791215018835383829,,0,0,0,0,0,0,0,0,0,0,0,0,0,0,0,0,0,0,0
2432232923232,14.659283,1791215018855383216,,0,0,0,0,0,0,0,0,0,0,0,0,0,0,0,0,0,0,0
2432252839872,14.679199,1791215018875383352,,0,0,0,0,0,0,0,0,0,0,0,0,0,0,0,0,0,0,0
2432272938496,14.699298,1791215018895383491,,0,0,0,0,0,0,0,0,0,0,0,0,0,0,0,0,0,0,0
2432292976352,14.719336,1791215018915386163,,0,0,0,0,0,0,0,0,0,0,0,0,0,0,0,0,0,0,0
2432313046880,14.739406,1791215018935383899,,0,0,0,0,0,0,0,0,0,0,0,0,0,0,0,0,0,0,0
2432332975456,14.759335,1791215018955382956,,0,0,0,0,0,0,0,0,0,0,0,0,0,0,0,0,0,0,0
2432352934432,14.779294,1791215018975383312,,0,0,0,0,0,0,0,0,0,0,0,0,0,0,0,0,0,0,0
2432372964224,14.799324,1791215018995397913,,0,0,0,0,0,0,0,0,0,0,0,0,0,0,0,0,0,0,0
2432392966400,14.819326,1791215019015384363,,0,0,0,0,0,0,0,0,0,0,0,0,0,0,0,0,0,0,0
2432412951712,14.839311,1791215019035383486,,0,0,0,0,0,0,0,0,0,0,0,0,0,0,0,0,0,0,0
2432432913312,14.859273,1791215019055383787,,0,0,0,0,0,0,0,0,0,0,0,0,0,0,0,0,0,0,0
2432452806176,14.879166,1791215019075382779,,0,0,0,0,0,0,0,0,0,0,0,0,0,0,0,0,0,0,0
2432472925472,14.899285,1791215019095382915,,0,0,0,0,0,0,0,0,0,0,0,0,0,0,0,0,0,0,0
2432492956064,14.919316,1791215019115384457,,0,0,0,0,0,0,0,0,0,0,0,0,0,0,0,0,0,0,0
2432512996928,14.939356,1791215019135382785,,0,0,0,0,0,0,0,0,0,0,0,0,0,0,0,0,0,0,0
2432532965472,14.959325,1791215019155383104,,0,0,0,0,0,0,0,0,0,0,0,0,0,0,0,0,0,0,0
2432552948032,14.979307,1791215019175383025,,0,0,0,0,0,0,0,0,0,0,0,0,0,0,0,0,0,0,0
2432572899328,14.999259,1791215019195383030,,0,0,0,0,0,0,0,0,0,0,0,0,0,0,0,0,0,0,0
2432592951968,15.019311,1791215019215385187,,0,0,0,0,0,0,0,0,0,0,0,0,0,0,0,0,0,0,0
2432612975264,15.039335,1791215019235382917,,0,0,0,0,0,0,0,0,0,0,0,0,0,0,0,0,0,0,0
2432632927840,15.059287,1791215019255382643,,0,0,0,0,0,0,0,0,0,0,0,0,0,0,0,0,0,0,0
2432652819392,15.079179,1791215019275382694,,0,0,0,0,0,0,0,0,0,0,0,0,0,0,0,0,0,0,0
2432672969952,15.099329,1791215019295382418,,0,0,0,0,0,0,0,0,0,0,0,0,0,0,0,0,0,0,0
2432692920416,15.11928,1791215019315382829,,0,0,0,0,0,0,0,0,0,0,0,0,0,0,0,0,0,0,0
2432712961440,15.139321,1791215019335382746,,0,0,0,0,0,0,0,0,0,0,0,0,0,0,0,0,0,0,0
2432732952192,15.159312,1791215019355382872,,0,0,0,0,0,0,0,0,0,0,0,0,0,0,0,0,0,0,0
2432752926080,15.179286,1791215019375382945,,0,0,0,0,0,0,0,0,0,0,0,0,0,0,0,0,0,0,0
2432772968288,15.199328,1791215019395383005,,0,0,0,0,0,0,0,0,0,0,0,0,0,0,0,0,0,0,0
2432792969920,15.219329,1791215019415383975,,0,0,0,0,0,0,0,0,0,0,0,0,0,0,0,0,0,0,0
2432812904576,15.239264,1791215019435382810,,0,0,0,0,0,0,0,0,0,0,0,0,0,0,0,0,0,0,0
2432832946080,15.259306,1791215019455382565,,0,0,0,0,0,0,0,0,0,0,0,0,0,0,0,0,0,0,0
2432852843200,15.279203,1791215019475383332,,0,0,0,0,0,0,0,0,0,0,0,0,0,0,0,0,0,0,0
2432872920448,15.29928,1791215019495383296,,0,0,0,0,0,0,0,0,0,0,0,0,0,0,0,0,0,0,0
2432892928800,15.319288,1791215019515383274,,0,0,0,0,0,0,0,0,0,0,0,0,0,0,0,0,0,0,0
2432912957920,15.339317,1791215019535382831,,0,0,0,0,0,0,0,0,0,0,0,0,0,0,0,0,0,0,0
2432932945536,15.359305,1791215019555383142,,0,0,0,0,0,0,0,0,0,0,0,0,0,0,0,0,0,0,0
2432952926016,15.379285,1791215019575383224,,0,0,0,0,0,0,0,0,0,0,0,0,0,0,0,0,0,0,0
2432972912800,15.399272,1791215019595382972,,0,0,0,0,0,0,0,0,0,0,0,0,0,0,0,0,0,0,0
2432992934720,15.419294,1791215019615389607,,0,0,0,0,0,0,0,0,0,0,0,0,0,0,0,0,0,0,0
2433012957504,15.439317,1791215019635383099,,0,0,0,0,0,0,0,0,0,0,0,0,0,0,0,0,0,0,0
2433032914144,15.459274,1791215019655383179,,0,0,0,0,0,0,0,0,0,0,0,0,0,0,0,0,0,0,0
2433052772832,15.479132,1791215019675383564,,0,0,0,0,0,0,0,0,0,0,0,0,0,0,0,0,0,0,0
2433072906816,15.499266,1791215019695383094,,0,0,0,0,0,0,0,0,0,0,0,0,0,0,0,0,0,0,0
2433092881792,15.519241,1791215019715383096,,0,0,0,0,0,0,0,0,0,0,0,0,0,0,0,0,0,0,0
2433112976928,15.539336,1791215019735382896,,0,0,0,0,0,0,0,0,0,0,0,0,0,0,0,0,0,0,0
2433132903392,15.559263,1791215019755383058,,0,0,0,0,0,0,0,0,0,0,0,0,0,0,0,0,0,0,0
2433152909792,15.579269,1791215019775383125,,0,0,0,0,0,0,0,0,0,0,0,0,0,0,0,0,0,0,0
2433172965504,15.599325,1791215019795382890,,0,0,0,0,0,0,0,0,0,0,0,0,0,0,0,0,0,0,0
2433192932928,15.619292,1791215019815383257,,0,0,0,0,0,0,0,0,0,0,0,0,0,0,0,0,0,0,0
2433212901184,15.639261,1791215019835383439,,0,0,0,0,0,0,0,0,0,0,0,0,0,0,0,0,0,0,0
2433232894976,15.659254,1791215019855383446,,0,0,0,0,0,0,0,0,0,0,0,0,0,0,0,0,0,0,0
2433252766880,15.679126,1791215019875383019,,0,0,0,0,0,0,0,0,0,0,0,0,0,0,0,0,0,0,0
2433272871232,15.699231,1791215019895383432,,0,0,0,0,0,0,0,0,0,0,0,0,0,0,0,0,0,0,0
2433292933024,15.719292,1791215019915382984,,0,0,0,0,0,0,0,0,0,0,0,0,0,0,0,0,0,0,0
2433312897696,15.739257,1791215019935382530,,0,0,0,0,0,0,0,0,0,0,0,0,0,0,0,0,0,0,0
2433332886688,15.759246,1791215019955383045,,0,0,0,0,0,0,0,0,0,0,0,0,0,0,0,0,0,0,0
2433352908064,15.779268,1791215019975382776,,0,0,0,0,0,0,0,0,0,0,0,0,0,0,0,0,0,0,0
2433372894688,15.799254,1791215019995396271,,0,0,0,0,0,0,0,0,0,0,0,0,0,0,0,0,0,0,0
2433392877792,15.819237,1791215020015382556,,0,0,0,0,0,0,0,0,0,0,0,0,0,0,0,0,0,0,0
2433412905376,15.839265,1791215020035382696,,0,0,0,0,0,0,0,0,0,0,0,0,0,0,0,0,0,0,0
2433432895904,15.859255,1791215020055383250,,0,0,0,0,0,0,0,0,0,0,0,0,0,0,0,0,0,0,0
2433452794240,15.879154,1791215020075382871,,0,0,0,0,0,0,0,0,0,0,0,0,0,0,0,0,0,0,0
2433472903424,15.899263,1791215020095382709,,0,0,0,0,0,0,0,0,0,0,0,0,0,0,0,0,0,0,0
2433492884928,15.919244,1791215020115382593,,0,0,0,0,0,0,0,0,0,0,0,0,0,0,0,0,0,0,0
2433513007936,15.939367,1791215020135383033,,0,0,0,0,0,0,0,0,0,0,0,0,0,0,0,0,0,0,0
2433532902912,15.959262,1791215020155382807,,0,0,0,0,0,0,0,0,0,0,0,0,0,0,0,0,0,0,0
2433552906592,15.979266,1791215020175383183,,0,0,0,0,0,0,0,0,0,0,0,0,0,0,0,0,0,0,0
2433572977792,15.999337,1791215020195382784,,0,0,0,0,0,0,0,0,0,0,0,0,0,0,0,0,0,0,0
2433592877952,16.019237,1791215020215382553,,0,0,0,0,0,0,0,0,0,0,0,0,0,0,0,0,0,0,0
2433612880000,16.039239,1791215020235383167,,0,0,0,0,0,0,0,0,0,0,0,0,0,0,0,0,0,0,0
2433632886880,16.059246,1791215020255382822,,0,0,0,0,0,0,0,0,0,0,0,0,0,0,0,0,0,0,0
2433652745696,16.079105,1791215020275382917,,0,0,0,0,0,0,0,0,0,0,0,0,0,0,0,0,0,0,0
2433672857152,16.099217,1791215020295382916,,0,0,0,0,0,0,0,0,0,0,0,0,0,0,0,0,0,0,0
2433692899040,16.119258,1791215020315383121,,0,0,0,0,0,0,0,0,0,0,0,0,0,0,0,0,0,0,0
2433712907552,16.139267,1791215020335382901,,0,0,0,0,0,0,0,0,0,0,0,0,0,0,0,0,0,0,0
2433732882176,16.159242,1791215020355382567,,0,0,0,0,0,0,0,0,0,0,0,0,0,0,0,0,0,0,0
2433752927008,16.179286,1791215020375382881,,0,0,0,0,0,0,0,0,0,0,0,0,0,0,0,0,0,0,0
2433772942688,16.199302,1791215020395382892,,0,0,0,0,0,0,0,0,0,0,0,0,0,0,0,0,0,0,0
2433792858912,16.219218,1791215020415382938,,0,0,0,0,0,0,0,0,0,0,0,0,0,0,0,0,0,0,0
2433812901248,16.239261,1791215020435382797,,0,0,0,0,0,0,0,0,0,0,0,0,0,0,0,0,0,0,0
2433832886720,16.259246,1791215020455383488,,0,0,0,0,0,0,0,0,0,0,0,0,0,0,0,0,0,0,0
2433852796704,16.279156,1791215020475382832,,0,0,0,0,0,0,0,0,0,0,0,0,0,0,0,0,0,0,0
2433872902688,16.299262,1791215020495383012,,0,0,0,0,0,0,0,0,0,0,0,0,0,0,0,0,0,0,0
2433892883744,16.319243,1791215020515396692,,0,0,0,0,0,0,0,0,0,0,0,0,0,0,0,0,0,0,0
2433912883296,16.339243,1791215020535382625,,0,0,0,0,0,0,0,0,0,0,0,0,0,0,0,0,0,0,0
2433932853440,16.359213,1791215020555383099,,0,0,0,0,0,0,0,0,0,0,0,0,0,0,0,0,0,0,0
2433952853920,16.379213,1791215020575383328,,0,0,0,0,0,0,0,0,0,0,0,0,0,0,0,0,0,0,0
2433972848512,16.399208,1791215020595382717,,0,0,0,0,0,0,0,0,0,0,0,0,0,0,0,0,0,0,0
2433992903264,16.419263,1791215020615382809,,0,0,0,0,0,0,0,0,0,0,0,0,0,0,0,0,0,0,0
2434012869504,16.439229,1791215020635382745,,0,0,0,0,0,0,0,0,0,0,0,0,0,0,0,0,0,0,0
2434032897184,16.459257,1791215020655382550,,0,0,0,0,0,0,0,0,0,0,0,0,0,0,0,0,0,0,0
2434052783584,16.479143,1791215020675382610,,0,0,0,0,0,0,0,0,0,0,0,0,0,0,0,0,0,0,0
2434072847648,16.499207,1791215020695383299,,0,0,0,0,0,0,0,0,0,0,0,0,0,0,0,0,0,0,0
2434092881344,16.519241,1791215020715383814,,0,0,0,0,0,0,0,0,0,0,0,0,0,0,0,0,0,0,0
2434112880064,16.53924,1791215020735382805,,0,0,0,0,0,0,0,0,0,0,0,0,0,0,0,0,0,0,0
2434132851488,16.559211,1791215020755383211,,0,0,0,0,0,0,0,0,0,0,0,0,0,0,0,0,0,0,0
2434153159488,16.579519,1791215020775383307,,0,0,0,0,0,0,0,0,0,0,0,0,0,0,0,0,0,0,0
2434172878976,16.599238,1791215020795383435,,0,0,0,0,0,0,0,0,0,0,0,0,0,0,0,0,0,0,0
2434192837504,16.619197,1791215020815382851,,0,0,0,0,0,0,0,0,0,0,0,0,0,0,0,0,0,0,0
2434212871744,16.639231,1791215020835382991,,0,0,0,0,0,0,0,0,0,0,0,0,0,0,0,0,0,0,0
2434232849920,16.659209,1791215020855382823,,0,0,0,0,0,0,0,0,0,0,0,0,0,0,0,0,0,0,0
2434252746496,16.679106,1791215020875382824,,0,0,0,0,0,0,0,0,0,0,0,0,0,0,0,0,0,0,0
2434272855488,16.699215,1791215020895383156,,0,0,0,0,0,0,0,0,0,0,0,0,0,0,0,0,0,0,0
2434292842560,16.719202,1791215020915382959,,0,0,0,0,0,0,0,0,0,0,0,0,0,0,0,0,0,0,0
2434312850016,16.739209,1791215020935383283,,0,0,0,0,0,0,0,0,0,0,0,0,0,0,0,0,0,0,0
2434332979584,16.759339,1791215020955382811,,0,0,0,0,0,0,0,0,0,0,0,0,0,0,0,0,0,0,0
2434352840160,16.7792,1791215020975384133,,0,0,0,0,0,0,0,0,0,0,0,0,0,0,0,0,0,0,0
2434372836480,16.799196,1791215020995382692,,0,0,0,0,0,0,0,0,0,0,0,0,0,0,0,0,0,0,0
2434392848128,16.819208,1791215021015383108,,0,0,0,0,0,0,0,0,0,0,0,0,0,0,0,0,0,0,0
2434412925088,16.839285,1791215021035383089,,0,0,0,0,0,0,0,0,0,0,0,0,0,0,0,0,0,0,0
2434432829216,16.859189,1791215021055383544,,0,0,0,0,0,0,0,0,0,0,0,0,0,0,0,0,0,0,0
2434452757088,16.879117,1791215021075383259,,0,0,0,0,0,0,0,0,0,0,0,0,0,0,0,0,0,0,0
2434472883104,16.899243,1791215021095382987,,0,0,0,0,0,0,0,0,0,0,0,0,0,0,0,0,0,0,0
2434492861536,16.919221,1791215021115383190,,0,0,0,0,0,0,0,0,0,0,0,0,0,0,0,0,0,0,0
2434512872064,16.939232,1791215021135396800,,0,0,0,0,0,0,0,0,0,0,0,0,0,0,0,0,0,0,0
2434532822560,16.959182,1791215021155382684,,0,0,0,0,0,0,0,0,0,0,0,0,0,0,0,0,0,0,0
2434552872736,16.979232,1791215021175383162,,0,0,0,0,0,0,0,0,0,0,0,0,0,0,0,0,0,0,0
2434572825216,16.999185,1791215021195383006,,0,0,0,0,0,0,0,0,0,0,0,0,0,0,0,0,0,0,0
2434592811424,17.019171,1791215021215382560,,0,0,0,0,0,0,0,0,0,0,0,0,0,0,0,0,0,0,0
2434612858304,17.039218,1791215021235383068,,0,0,0,0,0,0,0,0,0,0,0,0,0,0,0,0,0,0,0
2434632879936,17.059239,1791215021255382769,,0,0,0,0,0,0,0,0,0,0,0,0,0,0,0,0,0,0,0
2434652799744,17.079159,1791215021275382974,,0,0,0,0,0,0,0,0,0,0,0,0,0,0,0,0,0,0,0
2434672832736,17.099192,1791215021295383588,,0,0,0,0,0,0,0,0,0,0,0,0,0,0,0,0,0,0,0
2434692816032,17.119175,1791215021315382875,,0,0,0,0,0,0,0,0,0,0,0,0,0,0,0,0,0,0,0
2434712805792,17.139165,1791215021335383273,,0,0,0,0,0,0,0,0,0,0,0,0,0,0,0,0,0,0,0
2434732818368,17.159178,1791215021355383122,,0,0,0,0,0,0,0,0,0,0,0,0,0,0,0,0,0,0,0
2434752823136,17.179183,1791215021375382965,,0,0,0,0,0,0,0,0,0,0,0,0,0,0,0,0,0,0,0
2434772807296,17.199167,1791215021395383171,,0,0,0,0,0,0,0,0,0,0,0,0,0,0,0,0,0,0,0
2434792821216,17.219181,1791215021415383102,,0,0,0,0,0,0,0,0,0,0,0,0,0,0,0,0,0,0,0
2434812814016,17.239173,1791215021435382763,,0,0,0,0,0,0,0,0,0,0,0,0,0,0,0,0,0,0,0
2434832802560,17.259162,1791215021455382607,,0,0,0,0,0,0,0,0,0,0,0,0,0,0,0,0,0,0,0
2434852739008,17.279098,1791215021475383297,,0,0,0,0,0,0,0,0,0,0,0,0,0,0,0,0,0,0,0
2434872805152,17.299165,1791215021495382939,,0,0,0,0,0,0,0,0,0,0,0,0,0,0,0,0,0,0,0
2434892797408,17.319157,1791215021515382860,,0,0,0,0,0,0,0,0,0,0,0,0,0,0,0,0,0,0,0
2434912819552,17.339179,1791215021535383983,,0,0,0,0,0,0,0,0,0,0,0,0,0,0,0,0,0,0,0
2434932804544,17.359164,1791215021555383867,,0,0,0,0,0,0,0,0,0,0,0,0,0,0,0,0,0,0,0
2434952781120,17.379141,1791215021575382960,,0,0,0,0,0,0,0,0,0,0,0,0,0,0,0,0,0,0,0
2434972817088,17.399177,1791215021595382747,,0,0,0,0,0,0,0,0,0,0,0,0,0,0,0,0,0,0,0
2434992800736,17.41916,1791215021615382910,,0,0,0,0,0,0,0,0,0,0,0,0,0,0,0,0,0,0,0
2435012868128,17.439228,1791215021635383829,,0,0,0,0,0,0,0,0,0,0,0,0,0,0,0,0,0,0,0
2435032808672,17.459168,1791215021655382482,,0,0,0,0,0,0,0,0,0,0,0,0,0,0,0,0,0,0,0
2435052670816,17.47903,1791215021675382728,,0,0,0,0,0,0,0,0,0,0,0,0,0,0,0,0,0,0,0
2435072834176,17.499194,1791215021695383171,,0,0,0,0,0,0,0,0,0,0,0,0,0,0,0,0,0,0,0
2435092807168,17.519167,1791215021715382593,,0,0,0,0,0,0,0,0,0,0,0,0,0,0,0,0,0,0,0
2435112812064,17.539172,1791215021735383169,,0,0,0,0,0,0,0,0,0,0,0,0,0,0,0,0,0,0,0
2435132824512,17.559184,1791215021755382666,,0,0,0,0,0,0,0,0,0,0,0,0,0,0,0,0,0,0,0
2435152796352,17.579156,1791215021775401540,,0,0,0,0,0,0,0,0,0,0,0,0,0,0,0,0,0,0,0
2435172785824,17.599145,1791215021795383196,,0,0,0,0,0,0,0,0,0,0,0,0,0,0,0,0,0,0,0
2435192807616,17.619167,1791215021815393118,,0,0,0,0,0,0,0,0,0,0,0,0,0,0,0,0,0,0,0
2435212798464,17.639158,1791215021835382978,,0,0,0,0,0,0,0,0,0,0,0,0,0,0,0,0,0,0,0
2435232787616,17.659147,1791215021855383110,,0,0,0,0,0,0,0,0,0,0,0,0,0,0,0,0,0,0,0
2435252679616,17.679039,1791215021875383119,,0,0,0,0,0,0,0,0,0,0,0,0,0,0,0,0,0,0,0
2435272793984,17.699153,1791215021895383554,,0,0,0,0,0,0,0,0,0,0,0,0,0,0,0,0,0,0,0
2435292782624,17.719142,1791215021915382770,,0,0,0,0,0,0,0,0,0,0,0,0,0,0,0,0,0,0,0
2435312792320,17.739152,1791215021935382599,,0,0,0,0,0,0,0,0,0,0,0,0,0,0,0,0,0,0,0
2435332782688,17.759142,1791215021955382864,,0,0,0,0,0,0,0,0,0,0,0,0,0,0,0,0,0,0,0
2435352770080,17.77913,1791215021975382893,,0,0,0,0,0,0,0,0,0,0,0,0,0,0,0,0,0,0,0
2435372777248,17.799137,1791215021995382494,,0,0,0,0,0,0,0,0,0,0,0,0,0,0,0,0,0,0,0
2435392765600,17.819125,1791215022015382893,,0,0,0,0,0,0,0,0,0,0,0,0,0,0,0,0,0,0,0
2435412781728,17.839141,1791215022035382505,,0,0,0,0,0,0,0,0,0,0,0,0,0,0,0,0,0,0,0
2435432804672,17.859164,1791215022055383286,,0,0,0,0,0,0,0,0,0,0,0,0,0,0,0,0,0,0,0
2435452673696,17.879033,1791215022075382918,,0,0,0,0,0,0,0,0,0,0,0,0,0,0,0,0,0,0,0
2435472802432,17.899162,1791215022095383092,,0,0,0,0,0,0,0,0,0,0,0,0,0,0,0,0,0,0,0
2435492813792,17.919173,1791215022115382804,,0,0,0,0,0,0,0,0,0,0,0,0,0,0,0,0,0,0,0
2435512785568,17.939145,1791215022135383217,,0,0,0,0,0,0,0,0,0,0,0,0,0,0,0,0,0,0,0
2435532815648,17.959175,1791215022155382655,,0,0,0,0,0,0,0,0,0,0,0,0,0,0,0,0,0,0,0
2435552782016,17.979141,1791215022175397068,,0,0,0,0,0,0,0,0,0,0,0,0,0,0,0,0,0,0,0
2435572771776,17.999131,1791215022195383066,,0,0,0,0,0,0,0,0,0,0,0,0,0,0,0,0,0,0,0
2435592799904,18.019159,1791215022215382798,,0,0,0,0,0,0,0,0,0,0,0,0,0,0,0,0,0,0,0
2435612770368,18.03913,1791215022235383228,,0,0,0,0,0,0,0,0,0,0,0,0,0,0,0,0,0,0,0
2435632768128,18.059128,1791215022255383402,,0,0,0,0,0,0,0,0,0,0,0,0,0,0,0,0,0,0,0
2435652749120,18.079109,1791215022275382583,,0,0,0,0,0,0,0,0,0,0,0,0,0,0,0,0,0,0,0
2435672765280,18.099125,1791215022295383137,,0,0,0,0,0,0,0,0,0,0,0,0,0,0,0,0,0,0,0
2435692761664,18.119121,1791215022315382997,,0,0,0,0,0,0,0,0,0,0,0,0,0,0,0,0,0,0,0
2435712780896,18.13914,1791215022335382886,,0,0,0,0,0,0,0,0,0,0,0,0,0,0,0,0,0,0,0
2435732782976,18.159142,1791215022355382992,,0,0,0,0,0,0,0,0,0,0,0,0,0,0,0,0,0,0,0
2435752755680,18.179115,1791215022375383344,,0,0,0,0,0,0,0,0,0,0,0,0,0,0,0,0,0,0,0
2435772817440,18.199177,1791215022395382807,,0,0,0,0,0,0,0,0,0,0,0,0,0,0,0,0,0,0,0
2435792760320,18.21912,1791215022415383342,,0,0,0,0,0,0,0,0,0,0,0,0,0,0,0,0,0,0,0
2435812754496,18.239114,1791215022435383829,,0,0,0,0,0,0,0,0,0,0,0,0,0,0,0,0,0,0,0
2435832807168,18.259167,1791215022455382964,,0,0,0,0,0,0,0,0,0,0,0,0,0,0,0,0,0,0,0
2435852861504,18.279221,1791215022475383031,,0,0,0,0,0,0,0,0,0,0,0,0,0,0,0,0,0,0,0
2435872742880,18.299102,1791215022495382919,,0,0,0,0,0,0,0,0,0,0,0,0,0,0,0,0,0,0,0
2435892771360,18.319131,1791215022515382920,,0,0,0,0,0,0,0,0,0,0,0,0,0,0,0,0,0,0,0
2435912758080,18.339118,1791215022535382880,,0,0,0,0,0,0,0,0,0,0,0,0,0,0,0,0,0,0,0
2435932787776,18.359147,1791215022555383850,,0,0,0,0,0,0,0,0,0,0,0,0,0,0,0,0,0,0,0
2435952775328,18.379135,1791215022575382761,,0,0,0,0,0,0,0,0,0,0,0,0,0,0,0,0,0,0,0
2435972758080,18.399118,1791215022595396302,,0,0,0,0,0,0,0,0,0,0,0,0,0,0,0,0,0,0,0
2435992841088,18.419201,1791215022615382849,,0,0,0,0,0,0,0,0,0,0,0,0,0,0,0,0,0,0,0
2436012751264,18.439111,1791215022635383160,,0,0,0,0,0,0,0,0,0,0,0,0,0,0,0,0,0,0,0
2436032769824,18.459129,1791215022655382999,,0,0,0,0,0,0,0,0,0,0,0,0,0,0,0,0,0,0,0
2436052626400,18.478986,1791215022675383278,,0,0,0,0,0,0,0,0,0,0,0,0,0,0,0,0,0,0,0
2436072754720,18.499114,1791215022695382878,,0,0,0,0,0,0,0,0,0,0,0,0,0,0,0,0,0,0,0
2436092740704,18.5191,1791215022715383312,,0,0,0,0,0,0,0,0,0,0,0,0,0,0,0,0,0,0,0
2436112770432,18.53913,1791215022735382453,,0,0,0,0,0,0,0,0,0,0,0,0,0,0,0,0,0,0,0
2436132760736,18.55912,1791215022755383237,,0,0,0,0,0,0,0,0,0,0,0,0,0,0,0,0,0,0,0
2436152762208,18.579122,1791215022775382514,,0,0,0,0,0,0,0,0,0,0,0,0,0,0,0,0,0,0,0
2436172772448,18.599132,1791215022795383560,,0,0,0,0,0,0,0,0,0,0,0,0,0,0,0,0,0,0,0
2436192899456,18.619259,1791215022815383551,,0,0,0,0,0,0,0,0,0,0,0,0,0,0,0,0,0,0,0
2436212734720,18.639094,1791215022835382849,,0,0,0,0,0,0,0,0,0,0,0,0,0,0,0,0,0,0,0
2436232803680,18.659163,1791215022855389555,,0,0,0,0,0,0,0,0,0,0,0,0,0,0,0,0,0,0,0
2436252618624,18.678978,1791215022875382780,,0,0,0,0,0,0,0,0,0,0,0,0,0,0,0,0,0,0,0
2436272755744,18.699115,1791215022895383541,,0,0,0,0,0,0,0,0,0,0,0,0,0,0,0,0,0,0,0
2436292753184,18.719113,1791215022915383244,,0,0,0,0,0,0,0,0,0,0,0,0,0,0,0,0,0,0,0
2436312815328,18.739175,1791215022935383049,,0,0,0,0,0,0,0,0,0,0,0,0,0,0,0,0,0,0,0
2436332736480,18.759096,1791215022955383193,,0,0,0,0,0,0,0,0,0,0,0,0,0,0,0,0,0,0,0
2436352782464,18.779142,1791215022975383167,,0,0,0,0,0,0,0,0,0,0,0,0,0,0,0,0,0,0,0
2436372764640,18.799124,1791215022995382891,,0,0,0,0,0,0,0,0,0,0,0,0,0,0,0,0,0,0,0
2436392736128,18.819096,1791215023015383646,,0,0,0,0,0,0,0,0,0,0,0,0,0,0,0,0,0,0,0
2436412732544,18.839092,1791215023035382911,,0,0,0,0,0,0,0,0,0,0,0,0,0,0,0,0,0,0,0
2436432770656,18.85913,1791215023055383285,,0,0,0,0,0,0,0,0,0,0,0,0,0,0,0,0,0,0,0
2436452609856,18.878969,1791215023075383108,,0,0,0,0,0,0,0,0,0,0,0,0,0,0,0,0,0,0,0
2436472746976,18.899106,1791215023095383054,,0,0,0,0,0,0,0,0,0,0,0,0,0,0,0,0,0,0,0
2436492742720,18.919102,1791215023115397209,,0,0,0,0,0,0,0,0,0,0,0,0,0,0,0,0,0,0,0
2436512830816,18.93919,1791215023135382835,,0,0,0,0,0,0,0,0,0,0,0,0,0,0,0,0,0,0,0
2436532748256,18.959108,1791215023155382872,,0,0,0,0,0,0,0,0,0,0,0,0,0,0,0,0,0,0,0
2436552734464,18.979094,1791215023175383014,,0,0,0,0,0,0,0,0,0,0,0,0,0,0,0,0,0,0,0
2436572743680,18.999103,1791215023195383290,,0,0,0,0,0,0,0,0,0,0,0,0,0,0,0,0,0,0,0
2436592725088,19.019085,1791215023215382952,,0,0,0,0,0,0,0,0,0,0,0,0,0,0,0,0,0,0,0
2436612713600,19.039073,1791215023235382823,,0,0,0,0,0,0,0,0,0,0,0,0,0,0,0,0,0,0,0
2436632756160,19.059116,1791215023255382956,,0,0,0,0,0,0,0,0,0,0,0,0,0,0,0,0,0,0,0
2436652597632,19.078957,1791215023275383493,,0,0,0,0,0,0,0,0,0,0,0,0,0,0,0,0,0,0,0
2436672714624,19.099074,1791215023295382873,,0,0,0,0,0,0,0,0,0,0,0,0,0,0,0,0,0,0,0
2436692740896,19.1191,1791215023315383278,,0,0,0,0,0,0,0,0,0,0,0,0,0,0,0,0,0,0,0
2436712762112,19.139122,1791215023335383018,,0,0,0,0,0,0,0,0,0,0,0,0,0,0,0,0,0,0,0
2436732726720,19.159086,1791215023355383202,,0,0,0,0,0,0,0,0,0,0,0,0,0,0,0,0,0,0,0
2436752772032,19.179131,1791215023375383379,,0,0,0,0,0,0,0,0,0,0,0,0,0,0,0,0,0,0,0
2436772746240,19.199106,1791215023395383465,,0,0,0,0,0,0,0,0,0,0,0,0,0,0,0,0,0,0,0
2436792708320,19.219068,1791215023415382855,,0,0,0,0,0,0,0,0,0,0,0,0,0,0,0,0,0,0,0
2436812719008,19.239078,1791215023435382458,,0,0,0,0,0,0,0,0,0,0,0,0,0,0,0,0,0,0,0
2436832732608,19.259092,1791215023455383325,,0,0,0,0,0,0,0,0,0,0,0,0,0,0,0,0,0,0,0
2436852615424,19.278975,1791215023475383173,,0,0,0,0,0,0,0,0,0,0,0,0,0,0,0,0,0,0,0
2436872715008,19.299074,1791215023495383179,,0,0,0,0,0,0,0,0,0,0,0,0,0,0,0,0,0,0,0
2436892709600,19.319069,1791215023515396653,,0,0,0,0,0,0,0,0,0,0,0,0,0,0,0,0,0,0,0
2436912691616,19.339051,1791215023535383308,,0,0,0,0,0,0,0,0,0,0,0,0,0,0,0,0,0,0,0
2436932719360,19.359079,1791215023555383184,,0,0,0,0,0,0,0,0,0,0,0,0,0,0,0,0,0,0,0
2436952728544,19.379088,1791215023575383630,,0,0,0,0,0,0,0,0,0,0,0,0,0,0,0,0,0,0,0
2436972731872,19.399091,1791215023595383108,,0,0,0,0,0,0,0,0,0,0,0,0,0,0,0,0,0,0,0
2436992716608,19.419076,1791215023615383202,,0,0,0,0,0,0,0,0,0,0,0,0,0,0,0,0,0,0,0
2437012698208,19.439058,1791215023635383078,,0,0,0,0,0,0,0,0,0,0,0,0,0,0,0,0,0,0,0
2437032777888,19.459137,1791215023655382971,,0,0,0,0,0,0,0,0,0,0,0,0,0,0,0,0,0,0,0
2437052587456,19.478947,1791215023675382969,,0,0,0,0,0,0,0,0,0,0,0,0,0,0,0,0,0,0,0
2437072702144,19.499062,1791215023695383045,,0,0,0,0,0,0,0,0,0,0,0,0,0,0,0,0,0,0,0
2437092706592,19.519066,1791215023715383752,,0,0,0,0,0,0,0,0,0,0,0,0,0,0,0,0,0,0,0
2437112727904,19.539087,1791215023735383179,,0,0,0,0,0,0,0,0,0,0,0,0,0,0,0,0,0,0,0
2437132709632,19.559069,1791215023755383707,,0,0,0,0,0,0,0,0,0,0,0,0,0,0,0,0,0,0,0
2437152748416,19.579108,1791215023775383380,,0,0,0,0,0,0,0,0,0,0,0,0,0,0,0,0,0,0,0
2437172715840,19.599075,1791215023795383038,,0,0,0,0,0,0,0,0,0,0,0,0,0,0,0,0,0,0,0
2437192737312,19.619097,1791215023815383406,,0,0,0,0,0,0,0,0,0,0,0,0,0,0,0,0,0,0,0
2437212703680,19.639063,1791215023835383020,,0,0,0,0,0,0,0,0,0,0,0,0,0,0,0,0,0,0,0
2437232709344,19.659069,1791215023855383182,,0,0,0,0,0,0,0,0,0,0,0,0,0,0,0,0,0,0,0
2437252577568,19.678937,1791215023875382701,,0,0,0,0,0,0,0,0,0,0,0,0,0,0,0,0,0,0,0
2437272710144,19.69907,1791215023895382907,,0,0,0,0,0,0,0,0,0,0,0,0,0,0,0,0,0,0,0
2437292697568,19.719057,1791215023915383042,,0,0,0,0,0,0,0,0,0,0,0,0,0,0,0,0,0,0,0
2437312720032,19.739079,1791215023935389673,,0,0,0,0,0,0,0,0,0,0,0,0,0,0,0,0,0,0,0
2437332750080,19.75911,1791215023955383406,,0,0,0,0,0,0,0,0,0,0,0,0,0,0,0,0,0,0,0
2437352723904,19.779083,1791215023975383307,,0,0,0,0,0,0,0,0,0,0,0,0,0,0,0,0,0,0,0
2437372677024,19.799036,1791215023995383178,,0,0,0,0,0,0,0,0,0,0,0,0,0,0,0,0,0,0,0
2437392706176,19.819066,1791215024015383501,,0,0,0,0,0,0,0,0,0,0,0,0,0,0,0,0,0,0,0
2437412696512,19.839056,1791215024035383070,,0,0,0,0,0,0,0,0,0,0,0,0,0,0,0,0,0,0,0
2437432747392,19.859107,1791215024055383198,,0,0,0,0,0,0,0,0,0,0,0,0,0,0,0,0,0,0,0
2437452562560,19.878922,1791215024075382963,,0,0,0,0,0,0,0,0,0,0,0,0,0,0,0,0,0,0,0
2437472700800,19.89906,1791215024095383467,,0,0,0,0,0,0,0,0,0,0,0,0,0,0,0,0,0,0,0
2437492704480,19.919064,1791215024115382784,,0,0,0,0,0,0,0,0,0,0,0,0,0,0,0,0,0,0,0
2437512689728,19.939049,1791215024135383248,,0,0,0,0,0,0,0,0,0,0,0,0,0,0,0,0,0,0,0
2437532685120,19.959045,1791215024155383192,,0,0,0,0,0,0,0,0,0,0,0,0,0,0,0,0,0,0,0
2437552750784,19.97911,1791215024175383059,,0,0,0,0,0,0,0,0,0,0,0,0,0,0,0,0,0,0,0
2437572694880,19.999054,1791215024195383075,,0,0,0,0,0,0,0,0,0,0,0,0,0,0,0,0,0,0,0
2437592708064,20.019068,1791215024215383179,,0,0,0,0,0,0,0,0,0,0,0,0,0,0,0,0,0,0,0
2437612717312,20.039077,1791215024235382808,,0,0,0,0,0,0,0,0,0,0,0,0,0,0,0,0,0,0,0
2437632727456,20.059087,1791215024255383378,,0,0,0,0,0,0,0,0,0,0,0,0,0,0,0,0,0,0,0
2437652672096,20.079032,1791215024275382691,,0,0,0,0,0,0,0,0,0,0,0,0,0,0,0,0,0,0,0
2437672767072,20.099127,1791215024295382722,,0,0,0,0,0,0,0,0,0,0,0,0,0,0,0,0,0,0,0
2437692700736,20.11906,1791215024315383106,,0,0,0,0,0,0,0,0,0,0,0,0,0,0,0,0,0,0,0
2437712719584,20.139079,1791215024335383138,,0,0,0,0,0,0,0,0,0,0,0,0,0,0,0,0,0,0,0
2437732733024,20.159092,1791215024355383239,,0,0,0,0,0,0,0,0,0,0,0,0,0,0,0,0,0,0,0
2437752747936,20.179107,1791215024375382735,,0,0,0,0,0,0,0,0,0,0,0,0,0,0,0,0,0,0,0
2437772669536,20.199029,1791215024395383503,,0,0,0,0,0,0,0,0,0,0,0,0,0,0,0,0,0,0,0
2437792762048,20.219122,1791215024415382985,,0,0,0,0,0,0,0,0,0,0,0,0,0,0,0,0,0,0,0
2437812668800,20.239028,1791215024435382994,,0,0,0,0,0,0,0,0,0,0,0,0,0,0,0,0,0,0,0
2437832697600,20.259057,1791215024455382710,,0,0,0,0,0,0,0,0,0,0,0,0,0,0,0,0,0,0,0
2437852564032,20.278923,1791215024475382891,,0,0,0,0,0,0,0,0,0,0,0,0,0,0,0,0,0,0,0
2437872705056,20.299065,1791215024495383601,,0,0,0,0,0,0,0,0,0,0,0,0,0,0,0,0,0,0,0
2437892632832,20.318992,1791215024515382863,,0,0,0,0,0,0,0,0,0,0,0,0,0,0,0,0,0,0,0
2437912661376,20.339021,1791215024535383211,,0,0,0,0,0,0,0,0,0,0,0,0,0,0,0,0,0,0,0
2437932676896,20.359036,1791215024555382976,,0,0,0,0,0,0,0,0,0,0,0,0,0,0,0,0,0,0,0
2437952693856,20.379053,1791215024575383332,,0,0,0,0,0,0,0,0,0,0,0,0,0,0,0,0,0,0,0
2437972685632,20.399045,1791215024595382928,,0,0,0,0,0,0,0,0,0,0,0,0,0,0,0,0,0,0,0
2437992628928,20.418988,1791215024615383144,,0,0,0,0,0,0,0,0,0,0,0,0,0,0,0,0,0,0,0
2438012700992,20.43906,1791215024635383007,,0,0,0,0,0,0,0,0,0,0,0,0,0,0,0,0,0,0,0
2438032672000,20.459031,1791215024655383239,,0,0,0,0,0,0,0,0,0,0,0,0,0,0,0,0,0,0,0
2438052581696,20.478941,1791215024675382925,,0,0,0,0,0,0,0,0,0,0,0,0,0,0,0,0,0,0,0
2438072695968,20.499055,1791215024695382999,,0,0,0,0,0,0,0,0,0,0,0,0,0,0,0,0,0,0,0
2438092672608,20.519032,1791215024715382802,,0,0,0,0,0,0,0,0,0,0,0,0,0,0,0,0,0,0,0
2438112628288,20.538988,1791215024735382815,,0,0,0,0,0,0,0,0,0,0,0,0,0,0,0,0,0,0,0
2438132679104,20.559039,1791215024755382667,,0,0,0,0,0,0,0,0,0,0,0,0,0,0,0,0,0,0,0
2438152630752,20.57899,1791215024775382660,,0,0,0,0,0,0,0,0,0,0,0,0,0,0,0,0,0,0,0
2438172626272,20.598986,1791215024795382922,,0,0,0,0,0,0,0,0,0,0,0,0,0,0,0,0,0,0,0
2438192663488,20.619023,1791215024815382810,,0,0,0,0,0,0,0,0,0,0,0,0,0,0,0,0,0,0,0
2438212649088,20.639009,1791215024835397023,,0,0,0,0,0,0,0,0,0,0,0,0,0,0,0,0,0,0,0
2438232661984,20.659021,1791215024855383498,,0,0,0,0,0,0,0,0,0,0,0,0,0,0,0,0,0,0,0
2438252513728,20.678873,1791215024875382937,,0,0,0,0,0,0,0,0,0,0,0,0,0,0,0,0,0,0,0
2438272647040,20.699006,1791215024895382633,,0,0,0,0,0,0,0,0,0,0,0,0,0,0,0,0,0,0,0
2438292625824,20.718985,1791215024915382890,,0,0,0,0,0,0,0,0,0,0,0,0,0,0,0,0,0,0,0
2438312645344,20.739005,1791215024935385986,,0,0,0,0,0,0,0,0,0,0,0,0,0,0,0,0,0,0,0
2438332628256,20.758988,1791215024955383360,,0,0,0,0,0,0,0,0,0,0,0,0,0,0,0,0,0,0,0
2438352659776,20.779019,1791215024975383076,,0,0,0,0,0,0,0,0,0,0,0,0,0,0,0,0,0,0,0
2438372642816,20.799002,1791215024995382854,,0,0,0,0,0,0,0,0,0,0,0,0,0,0,0,0,0,0,0
2438392661088,20.819021,1791215025015392116,,0,0,0,0,0,0,0,0,0,0,0,0,0,0,0,0,0,0,0
2438412665472,20.839025,1791215025035383529,,0,0,0,0,0,0,0,0,0,0,0,0,0,0,0,0,0,0,0
2438432657568,20.859017,1791215025055383167,,0,0,0,0,0,0,0,0,0,0,0,0,0,0,0,0,0,0,0
2438452500672,20.87886,1791215025075382690,,0,0,0,0,0,0,0,0,0,0,0,0,0,0,0,0,0,0,0
2438472679616,20.899039,1791215025095383299,,0,0,0,0,0,0,0,0,0,0,0,0,0,0,0,0,0,0,0
2438492643008,20.919002,1791215025115396998,,0,0,0,0,0,0,0,0,0,0,0,0,0,0,0,0,0,0,0
2438512625472,20.938985,1791215025135382896,,0,0,0,0,0,0,0,0,0,0,0,0,0,0,0,0,0,0,0
2438532656736,20.959016,1791215025155383012,,0,0,0,0,0,0,0,0,0,0,0,0,0,0,0,0,0,0,0
2438552630144,20.97899,1791215025175383528,,0,0,0,0,0,0,0,0,0,0,0,0,0,0,0,0,0,0,0
2438572626464,20.998986,1791215025195383355,,0,0,0,0,0,0,0,0,0,0,0,0,0,0,0,0,0,0,0
2438592648960,21.019008,1791215025215383387,,0,0,0,0,0,0,0,0,0,0,0,0,0,0,0,0,0,0,0
2438612634848,21.038994,1791215025235383584,,0,0,0,0,0,0,0,0,0,0,0,0,0,0,0,0,0,0,0
2438632601856,21.058961,1791215025255383390,,0,0,0,0,0,0,0,0,0,0,0,0,0,0,0,0,0,0,0
2438652491872,21.078851,1791215025275383076,,0,0,0,0,0,0,0,0,0,0,0,0,0,0,0,0,0,0,0
2438672654752,21.099014,1791215025295383054,,0,0,0,0,0,0,0,0,0,0,0,0,0,0,0,0,0,0,0
2438692611136,21.118971,1791215025315382470,,0,0,0,0,0,0,0,0,0,0,0,0,0,0,0,0,0,0,0
2438712625216,21.138985,1791215025335383335,,0,0,0,0,0,0,0,0,0,0,0,0,0,0,0,0,0,0,0
2438732610784,21.15897,1791215025355382924,,0,0,0,0,0,0,0,0,0,0,0,0,0,0,0,0,0,0,0
2438752593280,21.178953,1791215025375383407,,0,0,0,0,0,0,0,0,0,0,0,0,0,0,0,0,0,0,0
2438772628128,21.198988,1791215025395383058,,0,0,0,0,0,0,0,0,0,0,0,0,0,0,0,0,0,0,0
2438792640320,21.219,1791215025415382850,,0,0,0,0,0,0,0,0,0,0,0,0,0,0,0,0,0,0,0
2438812600096,21.23896,1791215025435383482,,0,0,0,0,0,0,0,0,0,0,0,0,0,0,0,0,0,0,0
2438832668000,21.259027,1791215025455383380,,0,0,0,0,0,0,0,0,0,0,0,0,0,0,0,0,0,0,0
2438852486624,21.278846,1791215025475383373,,0,0,0,0,0,0,0,0,0,0,0,0,0,0,0,0,0,0,0
2438872612064,21.298972,1791215025495383181,,0,0,0,0,0,0,0,0,0,0,0,0,0,0,0,0,0,0,0
2438892603136,21.318963,1791215025515383167,,0,0,0,0,0,0,0,0,0,0,0,0,0,0,0,0,0,0,0
2438912603264,21.338963,1791215025535383057,,0,0,0,0,0,0,0,0,0,0,0,0,0,0,0,0,0,0,0
2438932627296,21.358987,1791215025555383104,,0,0,0,0,0,0,0,0,0,0,0,0,0,0,0,0,0,0,0
2438952625088,21.378985,1791215025575383008,,0,0,0,0,0,0,0,0,0,0,0,0,0,0,0,0,0,0,0
2438972596512,21.398956,1791215025595383033,,0,0,0,0,0,0,0,0,0,0,0,0,0,0,0,0,0,0,0
2438992611360,21.418971,1791215025615383051,,0,0,0,0,0,0,0,0,0,0,0,0,0,0,0,0,0,0,0
2439012651232,21.439011,1791215025635383339,,0,0,0,0,0,0,0,0,0,0,0,0,0,0,0,0,0,0,0
2439032617568,21.458977,1791215025655382671,,0,0,0,0,0,0,0,0,0,0,0,0,0,0,0,0,0,0,0
2439052504096,21.478864,1791215025675383407,,0,0,0,0,0,0,0,0,0,0,0,0,0,0,0,0,0,0,0
2439072641600,21.499001,1791215025695383308,,0,0,0,0,0,0,0,0,0,0,0,0,0,0,0,0,0,0,0
2439092591616,21.518951,1791215025715383315,,0,0,0,0,0,0,0,0,0,0,0,0,0,0,0,0,0,0,0
2439112624480,21.538984,1791215025735383050,,0,0,0,0,0,0,0,0,0,0,0,0,0,0,0,0,0,0,0
2439132637504,21.558997,1791215025755382996,,0,0,0,0,0,0,0,0,0,0,0,0,0,0,0,0,0,0,0
2439152577728,21.578937,1791215025775383137,,0,0,0,0,0,0,0,0,0,0,0,0,0,0,0,0,0,0,0
2439172612768,21.598972,1791215025795382781,,0,0,0,0,0,0,0,0,0,0,0,0,0,0,0,0,0,0,0
2439192608512,21.618968,1791215025815382793,,0,0,0,0,0,0,0,0,0,0,0,0,0,0,0,0,0,0,0
2439212573856,21.638933,1791215025835382960,,0,0,0,0,0,0,0,0,0,0,0,0,0,0,0,0,0,0,0
2439232598080,21.658958,1791215025855382980,,0,0,0,0,0,0,0,0,0,0,0,0,0,0,0,0,0,0,0
2439252465344,21.678825,1791215025875382678,,0,0,0,0,0,0,0,0,0,0,0,0,0,0,0,0,0,0,0
2439272574976,21.698934,1791215025895383803,,0,0,0,0,0,0,0,0,0,0,0,0,0,0,0,0,0,0,0
2439292615168,21.718975,1791215025915382913,,0,0,0,0,0,0,0,0,0,0,0,0,0,0,0,0,0,0,0
2439312581920,21.738941,1791215025935382979,,0,0,0,0,0,0,0,0,0,0,0,0,0,0,0,0,0,0,0
2439332614656,21.758974,1791215025955384721,,0,0,0,0,0,0,0,0,0,0,0,0,0,0,0,0,0,0,0
2439352581984,21.778941,1791215025975382846,,0,0,0,0,0,0,0,0,0,0,0,0,0,0,0,0,0,0,0
2439372583232,21.798943,1791215025995382777,,0,0,0,0,0,0,0,0,0,0,0,0,0,0,0,0,0,0,0
2439392604800,21.818964,1791215026015383228,,0,0,0,0,0,0,0,0,0,0,0,0,0,0,0,0,0,0,0
2439412632896,21.838992,1791215026035382842,,0,0,0,0,0,0,0,0,0,0,0,0,0,0,0,0,0,0,0
2439432656608,21.859016,1791215026055383319,,0,0,0,0,0,0,0,0,0,0,0,0,0,0,0,0,0,0,0
2439452471776,21.878831,1791215026075383009,,0,0,0,0,0,0,0,0,0,0,0,0,0,0,0,0,0,0,0
2439472592352,21.898952,1791215026095382985,,0,0,0,0,0,0,0,0,0,0,0,0,0,0,0,0,0,0,0
2439492562912,21.918922,1791215026115389730,,0,0,0,0,0,0,0,0,0,0,0,0,0,0,0,0,0,0,0
2439512582752,21.938942,1791215026135383062,,0,0,0,0,0,0,0,0,0,0,0,0,0,0,0,0,0,0,0
2439532584992,21.958944,1791215026155383056,,0,0,0,0,0,0,0,0,0,0,0,0,0,0,0,0,0,0,0
2439552555648,21.978915,1791215026175383473,,0,0,0,0,0,0,0,0,0,0,0,0,0,0,0,0,0,0,0
2439572585664,21.998945,1791215026195382987,,0,0,0,0,0,0,0,0,0,0,0,0,0,0,0,0,0,0,0
2439592567808,22.018927,1791215026215383372,,0,0,0,0,0,0,0,0,0,0,0,0,0,0,0,0,0,0,0
2439612577248,22.038937,1791215026235383907,,0,0,0,0,0,0,0,0,0,0,0,0,0,0,0,0,0,0,0
2439632582048,22.058942,1791215026255383108,,0,0,0,0,0,0,0,0,0,0,0,0,0,0,0,0,0,0,0
2439652432416,22.078792,1791215026275383042,,0,0,0,0,0,0,0,0,0,0,0,0,0,0,0,0,0,0,0
2439672568576,22.098928,1791215026295382737,,0,0,0,0,0,0,0,0,0,0,0,0,0,0,0,0,0,0,0
2439692575840,22.118935,1791215026315383558,,0,0,0,0,0,0,0,0,0,0,0,0,0,0,0,0,0,0,0
2439712575520,22.138935,1791215026335382597,,0,0,0,0,0,0,0,0,0,0,0,0,0,0,0,0,0,0,0
2439732555808,22.158915,1791215026355383052,,0,0,0,0,0,0,0,0,0,0,0,0,0,0,0,0,0,0,0
2439752577664,22.178937,1791215026375382548,,0,0,0,0,0,0,0,0,0,0,0,0,0,0,0,0,0,0,0
2439772583168,22.198943,1791215026395382760,,0,0,0,0,0,0,0,0,0,0,0,0,0,0,0,0,0,0,0
2439792546048,22.218906,1791215026415382807,,0,0,0,0,0,0,0,0,0,0,0,0,0,0,0,0,0,0,0
2439812571072,22.238931,1791215026435383134,,0,0,0,0,0,0,0,0,0,0,0,0,0,0,0,0,0,0,0
2439832571040,22.25893,1791215026455383353,,0,0,0,0,0,0,0,0,0,0,0,0,0,0,0,0,0,0,0
2439852493600,22.278853,1791215026475383085,,0,0,0,0,0,0,0,0,0,0,0,0,0,0,0,0,0,0,0
2439872560416,22.29892,1791215026495382916,,0,0,0,0,0,0,0,0,0,0,0,0,0,0,0,0,0,0,0
2439892558080,22.318918,1791215026515383215,,0,0,0,0,0,0,0,0,0,0,0,0,0,0,0,0,0,0,0
2439912576608,22.338936,1791215026535383467,,0,0,0,0,0,0,0,0,0,0,0,0,0,0,0,0,0,0,0
2439932559744,22.358919,1791215026555383842,,0,0,0,0,0,0,0,0,0,0,0,0,0,0,0,0,0,0,0
2439952549472,22.378909,1791215026575382921,,0,0,0,0,0,0,0,0,0,0,0,0,0,0,0,0,0,0,0
2439972581408,22.398941,1791215026595383151,,0,0,0,0,0,0,0,0,0,0,0,0,0,0,0,0,0,0,0
2439992559744,22.418919,1791215026615383477,,0,0,0,0,0,0,0,0,0,0,0,0,0,0,0,0,0,0,0
2440012556608,22.438916,1791215026635383236,,0,0,0,0,0,0,0,0,0,0,0,0,0,0,0,0,0,0,0
2440032637408,22.458997,1791215026655382850,,0,0,0,0,0,0,0,0,0,0,0,0,0,0,0,0,0,0,0
2440052486464,22.478846,1791215026675382937,,0,0,0,0,0,0,0,0,0,0,0,0,0,0,0,0,0,0,0
2440072588480,22.498948,1791215026695382927,,0,0,0,0,0,0,0,0,0,0,0,0,0,0,0,0,0,0,0
2440092565344,22.518925,1791215026715383376,,0,0,0,0,0,0,0,0,0,0,0,0,0,0,0,0,0,0,0
2440112548768,22.538908,1791215026735382859,,0,0,0,0,0,0,0,0,0,0,0,0,0,0,0,0,0,0,0
2440132541248,22.558901,1791215026755383107,,0,0,0,0,0,0,0,0,0,0,0,0,0,0,0,0,0,0,0
2440152545728,22.578905,1791215026775383085,,0,0,0,0,0,0,0,0,0,0,0,0,0,0,0,0,0,0,0
2440172574048,22.598934,1791215026795383445,,0,0,0,0,0,0,0,0,0,0,0,0,0,0,0,0,0,0,0
2440192533120,22.618893,1791215026815384830,,0,0,0,0,0,0,0,0,0,0,0,0,0,0,0,0,0,0,0
2440212558464,22.638918,1791215026835383048,,0,0,0,0,0,0,0,0,0,0,0,0,0,0,0,0,0,0,0
2440232565600,22.658925,1791215026855383684,,0,0,0,0,0,0,0,0,0,0,0,0,0,0,0,0,0,0,0
2440252423136,22.678783,1791215026875382619,,0,0,0,0,0,0,0,0,0,0,0,0,0,0,0,0,0,0,0
2440272555328,22.698915,1791215026895382719,,0,0,0,0,0,0,0,0,0,0,0,0,0,0,0,0,0,0,0
2440292563392,22.718923,1791215026915382760,,0,0,0,0,0,0,0,0,0,0,0,0,0,0,0,0,0,0,0
2440312534688,22.738894,1791215026935383256,,0,0,0,0,0,0,0,0,0,0,0,0,0,0,0,0,0,0,0
2440332558336,22.758918,1791215026955382658,,0,0,0,0,0,0,0,0,0,0,0,0,0,0,0,0,0,0,0
2440352539520,22.778899,1791215026975382898,,0,0,0,0,0,0,0,0,0,0,0,0,0,0,0,0,0,0,0
2440372524320,22.798884,1791215026995382931,,0,0,0,0,0,0,0,0,0,0,0,0,0,0,0,0,0,0,0
2440392535104,22.818895,1791215027015383037,,0,0,0,0,0,0,0,0,0,0,0,0,0,0,0,0,0,0,0
2440412529824,22.838889,1791215027035383390,,0,0,0,0,0,0,0,0,0,0,0,0,0,0,0,0,0,0,0
2440432587936,22.858947,1791215027055382964,,0,0,0,0,0,0,0,0,0,0,0,0,0,0,0,0,0,0,0
2440452475264,22.878835,1791215027075383023,,0,0,0,0,0,0,0,0,0,0,0,0,0,0,0,0,0,0,0
2440472521568,22.898881,1791215027095383225,,0,0,0,0,0,0,0,0,0,0,0,0,0,0,0,0,0,0,0
2440492553824,22.918913,1791215027115383384,,0,0,0,0,0,0,0,0,0,0,0,0,0,0,0,0,0,0,0
2440512530144,22.93889,1791215027135382947,,0,0,0,0,0,0,0,0,0,0,0,0,0,0,0,0,0,0,0
2440532546048,22.958906,1791215027155383125,,0,0,0,0,0,0,0,0,0,0,0,0,0,0,0,0,0,0,0
2440552545344,22.978905,1791215027175382957,,0,0,0,0,0,0,0,0,0,0,0,0,0,0,0,0,0,0,0
2440572540448,22.9989,1791215027195382651,,0,0,0,0,0,0,0,0,0,0,0,0,0,0,0,0,0,0,0
2440592534816,23.018894,1791215027215383695,,0,0,0,0,0,0,0,0,0,0,0,0,0,0,0,0,0,0,0
2440612538784,23.038898,1791215027235383429,,0,0,0,0,0,0,0,0,0,0,0,0,0,0,0,0,0,0,0
2440632577600,23.058937,1791215027255383533,,0,0,0,0,0,0,0,0,0,0,0,0,0,0,0,0,0,0,0
2440652535040,23.078894,1791215027275383190,,0,0,0,0,0,0,0,0,0,0,0,0,0,0,0,0,0,0,0
2440672795328,23.099155,1791215027295383675,,0,0,0,0,0,0,0,0,0,0,0,0,0,0,0,0,0,0,0
2440692545760,23.118905,1791215027315383209,,0,0,0,0,0,0,0,0,0,0,0,0,0,0,0,0,0,0,0
2440712535008,23.138894,1791215027335382796,,0,0,0,0,0,0,0,0,0,0,0,0,0,0,0,0,0,0,0
2440732555264,23.158915,1791215027355383378,,0,0,0,0,0,0,0,0,0,0,0,0,0,0,0,0,0,0,0
2440752522016,23.178881,1791215027375383760,,0,0,0,0,0,0,0,0,0,0,0,0,0,0,0,0,0,0,0
2440772531648,23.198891,1791215027395383284,,0,0,0,0,0,0,0,0,0,0,0,0,0,0,0,0,0,0,0
2440792546336,23.218906,1791215027415383179,,0,0,0,0,0,0,0,0,0,0,0,0,0,0,0,0,0,0,0
2440812523808,23.238883,1791215027435383442,,0,0,0,0,0,0,0,0,0,0,0,0,0,0,0,0,0,0,0
2440832517056,23.258877,1791215027455383021,,0,0,0,0,0,0,0,0,0,0,0,0,0,0,0,0,0,0,0
2440852417536,23.278777,1791215027475382857,,0,0,0,0,0,0,0,0,0,0,0,0,0,0,0,0,0,0,0
2440872516288,23.298876,1791215027495382553,,0,0,0,0,0,0,0,0,0,0,0,0,0,0,0,0,0,0,0
2440892583712,23.318943,1791215027515383352,,0,0,0,0,0,0,0,0,0,0,0,0,0,0,0,0,0,0,0
2440912525920,23.338885,1791215027535383024,,0,0,0,0,0,0,0,0,0,0,0,0,0,0,0,0,0,0,0
2440932515840,23.358875,1791215027555384324,,0,0,0,0,0,0,0,0,0,0,0,0,0,0,0,0,0,0,0
2440952541696,23.378901,1791215027575382845,,0,0,0,0,0,0,0,0,0,0,0,0,0,0,0,0,0,0,0
2440972527712,23.398887,1791215027595384158,,0,0,0,0,0,0,0,0,0,0,0,0,0,0,0,0,0,0,0
2440992500576,23.41886,1791215027615382936,,0,0,0,0,0,0,0,0,0,0,0,0,0,0,0,0,0,0,0
2441012540896,23.4389,1791215027635383165,,0,0,0,0,0,0,0,0,0,0,0,0,0,0,0,0,0,0,0
2441032546592,23.458906,1791215027655383012,,0,0,0,0,0,0,0,0,0,0,0,0,0,0,0,0,0,0,0
2441052391616,23.478751,1791215027675383328,,0,0,0,0,0,0,0,0,0,0,0,0,0,0,0,0,0,0,0
2441072544000,23.498903,1791215027695382598,,0,0,0,0,0,0,0,0,0,0,0,0,0,0,0,0,0,0,0
2441092545632,23.518905,1791215027715383109,,0,0,0,0,0,0,0,0,0,0,0,0,0,0,0,0,0,0,0
2441112524928,23.538884,1791215027735382793,,0,0,0,0,0,0,0,0,0,0,0,0,0,0,0,0,0,0,0
2441132576992,23.558936,1791215027755382795,,0,0,0,0,0,0,0,0,0,0,0,0,0,0,0,0,0,0,0
2441152505728,23.578865,1791215027775383574,,0,0,0,0,0,0,0,0,0,0,0,0,0,0,0,0,0,0,0
2441172542304,23.598902,1791215027795383078,,0,0,0,0,0,0,0,0,0,0,0,0,0,0,0,0,0,0,0
2441192535712,23.618895,1791215027815383162,,0,0,0,0,0,0,0,0,0,0,0,0,0,0,0,0,0,0,0
2441212510080,23.63887,1791215027835382718,,0,0,0,0,0,0,0,0,0,0,0,0,0,0,0,0,0,0,0
2441232515616,23.658875,1791215027855383779,,0,0,0,0,0,0,0,0,0,0,0,0,0,0,0,0,0,0,0
2441252410880,23.67877,1791215027875382570,,0,0,0,0,0,0,0,0,0,0,0,0,0,0,0,0,0,0,0
2441272500320,23.69886,1791215027895382810,,0,0,0,0,0,0,0,0,0,0,0,0,0,0,0,0,0,0,0
2441292505632,23.718865,1791215027915383429,,0,0,0,0,0,0,0,0,0,0,0,0,0,0,0,0,0,0,0
2441312509120,23.738869,1791215027935383506,,0,0,0,0,0,0,0,0,0,0,0,0,0,0,0,0,0,0,0
2441332509824,23.758869,1791215027955382759,,0,0,0,0,0,0,0,0,0,0,0,0,0,0,0,0,0,0,0
2441352519424,23.778879,1791215027975383270,,0,0,0,0,0,0,0,0,0,0,0,0,0,0,0,0,0,0,0
2441372527168,23.798887,1791215027995382873,,0,0,0,0,0,0,0,0,0,0,0,0,0,0,0,0,0,0,0
2441392484128,23.818844,1791215028015383421,,0,0,0,0,0,0,0,0,0,0,0,0,0,0,0,0,0,0,0
2441412522304,23.838882,1791215028035383208,,0,0,0,0,0,0,0,0,0,0,0,0,0,0,0,0,0,0,0
2441432538272,23.858898,1791215028055383014,,0,0,0,0,0,0,0,0,0,0,0,0,0,0,0,0,0,0,0
2441452374336,23.878734,1791215028075382968,,0,0,0,0,0,0,0,0,0,0,0,0,0,0,0,0,0,0,0
2441472519360,23.898879,1791215028095383414,,0,0,0,0,0,0,0,0,0,0,0,0,0,0,0,0,0,0,0
2441492494592,23.918854,1791215028115383124,,0,0,0,0,0,0,0,0,0,0,0,0,0,0,0,0,0,0,0
2441512477824,23.938837,1791215028135383099,,0,0,0,0,0,0,0,0,0,0,0,0,0,0,0,0,0,0,0
2441532516096,23.958876,1791215028155383386,,0,0,0,0,0,0,0,0,0,0,0,0,0,0,0,0,0,0,0
2441552488416,23.978848,1791215028175382901,,0,0,0,0,0,0,0,0,0,0,0,0,0,0,0,0,0,0,0
2441572490784,23.99885,1791215028195382669,,0,0,0,0,0,0,0,0,0,0,0,0,0,0,0,0,0,0,0
2441592494080,24.018854,1791215028215382912,,0,0,0,0,0,0,0,0,0,0,0,0,0,0,0,0,0,0,0
2441612491200,24.038851,1791215028235383273,,0,0,0,0,0,0,0,0,0,0,0,0,0,0,0,0,0,0,0
2441632493824,24.058853,1791215028255383064,,0,0,0,0,0,0,0,0,0,0,0,0,0,0,0,0,0,0,0
2441652362080,24.078722,1791215028275383076,,0,0,0,0,0,0,0,0,0,0,0,0,0,0,0,0,0,0,0
2441672480032,24.098839,1791215028295389536,,0,0,0,0,0,0,0,0,0,0,0,0,0,0,0,0,0,0,0
2441692472768,24.118832,1791215028315382945,,0,0,0,0,0,0,0,0,0,0,0,0,0,0,0,0,0,0,0
2441712487584,24.138847,1791215028335383680,,0,0,0,0,0,0,0,0,0,0,0,0,0,0,0,0,0,0,0
2441732479744,24.158839,1791215028355382800,,0,0,0,0,0,0,0,0,0,0,0,0,0,0,0,0,0,0,0
2441752466400,24.178826,1791215028375383205,,0,0,0,0,0,0,0,0,0,0,0,0,0,0,0,0,0,0,0
2441772463424,24.198823,1791215028395397048,,0,0,0,0,0,0,0,0,0,0,0,0,0,0,0,0,0,0,0
2441792532768,24.218892,1791215028415383131,,0,0,0,0,0,0,0,0,0,0,0,0,0,0,0,0,0,0,0
2441812459904,24.238819,1791215028435382764,,0,0,0,0,0,0,0,0,0,0,0,0,0,0,0,0,0,0,0
2441832533824,24.258893,1791215028455383281,,0,0,0,0,0,0,0,0,0,0,0,0,0,0,0,0,0,0,0
2441852374560,24.278734,1791215028475382503,,0,0,0,0,0,0,0,0,0,0,0,0,0,0,0,0,0,0,0
2441872540352,24.2989,1791215028495382963,,0,0,0,0,0,0,0,0,0,0,0,0,0,0,0,0,0,0,0
2441892477280,24.318837,1791215028515383774,,0,0,0,0,0,0,0,0,0,0,0,0,0,0,0,0,0,0,0
2441912537088,24.338897,1791215028535382802,,0,0,0,0,0,0,0,0,0,0,0,0,0,0,0,0,0,0,0
2441932514304,24.358874,1791215028555383491,,0,0,0,0,0,0,0,0,0,0,0,0,0,0,0,0,0,0,0
2441952522208,24.378882,1791215028575383382,,0,0,0,0,0,0,0,0,0,0,0,0,0,0,0,0,0,0,0
2441972478400,24.398838,1791215028595382876,,0,0,0,0,0,0,0,0,0,0,0,0,0,0,0,0,0,0,0
2441992604960,24.418964,1791215028615383326,,0,0,0,0,0,0,0,0,0,0,0,0,0,0,0,0,0,0,0
2442012470656,24.43883,1791215028635383112,,0,0,0,0,0,0,0,0,0,0,0,0,0,0,0,0,0,0,0
2442032491520,24.458851,1791215028655382719,,0,0,0,0,0,0,0,0,0,0,0,0,0,0,0,0,0,0,0
2442052337376,24.478697,1791215028675383811,,0,0,0,0,0,0,0,0,0,0,0,0,0,0,0,0,0,0,0
2442072461536,24.498821,1791215028695383475,,0,0,0,0,0,0,0,0,0,0,0,0,0,0,0,0,0,0,0
2442092452896,24.518812,1791215028715383334,,0,0,0,0,0,0,0,0,0,0,0,0,0,0,0,0,0,0,0
2442112481248,24.538841,1791215028735383259,,0,0,0,0,0,0,0,0,0,0,0,0,0,0,0,0,0,0,0
2442132467232,24.558827,1791215028755382661,,0,0,0,0,0,0,0,0,0,0,0,0,0,0,0,0,0,0,0
2442152448544,24.578808,1791215028775382906,,0,0,0,0,0,0,0,0,0,0,0,0,0,0,0,0,0,0,0
2442172489696,24.598849,1791215028795382922,,0,0,0,0,0,0,0,0,0,0,0,0,0,0,0,0,0,0,0
2442192465728,24.618825,1791215028815383119,,0,0,0,0,0,0,0,0,0,0,0,0,0,0,0,0,0,0,0
2442212447360,24.638807,1791215028835383104,,0,0,0,0,0,0,0,0,0,0,0,0,0,0,0,0,0,0,0
2442232473248,24.658833,1791215028855383299,,0,0,0,0,0,0,0,0,0,0,0,0,0,0,0,0,0,0,0
2442252332352,24.678692,1791215028875383078,,0,0,0,0,0,0,0,0,0,0,0,0,0,0,0,0,0,0,0
2442272457184,24.698817,1791215028895383015,,0,0,0,0,0,0,0,0,0,0,0,0,0,0,0,0,0,0,0
2442292471392,24.718831,1791215028915383071,,0,0,0,0,0,0,0,0,0,0,0,0,0,0,0,0,0,0,0
2442312481984,24.738841,1791215028935383119,,0,0,0,0,0,0,0,0,0,0,0,0,0,0,0,0,0,0,0
2442332490432,24.75885,1791215028955383497,,0,0,0,0,0,0,0,0,0,0,0,0,0,0,0,0,0,0,0
2442352444768,24.778804,1791215028975383419,,0,0,0,0,0,0,0,0,0,0,0,0,0,0,0,0,0,0,0
2442372476928,24.798836,1791215028995383117,,0,0,0,0,0,0,0,0,0,0,0,0,0,0,0,0,0,0,0
2442392492608,24.818852,1791215029015383291,,0,0,0,0,0,0,0,0,0,0,0,0,0,0,0,0,0,0,0
2442412450752,24.83881,1791215029035383243,,0,0,0,0,0,0,0,0,0,0,0,0,0,0,0,0,0,0,0
2442432466400,24.858826,1791215029055383824,,0,0,0,0,0,0,0,0,0,0,0,0,0,0,0,0,0,0,0
2442452327104,24.878687,1791215029075382813,,0,0,0,0,0,0,0,0,0,0,0,0,0,0,0,0,0,0,0
2442472444096,24.898804,1791215029095382893,,0,0,0,0,0,0,0,0,0,0,0,0,0,0,0,0,0,0,0
2442492431680,24.918791,1791215029115384193,,0,0,0,0,0,0,0,0,0,0,0,0,0,0,0,0,0,0,0
2442512474176,24.938834,1791215029135383439,,0,0,0,0,0,0,0,0,0,0,0,0,0,0,0,0,0,0,0
2442532449408,24.958809,1791215029155383491,,0,0,0,0,0,0,0,0,0,0,0,0,0,0,0,0,0,0,0
2442552424576,24.978784,1791215029175382525,,0,0,0,0,0,0,0,0,0,0,0,0,0,0,0,0,0,0,0
2442572461344,24.998821,1791215029195383288,,0,0,0,0,0,0,0,0,0,0,0,0,0,0,0,0,0,0,0
2442592438784,25.018798,1791215029215382846,,0,0,0,0,0,0,0,0,0,0,0,0,0,0,0,0,0,0,0
2442612435488,25.038795,1791215029235382693,,0,0,0,0,0,0,0,0,0,0,0,0,0,0,0,0,0,0,0
2442632502304,25.058862,1791215029255382819,,0,0,0,0,0,0,0,0,0,0,0,0,0,0,0,0,0,0,0
2442652395200,25.078755,1791215029275397089,,0,0,0,0,0,0,0,0,0,0,0,0,0,0,0,0,0,0,0
2442672434912,25.098794,1791215029295382949,,0,0,0,0,0,0,0,0,0,0,0,0,0,0,0,0,0,0,0
2442692447648,25.118807,1791215029315382862,,0,0,0,0,0,0,0,0,0,0,0,0,0,0,0,0,0,0,0
2442712438368,25.138798,1791215029335383306,,0,0,0,0,0,0,0,0,0,0,0,0,0,0,0,0,0,0,0
2442732428576,25.158788,1791215029355383330,,0,0,0,0,0,0,0,0,0,0,0,0,0,0,0,0,0,0,0
2442752439680,25.178799,1791215029375382935,,0,0,0,0,0,0,0,0,0,0,0,0,0,0,0,0,0,0,0
2442772446592,25.198806,1791215029395383608,,0,0,0,0,0,0,0,0,0,0,0,0,0,0,0,0,0,0,0
2442792416000,25.218775,1791215029415383138,,0,0,0,0,0,0,0,0,0,0,0,0,0,0,0,0,0,0,0
2442812452192,25.238812,1791215029435392907,,0,0,0,0,0,0,0,0,0,0,0,0,0,0,0,0,0,0,0
2442832438656,25.258798,1791215029455383225,,0,0,0,0,0,0,0,0,0,0,0,0,0,0,0,0,0,0,0
2442852358720,25.278718,1791215029475382893,,0,0,0,0,0,0,0,0,0,0,0,0,0,0,0,0,0,0,0
2442872434112,25.298794,1791215029495383089,,0,0,0,0,0,0,0,0,0,0,0,0,0,0,0,0,0,0,0
2442892435136,25.318795,1791215029515383231,,0,0,0,0,0,0,0,0,0,0,0,0,0,0,0,0,0,0,0
2442912461760,25.338821,1791215029535383178,,0,0,0,0,0,0,0,0,0,0,0,0,0,0,0,0,0,0,0
2442932420512,25.35878,1791215029555383494,,0,0,0,0,0,0,0,0,0,0,0,0,0,0,0,0,0,0,0
2442952398176,25.378758,1791215029575383146,,0,0,0,0,0,0,0,0,0,0,0,0,0,0,0,0,0,0,0
2442972463328,25.398823,1791215029595383287,,0,0,0,0,0,0,0,0,0,0,0,0,0,0,0,0,0,0,0
2442992417056,25.418777,1791215029615383108,,0,0,0,0,0,0,0,0,0,0,0,0,0,0,0,0,0,0,0
2443012415488,25.438775,1791215029635383362,,0,0,0,0,0,0,0,0,0,0,0,0,0,0,0,0,0,0,0
2443032476800,25.458836,1791215029655382620,,0,0,0,0,0,0,0,0,0,0,0,0,0,0,0,0,0,0,0
2443052313856,25.478673,1791215029675383602,,0,0,0,0,0,0,0,0,0,0,0,0,0,0,0,0,0,0,0
2443072406592,25.498766,1791215029695383305,,0,0,0,0,0,0,0,0,0,0,0,0,0,0,0,0,0,0,0
2443092425376,25.518785,1791215029715383169,,0,0,0,0,0,0,0,0,0,0,0,0,0,0,0,0,0,0,0
2443112435328,25.538795,1791215029735383821,,0,0,0,0,0,0,0,0,0,0,0,0,0,0,0,0,0,0,0
2443132388160,25.558748,1791215029755383115,,0,0,0,0,0,0,0,0,0,0,0,0,0,0,0,0,0,0,0
2443152417440,25.578777,1791215029775383528,,0,0,0,0,0,0,0,0,0,0,0,0,0,0,0,0,0,0,0
2443172404288,25.598764,1791215029795382962,,0,0,0,0,0,0,0,0,0,0,0,0,0,0,0,0,0,0,0
2443192385696,25.618745,1791215029815383072,,0,0,0,0,0,0,0,0,0,0,0,0,0,0,0,0,0,0,0
2443212414592,25.638774,1791215029835383236,,0,0,0,0,0,0,0,0,0,0,0,0,0,0,0,0,0,0,0
2443232422016,25.658781,1791215029855382827,,0,0,0,0,0,0,0,0,0,0,0,0,0,0,0,0,0,0,0
2443252273888,25.678633,1791215029875383164,,0,0,0,0,0,0,0,0,0,0,0,0,0,0,0,0,0,0,0
2443272413024,25.698772,1791215029895382926,,0,0,0,0,0,0,0,0,0,0,0,0,0,0,0,0,0,0,0
2443292397664,25.718757,1791215029915383059,,0,0,0,0,0,0,0,0,0,0,0,0,0,0,0,0,0,0,0
2443312382304,25.738742,1791215029935383099,,0,0,0,0,0,0,0,0,0,0,0,0,0,0,0,0,0,0,0
2443332419328,25.758779,1791215029955383543,,0,0,0,0,0,0,0,0,0,0,0,0,0,0,0,0,0,0,0
2443352393600,25.778753,1791215029975383084,,0,0,0,0,0,0,0,0,0,0,0,0,0,0,0,0,0,0,0
2443372407616,25.798767,1791215029995382894,,0,0,0,0,0,0,0,0,0,0,0,0,0,0,0,0,0,0,0
2443392382336,25.818742,1791215030015382861,,0,0,0,0,0,0,0,0,0,0,0,0,0,0,0,0,0,0,0
2443412390624,25.83875,1791215030035383283,,0,0,0,0,0,0,0,0,0,0,0,0,0,0,0,0,0,0,0
2443432383232,25.858743,1791215030055382314,,0,0,0,0,0,0,0,0,0,0,0,0,0,0,0,0,0,0,0
2443452320448,25.87868,1791215030075383440,,0,0,0,0,0,0,0,0,0,0,0,0,0,0,0,0,0,0,0
2443472380928,25.89874,1791215030095383063,,0,0,0,0,0,0,0,0,0,0,0,0,0,0,0,0,0,0,0
2443492410528,25.91877,1791215030115383526,,0,0,0,0,0,0,0,0,0,0,0,0,0,0,0,0,0,0,0
2443512391072,25.938751,1791215030135382966,,0,0,0,0,0,0,0,0,0,0,0,0,0,0,0,0,0,0,0
2443532364448,25.958724,1791215030155382901,,0,0,0,0,0,0,0,0,0,0,0,0,0,0,0,0,0,0,0
2443552394592,25.978754,1791215030175383008,,0,0,0,0,0,0,0,0,0,0,0,0,0,0,0,0,0,0,0
2443572396384,25.998756,1791215030195396677,,0,0,0,0,0,0,0,0,0,0,0,0,0,0,0,0,0,0,0
2443592368736,26.018728,1791215030215382954,,0,0,0,0,0,0,0,0,0,0,0,0,0,0,0,0,0,0,0
2443612397056,26.038757,1791215030235382872,,0,0,0,0,0,0,0,0,0,0,0,0,0,0,0,0,0,0,0
2443632391488,26.058751,1791215030255382962,,0,0,0,0,0,0,0,0,0,0,0,0,0,0,0,0,0,0,0
2443652387872,26.078747,1791215030275397656,,0,0,0,0,0,0,0,0,0,0,0,0,0,0,0,0,0,0,0
2443672383968,26.098743,1791215030295383566,,0,0,0,0,0,0,0,0,0,0,0,0,0,0,0,0,0,0,0
2443692388000,26.118747,1791215030315383175,,0,0,0,0,0,0,0,0,0,0,0,0,0,0,0,0,0,0,0
2443712360160,26.13872,1791215030335383120,,0,0,0,0,0,0,0,0,0,0,0,0,0,0,0,0,0,0,0
2443732392896,26.158752,1791215030355383491,,0,0,0,0,0,0,0,0,0,0,0,0,0,0,0,0,0,0,0
2443752363520,26.178723,1791215030375382589,,0,0,0,0,0,0,0,0,0,0,0,0,0,0,0,0,0,0,0
2443772345344,26.198705,1791215030395383065,,0,0,0,0,0,0,0,0,0,0,0,0,0,0,0,0,0,0,0
2443792365248,26.218725,1791215030415383119,,0,0,0,0,0,0,0,0,0,0,0,0,0,0,0,0,0,0,0
2443812368672,26.238728,1791215030435383344,,0,0,0,0,0,0,0,0,0,0,0,0,0,0,0,0,0,0,0
2443832380608,26.25874,1791215030455382341,,0,0,0,0,0,0,0,0,0,0,0,0,0,0,0,0,0,0,0
2443852252896,26.278612,1791215030475392157,,0,0,0,0,0,0,0,0,0,0,0,0,0,0,0,0,0,0,0
2443872373184,26.298733,1791215030495383098,,0,0,0,0,0,0,0,0,0,0,0,0,0,0,0,0,0,0,0
2443892417568,26.318777,1791215030515383015,,0,0,0,0,0,0,0,0,0,0,0,0,0,0,0,0,0,0,0
2443912375040,26.338734,1791215030535383243,,0,0,0,0,0,0,0,0,0,0,0,0,0,0,0,0,0,0,0
2443932396896,26.358756,1791215030555383219,,0,0,0,0,0,0,0,0,0,0,0,0,0,0,0,0,0,0,0
2443952387840,26.378747,1791215030575383137,,0,0,0,0,0,0,0,0,0,0,0,0,0,0,0,0,0,0,0
2443972373664,26.398733,1791215030595383293,,0,0,0,0,0,0,0,0,0,0,0,0,0,0,0,0,0,0,0
2443992355424,26.418715,1791215030615383884,,0,0,0,0,0,0,0,0,0,0,0,0,0,0,0,0,0,0,0
2444012385632,26.438745,1791215030635383077,,0,0,0,0,0,0,0,0,0,0,0,0,0,0,0,0,0,0,0
2444032362336,26.458722,1791215030655381619,,0,0,0,0,0,0,0,0,0,0,0,0,0,0,0,0,0,0,0
2444052231456,26.478591,1791215030675382837,,0,0,0,0,0,0,0,0,0,0,0,0,0,0,0,0,0,0,0
2444072362496,26.498722,1791215030695383116,,0,0,0,0,0,0,0,0,0,0,0,0,0,0,0,0,0,0,0
2444092391232,26.518751,1791215030715383160,,0,0,0,0,0,0,0,0,0,0,0,0,0,0,0,0,0,0,0
2444112344896,26.538704,1791215030735382927,,0,0,0,0,0,0,0,0,0,0,0,0,0,0,0,0,0,0,0
2444132376352,26.558736,1791215030755383539,,0,0,0,0,0,0,0,0,0,0,0,0,0,0,0,0,0,0,0
2444152344128,26.578704,1791215030775383044,,0,0,0,0,0,0,0,0,0,0,0,0,0,0,0,0,0,0,0
2444172355456,26.598715,1791215030795383029,,0,0,0,0,0,0,0,0,0,0,0,0,0,0,0,0,0,0,0
2444192401216,26.618761,1791215030815385488,,0,0,0,0,0,0,0,0,0,0,0,0,0,0,0,0,0,0,0
2444212352832,26.638712,1791215030835383632,,0,0,0,0,0,0,0,0,0,0,0,0,0,0,0,0,0,0,0
2444232357696,26.658717,1791215030855383023,,0,0,0,0,0,0,0,0,0,0,0,0,0,0,0,0,0,0,0
2444252231456,26.678591,1791215030875383264,,0,0,0,0,0,0,0,0,0,0,0,0,0,0,0,0,0,0,0
2444272341888,26.698701,1791215030895382910,,0,0,0,0,0,0,0,0,0,0,0,0,0,0,0,0,0,0,0
2444292327712,26.718687,1791215030915383003,,0,0,0,0,0,0,0,0,0,0,0,0,0,0,0,0,0,0,0
2444312361824,26.738721,1791215030935383134,,0,0,0,0,0,0,0,0,0,0,0,0,0,0,0,0,0,0,0
2444332375072,26.758735,1791215030955383223,,0,0,0,0,0,0,0,0,0,0,0,0,0,0,0,0,0,0,0
2444352372480,26.778732,1791215030975382857,,0,0,0,0,0,0,0,0,0,0,0,0,0,0,0,0,0,0,0
2444372361792,26.798721,1791215030995382854,,0,0,0,0,0,0,0,0,0,0,0,0,0,0,0,0,0,0,0
2444392327392,26.818687,1791215031015383993,,0,0,0,0,0,0,0,0,0,0,0,0,0,0,0,0,0,0,0
2444412368288,26.838728,1791215031035383102,,0,0,0,0,0,0,0,0,0,0,0,0,0,0,0,0,0,0,0
2444432383296,26.858743,1791215031055383786,,0,0,0,0,0,0,0,0,0,0,0,0,0,0,0,0,0,0,0
2444452273344,26.878633,1791215031075383426,,0,0,0,0,0,0,0,0,0,0,0,0,0,0,0,0,0,0,0
2444472375488,26.898735,1791215031095382832,,0,0,0,0,0,0,0,0,0,0,0,0,0,0,0,0,0,0,0
2444492337472,26.918697,1791215031115383658,,0,0,0,0,0,0,0,0,0,0,0,0,0,0,0,0,0,0,0
2444512354592,26.938714,1791215031135382578,,0,0,0,0,0,0,0,0,0,0,0,0,0,0,0,0,0,0,0
2444532366784,26.958726,1791215031155383053,,0,0,0,0,0,0,0,0,0,0,0,0,0,0,0,0,0,0,0
2444552352480,26.978712,1791215031175382950,,0,0,0,0,0,0,0,0,0,0,0,0,0,0,0,0,0,0,0
2444572326560,26.998686,1791215031195383604,,0,0,0,0,0,0,0,0,0,0,0,0,0,0,0,0,0,0,0
2444592335776,27.018695,1791215031215382851,,0,0,0,0,0,0,0,0,0,0,0,0,0,0,0,0,0,0,0
2444612348576,27.038708,1791215031235382818,,0,0,0,0,0,0,0,0,0,0,0,0,0,0,0,0,0,0,0
2444632323232,27.058683,1791215031255382787,,0,0,0,0,0,0,0,0,0,0,0,0,0,0,0,0,0,0,0
2444652210144,27.07857,1791215031275383273,,0,0,0,0,0,0,0,0,0,0,0,0,0,0,0,0,0,0,0
2444672331648,27.098691,1791215031295383216,,0,0,0,0,0,0,0,0,0,0,0,0,0,0,0,0,0,0,0
2444692325856,27.118685,1791215031315382779,,0,0,0,0,0,0,0,0,0,0,0,0,0,0,0,0,0,0,0
2444712358336,27.138718,1791215031335382860,,0,0,0,0,0,0,0,0,0,0,0,0,0,0,0,0,0,0,0
2444732332832,27.158692,1791215031355382783,,0,0,0,0,0,0,0,0,0,0,0,0,0,0,0,0,0,0,0
2444752382784,27.178742,1791215031375382992,,0,0,0,0,0,0,0,0,0,0,0,0,0,0,0,0,0,0,0
2444772325536,27.198685,1791215031395382710,,0,0,0,0,0,0,0,0,0,0,0,0,0,0,0,0,0,0,0
2444792389920,27.218749,1791215031415382904,,0,0,0,0,0,0,0,0,0,0,0,0,0,0,0,0,0,0,0
2444812332832,27.238692,1791215031435383016,,0,0,0,0,0,0,0,0,0,0,0,0,0,0,0,0,0,0,0
2444832437376,27.258797,1791215031455382439,,0,0,0,0,0,0,0,0,0,0,0,0,0,0,0,0,0,0,0
2444852215840,27.278575,1791215031475383190,,0,0,0,0,0,0,0,0,0,0,0,0,0,0,0,0,0,0,0
2444872361984,27.298721,1791215031495382697,,0,0,0,0,0,0,0,0,0,0,0,0,0,0,0,0,0,0,0
2444892314112,27.318674,1791215031515382759,,0,0,0,0,0,0,0,0,0,0,0,0,0,0,0,0,0,0,0
2444912367040,27.338726,1791215031535382773,,0,0,0,0,0,0,0,0,0,0,0,0,0,0,0,0,0,0,0
2444932332704,27.358692,1791215031555383723,,0,0,0,0,0,0,0,0,0,0,0,0,0,0,0,0,0,0,0
2444952330432,27.37869,1791215031575383023,,0,0,0,0,0,0,0,0,0,0,0,0,0,0,0,0,0,0,0
2444972304224,27.398664,1791215031595382762,,0,0,0,0,0,0,0,0,0,0,0,0,0,0,0,0,0,0,0
2444992332416,27.418692,1791215031615393010,,0,0,0,0,0,0,0,0,0,0,0,0,0,0,0,0,0,0,0
2445012313280,27.438673,1791215031635383004,,0,0,0,0,0,0,0,0,0,0,0,0,0,0,0,0,0,0,0
2445032314176,27.458674,1791215031655383048,,0,0,0,0,0,0,0,0,0,0,0,0,0,0,0,0,0,0,0
2445052196000,27.478555,1791215031675383265,,0,0,0,0,0,0,0,0,0,0,0,0,0,0,0,0,0,0,0
2445072318848,27.498678,1791215031695382633,,0,0,0,0,0,0,0,0,0,0,0,0,0,0,0,0,0,0,0
2445092300096,27.51866,1791215031715383003,,0,0,0,0,0,0,0,0,0,0,0,0,0,0,0,0,0,0,0
2445112345152,27.538705,1791215031735382938,,0,0,0,0,0,0,0,0,0,0,0,0,0,0,0,0,0,0,0
2445132312224,27.558672,1791215031755382623,,0,0,0,0,0,0,0,0,0,0,0,0,0,0,0,0,0,0,0
2445152283776,27.578643,1791215031775383003,,0,0,0,0,0,0,0,0,0,0,0,0,0,0,0,0,0,0,0
2445172315424,27.598675,1791215031795382541,,0,0,0,0,0,0,0,0,0,0,0,0,0,0,0,0,0,0,0
2445192328448,27.618688,1791215031815382671,,0,0,0,0,0,0,0,0,0,0,0,0,0,0,0,0,0,0,0
2445212296864,27.638656,1791215031835383572,,0,0,0,0,0,0,0,0,0,0,0,0,0,0,0,0,0,0,0
2445232312352,27.658672,1791215031855382801,,0,0,0,0,0,0,0,0,0,0,0,0,0,0,0,0,0,0,0
2445252178144,27.678538,1791215031875382715,,0,0,0,0,0,0,0,0,0,0,0,0,0,0,0,0,0,0,0
2445272353856,27.698713,1791215031895383293,,0,0,0,0,0,0,0,0,0,0,0,0,0,0,0,0,0,0,0
2445292300288,27.71866,1791215031915382893,,0,0,0,0,0,0,0,0,0,0,0,0,0,0,0,0,0,0,0
2445312298624,27.738658,1791215031935382589,,0,0,0,0,0,0,0,0,0,0,0,0,0,0,0,0,0,0,0
2445332327424,27.758687,1791215031955383259,,0,0,0,0,0,0,0,0,0,0,0,0,0,0,0,0,0,0,0
2445352309376,27.778669,1791215031975383249,,0,0,0,0,0,0,0,0,0,0,0,0,0,0,0,0,0,0,0
2445372312960,27.798672,1791215031995383313,,0,0,0,0,0,0,0,0,0,0,0,0,0,0,0,0,0,0,0
2445392315296,27.818675,1791215032015383259,,0,0,0,0,0,0,0,0,0,0,0,0,0,0,0,0,0,0,0
2445412313344,27.838673,1791215032035383654,,0,0,0,0,0,0,0,0,0,0,0,0,0,0,0,0,0,0,0
2445432339904,27.858699,1791215032055383177,,0,0,0,0,0,0,0,0,0,0,0,0,0,0,0,0,0,0,0
2445452192928,27.878552,1791215032075383121,,0,0,0,0,0,0,0,0,0,0,0,0,0,0,0,0,0,0,0
2445472301664,27.898661,1791215032095383270,,0,0,0,0,0,0,0,0,0,0,0,0,0,0,0,0,0,0,0
2445492285760,27.918645,1791215032115383231,,0,0,0,0,0,0,0,0,0,0,0,0,0,0,0,0,0,0,0
2445512306048,27.938666,1791215032135383085,,0,0,0,0,0,0,0,0,0,0,0,0,0,0,0,0,0,0,0
2445532331296,27.958691,1791215032155382946,,0,0,0,0,0,0,0,0,0,0,0,0,0,0,0,0,0,0,0
2445552267936,27.978627,1791215032175383182,,0,0,0,0,0,0,0,0,0,0,0,0,0,0,0,0,0,0,0
2445572308000,27.998667,1791215032195383987,,0,0,0,0,0,0,0,0,0,0,0,0,0,0,0,0,0,0,0
2445592274400,28.018634,1791215032215383060,,0,0,0,0,0,0,0,0,0,0,0,0,0,0,0,0,0,0,0
2445612272640,28.038632,1791215032235383148,,0,0,0,0,0,0,0,0,0,0,0,0,0,0,0,0,0,0,0
2445632302304,28.058662,1791215032255382867,,0,0,0,0,0,0,0,0,0,0,0,0,0,0,0,0,0,0,0
2445652163328,28.078523,1791215032275382700,,0,0,0,0,0,0,0,0,0,0,0,0,0,0,0,0,0,0,0
2445672269280,28.098629,1791215032295382906,,0,0,0,0,0,0,0,0,0,0,0,0,0,0,0,0,0,0,0
2445692297472,28.118657,1791215032315384014,,0,0,0,0,0,0,0,0,0,0,0,0,0,0,0,0,0,0,0
2445712291488,28.138651,1791215032335383418,,0,0,0,0,0,0,0,0,0,0,0,0,0,0,0,0,0,0,0
2445732276960,28.158636,1791215032355382821,,0,0,0,0,0,0,0,0,0,0,0,0,0,0,0,0,0,0,0
2445752273632,28.178633,1791215032375383047,,0,0,0,0,0,0,0,0,0,0,0,0,0,0,0,0,0,0,0
2445772288160,28.198648,1791215032395382911,,0,0,0,0,0,0,0,0,0,0,0,0,0,0,0,0,0,0,0
2445792311712,28.218671,1791215032415383214,,0,0,0,0,0,0,0,0,0,0,0,0,0,0,0,0,0,0,0
2445812285280,28.238645,1791215032435383305,,0,0,0,0,0,0,0,0,0,0,0,0,0,0,0,0,0,0,0
2445832276032,28.258635,1791215032455383590,,0,0,0,0,0,0,0,0,0,0,0,0,0,0,0,0,0,0,0
2445852162400,28.278522,1791215032475383467,,0,0,0,0,0,0,0,0,0,0,0,0,0,0,0,0,0,0,0
2445872279904,28.298639,1791215032495382989,,0,0,0,0,0,0,0,0,0,0,0,0,0,0,0,0,0,0,0
2445892260160,28.31862,1791215032515382806,,0,0,0,0,0,0,0,0,0,0,0,0,0,0,0,0,0,0,0
2445912355648,28.338715,1791215032535383404,,0,0,0,0,0,0,0,0,0,0,0,0,0,0,0,0,0,0,0
2445932304800,28.358664,1791215032555383207,,0,0,0,0,0,0,0,0,0,0,0,0,0,0,0,0,0,0,0
2445952301344,28.378661,1791215032575384100,,0,0,0,0,0,0,0,0,0,0,0,0,0,0,0,0,0,0,0
2445972301472,28.398661,1791215032595382989,,0,0,0,0,0,0,0,0,0,0,0,0,0,0,0,0,0,0,0
2445992271360,28.418631,1791215032615383036,,0,0,0,0,0,0,0,0,0,0,0,0,0,0,0,0,0,0,0
2446012269056,28.438629,1791215032635383146,,0,0,0,0,0,0,0,0,0,0,0,0,0,0,0,0,0,0,0
2446032315264,28.458675,1791215032655392368,,0,0,0,0,0,0,0,0,0,0,0,0,0,0,0,0,0,0,0
2446052215840,28.478575,1791215032675383457,,0,0,0,0,0,0,0,0,0,0,0,0,0,0,0,0,0,0,0
2446072265696,28.498625,1791215032695383433,,0,0,0,0,0,0,0,0,0,0,0,0,0,0,0,0,0,0,0
2446092279264,28.518639,1791215032715383209,,0,0,0,0,0,0,0,0,0,0,0,0,0,0,0,0,0,0,0
2446112283232,28.538643,1791215032735383130,,0,0,0,0,0,0,0,0,0,0,0,0,0,0,0,0,0,0,0
2446132273984,28.558633,1791215032755383408,,0,0,0,0,0,0,0,0,0,0,0,0,0,0,0,0,0,0,0
2446152275264,28.578635,1791215032775383076,,0,0,0,0,0,0,0,0,0,0,0,0,0,0,0,0,0,0,0
2446172279296,28.598639,1791215032795382801,,0,0,0,0,0,0,0,0,0,0,0,0,0,0,0,0,0,0,0
2446192250272,28.61861,1791215032815383407,,0,0,0,0,0,0,0,0,0,0,0,0,0,0,0,0,0,0,0
2446212276352,28.638636,1791215032835383147,,0,0,0,0,0,0,0,0,0,0,0,0,0,0,0,0,0,0,0
2446232270720,28.65863,1791215032855382916,,0,0,0,0,0,0,0,0,0,0,0,0,0,0,0,0,0,0,0
2446252135552,28.678495,1791215032875383418,,0,0,0,0,0,0,0,0,0,0,0,0,0,0,0,0,0,0,0
2446272268544,28.698628,1791215032895383018,,0,0,0,0,0,0,0,0,0,0,0,0,0,0,0,0,0,0,0
2446292254848,28.718614,1791215032915383242,,0,0,0,0,0,0,0,0,0,0,0,0,0,0,0,0,0,0,0
2446312296672,28.738656,1791215032935382782,,0,0,0,0,0,0,0,0,0,0,0,0,0,0,0,0,0,0,0
2446332281696,28.758641,1791215032955382418,,0,0,0,0,0,0,0,0,0,0,0,0,0,0,0,0,0,0,0
2446352274144,28.778634,1791215032975383049,,0,0,0,0,0,0,0,0,0,0,0,0,0,0,0,0,0,0,0
2446372304256,28.798664,1791215032995383381,,0,0,0,0,0,0,0,0,0,0,0,0,0,0,0,0,0,0,0
2446392260736,28.81862,1791215033015383401,,0,0,0,0,0,0,0,0,0,0,0,0,0,0,0,0,0,0,0
2446412247360,28.838607,1791215033035382492,,0,0,0,0,0,0,0,0,0,0,0,0,0,0,0,0,0,0,0
2446432327328,28.858687,1791215033055383247,,0,0,0,0,0,0,0,0,0,0,0,0,0,0,0,0,0,0,0
2446452157216,28.878517,1791215033075383665,,0,0,0,0,0,0,0,0,0,0,0,0,0,0,0,0,0,0,0
2446472264224,28.898624,1791215033095383052,,0,0,0,0,0,0,0,0,0,0,0,0,0,0,0,0,0,0,0
2446492257088,28.918617,1791215033115382685,,0,0,0,0,0,0,0,0,0,0,0,0,0,0,0,0,0,0,0
2446512265056,28.938625,1791215033135382724,,0,0,0,0,0,0,0,0,0,0,0,0,0,0,0,0,0,0,0
2446532260320,28.95862,1791215033155383245,,0,0,0,0,0,0,0,0,0,0,0,0,0,0,0,0,0,0,0
2446552295936,28.978655,1791215033175382960,,0,0,0,0,0,0,0,0,0,0,0,0,0,0,0,0,0,0,0
2446572267104,28.998627,1791215033195382585,,0,0,0,0,0,0,0,0,0,0,0,0,0,0,0,0,0,0,0
2446592232224,29.018592,1791215033215382967,,0,0,0,0,0,0,0,0,0,0,0,0,0,0,0,0,0,0,0
2446612256800,29.038616,1791215033235383260,,0,0,0,0,0,0,0,0,0,0,0,0,0,0,0,0,0,0,0
2446632263072,29.058623,1791215033255383286,,0,0,0,0,0,0,0,0,0,0,0,0,0,0,0,0,0,0,0
2446652214720,29.078574,1791215033275382918,,0,0,0,0,0,0,0,0,0,0,0,0,0,0,0,0,0,0,0
2446672252608,29.098612,1791215033295383218,,0,0,0,0,0,0,0,0,0,0,0,0,0,0,0,0,0,0,0
2446692244608,29.118604,1791215033315382891,,0,0,0,0,0,0,0,0,0,0,0,0,0,0,0,0,0,0,0
2446712235072,29.138595,1791215033335383007,,0,0,0,0,0,0,0,0,0,0,0,0,0,0,0,0,0,0,0
2446732287904,29.158647,1791215033355382807,,0,0,0,0,0,0,0,0,0,0,0,0,0,0,0,0,0,0,0
2446752237280,29.178597,1791215033375382671,,0,0,0,0,0,0,0,0,0,0,0,0,0,0,0,0,0,0,0
2446772273024,29.198632,1791215033395382907,,0,0,0,0,0,0,0,0,0,0,0,0,0,0,0,0,0,0,0
2446792244544,29.218604,1791215033415383042,,0,0,0,0,0,0,0,0,0,0,0,0,0,0,0,0,0,0,0
2446812247456,29.238607,1791215033435383230,,0,0,0,0,0,0,0,0,0,0,0,0,0,0,0,0,0,0,0
2446832247392,29.258607,1791215033455382570,,0,0,0,0,0,0,0,0,0,0,0,0,0,0,0,0,0,0,0
2446852112864,29.278472,1791215033475382904,,0,0,0,0,0,0,0,0,0,0,0,0,0,0,0,0,0,0,0
2446872230464,29.29859,1791215033495383170,,0,0,0,0,0,0,0,0,0,0,0,0,0,0,0,0,0,0,0
2446892263456,29.318623,1791215033515382891,,0,0,0,0,0,0,0,0,0,0,0,0,0,0,0,0,0,0,0
2446912236224,29.338596,1791215033535383110,,0,0,0,0,0,0,0,0,0,0,0,0,0,0,0,0,0,0,0
2446932234144,29.358594,1791215033555382869,,0,0,0,0,0,0,0,0,0,0,0,0,0,0,0,0,0,0,0
2446952285728,29.378645,1791215033575383558,,0,0,0,0,0,0,0,0,0,0,0,0,0,0,0,0,0,0,0
2446972255136,29.398615,1791215033595383382,,0,0,0,0,0,0,0,0,0,0,0,0,0,0,0,0,0,0,0
2446992226592,29.418586,1791215033615382656,,0,0,0,0,0,0,0,0,0,0,0,0,0,0,0,0,0,0,0
2447012255648,29.438615,1791215033635383568,,0,0,0,0,0,0,0,0,0,0,0,0,0,0,0,0,0,0,0
2447032244480,29.458604,1791215033655382814,,0,0,0,0,0,0,0,0,0,0,0,0,0,0,0,0,0,0,0
2447052163328,29.478523,1791215033675382996,,0,0,0,0,0,0,0,0,0,0,0,0,0,0,0,0,0,0,0
2447072258656,29.498618,1791215033695383035,,0,0,0,0,0,0,0,0,0,0,0,0,0,0,0,0,0,0,0
2447092234432,29.518594,1791215033715382807,,0,0,0,0,0,0,0,0,0,0,0,0,0,0,0,0,0,0,0
2447112237856,29.538597,1791215033735385277,,0,0,0,0,0,0,0,0,0,0,0,0,0,0,0,0,0,0,0
2447132218176,29.558578,1791215033755382825,,0,0,0,0,0,0,0,0,0,0,0,0,0,0,0,0,0,0,0
2447152235136,29.578595,1791215033775382944,,0,0,0,0,0,0,0,0,0,0,0,0,0,0,0,0,0,0,0
2447172202976,29.598562,1791215033795382838,,0,0,0,0,0,0,0,0,0,0,0,0,0,0,0,0,0,0,0
2447192210304,29.61857,1791215033815383222,,0,0,0,0,0,0,0,0,0,0,0,0,0,0,0,0,0,0,0
2447212207744,29.638567,1791215033835383203,,0,0,0,0,0,0,0,0,0,0,0,0,0,0,0,0,0,0,0
2447232205280,29.658565,1791215033855382734,,0,0,0,0,0,0,0,0,0,0,0,0,0,0,0,0,0,0,0
2447252087104,29.678447,1791215033875383468,,0,0,0,0,0,0,0,0,0,0,0,0,0,0,0,0,0,0,0
2447272226464,29.698586,1791215033895382836,,0,0,0,0,0,0,0,0,0,0,0,0,0,0,0,0,0,0,0
2447292246464,29.718606,1791215033915383054,,0,0,0,0,0,0,0,0,0,0,0,0,0,0,0,0,0,0,0
2447312190080,29.73855,1791215033935396763,,0,0,0,0,0,0,0,0,0,0,0,0,0,0,0,0,0,0,0
2447332221344,29.758581,1791215033955383450,,0,0,0,0,0,0,0,0,0,0,0,0,0,0,0,0,0,0,0
2447352248928,29.778608,1791215033975382873,,0,0,0,0,0,0,0,0,0,0,0,0,0,0,0,0,0,0,0
2447372218976,29.798578,1791215033995382677,,0,0,0,0,0,0,0,0,0,0,0,0,0,0,0,0,0,0,0
2447392199040,29.818558,1791215034015382852,,0,0,0,0,0,0,0,0,0,0,0,0,0,0,0,0,0,0,0
2447412233024,29.838592,1791215034035382906,,0,0,0,0,0,0,0,0,0,0,0,0,0,0,0,0,0,0,0
2447432239360,29.858599,1791215034055383366,,0,0,0,0,0,0,0,0,0,0,0,0,0,0,0,0,0,0,0
2447452084800,29.878444,1791215034075382966,,0,0,0,0,0,0,0,0,0,0,0,0,0,0,0,0,0,0,0
2447472225280,29.898585,1791215034095382781,,0,0,0,0,0,0,0,0,0,0,0,0,0,0,0,0,0,0,0
2447492203904,29.918563,1791215034115383311,,0,0,0,0,0,0,0,0,0,0,0,0,0,0,0,0,0,0,0
2447512201280,29.938561,1791215034135382792,,0,0,0,0,0,0,0,0,0,0,0,0,0,0,0,0,0,0,0
2447532224288,29.958584,1791215034155383589,,0,0,0,0,0,0,0,0,0,0,0,0,0,0,0,0,0,0,0
2447552207328,29.978567,1791215034175383036,,0,0,0,0,0,0,0,0,0,0,0,0,0,0,0,0,0,0,0
2447572203872,29.998563,1791215034195382927,,0,0,0,0,0,0,0,0,0,0,0,0,0,0,0,0,0,0,0
2447592209952,30.018569,1791215034215382530,,0,0,0,0,0,0,0,0,0,0,0,0,0,0,0,0,0,0,0
2447612220384,30.03858,1791215034235382886,,0,0,0,0,0,0,0,0,0,0,0,0,0,0,0,0,0,0,0
2447632188448,30.058548,1791215034255383022,,0,0,0,0,0,0,0,0,0,0,0,0,0,0,0,0,0,0,0
2447652101248,30.078461,1791215034275382908,,0,0,0,0,0,0,0,0,0,0,0,0,0,0,0,0,0,0,0
2447672197760,30.098557,1791215034295383177,,0,0,0,0,0,0,0,0,0,0,0,0,0,0,0,0,0,0,0
2447692184704,30.118544,1791215034315382668,,0,0,0,0,0,0,0,0,0,0,0,0,0,0,0,0,0,0,0
2447712204480,30.138564,1791215034335383051,,0,0,0,0,0,0,0,0,0,0,0,0,0,0,0,0,0,0,0
2447732199968,30.158559,1791215034355382735,,0,0,0,0,0,0,0,0,0,0,0,0,0,0,0,0,0,0,0
2447752224160,30.178584,1791215034375382740,,0,0,0,0,0,0,0,0,0,0,0,0,0,0,0,0,0,0,0
2447772216096,30.198576,1791215034395382472,,0,0,0,0,0,0,0,0,0,0,0,0,0,0,0,0,0,0,0
2447792192672,30.218552,1791215034415383063,,0,0,0,0,0,0,0,0,0,0,0,0,0,0,0,0,0,0,0
2447812215712,30.238575,1791215034435383354,,0,0,0,0,0,0,0,0,0,0,0,0,0,0,0,0,0,0,0
2447832193056,30.258553,1791215034455382944,,0,0,0,0,0,0,0,0,0,0,0,0,0,0,0,0,0,0,0
2447852060672,30.27842,1791215034475382955,,0,0,0,0,0,0,0,0,0,0,0,0,0,0,0,0,0,0,0
2447872236128,30.298596,1791215034495382853,,0,0,0,0,0,0,0,0,0,0,0,0,0,0,0,0,0,0,0
2447892182176,30.318542,1791215034515382461,,0,0,0,0,0,0,0,0,0,0,0,0,0,0,0,0,0,0,0
2447912175264,30.338535,1791215034535383312,,0,0,0,0,0,0,0,0,0,0,0,0,0,0,0,0,0,0,0
2447932212736,30.358572,1791215034555383397,,0,0,0,0,0,0,0,0,0,0,0,0,0,0,0,0,0,0,0
2447952178976,30.378538,1791215034575382862,,0,0,0,0,0,0,0,0,0,0,0,0,0,0,0,0,0,0,0
2447972177376,30.398537,1791215034595383200,,0,0,0,0,0,0,0,0,0,0,0,0,0,0,0,0,0,0,0
2447992184352,30.418544,1791215034615383311,,0,0,0,0,0,0,0,0,0,0,0,0,0,0,0,0,0,0,0
2448012178080,30.438538,1791215034635383219,,0,0,0,0,0,0,0,0,0,0,0,0,0,0,0,0,0,0,0
2448032172256,30.458532,1791215034655382879,,0,0,0,0,0,0,0,0,0,0,0,0,0,0,0,0,0,0,0
2448052124608,30.478484,1791215034675397527,,0,0,0,0,0,0,0,0,0,0,0,0,0,0,0,0,0,0,0
2448072181600,30.498541,1791215034695382911,,0,0,0,0,0,0,0,0,0,0,0,0,0,0,0,0,0,0,0
2448092167584,30.518527,1791215034715382812,,0,0,0,0,0,0,0,0,0,0,0,0,0,0,0,0,0,0,0
2448112161248,30.538521,1791215034735396955,,0,0,0,0,0,0,0,0,0,0,0,0,0,0,0,0,0,0,0
2448132235360,30.558595,1791215034755382858,,0,0,0,0,0,0,0,0,0,0,0,0,0,0,0,0,0,0,0
2448152162272,30.578522,1791215034775382675,,0,0,0,0,0,0,0,0,0,0,0,0,0,0,0,0,0,0,0
2448172192288,30.598552,1791215034795382912,,0,0,0,0,0,0,0,0,0,0,0,0,0,0,0,0,0,0,0
2448192174528,30.618534,1791215034815388772,,0,0,0,0,0,0,0,0,0,0,0,0,0,0,0,0,0,0,0
2448212218368,30.638578,1791215034835389081,,0,0,0,0,0,0,0,0,0,0,0,0,0,0,0,0,0,0,0
2448232189408,30.658549,1791215034855382997,,0,0,0,0,0,0,0,0,0,0,0,0,0,0,0,0,0,0,0
2448252067360,30.678427,1791215034875393359,,0,0,0,0,0,0,0,0,0,0,0,0,0,0,0,0,0,0,0
2448272215200,30.698575,1791215034895383500,,0,0,0,0,0,0,0,0,0,0,0,0,0,0,0,0,0,0,0
2448292231392,30.718591,1791215034915383326,,0,0,0,0,0,0,0,0,0,0,0,0,0,0,0,0,0,0,0
2448312272800,30.738632,1791215034935383481,,0,0,0,0,0,0,0,0,0,0,0,0,0,0,0,0,0,0,0
2448332201856,30.758561,1791215034955383442,,0,0,0,0,0,0,0,0,0,0,0,0,0,0,0,0,0,0,0
2448352177664,30.778537,1791215034975383415,,0,0,0,0,0,0,0,0,0,0,0,0,0,0,0,0,0,0,0
2448372159168,30.798519,1791215034995383699,,0,0,0,0,0,0,0,0,0,0,0,0,0,0,0,0,0,0,0
2448392178912,30.818538,1791215035015382984,,0,0,0,0,0,0,0,0,0,0,0,0,0,0,0,0,0,0,0
2448412166176,30.838526,1791215035035382824,,0,0,0,0,0,0,0,0,0,0,0,0,0,0,0,0,0,0,0
2448432194592,30.858554,1791215035055383446,,0,0,0,0,0,0,0,0,0,0,0,0,0,0,0,0,0,0,0
2448452121888,30.878481,1791215035075383232,,0,0,0,0,0,0,0,0,0,0,0,0,0,0,0,0,0,0,0
2448472154816,30.898514,1791215035095382861,,0,0,0,0,0,0,0,0,0,0,0,0,0,0,0,0,0,0,0
2448492160736,30.91852,1791215035115383164,,0,0,0,0,0,0,0,0,0,0,0,0,0,0,0,0,0,0,0
2448512164352,30.938524,1791215035135383194,,0,0,0,0,0,0,0,0,0,0,0,0,0,0,0,0,0,0,0
2448532175904,30.958535,1791215035155382958,,0,0,0,0,0,0,0,0,0,0,0,0,0,0,0,0,0,0,0
2448552151232,30.978511,1791215035175383375,,0,0,0,0,0,0,0,0,0,0,0,0,0,0,0,0,0,0,0
2448572181696,30.998541,1791215035195383125,,0,0,0,0,0,0,0,0,0,0,0,0,0,0,0,0,0,0,0
2448592147200,31.018507,1791215035215383418,,0,0,0,0,0,0,0,0,0,0,0,0,0,0,0,0,0,0,0
2448612132224,31.038492,1791215035235383358,,0,0,0,0,0,0,0,0,0,0,0,0,0,0,0,0,0,0,0
2448632162240,31.058522,1791215035255382958,,0,0,0,0,0,0,0,0,0,0,0,0,0,0,0,0,0,0,0
2448652022272,31.078382,1791215035275382689,,0,0,0,0,0,0,0,0,0,0,0,0,0,0,0,0,0,0,0
2448672129120,31.098489,1791215035295383251,,0,0,0,0,0,0,0,0,0,0,0,0,0,0,0,0,0,0,0
2448692150432,31.11851,1791215035315383993,,0,0,0,0,0,0,0,0,0,0,0,0,0,0,0,0,0,0,0
2448712145216,31.138505,1791215035335383064,,0,0,0,0,0,0,0,0,0,0,0,0,0,0,0,0,0,0,0
2448732187520,31.158547,1791215035355383674,,0,0,0,0,0,0,0,0,0,0,0,0,0,0,0,0,0,0,0
2448752145792,31.178505,1791215035375382799,,0,0,0,0,0,0,0,0,0,0,0,0,0,0,0,0,0,0,0
2448772154528,31.198514,1791215035395383326,,0,0,0,0,0,0,0,0,0,0,0,0,0,0,0,0,0,0,0
2448792157440,31.218517,1791215035415383387,,0,0,0,0,0,0,0,0,0,0,0,0,0,0,0,0,0,0,0
2448812146432,31.238506,1791215035435382596,,0,0,0,0,0,0,0,0,0,0,0,0,0,0,0,0,0,0,0
2448832135104,31.258495,1791215035455383194,,0,0,0,0,0,0,0,0,0,0,0,0,0,0,0,0,0,0,0
2448852018112,31.278378,1791215035475382881,,0,0,0,0,0,0,0,0,0,0,0,0,0,0,0,0,0,0,0
2448872138368,31.298498,1791215035495382861,,0,0,0,0,0,0,0,0,0,0,0,0,0,0,0,0,0,0,0
2448892131136,31.318491,1791215035515383244,,0,0,0,0,0,0,0,0,0,0,0,0,0,0,0,0,0,0,0
2448912158560,31.338518,1791215035535382868,,0,0,0,0,0,0,0,0,0,0,0,0,0,0,0,0,0,0,0
2448932160928,31.35852,1791215035555383270,,0,0,0,0,0,0,0,0,0,0,0,0,0,0,0,0,0,0,0
2448952139680,31.378499,1791215035575382760,,0,0,0,0,0,0,0,0,0,0,0,0,0,0,0,0,0,0,0
2448972162656,31.398522,1791215035595383413,,0,0,0,0,0,0,0,0,0,0,0,0,0,0,0,0,0,0,0
2448992127680,31.418487,1791215035615382788,,0,0,0,0,0,0,0,0,0,0,0,0,0,0,0,0,0,0,0
2449012138432,31.438498,1791215035635382707,,0,0,0,0,0,0,0,0,0,0,0,0,0,0,0,0,0,0,0
2449032174400,31.458534,1791215035655382902,,0,0,0,0,0,0,0,0,0,0,0,0,0,0,0,0,0,0,0
2449052007296,31.478367,1791215035675383202,,0,0,0,0,0,0,0,0,0,0,0,0,0,0,0,0,0,0,0
2449072115840,31.498475,1791215035695383362,,0,0,0,0,0,0,0,0,0,0,0,0,0,0,0,0,0,0,0
2449092122560,31.518482,1791215035715383227,,0,0,0,0,0,0,0,0,0,0,0,0,0,0,0,0,0,0,0
2449112126560,31.538486,1791215035735383356,,0,0,0,0,0,0,0,0,0,0,0,0,0,0,0,0,0,0,0
2449132129376,31.558489,1791215035755383308,,0,0,0,0,0,0,0,0,0,0,0,0,0,0,0,0,0,0,0
2449152134912,31.578494,1791215035775382681,,0,0,0,0,0,0,0,0,0,0,0,0,0,0,0,0,0,0,0
2449172123232,31.598483,1791215035795382748,,0,0,0,0,0,0,0,0,0,0,0,0,0,0,0,0,0,0,0
2449192116192,31.618476,1791215035815383448,,0,0,0,0,0,0,0,0,0,0,0,0,0,0,0,0,0,0,0
2449212123584,31.638483,1791215035835383202,,0,0,0,0,0,0,0,0,0,0,0,0,0,0,0,0,0,0,0
2449232118912,31.658478,1791215035855382809,,0,0,0,0,0,0,0,0,0,0,0,0,0,0,0,0,0,0,0
2449251996512,31.678356,1791215035875383154,,0,0,0,0,0,0,0,0,0,0,0,0,0,0,0,0,0,0,0
2449272156896,31.698516,1791215035895383295,,0,0,0,0,0,0,0,0,0,0,0,0,0,0,0,0,0,0,0
2449292131808,31.718491,1791215035915384466,,0,0,0,0,0,0,0,0,0,0,0,0,0,0,0,0,0,0,0
2449312146880,31.738506,1791215035935382888,,0,0,0,0,0,0,0,0,0,0,0,0,0,0,0,0,0,0,0
2449332132928,31.758492,1791215035955382735,,0,0,0,0,0,0,0,0,0,0,0,0,0,0,0,0,0,0,0
2449352112608,31.778472,1791215035975383074,,0,0,0,0,0,0,0,0,0,0,0,0,0,0,0,0,0,0,0
2449372145184,31.798505,1791215035995382685,,0,0,0,0,0,0,0,0,0,0,0,0,0,0,0,0,0,0,0
2449392128160,31.818488,1791215036015382987,,0,0,0,0,0,0,0,0,0,0,0,0,0,0,0,0,0,0,0
2449412120608,31.83848,1791215036035382627,,0,0,0,0,0,0,0,0,0,0,0,0,0,0,0,0,0,0,0
2449432152000,31.858511,1791215036055383316,,0,0,0,0,0,0,0,0,0,0,0,0,0,0,0,0,0,0,0
2449452003776,31.878363,1791215036075383173,,0,0,0,0,0,0,0,0,0,0,0,0,0,0,0,0,0,0,0
2449472109984,31.898469,1791215036095382900,,0,0,0,0,0,0,0,0,0,0,0,0,0,0,0,0,0,0,0
2449492135840,31.918495,1791215036115382566,,0,0,0,0,0,0,0,0,0,0,0,0,0,0,0,0,0,0,0
2449512122560,31.938482,1791215036135382820,,0,0,0,0,0,0,0,0,0,0,0,0,0,0,0,0,0,0,0
2449532119264,31.958479,1791215036155382968,,0,0,0,0,0,0,0,0,0,0,0,0,0,0,0,0,0,0,0
2449552124224,31.978484,1791215036175383329,,0,0,0,0,0,0,0,0,0,0,0,0,0,0,0,0,0,0,0
2449572135264,31.998495,1791215036195382815,,0,0,0,0,0,0,0,0,0,0,0,0,0,0,0,0,0,0,0
2449592094080,32.018454,1791215036215382966,,0,0,0,0,0,0,0,0,0,0,0,0,0,0,0,0,0,0,0
2449612140128,32.0385,1791215036235382842,,0,0,0,0,0,0,0,0,0,0,0,0,0,0,0,0,0,0,0
2449632108288,32.058468,1791215036255383475,,0,0,0,0,0,0,0,0,0,0,0,0,0,0,0,0,0,0,0
2449652103840,32.078463,1791215036275383110,,0,0,0,0,0,0,0,0,0,0,0,0,0,0,0,0,0,0,0
2449672126688,32.098486,1791215036295382815,,0,0,0,0,0,0,0,0,0,0,0,0,0,0,0,0,0,0,0
2449692102368,32.118462,1791215036315382781,,0,0,0,0,0,0,0,0,0,0,0,0,0,0,0,0,0,0,0
2449712110592,32.13847,1791215036335381799,,0,0,0,0,0,0,0,0,0,0,0,0,0,0,0,0,0,0,0
2449732153760,32.158513,1791215036355383264,,0,0,0,0,0,0,0,0,0,0,0,0,0,0,0,0,0,0,0
2449752104992,32.178464,1791215036375397215,,0,0,0,0,0,0,0,0,0,0,0,0,0,0,0,0,0,0,0
2449772142240,32.198502,1791215036395382944,,0,0,0,0,0,0,0,0,0,0,0,0,0,0,0,0,0,0,0
2449792106752,32.218466,1791215036415382786,,0,0,0,0,0,0,0,0,0,0,0,0,0,0,0,0,0,0,0
2449812094368,32.238454,1791215036435382893,,0,0,0,0,0,0,0,0,0,0,0,0,0,0,0,0,0,0,0
2449832137664,32.258497,1791215036455383137,,0,0,0,0,0,0,0,0,0,0,0,0,0,0,0,0,0,0,0
2449851966368,32.278326,1791215036475383297,,0,0,0,0,0,0,0,0,0,0,0,0,0,0,0,0,0,0,0
2449872116672,32.298476,1791215036495382939,,0,0,0,0,0,0,0,0,0,0,0,0,0,0,0,0,0,0,0
2449892120224,32.31848,1791215036515383005,,0,0,0,0,0,0,0,0,0,0,0,0,0,0,0,0,0,0,0
2449912112448,32.338472,1791215036535383540,,0,0,0,0,0,0,0,0,0,0,0,0,0,0,0,0,0,0,0
2449932102112,32.358462,1791215036555383164,,0,0,0,0,0,0,0,0,0,0,0,0,0,0,0,0,0,0,0
2449952099328,32.378459,1791215036575383046,,0,0,0,0,0,0,0,0,0,0,0,0,0,0,0,0,0,0,0
2449972116096,32.398476,1791215036595383366,,0,0,0,0,0,0,0,0,0,0,0,0,0,0,0,0,0,0,0
2449992087488,32.418447,1791215036615383169,,0,0,0,0,0,0,0,0,0,0,0,0,0,0,0,0,0,0,0
2450012104704,32.438464,1791215036635382262,,0,0,0,0,0,0,0,0,0,0,0,0,0,0,0,0,0,0,0
2450032098720,32.458458,1791215036655383451,,0,0,0,0,0,0,0,0,0,0,0,0,0,0,0,0,0,0,0
2450051957824,32.478317,1791215036675383250,,0,0,0,0,0,0,0,0,0,0,0,0,0,0,0,0,0,0,0
2450072099520,32.498459,1791215036695382549,,0,0,0,0,0,0,0,0,0,0,0,0,0,0,0,0,0,0,0
2450092070208,32.51843,1791215036715382268,,0,0,0,0,0,0,0,0,0,0,0,0,0,0,0,0,0,0,0
2450112061568,32.538421,1791215036735382729,,0,0,0,0,0,0,0,0,0,0,0,0,0,0,0,0,0,0,0
2450132087392,32.558447,1791215036755382933,,0,0,0,0,0,0,0,0,0,0,0,0,0,0,0,0,0,0,0
2450152101984,32.578461,1791215036775382628,,0,0,0,0,0,0,0,0,0,0,0,0,0,0,0,0,0,0,0
2450172039968,32.598399,1791215036795382763,,0,0,0,0,0,0,0,0,0,0,0,0,0,0,0,0,0,0,0
2450192081248,32.618441,1791215036815383391,,0,0,0,0,0,0,0,0,0,0,0,0,0,0,0,0,0,0,0
2450212063008,32.638422,1791215036835382817,,0,0,0,0,0,0,0,0,0,0,0,0,0,0,0,0,0,0,0
2450232134752,32.658494,1791215036855382773,,0,0,0,0,0,0,0,0,0,0,0,0,0,0,0,0,0,0,0
2450251994688,32.678354,1791215036875382952,,0,0,0,0,0,0,0,0,0,0,0,0,0,0,0,0,0,0,0
2450272074080,32.698434,1791215036895382813,,0,0,0,0,0,0,0,0,0,0,0,0,0,0,0,0,0,0,0
2450292093856,32.718453,1791215036915383281,,0,0,0,0,0,0,0,0,0,0,0,0,0,0,0,0,0,0,0
2450312095840,32.738455,1791215036935382880,,0,0,0,0,0,0,0,0,0,0,0,0,0,0,0,0,0,0,0
2450332083392,32.758443,1791215036955382387,,0,0,0,0,0,0,0,0,0,0,0,0,0,0,0,0,0,0,0
2450352116544,32.778476,1791215036975382963,,0,0,0,0,0,0,0,0,0,0,0,0,0,0,0,0,0,0,0
2450372090176,32.79845,1791215036995382636,,0,0,0,0,0,0,0,0,0,0,0,0,0,0,0,0,0,0,0
2450392138720,32.818498,1791215037015384153,,0,0,0,0,0,0,0,0,0,0,0,0,0,0,0,0,0,0,0
2450412096032,32.838455,1791215037035383159,,0,0,0,0,0,0,0,0,0,0,0,0,0,0,0,0,0,0,0
2450432076064,32.858436,1791215037055383949,,0,0,0,0,0,0,0,0,0,0,0,0,0,0,0,0,0,0,0
2450453568416,32.879928,1791215037075383318,,0,0,0,0,0,0,0,0,0,0,0,0,0,0,0,0,0,0,0
2450472054656,32.898414,1791215037095383446,,0,0,0,0,0,0,0,0,0,0,0,0,0,0,0,0,0,0,0
2450492044096,32.918404,1791215037115383383,,0,0,0,0,0,0,0,0,0,0,0,0,0,0,0,0,0,0,0
2450512059456,32.938419,1791215037135383238,,0,0,0,0,0,0,0,0,0,0,0,0,0,0,0,0,0,0,0
2450532069120,32.958429,1791215037155383166,,0,0,0,0,0,0,0,0,0,0,0,0,0,0,0,0,0,0,0
2450552091072,32.978451,1791215037175383123,,0,0,0,0,0,0,0,0,0,0,0,0,0,0,0,0,0,0,0
2450572040128,32.9984,1791215037195382565,,0,0,0,0,0,0,0,0,0,0,0,0,0,0,0,0,0,0,0
2450592131936,33.018491,1791215037215383125,,0,0,0,0,0,0,0,0,0,0,0,0,0,0,0,0,0,0,0
2450612047712,33.038407,1791215037235382908,,0,0,0,0,0,0,0,0,0,0,0,0,0,0,0,0,0,0,0
2450632092064,33.058452,1791215037255383306,,0,0,0,0,0,0,0,0,0,0,0,0,0,0,0,0,0,0,0
2450651974720,33.078334,1791215037275382803,,0,0,0,0,0,0,0,0,0,0,0,0,0,0,0,0,0,0,0
2450672045152,33.098405,1791215037295383032,,0,0,0,0,0,0,0,0,0,0,0,0,0,0,0,0,0,0,0
2450692014752,33.118374,1791215037315382999,,0,0,0,0,0,0,0,0,0,0,0,0,0,0,0,0,0,0,0
2450712055200,33.138415,1791215037335383149,,0,0,0,0,0,0,0,0,0,0,0,0,0,0,0,0,0,0,0
2450732029728,33.158389,1791215037355383080,,0,0,0,0,0,0,0,0,0,0,0,0,0,0,0,0,0,0,0
2450752084032,33.178443,1791215037375383780,,0,0,0,0,0,0,0,0,0,0,0,0,0,0,0,0,0,0,0
2450772051392,33.198411,1791215037395382948,,0,0,0,0,0,0,0,0,0,0,0,0,0,0,0,0,0,0,0
2450792045760,33.218405,1791215037415383334,,0,0,0,0,0,0,0,0,0,0,0,0,0,0,0,0,0,0,0
2450812073728,33.238433,1791215037435383126,,0,0,0,0,0,0,0,0,0,0,0,0,0,0,0,0,0,0,0
2450832044832,33.258404,1791215037455383214,,0,0,0,0,0,0,0,0,0,0,0,0,0,0,0,0,0,0,0
2450851944672,33.278304,1791215037475383155,,0,0,0,0,0,0,0,0,0,0,0,0,0,0,0,0,0,0,0
2450872065824,33.298425,1791215037495382899,,0,0,0,0,0,0,0,0,0,0,0,0,0,0,0,0,0,0,0
2450892032480,33.318392,1791215037515383507,,0,0,0,0,0,0,0,0,0,0,0,0,0,0,0,0,0,0,0
2450912036640,33.338396,1791215037535382793,,0,0,0,0,0,0,0,0,0,0,0,0,0,0,0,0,0,0,0
2450932064960,33.358424,1791215037555382885,,0,0,0,0,0,0,0,0,0,0,0,0,0,0,0,0,0,0,0
2450952030144,33.37839,1791215037575382591,,0,0,0,0,0,0,0,0,0,0,0,0,0,0,0,0,0,0,0
2450972113184,33.398473,1791215037595383066,,0,0,0,0,0,0,0,0,0,0,0,0,0,0,0,0,0,0,0
2450992044192,33.418404,1791215037615383098,,0,0,0,0,0,0,0,0,0,0,0,0,0,0,0,0,0,0,0
2451012036960,33.438396,1791215037635382746,,0,0,0,0,0,0,0,0,0,0,0,0,0,0,0,0,0,0,0
2451032023520,33.458383,1791215037655382709,,0,0,0,0,0,0,0,0,0,0,0,0,0,0,0,0,0,0,0
2451052041280,33.478401,1791215037675383802,,0,0,0,0,0,0,0,0,0,0,0,0,0,0,0,0,0,0,0
2451072042656,33.498402,1791215037695383059,,0,0,0,0,0,0,0,0,0,0,0,0,0,0,0,0,0,0,0
2451092011488,33.518371,1791215037715383072,,0,0,0,0,0,0,0,0,0,0,0,0,0,0,0,0,0,0,0
2451112040576,33.5384,1791215037735383276,,0,0,0,0,0,0,0,0,0,0,0,0,0,0,0,0,0,0,0
2451132026432,33.558386,1791215037755383089,,0,0,0,0,0,0,0,0,0,0,0,0,0,0,0,0,0,0,0
2451152008704,33.578368,1791215037775382807,,0,0,0,0,0,0,0,0,0,0,0,0,0,0,0,0,0,0,0
2451172027328,33.598387,1791215037795382879,,0,0,0,0,0,0,0,0,0,0,0,0,0,0,0,0,0,0,0
2451192023104,33.618383,1791215037815382701,,0,0,0,0,0,0,0,0,0,0,0,0,0,0,0,0,0,0,0
2451212013312,33.638373,1791215037835397015,,0,0,0,0,0,0,0,0,0,0,0,0,0,0,0,0,0,0,0
2451232054720,33.658414,1791215037855382646,,0,0,0,0,0,0,0,0,0,0,0,0,0,0,0,0,0,0,0
2451251930688,33.67829,1791215037875382949,,0,0,0,0,0,0,0,0,0,0,0,0,0,0,0,0,0,0,0
2451272010016,33.698369,1791215037895397130,,0,0,0,0,0,0,0,0,0,0,0,0,0,0,0,0,0,0,0
2451292013088,33.718373,1791215037915382566,,0,0,0,0,0,0,0,0,0,0,0,0,0,0,0,0,0,0,0
2451312016384,33.738376,1791215037935383520,,0,0,0,0,0,0,0,0,0,0,0,0,0,0,0,0,0,0,0
2451332054368,33.758414,1791215037955383030,,0,0,0,0,0,0,0,0,0,0,0,0,0,0,0,0,0,0,0
2451352003200,33.778363,1791215037975383405,,0,0,0,0,0,0,0,0,0,0,0,0,0,0,0,0,0,0,0
2451372028192,33.798388,1791215037995382651,,0,0,0,0,0,0,0,0,0,0,0,0,0,0,0,0,0,0,0
2451392035648,33.818395,1791215038015382684,,0,0,0,0,0,0,0,0,0,0,0,0,0,0,0,0,0,0,0
2451412018496,33.838378,1791215038035383160,,0,0,0,0,0,0,0,0,0,0,0,0,0,0,0,0,0,0,0
2451432017632,33.858377,1791215038055396631,,0,0,0,0,0,0,0,0,0,0,0,0,0,0,0,0,0,0,0
2451451912192,33.878272,1791215038075382436,,0,0,0,0,0,0,0,0,0,0,0,0,0,0,0,0,0,0,0
2451472030624,33.89839,1791215038095389285,,0,0,0,0,0,0,0,0,0,0,0,0,0,0,0,0,0,0,0
2451492002720,33.918362,1791215038115383035,,0,0,0,0,0,0,0,0,0,0,0,0,0,0,0,0,0,0,0
2451512014304,33.938374,1791215038135383248,,0,0,0,0,0,0,0,0,0,0,0,0,0,0,0,0,0,0,0
2451532007936,33.958367,1791215038155382966,,0,0,0,0,0,0,0,0,0,0,0,0,0,0,0,0,0,0,0
2451551993120,33.978353,1791215038175383176,,0,0,0,0,0,0,0,0,0,0,0,0,0,0,0,0,0,0,0
2451572023456,33.998383,1791215038195382996,,0,0,0,0,0,0,0,0,0,0,0,0,0,0,0,0,0,0,0
2451591992992,34.018352,1791215038215383146,,0,0,0,0,0,0,0,0,0,0,0,0,0,0,0,0,0,0,0
2451611987168,34.038347,1791215038235382759,,0,0,0,0,0,0,0,0,0,0,0,0,0,0,0,0,0,0,0
2451632029760,34.058389,1791215038255382910,,0,0,0,0,0,0,0,0,0,0,0,0,0,0,0,0,0,0,0
2451651956704,34.078316,1791215038275383216,,0,0,0,0,0,0,0,0,0,0,0,0,0,0,0,0,0,0,0
2451671990176,34.09835,1791215038295382794,,0,0,0,0,0,0,0,0,0,0,0,0,0,0,0,0,0,0,0
2451692001568,34.118361,1791215038315382533,,0,0,0,0,0,0,0,0,0,0,0,0,0,0,0,0,0,0,0
2451712005184,34.138365,1791215038335382645,,0,0,0,0,0,0,0,0,0,0,0,0,0,0,0,0,0,0,0
2451731996800,34.158356,1791215038355382272,,0,0,0,0,0,0,0,0,0,0,0,0,0,0,0,0,0,0,0
2451752004640,34.178364,1791215038375382374,,0,0,0,0,0,0,0,0,0,0,0,0,0,0,0,0,0,0,0
2451771999200,34.198359,1791215038395382796,,0,0,0,0,0,0,0,0,0,0,0,0,0,0,0,0,0,0,0
2451792006592,34.218366,1791215038415382507,,0,0,0,0,0,0,0,0,0,0,0,0,0,0,0,0,0,0,0
2451812004544,34.238364,1791215038435383153,,0,0,0,0,0,0,0,0,0,0,0,0,0,0,0,0,0,0,0
2451831993152,34.258353,1791215038455383168,,0,0,0,0,0,0,0,0,0,0,0,0,0,0,0,0,0,0,0
2451851863840,34.278223,1791215038475384056,,0,0,0,0,0,0,0,0,0,0,0,0,0,0,0,0,0,0,0
2451871996576,34.298356,1791215038495383181,,0,0,0,0,0,0,0,0,0,0,0,0,0,0,0,0,0,0,0
