t_recv_ns,t_s,t_stamp_ns,frame_id,hardware_connected,analog_states_0,analog_states_1,analog_states_2,analog_states_3,analog_states_4,analog_states_5,digital_states_0,digital_states_1,digital_states_2,digital_states_3,digital_states_4,digital_states_5,digital_states_6,digital_states_7,digital_states_8,digital_states_9,digital_states_10,digital_states_11
3409999895552,0,1788964948907115546,,0,0,0,0,0,0,0,0,0,0,0,0,0,0,0,0,0,0,0
3410019787648,0.019892096,1788964948927112500,,0,0,0,0,0,0,0,0,0,0,0,0,0,0,0,0,0,0,0
3410039828704,0.039933152,1788964948947110461,,0,0,0,0,0,0,0,0,0,0,0,0,0,0,0,0,0,0,0
3410059809280,0.059913728,1788964948967110868,,0,0,0,0,0,0,0,0,0,0,0,0,0,0,0,0,0,0,0
3410079795808,0.079900256,1788964948987110650,,0,0,0,0,0,0,0,0,0,0,0,0,0,0,0,0,0,0,0
3410099825760,0.099930208,1788964949007110350,,0,0,0,0,0,0,0,0,0,0,0,0,0,0,0,0,0,0,0
3410119793760,0.11989821,1788964949027109955,,0,0,0,0,0,0,0,0,0,0,0,0,0,0,0,0,0,0,0
3410139768608,0.13987306,1788964949047110600,,0,0,0,0,0,0,0,0,0,0,0,0,0,0,0,0,0,0,0
3410159725280,0.15982973,1788964949067109818,,0,0,0,0,0,0,0,0,0,0,0,0,0,0,0,0,0,0,0
3410179790944,0.17989539,1788964949087110110,,0,0,0,0,0,0,0,0,0,0,0,0,0,0,0,0,0,0,0
3410199840256,0.1999447,1788964949107110172,,0,0,0,0,0,0,0,0,0,0,0,0,0,0,0,0,0,0,0
3410219802816,0.21990726,1788964949127110716,,0,0,0,0,0,0,0,0,0,0,0,0,0,0,0,0,0,0,0
3410239789952,0.2398944,1788964949147111725,,0,0,0,0,0,0,0,0,0,0,0,0,0,0,0,0,0,0,0
3410259769664,0.25987411,1788964949167110607,,0,0,0,0,0,0,0,0,0,0,0,0,0,0,0,0,0,0,0
3410279819104,0.27992355,1788964949187110971,,0,0,0,0,0,0,0,0,0,0,0,0,0,0,0,0,0,0,0
3410299787616,0.29989206,1788964949207113748,,0,0,0,0,0,0,0,0,0,0,0,0,0,0,0,0,0,0,0
3410319769056,0.3198735,1788964949227110057,,0,0,0,0,0,0,0,0,0,0,0,0,0,0,0,0,0,0,0
3410339793216,0.33989766,1788964949247110631,,0,0,0,0,0,0,0,0,0,0,0,0,0,0,0,0,0,0,0
3410359695392,0.35979984,1788964949267110736,,0,0,0,0,0,0,0,0,0,0,0,0,0,0,0,0,0,0,0
3410379769760,0.37987421,1788964949287110502,,0,0,0,0,0,0,0,0,0,0,0,0,0,0,0,0,0,0,0
3410399831872,0.39993632,1788964949307111036,,0,0,0,0,0,0,0,0,0,0,0,0,0,0,0,0,0,0,0
3410419777792,0.41988224,1788964949327110203,,0,0,0,0,0,0,0,0,0,0,0,0,0,0,0,0,0,0,0
3410439770912,0.43987536,1788964949347110987,,0,0,0,0,0,0,0,0,0,0,0,0,0,0,0,0,0,0,0
3410459792352,0.4598968,1788964949367109855,,0,0,0,0,0,0,0,0,0,0,0,0,0,0,0,0,0,0,0
3410479776960,0.47988141,1788964949387110603,,0,0,0,0,0,0,0,0,0,0,0,0,0,0,0,0,0,0,0
3410499798848,0.4999033,1788964949407110503,,0,0,0,0,0,0,0,0,0,0,0,0,0,0,0,0,0,0,0
3410519778304,0.51988275,1788964949427110537,,0,0,0,0,0,0,0,0,0,0,0,0,0,0,0,0,0,0,0
3410539762528,0.53986698,1788964949447110306,,0,0,0,0,0,0,0,0,0,0,0,0,0,0,0,0,0,0,0
3410559657920,0.55976237,1788964949467109687,,0,0,0,0,0,0,0,0,0,0,0,0,0,0,0,0,0,0,0
3410579776064,0.57988051,1788964949487113806,,0,0,0,0,0,0,0,0,0,0,0,0,0,0,0,0,0,0,0
3410599773280,0.59987773,1788964949507111121,,0,0,0,0,0,0,0,0,0,0,0,0,0,0,0,0,0,0,0
3410619786720,0.61989117,1788964949527112590,,0,0,0,0,0,0,0,0,0,0,0,0,0,0,0,0,0,0,0
3410639780672,0.63988512,1788964949547110573,,0,0,0,0,0,0,0,0,0,0,0,0,0,0,0,0,0,0,0
3410659753440,0.65985789,1788964949567110654,,0,0,0,0,0,0,0,0,0,0,0,0,0,0,0,0,0,0,0
3410679787744,0.67989219,1788964949587110997,,0,0,0,0,0,0,0,0,0,0,0,0,0,0,0,0,0,0,0
3410699775936,0.69988038,1788964949607110870,,0,0,0,0,0,0,0,0,0,0,0,0,0,0,0,0,0,0,0
3410719751136,0.71985558,1788964949627110617,,0,0,0,0,0,0,0,0,0,0,0,0,0,0,0,0,0,0,0
3410739773728,0.73987818,1788964949647111065,,0,0,0,0,0,0,0,0,0,0,0,0,0,0,0,0,0,0,0
3410759647680,0.75975213,1788964949667110898,,0,0,0,0,0,0,0,0,0,0,0,0,0,0,0,0,0,0,0
3410779747424,0.77985187,1788964949687110787,,0,0,0,0,0,0,0,0,0,0,0,0,0,0,0,0,0,0,0
3410799787008,0.79989146,1788964949707110637,,0,0,0,0,0,0,0,0,0,0,0,0,0,0,0,0,0,0,0
3410819751200,0.81985565,1788964949727110315,,0,0,0,0,0,0,0,0,0,0,0,0,0,0,0,0,0,0,0
3410839744608,0.83984906,1788964949747110650,,0,0,0,0,0,0,0,0,0,0,0,0,0,0,0,0,0,0,0
3410859759296,0.85986374,1788964949767110267,,0,0,0,0,0,0,0,0,0,0,0,0,0,0,0,0,0,0,0
3410879748832,0.87985328,1788964949787110794,,0,0,0,0,0,0,0,0,0,0,0,0,0,0,0,0,0,0,0
3410899754784,0.89985923,1788964949807110838,,0,0,0,0,0,0,0,0,0,0,0,0,0,0,0,0,0,0,0
3410919747808,0.91985226,1788964949827110086,,0,0,0,0,0,0,0,0,0,0,0,0,0,0,0,0,0,0,0
3410939743104,0.93984755,1788964949847110547,,0,0,0,0,0,0,0,0,0,0,0,0,0,0,0,0,0,0,0
3410959691264,0.95979571,1788964949867110571,,0,0,0,0,0,0,0,0,0,0,0,0,0,0,0,0,0,0,0
3410979761280,0.97986573,1788964949887110529,,0,0,0,0,0,0,0,0,0,0,0,0,0,0,0,0,0,0,0
3410999743232,0.99984768,1788964949907110886,,0,0,0,0,0,0,0,0,0,0,0,0,0,0,0,0,0,0,0
3411019783872,1.0198883,1788964949927110329,,0,0,0,0,0,0,0,0,0,0,0,0,0,0,0,0,0,0,0
3411039769984,1.0398744,1788964949947110238,,0,0,0,0,0,0,0,0,0,0,0,0,0,0,0,0,0,0,0
3411059768544,1.059873,1788964949967110616,,0,0,0,0,0,0,0,0,0,0,0,0,0,0,0,0,0,0,0
3411079782784,1.0798872,1788964949987110027,,0,0,0,0,0,0,0,0,0,0,0,0,0,0,0,0,0,0,0
3411099831904,1.0999364,1788964950007110591,,0,0,0,0,0,0,0,0,0,0,0,0,0,0,0,0,0,0,0
3411119745920,1.1198504,1788964950027110632,,0,0,0,0,0,0,0,0,0,0,0,0,0,0,0,0,0,0,0
3411139735008,1.1398395,1788964950047124333,,0,0,0,0,0,0,0,0,0,0,0,0,0,0,0,0,0,0,0
3411159610304,1.1597148,1788964950067110456,,0,0,0,0,0,0,0,0,0,0,0,0,0,0,0,0,0,0,0
3411179723200,1.1798276,1788964950087110593,,0,0,0,0,0,0,0,0,0,0,0,0,0,0,0,0,0,0,0
3411199737312,1.1998418,1788964950107123813,,0,0,0,0,0,0,0,0,0,0,0,0,0,0,0,0,0,0,0
3411219752800,1.2198572,1788964950127110573,,0,0,0,0,0,0,0,0,0,0,0,0,0,0,0,0,0,0,0
3411239730272,1.2398347,1788964950147110509,,0,0,0,0,0,0,0,0,0,0,0,0,0,0,0,0,0,0,0
3411259765856,1.2598703,1788964950167110842,,0,0,0,0,0,0,0,0,0,0,0,0,0,0,0,0,0,0,0
3411279730496,1.2798349,1788964950187110466,,0,0,0,0,0,0,0,0,0,0,0,0,0,0,0,0,0,0,0
3411299736800,1.2998412,1788964950207110735,,0,0,0,0,0,0,0,0,0,0,0,0,0,0,0,0,0,0,0
3411319783744,1.3198882,1788964950227110697,,0,0,0,0,0,0,0,0,0,0,0,0,0,0,0,0,0,0,0
3411339730656,1.3398351,1788964950247110488,,0,0,0,0,0,0,0,0,0,0,0,0,0,0,0,0,0,0,0
3411359709664,1.3598141,1788964950267124840,,0,0,0,0,0,0,0,0,0,0,0,0,0,0,0,0,0,0,0
3411379738688,1.3798431,1788964950287110376,,0,0,0,0,0,0,0,0,0,0,0,0,0,0,0,0,0,0,0
3411399782336,1.3998868,1788964950307110642,,0,0,0,0,0,0,0,0,0,0,0,0,0,0,0,0,0,0,0
3411419742624,1.4198471,1788964950327111021,,0,0,0,0,0,0,0,0,0,0,0,0,0,0,0,0,0,0,0
3411439753344,1.4398578,1788964950347110491,,0,0,0,0,0,0,0,0,0,0,0,0,0,0,0,0,0,0,0
3411459710432,1.4598149,1788964950367110853,,0,0,0,0,0,0,0,0,0,0,0,0,0,0,0,0,0,0,0
3411479752608,1.4798571,1788964950387110385,,0,0,0,0,0,0,0,0,0,0,0,0,0,0,0,0,0,0,0
3411499726720,1.4998312,1788964950407110295,,0,0,0,0,0,0,0,0,0,0,0,0,0,0,0,0,0,0,0
3411519728832,1.5198333,1788964950427110275,,0,0,0,0,0,0,0,0,0,0,0,0,0,0,0,0,0,0,0
3411539737920,1.5398424,1788964950447110182,,0,0,0,0,0,0,0,0,0,0,0,0,0,0,0,0,0,0,0
3411559617344,1.5597218,1788964950467110451,,0,0,0,0,0,0,0,0,0,0,0,0,0,0,0,0,0,0,0
3411579709248,1.5798137,1788964950487113635,,0,0,0,0,0,0,0,0,0,0,0,0,0,0,0,0,0,0,0
3411599781536,1.599886,1788964950507110668,,0,0,0,0,0,0,0,0,0,0,0,0,0,0,0,0,0,0,0
3411619709440,1.6198139,1788964950527109950,,0,0,0,0,0,0,0,0,0,0,0,0,0,0,0,0,0,0,0
3411639734016,1.6398385,1788964950547123391,,0,0,0,0,0,0,0,0,0,0,0,0,0,0,0,0,0,0,0
3411659714976,1.6598194,1788964950567110924,,0,0,0,0,0,0,0,0,0,0,0,0,0,0,0,0,0,0,0
3411679707168,1.6798116,1788964950587113141,,0,0,0,0,0,0,0,0,0,0,0,0,0,0,0,0,0,0,0
3411699741184,1.6998456,1788964950607120403,,0,0,0,0,0,0,0,0,0,0,0,0,0,0,0,0,0,0,0
3411719716736,1.7198212,1788964950627110623,,0,0,0,0,0,0,0,0,0,0,0,0,0,0,0,0,0,0,0
3411739701504,1.739806,1788964950647111512,,0,0,0,0,0,0,0,0,0,0,0,0,0,0,0,0,0,0,0
3411759594240,1.7596987,1788964950667113744,,0,0,0,0,0,0,0,0,0,0,0,0,0,0,0,0,0,0,0
3411779729696,1.7798341,1788964950687111231,,0,0,0,0,0,0,0,0,0,0,0,0,0,0,0,0,0,0,0
3411799729152,1.7998336,1788964950707110818,,0,0,0,0,0,0,0,0,0,0,0,0,0,0,0,0,0,0,0
3411819695136,1.8197996,1788964950727110518,,0,0,0,0,0,0,0,0,0,0,0,0,0,0,0,0,0,0,0
3411839717984,1.8398224,1788964950747109957,,0,0,0,0,0,0,0,0,0,0,0,0,0,0,0,0,0,0,0
3411859719808,1.8598243,1788964950767110382,,0,0,0,0,0,0,0,0,0,0,0,0,0,0,0,0,0,0,0
3411879691872,1.8797963,1788964950787110476,,0,0,0,0,0,0,0,0,0,0,0,0,0,0,0,0,0,0,0
3411899726368,1.8998308,1788964950807110381,,0,0,0,0,0,0,0,0,0,0,0,0,0,0,0,0,0,0,0
3411919699968,1.9198044,1788964950827110258,,0,0,0,0,0,0,0,0,0,0,0,0,0,0,0,0,0,0,0
3411939735392,1.9398398,1788964950847110320,,0,0,0,0,0,0,0,0,0,0,0,0,0,0,0,0,0,0,0
3411959716768,1.9598212,1788964950867110020,,0,0,0,0,0,0,0,0,0,0,0,0,0,0,0,0,0,0,0
3411979704352,1.9798088,1788964950887110656,,0,0,0,0,0,0,0,0,0,0,0,0,0,0,0,0,0,0,0
3411999748192,1.9998526,1788964950907114117,,0,0,0,0,0,0,0,0,0,0,0,0,0,0,0,0,0,0,0
3412019711616,2.0198161,1788964950927110821,,0,0,0,0,0,0,0,0,0,0,0,0,0,0,0,0,0,0,0
3412039703360,2.0398078,1788964950947110652,,0,0,0,0,0,0,0,0,0,0,0,0,0,0,0,0,0,0,0
3412059733152,2.0598376,1788964950967110454,,0,0,0,0,0,0,0,0,0,0,0,0,0,0,0,0,0,0,0
3412079706720,2.0798112,1788964950987110893,,0,0,0,0,0,0,0,0,0,0,0,0,0,0,0,0,0,0,0
3412099701696,2.0998061,1788964951007110443,,0,0,0,0,0,0,0,0,0,0,0,0,0,0,0,0,0,0,0
3412119705312,2.1198098,1788964951027110335,,0,0,0,0,0,0,0,0,0,0,0,0,0,0,0,0,0,0,0
3412139693216,2.1397977,1788964951047110458,,0,0,0,0,0,0,0,0,0,0,0,0,0,0,0,0,0,0,0
3412159569056,2.1596735,1788964951067110296,,0,0,0,0,0,0,0,0,0,0,0,0,0,0,0,0,0,0,0
3412179713568,2.179818,1788964951087110224,,0,0,0,0,0,0,0,0,0,0,0,0,0,0,0,0,0,0,0
3412199720960,2.1998254,1788964951107110394,,0,0,0,0,0,0,0,0,0,0,0,0,0,0,0,0,0,0,0
3412219672896,2.2197773,1788964951127110385,,0,0,0,0,0,0,0,0,0,0,0,0,0,0,0,0,0,0,0
3412239702944,2.2398074,1788964951147111543,,0,0,0,0,0,0,0,0,0,0,0,0,0,0,0,0,0,0,0
3412259690400,2.2597948,1788964951167110611,,0,0,0,0,0,0,0,0,0,0,0,0,0,0,0,0,0,0,0
3412279687136,2.2797916,1788964951187110223,,0,0,0,0,0,0,0,0,0,0,0,0,0,0,0,0,0,0,0
3412299694848,2.2997993,1788964951207110812,,0,0,0,0,0,0,0,0,0,0,0,0,0,0,0,0,0,0,0
3412319687552,2.319792,1788964951227110522,,0,0,0,0,0,0,0,0,0,0,0,0,0,0,0,0,0,0,0
3412339677760,2.3397822,1788964951247110499,,0,0,0,0,0,0,0,0,0,0,0,0,0,0,0,0,0,0,0
3412359572032,2.3596765,1788964951267110573,,0,0,0,0,0,0,0,0,0,0,0,0,0,0,0,0,0,0,0
3412379690176,2.3797946,1788964951287110531,,0,0,0,0,0,0,0,0,0,0,0,0,0,0,0,0,0,0,0
3412399706944,2.3998114,1788964951307110510,,0,0,0,0,0,0,0,0,0,0,0,0,0,0,0,0,0,0,0
3412419674816,2.4197793,1788964951327110587,,0,0,0,0,0,0,0,0,0,0,0,0,0,0,0,0,0,0,0
3412439681856,2.4397863,1788964951347110527,,0,0,0,0,0,0,0,0,0,0,0,0,0,0,0,0,0,0,0
3412459728800,2.4598332,1788964951367110644,,0,0,0,0,0,0,0,0,0,0,0,0,0,0,0,0,0,0,0
3412479706464,2.4798109,1788964951387111151,,0,0,0,0,0,0,0,0,0,0,0,0,0,0,0,0,0,0,0
3412499692320,2.4997968,1788964951407110721,,0,0,0,0,0,0,0,0,0,0,0,0,0,0,0,0,0,0,0
3412519710976,2.5198154,1788964951427110395,,0,0,0,0,0,0,0,0,0,0,0,0,0,0,0,0,0,0,0
3412539680992,2.5397854,1788964951447110408,,0,0,0,0,0,0,0,0,0,0,0,0,0,0,0,0,0,0,0
3412559548608,2.5596531,1788964951467110319,,0,0,0,0,0,0,0,0,0,0,0,0,0,0,0,0,0,0,0
3412579704128,2.5798086,1788964951487111527,,0,0,0,0,0,0,0,0,0,0,0,0,0,0,0,0,0,0,0
3412599764064,2.5998685,1788964951507110265,,0,0,0,0,0,0,0,0,0,0,0,0,0,0,0,0,0,0,0
3412619666048,2.6197705,1788964951527110628,,0,0,0,0,0,0,0,0,0,0,0,0,0,0,0,0,0,0,0
3412639694976,2.6397994,1788964951547110419,,0,0,0,0,0,0,0,0,0,0,0,0,0,0,0,0,0,0,0
3412659695392,2.6597998,1788964951567109896,,0,0,0,0,0,0,0,0,0,0,0,0,0,0,0,0,0,0,0
3412679661568,2.679766,1788964951587110388,,0,0,0,0,0,0,0,0,0,0,0,0,0,0,0,0,0,0,0
3412699710784,2.6998152,1788964951607110286,,0,0,0,0,0,0,0,0,0,0,0,0,0,0,0,0,0,0,0
3412719660384,2.7197648,1788964951627110224,,0,0,0,0,0,0,0,0,0,0,0,0,0,0,0,0,0,0,0
3412739671424,2.7397759,1788964951647111076,,0,0,0,0,0,0,0,0,0,0,0,0,0,0,0,0,0,0,0
3412759551328,2.7596558,1788964951667110423,,0,0,0,0,0,0,0,0,0,0,0,0,0,0,0,0,0,0,0
3412779667616,2.7797721,1788964951687110720,,0,0,0,0,0,0,0,0,0,0,0,0,0,0,0,0,0,0,0
3412799661344,2.7997658,1788964951707110502,,0,0,0,0,0,0,0,0,0,0,0,0,0,0,0,0,0,0,0
3412819675936,2.8197804,1788964951727110672,,0,0,0,0,0,0,0,0,0,0,0,0,0,0,0,0,0,0,0
3412839665536,2.83977,1788964951747109949,,0,0,0,0,0,0,0,0,0,0,0,0,0,0,0,0,0,0,0
3412859718912,2.8598234,1788964951767111036,,0,0,0,0,0,0,0,0,0,0,0,0,0,0,0,0,0,0,0
3412879658048,2.8797625,1788964951787110114,,0,0,0,0,0,0,0,0,0,0,0,0,0,0,0,0,0,0,0
3412899671680,2.8997761,1788964951807110047,,0,0,0,0,0,0,0,0,0,0,0,0,0,0,0,0,0,0,0
3412919647392,2.9197518,1788964951827110414,,0,0,0,0,0,0,0,0,0,0,0,0,0,0,0,0,0,0,0
3412939674688,2.9397791,1788964951847113609,,0,0,0,0,0,0,0,0,0,0,0,0,0,0,0,0,0,0,0
3412959570752,2.9596752,1788964951867110505,,0,0,0,0,0,0,0,0,0,0,0,0,0,0,0,0,0,0,0
3412979684928,2.9797894,1788964951887110709,,0,0,0,0,0,0,0,0,0,0,0,0,0,0,0,0,0,0,0
3412999674720,2.9997792,1788964951907110312,,0,0,0,0,0,0,0,0,0,0,0,0,0,0,0,0,0,0,0
3413019657120,3.0197616,1788964951927110772,,0,0,0,0,0,0,0,0,0,0,0,0,0,0,0,0,0,0,0
3413039678336,3.0397828,1788964951947110351,,0,0,0,0,0,0,0,0,0,0,0,0,0,0,0,0,0,0,0
3413059661536,3.059766,1788964951967110525,,0,0,0,0,0,0,0,0,0,0,0,0,0,0,0,0,0,0,0
3413079637888,3.0797423,1788964951987110715,,0,0,0,0,0,0,0,0,0,0,0,0,0,0,0,0,0,0,0
3413099667552,3.099772,1788964952007110466,,0,0,0,0,0,0,0,0,0,0,0,0,0,0,0,0,0,0,0
3413119672032,3.1197765,1788964952027110411,,0,0,0,0,0,0,0,0,0,0,0,0,0,0,0,0,0,0,0
3413139653856,3.1397583,1788964952047110285,,0,0,0,0,0,0,0,0,0,0,0,0,0,0,0,0,0,0,0
3413159515520,3.15962,1788964952067110288,,0,0,0,0,0,0,0,0,0,0,0,0,0,0,0,0,0,0,0
3413179629408,3.1797339,1788964952087110135,,0,0,0,0,0,0,0,0,0,0,0,0,0,0,0,0,0,0,0
3413199654624,3.1997591,1788964952107110792,,0,0,0,0,0,0,0,0,0,0,0,0,0,0,0,0,0,0,0
3413219670624,3.2197751,1788964952127110575,,0,0,0,0,0,0,0,0,0,0,0,0,0,0,0,0,0,0,0
3413239640032,3.2397445,1788964952147110981,,0,0,0,0,0,0,0,0,0,0,0,0,0,0,0,0,0,0,0
3413259628576,3.259733,1788964952167110869,,0,0,0,0,0,0,0,0,0,0,0,0,0,0,0,0,0,0,0
3413279646368,3.2797508,1788964952187110473,,0,0,0,0,0,0,0,0,0,0,0,0,0,0,0,0,0,0,0
3413299629664,3.2997341,1788964952207110748,,0,0,0,0,0,0,0,0,0,0,0,0,0,0,0,0,0,0,0
3413319625472,3.3197299,1788964952227110817,,0,0,0,0,0,0,0,0,0,0,0,0,0,0,0,0,0,0,0
3413339676384,3.3397808,1788964952247110699,,0,0,0,0,0,0,0,0,0,0,0,0,0,0,0,0,0,0,0
3413359533856,3.3596383,1788964952267110512,,0,0,0,0,0,0,0,0,0,0,0,0,0,0,0,0,0,0,0
3413379657792,3.3797622,1788964952287110706,,0,0,0,0,0,0,0,0,0,0,0,0,0,0,0,0,0,0,0
3413399670688,3.3997751,1788964952307110744,,0,0,0,0,0,0,0,0,0,0,0,0,0,0,0,0,0,0,0
3413419655680,3.4197601,1788964952327110427,,0,0,0,0,0,0,0,0,0,0,0,0,0,0,0,0,0,0,0
3413439693088,3.4397975,1788964952347110753,,0,0,0,0,0,0,0,0,0,0,0,0,0,0,0,0,0,0,0
3413459636224,3.4597407,1788964952367110511,,0,0,0,0,0,0,0,0,0,0,0,0,0,0,0,0,0,0,0
3413479631680,3.4797361,1788964952387110413,,0,0,0,0,0,0,0,0,0,0,0,0,0,0,0,0,0,0,0
3413499645600,3.49975,1788964952407110109,,0,0,0,0,0,0,0,0,0,0,0,0,0,0,0,0,0,0,0
3413519635520,3.51974,1788964952427110479,,0,0,0,0,0,0,0,0,0,0,0,0,0,0,0,0,0,0,0
3413539640160,3.5397446,1788964952447110414,,0,0,0,0,0,0,0,0,0,0,0,0,0,0,0,0,0,0,0
3413559556128,3.5596606,1788964952467110486,,0,0,0,0,0,0,0,0,0,0,0,0,0,0,0,0,0,0,0
3413579633440,3.5797379,1788964952487110728,,0,0,0,0,0,0,0,0,0,0,0,0,0,0,0,0,0,0,0
3413599632320,3.5997368,1788964952507110812,,0,0,0,0,0,0,0,0,0,0,0,0,0,0,0,0,0,0,0
3413619684768,3.6197892,1788964952527110814,,0,0,0,0,0,0,0,0,0,0,0,0,0,0,0,0,0,0,0
3413639632320,3.6397368,1788964952547110528,,0,0,0,0,0,0,0,0,0,0,0,0,0,0,0,0,0,0,0
3413659622400,3.6597268,1788964952567110822,,0,0,0,0,0,0,0,0,0,0,0,0,0,0,0,0,0,0,0
3413679636736,3.6797412,1788964952587110356,,0,0,0,0,0,0,0,0,0,0,0,0,0,0,0,0,0,0,0
3413699622528,3.699727,1788964952607110872,,0,0,0,0,0,0,0,0,0,0,0,0,0,0,0,0,0,0,0
3413719605280,3.7197097,1788964952627110101,,0,0,0,0,0,0,0,0,0,0,0,0,0,0,0,0,0,0,0
3413739636640,3.7397411,1788964952647110888,,0,0,0,0,0,0,0,0,0,0,0,0,0,0,0,0,0,0,0
3413759516032,3.7596205,1788964952667110414,,0,0,0,0,0,0,0,0,0,0,0,0,0,0,0,0,0,0,0
3413779642688,3.7797471,1788964952687117131,,0,0,0,0,0,0,0,0,0,0,0,0,0,0,0,0,0,0,0
3413799642816,3.7997473,1788964952707111222,,0,0,0,0,0,0,0,0,0,0,0,0,0,0,0,0,0,0,0
3413819614336,3.8197188,1788964952727113119,,0,0,0,0,0,0,0,0,0,0,0,0,0,0,0,0,0,0,0
3413839607552,3.839712,1788964952747110324,,0,0,0,0,0,0,0,0,0,0,0,0,0,0,0,0,0,0,0
3413859660864,3.8597653,1788964952767110889,,0,0,0,0,0,0,0,0,0,0,0,0,0,0,0,0,0,0,0
3413879616896,3.8797213,1788964952787110770,,0,0,0,0,0,0,0,0,0,0,0,0,0,0,0,0,0,0,0
3413899637056,3.8997415,1788964952807110754,,0,0,0,0,0,0,0,0,0,0,0,0,0,0,0,0,0,0,0
3413919617376,3.9197218,1788964952827110437,,0,0,0,0,0,0,0,0,0,0,0,0,0,0,0,0,0,0,0
3413939608384,3.9397128,1788964952847110380,,0,0,0,0,0,0,0,0,0,0,0,0,0,0,0,0,0,0,0
3413959502560,3.959607,1788964952867110822,,0,0,0,0,0,0,0,0,0,0,0,0,0,0,0,0,0,0,0
3413979663616,3.9797681,1788964952887110454,,0,0,0,0,0,0,0,0,0,0,0,0,0,0,0,0,0,0,0
3413999656928,3.9997614,1788964952907124155,,0,0,0,0,0,0,0,0,0,0,0,0,0,0,0,0,0,0,0
3414019640704,4.0197452,1788964952927110685,,0,0,0,0,0,0,0,0,0,0,0,0,0,0,0,0,0,0,0
3414039606560,4.039711,1788964952947110983,,0,0,0,0,0,0,0,0,0,0,0,0,0,0,0,0,0,0,0
3414059608960,4.0597134,1788964952967110741,,0,0,0,0,0,0,0,0,0,0,0,0,0,0,0,0,0,0,0
3414079597056,4.0797015,1788964952987110228,,0,0,0,0,0,0,0,0,0,0,0,0,0,0,0,0,0,0,0
3414099616608,4.0997211,1788964953007110561,,0,0,0,0,0,0,0,0,0,0,0,0,0,0,0,0,0,0,0
3414119573344,4.1196778,1788964953027110976,,0,0,0,0,0,0,0,0,0,0,0,0,0,0,0,0,0,0,0
3414139605184,4.1397096,1788964953047111112,,0,0,0,0,0,0,0,0,0,0,0,0,0,0,0,0,0,0,0
3414159592416,4.1596969,1788964953067124895,,0,0,0,0,0,0,0,0,0,0,0,0,0,0,0,0,0,0,0
3414179599552,4.179704,1788964953087110730,,0,0,0,0,0,0,0,0,0,0,0,0,0,0,0,0,0,0,0
3414199601376,4.1997058,1788964953107110372,,0,0,0,0,0,0,0,0,0,0,0,0,0,0,0,0,0,0,0
3414219582432,4.2196869,1788964953127110522,,0,0,0,0,0,0,0,0,0,0,0,0,0,0,0,0,0,0,0
3414239569600,4.239674,1788964953147111439,,0,0,0,0,0,0,0,0,0,0,0,0,0,0,0,0,0,0,0
3414259596032,4.2597005,1788964953167110114,,0,0,0,0,0,0,0,0,0,0,0,0,0,0,0,0,0,0,0
3414279586144,4.2796906,1788964953187110537,,0,0,0,0,0,0,0,0,0,0,0,0,0,0,0,0,0,0,0
3414299572256,4.2996767,1788964953207110982,,0,0,0,0,0,0,0,0,0,0,0,0,0,0,0,0,0,0,0
3414319572544,4.319677,1788964953227110679,,0,0,0,0,0,0,0,0,0,0,0,0,0,0,0,0,0,0,0
3414339576480,4.3396809,1788964953247111117,,0,0,0,0,0,0,0,0,0,0,0,0,0,0,0,0,0,0,0
3414359458720,4.3595632,1788964953267110452,,0,0,0,0,0,0,0,0,0,0,0,0,0,0,0,0,0,0,0
3414379576128,4.3796806,1788964953287113542,,0,0,0,0,0,0,0,0,0,0,0,0,0,0,0,0,0,0,0
3414399617760,4.3997222,1788964953307110722,,0,0,0,0,0,0,0,0,0,0,0,0,0,0,0,0,0,0,0
3414419594656,4.4196991,1788964953327110493,,0,0,0,0,0,0,0,0,0,0,0,0,0,0,0,0,0,0,0
3414439572448,4.4396769,1788964953347125377,,0,0,0,0,0,0,0,0,0,0,0,0,0,0,0,0,0,0,0
3414459560992,4.4596654,1788964953367110917,,0,0,0,0,0,0,0,0,0,0,0,0,0,0,0,0,0,0,0
3414479590336,4.4796948,1788964953387110189,,0,0,0,0,0,0,0,0,0,0,0,0,0,0,0,0,0,0,0
3414499571008,4.4996755,1788964953407110721,,0,0,0,0,0,0,0,0,0,0,0,0,0,0,0,0,0,0,0
3414519565376,4.5196698,1788964953427110460,,0,0,0,0,0,0,0,0,0,0,0,0,0,0,0,0,0,0,0
3414539582112,4.5396866,1788964953447110646,,0,0,0,0,0,0,0,0,0,0,0,0,0,0,0,0,0,0,0
3414559491520,4.559596,1788964953467110317,,0,0,0,0,0,0,0,0,0,0,0,0,0,0,0,0,0,0,0
3414579556224,4.5796607,1788964953487110662,,0,0,0,0,0,0,0,0,0,0,0,0,0,0,0,0,0,0,0
3414599645696,4.5997501,1788964953507110596,,0,0,0,0,0,0,0,0,0,0,0,0,0,0,0,0,0,0,0
3414619569088,4.6196735,1788964953527110279,,0,0,0,0,0,0,0,0,0,0,0,0,0,0,0,0,0,0,0
3414639538880,4.6396433,1788964953547110564,,0,0,0,0,0,0,0,0,0,0,0,0,0,0,0,0,0,0,0
3414659562400,4.6596668,1788964953567110546,,0,0,0,0,0,0,0,0,0,0,0,0,0,0,0,0,0,0,0
3414679582528,4.679687,1788964953587114065,,0,0,0,0,0,0,0,0,0,0,0,0,0,0,0,0,0,0,0
3414699557920,4.6996624,1788964953607110552,,0,0,0,0,0,0,0,0,0,0,0,0,0,0,0,0,0,0,0
3414719569664,4.7196741,1788964953627110245,,0,0,0,0,0,0,0,0,0,0,0,0,0,0,0,0,0,0,0
3414739544416,4.7396489,1788964953647111319,,0,0,0,0,0,0,0,0,0,0,0,0,0,0,0,0,0,0,0
3414759443936,4.7595484,1788964953667110486,,0,0,0,0,0,0,0,0,0,0,0,0,0,0,0,0,0,0,0
3414779552000,4.7796564,1788964953687110637,,0,0,0,0,0,0,0,0,0,0,0,0,0,0,0,0,0,0,0
3414799538240,4.7996427,1788964953707110632,,0,0,0,0,0,0,0,0,0,0,0,0,0,0,0,0,0,0,0
3414819525056,4.8196295,1788964953727110198,,0,0,0,0,0,0,0,0,0,0,0,0,0,0,0,0,0,0,0
3414839560512,4.839665,1788964953747110410,,0,0,0,0,0,0,0,0,0,0,0,0,0,0,0,0,0,0,0
3414859570912,4.8596754,1788964953767110712,,0,0,0,0,0,0,0,0,0,0,0,0,0,0,0,0,0,0,0
3414879566112,4.8796706,1788964953787111239,,0,0,0,0,0,0,0,0,0,0,0,0,0,0,0,0,0,0,0
3414899576320,4.8996808,1788964953807122850,,0,0,0,0,0,0,0,0,0,0,0,0,0,0,0,0,0,0,0
3414919533984,4.9196384,1788964953827110331,,0,0,0,0,0,0,0,0,0,0,0,0,0,0,0,0,0,0,0
3414939551104,4.9396556,1788964953847111035,,0,0,0,0,0,0,0,0,0,0,0,0,0,0,0,0,0,0,0
3414959560992,4.9596654,1788964953867110251,,0,0,0,0,0,0,0,0,0,0,0,0,0,0,0,0,0,0,0
3414979538336,4.9796428,1788964953887110384,,0,0,0,0,0,0,0,0,0,0,0,0,0,0,0,0,0,0,0
3414999618752,4.9997232,1788964953907110718,,0,0,0,0,0,0,0,0,0,0,0,0,0,0,0,0,0,0,0
3415019549760,5.0196542,1788964953927110713,,0,0,0,0,0,0,0,0,0,0,0,0,0,0,0,0,0,0,0
3415039532672,5.0396371,1788964953947110840,,0,0,0,0,0,0,0,0,0,0,0,0,0,0,0,0,0,0,0
3415059552320,5.0596568,1788964953967110823,,0,0,0,0,0,0,0,0,0,0,0,0,0,0,0,0,0,0,0
3415079553280,5.0796577,1788964953987110426,,0,0,0,0,0,0,0,0,0,0,0,0,0,0,0,0,0,0,0
3415099519872,5.0996243,1788964954007110561,,0,0,0,0,0,0,0,0,0,0,0,0,0,0,0,0,0,0,0
3415119541280,5.1196457,1788964954027110366,,0,0,0,0,0,0,0,0,0,0,0,0,0,0,0,0,0,0,0
3415139530976,5.1396354,1788964954047110469,,0,0,0,0,0,0,0,0,0,0,0,0,0,0,0,0,0,0,0
3415159523392,5.1596278,1788964954067110576,,0,0,0,0,0,0,0,0,0,0,0,0,0,0,0,0,0,0,0
3415179539840,5.1796443,1788964954087110419,,0,0,0,0,0,0,0,0,0,0,0,0,0,0,0,0,0,0,0
3415199554880,5.1996593,1788964954107110869,,0,0,0,0,0,0,0,0,0,0,0,0,0,0,0,0,0,0,0
3415219536896,5.2196413,1788964954127110297,,0,0,0,0,0,0,0,0,0,0,0,0,0,0,0,0,0,0,0
3415239544352,5.2396488,1788964954147111240,,0,0,0,0,0,0,0,0,0,0,0,0,0,0,0,0,0,0,0
3415259562752,5.2596672,1788964954167124226,,0,0,0,0,0,0,0,0,0,0,0,0,0,0,0,0,0,0,0
3415279513152,5.2796176,1788964954187110505,,0,0,0,0,0,0,0,0,0,0,0,0,0,0,0,0,0,0,0
3415299534688,5.2996391,1788964954207110874,,0,0,0,0,0,0,0,0,0,0,0,0,0,0,0,0,0,0,0
3415319522784,5.3196272,1788964954227110704,,0,0,0,0,0,0,0,0,0,0,0,0,0,0,0,0,0,0,0
3415339539936,5.3396444,1788964954247110720,,0,0,0,0,0,0,0,0,0,0,0,0,0,0,0,0,0,0,0
3415359413824,5.3595183,1788964954267110549,,0,0,0,0,0,0,0,0,0,0,0,0,0,0,0,0,0,0,0
3415379506688,5.3796111,1788964954287110618,,0,0,0,0,0,0,0,0,0,0,0,0,0,0,0,0,0,0,0
3415399537056,5.3996415,1788964954307110980,,0,0,0,0,0,0,0,0,0,0,0,0,0,0,0,0,0,0,0
3415419517120,5.4196216,1788964954327111009,,0,0,0,0,0,0,0,0,0,0,0,0,0,0,0,0,0,0,0
3415439504448,5.4396089,1788964954347111093,,0,0,0,0,0,0,0,0,0,0,0,0,0,0,0,0,0,0,0
3415459533280,5.4596377,1788964954367110827,,0,0,0,0,0,0,0,0,0,0,0,0,0,0,0,0,0,0,0
3415479526560,5.479631,1788964954387110694,,0,0,0,0,0,0,0,0,0,0,0,0,0,0,0,0,0,0,0
3415499506560,5.499611,1788964954407111044,,0,0,0,0,0,0,0,0,0,0,0,0,0,0,0,0,0,0,0
3415519522816,5.5196273,1788964954427110910,,0,0,0,0,0,0,0,0,0,0,0,0,0,0,0,0,0,0,0
3415539533120,5.5396376,1788964954447110684,,0,0,0,0,0,0,0,0,0,0,0,0,0,0,0,0,0,0,0
3415559409024,5.5595135,1788964954467110795,,0,0,0,0,0,0,0,0,0,0,0,0,0,0,0,0,0,0,0
3415579529344,5.5796338,1788964954487111416,,0,0,0,0,0,0,0,0,0,0,0,0,0,0,0,0,0,0,0
3415599559584,5.599664,1788964954507110255,,0,0,0,0,0,0,0,0,0,0,0,0,0,0,0,0,0,0,0
3415619498880,5.6196033,1788964954527110648,,0,0,0,0,0,0,0,0,0,0,0,0,0,0,0,0,0,0,0
3415639519200,5.6396236,1788964954547110288,,0,0,0,0,0,0,0,0,0,0,0,0,0,0,0,0,0,0,0
3415659499328,5.6596038,1788964954567110697,,0,0,0,0,0,0,0,0,0,0,0,0,0,0,0,0,0,0,0
3415679512320,5.6796168,1788964954587110553,,0,0,0,0,0,0,0,0,0,0,0,0,0,0,0,0,0,0,0
3415699514528,5.699619,1788964954607110213,,0,0,0,0,0,0,0,0,0,0,0,0,0,0,0,0,0,0,0
3415719497728,5.7196022,1788964954627110886,,0,0,0,0,0,0,0,0,0,0,0,0,0,0,0,0,0,0,0
3415739492096,5.7395965,1788964954647111230,,0,0,0,0,0,0,0,0,0,0,0,0,0,0,0,0,0,0,0
3415759437152,5.7595416,1788964954667110966,,0,0,0,0,0,0,0,0,0,0,0,0,0,0,0,0,0,0,0
3415779501824,5.7796063,1788964954687113898,,0,0,0,0,0,0,0,0,0,0,0,0,0,0,0,0,0,0,0
3415799528672,5.7996331,1788964954707110276,,0,0,0,0,0,0,0,0,0,0,0,0,0,0,0,0,0,0,0
3415819505632,5.8196101,1788964954727110722,,0,0,0,0,0,0,0,0,0,0,0,0,0,0,0,0,0,0,0
3415839495904,5.8396004,1788964954747110525,,0,0,0,0,0,0,0,0,0,0,0,0,0,0,0,0,0,0,0
3415859541824,5.8596463,1788964954767111034,,0,0,0,0,0,0,0,0,0,0,0,0,0,0,0,0,0,0,0
3415879501472,5.8796059,1788964954787110268,,0,0,0,0,0,0,0,0,0,0,0,0,0,0,0,0,0,0,0
3415899494880,5.8995993,1788964954807110498,,0,0,0,0,0,0,0,0,0,0,0,0,0,0,0,0,0,0,0
3415919504384,5.9196088,1788964954827115217,,0,0,0,0,0,0,0,0,0,0,0,0,0,0,0,0,0,0,0
3415939520480,5.9396249,1788964954847111307,,0,0,0,0,0,0,0,0,0,0,0,0,0,0,0,0,0,0,0
3415959392192,5.9594966,1788964954867110956,,0,0,0,0,0,0,0,0,0,0,0,0,0,0,0,0,0,0,0
3415979518112,5.9796226,1788964954887110519,,0,0,0,0,0,0,0,0,0,0,0,0,0,0,0,0,0,0,0
3415999498272,5.9996027,1788964954907110891,,0,0,0,0,0,0,0,0,0,0,0,0,0,0,0,0,0,0,0
3416019486240,6.0195907,1788964954927111018,,0,0,0,0,0,0,0,0,0,0,0,0,0,0,0,0,0,0,0
3416039499456,6.0396039,1788964954947111011,,0,0,0,0,0,0,0,0,0,0,0,0,0,0,0,0,0,0,0
3416059504096,6.0596085,1788964954967110838,,0,0,0,0,0,0,0,0,0,0,0,0,0,0,0,0,0,0,0
3416079487584,6.079592,1788964954987110276,,0,0,0,0,0,0,0,0,0,0,0,0,0,0,0,0,0,0,0
3416099502880,6.0996073,1788964955007110540,,0,0,0,0,0,0,0,0,0,0,0,0,0,0,0,0,0,0,0
3416119489344,6.1195938,1788964955027110663,,0,0,0,0,0,0,0,0,0,0,0,0,0,0,0,0,0,0,0
3416139473376,6.1395778,1788964955047111259,,0,0,0,0,0,0,0,0,0,0,0,0,0,0,0,0,0,0,0
3416159379840,6.1594843,1788964955067111032,,0,0,0,0,0,0,0,0,0,0,0,0,0,0,0,0,0,0,0
3416179486080,6.1795905,1788964955087110903,,0,0,0,0,0,0,0,0,0,0,0,0,0,0,0,0,0,0,0
3416199494144,6.1995986,1788964955107111077,,0,0,0,0,0,0,0,0,0,0,0,0,0,0,0,0,0,0,0
3416219488096,6.2195925,1788964955127110555,,0,0,0,0,0,0,0,0,0,0,0,0,0,0,0,0,0,0,0
3416239474560,6.239579,1788964955147111255,,0,0,0,0,0,0,0,0,0,0,0,0,0,0,0,0,0,0,0
3416259465504,6.25957,1788964955167110393,,0,0,0,0,0,0,0,0,0,0,0,0,0,0,0,0,0,0,0
3416279487520,6.279592,1788964955187110976,,0,0,0,0,0,0,0,0,0,0,0,0,0,0,0,0,0,0,0
3416299466144,6.2995706,1788964955207110517,,0,0,0,0,0,0,0,0,0,0,0,0,0,0,0,0,0,0,0
3416319505344,6.3196098,1788964955227110674,,0,0,0,0,0,0,0,0,0,0,0,0,0,0,0,0,0,0,0
3416339480960,6.3395854,1788964955247110724,,0,0,0,0,0,0,0,0,0,0,0,0,0,0,0,0,0,0,0
3416359409856,6.3595143,1788964955267110367,,0,0,0,0,0,0,0,0,0,0,0,0,0,0,0,0,0,0,0
3416379483392,6.3795878,1788964955287125004,,0,0,0,0,0,0,0,0,0,0,0,0,0,0,0,0,0,0,0
3416399507264,6.3996117,1788964955307110176,,0,0,0,0,0,0,0,0,0,0,0,0,0,0,0,0,0,0,0
3416419469888,6.4195743,1788964955327110507,,0,0,0,0,0,0,0,0,0,0,0,0,0,0,0,0,0,0,0
3416439485792,6.4395902,1788964955347110595,,0,0,0,0,0,0,0,0,0,0,0,0,0,0,0,0,0,0,0
3416459517824,6.4596223,1788964955367110737,,0,0,0,0,0,0,0,0,0,0,0,0,0,0,0,0,0,0,0
3416479456800,6.4795612,1788964955387110253,,0,0,0,0,0,0,0,0,0,0,0,0,0,0,0,0,0,0,0
3416499489824,6.4995943,1788964955407110880,,0,0,0,0,0,0,0,0,0,0,0,0,0,0,0,0,0,0,0
3416519473024,6.5195775,1788964955427110410,,0,0,0,0,0,0,0,0,0,0,0,0,0,0,0,0,0,0,0
3416539488864,6.5395933,1788964955447125103,,0,0,0,0,0,0,0,0,0,0,0,0,0,0,0,0,0,0,0
3416559409792,6.5595142,1788964955467111343,,0,0,0,0,0,0,0,0,0,0,0,0,0,0,0,0,0,0,0
3416579471616,6.5795761,1788964955487111096,,0,0,0,0,0,0,0,0,0,0,0,0,0,0,0,0,0,0,0
3416599490400,6.5995948,1788964955507124727,,0,0,0,0,0,0,0,0,0,0,0,0,0,0,0,0,0,0,0
3416619474848,6.6195793,1788964955527110545,,0,0,0,0,0,0,0,0,0,0,0,0,0,0,0,0,0,0,0
3416639466432,6.6395709,1788964955547110743,,0,0,0,0,0,0,0,0,0,0,0,0,0,0,0,0,0,0,0
3416659498944,6.6596034,1788964955567110964,,0,0,0,0,0,0,0,0,0,0,0,0,0,0,0,0,0,0,0
3416679484384,6.6795888,1788964955587110355,,0,0,0,0,0,0,0,0,0,0,0,0,0,0,0,0,0,0,0
3416699463840,6.6995683,1788964955607110465,,0,0,0,0,0,0,0,0,0,0,0,0,0,0,0,0,0,0,0
3416719432352,6.7195368,1788964955627110222,,0,0,0,0,0,0,0,0,0,0,0,0,0,0,0,0,0,0,0
3416739462240,6.7395667,1788964955647111092,,0,0,0,0,0,0,0,0,0,0,0,0,0,0,0,0,0,0,0
3416759425440,6.7595299,1788964955667125228,,0,0,0,0,0,0,0,0,0,0,0,0,0,0,0,0,0,0,0
3416779436800,6.7795412,1788964955687110460,,0,0,0,0,0,0,0,0,0,0,0,0,0,0,0,0,0,0,0
3416799504704,6.7996092,1788964955707110930,,0,0,0,0,0,0,0,0,0,0,0,0,0,0,0,0,0,0,0
3416819449216,6.8195537,1788964955727110427,,0,0,0,0,0,0,0,0,0,0,0,0,0,0,0,0,0,0,0
3416839488544,6.839593,1788964955747110987,,0,0,0,0,0,0,0,0,0,0,0,0,0,0,0,0,0,0,0
3416859467872,6.8595723,1788964955767110191,,0,0,0,0,0,0,0,0,0,0,0,0,0,0,0,0,0,0,0
3416879444768,6.8795492,1788964955787110285,,0,0,0,0,0,0,0,0,0,0,0,0,0,0,0,0,0,0,0
3416899477600,6.899582,1788964955807110123,,0,0,0,0,0,0,0,0,0,0,0,0,0,0,0,0,0,0,0
3416919461184,6.9195656,1788964955827110665,,0,0,0,0,0,0,0,0,0,0,0,0,0,0,0,0,0,0,0
3416939722272,6.9398267,1788964955847110096,,0,0,0,0,0,0,0,0,0,0,0,0,0,0,0,0,0,0,0
3416959632960,6.9597374,1788964955867110646,,0,0,0,0,0,0,0,0,0,0,0,0,0,0,0,0,0,0,0
3416979450624,6.9795551,1788964955887109900,,0,0,0,0,0,0,0,0,0,0,0,0,0,0,0,0,0,0,0
3416999499584,6.999604,1788964955907118285,,0,0,0,0,0,0,0,0,0,0,0,0,0,0,0,0,0,0,0
3417019461856,7.0195663,1788964955927110926,,0,0,0,0,0,0,0,0,0,0,0,0,0,0,0,0,0,0,0
3417039439040,7.0395435,1788964955947112939,,0,0,0,0,0,0,0,0,0,0,0,0,0,0,0,0,0,0,0
3417059448512,7.059553,1788964955967110711,,0,0,0,0,0,0,0,0,0,0,0,0,0,0,0,0,0,0,0
3417079486368,7.0795908,1788964955987110398,,0,0,0,0,0,0,0,0,0,0,0,0,0,0,0,0,0,0,0
3417099435136,7.0995396,1788964956007123934,,0,0,0,0,0,0,0,0,0,0,0,0,0,0,0,0,0,0,0
3417119445888,7.1195503,1788964956027110510,,0,0,0,0,0,0,0,0,0,0,0,0,0,0,0,0,0,0,0
3417139453856,7.1395583,1788964956047110539,,0,0,0,0,0,0,0,0,0,0,0,0,0,0,0,0,0,0,0
3417159403648,7.1595081,1788964956067110955,,0,0,0,0,0,0,0,0,0,0,0,0,0,0,0,0,0,0,0
3417179430720,7.1795352,1788964956087110608,,0,0,0,0,0,0,0,0,0,0,0,0,0,0,0,0,0,0,0
3417199440704,7.1995452,1788964956107110702,,0,0,0,0,0,0,0,0,0,0,0,0,0,0,0,0,0,0,0
3417219428416,7.2195329,1788964956127113802,,0,0,0,0,0,0,0,0,0,0,0,0,0,0,0,0,0,0,0
3417239449728,7.2395542,1788964956147111352,,0,0,0,0,0,0,0,0,0,0,0,0,0,0,0,0,0,0,0
3417259447872,7.2595523,1788964956167110193,,0,0,0,0,0,0,0,0,0,0,0,0,0,0,0,0,0,0,0
3417279423040,7.2795275,1788964956187110610,,0,0,0,0,0,0,0,0,0,0,0,0,0,0,0,0,0,0,0
3417299449920,7.2995544,1788964956207110522,,0,0,0,0,0,0,0,0,0,0,0,0,0,0,0,0,0,0,0
3417319431904,7.3195364,1788964956227110521,,0,0,0,0,0,0,0,0,0,0,0,0,0,0,0,0,0,0,0
3417339419136,7.3395236,1788964956247110697,,0,0,0,0,0,0,0,0,0,0,0,0,0,0,0,0,0,0,0
3417359316704,7.3594212,1788964956267110644,,0,0,0,0,0,0,0,0,0,0,0,0,0,0,0,0,0,0,0
3417379432544,7.379537,1788964956287110498,,0,0,0,0,0,0,0,0,0,0,0,0,0,0,0,0,0,0,0
3417399485536,7.39959,1788964956307110571,,0,0,0,0,0,0,0,0,0,0,0,0,0,0,0,0,0,0,0
3417419438240,7.4195427,1788964956327110498,,0,0,0,0,0,0,0,0,0,0,0,0,0,0,0,0,0,0,0
3417439432864,7.4395373,1788964956347111104,,0,0,0,0,0,0,0,0,0,0,0,0,0,0,0,0,0,0,0
3417459416096,7.4595205,1788964956367110633,,0,0,0,0,0,0,0,0,0,0,0,0,0,0,0,0,0,0,0
3417479443232,7.4795477,1788964956387110580,,0,0,0,0,0,0,0,0,0,0,0,0,0,0,0,0,0,0,0
3417499427392,7.4995318,1788964956407110748,,0,0,0,0,0,0,0,0,0,0,0,0,0,0,0,0,0,0,0
3417519404992,7.5195094,1788964956427111601,,0,0,0,0,0,0,0,0,0,0,0,0,0,0,0,0,0,0,0
3417539430240,7.5395347,1788964956447110583,,0,0,0,0,0,0,0,0,0,0,0,0,0,0,0,0,0,0,0
3417559310336,7.5594148,1788964956467110442,,0,0,0,0,0,0,0,0,0,0,0,0,0,0,0,0,0,0,0
3417579406144,7.5795106,1788964956487110519,,0,0,0,0,0,0,0,0,0,0,0,0,0,0,0,0,0,0,0
3417599498976,7.5996034,1788964956507114534,,0,0,0,0,0,0,0,0,0,0,0,0,0,0,0,0,0,0,0
3417619406592,7.619511,1788964956527110403,,0,0,0,0,0,0,0,0,0,0,0,0,0,0,0,0,0,0,0
3417639394560,7.639499,1788964956547110403,,0,0,0,0,0,0,0,0,0,0,0,0,0,0,0,0,0,0,0
3417659409920,7.6595144,1788964956567111039,,0,0,0,0,0,0,0,0,0,0,0,0,0,0,0,0,0,0,0
3417679440608,7.6795451,1788964956587110607,,0,0,0,0,0,0,0,0,0,0,0,0,0,0,0,0,0,0,0
3417699400960,7.6995054,1788964956607110692,,0,0,0,0,0,0,0,0,0,0,0,0,0,0,0,0,0,0,0
3417719435648,7.7195401,1788964956627110617,,0,0,0,0,0,0,0,0,0,0,0,0,0,0,0,0,0,0,0
3417739406912,7.7395114,1788964956647111323,,0,0,0,0,0,0,0,0,0,0,0,0,0,0,0,0,0,0,0
3417759328928,7.7594334,1788964956667110594,,0,0,0,0,0,0,0,0,0,0,0,0,0,0,0,0,0,0,0
3417779416896,7.7795213,1788964956687111100,,0,0,0,0,0,0,0,0,0,0,0,0,0,0,0,0,0,0,0
3417799400640,7.7995051,1788964956707110530,,0,0,0,0,0,0,0,0,0,0,0,0,0,0,0,0,0,0,0
3417819414688,7.8195191,1788964956727111109,,0,0,0,0,0,0,0,0,0,0,0,0,0,0,0,0,0,0,0
3417839409568,7.839514,1788964956747110472,,0,0,0,0,0,0,0,0,0,0,0,0,0,0,0,0,0,0,0
3417859408800,7.8595132,1788964956767110573,,0,0,0,0,0,0,0,0,0,0,0,0,0,0,0,0,0,0,0
3417879424864,7.8795293,1788964956787110532,,0,0,0,0,0,0,0,0,0,0,0,0,0,0,0,0,0,0,0
3417899414144,7.8995186,1788964956807110521,,0,0,0,0,0,0,0,0,0,0,0,0,0,0,0,0,0,0,0
3417919386880,7.9194913,1788964956827110419,,0,0,0,0,0,0,0,0,0,0,0,0,0,0,0,0,0,0,0
3417939415232,7.9395197,1788964956847110602,,0,0,0,0,0,0,0,0,0,0,0,0,0,0,0,0,0,0,0
3417959351328,7.9594558,1788964956867110544,,0,0,0,0,0,0,0,0,0,0,0,0,0,0,0,0,0,0,0
3417979390816,7.9794953,1788964956887113820,,0,0,0,0,0,0,0,0,0,0,0,0,0,0,0,0,0,0,0
3417999455520,7.99956,1788964956907110384,,0,0,0,0,0,0,0,0,0,0,0,0,0,0,0,0,0,0,0
3418019397568,8.019502,1788964956927110456,,0,0,0,0,0,0,0,0,0,0,0,0,0,0,0,0,0,0,0
3418039382816,8.0394873,1788964956947111155,,0,0,0,0,0,0,0,0,0,0,0,0,0,0,0,0,0,0,0
3418059423232,8.0595277,1788964956967109925,,0,0,0,0,0,0,0,0,0,0,0,0,0,0,0,0,0,0,0
3418079409344,8.0795138,1788964956987120300,,0,0,0,0,0,0,0,0,0,0,0,0,0,0,0,0,0,0,0
3418099406240,8.0995107,1788964957007111226,,0,0,0,0,0,0,0,0,0,0,0,0,0,0,0,0,0,0,0
3418119401376,8.1195058,1788964957027112752,,0,0,0,0,0,0,0,0,0,0,0,0,0,0,0,0,0,0,0
3418139396960,8.1395014,1788964957047110692,,0,0,0,0,0,0,0,0,0,0,0,0,0,0,0,0,0,0,0
3418159387712,8.1594922,1788964957067110322,,0,0,0,0,0,0,0,0,0,0,0,0,0,0,0,0,0,0,0
3418179421696,8.1795261,1788964957087110626,,0,0,0,0,0,0,0,0,0,0,0,0,0,0,0,0,0,0,0
3418199422848,8.1995273,1788964957107114578,,0,0,0,0,0,0,0,0,0,0,0,0,0,0,0,0,0,0,0
3418219382112,8.2194866,1788964957127110866,,0,0,0,0,0,0,0,0,0,0,0,0,0,0,0,0,0,0,0
3418239382688,8.2394871,1788964957147111384,,0,0,0,0,0,0,0,0,0,0,0,0,0,0,0,0,0,0,0
3418259371712,8.2594762,1788964957167110514,,0,0,0,0,0,0,0,0,0,0,0,0,0,0,0,0,0,0,0
3418279418592,8.279523,1788964957187110540,,0,0,0,0,0,0,0,0,0,0,0,0,0,0,0,0,0,0,0
3418299399936,8.2995044,1788964957207110603,,0,0,0,0,0,0,0,0,0,0,0,0,0,0,0,0,0,0,0
3418319376896,8.3194813,1788964957227110610,,0,0,0,0,0,0,0,0,0,0,0,0,0,0,0,0,0,0,0
3418339392608,8.3394971,1788964957247110478,,0,0,0,0,0,0,0,0,0,0,0,0,0,0,0,0,0,0,0
3418359268704,8.3593732,1788964957267110593,,0,0,0,0,0,0,0,0,0,0,0,0,0,0,0,0,0,0,0
3418379402144,8.3795066,1788964957287110208,,0,0,0,0,0,0,0,0,0,0,0,0,0,0,0,0,0,0,0
3418399397472,8.3995019,1788964957307110620,,0,0,0,0,0,0,0,0,0,0,0,0,0,0,0,0,0,0,0
3418419368288,8.4194727,1788964957327111294,,0,0,0,0,0,0,0,0,0,0,0,0,0,0,0,0,0,0,0
3418439368416,8.4394729,1788964957347110583,,0,0,0,0,0,0,0,0,0,0,0,0,0,0,0,0,0,0,0
3418459398560,8.459503,1788964957367110280,,0,0,0,0,0,0,0,0,0,0,0,0,0,0,0,0,0,0,0
3418479371648,8.4794761,1788964957387124387,,0,0,0,0,0,0,0,0,0,0,0,0,0,0,0,0,0,0,0
3418499378560,8.499483,1788964957407110693,,0,0,0,0,0,0,0,0,0,0,0,0,0,0,0,0,0,0,0
3418519380864,8.5194853,1788964957427110955,,0,0,0,0,0,0,0,0,0,0,0,0,0,0,0,0,0,0,0
3418539373792,8.5394782,1788964957447110775,,0,0,0,0,0,0,0,0,0,0,0,0,0,0,0,0,0,0,0
3418559262720,8.5593672,1788964957467111103,,0,0,0,0,0,0,0,0,0,0,0,0,0,0,0,0,0,0,0
3418579412960,8.5795174,1788964957487111129,,0,0,0,0,0,0,0,0,0,0,0,0,0,0,0,0,0,0,0
3418599404512,8.599509,1788964957507110167,,0,0,0,0,0,0,0,0,0,0,0,0,0,0,0,0,0,0,0
3418619364544,8.619469,1788964957527110632,,0,0,0,0,0,0,0,0,0,0,0,0,0,0,0,0,0,0,0
3418639369344,8.6394738,1788964957547124095,,0,0,0,0,0,0,0,0,0,0,0,0,0,0,0,0,0,0,0
3418659375424,8.6594799,1788964957567111261,,0,0,0,0,0,0,0,0,0,0,0,0,0,0,0,0,0,0,0
3418679417536,8.679522,1788964957587110198,,0,0,0,0,0,0,0,0,0,0,0,0,0,0,0,0,0,0,0
3418699392128,8.6994966,1788964957607110413,,0,0,0,0,0,0,0,0,0,0,0,0,0,0,0,0,0,0,0
3418719367232,8.7194717,1788964957627110072,,0,0,0,0,0,0,0,0,0,0,0,0,0,0,0,0,0,0,0
3418739376480,8.7394809,1788964957647111325,,0,0,0,0,0,0,0,0,0,0,0,0,0,0,0,0,0,0,0
3418759282720,8.7593872,1788964957667110941,,0,0,0,0,0,0,0,0,0,0,0,0,0,0,0,0,0,0,0
3418779370624,8.7794751,1788964957687111008,,0,0,0,0,0,0,0,0,0,0,0,0,0,0,0,0,0,0,0
3418799398752,8.7995032,1788964957707111466,,0,0,0,0,0,0,0,0,0,0,0,0,0,0,0,0,0,0,0
3418819410880,8.8195153,1788964957727110356,,0,0,0,0,0,0,0,0,0,0,0,0,0,0,0,0,0,0,0
3418839389888,8.8394943,1788964957747110675,,0,0,0,0,0,0,0,0,0,0,0,0,0,0,0,0,0,0,0
3418859383872,8.8594883,1788964957767110497,,0,0,0,0,0,0,0,0,0,0,0,0,0,0,0,0,0,0,0
3418879402208,8.8795067,1788964957787110701,,0,0,0,0,0,0,0,0,0,0,0,0,0,0,0,0,0,0,0
3418899385152,8.8994896,1788964957807110663,,0,0,0,0,0,0,0,0,0,0,0,0,0,0,0,0,0,0,0
3418919418336,8.9195228,1788964957827110990,,0,0,0,0,0,0,0,0,0,0,0,0,0,0,0,0,0,0,0
3418939376512,8.939481,1788964957847110508,,0,0,0,0,0,0,0,0,0,0,0,0,0,0,0,0,0,0,0
3418959251200,8.9593556,1788964957867111185,,0,0,0,0,0,0,0,0,0,0,0,0,0,0,0,0,0,0,0
3418979404576,8.979509,1788964957887110363,,0,0,0,0,0,0,0,0,0,0,0,0,0,0,0,0,0,0,0
3418999382752,8.9994872,1788964957907110869,,0,0,0,0,0,0,0,0,0,0,0,0,0,0,0,0,0,0,0
3419019372032,9.0194765,1788964957927110739,,0,0,0,0,0,0,0,0,0,0,0,0,0,0,0,0,0,0,0
3419039378912,9.0394834,1788964957947110337,,0,0,0,0,0,0,0,0,0,0,0,0,0,0,0,0,0,0,0
3419059377920,9.0594824,1788964957967110145,,0,0,0,0,0,0,0,0,0,0,0,0,0,0,0,0,0,0,0
3419079349952,9.0794544,1788964957987110532,,0,0,0,0,0,0,0,0,0,0,0,0,0,0,0,0,0,0,0
3419099388672,9.0994931,1788964958007110439,,0,0,0,0,0,0,0,0,0,0,0,0,0,0,0,0,0,0,0
3419119396064,9.1195005,1788964958027124437,,0,0,0,0,0,0,0,0,0,0,0,0,0,0,0,0,0,0,0
3419139355168,9.1394596,1788964958047109943,,0,0,0,0,0,0,0,0,0,0,0,0,0,0,0,0,0,0,0
3419159249472,9.1593539,1788964958067116462,,0,0,0,0,0,0,0,0,0,0,0,0,0,0,0,0,0,0,0
3419179392448,9.1794969,1788964958087111007,,0,0,0,0,0,0,0,0,0,0,0,0,0,0,0,0,0,0,0
3419199378432,9.1994829,1788964958107113579,,0,0,0,0,0,0,0,0,0,0,0,0,0,0,0,0,0,0,0
3419219386848,9.2194913,1788964958127110795,,0,0,0,0,0,0,0,0,0,0,0,0,0,0,0,0,0,0,0
3419239335584,9.23944,1788964958147111941,,0,0,0,0,0,0,0,0,0,0,0,0,0,0,0,0,0,0,0
3419259368544,9.259473,1788964958167111236,,0,0,0,0,0,0,0,0,0,0,0,0,0,0,0,0,0,0,0
3419279352992,9.2794574,1788964958187110604,,0,0,0,0,0,0,0,0,0,0,0,0,0,0,0,0,0,0,0
3419299347168,9.2994516,1788964958207110475,,0,0,0,0,0,0,0,0,0,0,0,0,0,0,0,0,0,0,0
3419319398112,9.3195026,1788964958227110922,,0,0,0,0,0,0,0,0,0,0,0,0,0,0,0,0,0,0,0
3419339351040,9.3394555,1788964958247110647,,0,0,0,0,0,0,0,0,0,0,0,0,0,0,0,0,0,0,0
3419359239552,9.359344,1788964958267110827,,0,0,0,0,0,0,0,0,0,0,0,0,0,0,0,0,0,0,0
3419379368064,9.3794725,1788964958287110707,,0,0,0,0,0,0,0,0,0,0,0,0,0,0,0,0,0,0,0
3419399363616,9.3994681,1788964958307110720,,0,0,0,0,0,0,0,0,0,0,0,0,0,0,0,0,0,0,0
3419419330144,9.4194346,1788964958327110349,,0,0,0,0,0,0,0,0,0,0,0,0,0,0,0,0,0,0,0
3419439356640,9.4394611,1788964958347111006,,0,0,0,0,0,0,0,0,0,0,0,0,0,0,0,0,0,0,0
3419459332096,9.4594365,1788964958367110365,,0,0,0,0,0,0,0,0,0,0,0,0,0,0,0,0,0,0,0
3419479326592,9.479431,1788964958387110442,,0,0,0,0,0,0,0,0,0,0,0,0,0,0,0,0,0,0,0
3419499367552,9.499472,1788964958407110701,,0,0,0,0,0,0,0,0,0,0,0,0,0,0,0,0,0,0,0
3419519326496,9.5194309,1788964958427110952,,0,0,0,0,0,0,0,0,0,0,0,0,0,0,0,0,0,0,0
3419539319296,9.5394237,1788964958447110575,,0,0,0,0,0,0,0,0,0,0,0,0,0,0,0,0,0,0,0
3419559224096,9.5593285,1788964958467110846,,0,0,0,0,0,0,0,0,0,0,0,0,0,0,0,0,0,0,0
3419579349536,9.579454,1788964958487110785,,0,0,0,0,0,0,0,0,0,0,0,0,0,0,0,0,0,0,0
3419599317632,9.5994221,1788964958507110879,,0,0,0,0,0,0,0,0,0,0,0,0,0,0,0,0,0,0,0
3419619435616,9.6195401,1788964958527111091,,0,0,0,0,0,0,0,0,0,0,0,0,0,0,0,0,0,0,0
3419639328416,9.6394329,1788964958547110558,,0,0,0,0,0,0,0,0,0,0,0,0,0,0,0,0,0,0,0
3419659413568,9.659518,1788964958567110737,,0,0,0,0,0,0,0,0,0,0,0,0,0,0,0,0,0,0,0
3419679335104,9.6794396,1788964958587110432,,0,0,0,0,0,0,0,0,0,0,0,0,0,0,0,0,0,0,0
3419699378336,9.6994828,1788964958607111120,,0,0,0,0,0,0,0,0,0,0,0,0,0,0,0,0,0,0,0
3419719368928,9.7194734,1788964958627110433,,0,0,0,0,0,0,0,0,0,0,0,0,0,0,0,0,0,0,0
3419739423296,9.7395277,1788964958647111136,,0,0,0,0,0,0,0,0,0,0,0,0,0,0,0,0,0,0,0
3419759216480,9.7593209,1788964958667110882,,0,0,0,0,0,0,0,0,0,0,0,0,0,0,0,0,0,0,0
3419779414656,9.7795191,1788964958687110627,,0,0,0,0,0,0,0,0,0,0,0,0,0,0,0,0,0,0,0
3419799323776,9.7994282,1788964958707110184,,0,0,0,0,0,0,0,0,0,0,0,0,0,0,0,0,0,0,0
3419819362496,9.8194669,1788964958727110844,,0,0,0,0,0,0,0,0,0,0,0,0,0,0,0,0,0,0,0
3419839344352,9.8394488,1788964958747110831,,0,0,0,0,0,0,0,0,0,0,0,0,0,0,0,0,0,0,0
3419859372320,9.8594768,1788964958767110718,,0,0,0,0,0,0,0,0,0,0,0,0,0,0,0,0,0,0,0
3419879306432,9.8794109,1788964958787110681,,0,0,0,0,0,0,0,0,0,0,0,0,0,0,0,0,0,0,0
3419899336160,9.8994406,1788964958807110422,,0,0,0,0,0,0,0,0,0,0,0,0,0,0,0,0,0,0,0
3419919320416,9.9194249,1788964958827110747,,0,0,0,0,0,0,0,0,0,0,0,0,0,0,0,0,0,0,0
3419939308000,9.9394124,1788964958847110929,,0,0,0,0,0,0,0,0,0,0,0,0,0,0,0,0,0,0,0
3419959197760,9.9593022,1788964958867110727,,0,0,0,0,0,0,0,0,0,0,0,0,0,0,0,0,0,0,0
3419979323680,9.9794281,1788964958887110471,,0,0,0,0,0,0,0,0,0,0,0,0,0,0,0,0,0,0,0
3419999325440,9.9994299,1788964958907110499,,0,0,0,0,0,0,0,0,0,0,0,0,0,0,0,0,0,0,0
3420019332864,10.019437,1788964958927110903,,0,0,0,0,0,0,0,0,0,0,0,0,0,0,0,0,0,0,0
3420039310208,10.039415,1788964958947110760,,0,0,0,0,0,0,0,0,0,0,0,0,0,0,0,0,0,0,0
3420059297984,10.059402,1788964958967110634,,0,0,0,0,0,0,0,0,0,0,0,0,0,0,0,0,0,0,0
3420079316256,10.079421,1788964958987110524,,0,0,0,0,0,0,0,0,0,0,0,0,0,0,0,0,0,0,0
3420099316640,10.099421,1788964959007110732,,0,0,0,0,0,0,0,0,0,0,0,0,0,0,0,0,0,0,0
3420119278624,10.119383,1788964959027110454,,0,0,0,0,0,0,0,0,0,0,0,0,0,0,0,0,0,0,0
3420139315904,10.13942,1788964959047110780,,0,0,0,0,0,0,0,0,0,0,0,0,0,0,0,0,0,0,0
3420159187264,10.159292,1788964959067110353,,0,0,0,0,0,0,0,0,0,0,0,0,0,0,0,0,0,0,0
3420179313152,10.179418,1788964959087110785,,0,0,0,0,0,0,0,0,0,0,0,0,0,0,0,0,0,0,0
3420199329152,10.199434,1788964959107113903,,0,0,0,0,0,0,0,0,0,0,0,0,0,0,0,0,0,0,0
3420219283232,10.219388,1788964959127110712,,0,0,0,0,0,0,0,0,0,0,0,0,0,0,0,0,0,0,0
3420239311392,10.239416,1788964959147117331,,0,0,0,0,0,0,0,0,0,0,0,0,0,0,0,0,0,0,0
3420259326016,10.25943,1788964959167110406,,0,0,0,0,0,0,0,0,0,0,0,0,0,0,0,0,0,0,0
3420279291904,10.279396,1788964959187112671,,0,0,0,0,0,0,0,0,0,0,0,0,0,0,0,0,0,0,0
3420299333408,10.299438,1788964959207110836,,0,0,0,0,0,0,0,0,0,0,0,0,0,0,0,0,0,0,0
3420319287424,10.319392,1788964959227110500,,0,0,0,0,0,0,0,0,0,0,0,0,0,0,0,0,0,0,0
3420339308608,10.339413,1788964959247124471,,0,0,0,0,0,0,0,0,0,0,0,0,0,0,0,0,0,0,0
3420359209888,10.359314,1788964959267110446,,0,0,0,0,0,0,0,0,0,0,0,0,0,0,0,0,0,0,0
3420379289376,10.379394,1788964959287110945,,0,0,0,0,0,0,0,0,0,0,0,0,0,0,0,0,0,0,0
3420399301568,10.399406,1788964959307124425,,0,0,0,0,0,0,0,0,0,0,0,0,0,0,0,0,0,0,0
3420419292736,10.419397,1788964959327110795,,0,0,0,0,0,0,0,0,0,0,0,0,0,0,0,0,0,0,0
3420439282528,10.439387,1788964959347111216,,0,0,0,0,0,0,0,0,0,0,0,0,0,0,0,0,0,0,0
3420459265408,10.45937,1788964959367110983,,0,0,0,0,0,0,0,0,0,0,0,0,0,0,0,0,0,0,0
3420479296800,10.479401,1788964959387110748,,0,0,0,0,0,0,0,0,0,0,0,0,0,0,0,0,0,0,0
3420499291808,10.499396,1788964959407110772,,0,0,0,0,0,0,0,0,0,0,0,0,0,0,0,0,0,0,0
3420519266720,10.519371,1788964959427111076,,0,0,0,0,0,0,0,0,0,0,0,0,0,0,0,0,0,0,0
3420539288128,10.539393,1788964959447110575,,0,0,0,0,0,0,0,0,0,0,0,0,0,0,0,0,0,0,0
3420559207968,10.559312,1788964959467110632,,0,0,0,0,0,0,0,0,0,0,0,0,0,0,0,0,0,0,0
3420579290688,10.579395,1788964959487110636,,0,0,0,0,0,0,0,0,0,0,0,0,0,0,0,0,0,0,0
3420599296832,10.599401,1788964959507110715,,0,0,0,0,0,0,0,0,0,0,0,0,0,0,0,0,0,0,0
3420619257952,10.619362,1788964959527110897,,0,0,0,0,0,0,0,0,0,0,0,0,0,0,0,0,0,0,0
3420639268128,10.639373,1788964959547110815,,0,0,0,0,0,0,0,0,0,0,0,0,0,0,0,0,0,0,0
3420659278048,10.659382,1788964959567110561,,0,0,0,0,0,0,0,0,0,0,0,0,0,0,0,0,0,0,0
3420679272704,10.679377,1788964959587111035,,0,0,0,0,0,0,0,0,0,0,0,0,0,0,0,0,0,0,0
3420699296928,10.699401,1788964959607111061,,0,0,0,0,0,0,0,0,0,0,0,0,0,0,0,0,0,0,0
3420719279424,10.719384,1788964959627111042,,0,0,0,0,0,0,0,0,0,0,0,0,0,0,0,0,0,0,0
3420739271648,10.739376,1788964959647111348,,0,0,0,0,0,0,0,0,0,0,0,0,0,0,0,0,0,0,0
3420759207328,10.759312,1788964959667111419,,0,0,0,0,0,0,0,0,0,0,0,0,0,0,0,0,0,0,0
3420779261312,10.779366,1788964959687111746,,0,0,0,0,0,0,0,0,0,0,0,0,0,0,0,0,0,0,0
3420799254432,10.799359,1788964959707111354,,0,0,0,0,0,0,0,0,0,0,0,0,0,0,0,0,0,0,0
3420819280672,10.819385,1788964959727110883,,0,0,0,0,0,0,0,0,0,0,0,0,0,0,0,0,0,0,0
3420839257536,10.839362,1788964959747110498,,0,0,0,0,0,0,0,0,0,0,0,0,0,0,0,0,0,0,0
3420859311360,10.859416,1788964959767110868,,0,0,0,0,0,0,0,0,0,0,0,0,0,0,0,0,0,0,0
3420879277344,10.879382,1788964959787110365,,0,0,0,0,0,0,0,0,0,0,0,0,0,0,0,0,0,0,0
3420899295232,10.8994,1788964959807110764,,0,0,0,0,0,0,0,0,0,0,0,0,0,0,0,0,0,0,0
3420919274976,10.919379,1788964959827110976,,0,0,0,0,0,0,0,0,0,0,0,0,0,0,0,0,0,0,0
3420939304416,10.939409,1788964959847111047,,0,0,0,0,0,0,0,0,0,0,0,0,0,0,0,0,0,0,0
3420959160864,10.959265,1788964959867110956,,0,0,0,0,0,0,0,0,0,0,0,0,0,0,0,0,0,0,0
3420979323168,10.979428,1788964959887110956,,0,0,0,0,0,0,0,0,0,0,0,0,0,0,0,0,0,0,0
3420999272576,10.999377,1788964959907111272,,0,0,0,0,0,0,0,0,0,0,0,0,0,0,0,0,0,0,0
3421019342112,11.019447,1788964959927110859,,0,0,0,0,0,0,0,0,0,0,0,0,0,0,0,0,0,0,0
3421039253312,11.039358,1788964959947110765,,0,0,0,0,0,0,0,0,0,0,0,0,0,0,0,0,0,0,0
3421059337216,11.059442,1788964959967110735,,0,0,0,0,0,0,0,0,0,0,0,0,0,0,0,0,0,0,0
3421079249600,11.079354,1788964959987110669,,0,0,0,0,0,0,0,0,0,0,0,0,0,0,0,0,0,0,0
3421099300320,11.099405,1788964960007110773,,0,0,0,0,0,0,0,0,0,0,0,0,0,0,0,0,0,0,0
3421119263808,11.119368,1788964960027111722,,0,0,0,0,0,0,0,0,0,0,0,0,0,0,0,0,0,0,0
3421139257344,11.139362,1788964960047110481,,0,0,0,0,0,0,0,0,0,0,0,0,0,0,0,0,0,0,0
3421159238080,11.159343,1788964960067110254,,0,0,0,0,0,0,0,0,0,0,0,0,0,0,0,0,0,0,0
3421179253344,11.179358,1788964960087110495,,0,0,0,0,0,0,0,0,0,0,0,0,0,0,0,0,0,0,0
3421199262016,11.199366,1788964960107110377,,0,0,0,0,0,0,0,0,0,0,0,0,0,0,0,0,0,0,0
3421219254464,11.219359,1788964960127113983,,0,0,0,0,0,0,0,0,0,0,0,0,0,0,0,0,0,0,0
3421239259296,11.239364,1788964960147111165,,0,0,0,0,0,0,0,0,0,0,0,0,0,0,0,0,0,0,0
3421259231328,11.259336,1788964960167110617,,0,0,0,0,0,0,0,0,0,0,0,0,0,0,0,0,0,0,0
3421279260032,11.279364,1788964960187110549,,0,0,0,0,0,0,0,0,0,0,0,0,0,0,0,0,0,0,0
3421299239040,11.299343,1788964960207110392,,0,0,0,0,0,0,0,0,0,0,0,0,0,0,0,0,0,0,0
3421319227712,11.319332,1788964960227116798,,0,0,0,0,0,0,0,0,0,0,0,0,0,0,0,0,0,0,0
3421339260000,11.339364,1788964960247110706,,0,0,0,0,0,0,0,0,0,0,0,0,0,0,0,0,0,0,0
3421359142368,11.359247,1788964960267113323,,0,0,0,0,0,0,0,0,0,0,0,0,0,0,0,0,0,0,0
3421379225248,11.37933,1788964960287110791,,0,0,0,0,0,0,0,0,0,0,0,0,0,0,0,0,0,0,0
3421399248864,11.399353,1788964960307110735,,0,0,0,0,0,0,0,0,0,0,0,0,0,0,0,0,0,0,0
3421419257760,11.419362,1788964960327111397,,0,0,0,0,0,0,0,0,0,0,0,0,0,0,0,0,0,0,0
3421439225312,11.43933,1788964960347110567,,0,0,0,0,0,0,0,0,0,0,0,0,0,0,0,0,0,0,0
3421459402400,11.459507,1788964960367110908,,0,0,0,0,0,0,0,0,0,0,0,0,0,0,0,0,0,0,0
3421479244160,11.479349,1788964960387110497,,0,0,0,0,0,0,0,0,0,0,0,0,0,0,0,0,0,0,0
3421499260800,11.499365,1788964960407114225,,0,0,0,0,0,0,0,0,0,0,0,0,0,0,0,0,0,0,0
3421519243232,11.519348,1788964960427110741,,0,0,0,0,0,0,0,0,0,0,0,0,0,0,0,0,0,0,0
3421539249376,11.539354,1788964960447110671,,0,0,0,0,0,0,0,0,0,0,0,0,0,0,0,0,0,0,0
3421559127136,11.559232,1788964960467110483,,0,0,0,0,0,0,0,0,0,0,0,0,0,0,0,0,0,0,0
3421579272384,11.579377,1788964960487114820,,0,0,0,0,0,0,0,0,0,0,0,0,0,0,0,0,0,0,0
3421599218752,11.599323,1788964960507110960,,0,0,0,0,0,0,0,0,0,0,0,0,0,0,0,0,0,0,0
3421619210368,11.619315,1788964960527110439,,0,0,0,0,0,0,0,0,0,0,0,0,0,0,0,0,0,0,0
3421639231456,11.639336,1788964960547110673,,0,0,0,0,0,0,0,0,0,0,0,0,0,0,0,0,0,0,0
3421659246400,11.659351,1788964960567124375,,0,0,0,0,0,0,0,0,0,0,0,0,0,0,0,0,0,0,0
3421679234624,11.679339,1788964960587110670,,0,0,0,0,0,0,0,0,0,0,0,0,0,0,0,0,0,0,0
3421699252032,11.699356,1788964960607110404,,0,0,0,0,0,0,0,0,0,0,0,0,0,0,0,0,0,0,0
3421719243328,11.719348,1788964960627110986,,0,0,0,0,0,0,0,0,0,0,0,0,0,0,0,0,0,0,0
3421739247072,11.739352,1788964960647123983,,0,0,0,0,0,0,0,0,0,0,0,0,0,0,0,0,0,0,0
3421759129088,11.759234,1788964960667115251,,0,0,0,0,0,0,0,0,0,0,0,0,0,0,0,0,0,0,0
3421779222624,11.779327,1788964960687114930,,0,0,0,0,0,0,0,0,0,0,0,0,0,0,0,0,0,0,0
3421799293888,11.799398,1788964960707125275,,0,0,0,0,0,0,0,0,0,0,0,0,0,0,0,0,0,0,0
3421819239104,11.819344,1788964960727113643,,0,0,0,0,0,0,0,0,0,0,0,0,0,0,0,0,0,0,0
3421839211648,11.839316,1788964960747113711,,0,0,0,0,0,0,0,0,0,0,0,0,0,0,0,0,0,0,0
3421859236256,11.859341,1788964960767110662,,0,0,0,0,0,0,0,0,0,0,0,0,0,0,0,0,0,0,0
3421879211872,11.879316,1788964960787111214,,0,0,0,0,0,0,0,0,0,0,0,0,0,0,0,0,0,0,0
3421899204576,11.899309,1788964960807110749,,0,0,0,0,0,0,0,0,0,0,0,0,0,0,0,0,0,0,0
3421919232224,11.919337,1788964960827110943,,0,0,0,0,0,0,0,0,0,0,0,0,0,0,0,0,0,0,0
3421939217984,11.939322,1788964960847110905,,0,0,0,0,0,0,0,0,0,0,0,0,0,0,0,0,0,0,0
3421959109376,11.959214,1788964960867111024,,0,0,0,0,0,0,0,0,0,0,0,0,0,0,0,0,0,0,0
3421979231072,11.979336,1788964960887110279,,0,0,0,0,0,0,0,0,0,0,0,0,0,0,0,0,0,0,0
3421999237632,11.999342,1788964960907111289,,0,0,0,0,0,0,0,0,0,0,0,0,0,0,0,0,0,0,0
3422019233408,12.019338,1788964960927110883,,0,0,0,0,0,0,0,0,0,0,0,0,0,0,0,0,0,0,0
3422039223968,12.039328,1788964960947110790,,0,0,0,0,0,0,0,0,0,0,0,0,0,0,0,0,0,0,0
3422059235008,12.059339,1788964960967110722,,0,0,0,0,0,0,0,0,0,0,0,0,0,0,0,0,0,0,0
3422079204224,12.079309,1788964960987110686,,0,0,0,0,0,0,0,0,0,0,0,0,0,0,0,0,0,0,0
3422099239040,12.099343,1788964961007110765,,0,0,0,0,0,0,0,0,0,0,0,0,0,0,0,0,0,0,0
3422119207744,12.119312,1788964961027110506,,0,0,0,0,0,0,0,0,0,0,0,0,0,0,0,0,0,0,0
3422139204320,12.139309,1788964961047110463,,0,0,0,0,0,0,0,0,0,0,0,0,0,0,0,0,0,0,0
3422159099360,12.159204,1788964961067110272,,0,0,0,0,0,0,0,0,0,0,0,0,0,0,0,0,0,0,0
3422179252064,12.179357,1788964961087124095,,0,0,0,0,0,0,0,0,0,0,0,0,0,0,0,0,0,0,0
3422199237216,12.199342,1788964961107110802,,0,0,0,0,0,0,0,0,0,0,0,0,0,0,0,0,0,0,0
3422219245952,12.21935,1788964961127110665,,0,0,0,0,0,0,0,0,0,0,0,0,0,0,0,0,0,0,0
3422239207808,12.239312,1788964961147111298,,0,0,0,0,0,0,0,0,0,0,0,0,0,0,0,0,0,0,0
3422259277024,12.259381,1788964961167110676,,0,0,0,0,0,0,0,0,0,0,0,0,0,0,0,0,0,0,0
3422279208672,12.279313,1788964961187110811,,0,0,0,0,0,0,0,0,0,0,0,0,0,0,0,0,0,0,0
3422299208128,12.299313,1788964961207111127,,0,0,0,0,0,0,0,0,0,0,0,0,0,0,0,0,0,0,0
3422319218880,12.319323,1788964961227110598,,0,0,0,0,0,0,0,0,0,0,0,0,0,0,0,0,0,0,0
3422339213760,12.339318,1788964961247110797,,0,0,0,0,0,0,0,0,0,0,0,0,0,0,0,0,0,0,0
3422359087328,12.359192,1788964961267110767,,0,0,0,0,0,0,0,0,0,0,0,0,0,0,0,0,0,0,0
3422379289024,12.379393,1788964961287111985,,0,0,0,0,0,0,0,0,0,0,0,0,0,0,0,0,0,0,0
3422399210080,12.399315,1788964961307110758,,0,0,0,0,0,0,0,0,0,0,0,0,0,0,0,0,0,0,0
3422419236224,12.419341,1788964961327113800,,0,0,0,0,0,0,0,0,0,0,0,0,0,0,0,0,0,0,0
3422439205472,12.43931,1788964961347110342,,0,0,0,0,0,0,0,0,0,0,0,0,0,0,0,0,0,0,0
3422459270784,12.459375,1788964961367110603,,0,0,0,0,0,0,0,0,0,0,0,0,0,0,0,0,0,0,0
3422479221152,12.479326,1788964961387124334,,0,0,0,0,0,0,0,0,0,0,0,0,0,0,0,0,0,0,0
3422499253024,12.499357,1788964961407111296,,0,0,0,0,0,0,0,0,0,0,0,0,0,0,0,0,0,0,0
3422519192160,12.519297,1788964961427110666,,0,0,0,0,0,0,0,0,0,0,0,0,0,0,0,0,0,0,0
3422539244512,12.539349,1788964961447110822,,0,0,0,0,0,0,0,0,0,0,0,0,0,0,0,0,0,0,0
3422559116416,12.559221,1788964961467111183,,0,0,0,0,0,0,0,0,0,0,0,0,0,0,0,0,0,0,0
3422579212512,12.579317,1788964961487111294,,0,0,0,0,0,0,0,0,0,0,0,0,0,0,0,0,0,0,0
3422599224704,12.599329,1788964961507110710,,0,0,0,0,0,0,0,0,0,0,0,0,0,0,0,0,0,0,0
3422619214624,12.619319,1788964961527110923,,0,0,0,0,0,0,0,0,0,0,0,0,0,0,0,0,0,0,0
3422639182016,12.639286,1788964961547110846,,0,0,0,0,0,0,0,0,0,0,0,0,0,0,0,0,0,0,0
3422659239968,12.659344,1788964961567111074,,0,0,0,0,0,0,0,0,0,0,0,0,0,0,0,0,0,0,0
3422679197120,12.679302,1788964961587110711,,0,0,0,0,0,0,0,0,0,0,0,0,0,0,0,0,0,0,0
3422699210336,12.699315,1788964961607111194,,0,0,0,0,0,0,0,0,0,0,0,0,0,0,0,0,0,0,0
3422719206752,12.719311,1788964961627111048,,0,0,0,0,0,0,0,0,0,0,0,0,0,0,0,0,0,0,0
3422739195040,12.739299,1788964961647110878,,0,0,0,0,0,0,0,0,0,0,0,0,0,0,0,0,0,0,0
3422759103488,12.759208,1788964961667110435,,0,0,0,0,0,0,0,0,0,0,0,0,0,0,0,0,0,0,0
3422779199200,12.779304,1788964961687110580,,0,0,0,0,0,0,0,0,0,0,0,0,0,0,0,0,0,0,0
3422799184416,12.799289,1788964961707110599,,0,0,0,0,0,0,0,0,0,0,0,0,0,0,0,0,0,0,0
3422819201888,12.819306,1788964961727111627,,0,0,0,0,0,0,0,0,0,0,0,0,0,0,0,0,0,0,0
3422839190880,12.839295,1788964961747110568,,0,0,0,0,0,0,0,0,0,0,0,0,0,0,0,0,0,0,0
3422859173536,12.859278,1788964961767111273,,0,0,0,0,0,0,0,0,0,0,0,0,0,0,0,0,0,0,0
3422879164928,12.879269,1788964961787110631,,0,0,0,0,0,0,0,0,0,0,0,0,0,0,0,0,0,0,0
3422899186112,12.899291,1788964961807110609,,0,0,0,0,0,0,0,0,0,0,0,0,0,0,0,0,0,0,0
3422919199968,12.919304,1788964961827110689,,0,0,0,0,0,0,0,0,0,0,0,0,0,0,0,0,0,0,0
3422939168000,12.939272,1788964961847110322,,0,0,0,0,0,0,0,0,0,0,0,0,0,0,0,0,0,0,0
3422959099584,12.959204,1788964961867110801,,0,0,0,0,0,0,0,0,0,0,0,0,0,0,0,0,0,0,0
3422979161664,12.979266,1788964961887110597,,0,0,0,0,0,0,0,0,0,0,0,0,0,0,0,0,0,0,0
3422999225120,12.99933,1788964961907110965,,0,0,0,0,0,0,0,0,0,0,0,0,0,0,0,0,0,0,0
3423019172608,13.019277,1788964961927110641,,0,0,0,0,0,0,0,0,0,0,0,0,0,0,0,0,0,0,0
3423039174080,13.039279,1788964961947111150,,0,0,0,0,0,0,0,0,0,0,0,0,0,0,0,0,0,0,0
3423059178048,13.059282,1788964961967110732,,0,0,0,0,0,0,0,0,0,0,0,0,0,0,0,0,0,0,0
3423079213088,13.079318,1788964961987110565,,0,0,0,0,0,0,0,0,0,0,0,0,0,0,0,0,0,0,0
3423099160896,13.099265,1788964962007110538,,0,0,0,0,0,0,0,0,0,0,0,0,0,0,0,0,0,0,0
3423119177120,13.119282,1788964962027110250,,0,0,0,0,0,0,0,0,0,0,0,0,0,0,0,0,0,0,0
3423139166560,13.139271,1788964962047110600,,0,0,0,0,0,0,0,0,0,0,0,0,0,0,0,0,0,0,0
3423159075616,13.15918,1788964962067110811,,0,0,0,0,0,0,0,0,0,0,0,0,0,0,0,0,0,0,0
3423179185920,13.17929,1788964962087110593,,0,0,0,0,0,0,0,0,0,0,0,0,0,0,0,0,0,0,0
3423199177824,13.199282,1788964962107110564,,0,0,0,0,0,0,0,0,0,0,0,0,0,0,0,0,0,0,0
3423219142112,13.219247,1788964962127110603,,0,0,0,0,0,0,0,0,0,0,0,0,0,0,0,0,0,0,0
3423239211936,13.239316,1788964962147111427,,0,0,0,0,0,0,0,0,0,0,0,0,0,0,0,0,0,0,0
3423259161824,13.259266,1788964962167110328,,0,0,0,0,0,0,0,0,0,0,0,0,0,0,0,0,0,0,0
3423279142080,13.279247,1788964962187110857,,0,0,0,0,0,0,0,0,0,0,0,0,0,0,0,0,0,0,0
3423299203328,13.299308,1788964962207110533,,0,0,0,0,0,0,0,0,0,0,0,0,0,0,0,0,0,0,0
3423319203136,13.319308,1788964962227110730,,0,0,0,0,0,0,0,0,0,0,0,0,0,0,0,0,0,0,0
3423339141344,13.339246,1788964962247110243,,0,0,0,0,0,0,0,0,0,0,0,0,0,0,0,0,0,0,0
3423359046368,13.359151,1788964962267110548,,0,0,0,0,0,0,0,0,0,0,0,0,0,0,0,0,0,0,0
3423379153728,13.379258,1788964962287110672,,0,0,0,0,0,0,0,0,0,0,0,0,0,0,0,0,0,0,0
3423399142496,13.399247,1788964962307109928,,0,0,0,0,0,0,0,0,0,0,0,0,0,0,0,0,0,0,0
3423419169952,13.419274,1788964962327110144,,0,0,0,0,0,0,0,0,0,0,0,0,0,0,0,0,0,0,0
3423439151104,13.439256,1788964962347110398,,0,0,0,0,0,0,0,0,0,0,0,0,0,0,0,0,0,0,0
3423459153632,13.459258,1788964962367110622,,0,0,0,0,0,0,0,0,0,0,0,0,0,0,0,0,0,0,0
3423479160832,13.479265,1788964962387110761,,0,0,0,0,0,0,0,0,0,0,0,0,0,0,0,0,0,0,0
3423499143808,13.499248,1788964962407113739,,0,0,0,0,0,0,0,0,0,0,0,0,0,0,0,0,0,0,0
3423519167680,13.519272,1788964962427110445,,0,0,0,0,0,0,0,0,0,0,0,0,0,0,0,0,0,0,0
3423539142848,13.539247,1788964962447110886,,0,0,0,0,0,0,0,0,0,0,0,0,0,0,0,0,0,0,0
3423559041824,13.559146,1788964962467110730,,0,0,0,0,0,0,0,0,0,0,0,0,0,0,0,0,0,0,0
3423579164768,13.579269,1788964962487110792,,0,0,0,0,0,0,0,0,0,0,0,0,0,0,0,0,0,0,0
3423599170848,13.599275,1788964962507110674,,0,0,0,0,0,0,0,0,0,0,0,0,0,0,0,0,0,0,0
3423619140832,13.619245,1788964962527110929,,0,0,0,0,0,0,0,0,0,0,0,0,0,0,0,0,0,0,0
3423639178752,13.639283,1788964962547111244,,0,0,0,0,0,0,0,0,0,0,0,0,0,0,0,0,0,0,0
3423659140000,13.659244,1788964962567111058,,0,0,0,0,0,0,0,0,0,0,0,0,0,0,0,0,0,0,0
3423679138400,13.679243,1788964962587110919,,0,0,0,0,0,0,0,0,0,0,0,0,0,0,0,0,0,0,0
3423699161376,13.699266,1788964962607111125,,0,0,0,0,0,0,0,0,0,0,0,0,0,0,0,0,0,0,0
3423719142816,13.719247,1788964962627110480,,0,0,0,0,0,0,0,0,0,0,0,0,0,0,0,0,0,0,0
3423739126848,13.739231,1788964962647111368,,0,0,0,0,0,0,0,0,0,0,0,0,0,0,0,0,0,0,0
3423759064000,13.759168,1788964962667110149,,0,0,0,0,0,0,0,0,0,0,0,0,0,0,0,0,0,0,0
3423779134464,13.779239,1788964962687110882,,0,0,0,0,0,0,0,0,0,0,0,0,0,0,0,0,0,0,0
3423799162336,13.799267,1788964962707110800,,0,0,0,0,0,0,0,0,0,0,0,0,0,0,0,0,0,0,0
3423819133216,13.819238,1788964962727124676,,0,0,0,0,0,0,0,0,0,0,0,0,0,0,0,0,0,0,0
3423839140000,13.839244,1788964962747110477,,0,0,0,0,0,0,0,0,0,0,0,0,0,0,0,0,0,0,0
3423859134112,13.859239,1788964962767111019,,0,0,0,0,0,0,0,0,0,0,0,0,0,0,0,0,0,0,0
3423879188576,13.879293,1788964962787110598,,0,0,0,0,0,0,0,0,0,0,0,0,0,0,0,0,0,0,0
3423899131328,13.899236,1788964962807110897,,0,0,0,0,0,0,0,0,0,0,0,0,0,0,0,0,0,0,0
3423919178784,13.919283,1788964962827111059,,0,0,0,0,0,0,0,0,0,0,0,0,0,0,0,0,0,0,0
3423939134080,13.939239,1788964962847111020,,0,0,0,0,0,0,0,0,0,0,0,0,0,0,0,0,0,0,0
3423959027168,13.959132,1788964962867110889,,0,0,0,0,0,0,0,0,0,0,0,0,0,0,0,0,0,0,0
3423979112672,13.979217,1788964962887111198,,0,0,0,0,0,0,0,0,0,0,0,0,0,0,0,0,0,0,0
3423999137920,13.999242,1788964962907111068,,0,0,0,0,0,0,0,0,0,0,0,0,0,0,0,0,0,0,0
3424019126624,14.019231,1788964962927110461,,0,0,0,0,0,0,0,0,0,0,0,0,0,0,0,0,0,0,0
3424039104064,14.039209,1788964962947110669,,0,0,0,0,0,0,0,0,0,0,0,0,0,0,0,0,0,0,0
3424059113152,14.059218,1788964962967110607,,0,0,0,0,0,0,0,0,0,0,0,0,0,0,0,0,0,0,0
3424079107936,14.079212,1788964962987111266,,0,0,0,0,0,0,0,0,0,0,0,0,0,0,0,0,0,0,0
3424099130144,14.099235,1788964963007110836,,0,0,0,0,0,0,0,0,0,0,0,0,0,0,0,0,0,0,0
3424119129728,14.119234,1788964963027110818,,0,0,0,0,0,0,0,0,0,0,0,0,0,0,0,0,0,0,0
3424139149312,14.139254,1788964963047124352,,0,0,0,0,0,0,0,0,0,0,0,0,0,0,0,0,0,0,0
3424159126240,14.159231,1788964963067111141,,0,0,0,0,0,0,0,0,0,0,0,0,0,0,0,0,0,0,0
3424179118048,14.179222,1788964963087110519,,0,0,0,0,0,0,0,0,0,0,0,0,0,0,0,0,0,0,0
3424199140416,14.199245,1788964963107110593,,0,0,0,0,0,0,0,0,0,0,0,0,0,0,0,0,0,0,0
3424219122816,14.219227,1788964963127124957,,0,0,0,0,0,0,0,0,0,0,0,0,0,0,0,0,0,0,0
3424239122176,14.239227,1788964963147111515,,0,0,0,0,0,0,0,0,0,0,0,0,0,0,0,0,0,0,0
3424259110592,14.259215,1788964963167111234,,0,0,0,0,0,0,0,0,0,0,0,0,0,0,0,0,0,0,0
3424279117120,14.279222,1788964963187110437,,0,0,0,0,0,0,0,0,0,0,0,0,0,0,0,0,0,0,0
3424299103392,14.299208,1788964963207110706,,0,0,0,0,0,0,0,0,0,0,0,0,0,0,0,0,0,0,0
3424319088576,14.319193,1788964963227110594,,0,0,0,0,0,0,0,0,0,0,0,0,0,0,0,0,0,0,0
3424339113952,14.339218,1788964963247110698,,0,0,0,0,0,0,0,0,0,0,0,0,0,0,0,0,0,0,0
3424359019616,14.359124,1788964963267110177,,0,0,0,0,0,0,0,0,0,0,0,0,0,0,0,0,0,0,0
3424379098464,14.379203,1788964963287110931,,0,0,0,0,0,0,0,0,0,0,0,0,0,0,0,0,0,0,0
3424399120288,14.399225,1788964963307111697,,0,0,0,0,0,0,0,0,0,0,0,0,0,0,0,0,0,0,0
3424419108608,14.419213,1788964963327110676,,0,0,0,0,0,0,0,0,0,0,0,0,0,0,0,0,0,0,0
3424439097344,14.439202,1788964963347110359,,0,0,0,0,0,0,0,0,0,0,0,0,0,0,0,0,0,0,0
3424459119712,14.459224,1788964963367110382,,0,0,0,0,0,0,0,0,0,0,0,0,0,0,0,0,0,0,0
3424479098432,14.479203,1788964963387110710,,0,0,0,0,0,0,0,0,0,0,0,0,0,0,0,0,0,0,0
3424499118560,14.499223,1788964963407110531,,0,0,0,0,0,0,0,0,0,0,0,0,0,0,0,0,0,0,0
3424519110208,14.519215,1788964963427110864,,0,0,0,0,0,0,0,0,0,0,0,0,0,0,0,0,0,0,0
3424539092128,14.539197,1788964963447111311,,0,0,0,0,0,0,0,0,0,0,0,0,0,0,0,0,0,0,0
3424558976384,14.559081,1788964963467110522,,0,0,0,0,0,0,0,0,0,0,0,0,0,0,0,0,0,0,0
3424579142528,14.579247,1788964963487114307,,0,0,0,0,0,0,0,0,0,0,0,0,0,0,0,0,0,0,0
3424599079712,14.599184,1788964963507111308,,0,0,0,0,0,0,0,0,0,0,0,0,0,0,0,0,0,0,0
3424619100832,14.619205,1788964963527110511,,0,0,0,0,0,0,0,0,0,0,0,0,0,0,0,0,0,0,0
3424639102016,14.639206,1788964963547111197,,0,0,0,0,0,0,0,0,0,0,0,0,0,0,0,0,0,0,0
3424659085632,14.65919,1788964963567110708,,0,0,0,0,0,0,0,0,0,0,0,0,0,0,0,0,0,0,0
3424679100640,14.679205,1788964963587110897,,0,0,0,0,0,0,0,0,0,0,0,0,0,0,0,0,0,0,0
3424699082720,14.699187,1788964963607111574,,0,0,0,0,0,0,0,0,0,0,0,0,0,0,0,0,0,0,0
3424719078464,14.719183,1788964963627110551,,0,0,0,0,0,0,0,0,0,0,0,0,0,0,0,0,0,0,0
3424739095392,14.7392,1788964963647111334,,0,0,0,0,0,0,0,0,0,0,0,0,0,0,0,0,0,0,0
3424759005248,14.75911,1788964963667110380,,0,0,0,0,0,0,0,0,0,0,0,0,0,0,0,0,0,0,0
3424779086144,14.779191,1788964963687110416,,0,0,0,0,0,0,0,0,0,0,0,0,0,0,0,0,0,0,0
3424799101280,14.799206,1788964963707110972,,0,0,0,0,0,0,0,0,0,0,0,0,0,0,0,0,0,0,0
3424819092864,14.819197,1788964963727110971,,0,0,0,0,0,0,0,0,0,0,0,0,0,0,0,0,0,0,0
3424839078688,14.839183,1788964963747110505,,0,0,0,0,0,0,0,0,0,0,0,0,0,0,0,0,0,0,0
3424859105856,14.85921,1788964963767111093,,0,0,0,0,0,0,0,0,0,0,0,0,0,0,0,0,0,0,0
3424879072768,14.879177,1788964963787110525,,0,0,0,0,0,0,0,0,0,0,0,0,0,0,0,0,0,0,0
3424899077344,14.899182,1788964963807111115,,0,0,0,0,0,0,0,0,0,0,0,0,0,0,0,0,0,0,0
3424919088608,14.919193,1788964963827110272,,0,0,0,0,0,0,0,0,0,0,0,0,0,0,0,0,0,0,0
3424939083776,14.939188,1788964963847110971,,0,0,0,0,0,0,0,0,0,0,0,0,0,0,0,0,0,0,0
3424958963936,14.959068,1788964963867110363,,0,0,0,0,0,0,0,0,0,0,0,0,0,0,0,0,0,0,0
3424979070464,14.979175,1788964963887111306,,0,0,0,0,0,0,0,0,0,0,0,0,0,0,0,0,0,0,0
3424999063072,14.999168,1788964963907110928,,0,0,0,0,0,0,0,0,0,0,0,0,0,0,0,0,0,0,0
3425019043456,15.019148,1788964963927110979,,0,0,0,0,0,0,0,0,0,0,0,0,0,0,0,0,0,0,0
3425039099904,15.039204,1788964963947110745,,0,0,0,0,0,0,0,0,0,0,0,0,0,0,0,0,0,0,0
3425059051616,15.059156,1788964963967110686,,0,0,0,0,0,0,0,0,0,0,0,0,0,0,0,0,0,0,0
3425079091488,15.079196,1788964963987111257,,0,0,0,0,0,0,0,0,0,0,0,0,0,0,0,0,0,0,0
3425099088128,15.099193,1788964964007110869,,0,0,0,0,0,0,0,0,0,0,0,0,0,0,0,0,0,0,0
3425119057216,15.119162,1788964964027111008,,0,0,0,0,0,0,0,0,0,0,0,0,0,0,0,0,0,0,0
3425139126592,15.139231,1788964964047110859,,0,0,0,0,0,0,0,0,0,0,0,0,0,0,0,0,0,0,0
3425158978176,15.159083,1788964964067110848,,0,0,0,0,0,0,0,0,0,0,0,0,0,0,0,0,0,0,0
3425179053600,15.179158,1788964964087110715,,0,0,0,0,0,0,0,0,0,0,0,0,0,0,0,0,0,0,0
3425199073312,15.199178,1788964964107110197,,0,0,0,0,0,0,0,0,0,0,0,0,0,0,0,0,0,0,0
3425219073312,15.219178,1788964964127111249,,0,0,0,0,0,0,0,0,0,0,0,0,0,0,0,0,0,0,0
3425239049504,15.239154,1788964964147110740,,0,0,0,0,0,0,0,0,0,0,0,0,0,0,0,0,0,0,0
3425259074208,15.259179,1788964964167111113,,0,0,0,0,0,0,0,0,0,0,0,0,0,0,0,0,0,0,0
3425279068096,15.279173,1788964964187110739,,0,0,0,0,0,0,0,0,0,0,0,0,0,0,0,0,0,0,0
3425299051072,15.299156,1788964964207111094,,0,0,0,0,0,0,0,0,0,0,0,0,0,0,0,0,0,0,0
3425319064672,15.319169,1788964964227110753,,0,0,0,0,0,0,0,0,0,0,0,0,0,0,0,0,0,0,0
3425339058848,15.339163,1788964964247110539,,0,0,0,0,0,0,0,0,0,0,0,0,0,0,0,0,0,0,0
3425358972704,15.359077,1788964964267110161,,0,0,0,0,0,0,0,0,0,0,0,0,0,0,0,0,0,0,0
3425379061792,15.379166,1788964964287110739,,0,0,0,0,0,0,0,0,0,0,0,0,0,0,0,0,0,0,0
3425399065984,15.39917,1788964964307110804,,0,0,0,0,0,0,0,0,0,0,0,0,0,0,0,0,0,0,0
3425419036640,15.419141,1788964964327111165,,0,0,0,0,0,0,0,0,0,0,0,0,0,0,0,0,0,0,0
3425439045504,15.43915,1788964964347110489,,0,0,0,0,0,0,0,0,0,0,0,0,0,0,0,0,0,0,0
3425459043296,15.459148,1788964964367110890,,0,0,0,0,0,0,0,0,0,0,0,0,0,0,0,0,0,0,0
3425479047968,15.479152,1788964964387110684,,0,0,0,0,0,0,0,0,0,0,0,0,0,0,0,0,0,0,0
3425499060608,15.499165,1788964964407124593,,0,0,0,0,0,0,0,0,0,0,0,0,0,0,0,0,0,0,0
3425519046080,15.519151,1788964964427110607,,0,0,0,0,0,0,0,0,0,0,0,0,0,0,0,0,0,0,0
3425539047008,15.539151,1788964964447110773,,0,0,0,0,0,0,0,0,0,0,0,0,0,0,0,0,0,0,0
3425558943520,15.559048,1788964964467110795,,0,0,0,0,0,0,0,0,0,0,0,0,0,0,0,0,0,0,0
3425579035584,15.57914,1788964964487110673,,0,0,0,0,0,0,0,0,0,0,0,0,0,0,0,0,0,0,0
3425599061248,15.599166,1788964964507110454,,0,0,0,0,0,0,0,0,0,0,0,0,0,0,0,0,0,0,0
3425619043264,15.619148,1788964964527115230,,0,0,0,0,0,0,0,0,0,0,0,0,0,0,0,0,0,0,0
3425639043392,15.639148,1788964964547110856,,0,0,0,0,0,0,0,0,0,0,0,0,0,0,0,0,0,0,0
3425659060800,15.659165,1788964964567113057,,0,0,0,0,0,0,0,0,0,0,0,0,0,0,0,0,0,0,0
3425679045472,15.67915,1788964964587110552,,0,0,0,0,0,0,0,0,0,0,0,0,0,0,0,0,0,0,0
3425699059648,15.699164,1788964964607110944,,0,0,0,0,0,0,0,0,0,0,0,0,0,0,0,0,0,0,0
3425719045856,15.71915,1788964964627110418,,0,0,0,0,0,0,0,0,0,0,0,0,0,0,0,0,0,0,0
3425739044768,15.739149,1788964964647111063,,0,0,0,0,0,0,0,0,0,0,0,0,0,0,0,0,0,0,0
3425758939808,15.759044,1788964964667111668,,0,0,0,0,0,0,0,0,0,0,0,0,0,0,0,0,0,0,0
3425779035264,15.77914,1788964964687124450,,0,0,0,0,0,0,0,0,0,0,0,0,0,0,0,0,0,0,0
3425799033440,15.799138,1788964964707110997,,0,0,0,0,0,0,0,0,0,0,0,0,0,0,0,0,0,0,0
3425819022464,15.819127,1788964964727110255,,0,0,0,0,0,0,0,0,0,0,0,0,0,0,0,0,0,0,0
3425839047072,15.839152,1788964964747110936,,0,0,0,0,0,0,0,0,0,0,0,0,0,0,0,0,0,0,0
3425859060608,15.859165,1788964964767110670,,0,0,0,0,0,0,0,0,0,0,0,0,0,0,0,0,0,0,0
3425879016960,15.879121,1788964964787110421,,0,0,0,0,0,0,0,0,0,0,0,0,0,0,0,0,0,0,0
3425899040352,15.899145,1788964964807110838,,0,0,0,0,0,0,0,0,0,0,0,0,0,0,0,0,0,0,0
3425919024096,15.919129,1788964964827110653,,0,0,0,0,0,0,0,0,0,0,0,0,0,0,0,0,0,0,0
3425939017664,15.939122,1788964964847111268,,0,0,0,0,0,0,0,0,0,0,0,0,0,0,0,0,0,0,0
3425958925056,15.95903,1788964964867110575,,0,0,0,0,0,0,0,0,0,0,0,0,0,0,0,0,0,0,0
3425979020704,15.979125,1788964964887110491,,0,0,0,0,0,0,0,0,0,0,0,0,0,0,0,0,0,0,0
3425999026080,15.999131,1788964964907110977,,0,0,0,0,0,0,0,0,0,0,0,0,0,0,0,0,0,0,0
3426019044224,16.019149,1788964964927110709,,0,0,0,0,0,0,0,0,0,0,0,0,0,0,0,0,0,0,0
3426039017408,16.039122,1788964964947110489,,0,0,0,0,0,0,0,0,0,0,0,0,0,0,0,0,0,0,0
3426059046272,16.059151,1788964964967110811,,0,0,0,0,0,0,0,0,0,0,0,0,0,0,0,0,0,0,0
3426079036672,16.079141,1788964964987110399,,0,0,0,0,0,0,0,0,0,0,0,0,0,0,0,0,0,0,0
3426099021632,16.099126,1788964965007110959,,0,0,0,0,0,0,0,0,0,0,0,0,0,0,0,0,0,0,0
3426119032736,16.119137,1788964965027110499,,0,0,0,0,0,0,0,0,0,0,0,0,0,0,0,0,0,0,0
3426139017152,16.139122,1788964965047110723,,0,0,0,0,0,0,0,0,0,0,0,0,0,0,0,0,0,0,0
3426158912480,16.159017,1788964965067110614,,0,0,0,0,0,0,0,0,0,0,0,0,0,0,0,0,0,0,0
3426179037184,16.179142,1788964965087110604,,0,0,0,0,0,0,0,0,0,0,0,0,0,0,0,0,0,0,0
3426199021280,16.199126,1788964965107110817,,0,0,0,0,0,0,0,0,0,0,0,0,0,0,0,0,0,0,0
3426218999072,16.219104,1788964965127110863,,0,0,0,0,0,0,0,0,0,0,0,0,0,0,0,0,0,0,0
3426239018144,16.239123,1788964965147125318,,0,0,0,0,0,0,0,0,0,0,0,0,0,0,0,0,0,0,0
3426259088576,16.259193,1788964965167110671,,0,0,0,0,0,0,0,0,0,0,0,0,0,0,0,0,0,0,0
3426279005440,16.27911,1788964965187110291,,0,0,0,0,0,0,0,0,0,0,0,0,0,0,0,0,0,0,0
3426299056032,16.29916,1788964965207110421,,0,0,0,0,0,0,0,0,0,0,0,0,0,0,0,0,0,0,0
3426319020960,16.319125,1788964965227110448,,0,0,0,0,0,0,0,0,0,0,0,0,0,0,0,0,0,0,0
3426339015904,16.33912,1788964965247111076,,0,0,0,0,0,0,0,0,0,0,0,0,0,0,0,0,0,0,0
3426358896448,16.359001,1788964965267111279,,0,0,0,0,0,0,0,0,0,0,0,0,0,0,0,0,0,0,0
3426379015808,16.37912,1788964965287110050,,0,0,0,0,0,0,0,0,0,0,0,0,0,0,0,0,0,0,0
3426398992544,16.399097,1788964965307110791,,0,0,0,0,0,0,0,0,0,0,0,0,0,0,0,0,0,0,0
3426419005312,16.41911,1788964965327110939,,0,0,0,0,0,0,0,0,0,0,0,0,0,0,0,0,0,0,0
3426438999072,16.439104,1788964965347110775,,0,0,0,0,0,0,0,0,0,0,0,0,0,0,0,0,0,0,0
3426459027808,16.459132,1788964965367113743,,0,0,0,0,0,0,0,0,0,0,0,0,0,0,0,0,0,0,0
3426479016640,16.479121,1788964965387110604,,0,0,0,0,0,0,0,0,0,0,0,0,0,0,0,0,0,0,0
3426498995648,16.4991,1788964965407111091,,0,0,0,0,0,0,0,0,0,0,0,0,0,0,0,0,0,0,0
3426518979968,16.519084,1788964965427110733,,0,0,0,0,0,0,0,0,0,0,0,0,0,0,0,0,0,0,0
3426539022080,16.539127,1788964965447110399,,0,0,0,0,0,0,0,0,0,0,0,0,0,0,0,0,0,0,0
3426558889856,16.558994,1788964965467110952,,0,0,0,0,0,0,0,0,0,0,0,0,0,0,0,0,0,0,0
3426579016160,16.579121,1788964965487110334,,0,0,0,0,0,0,0,0,0,0,0,0,0,0,0,0,0,0,0
3426599006976,16.599111,1788964965507110568,,0,0,0,0,0,0,0,0,0,0,0,0,0,0,0,0,0,0,0
3426619014592,16.619119,1788964965527110467,,0,0,0,0,0,0,0,0,0,0,0,0,0,0,0,0,0,0,0
3426639012704,16.639117,1788964965547110364,,0,0,0,0,0,0,0,0,0,0,0,0,0,0,0,0,0,0,0
3426658996608,16.659101,1788964965567110093,,0,0,0,0,0,0,0,0,0,0,0,0,0,0,0,0,0,0,0
3426678986368,16.679091,1788964965587110340,,0,0,0,0,0,0,0,0,0,0,0,0,0,0,0,0,0,0,0
3426699011264,16.699116,1788964965607116303,,0,0,0,0,0,0,0,0,0,0,0,0,0,0,0,0,0,0,0
3426718990048,16.719094,1788964965627111105,,0,0,0,0,0,0,0,0,0,0,0,0,0,0,0,0,0,0,0
3426738980064,16.739085,1788964965647111569,,0,0,0,0,0,0,0,0,0,0,0,0,0,0,0,0,0,0,0
3426758881536,16.758986,1788964965667110136,,0,0,0,0,0,0,0,0,0,0,0,0,0,0,0,0,0,0,0
3426778998464,16.779103,1788964965687111402,,0,0,0,0,0,0,0,0,0,0,0,0,0,0,0,0,0,0,0
3426798973344,16.799078,1788964965707111298,,0,0,0,0,0,0,0,0,0,0,0,0,0,0,0,0,0,0,0
3426819051040,16.819155,1788964965727110588,,0,0,0,0,0,0,0,0,0,0,0,0,0,0,0,0,0,0,0
3426838984512,16.839089,1788964965747110951,,0,0,0,0,0,0,0,0,0,0,0,0,0,0,0,0,0,0,0
3426859019584,16.859124,1788964965767110970,,0,0,0,0,0,0,0,0,0,0,0,0,0,0,0,0,0,0,0
3426879001696,16.879106,1788964965787110361,,0,0,0,0,0,0,0,0,0,0,0,0,0,0,0,0,0,0,0
3426899017760,16.899122,1788964965807111301,,0,0,0,0,0,0,0,0,0,0,0,0,0,0,0,0,0,0,0
3426918967296,16.919072,1788964965827110524,,0,0,0,0,0,0,0,0,0,0,0,0,0,0,0,0,0,0,0
3426938990912,16.939095,1788964965847110396,,0,0,0,0,0,0,0,0,0,0,0,0,0,0,0,0,0,0,0
3426958870304,16.958975,1788964965867110830,,0,0,0,0,0,0,0,0,0,0,0,0,0,0,0,0,0,0,0
3426978984000,16.979088,1788964965887110544,,0,0,0,0,0,0,0,0,0,0,0,0,0,0,0,0,0,0,0
3426998983872,16.999088,1788964965907110909,,0,0,0,0,0,0,0,0,0,0,0,0,0,0,0,0,0,0,0
3427019001440,17.019106,1788964965927111006,,0,0,0,0,0,0,0,0,0,0,0,0,0,0,0,0,0,0,0
3427039005056,17.03911,1788964965947110286,,0,0,0,0,0,0,0,0,0,0,0,0,0,0,0,0,0,0,0
3427058982592,17.059087,1788964965967110408,,0,0,0,0,0,0,0,0,0,0,0,0,0,0,0,0,0,0,0
3427078965536,17.07907,1788964965987110575,,0,0,0,0,0,0,0,0,0,0,0,0,0,0,0,0,0,0,0
3427098986432,17.099091,1788964966007110613,,0,0,0,0,0,0,0,0,0,0,0,0,0,0,0,0,0,0,0
3427118971072,17.119076,1788964966027110615,,0,0,0,0,0,0,0,0,0,0,0,0,0,0,0,0,0,0,0
3427138960704,17.139065,1788964966047111006,,0,0,0,0,0,0,0,0,0,0,0,0,0,0,0,0,0,0,0
3427158982816,17.159087,1788964966067110496,,0,0,0,0,0,0,0,0,0,0,0,0,0,0,0,0,0,0,0
3427178969632,17.179074,1788964966087110204,,0,0,0,0,0,0,0,0,0,0,0,0,0,0,0,0,0,0,0
3427198959904,17.199064,1788964966107110449,,0,0,0,0,0,0,0,0,0,0,0,0,0,0,0,0,0,0,0
3427218964576,17.219069,1788964966127114346,,0,0,0,0,0,0,0,0,0,0,0,0,0,0,0,0,0,0,0
3427238980544,17.239085,1788964966147111536,,0,0,0,0,0,0,0,0,0,0,0,0,0,0,0,0,0,0,0
3427258953856,17.259058,1788964966167111108,,0,0,0,0,0,0,0,0,0,0,0,0,0,0,0,0,0,0,0
3427278980288,17.279085,1788964966187110356,,0,0,0,0,0,0,0,0,0,0,0,0,0,0,0,0,0,0,0
3427298964864,17.299069,1788964966207110676,,0,0,0,0,0,0,0,0,0,0,0,0,0,0,0,0,0,0,0
3427318953504,17.319058,1788964966227110296,,0,0,0,0,0,0,0,0,0,0,0,0,0,0,0,0,0,0,0
3427338964064,17.339069,1788964966247110803,,0,0,0,0,0,0,0,0,0,0,0,0,0,0,0,0,0,0,0
3427358841088,17.358946,1788964966267110425,,0,0,0,0,0,0,0,0,0,0,0,0,0,0,0,0,0,0,0
3427378935200,17.37904,1788964966287110649,,0,0,0,0,0,0,0,0,0,0,0,0,0,0,0,0,0,0,0
3427398964064,17.399069,1788964966307110347,,0,0,0,0,0,0,0,0,0,0,0,0,0,0,0,0,0,0,0
3427418938560,17.419043,1788964966327110589,,0,0,0,0,0,0,0,0,0,0,0,0,0,0,0,0,0,0,0
3427438941536,17.439046,1788964966347110563,,0,0,0,0,0,0,0,0,0,0,0,0,0,0,0,0,0,0,0
3427458965056,17.45907,1788964966367110695,,0,0,0,0,0,0,0,0,0,0,0,0,0,0,0,0,0,0,0
3427478974880,17.479079,1788964966387110851,,0,0,0,0,0,0,0,0,0,0,0,0,0,0,0,0,0,0,0
3427498994336,17.499099,1788964966407111150,,0,0,0,0,0,0,0,0,0,0,0,0,0,0,0,0,0,0,0
3427518965344,17.51907,1788964966427110731,,0,0,0,0,0,0,0,0,0,0,0,0,0,0,0,0,0,0,0
3427538955328,17.53906,1788964966447110709,,0,0,0,0,0,0,0,0,0,0,0,0,0,0,0,0,0,0,0
3427558850624,17.558955,1788964966467111145,,0,0,0,0,0,0,0,0,0,0,0,0,0,0,0,0,0,0,0
3427578998720,17.579103,1788964966487111014,,0,0,0,0,0,0,0,0,0,0,0,0,0,0,0,0,0,0,0
3427598959584,17.599064,1788964966507110408,,0,0,0,0,0,0,0,0,0,0,0,0,0,0,0,0,0,0,0
3427618960704,17.619065,1788964966527110932,,0,0,0,0,0,0,0,0,0,0,0,0,0,0,0,0,0,0,0
3427638966400,17.639071,1788964966547110513,,0,0,0,0,0,0,0,0,0,0,0,0,0,0,0,0,0,0,0
3427658962656,17.659067,1788964966567124543,,0,0,0,0,0,0,0,0,0,0,0,0,0,0,0,0,0,0,0
3427678974400,17.679079,1788964966587110039,,0,0,0,0,0,0,0,0,0,0,0,0,0,0,0,0,0,0,0
3427698949056,17.699054,1788964966607110669,,0,0,0,0,0,0,0,0,0,0,0,0,0,0,0,0,0,0,0
3427718930112,17.719035,1788964966627110349,,0,0,0,0,0,0,0,0,0,0,0,0,0,0,0,0,0,0,0
3427738966944,17.739071,1788964966647111359,,0,0,0,0,0,0,0,0,0,0,0,0,0,0,0,0,0,0,0
3427758837408,17.758942,1788964966667110500,,0,0,0,0,0,0,0,0,0,0,0,0,0,0,0,0,0,0,0
3427778971712,17.779076,1788964966687122703,,0,0,0,0,0,0,0,0,0,0,0,0,0,0,0,0,0,0,0
3427798960160,17.799065,1788964966707112157,,0,0,0,0,0,0,0,0,0,0,0,0,0,0,0,0,0,0,0
3427818940864,17.819045,1788964966727113247,,0,0,0,0,0,0,0,0,0,0,0,0,0,0,0,0,0,0,0
3427838934048,17.839038,1788964966747110521,,0,0,0,0,0,0,0,0,0,0,0,0,0,0,0,0,0,0,0
3427858938080,17.859043,1788964966767110354,,0,0,0,0,0,0,0,0,0,0,0,0,0,0,0,0,0,0,0
3427878946752,17.879051,1788964966787110678,,0,0,0,0,0,0,0,0,0,0,0,0,0,0,0,0,0,0,0
3427898941216,17.899046,1788964966807110878,,0,0,0,0,0,0,0,0,0,0,0,0,0,0,0,0,0,0,0
3427918943168,17.919048,1788964966827110561,,0,0,0,0,0,0,0,0,0,0,0,0,0,0,0,0,0,0,0
3427938932448,17.939037,1788964966847110815,,0,0,0,0,0,0,0,0,0,0,0,0,0,0,0,0,0,0,0
3427958846656,17.958951,1788964966867111162,,0,0,0,0,0,0,0,0,0,0,0,0,0,0,0,0,0,0,0
3427978946912,17.979051,1788964966887110685,,0,0,0,0,0,0,0,0,0,0,0,0,0,0,0,0,0,0,0
3427998924928,17.999029,1788964966907110815,,0,0,0,0,0,0,0,0,0,0,0,0,0,0,0,0,0,0,0
3428018945600,18.01905,1788964966927110580,,0,0,0,0,0,0,0,0,0,0,0,0,0,0,0,0,0,0,0
3428038939424,18.039044,1788964966947110475,,0,0,0,0,0,0,0,0,0,0,0,0,0,0,0,0,0,0,0
3428058925056,18.05903,1788964966967110239,,0,0,0,0,0,0,0,0,0,0,0,0,0,0,0,0,0,0,0
3428078946304,18.079051,1788964966987110840,,0,0,0,0,0,0,0,0,0,0,0,0,0,0,0,0,0,0,0
3428098948768,18.099053,1788964967007110401,,0,0,0,0,0,0,0,0,0,0,0,0,0,0,0,0,0,0,0
3428118901600,18.119006,1788964967027110511,,0,0,0,0,0,0,0,0,0,0,0,0,0,0,0,0,0,0,0
3428138944896,18.139049,1788964967047110519,,0,0,0,0,0,0,0,0,0,0,0,0,0,0,0,0,0,0,0
3428158826784,18.158931,1788964967067110625,,0,0,0,0,0,0,0,0,0,0,0,0,0,0,0,0,0,0,0
3428178913888,18.179018,1788964967087110922,,0,0,0,0,0,0,0,0,0,0,0,0,0,0,0,0,0,0,0
3428198932480,18.199037,1788964967107110430,,0,0,0,0,0,0,0,0,0,0,0,0,0,0,0,0,0,0,0
3428218914656,18.219019,1788964967127110679,,0,0,0,0,0,0,0,0,0,0,0,0,0,0,0,0,0,0,0
3428238907168,18.239012,1788964967147111174,,0,0,0,0,0,0,0,0,0,0,0,0,0,0,0,0,0,0,0
3428258922848,18.259027,1788964967167110866,,0,0,0,0,0,0,0,0,0,0,0,0,0,0,0,0,0,0,0
3428278913312,18.279018,1788964967187111037,,0,0,0,0,0,0,0,0,0,0,0,0,0,0,0,0,0,0,0
3428298901056,18.299006,1788964967207110808,,0,0,0,0,0,0,0,0,0,0,0,0,0,0,0,0,0,0,0
3428318945248,18.31905,1788964967227110867,,0,0,0,0,0,0,0,0,0,0,0,0,0,0,0,0,0,0,0
3428338907616,18.339012,1788964967247110608,,0,0,0,0,0,0,0,0,0,0,0,0,0,0,0,0,0,0,0
3428358804224,18.358909,1788964967267110197,,0,0,0,0,0,0,0,0,0,0,0,0,0,0,0,0,0,0,0
3428378920992,18.379025,1788964967287110707,,0,0,0,0,0,0,0,0,0,0,0,0,0,0,0,0,0,0,0
3428398917664,18.399022,1788964967307110394,,0,0,0,0,0,0,0,0,0,0,0,0,0,0,0,0,0,0,0
3428418886432,18.418991,1788964967327110976,,0,0,0,0,0,0,0,0,0,0,0,0,0,0,0,0,0,0,0
3428438917344,18.439022,1788964967347110167,,0,0,0,0,0,0,0,0,0,0,0,0,0,0,0,0,0,0,0
3428458900480,18.459005,1788964967367110346,,0,0,0,0,0,0,0,0,0,0,0,0,0,0,0,0,0,0,0
3428478900256,18.479005,1788964967387110280,,0,0,0,0,0,0,0,0,0,0,0,0,0,0,0,0,0,0,0
3428498910464,18.499015,1788964967407111796,,0,0,0,0,0,0,0,0,0,0,0,0,0,0,0,0,0,0,0
3428518890080,18.518995,1788964967427110656,,0,0,0,0,0,0,0,0,0,0,0,0,0,0,0,0,0,0,0
3428538920864,18.539025,1788964967447110728,,0,0,0,0,0,0,0,0,0,0,0,0,0,0,0,0,0,0,0
3428558825728,18.55893,1788964967467111471,,0,0,0,0,0,0,0,0,0,0,0,0,0,0,0,0,0,0,0
3428578893152,18.578998,1788964967487110365,,0,0,0,0,0,0,0,0,0,0,0,0,0,0,0,0,0,0,0
3428598922912,18.599027,1788964967507110980,,0,0,0,0,0,0,0,0,0,0,0,0,0,0,0,0,0,0,0
3428618892096,18.618997,1788964967527110532,,0,0,0,0,0,0,0,0,0,0,0,0,0,0,0,0,0,0,0
3428638924608,18.639029,1788964967547124172,,0,0,0,0,0,0,0,0,0,0,0,0,0,0,0,0,0,0,0
3428658914048,18.659018,1788964967567110549,,0,0,0,0,0,0,0,0,0,0,0,0,0,0,0,0,0,0,0
3428678894400,18.678999,1788964967587110479,,0,0,0,0,0,0,0,0,0,0,0,0,0,0,0,0,0,0,0
3428698885888,18.69899,1788964967607110562,,0,0,0,0,0,0,0,0,0,0,0,0,0,0,0,0,0,0,0
3428718899520,18.719004,1788964967627110588,,0,0,0,0,0,0,0,0,0,0,0,0,0,0,0,0,0,0,0
3428738905600,18.73901,1788964967647111280,,0,0,0,0,0,0,0,0,0,0,0,0,0,0,0,0,0,0,0
3428758782944,18.758887,1788964967667110769,,0,0,0,0,0,0,0,0,0,0,0,0,0,0,0,0,0,0,0
3428778899136,18.779004,1788964967687110528,,0,0,0,0,0,0,0,0,0,0,0,0,0,0,0,0,0,0,0
3428798881952,18.798986,1788964967707110677,,0,0,0,0,0,0,0,0,0,0,0,0,0,0,0,0,0,0,0
3428818866272,18.818971,1788964967727110471,,0,0,0,0,0,0,0,0,0,0,0,0,0,0,0,0,0,0,0
3428838885792,18.83899,1788964967747110467,,0,0,0,0,0,0,0,0,0,0,0,0,0,0,0,0,0,0,0
3428858876384,18.858981,1788964967767115396,,0,0,0,0,0,0,0,0,0,0,0,0,0,0,0,0,0,0,0
3428878877760,18.878982,1788964967787110436,,0,0,0,0,0,0,0,0,0,0,0,0,0,0,0,0,0,0,0
3428898911328,18.899016,1788964967807112470,,0,0,0,0,0,0,0,0,0,0,0,0,0,0,0,0,0,0,0
3428918871648,18.918976,1788964967827121361,,0,0,0,0,0,0,0,0,0,0,0,0,0,0,0,0,0,0,0
3428939040032,18.939144,1788964967847111216,,0,0,0,0,0,0,0,0,0,0,0,0,0,0,0,0,0,0,0
3428958776960,18.958881,1788964967867111002,,0,0,0,0,0,0,0,0,0,0,0,0,0,0,0,0,0,0,0
3428978964960,18.979069,1788964967887110739,,0,0,0,0,0,0,0,0,0,0,0,0,0,0,0,0,0,0,0
3428998900416,18.999005,1788964967907110986,,0,0,0,0,0,0,0,0,0,0,0,0,0,0,0,0,0,0,0
3429018937184,19.019042,1788964967927110654,,0,0,0,0,0,0,0,0,0,0,0,0,0,0,0,0,0,0,0
3429038887232,19.038992,1788964967947110717,,0,0,0,0,0,0,0,0,0,0,0,0,0,0,0,0,0,0,0
3429058899872,19.059004,1788964967967110796,,0,0,0,0,0,0,0,0,0,0,0,0,0,0,0,0,0,0,0
3429078881472,19.078986,1788964967987110488,,0,0,0,0,0,0,0,0,0,0,0,0,0,0,0,0,0,0,0
3429098884576,19.098989,1788964968007110636,,0,0,0,0,0,0,0,0,0,0,0,0,0,0,0,0,0,0,0
3429118895072,19.119,1788964968027110683,,0,0,0,0,0,0,0,0,0,0,0,0,0,0,0,0,0,0,0
3429138896640,19.139001,1788964968047111084,,0,0,0,0,0,0,0,0,0,0,0,0,0,0,0,0,0,0,0
3429158761920,19.158866,1788964968067110469,,0,0,0,0,0,0,0,0,0,0,0,0,0,0,0,0,0,0,0
3429178885600,19.17899,1788964968087110379,,0,0,0,0,0,0,0,0,0,0,0,0,0,0,0,0,0,0,0
3429198887744,19.198992,1788964968107111118,,0,0,0,0,0,0,0,0,0,0,0,0,0,0,0,0,0,0,0
3429218879456,19.218984,1788964968127110550,,0,0,0,0,0,0,0,0,0,0,0,0,0,0,0,0,0,0,0
3429238881408,19.238986,1788964968147111504,,0,0,0,0,0,0,0,0,0,0,0,0,0,0,0,0,0,0,0
3429258875008,19.258979,1788964968167110282,,0,0,0,0,0,0,0,0,0,0,0,0,0,0,0,0,0,0,0
3429278867968,19.278972,1788964968187110836,,0,0,0,0,0,0,0,0,0,0,0,0,0,0,0,0,0,0,0
3429298886816,19.298991,1788964968207110781,,0,0,0,0,0,0,0,0,0,0,0,0,0,0,0,0,0,0,0
3429318859296,19.318964,1788964968227110227,,0,0,0,0,0,0,0,0,0,0,0,0,0,0,0,0,0,0,0
3429338877888,19.338982,1788964968247110690,,0,0,0,0,0,0,0,0,0,0,0,0,0,0,0,0,0,0,0
3429358764768,19.358869,1788964968267110657,,0,0,0,0,0,0,0,0,0,0,0,0,0,0,0,0,0,0,0
3429378870912,19.378975,1788964968287110527,,0,0,0,0,0,0,0,0,0,0,0,0,0,0,0,0,0,0,0
3429398901696,19.399006,1788964968307114472,,0,0,0,0,0,0,0,0,0,0,0,0,0,0,0,0,0,0,0
3429418872704,19.418977,1788964968327110572,,0,0,0,0,0,0,0,0,0,0,0,0,0,0,0,0,0,0,0
3429438870624,19.438975,1788964968347110615,,0,0,0,0,0,0,0,0,0,0,0,0,0,0,0,0,0,0,0
3429458844960,19.458949,1788964968367110472,,0,0,0,0,0,0,0,0,0,0,0,0,0,0,0,0,0,0,0
3429478858464,19.478963,1788964968387110458,,0,0,0,0,0,0,0,0,0,0,0,0,0,0,0,0,0,0,0
3429498865632,19.49897,1788964968407110964,,0,0,0,0,0,0,0,0,0,0,0,0,0,0,0,0,0,0,0
3429518884192,19.518989,1788964968427110563,,0,0,0,0,0,0,0,0,0,0,0,0,0,0,0,0,0,0,0
3429538868512,19.538973,1788964968447110698,,0,0,0,0,0,0,0,0,0,0,0,0,0,0,0,0,0,0,0
3429558751904,19.558856,1788964968467110754,,0,0,0,0,0,0,0,0,0,0,0,0,0,0,0,0,0,0,0
3429578900064,19.579005,1788964968487110861,,0,0,0,0,0,0,0,0,0,0,0,0,0,0,0,0,0,0,0
3429598860480,19.598965,1788964968507110860,,0,0,0,0,0,0,0,0,0,0,0,0,0,0,0,0,0,0,0
3429618845280,19.61895,1788964968527111017,,0,0,0,0,0,0,0,0,0,0,0,0,0,0,0,0,0,0,0
3429638902528,19.639007,1788964968547110492,,0,0,0,0,0,0,0,0,0,0,0,0,0,0,0,0,0,0,0
3429658848128,19.658953,1788964968567110847,,0,0,0,0,0,0,0,0,0,0,0,0,0,0,0,0,0,0,0
3429678894816,19.678999,1788964968587123889,,0,0,0,0,0,0,0,0,0,0,0,0,0,0,0,0,0,0,0
3429698869824,19.698974,1788964968607110333,,0,0,0,0,0,0,0,0,0,0,0,0,0,0,0,0,0,0,0
3429718848544,19.718953,1788964968627110465,,0,0,0,0,0,0,0,0,0,0,0,0,0,0,0,0,0,0,0
3429738833600,19.738938,1788964968647110928,,0,0,0,0,0,0,0,0,0,0,0,0,0,0,0,0,0,0,0
3429758743840,19.758848,1788964968667111572,,0,0,0,0,0,0,0,0,0,0,0,0,0,0,0,0,0,0,0
3429778849856,19.778954,1788964968687110725,,0,0,0,0,0,0,0,0,0,0,0,0,0,0,0,0,0,0,0
3429798863744,19.798968,1788964968707110618,,0,0,0,0,0,0,0,0,0,0,0,0,0,0,0,0,0,0,0
3429818858336,19.818963,1788964968727110492,,0,0,0,0,0,0,0,0,0,0,0,0,0,0,0,0,0,0,0
3429838849664,19.838954,1788964968747110210,,0,0,0,0,0,0,0,0,0,0,0,0,0,0,0,0,0,0,0
3429858845344,19.85895,1788964968767111043,,0,0,0,0,0,0,0,0,0,0,0,0,0,0,0,0,0,0,0
3429878863104,19.878968,1788964968787110642,,0,0,0,0,0,0,0,0,0,0,0,0,0,0,0,0,0,0,0
3429898839040,19.898943,1788964968807110174,,0,0,0,0,0,0,0,0,0,0,0,0,0,0,0,0,0,0,0
3429918848448,19.918953,1788964968827110640,,0,0,0,0,0,0,0,0,0,0,0,0,0,0,0,0,0,0,0
3429938855232,19.93896,1788964968847116999,,0,0,0,0,0,0,0,0,0,0,0,0,0,0,0,0,0,0,0
3429958745888,19.95885,1788964968867110531,,0,0,0,0,0,0,0,0,0,0,0,0,0,0,0,0,0,0,0
3429978865888,19.97897,1788964968887112903,,0,0,0,0,0,0,0,0,0,0,0,0,0,0,0,0,0,0,0
3429998868832,19.998973,1788964968907111165,,0,0,0,0,0,0,0,0,0,0,0,0,0,0,0,0,0,0,0
3430018832352,20.018937,1788964968927110705,,0,0,0,0,0,0,0,0,0,0,0,0,0,0,0,0,0,0,0
3430038870688,20.038975,1788964968947111001,,0,0,0,0,0,0,0,0,0,0,0,0,0,0,0,0,0,0,0
3430058832832,20.058937,1788964968967110674,,0,0,0,0,0,0,0,0,0,0,0,0,0,0,0,0,0,0,0
3430078831040,20.078935,1788964968987110841,,0,0,0,0,0,0,0,0,0,0,0,0,0,0,0,0,0,0,0
3430098836480,20.098941,1788964969007124157,,0,0,0,0,0,0,0,0,0,0,0,0,0,0,0,0,0,0,0
3430118825504,20.11893,1788964969027110695,,0,0,0,0,0,0,0,0,0,0,0,0,0,0,0,0,0,0,0
3430138820416,20.138925,1788964969047110391,,0,0,0,0,0,0,0,0,0,0,0,0,0,0,0,0,0,0,0
3430158847552,20.158952,1788964969067110617,,0,0,0,0,0,0,0,0,0,0,0,0,0,0,0,0,0,0,0
3430178817632,20.178922,1788964969087110667,,0,0,0,0,0,0,0,0,0,0,0,0,0,0,0,0,0,0,0
3430198806304,20.198911,1788964969107111478,,0,0,0,0,0,0,0,0,0,0,0,0,0,0,0,0,0,0,0
3430218842912,20.218947,1788964969127110617,,0,0,0,0,0,0,0,0,0,0,0,0,0,0,0,0,0,0,0
3430238829536,20.238934,1788964969147110890,,0,0,0,0,0,0,0,0,0,0,0,0,0,0,0,0,0,0,0
3430258812448,20.258917,1788964969167111067,,0,0,0,0,0,0,0,0,0,0,0,0,0,0,0,0,0,0,0
3430278821760,20.278926,1788964969187110635,,0,0,0,0,0,0,0,0,0,0,0,0,0,0,0,0,0,0,0
3430298832384,20.298937,1788964969207110797,,0,0,0,0,0,0,0,0,0,0,0,0,0,0,0,0,0,0,0
3430318799296,20.318904,1788964969227111772,,0,0,0,0,0,0,0,0,0,0,0,0,0,0,0,0,0,0,0
3430338813248,20.338918,1788964969247110500,,0,0,0,0,0,0,0,0,0,0,0,0,0,0,0,0,0,0,0
3430358710912,20.358815,1788964969267110543,,0,0,0,0,0,0,0,0,0,0,0,0,0,0,0,0,0,0,0
3430378810496,20.378915,1788964969287110587,,0,0,0,0,0,0,0,0,0,0,0,0,0,0,0,0,0,0,0
3430398832640,20.398937,1788964969307110309,,0,0,0,0,0,0,0,0,0,0,0,0,0,0,0,0,0,0,0
3430418795424,20.4189,1788964969327110856,,0,0,0,0,0,0,0,0,0,0,0,0,0,0,0,0,0,0,0
3430438794816,20.438899,1788964969347110422,,0,0,0,0,0,0,0,0,0,0,0,0,0,0,0,0,0,0,0
3430458846624,20.458951,1788964969367110900,,0,0,0,0,0,0,0,0,0,0,0,0,0,0,0,0,0,0,0
3430478796416,20.478901,1788964969387110728,,0,0,0,0,0,0,0,0,0,0,0,0,0,0,0,0,0,0,0
3430498825728,20.49893,1788964969407110490,,0,0,0,0,0,0,0,0,0,0,0,0,0,0,0,0,0,0,0
3430518794304,20.518899,1788964969427111074,,0,0,0,0,0,0,0,0,0,0,0,0,0,0,0,0,0,0,0
3430538824064,20.538929,1788964969447110244,,0,0,0,0,0,0,0,0,0,0,0,0,0,0,0,0,0,0,0
3430558734016,20.558838,1788964969467110992,,0,0,0,0,0,0,0,0,0,0,0,0,0,0,0,0,0,0,0
3430578830624,20.578935,1788964969487110963,,0,0,0,0,0,0,0,0,0,0,0,0,0,0,0,0,0,0,0
3430598809856,20.598914,1788964969507111110,,0,0,0,0,0,0,0,0,0,0,0,0,0,0,0,0,0,0,0
3430618813856,20.618918,1788964969527109898,,0,0,0,0,0,0,0,0,0,0,0,0,0,0,0,0,0,0,0
3430638796224,20.638901,1788964969547110522,,0,0,0,0,0,0,0,0,0,0,0,0,0,0,0,0,0,0,0
3430658796576,20.658901,1788964969567110407,,0,0,0,0,0,0,0,0,0,0,0,0,0,0,0,0,0,0,0
3430678808384,20.678913,1788964969587110536,,0,0,0,0,0,0,0,0,0,0,0,0,0,0,0,0,0,0,0
3430698795040,20.698899,1788964969607111330,,0,0,0,0,0,0,0,0,0,0,0,0,0,0,0,0,0,0,0
3430718820032,20.718924,1788964969627110153,,0,0,0,0,0,0,0,0,0,0,0,0,0,0,0,0,0,0,0
3430738810976,20.738915,1788964969647111290,,0,0,0,0,0,0,0,0,0,0,0,0,0,0,0,0,0,0,0
3430758717728,20.758822,1788964969667110669,,0,0,0,0,0,0,0,0,0,0,0,0,0,0,0,0,0,0,0
3430778796704,20.778901,1788964969687110812,,0,0,0,0,0,0,0,0,0,0,0,0,0,0,0,0,0,0,0
3430798815584,20.79892,1788964969707111081,,0,0,0,0,0,0,0,0,0,0,0,0,0,0,0,0,0,0,0
3430818789344,20.818894,1788964969727110548,,0,0,0,0,0,0,0,0,0,0,0,0,0,0,0,0,0,0,0
3430838789632,20.838894,1788964969747110289,,0,0,0,0,0,0,0,0,0,0,0,0,0,0,0,0,0,0,0
3430858792448,20.858897,1788964969767110344,,0,0,0,0,0,0,0,0,0,0,0,0,0,0,0,0,0,0,0
3430878778208,20.878883,1788964969787113831,,0,0,0,0,0,0,0,0,0,0,0,0,0,0,0,0,0,0,0
3430898772640,20.898877,1788964969807110025,,0,0,0,0,0,0,0,0,0,0,0,0,0,0,0,0,0,0,0
3430918797344,20.918902,1788964969827110211,,0,0,0,0,0,0,0,0,0,0,0,0,0,0,0,0,0,0,0
3430938772096,20.938877,1788964969847110602,,0,0,0,0,0,0,0,0,0,0,0,0,0,0,0,0,0,0,0
3430958666304,20.958771,1788964969867110195,,0,0,0,0,0,0,0,0,0,0,0,0,0,0,0,0,0,0,0
3430978793184,20.978898,1788964969887110709,,0,0,0,0,0,0,0,0,0,0,0,0,0,0,0,0,0,0,0
3430998828800,20.998933,1788964969907111747,,0,0,0,0,0,0,0,0,0,0,0,0,0,0,0,0,0,0,0
3431018804512,21.018909,1788964969927119785,,0,0,0,0,0,0,0,0,0,0,0,0,0,0,0,0,0,0,0
3431038782240,21.038887,1788964969947111149,,0,0,0,0,0,0,0,0,0,0,0,0,0,0,0,0,0,0,0
3431058784832,21.058889,1788964969967110629,,0,0,0,0,0,0,0,0,0,0,0,0,0,0,0,0,0,0,0
3431078805696,21.07891,1788964969987110370,,0,0,0,0,0,0,0,0,0,0,0,0,0,0,0,0,0,0,0
3431098809216,21.098914,1788964970007110467,,0,0,0,0,0,0,0,0,0,0,0,0,0,0,0,0,0,0,0
3431118768832,21.118873,1788964970027110645,,0,0,0,0,0,0,0,0,0,0,0,0,0,0,0,0,0,0,0
3431138804384,21.138909,1788964970047110793,,0,0,0,0,0,0,0,0,0,0,0,0,0,0,0,0,0,0,0
3431158669280,21.158774,1788964970067110807,,0,0,0,0,0,0,0,0,0,0,0,0,0,0,0,0,0,0,0
3431178760736,21.178865,1788964970087110608,,0,0,0,0,0,0,0,0,0,0,0,0,0,0,0,0,0,0,0
3431198796736,21.198901,1788964970107110866,,0,0,0,0,0,0,0,0,0,0,0,0,0,0,0,0,0,0,0
3431218768768,21.218873,1788964970127110734,,0,0,0,0,0,0,0,0,0,0,0,0,0,0,0,0,0,0,0
3431238759296,21.238864,1788964970147111526,,0,0,0,0,0,0,0,0,0,0,0,0,0,0,0,0,0,0,0
3431258786272,21.258891,1788964970167110863,,0,0,0,0,0,0,0,0,0,0,0,0,0,0,0,0,0,0,0
3431278777760,21.278882,1788964970187110548,,0,0,0,0,0,0,0,0,0,0,0,0,0,0,0,0,0,0,0
3431298770944,21.298875,1788964970207110863,,0,0,0,0,0,0,0,0,0,0,0,0,0,0,0,0,0,0,0
3431318764896,21.318869,1788964970227110294,,0,0,0,0,0,0,0,0,0,0,0,0,0,0,0,0,0,0,0
3431338755392,21.33886,1788964970247110482,,0,0,0,0,0,0,0,0,0,0,0,0,0,0,0,0,0,0,0
3431358684736,21.358789,1788964970267110562,,0,0,0,0,0,0,0,0,0,0,0,0,0,0,0,0,0,0,0
3431378769440,21.378874,1788964970287110716,,0,0,0,0,0,0,0,0,0,0,0,0,0,0,0,0,0,0,0
3431398791968,21.398896,1788964970307124418,,0,0,0,0,0,0,0,0,0,0,0,0,0,0,0,0,0,0,0
3431418781472,21.418886,1788964970327110977,,0,0,0,0,0,0,0,0,0,0,0,0,0,0,0,0,0,0,0
3431438778432,21.438883,1788964970347110862,,0,0,0,0,0,0,0,0,0,0,0,0,0,0,0,0,0,0,0
3431458761088,21.458866,1788964970367110897,,0,0,0,0,0,0,0,0,0,0,0,0,0,0,0,0,0,0,0
3431478789248,21.478894,1788964970387110655,,0,0,0,0,0,0,0,0,0,0,0,0,0,0,0,0,0,0,0
3431498772288,21.498877,1788964970407111234,,0,0,0,0,0,0,0,0,0,0,0,0,0,0,0,0,0,0,0
3431518739200,21.518844,1788964970427110869,,0,0,0,0,0,0,0,0,0,0,0,0,0,0,0,0,0,0,0
3431538788864,21.538893,1788964970447110828,,0,0,0,0,0,0,0,0,0,0,0,0,0,0,0,0,0,0,0
3431558725056,21.55883,1788964970467125039,,0,0,0,0,0,0,0,0,0,0,0,0,0,0,0,0,0,0,0
3431578753280,21.578858,1788964970487110737,,0,0,0,0,0,0,0,0,0,0,0,0,0,0,0,0,0,0,0
3431598790144,21.598895,1788964970507110614,,0,0,0,0,0,0,0,0,0,0,0,0,0,0,0,0,0,0,0
3431618753728,21.618858,1788964970527111111,,0,0,0,0,0,0,0,0,0,0,0,0,0,0,0,0,0,0,0
3431638745856,21.63885,1788964970547110081,,0,0,0,0,0,0,0,0,0,0,0,0,0,0,0,0,0,0,0
3431658765248,21.65887,1788964970567110818,,0,0,0,0,0,0,0,0,0,0,0,0,0,0,0,0,0,0,0
3431678753056,21.678858,1788964970587110081,,0,0,0,0,0,0,0,0,0,0,0,0,0,0,0,0,0,0,0
3431698735520,21.69884,1788964970607110830,,0,0,0,0,0,0,0,0,0,0,0,0,0,0,0,0,0,0,0
3431718756544,21.718861,1788964970627110405,,0,0,0,0,0,0,0,0,0,0,0,0,0,0,0,0,0,0,0
3431738757312,21.738862,1788964970647111507,,0,0,0,0,0,0,0,0,0,0,0,0,0,0,0,0,0,0,0
3431758670784,21.758775,1788964970667111249,,0,0,0,0,0,0,0,0,0,0,0,0,0,0,0,0,0,0,0
3431778760320,21.778865,1788964970687111610,,0,0,0,0,0,0,0,0,0,0,0,0,0,0,0,0,0,0,0
3431798798528,21.798903,1788964970707110940,,0,0,0,0,0,0,0,0,0,0,0,0,0,0,0,0,0,0,0
3431818739200,21.818844,1788964970727110766,,0,0,0,0,0,0,0,0,0,0,0,0,0,0,0,0,0,0,0
3431838736992,21.838841,1788964970747124145,,0,0,0,0,0,0,0,0,0,0,0,0,0,0,0,0,0,0,0
3431858740416,21.858845,1788964970767110470,,0,0,0,0,0,0,0,0,0,0,0,0,0,0,0,0,0,0,0
3431878729312,21.878834,1788964970787110394,,0,0,0,0,0,0,0,0,0,0,0,0,0,0,0,0,0,0,0
3431898755104,21.89886,1788964970807110609,,0,0,0,0,0,0,0,0,0,0,0,0,0,0,0,0,0,0,0
3431918742656,21.918847,1788964970827110379,,0,0,0,0,0,0,0,0,0,0,0,0,0,0,0,0,0,0,0
3431938771552,21.938876,1788964970847110618,,0,0,0,0,0,0,0,0,0,0,0,0,0,0,0,0,0,0,0
3431958627392,21.958732,1788964970867110750,,0,0,0,0,0,0,0,0,0,0,0,0,0,0,0,0,0,0,0
3431978727872,21.978832,1788964970887110403,,0,0,0,0,0,0,0,0,0,0,0,0,0,0,0,0,0,0,0
3431998767712,21.998872,1788964970907114787,,0,0,0,0,0,0,0,0,0,0,0,0,0,0,0,0,0,0,0
3432018751616,22.018856,1788964970927110358,,0,0,0,0,0,0,0,0,0,0,0,0,0,0,0,0,0,0,0
3432038733472,22.038838,1788964970947110812,,0,0,0,0,0,0,0,0,0,0,0,0,0,0,0,0,0,0,0
3432058751296,22.058856,1788964970967111436,,0,0,0,0,0,0,0,0,0,0,0,0,0,0,0,0,0,0,0
3432078730400,22.078835,1788964970987110801,,0,0,0,0,0,0,0,0,0,0,0,0,0,0,0,0,0,0,0
3432098754528,22.098859,1788964971007116791,,0,0,0,0,0,0,0,0,0,0,0,0,0,0,0,0,0,0,0
3432118741184,22.118846,1788964971027113932,,0,0,0,0,0,0,0,0,0,0,0,0,0,0,0,0,0,0,0
3432138735360,22.13884,1788964971047112622,,0,0,0,0,0,0,0,0,0,0,0,0,0,0,0,0,0,0,0
3432158616576,22.158721,1788964971067110831,,0,0,0,0,0,0,0,0,0,0,0,0,0,0,0,0,0,0,0
3432178738528,22.178843,1788964971087110677,,0,0,0,0,0,0,0,0,0,0,0,0,0,0,0,0,0,0,0
3432198741216,22.198846,1788964971107111651,,0,0,0,0,0,0,0,0,0,0,0,0,0,0,0,0,0,0,0
3432218732160,22.218837,1788964971127110393,,0,0,0,0,0,0,0,0,0,0,0,0,0,0,0,0,0,0,0
3432238740832,22.238845,1788964971147110989,,0,0,0,0,0,0,0,0,0,0,0,0,0,0,0,0,0,0,0
3432258733376,22.258838,1788964971167110927,,0,0,0,0,0,0,0,0,0,0,0,0,0,0,0,0,0,0,0
3432278715936,22.27882,1788964971187110901,,0,0,0,0,0,0,0,0,0,0,0,0,0,0,0,0,0,0,0
3432298736064,22.298841,1788964971207110812,,0,0,0,0,0,0,0,0,0,0,0,0,0,0,0,0,0,0,0
3432318715616,22.31882,1788964971227110996,,0,0,0,0,0,0,0,0,0,0,0,0,0,0,0,0,0,0,0
3432338721344,22.338826,1788964971247110485,,0,0,0,0,0,0,0,0,0,0,0,0,0,0,0,0,0,0,0
3432358641376,22.358746,1788964971267110395,,0,0,0,0,0,0,0,0,0,0,0,0,0,0,0,0,0,0,0
3432378714624,22.378819,1788964971287110968,,0,0,0,0,0,0,0,0,0,0,0,0,0,0,0,0,0,0,0
3432398752928,22.398857,1788964971307124514,,0,0,0,0,0,0,0,0,0,0,0,0,0,0,0,0,0,0,0
3432418731616,22.418836,1788964971327111186,,0,0,0,0,0,0,0,0,0,0,0,0,0,0,0,0,0,0,0
3432438712352,22.438817,1788964971347110935,,0,0,0,0,0,0,0,0,0,0,0,0,0,0,0,0,0,0,0
3432458737856,22.458842,1788964971367111259,,0,0,0,0,0,0,0,0,0,0,0,0,0,0,0,0,0,0,0
3432478721408,22.478826,1788964971387110649,,0,0,0,0,0,0,0,0,0,0,0,0,0,0,0,0,0,0,0
3432498713952,22.498818,1788964971407110725,,0,0,0,0,0,0,0,0,0,0,0,0,0,0,0,0,0,0,0
3432518738464,22.518843,1788964971427110360,,0,0,0,0,0,0,0,0,0,0,0,0,0,0,0,0,0,0,0
3432538751328,22.538856,1788964971447110748,,0,0,0,0,0,0,0,0,0,0,0,0,0,0,0,0,0,0,0
3432558632448,22.558737,1788964971467110791,,0,0,0,0,0,0,0,0,0,0,0,0,0,0,0,0,0,0,0
3432578726144,22.578831,1788964971487110519,,0,0,0,0,0,0,0,0,0,0,0,0,0,0,0,0,0,0,0
3432598708064,22.598813,1788964971507111026,,0,0,0,0,0,0,0,0,0,0,0,0,0,0,0,0,0,0,0
3432618724224,22.618829,1788964971527111134,,0,0,0,0,0,0,0,0,0,0,0,0,0,0,0,0,0,0,0
3432638715680,22.63882,1788964971547110663,,0,0,0,0,0,0,0,0,0,0,0,0,0,0,0,0,0,0,0
3432658700864,22.658805,1788964971567110973,,0,0,0,0,0,0,0,0,0,0,0,0,0,0,0,0,0,0,0
3432678705632,22.67881,1788964971587110214,,0,0,0,0,0,0,0,0,0,0,0,0,0,0,0,0,0,0,0
3432698738784,22.698843,1788964971607111810,,0,0,0,0,0,0,0,0,0,0,0,0,0,0,0,0,0,0,0
3432718691232,22.718796,1788964971627110962,,0,0,0,0,0,0,0,0,0,0,0,0,0,0,0,0,0,0,0
3432738682944,22.738787,1788964971647111833,,0,0,0,0,0,0,0,0,0,0,0,0,0,0,0,0,0,0,0
3432758598848,22.758703,1788964971667110355,,0,0,0,0,0,0,0,0,0,0,0,0,0,0,0,0,0,0,0
3432778698144,22.778803,1788964971687110988,,0,0,0,0,0,0,0,0,0,0,0,0,0,0,0,0,0,0,0
3432798780800,22.798885,1788964971707111440,,0,0,0,0,0,0,0,0,0,0,0,0,0,0,0,0,0,0,0
3432818737696,22.818842,1788964971727111878,,0,0,0,0,0,0,0,0,0,0,0,0,0,0,0,0,0,0,0
3432838699456,22.838804,1788964971747110723,,0,0,0,0,0,0,0,0,0,0,0,0,0,0,0,0,0,0,0
3432858691680,22.858796,1788964971767109566,,0,0,0,0,0,0,0,0,0,0,0,0,0,0,0,0,0,0,0
3432878715008,22.878819,1788964971787110885,,0,0,0,0,0,0,0,0,0,0,0,0,0,0,0,0,0,0,0
3432898695744,22.8988,1788964971807110576,,0,0,0,0,0,0,0,0,0,0,0,0,0,0,0,0,0,0,0
3432918714112,22.918819,1788964971827110596,,0,0,0,0,0,0,0,0,0,0,0,0,0,0,0,0,0,0,0
3432938711584,22.938816,1788964971847111159,,0,0,0,0,0,0,0,0,0,0,0,0,0,0,0,0,0,0,0
3432959283456,22.959388,1788964971867110953,,0,0,0,0,0,0,0,0,0,0,0,0,0,0,0,0,0,0,0
3432978725184,22.97883,1788964971887110610,,0,0,0,0,0,0,0,0,0,0,0,0,0,0,0,0,0,0,0
3432998716256,22.998821,1788964971907110624,,0,0,0,0,0,0,0,0,0,0,0,0,0,0,0,0,0,0,0
3433018683584,23.018788,1788964971927110949,,0,0,0,0,0,0,0,0,0,0,0,0,0,0,0,0,0,0,0
3433038697312,23.038802,1788964971947110563,,0,0,0,0,0,0,0,0,0,0,0,0,0,0,0,0,0,0,0
3433058704768,23.058809,1788964971967110452,,0,0,0,0,0,0,0,0,0,0,0,0,0,0,0,0,0,0,0
3433078690016,23.078794,1788964971987110853,,0,0,0,0,0,0,0,0,0,0,0,0,0,0,0,0,0,0,0
3433098712480,23.098817,1788964972007110558,,0,0,0,0,0,0,0,0,0,0,0,0,0,0,0,0,0,0,0
3433118697472,23.118802,1788964972027110426,,0,0,0,0,0,0,0,0,0,0,0,0,0,0,0,0,0,0,0
3433138676160,23.138781,1788964972047110185,,0,0,0,0,0,0,0,0,0,0,0,0,0,0,0,0,0,0,0
3433158716032,23.15882,1788964972067111520,,0,0,0,0,0,0,0,0,0,0,0,0,0,0,0,0,0,0,0
3433178680320,23.178785,1788964972087117447,,0,0,0,0,0,0,0,0,0,0,0,0,0,0,0,0,0,0,0
3433198675360,23.19878,1788964972107111235,,0,0,0,0,0,0,0,0,0,0,0,0,0,0,0,0,0,0,0
3433218707936,23.218812,1788964972127122665,,0,0,0,0,0,0,0,0,0,0,0,0,0,0,0,0,0,0,0
3433238690816,23.238795,1788964972147110979,,0,0,0,0,0,0,0,0,0,0,0,0,0,0,0,0,0,0,0
3433258676448,23.258781,1788964972167111165,,0,0,0,0,0,0,0,0,0,0,0,0,0,0,0,0,0,0,0
3433278693312,23.278798,1788964972187110745,,0,0,0,0,0,0,0,0,0,0,0,0,0,0,0,0,0,0,0
3433298690592,23.298795,1788964972207110678,,0,0,0,0,0,0,0,0,0,0,0,0,0,0,0,0,0,0,0
3433318670144,23.318775,1788964972227110712,,0,0,0,0,0,0,0,0,0,0,0,0,0,0,0,0,0,0,0
3433338693472,23.338798,1788964972247111040,,0,0,0,0,0,0,0,0,0,0,0,0,0,0,0,0,0,0,0
3433358570432,23.358675,1788964972267110941,,0,0,0,0,0,0,0,0,0,0,0,0,0,0,0,0,0,0,0
3433378688256,23.378793,1788964972287110770,,0,0,0,0,0,0,0,0,0,0,0,0,0,0,0,0,0,0,0
3433398688224,23.398793,1788964972307110280,,0,0,0,0,0,0,0,0,0,0,0,0,0,0,0,0,0,0,0
3433418691488,23.418796,1788964972327110865,,0,0,0,0,0,0,0,0,0,0,0,0,0,0,0,0,0,0,0
3433438731904,23.438836,1788964972347111736,,0,0,0,0,0,0,0,0,0,0,0,0,0,0,0,0,0,0,0
3433458672928,23.458777,1788964972367110509,,0,0,0,0,0,0,0,0,0,0,0,0,0,0,0,0,0,0,0
3433478660384,23.478765,1788964972387110856,,0,0,0,0,0,0,0,0,0,0,0,0,0,0,0,0,0,0,0
3433498686464,23.498791,1788964972407110767,,0,0,0,0,0,0,0,0,0,0,0,0,0,0,0,0,0,0,0
3433518714624,23.518819,1788964972427109782,,0,0,0,0,0,0,0,0,0,0,0,0,0,0,0,0,0,0,0
3433538662848,23.538767,1788964972447110823,,0,0,0,0,0,0,0,0,0,0,0,0,0,0,0,0,0,0,0
3433558599552,23.558704,1788964972467110856,,0,0,0,0,0,0,0,0,0,0,0,0,0,0,0,0,0,0,0
3433578693792,23.578798,1788964972487110559,,0,0,0,0,0,0,0,0,0,0,0,0,0,0,0,0,0,0,0
3433598667072,23.598772,1788964972507111056,,0,0,0,0,0,0,0,0,0,0,0,0,0,0,0,0,0,0,0
3433618693248,23.618798,1788964972527111011,,0,0,0,0,0,0,0,0,0,0,0,0,0,0,0,0,0,0,0
3433638674528,23.638779,1788964972547110842,,0,0,0,0,0,0,0,0,0,0,0,0,0,0,0,0,0,0,0
3433658650016,23.658754,1788964972567110699,,0,0,0,0,0,0,0,0,0,0,0,0,0,0,0,0,0,0,0
3433678718848,23.678823,1788964972587110920,,0,0,0,0,0,0,0,0,0,0,0,0,0,0,0,0,0,0,0
3433698664768,23.698769,1788964972607110660,,0,0,0,0,0,0,0,0,0,0,0,0,0,0,0,0,0,0,0
3433718696800,23.718801,1788964972627111391,,0,0,0,0,0,0,0,0,0,0,0,0,0,0,0,0,0,0,0
3433738687264,23.738792,1788964972647111680,,0,0,0,0,0,0,0,0,0,0,0,0,0,0,0,0,0,0,0
3433758587104,23.758692,1788964972667110999,,0,0,0,0,0,0,0,0,0,0,0,0,0,0,0,0,0,0,0
3433778653248,23.778758,1788964972687110962,,0,0,0,0,0,0,0,0,0,0,0,0,0,0,0,0,0,0,0
3433798696928,23.798801,1788964972707111031,,0,0,0,0,0,0,0,0,0,0,0,0,0,0,0,0,0,0,0
3433818672128,23.818777,1788964972727111014,,0,0,0,0,0,0,0,0,0,0,0,0,0,0,0,0,0,0,0
3433838698720,23.838803,1788964972747110785,,0,0,0,0,0,0,0,0,0,0,0,0,0,0,0,0,0,0,0
3433858662208,23.858767,1788964972767110654,,0,0,0,0,0,0,0,0,0,0,0,0,0,0,0,0,0,0,0
3433878657920,23.878762,1788964972787110795,,0,0,0,0,0,0,0,0,0,0,0,0,0,0,0,0,0,0,0
3433898680800,23.898785,1788964972807110965,,0,0,0,0,0,0,0,0,0,0,0,0,0,0,0,0,0,0,0
3433918670496,23.918775,1788964972827110756,,0,0,0,0,0,0,0,0,0,0,0,0,0,0,0,0,0,0,0
3433938648608,23.938753,1788964972847110504,,0,0,0,0,0,0,0,0,0,0,0,0,0,0,0,0,0,0,0
3433958538784,23.958643,1788964972867110419,,0,0,0,0,0,0,0,0,0,0,0,0,0,0,0,0,0,0,0
3433978662816,23.978767,1788964972887113045,,0,0,0,0,0,0,0,0,0,0,0,0,0,0,0,0,0,0,0
3433998693280,23.998798,1788964972907112702,,0,0,0,0,0,0,0,0,0,0,0,0,0,0,0,0,0,0,0
3434018670624,24.018775,1788964972927110621,,0,0,0,0,0,0,0,0,0,0,0,0,0,0,0,0,0,0,0
3434038665408,24.03877,1788964972947110845,,0,0,0,0,0,0,0,0,0,0,0,0,0,0,0,0,0,0,0
3434058645472,24.05875,1788964972967110903,,0,0,0,0,0,0,0,0,0,0,0,0,0,0,0,0,0,0,0
3434078682240,24.078787,1788964972987110851,,0,0,0,0,0,0,0,0,0,0,0,0,0,0,0,0,0,0,0
3434098654080,24.098759,1788964973007111903,,0,0,0,0,0,0,0,0,0,0,0,0,0,0,0,0,0,0,0
3434118662240,24.118767,1788964973027111399,,0,0,0,0,0,0,0,0,0,0,0,0,0,0,0,0,0,0,0
3434138644256,24.138749,1788964973047110445,,0,0,0,0,0,0,0,0,0,0,0,0,0,0,0,0,0,0,0
3434158568960,24.158673,1788964973067111545,,0,0,0,0,0,0,0,0,0,0,0,0,0,0,0,0,0,0,0
3434178633568,24.178738,1788964973087110786,,0,0,0,0,0,0,0,0,0,0,0,0,0,0,0,0,0,0,0
3434198651296,24.198756,1788964973107111182,,0,0,0,0,0,0,0,0,0,0,0,0,0,0,0,0,0,0,0
3434218678208,24.218783,1788964973127124153,,0,0,0,0,0,0,0,0,0,0,0,0,0,0,0,0,0,0,0
3434238646400,24.238751,1788964973147111826,,0,0,0,0,0,0,0,0,0,0,0,0,0,0,0,0,0,0,0
3434258628704,24.258733,1788964973167110362,,0,0,0,0,0,0,0,0,0,0,0,0,0,0,0,0,0,0,0
3434278651328,24.278756,1788964973187110938,,0,0,0,0,0,0,0,0,0,0,0,0,0,0,0,0,0,0,0
3434298641248,24.298746,1788964973207113292,,0,0,0,0,0,0,0,0,0,0,0,0,0,0,0,0,0,0,0
3434318647744,24.318752,1788964973227110642,,0,0,0,0,0,0,0,0,0,0,0,0,0,0,0,0,0,0,0
3434338633728,24.338738,1788964973247111197,,0,0,0,0,0,0,0,0,0,0,0,0,0,0,0,0,0,0,0
3434358520320,24.358625,1788964973267110740,,0,0,0,0,0,0,0,0,0,0,0,0,0,0,0,0,0,0,0
3434378629568,24.378734,1788964973287110842,,0,0,0,0,0,0,0,0,0,0,0,0,0,0,0,0,0,0,0
3434398655648,24.39876,1788964973307111071,,0,0,0,0,0,0,0,0,0,0,0,0,0,0,0,0,0,0,0
3434418629248,24.418734,1788964973327110809,,0,0,0,0,0,0,0,0,0,0,0,0,0,0,0,0,0,0,0
3434438654048,24.438758,1788964973347110587,,0,0,0,0,0,0,0,0,0,0,0,0,0,0,0,0,0,0,0
3434458630112,24.458735,1788964973367110957,,0,0,0,0,0,0,0,0,0,0,0,0,0,0,0,0,0,0,0
3434478678112,24.478783,1788964973387110500,,0,0,0,0,0,0,0,0,0,0,0,0,0,0,0,0,0,0,0
3434498627680,24.498732,1788964973407110644,,0,0,0,0,0,0,0,0,0,0,0,0,0,0,0,0,0,0,0
3434518629472,24.518734,1788964973427111043,,0,0,0,0,0,0,0,0,0,0,0,0,0,0,0,0,0,0,0
3434538625728,24.53873,1788964973447110856,,0,0,0,0,0,0,0,0,0,0,0,0,0,0,0,0,0,0,0
3434558581472,24.558686,1788964973467110655,,0,0,0,0,0,0,0,0,0,0,0,0,0,0,0,0,0,0,0
3434578599136,24.578704,1788964973487110859,,0,0,0,0,0,0,0,0,0,0,0,0,0,0,0,0,0,0,0
3434598660416,24.598765,1788964973507110496,,0,0,0,0,0,0,0,0,0,0,0,0,0,0,0,0,0,0,0
3434618606752,24.618711,1788964973527110772,,0,0,0,0,0,0,0,0,0,0,0,0,0,0,0,0,0,0,0
3434638596800,24.638701,1788964973547110848,,0,0,0,0,0,0,0,0,0,0,0,0,0,0,0,0,0,0,0
3434658614560,24.658719,1788964973567110874,,0,0,0,0,0,0,0,0,0,0,0,0,0,0,0,0,0,0,0
3434678627008,24.678731,1788964973587110931,,0,0,0,0,0,0,0,0,0,0,0,0,0,0,0,0,0,0,0
3434698606272,24.698711,1788964973607110665,,0,0,0,0,0,0,0,0,0,0,0,0,0,0,0,0,0,0,0
3434718641216,24.718746,1788964973627109765,,0,0,0,0,0,0,0,0,0,0,0,0,0,0,0,0,0,0,0
3434738607872,24.738712,1788964973647111466,,0,0,0,0,0,0,0,0,0,0,0,0,0,0,0,0,0,0,0
3434758534912,24.758639,1788964973667111026,,0,0,0,0,0,0,0,0,0,0,0,0,0,0,0,0,0,0,0
3434778614688,24.778719,1788964973687111209,,0,0,0,0,0,0,0,0,0,0,0,0,0,0,0,0,0,0,0
3434798618880,24.798723,1788964973707111238,,0,0,0,0,0,0,0,0,0,0,0,0,0,0,0,0,0,0,0
3434818635776,24.81874,1788964973727111051,,0,0,0,0,0,0,0,0,0,0,0,0,0,0,0,0,0,0,0
3434838607840,24.838712,1788964973747111289,,0,0,0,0,0,0,0,0,0,0,0,0,0,0,0,0,0,0,0
3434858591264,24.858696,1788964973767110307,,0,0,0,0,0,0,0,0,0,0,0,0,0,0,0,0,0,0,0
3434878651328,24.878756,1788964973787110561,,0,0,0,0,0,0,0,0,0,0,0,0,0,0,0,0,0,0,0
3434898624576,24.898729,1788964973807111625,,0,0,0,0,0,0,0,0,0,0,0,0,0,0,0,0,0,0,0
3434918608160,24.918713,1788964973827111228,,0,0,0,0,0,0,0,0,0,0,0,0,0,0,0,0,0,0,0
3434938624640,24.938729,1788964973847112207,,0,0,0,0,0,0,0,0,0,0,0,0,0,0,0,0,0,0,0
3434958499840,24.958604,1788964973867110832,,0,0,0,0,0,0,0,0,0,0,0,0,0,0,0,0,0,0,0
3434978590464,24.978695,1788964973887110716,,0,0,0,0,0,0,0,0,0,0,0,0,0,0,0,0,0,0,0
3434998634144,24.998739,1788964973907111835,,0,0,0,0,0,0,0,0,0,0,0,0,0,0,0,0,0,0,0
3435018607328,25.018712,1788964973927110475,,0,0,0,0,0,0,0,0,0,0,0,0,0,0,0,0,0,0,0
3435038618848,25.038723,1788964973947110940,,0,0,0,0,0,0,0,0,0,0,0,0,0,0,0,0,0,0,0
3435058603808,25.058708,1788964973967111119,,0,0,0,0,0,0,0,0,0,0,0,0,0,0,0,0,0,0,0
3435078628448,25.078733,1788964973987110681,,0,0,0,0,0,0,0,0,0,0,0,0,0,0,0,0,0,0,0
3435098574464,25.098679,1788964974007110825,,0,0,0,0,0,0,0,0,0,0,0,0,0,0,0,0,0,0,0
3435118621184,25.118726,1788964974027111135,,0,0,0,0,0,0,0,0,0,0,0,0,0,0,0,0,0,0,0
3435138589696,25.138694,1788964974047110979,,0,0,0,0,0,0,0,0,0,0,0,0,0,0,0,0,0,0,0
3435158492736,25.158597,1788964974067110616,,0,0,0,0,0,0,0,0,0,0,0,0,0,0,0,0,0,0,0
3435178590048,25.178694,1788964974087110937,,0,0,0,0,0,0,0,0,0,0,0,0,0,0,0,0,0,0,0
3435198596128,25.198701,1788964974107109612,,0,0,0,0,0,0,0,0,0,0,0,0,0,0,0,0,0,0,0
3435218586432,25.218691,1788964974127110602,,0,0,0,0,0,0,0,0,0,0,0,0,0,0,0,0,0,0,0
3435238600000,25.238704,1788964974147115382,,0,0,0,0,0,0,0,0,0,0,0,0,0,0,0,0,0,0,0
3435258594816,25.258699,1788964974167110868,,0,0,0,0,0,0,0,0,0,0,0,0,0,0,0,0,0,0,0
3435278611456,25.278716,1788964974187111346,,0,0,0,0,0,0,0,0,0,0,0,0,0,0,0,0,0,0,0
3435298582368,25.298687,1788964974207110682,,0,0,0,0,0,0,0,0,0,0,0,0,0,0,0,0,0,0,0
3435318601536,25.318706,1788964974227125581,,0,0,0,0,0,0,0,0,0,0,0,0,0,0,0,0,0,0,0
3435338605408,25.33871,1788964974247111341,,0,0,0,0,0,0,0,0,0,0,0,0,0,0,0,0,0,0,0
3435358472608,25.358577,1788964974267113559,,0,0,0,0,0,0,0,0,0,0,0,0,0,0,0,0,0,0,0
3435378566464,25.378671,1788964974287110994,,0,0,0,0,0,0,0,0,0,0,0,0,0,0,0,0,0,0,0
3435398611488,25.398716,1788964974307110539,,0,0,0,0,0,0,0,0,0,0,0,0,0,0,0,0,0,0,0
3435418587008,25.418691,1788964974327110708,,0,0,0,0,0,0,0,0,0,0,0,0,0,0,0,0,0,0,0
3435438560736,25.438665,1788964974347111115,,0,0,0,0,0,0,0,0,0,0,0,0,0,0,0,0,0,0,0
3435458598624,25.458703,1788964974367111287,,0,0,0,0,0,0,0,0,0,0,0,0,0,0,0,0,0,0,0
3435478573056,25.478678,1788964974387111344,,0,0,0,0,0,0,0,0,0,0,0,0,0,0,0,0,0,0,0
3435498564064,25.498669,1788964974407111615,,0,0,0,0,0,0,0,0,0,0,0,0,0,0,0,0,0,0,0
3435518573280,25.518678,1788964974427110887,,0,0,0,0,0,0,0,0,0,0,0,0,0,0,0,0,0,0,0
3435538564096,25.538669,1788964974447111338,,0,0,0,0,0,0,0,0,0,0,0,0,0,0,0,0,0,0,0
3435558463648,25.558568,1788964974467109839,,0,0,0,0,0,0,0,0,0,0,0,0,0,0,0,0,0,0,0
3435578591200,25.578696,1788964974487110409,,0,0,0,0,0,0,0,0,0,0,0,0,0,0,0,0,0,0,0
3435598598464,25.598703,1788964974507110317,,0,0,0,0,0,0,0,0,0,0,0,0,0,0,0,0,0,0,0
3435618562880,25.618667,1788964974527109842,,0,0,0,0,0,0,0,0,0,0,0,0,0,0,0,0,0,0,0
3435638584448,25.638689,1788964974547110382,,0,0,0,0,0,0,0,0,0,0,0,0,0,0,0,0,0,0,0
3435658569152,25.658674,1788964974567110365,,0,0,0,0,0,0,0,0,0,0,0,0,0,0,0,0,0,0,0
3435678550752,25.678655,1788964974587110226,,0,0,0,0,0,0,0,0,0,0,0,0,0,0,0,0,0,0,0
3435698570624,25.698675,1788964974607111676,,0,0,0,0,0,0,0,0,0,0,0,0,0,0,0,0,0,0,0
3435718563648,25.718668,1788964974627111336,,0,0,0,0,0,0,0,0,0,0,0,0,0,0,0,0,0,0,0
3435738582368,25.738687,1788964974647111536,,0,0,0,0,0,0,0,0,0,0,0,0,0,0,0,0,0,0,0
3435758486848,25.758591,1788964974667111233,,0,0,0,0,0,0,0,0,0,0,0,0,0,0,0,0,0,0,0
3435778560416,25.778665,1788964974687112038,,0,0,0,0,0,0,0,0,0,0,0,0,0,0,0,0,0,0,0
3435798610208,25.798715,1788964974707110338,,0,0,0,0,0,0,0,0,0,0,0,0,0,0,0,0,0,0,0
3435818565728,25.81867,1788964974727109674,,0,0,0,0,0,0,0,0,0,0,0,0,0,0,0,0,0,0,0
3435838553440,25.838658,1788964974747111320,,0,0,0,0,0,0,0,0,0,0,0,0,0,0,0,0,0,0,0
3435858576448,25.858681,1788964974767111382,,0,0,0,0,0,0,0,0,0,0,0,0,0,0,0,0,0,0,0
3435878562944,25.878667,1788964974787111272,,0,0,0,0,0,0,0,0,0,0,0,0,0,0,0,0,0,0,0
3435898556608,25.898661,1788964974807109883,,0,0,0,0,0,0,0,0,0,0,0,0,0,0,0,0,0,0,0
3435918559968,25.918664,1788964974827111940,,0,0,0,0,0,0,0,0,0,0,0,0,0,0,0,0,0,0,0
3435938548224,25.938653,1788964974847112127,,0,0,0,0,0,0,0,0,0,0,0,0,0,0,0,0,0,0,0
3435958458240,25.958563,1788964974867111538,,0,0,0,0,0,0,0,0,0,0,0,0,0,0,0,0,0,0,0
3435978559552,25.978664,1788964974887111231,,0,0,0,0,0,0,0,0,0,0,0,0,0,0,0,0,0,0,0
3435998580640,25.998685,1788964974907110731,,0,0,0,0,0,0,0,0,0,0,0,0,0,0,0,0,0,0,0
3436018545568,26.01865,1788964974927111301,,0,0,0,0,0,0,0,0,0,0,0,0,0,0,0,0,0,0,0
3436038569376,26.038674,1788964974947110682,,0,0,0,0,0,0,0,0,0,0,0,0,0,0,0,0,0,0,0
3436058554976,26.058659,1788964974967109941,,0,0,0,0,0,0,0,0,0,0,0,0,0,0,0,0,0,0,0
3436078548544,26.078653,1788964974987110437,,0,0,0,0,0,0,0,0,0,0,0,0,0,0,0,0,0,0,0
3436098557696,26.098662,1788964975007110091,,0,0,0,0,0,0,0,0,0,0,0,0,0,0,0,0,0,0,0
3436118549248,26.118654,1788964975027111740,,0,0,0,0,0,0,0,0,0,0,0,0,0,0,0,0,0,0,0
3436138535904,26.13864,1788964975047111646,,0,0,0,0,0,0,0,0,0,0,0,0,0,0,0,0,0,0,0
3436158554400,26.158659,1788964975067111934,,0,0,0,0,0,0,0,0,0,0,0,0,0,0,0,0,0,0,0
3436178547744,26.178652,1788964975087111143,,0,0,0,0,0,0,0,0,0,0,0,0,0,0,0,0,0,0,0
3436198542816,26.198647,1788964975107110252,,0,0,0,0,0,0,0,0,0,0,0,0,0,0,0,0,0,0,0
3436218542176,26.218647,1788964975127111855,,0,0,0,0,0,0,0,0,0,0,0,0,0,0,0,0,0,0,0
3436238535392,26.23864,1788964975147110607,,0,0,0,0,0,0,0,0,0,0,0,0,0,0,0,0,0,0,0
3436258524768,26.258629,1788964975167109781,,0,0,0,0,0,0,0,0,0,0,0,0,0,0,0,0,0,0,0
3436278548480,26.278653,1788964975187110262,,0,0,0,0,0,0,0,0,0,0,0,0,0,0,0,0,0,0,0
3436298541824,26.298646,1788964975207110159,,0,0,0,0,0,0,0,0,0,0,0,0,0,0,0,0,0,0,0
3436318518400,26.318623,1788964975227109492,,0,0,0,0,0,0,0,0,0,0,0,0,0,0,0,0,0,0,0
3436338553440,26.338658,1788964975247109611,,0,0,0,0,0,0,0,0,0,0,0,0,0,0,0,0,0,0,0
3436358457152,26.358562,1788964975267109583,,0,0,0,0,0,0,0,0,0,0,0,0,0,0,0,0,0,0,0
3436378506656,26.378611,1788964975287109787,,0,0,0,0,0,0,0,0,0,0,0,0,0,0,0,0,0,0,0
3436398548352,26.398653,1788964975307110205,,0,0,0,0,0,0,0,0,0,0,0,0,0,0,0,0,0,0,0
3436418547552,26.418652,1788964975327110229,,0,0,0,0,0,0,0,0,0,0,0,0,0,0,0,0,0,0,0
3436438557248,26.438662,1788964975347112435,,0,0,0,0,0,0,0,0,0,0,0,0,0,0,0,0,0,0,0
3436458527904,26.458632,1788964975367109998,,0,0,0,0,0,0,0,0,0,0,0,0,0,0,0,0,0,0,0
3436478561984,26.478666,1788964975387109910,,0,0,0,0,0,0,0,0,0,0,0,0,0,0,0,0,0,0,0
3436498533952,26.498638,1788964975407109890,,0,0,0,0,0,0,0,0,0,0,0,0,0,0,0,0,0,0,0
3436518532896,26.518637,1788964975427109839,,0,0,0,0,0,0,0,0,0,0,0,0,0,0,0,0,0,0,0
3436538523552,26.538628,1788964975447109797,,0,0,0,0,0,0,0,0,0,0,0,0,0,0,0,0,0,0,0
3436558426336,26.558531,1788964975467110035,,0,0,0,0,0,0,0,0,0,0,0,0,0,0,0,0,0,0,0
3436578537088,26.578642,1788964975487109580,,0,0,0,0,0,0,0,0,0,0,0,0,0,0,0,0,0,0,0
3436598525088,26.59863,1788964975507109753,,0,0,0,0,0,0,0,0,0,0,0,0,0,0,0,0,0,0,0
3436618533024,26.618637,1788964975527109812,,0,0,0,0,0,0,0,0,0,0,0,0,0,0,0,0,0,0,0
3436638520992,26.638625,1788964975547109692,,0,0,0,0,0,0,0,0,0,0,0,0,0,0,0,0,0,0,0
3436658494784,26.658599,1788964975567110210,,0,0,0,0,0,0,0,0,0,0,0,0,0,0,0,0,0,0,0
3436678525440,26.67863,1788964975587109895,,0,0,0,0,0,0,0,0,0,0,0,0,0,0,0,0,0,0,0
3436698542368,26.698647,1788964975607109885,,0,0,0,0,0,0,0,0,0,0,0,0,0,0,0,0,0,0,0
3436718508480,26.718613,1788964975627110312,,0,0,0,0,0,0,0,0,0,0,0,0,0,0,0,0,0,0,0
3436738527424,26.738632,1788964975647117909,,0,0,0,0,0,0,0,0,0,0,0,0,0,0,0,0,0,0,0
3436758404832,26.758509,1788964975667110407,,0,0,0,0,0,0,0,0,0,0,0,0,0,0,0,0,0,0,0
3436778504960,26.778609,1788964975687109369,,0,0,0,0,0,0,0,0,0,0,0,0,0,0,0,0,0,0,0
3436798542080,26.798647,1788964975707111058,,0,0,0,0,0,0,0,0,0,0,0,0,0,0,0,0,0,0,0
3436818550080,26.818655,1788964975727109587,,0,0,0,0,0,0,0,0,0,0,0,0,0,0,0,0,0,0,0
3436838492736,26.838597,1788964975747110494,,0,0,0,0,0,0,0,0,0,0,0,0,0,0,0,0,0,0,0
3436858529984,26.858634,1788964975767109839,,0,0,0,0,0,0,0,0,0,0,0,0,0,0,0,0,0,0,0
3436878492736,26.878597,1788964975787110081,,0,0,0,0,0,0,0,0,0,0,0,0,0,0,0,0,0,0,0
3436898520608,26.898625,1788964975807111207,,0,0,0,0,0,0,0,0,0,0,0,0,0,0,0,0,0,0,0
3436918499200,26.918604,1788964975827109595,,0,0,0,0,0,0,0,0,0,0,0,0,0,0,0,0,0,0,0
3436938500032,26.938604,1788964975847110217,,0,0,0,0,0,0,0,0,0,0,0,0,0,0,0,0,0,0,0
3436958416224,26.958521,1788964975867110165,,0,0,0,0,0,0,0,0,0,0,0,0,0,0,0,0,0,0,0
3436978507200,26.978612,1788964975887110815,,0,0,0,0,0,0,0,0,0,0,0,0,0,0,0,0,0,0,0
3436998498272,26.998603,1788964975907110906,,0,0,0,0,0,0,0,0,0,0,0,0,0,0,0,0,0,0,0
3437018508000,27.018612,1788964975927109778,,0,0,0,0,0,0,0,0,0,0,0,0,0,0,0,0,0,0,0
3437038504352,27.038609,1788964975947110087,,0,0,0,0,0,0,0,0,0,0,0,0,0,0,0,0,0,0,0
3437058485856,27.05859,1788964975967109478,,0,0,0,0,0,0,0,0,0,0,0,0,0,0,0,0,0,0,0
3437078551904,27.078656,1788964975987110439,,0,0,0,0,0,0,0,0,0,0,0,0,0,0,0,0,0,0,0
3437098504352,27.098609,1788964976007110164,,0,0,0,0,0,0,0,0,0,0,0,0,0,0,0,0,0,0,0
3437118529056,27.118634,1788964976027110028,,0,0,0,0,0,0,0,0,0,0,0,0,0,0,0,0,0,0,0
3437138517632,27.138622,1788964976047110224,,0,0,0,0,0,0,0,0,0,0,0,0,0,0,0,0,0,0,0
3437158391488,27.158496,1788964976067112944,,0,0,0,0,0,0,0,0,0,0,0,0,0,0,0,0,0,0,0
3437178468832,27.178573,1788964976087110955,,0,0,0,0,0,0,0,0,0,0,0,0,0,0,0,0,0,0,0
3437198521056,27.198626,1788964976107110384,,0,0,0,0,0,0,0,0,0,0,0,0,0,0,0,0,0,0,0
3437218477120,27.218582,1788964976127112644,,0,0,0,0,0,0,0,0,0,0,0,0,0,0,0,0,0,0,0
3437238513760,27.238618,1788964976147110238,,0,0,0,0,0,0,0,0,0,0,0,0,0,0,0,0,0,0,0
3437258487712,27.258592,1788964976167110610,,0,0,0,0,0,0,0,0,0,0,0,0,0,0,0,0,0,0,0
3437278540128,27.278645,1788964976187111198,,0,0,0,0,0,0,0,0,0,0,0,0,0,0,0,0,0,0,0
3437298471584,27.298576,1788964976207109928,,0,0,0,0,0,0,0,0,0,0,0,0,0,0,0,0,0,0,0
3437318536160,27.318641,1788964976227110685,,0,0,0,0,0,0,0,0,0,0,0,0,0,0,0,0,0,0,0
3437338491136,27.338596,1788964976247110543,,0,0,0,0,0,0,0,0,0,0,0,0,0,0,0,0,0,0,0
3437358398752,27.358503,1788964976267109487,,0,0,0,0,0,0,0,0,0,0,0,0,0,0,0,0,0,0,0
3437378496864,27.378601,1788964976287110221,,0,0,0,0,0,0,0,0,0,0,0,0,0,0,0,0,0,0,0
3437398523264,27.398628,1788964976307109784,,0,0,0,0,0,0,0,0,0,0,0,0,0,0,0,0,0,0,0
3437418505088,27.41861,1788964976327110210,,0,0,0,0,0,0,0,0,0,0,0,0,0,0,0,0,0,0,0
3437438508608,27.438613,1788964976347109778,,0,0,0,0,0,0,0,0,0,0,0,0,0,0,0,0,0,0,0
3437458496640,27.458601,1788964976367110434,,0,0,0,0,0,0,0,0,0,0,0,0,0,0,0,0,0,0,0
3437478528992,27.478633,1788964976387113051,,0,0,0,0,0,0,0,0,0,0,0,0,0,0,0,0,0,0,0
3437498504064,27.498609,1788964976407113596,,0,0,0,0,0,0,0,0,0,0,0,0,0,0,0,0,0,0,0
3437518489280,27.518594,1788964976427110615,,0,0,0,0,0,0,0,0,0,0,0,0,0,0,0,0,0,0,0
3437538498752,27.538603,1788964976447110363,,0,0,0,0,0,0,0,0,0,0,0,0,0,0,0,0,0,0,0
3437558426080,27.558531,1788964976467110904,,0,0,0,0,0,0,0,0,0,0,0,0,0,0,0,0,0,0,0
3437578504000,27.578608,1788964976487123949,,0,0,0,0,0,0,0,0,0,0,0,0,0,0,0,0,0,0,0
3437598496928,27.598601,1788964976507110221,,0,0,0,0,0,0,0,0,0,0,0,0,0,0,0,0,0,0,0
3437618466336,27.618571,1788964976527109650,,0,0,0,0,0,0,0,0,0,0,0,0,0,0,0,0,0,0,0
3437638491648,27.638596,1788964976547110565,,0,0,0,0,0,0,0,0,0,0,0,0,0,0,0,0,0,0,0
3437658471040,27.658575,1788964976567110131,,0,0,0,0,0,0,0,0,0,0,0,0,0,0,0,0,0,0,0
3437678506176,27.678611,1788964976587110505,,0,0,0,0,0,0,0,0,0,0,0,0,0,0,0,0,0,0,0
3437698488320,27.698593,1788964976607110171,,0,0,0,0,0,0,0,0,0,0,0,0,0,0,0,0,0,0,0
3437718509920,27.718614,1788964976627110680,,0,0,0,0,0,0,0,0,0,0,0,0,0,0,0,0,0,0,0
3437738455360,27.73856,1788964976647111018,,0,0,0,0,0,0,0,0,0,0,0,0,0,0,0,0,0,0,0
3437758384896,27.758489,1788964976667110374,,0,0,0,0,0,0,0,0,0,0,0,0,0,0,0,0,0,0,0
3437778483232,27.778588,1788964976687111319,,0,0,0,0,0,0,0,0,0,0,0,0,0,0,0,0,0,0,0
3437798488032,27.798592,1788964976707110628,,0,0,0,0,0,0,0,0,0,0,0,0,0,0,0,0,0,0,0
3437818483392,27.818588,1788964976727110633,,0,0,0,0,0,0,0,0,0,0,0,0,0,0,0,0,0,0,0
3437838486272,27.838591,1788964976747110407,,0,0,0,0,0,0,0,0,0,0,0,0,0,0,0,0,0,0,0
3437858464544,27.858569,1788964976767110381,,0,0,0,0,0,0,0,0,0,0,0,0,0,0,0,0,0,0,0
3437878539456,27.878644,1788964976787110074,,0,0,0,0,0,0,0,0,0,0,0,0,0,0,0,0,0,0,0
3437898464192,27.898569,1788964976807110184,,0,0,0,0,0,0,0,0,0,0,0,0,0,0,0,0,0,0,0
3437918447136,27.918552,1788964976827110434,,0,0,0,0,0,0,0,0,0,0,0,0,0,0,0,0,0,0,0
3437938469440,27.938574,1788964976847110322,,0,0,0,0,0,0,0,0,0,0,0,0,0,0,0,0,0,0,0
3437958374432,27.958479,1788964976867110364,,0,0,0,0,0,0,0,0,0,0,0,0,0,0,0,0,0,0,0
3437978455296,27.97856,1788964976887110026,,0,0,0,0,0,0,0,0,0,0,0,0,0,0,0,0,0,0,0
3437998498272,27.998603,1788964976907110399,,0,0,0,0,0,0,0,0,0,0,0,0,0,0,0,0,0,0,0
3438018458464,28.018563,1788964976927110154,,0,0,0,0,0,0,0,0,0,0,0,0,0,0,0,0,0,0,0
3438038464192,28.038569,1788964976947111449,,0,0,0,0,0,0,0,0,0,0,0,0,0,0,0,0,0,0,0
3438058468704,28.058573,1788964976967110359,,0,0,0,0,0,0,0,0,0,0,0,0,0,0,0,0,0,0,0
3438078463328,28.078568,1788964976987110834,,0,0,0,0,0,0,0,0,0,0,0,0,0,0,0,0,0,0,0
3438098444032,28.098548,1788964977007110589,,0,0,0,0,0,0,0,0,0,0,0,0,0,0,0,0,0,0,0
3438118447136,28.118552,1788964977027111179,,0,0,0,0,0,0,0,0,0,0,0,0,0,0,0,0,0,0,0
3438138446592,28.138551,1788964977047110221,,0,0,0,0,0,0,0,0,0,0,0,0,0,0,0,0,0,0,0
3438158407424,28.158512,1788964977067110193,,0,0,0,0,0,0,0,0,0,0,0,0,0,0,0,0,0,0,0
3438178447296,28.178552,1788964977087110171,,0,0,0,0,0,0,0,0,0,0,0,0,0,0,0,0,0,0,0
3438198466720,28.198571,1788964977107110725,,0,0,0,0,0,0,0,0,0,0,0,0,0,0,0,0,0,0,0
3438218463488,28.218568,1788964977127110598,,0,0,0,0,0,0,0,0,0,0,0,0,0,0,0,0,0,0,0
3438238444576,28.238549,1788964977147111208,,0,0,0,0,0,0,0,0,0,0,0,0,0,0,0,0,0,0,0
3438258433184,28.258538,1788964977167110604,,0,0,0,0,0,0,0,0,0,0,0,0,0,0,0,0,0,0,0
3438278459456,28.278564,1788964977187109804,,0,0,0,0,0,0,0,0,0,0,0,0,0,0,0,0,0,0,0
3438298444608,28.298549,1788964977207110119,,0,0,0,0,0,0,0,0,0,0,0,0,0,0,0,0,0,0,0
3438318420768,28.318525,1788964977227109865,,0,0,0,0,0,0,0,0,0,0,0,0,0,0,0,0,0,0,0
3438338446912,28.338551,1788964977247110229,,0,0,0,0,0,0,0,0,0,0,0,0,0,0,0,0,0,0,0
3438358430496,28.358535,1788964977267124543,,0,0,0,0,0,0,0,0,0,0,0,0,0,0,0,0,0,0,0
3438378424896,28.378529,1788964977287110285,,0,0,0,0,0,0,0,0,0,0,0,0,0,0,0,0,0,0,0
3438398467392,28.398572,1788964977307110291,,0,0,0,0,0,0,0,0,0,0,0,0,0,0,0,0,0,0,0
3438418460000,28.418564,1788964977327110436,,0,0,0,0,0,0,0,0,0,0,0,0,0,0,0,0,0,0,0
3438438421216,28.438526,1788964977347110584,,0,0,0,0,0,0,0,0,0,0,0,0,0,0,0,0,0,0,0
3438458444960,28.458549,1788964977367110191,,0,0,0,0,0,0,0,0,0,0,0,0,0,0,0,0,0,0,0
3438478425984,28.47853,1788964977387109872,,0,0,0,0,0,0,0,0,0,0,0,0,0,0,0,0,0,0,0
3438498418336,28.498523,1788964977407110232,,0,0,0,0,0,0,0,0,0,0,0,0,0,0,0,0,0,0,0
3438518434080,28.518539,1788964977427109876,,0,0,0,0,0,0,0,0,0,0,0,0,0,0,0,0,0,0,0
3438538422112,28.538527,1788964977447110399,,0,0,0,0,0,0,0,0,0,0,0,0,0,0,0,0,0,0,0
3438558338176,28.558443,1788964977467109908,,0,0,0,0,0,0,0,0,0,0,0,0,0,0,0,0,0,0,0
3438578442272,28.578547,1788964977487112665,,0,0,0,0,0,0,0,0,0,0,0,0,0,0,0,0,0,0,0
3438598421632,28.598526,1788964977507110252,,0,0,0,0,0,0,0,0,0,0,0,0,0,0,0,0,0,0,0
3438618404672,28.618509,1788964977527110416,,0,0,0,0,0,0,0,0,0,0,0,0,0,0,0,0,0,0,0
3438638425280,28.63853,1788964977547110059,,0,0,0,0,0,0,0,0,0,0,0,0,0,0,0,0,0,0,0
3438658422208,28.658527,1788964977567110426,,0,0,0,0,0,0,0,0,0,0,0,0,0,0,0,0,0,0,0
3438678401152,28.678506,1788964977587110469,,0,0,0,0,0,0,0,0,0,0,0,0,0,0,0,0,0,0,0
3438698430336,28.698535,1788964977607109619,,0,0,0,0,0,0,0,0,0,0,0,0,0,0,0,0,0,0,0
3438718416640,28.718521,1788964977627109833,,0,0,0,0,0,0,0,0,0,0,0,0,0,0,0,0,0,0,0
3438738435936,28.73854,1788964977647121449,,0,0,0,0,0,0,0,0,0,0,0,0,0,0,0,0,0,0,0
3438758393984,28.758498,1788964977667110368,,0,0,0,0,0,0,0,0,0,0,0,0,0,0,0,0,0,0,0
3438778432576,28.778537,1788964977687124304,,0,0,0,0,0,0,0,0,0,0,0,0,0,0,0,0,0,0,0
3438798423712,28.798528,1788964977707110884,,0,0,0,0,0,0,0,0,0,0,0,0,0,0,0,0,0,0,0
3438818430624,28.818535,1788964977727110229,,0,0,0,0,0,0,0,0,0,0,0,0,0,0,0,0,0,0,0
3438838409600,28.838514,1788964977747110253,,0,0,0,0,0,0,0,0,0,0,0,0,0,0,0,0,0,0,0
3438858441824,28.858546,1788964977767110561,,0,0,0,0,0,0,0,0,0,0,0,0,0,0,0,0,0,0,0
3438878419424,28.878524,1788964977787110310,,0,0,0,0,0,0,0,0,0,0,0,0,0,0,0,0,0,0,0
3438898415936,28.89852,1788964977807110082,,0,0,0,0,0,0,0,0,0,0,0,0,0,0,0,0,0,0,0
3438918404608,28.918509,1788964977827121818,,0,0,0,0,0,0,0,0,0,0,0,0,0,0,0,0,0,0,0
3438938391616,28.938496,1788964977847111019,,0,0,0,0,0,0,0,0,0,0,0,0,0,0,0,0,0,0,0
3438958310272,28.958415,1788964977867110804,,0,0,0,0,0,0,0,0,0,0,0,0,0,0,0,0,0,0,0
3438978416928,28.978521,1788964977887110464,,0,0,0,0,0,0,0,0,0,0,0,0,0,0,0,0,0,0,0
3439003502432,29.003607,1788964977907111039,,0,0,0,0,0,0,0,0,0,0,0,0,0,0,0,0,0,0,0
3439018402400,29.018507,1788964977927110993,,0,0,0,0,0,0,0,0,0,0,0,0,0,0,0,0,0,0,0
3439038408192,29.038513,1788964977947110385,,0,0,0,0,0,0,0,0,0,0,0,0,0,0,0,0,0,0,0
3439058417408,29.058522,1788964977967110211,,0,0,0,0,0,0,0,0,0,0,0,0,0,0,0,0,0,0,0
3439078409248,29.078514,1788964977987110426,,0,0,0,0,0,0,0,0,0,0,0,0,0,0,0,0,0,0,0
3439098403936,29.098508,1788964978007111607,,0,0,0,0,0,0,0,0,0,0,0,0,0,0,0,0,0,0,0
3439118428672,29.118533,1788964978027110580,,0,0,0,0,0,0,0,0,0,0,0,0,0,0,0,0,0,0,0
3439138398880,29.138503,1788964978047110598,,0,0,0,0,0,0,0,0,0,0,0,0,0,0,0,0,0,0,0
3439158427104,29.158532,1788964978067110846,,0,0,0,0,0,0,0,0,0,0,0,0,0,0,0,0,0,0,0
3439178389056,29.178494,1788964978087110517,,0,0,0,0,0,0,0,0,0,0,0,0,0,0,0,0,0,0,0
3439198444000,29.198548,1788964978107110270,,0,0,0,0,0,0,0,0,0,0,0,0,0,0,0,0,0,0,0
3439218405248,29.21851,1788964978127111681,,0,0,0,0,0,0,0,0,0,0,0,0,0,0,0,0,0,0,0
3439238401408,29.238506,1788964978147111634,,0,0,0,0,0,0,0,0,0,0,0,0,0,0,0,0,0,0,0
3439258414560,29.258519,1788964978167110586,,0,0,0,0,0,0,0,0,0,0,0,0,0,0,0,0,0,0,0
3439278411296,29.278516,1788964978187110385,,0,0,0,0,0,0,0,0,0,0,0,0,0,0,0,0,0,0,0
3439298402432,29.298507,1788964978207110408,,0,0,0,0,0,0,0,0,0,0,0,0,0,0,0,0,0,0,0
3439318423136,29.318528,1788964978227110752,,0,0,0,0,0,0,0,0,0,0,0,0,0,0,0,0,0,0,0
3439338382112,29.338487,1788964978247111331,,0,0,0,0,0,0,0,0,0,0,0,0,0,0,0,0,0,0,0
3439358286336,29.358391,1788964978267110520,,0,0,0,0,0,0,0,0,0,0,0,0,0,0,0,0,0,0,0
3439378400608,29.378505,1788964978287110401,,0,0,0,0,0,0,0,0,0,0,0,0,0,0,0,0,0,0,0
3439398392576,29.398497,1788964978307109811,,0,0,0,0,0,0,0,0,0,0,0,0,0,0,0,0,0,0,0
3439418384000,29.418488,1788964978327109831,,0,0,0,0,0,0,0,0,0,0,0,0,0,0,0,0,0,0,0
3439438403840,29.438508,1788964978347109801,,0,0,0,0,0,0,0,0,0,0,0,0,0,0,0,0,0,0,0
3439458381504,29.458486,1788964978367110803,,0,0,0,0,0,0,0,0,0,0,0,0,0,0,0,0,0,0,0
3439478433600,29.478538,1788964978387110391,,0,0,0,0,0,0,0,0,0,0,0,0,0,0,0,0,0,0,0
3439498392320,29.498497,1788964978407110032,,0,0,0,0,0,0,0,0,0,0,0,0,0,0,0,0,0,0,0
3439518419648,29.518524,1788964978427109786,,0,0,0,0,0,0,0,0,0,0,0,0,0,0,0,0,0,0,0
3439538381696,29.538486,1788964978447109804,,0,0,0,0,0,0,0,0,0,0,0,0,0,0,0,0,0,0,0
3439558333408,29.558438,1788964978467110074,,0,0,0,0,0,0,0,0,0,0,0,0,0,0,0,0,0,0,0
3439578457984,29.578562,1788964978487110240,,0,0,0,0,0,0,0,0,0,0,0,0,0,0,0,0,0,0,0
3439598396384,29.598501,1788964978507110194,,0,0,0,0,0,0,0,0,0,0,0,0,0,0,0,0,0,0,0
3439618422112,29.618527,1788964978527110200,,0,0,0,0,0,0,0,0,0,0,0,0,0,0,0,0,0,0,0
3439638382816,29.638487,1788964978547112804,,0,0,0,0,0,0,0,0,0,0,0,0,0,0,0,0,0,0,0
3439658388992,29.658493,1788964978567111302,,0,0,0,0,0,0,0,0,0,0,0,0,0,0,0,0,0,0,0
3439678403264,29.678508,1788964978587110253,,0,0,0,0,0,0,0,0,0,0,0,0,0,0,0,0,0,0,0
3439698375648,29.69848,1788964978607110094,,0,0,0,0,0,0,0,0,0,0,0,0,0,0,0,0,0,0,0
3439718425600,29.71853,1788964978627113432,,0,0,0,0,0,0,0,0,0,0,0,0,0,0,0,0,0,0,0
3439738388224,29.738493,1788964978647110813,,0,0,0,0,0,0,0,0,0,0,0,0,0,0,0,0,0,0,0
3439758284064,29.758389,1788964978667110215,,0,0,0,0,0,0,0,0,0,0,0,0,0,0,0,0,0,0,0
3439778399520,29.778504,1788964978687110218,,0,0,0,0,0,0,0,0,0,0,0,0,0,0,0,0,0,0,0
3439798434464,29.798539,1788964978707110491,,0,0,0,0,0,0,0,0,0,0,0,0,0,0,0,0,0,0,0
3439818371488,29.818476,1788964978727110230,,0,0,0,0,0,0,0,0,0,0,0,0,0,0,0,0,0,0,0
3439838404864,29.838509,1788964978747111024,,0,0,0,0,0,0,0,0,0,0,0,0,0,0,0,0,0,0,0
3439858382560,29.858487,1788964978767111533,,0,0,0,0,0,0,0,0,0,0,0,0,0,0,0,0,0,0,0
3439878391360,29.878496,1788964978787110527,,0,0,0,0,0,0,0,0,0,0,0,0,0,0,0,0,0,0,0
3439898399840,29.898504,1788964978807110263,,0,0,0,0,0,0,0,0,0,0,0,0,0,0,0,0,0,0,0
3439918380288,29.918485,1788964978827110366,,0,0,0,0,0,0,0,0,0,0,0,0,0,0,0,0,0,0,0
3439938362592,29.938467,1788964978847110126,,0,0,0,0,0,0,0,0,0,0,0,0,0,0,0,0,0,0,0
3439958256192,29.958361,1788964978867110227,,0,0,0,0,0,0,0,0,0,0,0,0,0,0,0,0,0,0,0
3439978374112,29.978479,1788964978887110278,,0,0,0,0,0,0,0,0,0,0,0,0,0,0,0,0,0,0,0
3439998346240,29.998451,1788964978907110356,,0,0,0,0,0,0,0,0,0,0,0,0,0,0,0,0,0,0,0
3440018364448,30.018469,1788964978927124480,,0,0,0,0,0,0,0,0,0,0,0,0,0,0,0,0,0,0,0
3440038377792,30.038482,1788964978947110520,,0,0,0,0,0,0,0,0,0,0,0,0,0,0,0,0,0,0,0
3440058357120,30.058462,1788964978967110670,,0,0,0,0,0,0,0,0,0,0,0,0,0,0,0,0,0,0,0
3440078394688,30.078499,1788964978987110372,,0,0,0,0,0,0,0,0,0,0,0,0,0,0,0,0,0,0,0
3440098366432,30.098471,1788964979007110000,,0,0,0,0,0,0,0,0,0,0,0,0,0,0,0,0,0,0,0
3440118331200,30.118436,1788964979027110300,,0,0,0,0,0,0,0,0,0,0,0,0,0,0,0,0,0,0,0
3440138377152,30.138482,1788964979047110456,,0,0,0,0,0,0,0,0,0,0,0,0,0,0,0,0,0,0,0
3440158232928,30.158337,1788964979067110108,,0,0,0,0,0,0,0,0,0,0,0,0,0,0,0,0,0,0,0
3440178372160,30.178477,1788964979087109945,,0,0,0,0,0,0,0,0,0,0,0,0,0,0,0,0,0,0,0
3440198358272,30.198463,1788964979107110293,,0,0,0,0,0,0,0,0,0,0,0,0,0,0,0,0,0,0,0
3440218323488,30.218428,1788964979127110076,,0,0,0,0,0,0,0,0,0,0,0,0,0,0,0,0,0,0,0
3440238384000,30.238488,1788964979147126591,,0,0,0,0,0,0,0,0,0,0,0,0,0,0,0,0,0,0,0
3440258374080,30.258479,1788964979167110419,,0,0,0,0,0,0,0,0,0,0,0,0,0,0,0,0,0,0,0
3440278338080,30.278443,1788964979187110024,,0,0,0,0,0,0,0,0,0,0,0,0,0,0,0,0,0,0,0
3440298368096,30.298473,1788964979207110454,,0,0,0,0,0,0,0,0,0,0,0,0,0,0,0,0,0,0,0
3440318408384,30.318513,1788964979227110738,,0,0,0,0,0,0,0,0,0,0,0,0,0,0,0,0,0,0,0
3440338369504,30.338474,1788964979247110197,,0,0,0,0,0,0,0,0,0,0,0,0,0,0,0,0,0,0,0
3440358297920,30.358402,1788964979267110597,,0,0,0,0,0,0,0,0,0,0,0,0,0,0,0,0,0,0,0
3440378327872,30.378432,1788964979287110930,,0,0,0,0,0,0,0,0,0,0,0,0,0,0,0,0,0,0,0
3440398366528,30.398471,1788964979307110617,,0,0,0,0,0,0,0,0,0,0,0,0,0,0,0,0,0,0,0
3440418358848,30.418463,1788964979327110313,,0,0,0,0,0,0,0,0,0,0,0,0,0,0,0,0,0,0,0
3440438353024,30.438457,1788964979347110147,,0,0,0,0,0,0,0,0,0,0,0,0,0,0,0,0,0,0,0
3440458313440,30.458418,1788964979367111058,,0,0,0,0,0,0,0,0,0,0,0,0,0,0,0,0,0,0,0
3440478348192,30.478453,1788964979387110212,,0,0,0,0,0,0,0,0,0,0,0,0,0,0,0,0,0,0,0
3440498337760,30.498442,1788964979407110689,,0,0,0,0,0,0,0,0,0,0,0,0,0,0,0,0,0,0,0
3440518319392,30.518424,1788964979427110616,,0,0,0,0,0,0,0,0,0,0,0,0,0,0,0,0,0,0,0
3440538338464,30.538443,1788964979447110376,,0,0,0,0,0,0,0,0,0,0,0,0,0,0,0,0,0,0,0
3440558259840,30.558364,1788964979467110353,,0,0,0,0,0,0,0,0,0,0,0,0,0,0,0,0,0,0,0
3440578322656,30.578427,1788964979487110180,,0,0,0,0,0,0,0,0,0,0,0,0,0,0,0,0,0,0,0
3440598336384,30.598441,1788964979507110141,,0,0,0,0,0,0,0,0,0,0,0,0,0,0,0,0,0,0,0
3440618344768,30.618449,1788964979527109896,,0,0,0,0,0,0,0,0,0,0,0,0,0,0,0,0,0,0,0
3440638309088,30.638414,1788964979547110324,,0,0,0,0,0,0,0,0,0,0,0,0,0,0,0,0,0,0,0
3440658334688,30.658439,1788964979567110408,,0,0,0,0,0,0,0,0,0,0,0,0,0,0,0,0,0,0,0
3440678319712,30.678424,1788964979587110438,,0,0,0,0,0,0,0,0,0,0,0,0,0,0,0,0,0,0,0
3440698367712,30.698472,1788964979607110045,,0,0,0,0,0,0,0,0,0,0,0,0,0,0,0,0,0,0,0
3440718357248,30.718462,1788964979627112743,,0,0,0,0,0,0,0,0,0,0,0,0,0,0,0,0,0,0,0
3440738338656,30.738443,1788964979647111177,,0,0,0,0,0,0,0,0,0,0,0,0,0,0,0,0,0,0,0
3440758293344,30.758398,1788964979667110197,,0,0,0,0,0,0,0,0,0,0,0,0,0,0,0,0,0,0,0
3440778347328,30.778452,1788964979687110108,,0,0,0,0,0,0,0,0,0,0,0,0,0,0,0,0,0,0,0
3440798356192,30.798461,1788964979707110855,,0,0,0,0,0,0,0,0,0,0,0,0,0,0,0,0,0,0,0
3440818357024,30.818461,1788964979727114085,,0,0,0,0,0,0,0,0,0,0,0,0,0,0,0,0,0,0,0
3440838316608,30.838421,1788964979747110289,,0,0,0,0,0,0,0,0,0,0,0,0,0,0,0,0,0,0,0
3440858300416,30.858405,1788964979767110262,,0,0,0,0,0,0,0,0,0,0,0,0,0,0,0,0,0,0,0
3440878358336,30.878463,1788964979787110661,,0,0,0,0,0,0,0,0,0,0,0,0,0,0,0,0,0,0,0
3440898346016,30.89845,1788964979807110060,,0,0,0,0,0,0,0,0,0,0,0,0,0,0,0,0,0,0,0
3440918342944,30.918447,1788964979827118974,,0,0,0,0,0,0,0,0,0,0,0,0,0,0,0,0,0,0,0
3440938327552,30.938432,1788964979847110488,,0,0,0,0,0,0,0,0,0,0,0,0,0,0,0,0,0,0,0
3440958261088,30.958366,1788964979867110429,,0,0,0,0,0,0,0,0,0,0,0,0,0,0,0,0,0,0,0
3440978307840,30.978412,1788964979887110475,,0,0,0,0,0,0,0,0,0,0,0,0,0,0,0,0,0,0,0
3440998332768,30.998437,1788964979907110780,,0,0,0,0,0,0,0,0,0,0,0,0,0,0,0,0,0,0,0
3441018297472,31.018402,1788964979927110247,,0,0,0,0,0,0,0,0,0,0,0,0,0,0,0,0,0,0,0
3441038298592,31.038403,1788964979947110250,,0,0,0,0,0,0,0,0,0,0,0,0,0,0,0,0,0,0,0
3441058307424,31.058412,1788964979967110664,,0,0,0,0,0,0,0,0,0,0,0,0,0,0,0,0,0,0,0
3441078335808,31.07844,1788964979987110129,,0,0,0,0,0,0,0,0,0,0,0,0,0,0,0,0,0,0,0
3441098290624,31.098395,1788964980007110410,,0,0,0,0,0,0,0,0,0,0,0,0,0,0,0,0,0,0,0
3441118326656,31.118431,1788964980027109901,,0,0,0,0,0,0,0,0,0,0,0,0,0,0,0,0,0,0,0
3441138302976,31.138407,1788964980047110926,,0,0,0,0,0,0,0,0,0,0,0,0,0,0,0,0,0,0,0
3441158227200,31.158332,1788964980067110612,,0,0,0,0,0,0,0,0,0,0,0,0,0,0,0,0,0,0,0
3441178314976,31.178419,1788964980087110944,,0,0,0,0,0,0,0,0,0,0,0,0,0,0,0,0,0,0,0
3441198297600,31.198402,1788964980107110083,,0,0,0,0,0,0,0,0,0,0,0,0,0,0,0,0,0,0,0
3441218311008,31.218415,1788964980127109892,,0,0,0,0,0,0,0,0,0,0,0,0,0,0,0,0,0,0,0
3441238320448,31.238425,1788964980147111277,,0,0,0,0,0,0,0,0,0,0,0,0,0,0,0,0,0,0,0
3441258286048,31.25839,1788964980167110280,,0,0,0,0,0,0,0,0,0,0,0,0,0,0,0,0,0,0,0
3441278315744,31.27842,1788964980187110674,,0,0,0,0,0,0,0,0,0,0,0,0,0,0,0,0,0,0,0
3441298298560,31.298403,1788964980207124377,,0,0,0,0,0,0,0,0,0,0,0,0,0,0,0,0,0,0,0
3441318318560,31.318423,1788964980227110313,,0,0,0,0,0,0,0,0,0,0,0,0,0,0,0,0,0,0,0
3441338321568,31.338426,1788964980247110781,,0,0,0,0,0,0,0,0,0,0,0,0,0,0,0,0,0,0,0
3441358194560,31.358299,1788964980267110223,,0,0,0,0,0,0,0,0,0,0,0,0,0,0,0,0,0,0,0
3441378296224,31.378401,1788964980287110455,,0,0,0,0,0,0,0,0,0,0,0,0,0,0,0,0,0,0,0
3441398316640,31.398421,1788964980307110229,,0,0,0,0,0,0,0,0,0,0,0,0,0,0,0,0,0,0,0
3441418291360,31.418396,1788964980327110486,,0,0,0,0,0,0,0,0,0,0,0,0,0,0,0,0,0,0,0
3441438289408,31.438394,1788964980347110278,,0,0,0,0,0,0,0,0,0,0,0,0,0,0,0,0,0,0,0
3441458299200,31.458404,1788964980367110255,,0,0,0,0,0,0,0,0,0,0,0,0,0,0,0,0,0,0,0
3441478297024,31.478401,1788964980387109946,,0,0,0,0,0,0,0,0,0,0,0,0,0,0,0,0,0,0,0
3441498287136,31.498392,1788964980407110456,,0,0,0,0,0,0,0,0,0,0,0,0,0,0,0,0,0,0,0
3441518304736,31.518409,1788964980427110487,,0,0,0,0,0,0,0,0,0,0,0,0,0,0,0,0,0,0,0
3441538295072,31.5384,1788964980447109988,,0,0,0,0,0,0,0,0,0,0,0,0,0,0,0,0,0,0,0
3441558183968,31.558288,1788964980467110433,,0,0,0,0,0,0,0,0,0,0,0,0,0,0,0,0,0,0,0
3441578299712,31.578404,1788964980487124227,,0,0,0,0,0,0,0,0,0,0,0,0,0,0,0,0,0,0,0
3441598291648,31.598396,1788964980507109801,,0,0,0,0,0,0,0,0,0,0,0,0,0,0,0,0,0,0,0
3441618288192,31.618393,1788964980527110212,,0,0,0,0,0,0,0,0,0,0,0,0,0,0,0,0,0,0,0
3441638290624,31.638395,1788964980547110268,,0,0,0,0,0,0,0,0,0,0,0,0,0,0,0,0,0,0,0
3441658269440,31.658374,1788964980567109605,,0,0,0,0,0,0,0,0,0,0,0,0,0,0,0,0,0,0,0
3441678299520,31.678404,1788964980587109801,,0,0,0,0,0,0,0,0,0,0,0,0,0,0,0,0,0,0,0
3441698284064,31.698389,1788964980607110283,,0,0,0,0,0,0,0,0,0,0,0,0,0,0,0,0,0,0,0
3441718271168,31.718376,1788964980627109885,,0,0,0,0,0,0,0,0,0,0,0,0,0,0,0,0,0,0,0
3441738298688,31.738403,1788964980647110895,,0,0,0,0,0,0,0,0,0,0,0,0,0,0,0,0,0,0,0
3441758162656,31.758267,1788964980667110486,,0,0,0,0,0,0,0,0,0,0,0,0,0,0,0,0,0,0,0
3441778264896,31.778369,1788964980687109865,,0,0,0,0,0,0,0,0,0,0,0,0,0,0,0,0,0,0,0
3441798292256,31.798397,1788964980707113171,,0,0,0,0,0,0,0,0,0,0,0,0,0,0,0,0,0,0,0
3441818275584,31.81838,1788964980727113092,,0,0,0,0,0,0,0,0,0,0,0,0,0,0,0,0,0,0,0
3441838281792,31.838386,1788964980747110295,,0,0,0,0,0,0,0,0,0,0,0,0,0,0,0,0,0,0,0
3441858302816,31.858407,1788964980767110244,,0,0,0,0,0,0,0,0,0,0,0,0,0,0,0,0,0,0,0
3441878277792,31.878382,1788964980787110363,,0,0,0,0,0,0,0,0,0,0,0,0,0,0,0,0,0,0,0
