t_recv_ns,t_s,t_stamp_ns,frame_id,hardware_connected,analog_states_0,analog_states_1,analog_states_2,analog_states_3,analog_states_4,analog_states_5,digital_states_0,digital_states_1,digital_states_2,digital_states_3,digital_states_4,digital_states_5,digital_states_6,digital_states_7,digital_states_8,digital_states_9,digital_states_10,digital_states_11
2535647854944,0,1791215122275384439,,0,0,0,0,0,0,0,0,0,0,0,0,0,0,0,0,0,0,0
2535667953152,0.020098208,1791215122295383120,,0,0,0,0,0,0,0,0,0,0,0,0,0,0,0,0,0,0,0
2536014052992,0.36619805,1791215122315383433,,0,0,0,0,0,0,0,0,0,0,0,0,0,0,0,0,0,0,0
2536014409856,0.36655491,1791215122335382745,,0,0,0,0,0,0,0,0,0,0,0,0,0,0,0,0,0,0,0
2536014605216,0.36675027,1791215122355382286,,0,0,0,0,0,0,0,0,0,0,0,0,0,0,0,0,0,0,0
2536014771488,0.36691654,1791215122375388358,,0,0,0,0,0,0,0,0,0,0,0,0,0,0,0,0,0,0,0
2536027978240,0.3801233,1791215122655383192,,0,0,0,0,0,0,0,0,0,0,0,0,0,0,0,0,0,0,0
2536047850208,0.39999526,1791215122675383277,,0,0,0,0,0,0,0,0,0,0,0,0,0,0,0,0,0,0,0
2536067934720,0.42007978,1791215122695382830,,0,0,0,0,0,0,0,0,0,0,0,0,0,0,0,0,0,0,0
2536087951872,0.44009693,1791215122715383035,,0,0,0,0,0,0,0,0,0,0,0,0,0,0,0,0,0,0,0
2536107957408,0.46010246,1791215122735383090,,0,0,0,0,0,0,0,0,0,0,0,0,0,0,0,0,0,0,0
2536127950304,0.48009536,1791215122755382872,,0,0,0,0,0,0,0,0,0,0,0,0,0,0,0,0,0,0,0
2536147968256,0.50011331,1791215122775383046,,0,0,0,0,0,0,0,0,0,0,0,0,0,0,0,0,0,0,0
2536167946880,0.52009194,1791215122795382600,,0,0,0,0,0,0,0,0,0,0,0,0,0,0,0,0,0,0,0
2536187921344,0.5400664,1791215122815383938,,0,0,0,0,0,0,0,0,0,0,0,0,0,0,0,0,0,0,0
2536207955328,0.56010038,1791215122835384086,,0,0,0,0,0,0,0,0,0,0,0,0,0,0,0,0,0,0,0
2536227936416,0.58008147,1791215122855383101,,0,0,0,0,0,0,0,0,0,0,0,0,0,0,0,0,0,0,0
2536247821408,0.59996646,1791215122875383094,,0,0,0,0,0,0,0,0,0,0,0,0,0,0,0,0,0,0,0
2536267951616,0.62009667,1791215122895383046,,0,0,0,0,0,0,0,0,0,0,0,0,0,0,0,0,0,0,0
2536287923776,0.64006883,1791215122915382755,,0,0,0,0,0,0,0,0,0,0,0,0,0,0,0,0,0,0,0
2536307956448,0.6601015,1791215122935382948,,0,0,0,0,0,0,0,0,0,0,0,0,0,0,0,0,0,0,0
2536327969568,0.68011462,1791215122955383630,,0,0,0,0,0,0,0,0,0,0,0,0,0,0,0,0,0,0,0
2536347949088,0.70009414,1791215122975382572,,0,0,0,0,0,0,0,0,0,0,0,0,0,0,0,0,0,0,0
2536367987936,0.72013299,1791215122995382805,,0,0,0,0,0,0,0,0,0,0,0,0,0,0,0,0,0,0,0
2536387967680,0.74011274,1791215123015383308,,0,0,0,0,0,0,0,0,0,0,0,0,0,0,0,0,0,0,0
2536407949696,0.76009475,1791215123035382975,,0,0,0,0,0,0,0,0,0,0,0,0,0,0,0,0,0,0,0
2536427971168,0.78011622,1791215123055383350,,0,0,0,0,0,0,0,0,0,0,0,0,0,0,0,0,0,0,0
2536447827712,0.79997277,1791215123075383331,,0,0,0,0,0,0,0,0,0,0,0,0,0,0,0,0,0,0,0
2536467958464,0.82010352,1791215123095383348,,0,0,0,0,0,0,0,0,0,0,0,0,0,0,0,0,0,0,0
2536487953920,0.84009898,1791215123115383494,,0,0,0,0,0,0,0,0,0,0,0,0,0,0,0,0,0,0,0
2536507946176,0.86009123,1791215123135383181,,0,0,0,0,0,0,0,0,0,0,0,0,0,0,0,0,0,0,0
2536527929728,0.88007478,1791215123155383213,,0,0,0,0,0,0,0,0,0,0,0,0,0,0,0,0,0,0,0
2536547953312,0.90009837,1791215123175383276,,0,0,0,0,0,0,0,0,0,0,0,0,0,0,0,0,0,0,0
2536567953024,0.92009808,1791215123195383389,,0,0,0,0,0,0,0,0,0,0,0,0,0,0,0,0,0,0,0
2536587957856,0.94010291,1791215123215382729,,0,0,0,0,0,0,0,0,0,0,0,0,0,0,0,0,0,0,0
2536607947456,0.96009251,1791215123235383033,,0,0,0,0,0,0,0,0,0,0,0,0,0,0,0,0,0,0,0
2536627957088,0.98010214,1791215123255383488,,0,0,0,0,0,0,0,0,0,0,0,0,0,0,0,0,0,0,0
2536647807840,0.9999529,1791215123275382956,,0,0,0,0,0,0,0,0,0,0,0,0,0,0,0,0,0,0,0
2536668043616,1.0201887,1791215123295382954,,0,0,0,0,0,0,0,0,0,0,0,0,0,0,0,0,0,0,0
2536687945024,1.0400901,1791215123315382610,,0,0,0,0,0,0,0,0,0,0,0,0,0,0,0,0,0,0,0
2536707932352,1.0600774,1791215123335382635,,0,0,0,0,0,0,0,0,0,0,0,0,0,0,0,0,0,0,0
2536727941248,1.0800863,1791215123355383137,,0,0,0,0,0,0,0,0,0,0,0,0,0,0,0,0,0,0,0
2536747955904,1.100101,1791215123375382824,,0,0,0,0,0,0,0,0,0,0,0,0,0,0,0,0,0,0,0
2536767948384,1.1200934,1791215123395383603,,0,0,0,0,0,0,0,0,0,0,0,0,0,0,0,0,0,0,0
2536787957440,1.1401025,1791215123415383017,,0,0,0,0,0,0,0,0,0,0,0,0,0,0,0,0,0,0,0
2536807959200,1.1601043,1791215123435382125,,0,0,0,0,0,0,0,0,0,0,0,0,0,0,0,0,0,0,0
2536827917504,1.1800626,1791215123455382178,,0,0,0,0,0,0,0,0,0,0,0,0,0,0,0,0,0,0,0
2536847829792,1.1999748,1791215123475382518,,0,0,0,0,0,0,0,0,0,0,0,0,0,0,0,0,0,0,0
2536867946432,1.2200915,1791215123495383176,,0,0,0,0,0,0,0,0,0,0,0,0,0,0,0,0,0,0,0
2536887946336,1.2400914,1791215123515383215,,0,0,0,0,0,0,0,0,0,0,0,0,0,0,0,0,0,0,0
2536907947296,1.2600924,1791215123535382994,,0,0,0,0,0,0,0,0,0,0,0,0,0,0,0,0,0,0,0
2536927921920,1.280067,1791215123555383552,,0,0,0,0,0,0,0,0,0,0,0,0,0,0,0,0,0,0,0
2536947966720,1.3001118,1791215123575381805,,0,0,0,0,0,0,0,0,0,0,0,0,0,0,0,0,0,0,0
2536967975008,1.3201201,1791215123595383211,,0,0,0,0,0,0,0,0,0,0,0,0,0,0,0,0,0,0,0
2536987956032,1.3401011,1791215123615383323,,0,0,0,0,0,0,0,0,0,0,0,0,0,0,0,0,0,0,0
2537007958976,1.360104,1791215123635382813,,0,0,0,0,0,0,0,0,0,0,0,0,0,0,0,0,0,0,0
2537027924640,1.3800697,1791215123655383844,,0,0,0,0,0,0,0,0,0,0,0,0,0,0,0,0,0,0,0
2537047774816,1.3999199,1791215123675382959,,0,0,0,0,0,0,0,0,0,0,0,0,0,0,0,0,0,0,0
2537067954208,1.4200993,1791215123695383439,,0,0,0,0,0,0,0,0,0,0,0,0,0,0,0,0,0,0,0
2537087925216,1.4400703,1791215123715382557,,0,0,0,0,0,0,0,0,0,0,0,0,0,0,0,0,0,0,0
2537107931840,1.4600769,1791215123735383142,,0,0,0,0,0,0,0,0,0,0,0,0,0,0,0,0,0,0,0
2537127932064,1.4800771,1791215123755383235,,0,0,0,0,0,0,0,0,0,0,0,0,0,0,0,0,0,0,0
2537147916640,1.5000617,1791215123775382857,,0,0,0,0,0,0,0,0,0,0,0,0,0,0,0,0,0,0,0
2537167908704,1.5200538,1791215123795383001,,0,0,0,0,0,0,0,0,0,0,0,0,0,0,0,0,0,0,0
2537187936832,1.5400819,1791215123815382718,,0,0,0,0,0,0,0,0,0,0,0,0,0,0,0,0,0,0,0
2537207923072,1.5600681,1791215123835382457,,0,0,0,0,0,0,0,0,0,0,0,0,0,0,0,0,0,0,0
2537227868960,1.580014,1791215123855383334,,0,0,0,0,0,0,0,0,0,0,0,0,0,0,0,0,0,0,0
2537247790464,1.5999355,1791215123875383636,,0,0,0,0,0,0,0,0,0,0,0,0,0,0,0,0,0,0,0
2537267914752,1.6200598,1791215123895383088,,0,0,0,0,0,0,0,0,0,0,0,0,0,0,0,0,0,0,0
2537287886304,1.6400314,1791215123915382877,,0,0,0,0,0,0,0,0,0,0,0,0,0,0,0,0,0,0,0
2537307962944,1.660108,1791215123935382679,,0,0,0,0,0,0,0,0,0,0,0,0,0,0,0,0,0,0,0
2537327943520,1.6800886,1791215123955383090,,0,0,0,0,0,0,0,0,0,0,0,0,0,0,0,0,0,0,0
2537347934688,1.7000797,1791215123975383265,,0,0,0,0,0,0,0,0,0,0,0,0,0,0,0,0,0,0,0
2537367954144,1.7200992,1791215123995383791,,0,0,0,0,0,0,0,0,0,0,0,0,0,0,0,0,0,0,0
2537387913952,1.740059,1791215124015383518,,0,0,0,0,0,0,0,0,0,0,0,0,0,0,0,0,0,0,0
2537407897248,1.7600423,1791215124035382018,,0,0,0,0,0,0,0,0,0,0,0,0,0,0,0,0,0,0,0
2537427938912,1.780084,1791215124055382162,,0,0,0,0,0,0,0,0,0,0,0,0,0,0,0,0,0,0,0
2537447878496,1.8000236,1791215124075383172,,0,0,0,0,0,0,0,0,0,0,0,0,0,0,0,0,0,0,0
2537467962272,1.8201073,1791215124095383640,,0,0,0,0,0,0,0,0,0,0,0,0,0,0,0,0,0,0,0
2537487912480,1.8400575,1791215124115383138,,0,0,0,0,0,0,0,0,0,0,0,0,0,0,0,0,0,0,0
2537507877280,1.8600223,1791215124135383076,,0,0,0,0,0,0,0,0,0,0,0,0,0,0,0,0,0,0,0
2537527921152,1.8800662,1791215124155383043,,0,0,0,0,0,0,0,0,0,0,0,0,0,0,0,0,0,0,0
2537547886048,1.9000311,1791215124175383657,,0,0,0,0,0,0,0,0,0,0,0,0,0,0,0,0,0,0,0
2537567879200,1.9200243,1791215124195383040,,0,0,0,0,0,0,0,0,0,0,0,0,0,0,0,0,0,0,0
2537587920704,1.9400658,1791215124215383342,,0,0,0,0,0,0,0,0,0,0,0,0,0,0,0,0,0,0,0
2537607885664,1.9600307,1791215124235382637,,0,0,0,0,0,0,0,0,0,0,0,0,0,0,0,0,0,0,0
2537627866752,1.9800118,1791215124255383078,,0,0,0,0,0,0,0,0,0,0,0,0,0,0,0,0,0,0,0
2537647773664,1.9999187,1791215124275382943,,0,0,0,0,0,0,0,0,0,0,0,0,0,0,0,0,0,0,0
2537667915680,2.0200607,1791215124295381915,,0,0,0,0,0,0,0,0,0,0,0,0,0,0,0,0,0,0,0
2537687869696,2.0400148,1791215124315382849,,0,0,0,0,0,0,0,0,0,0,0,0,0,0,0,0,0,0,0
2537707912576,2.0600576,1791215124335383007,,0,0,0,0,0,0,0,0,0,0,0,0,0,0,0,0,0,0,0
2537727879520,2.0800246,1791215124355382574,,0,0,0,0,0,0,0,0,0,0,0,0,0,0,0,0,0,0,0
2537747869696,2.1000148,1791215124375382269,,0,0,0,0,0,0,0,0,0,0,0,0,0,0,0,0,0,0,0
2537767908576,2.1200536,1791215124395383960,,0,0,0,0,0,0,0,0,0,0,0,0,0,0,0,0,0,0,0
2537787884672,2.1400297,1791215124415382670,,0,0,0,0,0,0,0,0,0,0,0,0,0,0,0,0,0,0,0
2537807932064,2.1600771,1791215124435382801,,0,0,0,0,0,0,0,0,0,0,0,0,0,0,0,0,0,0,0
2537828159040,2.1803041,1791215124455383288,,0,0,0,0,0,0,0,0,0,0,0,0,0,0,0,0,0,0,0
2537847745280,2.1998903,1791215124475383029,,0,0,0,0,0,0,0,0,0,0,0,0,0,0,0,0,0,0,0
2537867866496,2.2200116,1791215124495381945,,0,0,0,0,0,0,0,0,0,0,0,0,0,0,0,0,0,0,0
2537887896192,2.2400412,1791215124515383142,,0,0,0,0,0,0,0,0,0,0,0,0,0,0,0,0,0,0,0
2537907912992,2.260058,1791215124535382954,,0,0,0,0,0,0,0,0,0,0,0,0,0,0,0,0,0,0,0
2537927864352,2.2800094,1791215124555383141,,0,0,0,0,0,0,0,0,0,0,0,0,0,0,0,0,0,0,0
2537947863232,2.3000083,1791215124575382949,,0,0,0,0,0,0,0,0,0,0,0,0,0,0,0,0,0,0,0
2537967860704,2.3200058,1791215124595381892,,0,0,0,0,0,0,0,0,0,0,0,0,0,0,0,0,0,0,0
2537987897824,2.3400429,1791215124615382956,,0,0,0,0,0,0,0,0,0,0,0,0,0,0,0,0,0,0,0
2538007871104,2.3600162,1791215124635383074,,0,0,0,0,0,0,0,0,0,0,0,0,0,0,0,0,0,0,0
2538027866368,2.3800114,1791215124655381726,,0,0,0,0,0,0,0,0,0,0,0,0,0,0,0,0,0,0,0
2538047758528,2.3999036,1791215124675383547,,0,0,0,0,0,0,0,0,0,0,0,0,0,0,0,0,0,0,0
2538067897248,2.4200423,1791215124695384203,,0,0,0,0,0,0,0,0,0,0,0,0,0,0,0,0,0,0,0
2538087856480,2.4400015,1791215124715383106,,0,0,0,0,0,0,0,0,0,0,0,0,0,0,0,0,0,0,0
2538107878336,2.4600234,1791215124735383621,,0,0,0,0,0,0,0,0,0,0,0,0,0,0,0,0,0,0,0
2538127867680,2.4800127,1791215124755383205,,0,0,0,0,0,0,0,0,0,0,0,0,0,0,0,0,0,0,0
2538147848448,2.4999935,1791215124775383379,,0,0,0,0,0,0,0,0,0,0,0,0,0,0,0,0,0,0,0
2538167884512,2.5200296,1791215124795383039,,0,0,0,0,0,0,0,0,0,0,0,0,0,0,0,0,0,0,0
2538187905088,2.5400501,1791215124815387514,,0,0,0,0,0,0,0,0,0,0,0,0,0,0,0,0,0,0,0
2538207847808,2.5599929,1791215124835383241,,0,0,0,0,0,0,0,0,0,0,0,0,0,0,0,0,0,0,0
2538227870240,2.5800153,1791215124855384703,,0,0,0,0,0,0,0,0,0,0,0,0,0,0,0,0,0,0,0
2538247866016,2.6000111,1791215124875398028,,0,0,0,0,0,0,0,0,0,0,0,0,0,0,0,0,0,0,0
2538267891168,2.6200362,1791215124895382656,,0,0,0,0,0,0,0,0,0,0,0,0,0,0,0,0,0,0,0
2538287858080,2.6400031,1791215124915383391,,0,0,0,0,0,0,0,0,0,0,0,0,0,0,0,0,0,0,0
2538307855840,2.6600009,1791215124935382764,,0,0,0,0,0,0,0,0,0,0,0,0,0,0,0,0,0,0,0
2538327878144,2.6800232,1791215124955383578,,0,0,0,0,0,0,0,0,0,0,0,0,0,0,0,0,0,0,0
2538347877664,2.7000227,1791215124975382958,,0,0,0,0,0,0,0,0,0,0,0,0,0,0,0,0,0,0,0
2538367842816,2.7199879,1791215124995383176,,0,0,0,0,0,0,0,0,0,0,0,0,0,0,0,0,0,0,0
2538387891648,2.7400367,1791215125015383080,,0,0,0,0,0,0,0,0,0,0,0,0,0,0,0,0,0,0,0
2538407882624,2.7600277,1791215125035382764,,0,0,0,0,0,0,0,0,0,0,0,0,0,0,0,0,0,0,0
2538427879840,2.7800249,1791215125055382592,,0,0,0,0,0,0,0,0,0,0,0,0,0,0,0,0,0,0,0
2538447767712,2.7999128,1791215125075382818,,0,0,0,0,0,0,0,0,0,0,0,0,0,0,0,0,0,0,0
2538467860704,2.8200058,1791215125095381824,,0,0,0,0,0,0,0,0,0,0,0,0,0,0,0,0,0,0,0
2538487857344,2.8400024,1791215125115382848,,0,0,0,0,0,0,0,0,0,0,0,0,0,0,0,0,0,0,0
2538507895904,2.860041,1791215125135382885,,0,0,0,0,0,0,0,0,0,0,0,0,0,0,0,0,0,0,0
2538527824928,2.87997,1791215125155382822,,0,0,0,0,0,0,0,0,0,0,0,0,0,0,0,0,0,0,0
2538547890112,2.9000352,1791215125175382858,,0,0,0,0,0,0,0,0,0,0,0,0,0,0,0,0,0,0,0
2538567895168,2.9200402,1791215125195382496,,0,0,0,0,0,0,0,0,0,0,0,0,0,0,0,0,0,0,0
2538587888608,2.9400337,1791215125215382742,,0,0,0,0,0,0,0,0,0,0,0,0,0,0,0,0,0,0,0
2538607821312,2.9599664,1791215125235382473,,0,0,0,0,0,0,0,0,0,0,0,0,0,0,0,0,0,0,0
2538627933536,2.9800786,1791215125255383277,,0,0,0,0,0,0,0,0,0,0,0,0,0,0,0,0,0,0,0
2538647713184,2.9998582,1791215125275383214,,0,0,0,0,0,0,0,0,0,0,0,0,0,0,0,0,0,0,0
2538667874624,3.0200197,1791215125295383411,,0,0,0,0,0,0,0,0,0,0,0,0,0,0,0,0,0,0,0
2538687842592,3.0399876,1791215125315382698,,0,0,0,0,0,0,0,0,0,0,0,0,0,0,0,0,0,0,0
2538707825984,3.059971,1791215125335382849,,0,0,0,0,0,0,0,0,0,0,0,0,0,0,0,0,0,0,0
2538727819360,3.0799644,1791215125355382794,,0,0,0,0,0,0,0,0,0,0,0,0,0,0,0,0,0,0,0
2538747836224,3.0999813,1791215125375382762,,0,0,0,0,0,0,0,0,0,0,0,0,0,0,0,0,0,0,0
2538767840576,3.1199856,1791215125395383269,,0,0,0,0,0,0,0,0,0,0,0,0,0,0,0,0,0,0,0
2538787854816,3.1399999,1791215125415383186,,0,0,0,0,0,0,0,0,0,0,0,0,0,0,0,0,0,0,0
2538807832896,3.159978,1791215125435382748,,0,0,0,0,0,0,0,0,0,0,0,0,0,0,0,0,0,0,0
2538827827456,3.1799725,1791215125455397128,,0,0,0,0,0,0,0,0,0,0,0,0,0,0,0,0,0,0,0
2538847688224,3.1998333,1791215125475383188,,0,0,0,0,0,0,0,0,0,0,0,0,0,0,0,0,0,0,0
2538867849504,3.2199946,1791215125495383475,,0,0,0,0,0,0,0,0,0,0,0,0,0,0,0,0,0,0,0
2538887812256,3.2399573,1791215125515383104,,0,0,0,0,0,0,0,0,0,0,0,0,0,0,0,0,0,0,0
2538907901088,3.2600461,1791215125535382981,,0,0,0,0,0,0,0,0,0,0,0,0,0,0,0,0,0,0,0
2538927839616,3.2799847,1791215125555383367,,0,0,0,0,0,0,0,0,0,0,0,0,0,0,0,0,0,0,0
2538947810592,3.2999556,1791215125575383027,,0,0,0,0,0,0,0,0,0,0,0,0,0,0,0,0,0,0,0
2538967839968,3.319985,1791215125595382793,,0,0,0,0,0,0,0,0,0,0,0,0,0,0,0,0,0,0,0
2538987858784,3.3400038,1791215125615382797,,0,0,0,0,0,0,0,0,0,0,0,0,0,0,0,0,0,0,0
2539007851072,3.3599961,1791215125635390087,,0,0,0,0,0,0,0,0,0,0,0,0,0,0,0,0,0,0,0
2539027834176,3.3799792,1791215125655382396,,0,0,0,0,0,0,0,0,0,0,0,0,0,0,0,0,0,0,0
2539047701920,3.399847,1791215125675383225,,0,0,0,0,0,0,0,0,0,0,0,0,0,0,0,0,0,0,0
2539067822272,3.4199673,1791215125695381868,,0,0,0,0,0,0,0,0,0,0,0,0,0,0,0,0,0,0,0
2539087875360,3.4400204,1791215125715383088,,0,0,0,0,0,0,0,0,0,0,0,0,0,0,0,0,0,0,0
2539107815488,3.4599605,1791215125735383121,,0,0,0,0,0,0,0,0,0,0,0,0,0,0,0,0,0,0,0
2539127798528,3.4799436,1791215125755383258,,0,0,0,0,0,0,0,0,0,0,0,0,0,0,0,0,0,0,0
2539147849728,3.4999948,1791215125775383366,,0,0,0,0,0,0,0,0,0,0,0,0,0,0,0,0,0,0,0
2539167830848,3.5199759,1791215125795383089,,0,0,0,0,0,0,0,0,0,0,0,0,0,0,0,0,0,0,0
2539187798528,3.5399436,1791215125815383142,,0,0,0,0,0,0,0,0,0,0,0,0,0,0,0,0,0,0,0
2539207824320,3.5599694,1791215125835383122,,0,0,0,0,0,0,0,0,0,0,0,0,0,0,0,0,0,0,0
2539227804000,3.5799491,1791215125855382861,,0,0,0,0,0,0,0,0,0,0,0,0,0,0,0,0,0,0,0
2539247732448,3.5998775,1791215125875382782,,0,0,0,0,0,0,0,0,0,0,0,0,0,0,0,0,0,0,0
2539267824544,3.6199696,1791215125895383132,,0,0,0,0,0,0,0,0,0,0,0,0,0,0,0,0,0,0,0
2539287808288,3.6399533,1791215125915382458,,0,0,0,0,0,0,0,0,0,0,0,0,0,0,0,0,0,0,0
2539307837088,3.6599821,1791215125935383141,,0,0,0,0,0,0,0,0,0,0,0,0,0,0,0,0,0,0,0
2539327806944,3.679952,1791215125955383132,,0,0,0,0,0,0,0,0,0,0,0,0,0,0,0,0,0,0,0
2539347791392,3.6999364,1791215125975382696,,0,0,0,0,0,0,0,0,0,0,0,0,0,0,0,0,0,0,0
2539367787872,3.7199329,1791215125995381653,,0,0,0,0,0,0,0,0,0,0,0,0,0,0,0,0,0,0,0
2539387783104,3.7399282,1791215126015383471,,0,0,0,0,0,0,0,0,0,0,0,0,0,0,0,0,0,0,0
2539407817472,3.7599625,1791215126035383015,,0,0,0,0,0,0,0,0,0,0,0,0,0,0,0,0,0,0,0
2539427819936,3.779965,1791215126055382917,,0,0,0,0,0,0,0,0,0,0,0,0,0,0,0,0,0,0,0
2539447669696,3.7998148,1791215126075383350,,0,0,0,0,0,0,0,0,0,0,0,0,0,0,0,0,0,0,0
2539467780224,3.8199253,1791215126095383764,,0,0,0,0,0,0,0,0,0,0,0,0,0,0,0,0,0,0,0
2539487827808,3.8399729,1791215126115382970,,0,0,0,0,0,0,0,0,0,0,0,0,0,0,0,0,0,0,0
2539507808288,3.8599533,1791215126135382517,,0,0,0,0,0,0,0,0,0,0,0,0,0,0,0,0,0,0,0
2539527763040,3.8799081,1791215126155382997,,0,0,0,0,0,0,0,0,0,0,0,0,0,0,0,0,0,0,0
2539547816192,3.8999612,1791215126175383388,,0,0,0,0,0,0,0,0,0,0,0,0,0,0,0,0,0,0,0
2539567801024,3.9199461,1791215126195382735,,0,0,0,0,0,0,0,0,0,0,0,0,0,0,0,0,0,0,0
2539587783712,3.9399288,1791215126215383222,,0,0,0,0,0,0,0,0,0,0,0,0,0,0,0,0,0,0,0
2539607791296,3.9599364,1791215126235382927,,0,0,0,0,0,0,0,0,0,0,0,0,0,0,0,0,0,0,0
2539627780064,3.9799251,1791215126255383131,,0,0,0,0,0,0,0,0,0,0,0,0,0,0,0,0,0,0,0
2539647641280,3.9997863,1791215126275383516,,0,0,0,0,0,0,0,0,0,0,0,0,0,0,0,0,0,0,0
2539667799904,4.019945,1791215126295383074,,0,0,0,0,0,0,0,0,0,0,0,0,0,0,0,0,0,0,0
2539687798496,4.0399436,1791215126315382787,,0,0,0,0,0,0,0,0,0,0,0,0,0,0,0,0,0,0,0
2539707785472,4.0599305,1791215126335383734,,0,0,0,0,0,0,0,0,0,0,0,0,0,0,0,0,0,0,0
2539727811584,4.0799566,1791215126355383125,,0,0,0,0,0,0,0,0,0,0,0,0,0,0,0,0,0,0,0
2539747782400,4.0999275,1791215126375382813,,0,0,0,0,0,0,0,0,0,0,0,0,0,0,0,0,0,0,0
2539767784512,4.1199296,1791215126395382558,,0,0,0,0,0,0,0,0,0,0,0,0,0,0,0,0,0,0,0
2539787812064,4.1399571,1791215126415383179,,0,0,0,0,0,0,0,0,0,0,0,0,0,0,0,0,0,0,0
2539807806752,4.1599518,1791215126435382967,,0,0,0,0,0,0,0,0,0,0,0,0,0,0,0,0,0,0,0
2539827835008,4.1799801,1791215126455383298,,0,0,0,0,0,0,0,0,0,0,0,0,0,0,0,0,0,0,0
2539847649408,4.1997945,1791215126475382918,,0,0,0,0,0,0,0,0,0,0,0,0,0,0,0,0,0,0,0
2539867815456,4.2199605,1791215126495382711,,0,0,0,0,0,0,0,0,0,0,0,0,0,0,0,0,0,0,0
2539887807232,4.2399523,1791215126515383261,,0,0,0,0,0,0,0,0,0,0,0,0,0,0,0,0,0,0,0
2539907787072,4.2599321,1791215126535383101,,0,0,0,0,0,0,0,0,0,0,0,0,0,0,0,0,0,0,0
2539927767264,4.2799123,1791215126555383374,,0,0,0,0,0,0,0,0,0,0,0,0,0,0,0,0,0,0,0
2539947800896,4.299946,1791215126575382960,,0,0,0,0,0,0,0,0,0,0,0,0,0,0,0,0,0,0,0
2539967805536,4.3199506,1791215126595381877,,0,0,0,0,0,0,0,0,0,0,0,0,0,0,0,0,0,0,0
2539987811488,4.3399565,1791215126615382911,,0,0,0,0,0,0,0,0,0,0,0,0,0,0,0,0,0,0,0
2540007798080,4.3599431,1791215126635382971,,0,0,0,0,0,0,0,0,0,0,0,0,0,0,0,0,0,0,0
2540027758560,4.3799036,1791215126655382314,,0,0,0,0,0,0,0,0,0,0,0,0,0,0,0,0,0,0,0
2540047726656,4.3998717,1791215126675382378,,0,0,0,0,0,0,0,0,0,0,0,0,0,0,0,0,0,0,0
2540067802400,4.4199475,1791215126695382054,,0,0,0,0,0,0,0,0,0,0,0,0,0,0,0,0,0,0,0
2540087809472,4.4399545,1791215126715382823,,0,0,0,0,0,0,0,0,0,0,0,0,0,0,0,0,0,0,0
2540107758656,4.4599037,1791215126735382231,,0,0,0,0,0,0,0,0,0,0,0,0,0,0,0,0,0,0,0
2540127768032,4.4799131,1791215126755393239,,0,0,0,0,0,0,0,0,0,0,0,0,0,0,0,0,0,0,0
2540147769952,4.499915,1791215126775382389,,0,0,0,0,0,0,0,0,0,0,0,0,0,0,0,0,0,0,0
2540167766880,4.5199119,1791215126795381893,,0,0,0,0,0,0,0,0,0,0,0,0,0,0,0,0,0,0,0
2540187791232,4.5399363,1791215126815384440,,0,0,0,0,0,0,0,0,0,0,0,0,0,0,0,0,0,0,0
2540207770368,4.5599154,1791215126835382601,,0,0,0,0,0,0,0,0,0,0,0,0,0,0,0,0,0,0,0
2540227758784,4.5799038,1791215126855383844,,0,0,0,0,0,0,0,0,0,0,0,0,0,0,0,0,0,0,0
2540247628704,4.5997738,1791215126875382993,,0,0,0,0,0,0,0,0,0,0,0,0,0,0,0,0,0,0,0
2540267789920,4.619935,1791215126895382883,,0,0,0,0,0,0,0,0,0,0,0,0,0,0,0,0,0,0,0
2540287750528,4.6398956,1791215126915382529,,0,0,0,0,0,0,0,0,0,0,0,0,0,0,0,0,0,0,0
2540307768384,4.6599134,1791215126935382932,,0,0,0,0,0,0,0,0,0,0,0,0,0,0,0,0,0,0,0
2540327755776,4.6799008,1791215126955382573,,0,0,0,0,0,0,0,0,0,0,0,0,0,0,0,0,0,0,0
2540347803968,4.699949,1791215126975382935,,0,0,0,0,0,0,0,0,0,0,0,0,0,0,0,0,0,0,0
2540367764896,4.71991,1791215126995382485,,0,0,0,0,0,0,0,0,0,0,0,0,0,0,0,0,0,0,0
2540387740928,4.739886,1791215127015383200,,0,0,0,0,0,0,0,0,0,0,0,0,0,0,0,0,0,0,0
2540407809024,4.7599541,1791215127035382567,,0,0,0,0,0,0,0,0,0,0,0,0,0,0,0,0,0,0,0
2540427780256,4.7799253,1791215127055383333,,0,0,0,0,0,0,0,0,0,0,0,0,0,0,0,0,0,0,0
2540447633344,4.7997784,1791215127075381987,,0,0,0,0,0,0,0,0,0,0,0,0,0,0,0,0,0,0,0
2540467798336,4.8199434,1791215127095382551,,0,0,0,0,0,0,0,0,0,0,0,0,0,0,0,0,0,0,0
2540487812608,4.8399577,1791215127115381920,,0,0,0,0,0,0,0,0,0,0,0,0,0,0,0,0,0,0,0
2540507797600,4.8599427,1791215127135382909,,0,0,0,0,0,0,0,0,0,0,0,0,0,0,0,0,0,0,0
2540527782976,4.879928,1791215127155383014,,0,0,0,0,0,0,0,0,0,0,0,0,0,0,0,0,0,0,0
2540547748192,4.8998932,1791215127175382694,,0,0,0,0,0,0,0,0,0,0,0,0,0,0,0,0,0,0,0
2540567755520,4.9199006,1791215127195382952,,0,0,0,0,0,0,0,0,0,0,0,0,0,0,0,0,0,0,0
2540587799360,4.9399444,1791215127215382412,,0,0,0,0,0,0,0,0,0,0,0,0,0,0,0,0,0,0,0
2540607759488,4.9599045,1791215127235382092,,0,0,0,0,0,0,0,0,0,0,0,0,0,0,0,0,0,0,0
2540627728320,4.9798734,1791215127255382135,,0,0,0,0,0,0,0,0,0,0,0,0,0,0,0,0,0,0,0
2540647781536,4.9999266,1791215127275383100,,0,0,0,0,0,0,0,0,0,0,0,0,0,0,0,0,0,0,0
2540667746464,5.0198915,1791215127295383099,,0,0,0,0,0,0,0,0,0,0,0,0,0,0,0,0,0,0,0
2540687712928,5.039858,1791215127315382200,,0,0,0,0,0,0,0,0,0,0,0,0,0,0,0,0,0,0,0
2540707759072,5.0599041,1791215127335382997,,0,0,0,0,0,0,0,0,0,0,0,0,0,0,0,0,0,0,0
2540727773024,5.0799181,1791215127355381970,,0,0,0,0,0,0,0,0,0,0,0,0,0,0,0,0,0,0,0
2540747753216,5.0998983,1791215127375383528,,0,0,0,0,0,0,0,0,0,0,0,0,0,0,0,0,0,0,0
2540767765120,5.1199102,1791215127395382981,,0,0,0,0,0,0,0,0,0,0,0,0,0,0,0,0,0,0,0
2540787764928,5.13991,1791215127415382509,,0,0,0,0,0,0,0,0,0,0,0,0,0,0,0,0,0,0,0
2540807693536,5.1598386,1791215127435383143,,0,0,0,0,0,0,0,0,0,0,0,0,0,0,0,0,0,0,0
2540827744128,5.1798892,1791215127455382735,,0,0,0,0,0,0,0,0,0,0,0,0,0,0,0,0,0,0,0
2540847584640,5.1997297,1791215127475382578,,0,0,0,0,0,0,0,0,0,0,0,0,0,0,0,0,0,0,0
2540867766560,5.2199116,1791215127495383073,,0,0,0,0,0,0,0,0,0,0,0,0,0,0,0,0,0,0,0
2540887749280,5.2398943,1791215127515382300,,0,0,0,0,0,0,0,0,0,0,0,0,0,0,0,0,0,0,0
2540907763904,5.259909,1791215127535381752,,0,0,0,0,0,0,0,0,0,0,0,0,0,0,0,0,0,0,0
2540927729472,5.2798745,1791215127555382348,,0,0,0,0,0,0,0,0,0,0,0,0,0,0,0,0,0,0,0
2540947697024,5.2998421,1791215127575381949,,0,0,0,0,0,0,0,0,0,0,0,0,0,0,0,0,0,0,0
2540967696736,5.3198418,1791215127595382855,,0,0,0,0,0,0,0,0,0,0,0,0,0,0,0,0,0,0,0
2540987732064,5.3398771,1791215127615382140,,0,0,0,0,0,0,0,0,0,0,0,0,0,0,0,0,0,0,0
2541007728992,5.359874,1791215127635382716,,0,0,0,0,0,0,0,0,0,0,0,0,0,0,0,0,0,0,0
2541027709120,5.3798542,1791215127655382821,,0,0,0,0,0,0,0,0,0,0,0,0,0,0,0,0,0,0,0
2541047589408,5.3997345,1791215127675382461,,0,0,0,0,0,0,0,0,0,0,0,0,0,0,0,0,0,0,0
2541067724736,5.4198698,1791215127695382731,,0,0,0,0,0,0,0,0,0,0,0,0,0,0,0,0,0,0,0
2541087706176,5.4398512,1791215127715381953,,0,0,0,0,0,0,0,0,0,0,0,0,0,0,0,0,0,0,0
2541107728192,5.4598732,1791215127735382631,,0,0,0,0,0,0,0,0,0,0,0,0,0,0,0,0,0,0,0
2541127702912,5.479848,1791215127755381932,,0,0,0,0,0,0,0,0,0,0,0,0,0,0,0,0,0,0,0
2541147668576,5.4998136,1791215127775382008,,0,0,0,0,0,0,0,0,0,0,0,0,0,0,0,0,0,0,0
2541167724768,5.5198698,1791215127795382772,,0,0,0,0,0,0,0,0,0,0,0,0,0,0,0,0,0,0,0
2541187726816,5.5398719,1791215127815382836,,0,0,0,0,0,0,0,0,0,0,0,0,0,0,0,0,0,0,0
2541207743424,5.5598885,1791215127835382011,,0,0,0,0,0,0,0,0,0,0,0,0,0,0,0,0,0,0,0
2541227694240,5.5798393,1791215127855382514,,0,0,0,0,0,0,0,0,0,0,0,0,0,0,0,0,0,0,0
2541247608288,5.5997533,1791215127875382291,,0,0,0,0,0,0,0,0,0,0,0,0,0,0,0,0,0,0,0
2541267725280,5.6198703,1791215127895382822,,0,0,0,0,0,0,0,0,0,0,0,0,0,0,0,0,0,0,0
2541287705920,5.639851,1791215127915382229,,0,0,0,0,0,0,0,0,0,0,0,0,0,0,0,0,0,0,0
2541307751232,5.6598963,1791215127935381750,,0,0,0,0,0,0,0,0,0,0,0,0,0,0,0,0,0,0,0
2541327715296,5.6798604,1791215127955382153,,0,0,0,0,0,0,0,0,0,0,0,0,0,0,0,0,0,0,0
2541347720448,5.6998655,1791215127975382523,,0,0,0,0,0,0,0,0,0,0,0,0,0,0,0,0,0,0,0
2541367704224,5.7198493,1791215127995382866,,0,0,0,0,0,0,0,0,0,0,0,0,0,0,0,0,0,0,0
2541387750144,5.7398952,1791215128015382131,,0,0,0,0,0,0,0,0,0,0,0,0,0,0,0,0,0,0,0
2541407706112,5.7598512,1791215128035382351,,0,0,0,0,0,0,0,0,0,0,0,0,0,0,0,0,0,0,0
2541427726816,5.7798719,1791215128055382337,,0,0,0,0,0,0,0,0,0,0,0,0,0,0,0,0,0,0,0
2541447611808,5.7997569,1791215128075382881,,0,0,0,0,0,0,0,0,0,0,0,0,0,0,0,0,0,0,0
2541467716384,5.8198614,1791215128095382962,,0,0,0,0,0,0,0,0,0,0,0,0,0,0,0,0,0,0,0
2541487724064,5.8398691,1791215128115383255,,0,0,0,0,0,0,0,0,0,0,0,0,0,0,0,0,0,0,0
2541507704800,5.8598499,1791215128135381577,,0,0,0,0,0,0,0,0,0,0,0,0,0,0,0,0,0,0,0
2541527685504,5.8798306,1791215128155382205,,0,0,0,0,0,0,0,0,0,0,0,0,0,0,0,0,0,0,0
2541547693088,5.8998381,1791215128175382462,,0,0,0,0,0,0,0,0,0,0,0,0,0,0,0,0,0,0,0
2541567714656,5.9198597,1791215128195382518,,0,0,0,0,0,0,0,0,0,0,0,0,0,0,0,0,0,0,0
2541587694688,5.9398397,1791215128215382270,,0,0,0,0,0,0,0,0,0,0,0,0,0,0,0,0,0,0,0
2541607692992,5.959838,1791215128235382908,,0,0,0,0,0,0,0,0,0,0,0,0,0,0,0,0,0,0,0
2541627691200,5.9798363,1791215128255382756,,0,0,0,0,0,0,0,0,0,0,0,0,0,0,0,0,0,0,0
2541647585632,5.9997307,1791215128275381965,,0,0,0,0,0,0,0,0,0,0,0,0,0,0,0,0,0,0,0
2541667700832,6.0198459,1791215128295383126,,0,0,0,0,0,0,0,0,0,0,0,0,0,0,0,0,0,0,0
2541687696896,6.039842,1791215128315382297,,0,0,0,0,0,0,0,0,0,0,0,0,0,0,0,0,0,0,0
2541707728256,6.0598733,1791215128335382309,,0,0,0,0,0,0,0,0,0,0,0,0,0,0,0,0,0,0,0
2541727693024,6.0798381,1791215128355382005,,0,0,0,0,0,0,0,0,0,0,0,0,0,0,0,0,0,0,0
2541747702400,6.0998475,1791215128375382597,,0,0,0,0,0,0,0,0,0,0,0,0,0,0,0,0,0,0,0
2541767677664,6.1198227,1791215128395382719,,0,0,0,0,0,0,0,0,0,0,0,0,0,0,0,0,0,0,0
2541787694816,6.1398399,1791215128415382301,,0,0,0,0,0,0,0,0,0,0,0,0,0,0,0,0,0,0,0
2541807683200,6.1598283,1791215128435382731,,0,0,0,0,0,0,0,0,0,0,0,0,0,0,0,0,0,0,0
2541827697600,6.1798427,1791215128455382034,,0,0,0,0,0,0,0,0,0,0,0,0,0,0,0,0,0,0,0
2541847590528,6.1997356,1791215128475383066,,0,0,0,0,0,0,0,0,0,0,0,0,0,0,0,0,0,0,0
2541867678816,6.2198239,1791215128495382890,,0,0,0,0,0,0,0,0,0,0,0,0,0,0,0,0,0,0,0
2541887693280,6.2398383,1791215128515382873,,0,0,0,0,0,0,0,0,0,0,0,0,0,0,0,0,0,0,0
2541907689600,6.2598347,1791215128535382652,,0,0,0,0,0,0,0,0,0,0,0,0,0,0,0,0,0,0,0
2541927666880,6.2798119,1791215128555383186,,0,0,0,0,0,0,0,0,0,0,0,0,0,0,0,0,0,0,0
2541947669280,6.2998143,1791215128575382152,,0,0,0,0,0,0,0,0,0,0,0,0,0,0,0,0,0,0,0
2541967693632,6.3198387,1791215128595382539,,0,0,0,0,0,0,0,0,0,0,0,0,0,0,0,0,0,0,0
2541987671168,6.3398162,1791215128615382426,,0,0,0,0,0,0,0,0,0,0,0,0,0,0,0,0,0,0,0
2542007670240,6.3598153,1791215128635382704,,0,0,0,0,0,0,0,0,0,0,0,0,0,0,0,0,0,0,0
2542027688384,6.3798334,1791215128655382351,,0,0,0,0,0,0,0,0,0,0,0,0,0,0,0,0,0,0,0
2542047554976,6.3997,1791215128675382575,,0,0,0,0,0,0,0,0,0,0,0,0,0,0,0,0,0,0,0
2542067666496,6.4198116,1791215128695382745,,0,0,0,0,0,0,0,0,0,0,0,0,0,0,0,0,0,0,0
2542087679872,6.4398249,1791215128715382400,,0,0,0,0,0,0,0,0,0,0,0,0,0,0,0,0,0,0,0
2542107674144,6.4598192,1791215128735382440,,0,0,0,0,0,0,0,0,0,0,0,0,0,0,0,0,0,0,0
2542127651456,6.4797965,1791215128755383126,,0,0,0,0,0,0,0,0,0,0,0,0,0,0,0,0,0,0,0
2542147672384,6.4998174,1791215128775383212,,0,0,0,0,0,0,0,0,0,0,0,0,0,0,0,0,0,0,0
2542167768000,6.5199131,1791215128795382508,,0,0,0,0,0,0,0,0,0,0,0,0,0,0,0,0,0,0,0
2542187652608,6.5397977,1791215128815382683,,0,0,0,0,0,0,0,0,0,0,0,0,0,0,0,0,0,0,0
2542207667968,6.559813,1791215128835382612,,0,0,0,0,0,0,0,0,0,0,0,0,0,0,0,0,0,0,0
2542227697600,6.5798427,1791215128855382630,,0,0,0,0,0,0,0,0,0,0,0,0,0,0,0,0,0,0,0
2542247527488,6.5996725,1791215128875383431,,0,0,0,0,0,0,0,0,0,0,0,0,0,0,0,0,0,0,0
2542267666592,6.6198116,1791215128895382520,,0,0,0,0,0,0,0,0,0,0,0,0,0,0,0,0,0,0,0
2542287654016,6.6397991,1791215128915382909,,0,0,0,0,0,0,0,0,0,0,0,0,0,0,0,0,0,0,0
2542307709056,6.6598541,1791215128935382453,,0,0,0,0,0,0,0,0,0,0,0,0,0,0,0,0,0,0,0
2542327664480,6.6798095,1791215128955382470,,0,0,0,0,0,0,0,0,0,0,0,0,0,0,0,0,0,0,0
2542347660000,6.6998051,1791215128975383364,,0,0,0,0,0,0,0,0,0,0,0,0,0,0,0,0,0,0,0
2542367695648,6.7198407,1791215128995382473,,0,0,0,0,0,0,0,0,0,0,0,0,0,0,0,0,0,0,0
2542387655328,6.7398004,1791215129015382553,,0,0,0,0,0,0,0,0,0,0,0,0,0,0,0,0,0,0,0
2542407671552,6.7598166,1791215129035382708,,0,0,0,0,0,0,0,0,0,0,0,0,0,0,0,0,0,0,0
2542427652960,6.779798,1791215129055383078,,0,0,0,0,0,0,0,0,0,0,0,0,0,0,0,0,0,0,0
2542447508896,6.799654,1791215129075382422,,0,0,0,0,0,0,0,0,0,0,0,0,0,0,0,0,0,0,0
2542467651488,6.8197965,1791215129095382581,,0,0,0,0,0,0,0,0,0,0,0,0,0,0,0,0,0,0,0
2542487669056,6.8398141,1791215129115383124,,0,0,0,0,0,0,0,0,0,0,0,0,0,0,0,0,0,0,0
2542507680960,6.859826,1791215129135382548,,0,0,0,0,0,0,0,0,0,0,0,0,0,0,0,0,0,0,0
2542527630752,6.8797758,1791215129155382464,,0,0,0,0,0,0,0,0,0,0,0,0,0,0,0,0,0,0,0
2542547679040,6.8998241,1791215129175382501,,0,0,0,0,0,0,0,0,0,0,0,0,0,0,0,0,0,0,0
2542567685472,6.9198305,1791215129195382570,,0,0,0,0,0,0,0,0,0,0,0,0,0,0,0,0,0,0,0
2542587625632,6.9397707,1791215129215382432,,0,0,0,0,0,0,0,0,0,0,0,0,0,0,0,0,0,0,0
2542607717088,6.9598621,1791215129235382473,,0,0,0,0,0,0,0,0,0,0,0,0,0,0,0,0,0,0,0
2542627646048,6.9797911,1791215129255382320,,0,0,0,0,0,0,0,0,0,0,0,0,0,0,0,0,0,0,0
2542647504480,6.9996495,1791215129275382591,,0,0,0,0,0,0,0,0,0,0,0,0,0,0,0,0,0,0,0
2542667728224,7.0198733,1791215129295382914,,0,0,0,0,0,0,0,0,0,0,0,0,0,0,0,0,0,0,0
2542687627968,7.039773,1791215129315382361,,0,0,0,0,0,0,0,0,0,0,0,0,0,0,0,0,0,0,0
2542707622144,7.0597672,1791215129335382841,,0,0,0,0,0,0,0,0,0,0,0,0,0,0,0,0,0,0,0
2542727658784,7.0798038,1791215129355382345,,0,0,0,0,0,0,0,0,0,0,0,0,0,0,0,0,0,0,0
2542747630368,7.0997754,1791215129375383175,,0,0,0,0,0,0,0,0,0,0,0,0,0,0,0,0,0,0,0
2542767662144,7.1198072,1791215129395382891,,0,0,0,0,0,0,0,0,0,0,0,0,0,0,0,0,0,0,0
2542787647808,7.1397929,1791215129415382853,,0,0,0,0,0,0,0,0,0,0,0,0,0,0,0,0,0,0,0
2542807633184,7.1597782,1791215129435396883,,0,0,0,0,0,0,0,0,0,0,0,0,0,0,0,0,0,0,0
2542827657472,7.1798025,1791215129455382698,,0,0,0,0,0,0,0,0,0,0,0,0,0,0,0,0,0,0,0
2542847487008,7.1996321,1791215129475382654,,0,0,0,0,0,0,0,0,0,0,0,0,0,0,0,0,0,0,0
2542867623232,7.2197683,1791215129495382683,,0,0,0,0,0,0,0,0,0,0,0,0,0,0,0,0,0,0,0
2542887652064,7.2397971,1791215129515382627,,0,0,0,0,0,0,0,0,0,0,0,0,0,0,0,0,0,0,0
2542907642336,7.2597874,1791215129535382438,,0,0,0,0,0,0,0,0,0,0,0,0,0,0,0,0,0,0,0
2542927609120,7.2797542,1791215129555382583,,0,0,0,0,0,0,0,0,0,0,0,0,0,0,0,0,0,0,0
2542947637696,7.2997828,1791215129575383180,,0,0,0,0,0,0,0,0,0,0,0,0,0,0,0,0,0,0,0
2542967627488,7.3197725,1791215129595382399,,0,0,0,0,0,0,0,0,0,0,0,0,0,0,0,0,0,0,0
2542987620576,7.3397656,1791215129615382722,,0,0,0,0,0,0,0,0,0,0,0,0,0,0,0,0,0,0,0
2543007669408,7.3598145,1791215129635382679,,0,0,0,0,0,0,0,0,0,0,0,0,0,0,0,0,0,0,0
2543027630336,7.3797754,1791215129655382688,,0,0,0,0,0,0,0,0,0,0,0,0,0,0,0,0,0,0,0
2543047497664,7.3996427,1791215129675382830,,0,0,0,0,0,0,0,0,0,0,0,0,0,0,0,0,0,0,0
2543067635264,7.4197803,1791215129695382570,,0,0,0,0,0,0,0,0,0,0,0,0,0,0,0,0,0,0,0
2543087612192,7.4397572,1791215129715382460,,0,0,0,0,0,0,0,0,0,0,0,0,0,0,0,0,0,0,0
2543107607872,7.4597529,1791215129735382499,,0,0,0,0,0,0,0,0,0,0,0,0,0,0,0,0,0,0,0
2543127613664,7.4797587,1791215129755382638,,0,0,0,0,0,0,0,0,0,0,0,0,0,0,0,0,0,0,0
2543147608128,7.4997532,1791215129775382393,,0,0,0,0,0,0,0,0,0,0,0,0,0,0,0,0,0,0,0
2543167619264,7.5197643,1791215129795382549,,0,0,0,0,0,0,0,0,0,0,0,0,0,0,0,0,0,0,0
2543187620064,7.5397651,1791215129815383012,,0,0,0,0,0,0,0,0,0,0,0,0,0,0,0,0,0,0,0
2543207621696,7.5597668,1791215129835382636,,0,0,0,0,0,0,0,0,0,0,0,0,0,0,0,0,0,0,0
2543227666752,7.5798118,1791215129855382847,,0,0,0,0,0,0,0,0,0,0,0,0,0,0,0,0,0,0,0
2543247613312,7.5997584,1791215129875382722,,0,0,0,0,0,0,0,0,0,0,0,0,0,0,0,0,0,0,0
2543267606592,7.6197516,1791215129895382430,,0,0,0,0,0,0,0,0,0,0,0,0,0,0,0,0,0,0,0
2543287620096,7.6397652,1791215129915383112,,0,0,0,0,0,0,0,0,0,0,0,0,0,0,0,0,0,0,0
2543307610656,7.6597557,1791215129935382426,,0,0,0,0,0,0,0,0,0,0,0,0,0,0,0,0,0,0,0
2543327577376,7.6797224,1791215129955382258,,0,0,0,0,0,0,0,0,0,0,0,0,0,0,0,0,0,0,0
2543347634112,7.6997792,1791215129975383701,,0,0,0,0,0,0,0,0,0,0,0,0,0,0,0,0,0,0,0
2543367641120,7.7197862,1791215129995382806,,0,0,0,0,0,0,0,0,0,0,0,0,0,0,0,0,0,0,0
2543387587936,7.739733,1791215130015383083,,0,0,0,0,0,0,0,0,0,0,0,0,0,0,0,0,0,0,0
2543407684672,7.7598297,1791215130035382645,,0,0,0,0,0,0,0,0,0,0,0,0,0,0,0,0,0,0,0
2543427576640,7.7797217,1791215130055396097,,0,0,0,0,0,0,0,0,0,0,0,0,0,0,0,0,0,0,0
2543447518304,7.7996634,1791215130075383091,,0,0,0,0,0,0,0,0,0,0,0,0,0,0,0,0,0,0,0
2543467630112,7.8197752,1791215130095382740,,0,0,0,0,0,0,0,0,0,0,0,0,0,0,0,0,0,0,0
2543487569536,7.8397146,1791215130115397039,,0,0,0,0,0,0,0,0,0,0,0,0,0,0,0,0,0,0,0
2543507647104,7.8597922,1791215130135382722,,0,0,0,0,0,0,0,0,0,0,0,0,0,0,0,0,0,0,0
2543527600096,7.8797452,1791215130155383299,,0,0,0,0,0,0,0,0,0,0,0,0,0,0,0,0,0,0,0
2543547592192,7.8997372,1791215130175383193,,0,0,0,0,0,0,0,0,0,0,0,0,0,0,0,0,0,0,0
2543567584480,7.9197295,1791215130195382989,,0,0,0,0,0,0,0,0,0,0,0,0,0,0,0,0,0,0,0
2543587598624,7.9397437,1791215130215382689,,0,0,0,0,0,0,0,0,0,0,0,0,0,0,0,0,0,0,0
2543607602272,7.9597473,1791215130235382905,,0,0,0,0,0,0,0,0,0,0,0,0,0,0,0,0,0,0,0
2543627573920,7.979719,1791215130255382463,,0,0,0,0,0,0,0,0,0,0,0,0,0,0,0,0,0,0,0
2543647607520,7.9997526,1791215130275382774,,0,0,0,0,0,0,0,0,0,0,0,0,0,0,0,0,0,0,0
2543667589312,8.0197344,1791215130295383479,,0,0,0,0,0,0,0,0,0,0,0,0,0,0,0,0,0,0,0
2543687610048,8.0397551,1791215130315386907,,0,0,0,0,0,0,0,0,0,0,0,0,0,0,0,0,0,0,0
2543707595744,8.0597408,1791215130335390010,,0,0,0,0,0,0,0,0,0,0,0,0,0,0,0,0,0,0,0
2543727575008,8.0797201,1791215130355384792,,0,0,0,0,0,0,0,0,0,0,0,0,0,0,0,0,0,0,0
2543747602560,8.0997476,1791215130375388204,,0,0,0,0,0,0,0,0,0,0,0,0,0,0,0,0,0,0,0
2543767617728,8.1197628,1791215130395389198,,0,0,0,0,0,0,0,0,0,0,0,0,0,0,0,0,0,0,0
2543787617920,8.139763,1791215130415390732,,0,0,0,0,0,0,0,0,0,0,0,0,0,0,0,0,0,0,0
2543807607776,8.1597528,1791215130435383098,,0,0,0,0,0,0,0,0,0,0,0,0,0,0,0,0,0,0,0
2543827586688,8.1797317,1791215130455382906,,0,0,0,0,0,0,0,0,0,0,0,0,0,0,0,0,0,0,0
2543847483584,8.1996286,1791215130475382945,,0,0,0,0,0,0,0,0,0,0,0,0,0,0,0,0,0,0,0
2543867616160,8.2197612,1791215130495382539,,0,0,0,0,0,0,0,0,0,0,0,0,0,0,0,0,0,0,0
2543887573280,8.2397183,1791215130515383032,,0,0,0,0,0,0,0,0,0,0,0,0,0,0,0,0,0,0,0
2543907564576,8.2597096,1791215130535382505,,0,0,0,0,0,0,0,0,0,0,0,0,0,0,0,0,0,0,0
2543927588704,8.2797338,1791215130555383188,,0,0,0,0,0,0,0,0,0,0,0,0,0,0,0,0,0,0,0
2543947573568,8.2997186,1791215130575382861,,0,0,0,0,0,0,0,0,0,0,0,0,0,0,0,0,0,0,0
2543967579776,8.3197248,1791215130595382470,,0,0,0,0,0,0,0,0,0,0,0,0,0,0,0,0,0,0,0
2543987596768,8.3397418,1791215130615382379,,0,0,0,0,0,0,0,0,0,0,0,0,0,0,0,0,0,0,0
2544007591904,8.359737,1791215130635382829,,0,0,0,0,0,0,0,0,0,0,0,0,0,0,0,0,0,0,0
2544027569632,8.3797147,1791215130655383015,,0,0,0,0,0,0,0,0,0,0,0,0,0,0,0,0,0,0,0
2544047467264,8.3996123,1791215130675383029,,0,0,0,0,0,0,0,0,0,0,0,0,0,0,0,0,0,0,0
2544067578496,8.4197236,1791215130695382856,,0,0,0,0,0,0,0,0,0,0,0,0,0,0,0,0,0,0,0
2544087575648,8.4397207,1791215130715382491,,0,0,0,0,0,0,0,0,0,0,0,0,0,0,0,0,0,0,0
2544107609824,8.4597549,1791215130735382682,,0,0,0,0,0,0,0,0,0,0,0,0,0,0,0,0,0,0,0
2544127570464,8.4797155,1791215130755382963,,0,0,0,0,0,0,0,0,0,0,0,0,0,0,0,0,0,0,0
2544147570464,8.4997155,1791215130775382883,,0,0,0,0,0,0,0,0,0,0,0,0,0,0,0,0,0,0,0
2544167631360,8.5197764,1791215130795382807,,0,0,0,0,0,0,0,0,0,0,0,0,0,0,0,0,0,0,0
2544187567680,8.5397127,1791215130815384731,,0,0,0,0,0,0,0,0,0,0,0,0,0,0,0,0,0,0,0
2544207609024,8.5597541,1791215130835382886,,0,0,0,0,0,0,0,0,0,0,0,0,0,0,0,0,0,0,0
2544227566112,8.5797112,1791215130855382422,,0,0,0,0,0,0,0,0,0,0,0,0,0,0,0,0,0,0,0
2544247544384,8.5996894,1791215130875382842,,0,0,0,0,0,0,0,0,0,0,0,0,0,0,0,0,0,0,0
2544267579584,8.6197246,1791215130895383094,,0,0,0,0,0,0,0,0,0,0,0,0,0,0,0,0,0,0,0
2544287567296,8.6397124,1791215130915382513,,0,0,0,0,0,0,0,0,0,0,0,0,0,0,0,0,0,0,0
2544307562240,8.6597073,1791215130935382802,,0,0,0,0,0,0,0,0,0,0,0,0,0,0,0,0,0,0,0
2544327564768,8.6797098,1791215130955382499,,0,0,0,0,0,0,0,0,0,0,0,0,0,0,0,0,0,0,0
2544347549536,8.6996946,1791215130975382965,,0,0,0,0,0,0,0,0,0,0,0,0,0,0,0,0,0,0,0
2544367553216,8.7196983,1791215130995382531,,0,0,0,0,0,0,0,0,0,0,0,0,0,0,0,0,0,0,0
2544387568832,8.7397139,1791215131015382989,,0,0,0,0,0,0,0,0,0,0,0,0,0,0,0,0,0,0,0
2544407564960,8.75971,1791215131035383148,,0,0,0,0,0,0,0,0,0,0,0,0,0,0,0,0,0,0,0
2544427531744,8.7796768,1791215131055383713,,0,0,0,0,0,0,0,0,0,0,0,0,0,0,0,0,0,0,0
2544447427328,8.7995724,1791215131075382830,,0,0,0,0,0,0,0,0,0,0,0,0,0,0,0,0,0,0,0
2544467556608,8.8197017,1791215131095382568,,0,0,0,0,0,0,0,0,0,0,0,0,0,0,0,0,0,0,0
2544487517408,8.8396625,1791215131115383450,,0,0,0,0,0,0,0,0,0,0,0,0,0,0,0,0,0,0,0
2544507558496,8.8597036,1791215131135382477,,0,0,0,0,0,0,0,0,0,0,0,0,0,0,0,0,0,0,0
2544527553440,8.8796985,1791215131155382877,,0,0,0,0,0,0,0,0,0,0,0,0,0,0,0,0,0,0,0
2544547524256,8.8996693,1791215131175382646,,0,0,0,0,0,0,0,0,0,0,0,0,0,0,0,0,0,0,0
2544567567264,8.9197123,1791215131195382798,,0,0,0,0,0,0,0,0,0,0,0,0,0,0,0,0,0,0,0
2544587537088,8.9396821,1791215131215382526,,0,0,0,0,0,0,0,0,0,0,0,0,0,0,0,0,0,0,0
2544607529472,8.9596745,1791215131235382979,,0,0,0,0,0,0,0,0,0,0,0,0,0,0,0,0,0,0,0
2544627543840,8.9796889,1791215131255382799,,0,0,0,0,0,0,0,0,0,0,0,0,0,0,0,0,0,0,0
2544647399168,8.9995442,1791215131275382376,,0,0,0,0,0,0,0,0,0,0,0,0,0,0,0,0,0,0,0
2544667560288,9.0197053,1791215131295382605,,0,0,0,0,0,0,0,0,0,0,0,0,0,0,0,0,0,0,0
2544687571328,9.0397164,1791215131315383360,,0,0,0,0,0,0,0,0,0,0,0,0,0,0,0,0,0,0,0
2544707532832,9.0596779,1791215131335382335,,0,0,0,0,0,0,0,0,0,0,0,0,0,0,0,0,0,0,0
2544727566176,9.0797112,1791215131355382522,,0,0,0,0,0,0,0,0,0,0,0,0,0,0,0,0,0,0,0
2544747528864,9.0996739,1791215131375382856,,0,0,0,0,0,0,0,0,0,0,0,0,0,0,0,0,0,0,0
2544767532576,9.1196776,1791215131395382593,,0,0,0,0,0,0,0,0,0,0,0,0,0,0,0,0,0,0,0
2544787559360,9.1397044,1791215131415382950,,0,0,0,0,0,0,0,0,0,0,0,0,0,0,0,0,0,0,0
2544807547712,9.1596928,1791215131435382411,,0,0,0,0,0,0,0,0,0,0,0,0,0,0,0,0,0,0,0
2544827523232,9.1796683,1791215131455383025,,0,0,0,0,0,0,0,0,0,0,0,0,0,0,0,0,0,0,0
2544847417728,9.1995628,1791215131475382696,,0,0,0,0,0,0,0,0,0,0,0,0,0,0,0,0,0,0,0
2544867685216,9.2198303,1791215131495382740,,0,0,0,0,0,0,0,0,0,0,0,0,0,0,0,0,0,0,0
2544887510240,9.2396553,1791215131515383060,,0,0,0,0,0,0,0,0,0,0,0,0,0,0,0,0,0,0,0
2544907552320,9.2596974,1791215131535383222,,0,0,0,0,0,0,0,0,0,0,0,0,0,0,0,0,0,0,0
2544927521088,9.2796661,1791215131555382855,,0,0,0,0,0,0,0,0,0,0,0,0,0,0,0,0,0,0,0
2544947517280,9.2996623,1791215131575383080,,0,0,0,0,0,0,0,0,0,0,0,0,0,0,0,0,0,0,0
2544967549088,9.3196941,1791215131595382742,,0,0,0,0,0,0,0,0,0,0,0,0,0,0,0,0,0,0,0
2544987520288,9.3396653,1791215131615382795,,0,0,0,0,0,0,0,0,0,0,0,0,0,0,0,0,0,0,0
2545007512160,9.3596572,1791215131635383280,,0,0,0,0,0,0,0,0,0,0,0,0,0,0,0,0,0,0,0
2545027525824,9.3796709,1791215131655383820,,0,0,0,0,0,0,0,0,0,0,0,0,0,0,0,0,0,0,0
2545047398304,9.3995434,1791215131675383330,,0,0,0,0,0,0,0,0,0,0,0,0,0,0,0,0,0,0,0
2545067502976,9.419648,1791215131695382838,,0,0,0,0,0,0,0,0,0,0,0,0,0,0,0,0,0,0,0
2545087528480,9.4396735,1791215131715382767,,0,0,0,0,0,0,0,0,0,0,0,0,0,0,0,0,0,0,0
2545107533184,9.4596782,1791215131735383071,,0,0,0,0,0,0,0,0,0,0,0,0,0,0,0,0,0,0,0
2545127492288,9.4796373,1791215131755382645,,0,0,0,0,0,0,0,0,0,0,0,0,0,0,0,0,0,0,0
2545147531456,9.4996765,1791215131775382856,,0,0,0,0,0,0,0,0,0,0,0,0,0,0,0,0,0,0,0
2545167519648,9.5196647,1791215131795382535,,0,0,0,0,0,0,0,0,0,0,0,0,0,0,0,0,0,0,0
2545187535296,9.5396804,1791215131815383078,,0,0,0,0,0,0,0,0,0,0,0,0,0,0,0,0,0,0,0
2545207528416,9.5596735,1791215131835382506,,0,0,0,0,0,0,0,0,0,0,0,0,0,0,0,0,0,0,0
2545227488096,9.5796332,1791215131855382799,,0,0,0,0,0,0,0,0,0,0,0,0,0,0,0,0,0,0,0
2545247372192,9.5995172,1791215131875382626,,0,0,0,0,0,0,0,0,0,0,0,0,0,0,0,0,0,0,0
2545267529824,9.6196749,1791215131895382429,,0,0,0,0,0,0,0,0,0,0,0,0,0,0,0,0,0,0,0
2545287511232,9.6396563,1791215131915397413,,0,0,0,0,0,0,0,0,0,0,0,0,0,0,0,0,0,0,0
2545307528640,9.6596737,1791215131935383096,,0,0,0,0,0,0,0,0,0,0,0,0,0,0,0,0,0,0,0
2545327506048,9.6796511,1791215131955383337,,0,0,0,0,0,0,0,0,0,0,0,0,0,0,0,0,0,0,0
2545347505472,9.6996505,1791215131975382460,,0,0,0,0,0,0,0,0,0,0,0,0,0,0,0,0,0,0,0
2545367541568,9.7196866,1791215131995382983,,0,0,0,0,0,0,0,0,0,0,0,0,0,0,0,0,0,0,0
2545387504672,9.7396497,1791215132015382797,,0,0,0,0,0,0,0,0,0,0,0,0,0,0,0,0,0,0,0
2545407502624,9.7596477,1791215132035382970,,0,0,0,0,0,0,0,0,0,0,0,0,0,0,0,0,0,0,0
2545427512896,9.779658,1791215132055383067,,0,0,0,0,0,0,0,0,0,0,0,0,0,0,0,0,0,0,0
2545447383936,9.799529,1791215132075382896,,0,0,0,0,0,0,0,0,0,0,0,0,0,0,0,0,0,0,0
2545467497664,9.8196427,1791215132095383119,,0,0,0,0,0,0,0,0,0,0,0,0,0,0,0,0,0,0,0
2545487501440,9.8396465,1791215132115389882,,0,0,0,0,0,0,0,0,0,0,0,0,0,0,0,0,0,0,0
2545507489664,9.8596347,1791215132135383457,,0,0,0,0,0,0,0,0,0,0,0,0,0,0,0,0,0,0,0
2545527468800,9.8796139,1791215132155382611,,0,0,0,0,0,0,0,0,0,0,0,0,0,0,0,0,0,0,0
2545547546784,9.8996918,1791215132175383107,,0,0,0,0,0,0,0,0,0,0,0,0,0,0,0,0,0,0,0
2545567492352,9.9196374,1791215132195382689,,0,0,0,0,0,0,0,0,0,0,0,0,0,0,0,0,0,0,0
2545587463840,9.9396089,1791215132215382802,,0,0,0,0,0,0,0,0,0,0,0,0,0,0,0,0,0,0,0
2545607502464,9.9596475,1791215132235382918,,0,0,0,0,0,0,0,0,0,0,0,0,0,0,0,0,0,0,0
2545627486400,9.9796315,1791215132255382950,,0,0,0,0,0,0,0,0,0,0,0,0,0,0,0,0,0,0,0
2545647368416,9.9995135,1791215132275383120,,0,0,0,0,0,0,0,0,0,0,0,0,0,0,0,0,0,0,0
2545667492480,10.019638,1791215132295383405,,0,0,0,0,0,0,0,0,0,0,0,0,0,0,0,0,0,0,0
2545687486624,10.039632,1791215132315383384,,0,0,0,0,0,0,0,0,0,0,0,0,0,0,0,0,0,0,0
2545707530528,10.059676,1791215132335382563,,0,0,0,0,0,0,0,0,0,0,0,0,0,0,0,0,0,0,0
2545727499328,10.079644,1791215132355383082,,0,0,0,0,0,0,0,0,0,0,0,0,0,0,0,0,0,0,0
2545747472992,10.099618,1791215132375382539,,0,0,0,0,0,0,0,0,0,0,0,0,0,0,0,0,0,0,0
2545767549824,10.119695,1791215132395382970,,0,0,0,0,0,0,0,0,0,0,0,0,0,0,0,0,0,0,0
2545787496256,10.139641,1791215132415383203,,0,0,0,0,0,0,0,0,0,0,0,0,0,0,0,0,0,0,0
2545807485120,10.15963,1791215132435383206,,0,0,0,0,0,0,0,0,0,0,0,0,0,0,0,0,0,0,0
2545827500576,10.179646,1791215132455382928,,0,0,0,0,0,0,0,0,0,0,0,0,0,0,0,0,0,0,0
2545847344416,10.199489,1791215132475382596,,0,0,0,0,0,0,0,0,0,0,0,0,0,0,0,0,0,0,0
2545867498784,10.219644,1791215132495383084,,0,0,0,0,0,0,0,0,0,0,0,0,0,0,0,0,0,0,0
2545887485600,10.239631,1791215132515382950,,0,0,0,0,0,0,0,0,0,0,0,0,0,0,0,0,0,0,0
2545907483488,10.259629,1791215132535382727,,0,0,0,0,0,0,0,0,0,0,0,0,0,0,0,0,0,0,0
2545927477440,10.279622,1791215132555382982,,0,0,0,0,0,0,0,0,0,0,0,0,0,0,0,0,0,0,0
2545947492192,10.299637,1791215132575383019,,0,0,0,0,0,0,0,0,0,0,0,0,0,0,0,0,0,0,0
2545967481024,10.319626,1791215132595382933,,0,0,0,0,0,0,0,0,0,0,0,0,0,0,0,0,0,0,0
2545987447136,10.339592,1791215132615382861,,0,0,0,0,0,0,0,0,0,0,0,0,0,0,0,0,0,0,0
2546007468416,10.359613,1791215132635383425,,0,0,0,0,0,0,0,0,0,0,0,0,0,0,0,0,0,0,0
2546027463712,10.379609,1791215132655383313,,0,0,0,0,0,0,0,0,0,0,0,0,0,0,0,0,0,0,0
2546047326688,10.399472,1791215132675383184,,0,0,0,0,0,0,0,0,0,0,0,0,0,0,0,0,0,0,0
2546067485760,10.419631,1791215132695382900,,0,0,0,0,0,0,0,0,0,0,0,0,0,0,0,0,0,0,0
2546087472416,10.439617,1791215132715382635,,0,0,0,0,0,0,0,0,0,0,0,0,0,0,0,0,0,0,0
2546107449824,10.459595,1791215132735383574,,0,0,0,0,0,0,0,0,0,0,0,0,0,0,0,0,0,0,0
2546127474368,10.479619,1791215132755382804,,0,0,0,0,0,0,0,0,0,0,0,0,0,0,0,0,0,0,0
2546147462432,10.499607,1791215132775382673,,0,0,0,0,0,0,0,0,0,0,0,0,0,0,0,0,0,0,0
2546167489312,10.519634,1791215132795383177,,0,0,0,0,0,0,0,0,0,0,0,0,0,0,0,0,0,0,0
2546187477600,10.539623,1791215132815382598,,0,0,0,0,0,0,0,0,0,0,0,0,0,0,0,0,0,0,0
2546207459680,10.559605,1791215132835382749,,0,0,0,0,0,0,0,0,0,0,0,0,0,0,0,0,0,0,0
2546227477600,10.579623,1791215132855382300,,0,0,0,0,0,0,0,0,0,0,0,0,0,0,0,0,0,0,0
2546247342272,10.599487,1791215132875382895,,0,0,0,0,0,0,0,0,0,0,0,0,0,0,0,0,0,0,0
2546267452480,10.619598,1791215132895382524,,0,0,0,0,0,0,0,0,0,0,0,0,0,0,0,0,0,0,0
2546287464160,10.639609,1791215132915382169,,0,0,0,0,0,0,0,0,0,0,0,0,0,0,0,0,0,0,0
2546307468416,10.659613,1791215132935383254,,0,0,0,0,0,0,0,0,0,0,0,0,0,0,0,0,0,0,0
2546327448800,10.679594,1791215132955382907,,0,0,0,0,0,0,0,0,0,0,0,0,0,0,0,0,0,0,0
2546347515424,10.69966,1791215132975382685,,0,0,0,0,0,0,0,0,0,0,0,0,0,0,0,0,0,0,0
2546367463232,10.719608,1791215132995382761,,0,0,0,0,0,0,0,0,0,0,0,0,0,0,0,0,0,0,0
2546387449632,10.739595,1791215133015382400,,0,0,0,0,0,0,0,0,0,0,0,0,0,0,0,0,0,0,0
2546407449216,10.759594,1791215133035382699,,0,0,0,0,0,0,0,0,0,0,0,0,0,0,0,0,0,0,0
2546427509824,10.779655,1791215133055383106,,0,0,0,0,0,0,0,0,0,0,0,0,0,0,0,0,0,0,0
2546447335680,10.799481,1791215133075383029,,0,0,0,0,0,0,0,0,0,0,0,0,0,0,0,0,0,0,0
2546467477888,10.819623,1791215133095383153,,0,0,0,0,0,0,0,0,0,0,0,0,0,0,0,0,0,0,0
2546487444000,10.839589,1791215133115382704,,0,0,0,0,0,0,0,0,0,0,0,0,0,0,0,0,0,0,0
2546507472320,10.859617,1791215133135382870,,0,0,0,0,0,0,0,0,0,0,0,0,0,0,0,0,0,0,0
2546527459296,10.879604,1791215133155382190,,0,0,0,0,0,0,0,0,0,0,0,0,0,0,0,0,0,0,0
2546547454816,10.8996,1791215133175382488,,0,0,0,0,0,0,0,0,0,0,0,0,0,0,0,0,0,0,0
2546567496544,10.919642,1791215133195388124,,0,0,0,0,0,0,0,0,0,0,0,0,0,0,0,0,0,0,0
2546587474624,10.93962,1791215133215382759,,0,0,0,0,0,0,0,0,0,0,0,0,0,0,0,0,0,0,0
2546607456800,10.959602,1791215133235383066,,0,0,0,0,0,0,0,0,0,0,0,0,0,0,0,0,0,0,0
2546627424160,10.979569,1791215133255383110,,0,0,0,0,0,0,0,0,0,0,0,0,0,0,0,0,0,0,0
2546647482848,10.999628,1791215133275382691,,0,0,0,0,0,0,0,0,0,0,0,0,0,0,0,0,0,0,0
2546667494432,11.019639,1791215133295396829,,0,0,0,0,0,0,0,0,0,0,0,0,0,0,0,0,0,0,0
2546687457824,11.039603,1791215133315382993,,0,0,0,0,0,0,0,0,0,0,0,0,0,0,0,0,0,0,0
2546707452768,11.059598,1791215133335383075,,0,0,0,0,0,0,0,0,0,0,0,0,0,0,0,0,0,0,0
2546727419456,11.079565,1791215133355382959,,0,0,0,0,0,0,0,0,0,0,0,0,0,0,0,0,0,0,0
2546747477088,11.099622,1791215133375383132,,0,0,0,0,0,0,0,0,0,0,0,0,0,0,0,0,0,0,0
2546767442528,11.119588,1791215133395382998,,0,0,0,0,0,0,0,0,0,0,0,0,0,0,0,0,0,0,0
2546787416640,11.139562,1791215133415382607,,0,0,0,0,0,0,0,0,0,0,0,0,0,0,0,0,0,0,0
2546807464544,11.15961,1791215133435382393,,0,0,0,0,0,0,0,0,0,0,0,0,0,0,0,0,0,0,0
2546827430976,11.179576,1791215133455382872,,0,0,0,0,0,0,0,0,0,0,0,0,0,0,0,0,0,0,0
2546847320288,11.199465,1791215133475382646,,0,0,0,0,0,0,0,0,0,0,0,0,0,0,0,0,0,0,0
2546867447936,11.219593,1791215133495382498,,0,0,0,0,0,0,0,0,0,0,0,0,0,0,0,0,0,0,0
2546887464640,11.23961,1791215133515382893,,0,0,0,0,0,0,0,0,0,0,0,0,0,0,0,0,0,0,0
2546907412000,11.259557,1791215133535383613,,0,0,0,0,0,0,0,0,0,0,0,0,0,0,0,0,0,0,0
2546927487168,11.279632,1791215133555382869,,0,0,0,0,0,0,0,0,0,0,0,0,0,0,0,0,0,0,0
2546947428672,11.299574,1791215133575382803,,0,0,0,0,0,0,0,0,0,0,0,0,0,0,0,0,0,0,0
2546967419936,11.319565,1791215133595383087,,0,0,0,0,0,0,0,0,0,0,0,0,0,0,0,0,0,0,0
2546987426144,11.339571,1791215133615383588,,0,0,0,0,0,0,0,0,0,0,0,0,0,0,0,0,0,0,0
2547007420576,11.359566,1791215133635383405,,0,0,0,0,0,0,0,0,0,0,0,0,0,0,0,0,0,0,0
2547027398272,11.379543,1791215133655383463,,0,0,0,0,0,0,0,0,0,0,0,0,0,0,0,0,0,0,0
2547047347712,11.399493,1791215133675383048,,0,0,0,0,0,0,0,0,0,0,0,0,0,0,0,0,0,0,0
2547067438112,11.419583,1791215133695384199,,0,0,0,0,0,0,0,0,0,0,0,0,0,0,0,0,0,0,0
2547087408128,11.439553,1791215133715383153,,0,0,0,0,0,0,0,0,0,0,0,0,0,0,0,0,0,0,0
2547107432480,11.459578,1791215133735382937,,0,0,0,0,0,0,0,0,0,0,0,0,0,0,0,0,0,0,0
2547127425216,11.47957,1791215133755382822,,0,0,0,0,0,0,0,0,0,0,0,0,0,0,0,0,0,0,0
2547147469696,11.499615,1791215133775383003,,0,0,0,0,0,0,0,0,0,0,0,0,0,0,0,0,0,0,0
2547167436832,11.519582,1791215133795382729,,0,0,0,0,0,0,0,0,0,0,0,0,0,0,0,0,0,0,0
2547187411488,11.539557,1791215133815382826,,0,0,0,0,0,0,0,0,0,0,0,0,0,0,0,0,0,0,0
2547207455808,11.559601,1791215133835382871,,0,0,0,0,0,0,0,0,0,0,0,0,0,0,0,0,0,0,0
2547227397088,11.579542,1791215133855396771,,0,0,0,0,0,0,0,0,0,0,0,0,0,0,0,0,0,0,0
2547247361472,11.599507,1791215133875383115,,0,0,0,0,0,0,0,0,0,0,0,0,0,0,0,0,0,0,0
2547267440320,11.619585,1791215133895383057,,0,0,0,0,0,0,0,0,0,0,0,0,0,0,0,0,0,0,0
2547287450944,11.639596,1791215133915383392,,0,0,0,0,0,0,0,0,0,0,0,0,0,0,0,0,0,0,0
2547307391776,11.659537,1791215133935382753,,0,0,0,0,0,0,0,0,0,0,0,0,0,0,0,0,0,0,0
2547327459552,11.679605,1791215133955382888,,0,0,0,0,0,0,0,0,0,0,0,0,0,0,0,0,0,0,0
2547347411648,11.699557,1791215133975383055,,0,0,0,0,0,0,0,0,0,0,0,0,0,0,0,0,0,0,0
2547367431200,11.719576,1791215133995382746,,0,0,0,0,0,0,0,0,0,0,0,0,0,0,0,0,0,0,0
2547387406752,11.739552,1791215134015382468,,0,0,0,0,0,0,0,0,0,0,0,0,0,0,0,0,0,0,0
2547407419104,11.759564,1791215134035382779,,0,0,0,0,0,0,0,0,0,0,0,0,0,0,0,0,0,0,0
2547427387840,11.779533,1791215134055382479,,0,0,0,0,0,0,0,0,0,0,0,0,0,0,0,0,0,0,0
2547447420832,11.799566,1791215134075397096,,0,0,0,0,0,0,0,0,0,0,0,0,0,0,0,0,0,0,0
2547467407104,11.819552,1791215134095382853,,0,0,0,0,0,0,0,0,0,0,0,0,0,0,0,0,0,0,0
2547487381312,11.839526,1791215134115383424,,0,0,0,0,0,0,0,0,0,0,0,0,0,0,0,0,0,0,0
2547507413792,11.859559,1791215134135383057,,0,0,0,0,0,0,0,0,0,0,0,0,0,0,0,0,0,0,0
2547527399904,11.879545,1791215134155382706,,0,0,0,0,0,0,0,0,0,0,0,0,0,0,0,0,0,0,0
2547547388832,11.899534,1791215134175382826,,0,0,0,0,0,0,0,0,0,0,0,0,0,0,0,0,0,0,0
2547567414944,11.91956,1791215134195382622,,0,0,0,0,0,0,0,0,0,0,0,0,0,0,0,0,0,0,0
2547587383648,11.939529,1791215134215382404,,0,0,0,0,0,0,0,0,0,0,0,0,0,0,0,0,0,0,0
2547607382912,11.959528,1791215134235382438,,0,0,0,0,0,0,0,0,0,0,0,0,0,0,0,0,0,0,0
2547627396128,11.979541,1791215134255382562,,0,0,0,0,0,0,0,0,0,0,0,0,0,0,0,0,0,0,0
2547647323264,11.999468,1791215134275382461,,0,0,0,0,0,0,0,0,0,0,0,0,0,0,0,0,0,0,0
2547667470016,12.019615,1791215134295401657,,0,0,0,0,0,0,0,0,0,0,0,0,0,0,0,0,0,0,0
2547687395680,12.039541,1791215134315382572,,0,0,0,0,0,0,0,0,0,0,0,0,0,0,0,0,0,0,0
2547707437152,12.059582,1791215134335392738,,0,0,0,0,0,0,0,0,0,0,0,0,0,0,0,0,0,0,0
2547727392096,12.079537,1791215134355382801,,0,0,0,0,0,0,0,0,0,0,0,0,0,0,0,0,0,0,0
2547747389696,12.099535,1791215134375382754,,0,0,0,0,0,0,0,0,0,0,0,0,0,0,0,0,0,0,0
2547767389696,12.119535,1791215134395383052,,0,0,0,0,0,0,0,0,0,0,0,0,0,0,0,0,0,0,0
2547787403712,12.139549,1791215134415382636,,0,0,0,0,0,0,0,0,0,0,0,0,0,0,0,0,0,0,0
2547807388704,12.159534,1791215134435382780,,0,0,0,0,0,0,0,0,0,0,0,0,0,0,0,0,0,0,0
2547827380320,12.179525,1791215134455382789,,0,0,0,0,0,0,0,0,0,0,0,0,0,0,0,0,0,0,0
2547847249536,12.199395,1791215134475383202,,0,0,0,0,0,0,0,0,0,0,0,0,0,0,0,0,0,0,0
2547867421344,12.219566,1791215134495383040,,0,0,0,0,0,0,0,0,0,0,0,0,0,0,0,0,0,0,0
2547887374144,12.239519,1791215134515383299,,0,0,0,0,0,0,0,0,0,0,0,0,0,0,0,0,0,0,0
2547907398240,12.259543,1791215134535383082,,0,0,0,0,0,0,0,0,0,0,0,0,0,0,0,0,0,0,0
2547927370432,12.279515,1791215134555383084,,0,0,0,0,0,0,0,0,0,0,0,0,0,0,0,0,0,0,0
2547947375168,12.29952,1791215134575383177,,0,0,0,0,0,0,0,0,0,0,0,0,0,0,0,0,0,0,0
2547967401632,12.319547,1791215134595382619,,0,0,0,0,0,0,0,0,0,0,0,0,0,0,0,0,0,0,0
2547987375424,12.33952,1791215134615382899,,0,0,0,0,0,0,0,0,0,0,0,0,0,0,0,0,0,0,0
2548007370656,12.359516,1791215134635382614,,0,0,0,0,0,0,0,0,0,0,0,0,0,0,0,0,0,0,0
2548027408448,12.379554,1791215134655382746,,0,0,0,0,0,0,0,0,0,0,0,0,0,0,0,0,0,0,0
2548047310528,12.399456,1791215134675383046,,0,0,0,0,0,0,0,0,0,0,0,0,0,0,0,0,0,0,0
2548067365024,12.41951,1791215134695382633,,0,0,0,0,0,0,0,0,0,0,0,0,0,0,0,0,0,0,0
2548087371328,12.439516,1791215134715382440,,0,0,0,0,0,0,0,0,0,0,0,0,0,0,0,0,0,0,0
2548107370784,12.459516,1791215134735382717,,0,0,0,0,0,0,0,0,0,0,0,0,0,0,0,0,0,0,0
2548127381056,12.479526,1791215134755383125,,0,0,0,0,0,0,0,0,0,0,0,0,0,0,0,0,0,0,0
2548147375456,12.499521,1791215134775383308,,0,0,0,0,0,0,0,0,0,0,0,0,0,0,0,0,0,0,0
2548167373440,12.519518,1791215134795382790,,0,0,0,0,0,0,0,0,0,0,0,0,0,0,0,0,0,0,0
2548187386976,12.539532,1791215134815387643,,0,0,0,0,0,0,0,0,0,0,0,0,0,0,0,0,0,0,0
2548207396096,12.559541,1791215134835382787,,0,0,0,0,0,0,0,0,0,0,0,0,0,0,0,0,0,0,0
2548227375264,12.57952,1791215134855382858,,0,0,0,0,0,0,0,0,0,0,0,0,0,0,0,0,0,0,0
2548247313952,12.599459,1791215134875396613,,0,0,0,0,0,0,0,0,0,0,0,0,0,0,0,0,0,0,0
2548267380640,12.619526,1791215134895382954,,0,0,0,0,0,0,0,0,0,0,0,0,0,0,0,0,0,0,0
2548287355072,12.6395,1791215134915383112,,0,0,0,0,0,0,0,0,0,0,0,0,0,0,0,0,0,0,0
2548307382144,12.659527,1791215134935382939,,0,0,0,0,0,0,0,0,0,0,0,0,0,0,0,0,0,0,0
2548327370336,12.679515,1791215134955382724,,0,0,0,0,0,0,0,0,0,0,0,0,0,0,0,0,0,0,0
2548347359680,12.699505,1791215134975382981,,0,0,0,0,0,0,0,0,0,0,0,0,0,0,0,0,0,0,0
2548367398272,12.719543,1791215134995382878,,0,0,0,0,0,0,0,0,0,0,0,0,0,0,0,0,0,0,0
2548387372032,12.739517,1791215135015382775,,0,0,0,0,0,0,0,0,0,0,0,0,0,0,0,0,0,0,0
2548407360608,12.759506,1791215135035382654,,0,0,0,0,0,0,0,0,0,0,0,0,0,0,0,0,0,0,0
2548427364448,12.77951,1791215135055383119,,0,0,0,0,0,0,0,0,0,0,0,0,0,0,0,0,0,0,0
2548447218624,12.799364,1791215135075382746,,0,0,0,0,0,0,0,0,0,0,0,0,0,0,0,0,0,0,0
2548467358336,12.819503,1791215135095382704,,0,0,0,0,0,0,0,0,0,0,0,0,0,0,0,0,0,0,0
2548487370432,12.839515,1791215135115382924,,0,0,0,0,0,0,0,0,0,0,0,0,0,0,0,0,0,0,0
2548507371936,12.859517,1791215135135382829,,0,0,0,0,0,0,0,0,0,0,0,0,0,0,0,0,0,0,0
2548527329408,12.879474,1791215135155382783,,0,0,0,0,0,0,0,0,0,0,0,0,0,0,0,0,0,0,0
2548547380640,12.899526,1791215135175383476,,0,0,0,0,0,0,0,0,0,0,0,0,0,0,0,0,0,0,0
2548567347456,12.919493,1791215135195383034,,0,0,0,0,0,0,0,0,0,0,0,0,0,0,0,0,0,0,0
2548587340608,12.939486,1791215135215382691,,0,0,0,0,0,0,0,0,0,0,0,0,0,0,0,0,0,0,0
2548607364608,12.95951,1791215135235382556,,0,0,0,0,0,0,0,0,0,0,0,0,0,0,0,0,0,0,0
2548627348992,12.979494,1791215135255382842,,0,0,0,0,0,0,0,0,0,0,0,0,0,0,0,0,0,0,0
2548647224288,12.999369,1791215135275383006,,0,0,0,0,0,0,0,0,0,0,0,0,0,0,0,0,0,0,0
2548667373696,13.019519,1791215135295382767,,0,0,0,0,0,0,0,0,0,0,0,0,0,0,0,0,0,0,0
2548687327872,13.039473,1791215135315382681,,0,0,0,0,0,0,0,0,0,0,0,0,0,0,0,0,0,0,0
2548707376672,13.059522,1791215135335382927,,0,0,0,0,0,0,0,0,0,0,0,0,0,0,0,0,0,0,0
2548727354048,13.079499,1791215135355383047,,0,0,0,0,0,0,0,0,0,0,0,0,0,0,0,0,0,0,0
2548747333568,13.099479,1791215135375383335,,0,0,0,0,0,0,0,0,0,0,0,0,0,0,0,0,0,0,0
2548767347392,13.119492,1791215135395382798,,0,0,0,0,0,0,0,0,0,0,0,0,0,0,0,0,0,0,0
2548787337824,13.139483,1791215135415383084,,0,0,0,0,0,0,0,0,0,0,0,0,0,0,0,0,0,0,0
2548807332608,13.159478,1791215135435383263,,0,0,0,0,0,0,0,0,0,0,0,0,0,0,0,0,0,0,0
2548827366208,13.179511,1791215135455383042,,0,0,0,0,0,0,0,0,0,0,0,0,0,0,0,0,0,0,0
2548847258016,13.199403,1791215135475382932,,0,0,0,0,0,0,0,0,0,0,0,0,0,0,0,0,0,0,0
2548867346048,13.219491,1791215135495382278,,0,0,0,0,0,0,0,0,0,0,0,0,0,0,0,0,0,0,0
2548887348384,13.239493,1791215135515382643,,0,0,0,0,0,0,0,0,0,0,0,0,0,0,0,0,0,0,0
2548907327392,13.259472,1791215135535381982,,0,0,0,0,0,0,0,0,0,0,0,0,0,0,0,0,0,0,0
2548927314432,13.279459,1791215135555383386,,0,0,0,0,0,0,0,0,0,0,0,0,0,0,0,0,0,0,0
2548947363456,13.299509,1791215135575382825,,0,0,0,0,0,0,0,0,0,0,0,0,0,0,0,0,0,0,0
2548967349920,13.319495,1791215135595382832,,0,0,0,0,0,0,0,0,0,0,0,0,0,0,0,0,0,0,0
2548987323712,13.339469,1791215135615383002,,0,0,0,0,0,0,0,0,0,0,0,0,0,0,0,0,0,0,0
2549007362848,13.359508,1791215135635382824,,0,0,0,0,0,0,0,0,0,0,0,0,0,0,0,0,0,0,0
2549027328160,13.379473,1791215135655382928,,0,0,0,0,0,0,0,0,0,0,0,0,0,0,0,0,0,0,0
2549047216896,13.399362,1791215135675383350,,0,0,0,0,0,0,0,0,0,0,0,0,0,0,0,0,0,0,0
2549067361664,13.419507,1791215135695382888,,0,0,0,0,0,0,0,0,0,0,0,0,0,0,0,0,0,0,0
2549087312160,13.439457,1791215135715382679,,0,0,0,0,0,0,0,0,0,0,0,0,0,0,0,0,0,0,0
2549107369952,13.459515,1791215135735383258,,0,0,0,0,0,0,0,0,0,0,0,0,0,0,0,0,0,0,0
2549127328928,13.479474,1791215135755383504,,0,0,0,0,0,0,0,0,0,0,0,0,0,0,0,0,0,0,0
2549147316704,13.499462,1791215135775383039,,0,0,0,0,0,0,0,0,0,0,0,0,0,0,0,0,0,0,0
2549167364448,13.51951,1791215135795382999,,0,0,0,0,0,0,0,0,0,0,0,0,0,0,0,0,0,0,0
2549187326144,13.539471,1791215135815382860,,0,0,0,0,0,0,0,0,0,0,0,0,0,0,0,0,0,0,0
2549207313088,13.559458,1791215135835383136,,0,0,0,0,0,0,0,0,0,0,0,0,0,0,0,0,0,0,0
2549227340672,13.579486,1791215135855383113,,0,0,0,0,0,0,0,0,0,0,0,0,0,0,0,0,0,0,0
2549247174720,13.59932,1791215135875382629,,0,0,0,0,0,0,0,0,0,0,0,0,0,0,0,0,0,0,0
2549267316640,13.619462,1791215135895383072,,0,0,0,0,0,0,0,0,0,0,0,0,0,0,0,0,0,0,0
2549287321664,13.639467,1791215135915382558,,0,0,0,0,0,0,0,0,0,0,0,0,0,0,0,0,0,0,0
2549307329728,13.659475,1791215135935383237,,0,0,0,0,0,0,0,0,0,0,0,0,0,0,0,0,0,0,0
2549327309184,13.679454,1791215135955382956,,0,0,0,0,0,0,0,0,0,0,0,0,0,0,0,0,0,0,0
2549347337760,13.699483,1791215135975382884,,0,0,0,0,0,0,0,0,0,0,0,0,0,0,0,0,0,0,0
2549367336864,13.719482,1791215135995382697,,0,0,0,0,0,0,0,0,0,0,0,0,0,0,0,0,0,0,0
2549387304768,13.73945,1791215136015382915,,0,0,0,0,0,0,0,0,0,0,0,0,0,0,0,0,0,0,0
2549407343520,13.759489,1791215136035382948,,0,0,0,0,0,0,0,0,0,0,0,0,0,0,0,0,0,0,0
2549427314464,13.77946,1791215136055382695,,0,0,0,0,0,0,0,0,0,0,0,0,0,0,0,0,0,0,0
2549447183200,13.799328,1791215136075382857,,0,0,0,0,0,0,0,0,0,0,0,0,0,0,0,0,0,0,0
2549467335936,13.819481,1791215136095382744,,0,0,0,0,0,0,0,0,0,0,0,0,0,0,0,0,0,0,0
2549487292096,13.839437,1791215136115382625,,0,0,0,0,0,0,0,0,0,0,0,0,0,0,0,0,0,0,0
2549507301984,13.859447,1791215136135382521,,0,0,0,0,0,0,0,0,0,0,0,0,0,0,0,0,0,0,0
2549527341472,13.879487,1791215136155382979,,0,0,0,0,0,0,0,0,0,0,0,0,0,0,0,0,0,0,0
2549547316320,13.899461,1791215136175382297,,0,0,0,0,0,0,0,0,0,0,0,0,0,0,0,0,0,0,0
2549567306464,13.919452,1791215136195383092,,0,0,0,0,0,0,0,0,0,0,0,0,0,0,0,0,0,0,0
2549587343232,13.939488,1791215136215382752,,0,0,0,0,0,0,0,0,0,0,0,0,0,0,0,0,0,0,0
2549607312064,13.959457,1791215136235382997,,0,0,0,0,0,0,0,0,0,0,0,0,0,0,0,0,0,0,0
2549627334048,13.979479,1791215136255382982,,0,0,0,0,0,0,0,0,0,0,0,0,0,0,0,0,0,0,0
2549647315680,13.999461,1791215136275382715,,0,0,0,0,0,0,0,0,0,0,0,0,0,0,0,0,0,0,0
2549667298368,14.019443,1791215136295382684,,0,0,0,0,0,0,0,0,0,0,0,0,0,0,0,0,0,0,0
2549687327456,14.039473,1791215136315382630,,0,0,0,0,0,0,0,0,0,0,0,0,0,0,0,0,0,0,0
2549707308032,14.059453,1791215136335382504,,0,0,0,0,0,0,0,0,0,0,0,0,0,0,0,0,0,0,0
2549727275872,14.079421,1791215136355382623,,0,0,0,0,0,0,0,0,0,0,0,0,0,0,0,0,0,0,0
2549747318592,14.099464,1791215136375383020,,0,0,0,0,0,0,0,0,0,0,0,0,0,0,0,0,0,0,0
2549767305312,14.11945,1791215136395382990,,0,0,0,0,0,0,0,0,0,0,0,0,0,0,0,0,0,0,0
2549787287008,14.139432,1791215136415382836,,0,0,0,0,0,0,0,0,0,0,0,0,0,0,0,0,0,0,0
2549807312480,14.159458,1791215136435382565,,0,0,0,0,0,0,0,0,0,0,0,0,0,0,0,0,0,0,0
2549827297632,14.179443,1791215136455382155,,0,0,0,0,0,0,0,0,0,0,0,0,0,0,0,0,0,0,0
2549847185344,14.19933,1791215136475391901,,0,0,0,0,0,0,0,0,0,0,0,0,0,0,0,0,0,0,0
2549867331904,14.219477,1791215136495383060,,0,0,0,0,0,0,0,0,0,0,0,0,0,0,0,0,0,0,0
2549887276320,14.239421,1791215136515383125,,0,0,0,0,0,0,0,0,0,0,0,0,0,0,0,0,0,0,0
2549907277824,14.259423,1791215136535382722,,0,0,0,0,0,0,0,0,0,0,0,0,0,0,0,0,0,0,0
2549927288192,14.279433,1791215136555382611,,0,0,0,0,0,0,0,0,0,0,0,0,0,0,0,0,0,0,0
2549947283232,14.299428,1791215136575383113,,0,0,0,0,0,0,0,0,0,0,0,0,0,0,0,0,0,0,0
2549967288832,14.319434,1791215136595383103,,0,0,0,0,0,0,0,0,0,0,0,0,0,0,0,0,0,0,0
2549987295200,14.33944,1791215136615382459,,0,0,0,0,0,0,0,0,0,0,0,0,0,0,0,0,0,0,0
2550007280448,14.359426,1791215136635382898,,0,0,0,0,0,0,0,0,0,0,0,0,0,0,0,0,0,0,0
2550027258912,14.379404,1791215136655382776,,0,0,0,0,0,0,0,0,0,0,0,0,0,0,0,0,0,0,0
2550047151200,14.399296,1791215136675382730,,0,0,0,0,0,0,0,0,0,0,0,0,0,0,0,0,0,0,0
2550067273664,14.419419,1791215136695383223,,0,0,0,0,0,0,0,0,0,0,0,0,0,0,0,0,0,0,0
2550087263392,14.439408,1791215136715382428,,0,0,0,0,0,0,0,0,0,0,0,0,0,0,0,0,0,0,0
2550107290656,14.459436,1791215136735382482,,0,0,0,0,0,0,0,0,0,0,0,0,0,0,0,0,0,0,0
2550127274368,14.479419,1791215136755383111,,0,0,0,0,0,0,0,0,0,0,0,0,0,0,0,0,0,0,0
2550147299744,14.499445,1791215136775382998,,0,0,0,0,0,0,0,0,0,0,0,0,0,0,0,0,0,0,0
2550167308480,14.519454,1791215136795383041,,0,0,0,0,0,0,0,0,0,0,0,0,0,0,0,0,0,0,0
2550187270976,14.539416,1791215136815383141,,0,0,0,0,0,0,0,0,0,0,0,0,0,0,0,0,0,0,0
2550207313312,14.559458,1791215136835382760,,0,0,0,0,0,0,0,0,0,0,0,0,0,0,0,0,0,0,0
2550227293632,14.579439,1791215136855382862,,0,0,0,0,0,0,0,0,0,0,0,0,0,0,0,0,0,0,0
2550247154464,14.5993,1791215136875382761,,0,0,0,0,0,0,0,0,0,0,0,0,0,0,0,0,0,0,0
2550267300544,14.619446,1791215136895382940,,0,0,0,0,0,0,0,0,0,0,0,0,0,0,0,0,0,0,0
2550287262176,14.639407,1791215136915382313,,0,0,0,0,0,0,0,0,0,0,0,0,0,0,0,0,0,0,0
2550307286496,14.659432,1791215136935383140,,0,0,0,0,0,0,0,0,0,0,0,0,0,0,0,0,0,0,0
2550327268000,14.679413,1791215136955382348,,0,0,0,0,0,0,0,0,0,0,0,0,0,0,0,0,0,0,0
2550347279616,14.699425,1791215136975382859,,0,0,0,0,0,0,0,0,0,0,0,0,0,0,0,0,0,0,0
2550367256800,14.719402,1791215136995382506,,0,0,0,0,0,0,0,0,0,0,0,0,0,0,0,0,0,0,0
2550387276800,14.739422,1791215137015382978,,0,0,0,0,0,0,0,0,0,0,0,0,0,0,0,0,0,0,0
2550407272928,14.759418,1791215137035382661,,0,0,0,0,0,0,0,0,0,0,0,0,0,0,0,0,0,0,0
2550427265440,14.77941,1791215137055383321,,0,0,0,0,0,0,0,0,0,0,0,0,0,0,0,0,0,0,0
2550447177088,14.799322,1791215137075382626,,0,0,0,0,0,0,0,0,0,0,0,0,0,0,0,0,0,0,0
2550467276736,14.819422,1791215137095383116,,0,0,0,0,0,0,0,0,0,0,0,0,0,0,0,0,0,0,0
2550487250208,14.839395,1791215137115383098,,0,0,0,0,0,0,0,0,0,0,0,0,0,0,0,0,0,0,0
2550507294016,14.859439,1791215137135382913,,0,0,0,0,0,0,0,0,0,0,0,0,0,0,0,0,0,0,0
2550527246272,14.879391,1791215137155382789,,0,0,0,0,0,0,0,0,0,0,0,0,0,0,0,0,0,0,0
2550547275136,14.89942,1791215137175383878,,0,0,0,0,0,0,0,0,0,0,0,0,0,0,0,0,0,0,0
2550567276640,14.919422,1791215137195383047,,0,0,0,0,0,0,0,0,0,0,0,0,0,0,0,0,0,0,0
2550587251712,14.939397,1791215137215384033,,0,0,0,0,0,0,0,0,0,0,0,0,0,0,0,0,0,0,0
2550607273408,14.959418,1791215137235382926,,0,0,0,0,0,0,0,0,0,0,0,0,0,0,0,0,0,0,0
2550627247776,14.979393,1791215137255382576,,0,0,0,0,0,0,0,0,0,0,0,0,0,0,0,0,0,0,0
2550647107008,14.999252,1791215137275382852,,0,0,0,0,0,0,0,0,0,0,0,0,0,0,0,0,0,0,0
2550667316768,15.019462,1791215137295383296,,0,0,0,0,0,0,0,0,0,0,0,0,0,0,0,0,0,0,0
2550687250880,15.039396,1791215137315382313,,0,0,0,0,0,0,0,0,0,0,0,0,0,0,0,0,0,0,0
2550707261248,15.059406,1791215137335382860,,0,0,0,0,0,0,0,0,0,0,0,0,0,0,0,0,0,0,0
2550727279456,15.079425,1791215137355382334,,0,0,0,0,0,0,0,0,0,0,0,0,0,0,0,0,0,0,0
2550747258816,15.099404,1791215137375382456,,0,0,0,0,0,0,0,0,0,0,0,0,0,0,0,0,0,0,0
2550767275200,15.11942,1791215137395382738,,0,0,0,0,0,0,0,0,0,0,0,0,0,0,0,0,0,0,0
2550787285184,15.13943,1791215137415383226,,0,0,0,0,0,0,0,0,0,0,0,0,0,0,0,0,0,0,0
2550807264992,15.15941,1791215137435382937,,0,0,0,0,0,0,0,0,0,0,0,0,0,0,0,0,0,0,0
2550827234976,15.17938,1791215137455382585,,0,0,0,0,0,0,0,0,0,0,0,0,0,0,0,0,0,0,0
2550847105280,15.19925,1791215137475382945,,0,0,0,0,0,0,0,0,0,0,0,0,0,0,0,0,0,0,0
2550867253376,15.219398,1791215137495383058,,0,0,0,0,0,0,0,0,0,0,0,0,0,0,0,0,0,0,0
2550887243392,15.239388,1791215137515382408,,0,0,0,0,0,0,0,0,0,0,0,0,0,0,0,0,0,0,0
2550907260736,15.259406,1791215137535382776,,0,0,0,0,0,0,0,0,0,0,0,0,0,0,0,0,0,0,0
2550927587808,15.279733,1791215137555388034,,0,0,0,0,0,0,0,0,0,0,0,0,0,0,0,0,0,0,0
2550947223328,15.299368,1791215137575383226,,0,0,0,0,0,0,0,0,0,0,0,0,0,0,0,0,0,0,0
2550967274400,15.319419,1791215137595382881,,0,0,0,0,0,0,0,0,0,0,0,0,0,0,0,0,0,0,0
2550987251328,15.339396,1791215137615382861,,0,0,0,0,0,0,0,0,0,0,0,0,0,0,0,0,0,0,0
2551007243264,15.359388,1791215137635382504,,0,0,0,0,0,0,0,0,0,0,0,0,0,0,0,0,0,0,0
2551027270400,15.379415,1791215137655383497,,0,0,0,0,0,0,0,0,0,0,0,0,0,0,0,0,0,0,0
2551047124992,15.39927,1791215137675382705,,0,0,0,0,0,0,0,0,0,0,0,0,0,0,0,0,0,0,0
2551067199776,15.419345,1791215137695382750,,0,0,0,0,0,0,0,0,0,0,0,0,0,0,0,0,0,0,0
2551087249664,15.439395,1791215137715382574,,0,0,0,0,0,0,0,0,0,0,0,0,0,0,0,0,0,0,0
2551107248992,15.459394,1791215137735382961,,0,0,0,0,0,0,0,0,0,0,0,0,0,0,0,0,0,0,0
2551127253920,15.479399,1791215137755382874,,0,0,0,0,0,0,0,0,0,0,0,0,0,0,0,0,0,0,0
2551147246944,15.499392,1791215137775382592,,0,0,0,0,0,0,0,0,0,0,0,0,0,0,0,0,0,0,0
2551167247520,15.519393,1791215137795383016,,0,0,0,0,0,0,0,0,0,0,0,0,0,0,0,0,0,0,0
2551187217376,15.539362,1791215137815382926,,0,0,0,0,0,0,0,0,0,0,0,0,0,0,0,0,0,0,0
2551207248640,15.559394,1791215137835382786,,0,0,0,0,0,0,0,0,0,0,0,0,0,0,0,0,0,0,0
2551227233824,15.579379,1791215137855382890,,0,0,0,0,0,0,0,0,0,0,0,0,0,0,0,0,0,0,0
2551247154624,15.5993,1791215137875382535,,0,0,0,0,0,0,0,0,0,0,0,0,0,0,0,0,0,0,0
2551267234432,15.619379,1791215137895383331,,0,0,0,0,0,0,0,0,0,0,0,0,0,0,0,0,0,0,0
2551287211904,15.639357,1791215137915382684,,0,0,0,0,0,0,0,0,0,0,0,0,0,0,0,0,0,0,0
2551307214464,15.65936,1791215137935382582,,0,0,0,0,0,0,0,0,0,0,0,0,0,0,0,0,0,0,0
2551327212224,15.679357,1791215137955382515,,0,0,0,0,0,0,0,0,0,0,0,0,0,0,0,0,0,0,0
2551347216256,15.699361,1791215137975383317,,0,0,0,0,0,0,0,0,0,0,0,0,0,0,0,0,0,0,0
2551367237024,15.719382,1791215137995382340,,0,0,0,0,0,0,0,0,0,0,0,0,0,0,0,0,0,0,0
2551387224992,15.73937,1791215138015382615,,0,0,0,0,0,0,0,0,0,0,0,0,0,0,0,0,0,0,0
2551407184544,15.75933,1791215138035382901,,0,0,0,0,0,0,0,0,0,0,0,0,0,0,0,0,0,0,0
2551427229600,15.779375,1791215138055382851,,0,0,0,0,0,0,0,0,0,0,0,0,0,0,0,0,0,0,0
2551447087456,15.799233,1791215138075382913,,0,0,0,0,0,0,0,0,0,0,0,0,0,0,0,0,0,0,0
2551467205376,15.81935,1791215138095382848,,0,0,0,0,0,0,0,0,0,0,0,0,0,0,0,0,0,0,0
2551487216384,15.839361,1791215138115383568,,0,0,0,0,0,0,0,0,0,0,0,0,0,0,0,0,0,0,0
2551507220160,15.859365,1791215138135382951,,0,0,0,0,0,0,0,0,0,0,0,0,0,0,0,0,0,0,0
2551527177504,15.879323,1791215138155382983,,0,0,0,0,0,0,0,0,0,0,0,0,0,0,0,0,0,0,0
2551547229984,15.899375,1791215138175382745,,0,0,0,0,0,0,0,0,0,0,0,0,0,0,0,0,0,0,0
2551567028704,15.919174,1791215138195383241,,0,0,0,0,0,0,0,0,0,0,0,0,0,0,0,0,0,0,0
2551587225568,15.939371,1791215138215383062,,0,0,0,0,0,0,0,0,0,0,0,0,0,0,0,0,0,0,0
2551607230592,15.959376,1791215138235382801,,0,0,0,0,0,0,0,0,0,0,0,0,0,0,0,0,0,0,0
2551627218176,15.979363,1791215138255382909,,0,0,0,0,0,0,0,0,0,0,0,0,0,0,0,0,0,0,0
2551647143872,15.999289,1791215138275383208,,0,0,0,0,0,0,0,0,0,0,0,0,0,0,0,0,0,0,0
2551667217248,16.019362,1791215138295382990,,0,0,0,0,0,0,0,0,0,0,0,0,0,0,0,0,0,0,0
2551687187968,16.039333,1791215138315382604,,0,0,0,0,0,0,0,0,0,0,0,0,0,0,0,0,0,0,0
2551707226944,16.059372,1791215138335382623,,0,0,0,0,0,0,0,0,0,0,0,0,0,0,0,0,0,0,0
2551727208096,16.079353,1791215138355382724,,0,0,0,0,0,0,0,0,0,0,0,0,0,0,0,0,0,0,0
2551747168992,16.099314,1791215138375382416,,0,0,0,0,0,0,0,0,0,0,0,0,0,0,0,0,0,0,0
2551767247968,16.119393,1791215138395382631,,0,0,0,0,0,0,0,0,0,0,0,0,0,0,0,0,0,0,0
2551787207744,16.139353,1791215138415382482,,0,0,0,0,0,0,0,0,0,0,0,0,0,0,0,0,0,0,0
2551807193920,16.159339,1791215138435382735,,0,0,0,0,0,0,0,0,0,0,0,0,0,0,0,0,0,0,0
2551827209184,16.179354,1791215138455382978,,0,0,0,0,0,0,0,0,0,0,0,0,0,0,0,0,0,0,0
2551847069696,16.199215,1791215138475382641,,0,0,0,0,0,0,0,0,0,0,0,0,0,0,0,0,0,0,0
2551867107648,16.219253,1791215138495382441,,0,0,0,0,0,0,0,0,0,0,0,0,0,0,0,0,0,0,0
2551887196864,16.239342,1791215138515382980,,0,0,0,0,0,0,0,0,0,0,0,0,0,0,0,0,0,0,0
2551907006848,16.259152,1791215138535383172,,0,0,0,0,0,0,0,0,0,0,0,0,0,0,0,0,0,0,0
2551927174144,16.279319,1791215138555382993,,0,0,0,0,0,0,0,0,0,0,0,0,0,0,0,0,0,0,0
2551947026528,16.299172,1791215138575382932,,0,0,0,0,0,0,0,0,0,0,0,0,0,0,0,0,0,0,0
2551967013984,16.319159,1791215138595383029,,0,0,0,0,0,0,0,0,0,0,0,0,0,0,0,0,0,0,0
2551987173664,16.339319,1791215138615382784,,0,0,0,0,0,0,0,0,0,0,0,0,0,0,0,0,0,0,0
2552007219584,16.359365,1791215138635382581,,0,0,0,0,0,0,0,0,0,0,0,0,0,0,0,0,0,0,0
2552027195584,16.379341,1791215138655387910,,0,0,0,0,0,0,0,0,0,0,0,0,0,0,0,0,0,0,0
2552047067296,16.399212,1791215138675383132,,0,0,0,0,0,0,0,0,0,0,0,0,0,0,0,0,0,0,0
2552067214144,16.419359,1791215138695382841,,0,0,0,0,0,0,0,0,0,0,0,0,0,0,0,0,0,0,0
2552087173472,16.439319,1791215138715383393,,0,0,0,0,0,0,0,0,0,0,0,0,0,0,0,0,0,0,0
2552107019264,16.459164,1791215138735382918,,0,0,0,0,0,0,0,0,0,0,0,0,0,0,0,0,0,0,0
2552127183008,16.479328,1791215138755382828,,0,0,0,0,0,0,0,0,0,0,0,0,0,0,0,0,0,0,0
2552147181824,16.499327,1791215138775382723,,0,0,0,0,0,0,0,0,0,0,0,0,0,0,0,0,0,0,0
2552167013472,16.519159,1791215138795382488,,0,0,0,0,0,0,0,0,0,0,0,0,0,0,0,0,0,0,0
2552187173536,16.539319,1791215138815385568,,0,0,0,0,0,0,0,0,0,0,0,0,0,0,0,0,0,0,0
2552207018432,16.559163,1791215138835383295,,0,0,0,0,0,0,0,0,0,0,0,0,0,0,0,0,0,0,0
2552227006432,16.579151,1791215138855382703,,0,0,0,0,0,0,0,0,0,0,0,0,0,0,0,0,0,0,0
2552247055616,16.599201,1791215138875382750,,0,0,0,0,0,0,0,0,0,0,0,0,0,0,0,0,0,0,0
2552267169184,16.619314,1791215138895382756,,0,0,0,0,0,0,0,0,0,0,0,0,0,0,0,0,0,0,0
2552287015008,16.63916,1791215138915382592,,0,0,0,0,0,0,0,0,0,0,0,0,0,0,0,0,0,0,0
2552306990240,16.659135,1791215138935382715,,0,0,0,0,0,0,0,0,0,0,0,0,0,0,0,0,0,0,0
2552327146880,16.679292,1791215138955382968,,0,0,0,0,0,0,0,0,0,0,0,0,0,0,0,0,0,0,0
2552346999136,16.699144,1791215138975383203,,0,0,0,0,0,0,0,0,0,0,0,0,0,0,0,0,0,0,0
2552367017536,16.719163,1791215138995383039,,0,0,0,0,0,0,0,0,0,0,0,0,0,0,0,0,0,0,0
2552387154144,16.739299,1791215139015382352,,0,0,0,0,0,0,0,0,0,0,0,0,0,0,0,0,0,0,0
2552407163104,16.759308,1791215139035382828,,0,0,0,0,0,0,0,0,0,0,0,0,0,0,0,0,0,0,0
2552427092928,16.779238,1791215139055383160,,0,0,0,0,0,0,0,0,0,0,0,0,0,0,0,0,0,0,0
2552447012480,16.799158,1791215139075382662,,0,0,0,0,0,0,0,0,0,0,0,0,0,0,0,0,0,0,0
2552467024288,16.819169,1791215139095383003,,0,0,0,0,0,0,0,0,0,0,0,0,0,0,0,0,0,0,0
2552487144640,16.83929,1791215139115382527,,0,0,0,0,0,0,0,0,0,0,0,0,0,0,0,0,0,0,0
2552507006272,16.859151,1791215139135382835,,0,0,0,0,0,0,0,0,0,0,0,0,0,0,0,0,0,0,0
2552526988160,16.879133,1791215139155382714,,0,0,0,0,0,0,0,0,0,0,0,0,0,0,0,0,0,0,0
2552547005472,16.899151,1791215139175382473,,0,0,0,0,0,0,0,0,0,0,0,0,0,0,0,0,0,0,0
2552567021856,16.919167,1791215139195385748,,0,0,0,0,0,0,0,0,0,0,0,0,0,0,0,0,0,0,0
2552586996064,16.939141,1791215139215382846,,0,0,0,0,0,0,0,0,0,0,0,0,0,0,0,0,0,0,0
2552607018016,16.959163,1791215139235382803,,0,0,0,0,0,0,0,0,0,0,0,0,0,0,0,0,0,0,0
2552627023072,16.979168,1791215139255382541,,0,0,0,0,0,0,0,0,0,0,0,0,0,0,0,0,0,0,0
2552646981696,16.999127,1791215139275382939,,0,0,0,0,0,0,0,0,0,0,0,0,0,0,0,0,0,0,0
2552666976256,17.019121,1791215139295382903,,0,0,0,0,0,0,0,0,0,0,0,0,0,0,0,0,0,0,0
2552686991392,17.039136,1791215139315382970,,0,0,0,0,0,0,0,0,0,0,0,0,0,0,0,0,0,0,0
2552707004544,17.05915,1791215139335382633,,0,0,0,0,0,0,0,0,0,0,0,0,0,0,0,0,0,0,0
2552726983072,17.079128,1791215139355383148,,0,0,0,0,0,0,0,0,0,0,0,0,0,0,0,0,0,0,0
2552746985056,17.09913,1791215139375383128,,0,0,0,0,0,0,0,0,0,0,0,0,0,0,0,0,0,0,0
2552767053184,17.119198,1791215139395382696,,0,0,0,0,0,0,0,0,0,0,0,0,0,0,0,0,0,0,0
2552787093600,17.139239,1791215139415382736,,0,0,0,0,0,0,0,0,0,0,0,0,0,0,0,0,0,0,0
2552806987840,17.159133,1791215139435383148,,0,0,0,0,0,0,0,0,0,0,0,0,0,0,0,0,0,0,0
2552827041248,17.179186,1791215139455382376,,0,0,0,0,0,0,0,0,0,0,0,0,0,0,0,0,0,0,0
2552846992768,17.199138,1791215139475382462,,0,0,0,0,0,0,0,0,0,0,0,0,0,0,0,0,0,0,0
2552867034720,17.21918,1791215139495382942,,0,0,0,0,0,0,0,0,0,0,0,0,0,0,0,0,0,0,0
2552886965504,17.239111,1791215139515382456,,0,0,0,0,0,0,0,0,0,0,0,0,0,0,0,0,0,0,0
2552907024640,17.25917,1791215139535382857,,0,0,0,0,0,0,0,0,0,0,0,0,0,0,0,0,0,0,0
2552926965600,17.279111,1791215139555383073,,0,0,0,0,0,0,0,0,0,0,0,0,0,0,0,0,0,0,0
2552947007136,17.299152,1791215139575382733,,0,0,0,0,0,0,0,0,0,0,0,0,0,0,0,0,0,0,0
2552967063904,17.319209,1791215139595382546,,0,0,0,0,0,0,0,0,0,0,0,0,0,0,0,0,0,0,0
2552987122848,17.339268,1791215139615382933,,0,0,0,0,0,0,0,0,0,0,0,0,0,0,0,0,0,0,0
2553006984416,17.359129,1791215139635382774,,0,0,0,0,0,0,0,0,0,0,0,0,0,0,0,0,0,0,0
2553026982912,17.379128,1791215139655383766,,0,0,0,0,0,0,0,0,0,0,0,0,0,0,0,0,0,0,0
2553046991808,17.399137,1791215139675383171,,0,0,0,0,0,0,0,0,0,0,0,0,0,0,0,0,0,0,0
2553067119040,17.419264,1791215139695382709,,0,0,0,0,0,0,0,0,0,0,0,0,0,0,0,0,0,0,0
2553086963392,17.439108,1791215139715383326,,0,0,0,0,0,0,0,0,0,0,0,0,0,0,0,0,0,0,0
2553106988096,17.459133,1791215139735386227,,0,0,0,0,0,0,0,0,0,0,0,0,0,0,0,0,0,0,0
2553126974240,17.479119,1791215139755382762,,0,0,0,0,0,0,0,0,0,0,0,0,0,0,0,0,0,0,0
2553146993856,17.499139,1791215139775383072,,0,0,0,0,0,0,0,0,0,0,0,0,0,0,0,0,0,0,0
2553167034848,17.51918,1791215139795383169,,0,0,0,0,0,0,0,0,0,0,0,0,0,0,0,0,0,0,0
2553186973856,17.539119,1791215139815383260,,0,0,0,0,0,0,0,0,0,0,0,0,0,0,0,0,0,0,0
2553207011936,17.559157,1791215139835396822,,0,0,0,0,0,0,0,0,0,0,0,0,0,0,0,0,0,0,0
2553227087936,17.579233,1791215139855382553,,0,0,0,0,0,0,0,0,0,0,0,0,0,0,0,0,0,0,0
2553246959840,17.599105,1791215139875382472,,0,0,0,0,0,0,0,0,0,0,0,0,0,0,0,0,0,0,0
2553267143488,17.619289,1791215139895383045,,0,0,0,0,0,0,0,0,0,0,0,0,0,0,0,0,0,0,0
2553287006048,17.639151,1791215139915382762,,0,0,0,0,0,0,0,0,0,0,0,0,0,0,0,0,0,0,0
2553307037440,17.659182,1791215139935382586,,0,0,0,0,0,0,0,0,0,0,0,0,0,0,0,0,0,0,0
2553326984480,17.67913,1791215139955382844,,0,0,0,0,0,0,0,0,0,0,0,0,0,0,0,0,0,0,0
2553347017280,17.699162,1791215139975382418,,0,0,0,0,0,0,0,0,0,0,0,0,0,0,0,0,0,0,0
2553367122592,17.719268,1791215139995382844,,0,0,0,0,0,0,0,0,0,0,0,0,0,0,0,0,0,0,0
2553387041408,17.739186,1791215140015382962,,0,0,0,0,0,0,0,0,0,0,0,0,0,0,0,0,0,0,0
2553406998752,17.759144,1791215140035382548,,0,0,0,0,0,0,0,0,0,0,0,0,0,0,0,0,0,0,0
2553427124352,17.779269,1791215140055383520,,0,0,0,0,0,0,0,0,0,0,0,0,0,0,0,0,0,0,0
2553447057056,17.799202,1791215140075382925,,0,0,0,0,0,0,0,0,0,0,0,0,0,0,0,0,0,0,0
2553467095136,17.81924,1791215140095382674,,0,0,0,0,0,0,0,0,0,0,0,0,0,0,0,0,0,0,0
2553486996128,17.839141,1791215140115382464,,0,0,0,0,0,0,0,0,0,0,0,0,0,0,0,0,0,0,0
2553507006944,17.859152,1791215140135382699,,0,0,0,0,0,0,0,0,0,0,0,0,0,0,0,0,0,0,0
2553526990240,17.879135,1791215140155382785,,0,0,0,0,0,0,0,0,0,0,0,0,0,0,0,0,0,0,0
2553547014688,17.89916,1791215140175382824,,0,0,0,0,0,0,0,0,0,0,0,0,0,0,0,0,0,0,0
2553567014688,17.91916,1791215140195382826,,0,0,0,0,0,0,0,0,0,0,0,0,0,0,0,0,0,0,0
2553587127840,17.939273,1791215140215382738,,0,0,0,0,0,0,0,0,0,0,0,0,0,0,0,0,0,0,0
2553607015904,17.959161,1791215140235382694,,0,0,0,0,0,0,0,0,0,0,0,0,0,0,0,0,0,0,0
2553627002592,17.979148,1791215140255382591,,0,0,0,0,0,0,0,0,0,0,0,0,0,0,0,0,0,0,0
2553646980800,17.999126,1791215140275382630,,0,0,0,0,0,0,0,0,0,0,0,0,0,0,0,0,0,0,0
2553667146016,18.019291,1791215140295382867,,0,0,0,0,0,0,0,0,0,0,0,0,0,0,0,0,0,0,0
2553686981472,18.039127,1791215140315382751,,0,0,0,0,0,0,0,0,0,0,0,0,0,0,0,0,0,0,0
2553707015904,18.059161,1791215140335383464,,0,0,0,0,0,0,0,0,0,0,0,0,0,0,0,0,0,0,0
2553726994976,18.07914,1791215140355382373,,0,0,0,0,0,0,0,0,0,0,0,0,0,0,0,0,0,0,0
2553746987296,18.099132,1791215140375382497,,0,0,0,0,0,0,0,0,0,0,0,0,0,0,0,0,0,0,0
2553767077408,18.119222,1791215140395382567,,0,0,0,0,0,0,0,0,0,0,0,0,0,0,0,0,0,0,0
2553787096384,18.139241,1791215140415382819,,0,0,0,0,0,0,0,0,0,0,0,0,0,0,0,0,0,0,0
2553806983520,18.159129,1791215140435382526,,0,0,0,0,0,0,0,0,0,0,0,0,0,0,0,0,0,0,0
2553827091456,18.179237,1791215140455382668,,0,0,0,0,0,0,0,0,0,0,0,0,0,0,0,0,0,0,0
2553847026176,18.199171,1791215140475382801,,0,0,0,0,0,0,0,0,0,0,0,0,0,0,0,0,0,0,0
2553867127680,18.219273,1791215140495382548,,0,0,0,0,0,0,0,0,0,0,0,0,0,0,0,0,0,0,0
2553886977664,18.239123,1791215140515382475,,0,0,0,0,0,0,0,0,0,0,0,0,0,0,0,0,0,0,0
2553907063904,18.259209,1791215140535382763,,0,0,0,0,0,0,0,0,0,0,0,0,0,0,0,0,0,0,0
2553926985472,18.279131,1791215140555383310,,0,0,0,0,0,0,0,0,0,0,0,0,0,0,0,0,0,0,0
2553947065760,18.299211,1791215140575382832,,0,0,0,0,0,0,0,0,0,0,0,0,0,0,0,0,0,0,0
2553967084096,18.319229,1791215140595382880,,0,0,0,0,0,0,0,0,0,0,0,0,0,0,0,0,0,0,0
2553987116256,18.339261,1791215140615382935,,0,0,0,0,0,0,0,0,0,0,0,0,0,0,0,0,0,0,0
2554007000000,18.359145,1791215140635382989,,0,0,0,0,0,0,0,0,0,0,0,0,0,0,0,0,0,0,0
2554027106208,18.379251,1791215140655383107,,0,0,0,0,0,0,0,0,0,0,0,0,0,0,0,0,0,0,0
2554046969472,18.399115,1791215140675383211,,0,0,0,0,0,0,0,0,0,0,0,0,0,0,0,0,0,0,0
2554067085056,18.41923,1791215140695383543,,0,0,0,0,0,0,0,0,0,0,0,0,0,0,0,0,0,0,0
2554086978176,18.439123,1791215140715382668,,0,0,0,0,0,0,0,0,0,0,0,0,0,0,0,0,0,0,0
2554106995616,18.459141,1791215140735383057,,0,0,0,0,0,0,0,0,0,0,0,0,0,0,0,0,0,0,0
2554126982240,18.479127,1791215140755383057,,0,0,0,0,0,0,0,0,0,0,0,0,0,0,0,0,0,0,0
2554147020000,18.499165,1791215140775382659,,0,0,0,0,0,0,0,0,0,0,0,0,0,0,0,0,0,0,0
2554167029664,18.519175,1791215140795383373,,0,0,0,0,0,0,0,0,0,0,0,0,0,0,0,0,0,0,0
2554186969952,18.539115,1791215140815382875,,0,0,0,0,0,0,0,0,0,0,0,0,0,0,0,0,0,0,0
2554207018464,18.559164,1791215140835382941,,0,0,0,0,0,0,0,0,0,0,0,0,0,0,0,0,0,0,0
2554226986816,18.579132,1791215140855382806,,0,0,0,0,0,0,0,0,0,0,0,0,0,0,0,0,0,0,0
2554246953568,18.599099,1791215140875382842,,0,0,0,0,0,0,0,0,0,0,0,0,0,0,0,0,0,0,0
2554267080512,18.619226,1791215140895382761,,0,0,0,0,0,0,0,0,0,0,0,0,0,0,0,0,0,0,0
2554286972384,18.639117,1791215140915382755,,0,0,0,0,0,0,0,0,0,0,0,0,0,0,0,0,0,0,0
2554307027040,18.659172,1791215140935383693,,0,0,0,0,0,0,0,0,0,0,0,0,0,0,0,0,0,0,0
2554326988416,18.679133,1791215140955382432,,0,0,0,0,0,0,0,0,0,0,0,0,0,0,0,0,0,0,0
2554347043520,18.699189,1791215140975382617,,0,0,0,0,0,0,0,0,0,0,0,0,0,0,0,0,0,0,0
2554367081280,18.719226,1791215140995383016,,0,0,0,0,0,0,0,0,0,0,0,0,0,0,0,0,0,0,0
2554387044768,18.73919,1791215141015383045,,0,0,0,0,0,0,0,0,0,0,0,0,0,0,0,0,0,0,0
2554407015808,18.759161,1791215141035383444,,0,0,0,0,0,0,0,0,0,0,0,0,0,0,0,0,0,0,0
2554427012768,18.779158,1791215141055383237,,0,0,0,0,0,0,0,0,0,0,0,0,0,0,0,0,0,0,0
2554447045056,18.79919,1791215141075383109,,0,0,0,0,0,0,0,0,0,0,0,0,0,0,0,0,0,0,0
2554467068320,18.819213,1791215141095382832,,0,0,0,0,0,0,0,0,0,0,0,0,0,0,0,0,0,0,0
2554487012448,18.839158,1791215141115382640,,0,0,0,0,0,0,0,0,0,0,0,0,0,0,0,0,0,0,0
2554507054688,18.8592,1791215141135382459,,0,0,0,0,0,0,0,0,0,0,0,0,0,0,0,0,0,0,0
2554526962656,18.879108,1791215141155382801,,0,0,0,0,0,0,0,0,0,0,0,0,0,0,0,0,0,0,0
2554547016960,18.899162,1791215141175382405,,0,0,0,0,0,0,0,0,0,0,0,0,0,0,0,0,0,0,0
2554567084672,18.91923,1791215141195382596,,0,0,0,0,0,0,0,0,0,0,0,0,0,0,0,0,0,0,0
2554586960928,18.939106,1791215141215382685,,0,0,0,0,0,0,0,0,0,0,0,0,0,0,0,0,0,0,0
2554607041856,18.959187,1791215141235383437,,0,0,0,0,0,0,0,0,0,0,0,0,0,0,0,0,0,0,0
2554627046784,18.979192,1791215141255382753,,0,0,0,0,0,0,0,0,0,0,0,0,0,0,0,0,0,0,0
2554647018208,18.999163,1791215141275382694,,0,0,0,0,0,0,0,0,0,0,0,0,0,0,0,0,0,0,0
2554666995456,19.019141,1791215141295382781,,0,0,0,0,0,0,0,0,0,0,0,0,0,0,0,0,0,0,0
2554687004096,19.039149,1791215141315382804,,0,0,0,0,0,0,0,0,0,0,0,0,0,0,0,0,0,0,0
2554707022112,19.059167,1791215141335383116,,0,0,0,0,0,0,0,0,0,0,0,0,0,0,0,0,0,0,0
2554727005024,19.07915,1791215141355383493,,0,0,0,0,0,0,0,0,0,0,0,0,0,0,0,0,0,0,0
2554747030656,19.099176,1791215141375383242,,0,0,0,0,0,0,0,0,0,0,0,0,0,0,0,0,0,0,0
2554767094752,19.11924,1791215141395382633,,0,0,0,0,0,0,0,0,0,0,0,0,0,0,0,0,0,0,0
2554787039616,19.139185,1791215141415382359,,0,0,0,0,0,0,0,0,0,0,0,0,0,0,0,0,0,0,0
2554807032832,19.159178,1791215141435383152,,0,0,0,0,0,0,0,0,0,0,0,0,0,0,0,0,0,0,0
2554827019936,19.179165,1791215141455382804,,0,0,0,0,0,0,0,0,0,0,0,0,0,0,0,0,0,0,0
2554846939040,19.199084,1791215141475383035,,0,0,0,0,0,0,0,0,0,0,0,0,0,0,0,0,0,0,0
2554867041024,19.219186,1791215141495382738,,0,0,0,0,0,0,0,0,0,0,0,0,0,0,0,0,0,0,0
2554886978400,19.239123,1791215141515383105,,0,0,0,0,0,0,0,0,0,0,0,0,0,0,0,0,0,0,0
2554907005376,19.25915,1791215141535382228,,0,0,0,0,0,0,0,0,0,0,0,0,0,0,0,0,0,0,0
2554926996864,19.279142,1791215141555382365,,0,0,0,0,0,0,0,0,0,0,0,0,0,0,0,0,0,0,0
2554947016384,19.299161,1791215141575383882,,0,0,0,0,0,0,0,0,0,0,0,0,0,0,0,0,0,0,0
2554967056640,19.319202,1791215141595382974,,0,0,0,0,0,0,0,0,0,0,0,0,0,0,0,0,0,0,0
2554987008832,19.339154,1791215141615382560,,0,0,0,0,0,0,0,0,0,0,0,0,0,0,0,0,0,0,0
2555007049504,19.359195,1791215141635382736,,0,0,0,0,0,0,0,0,0,0,0,0,0,0,0,0,0,0,0
2555027026496,19.379172,1791215141655382473,,0,0,0,0,0,0,0,0,0,0,0,0,0,0,0,0,0,0,0
2555046898912,19.399044,1791215141675382880,,0,0,0,0,0,0,0,0,0,0,0,0,0,0,0,0,0,0,0
2555067047040,19.419192,1791215141695382921,,0,0,0,0,0,0,0,0,0,0,0,0,0,0,0,0,0,0,0
2555086984384,19.439129,1791215141715383250,,0,0,0,0,0,0,0,0,0,0,0,0,0,0,0,0,0,0,0
2555106974176,19.459119,1791215141735383118,,0,0,0,0,0,0,0,0,0,0,0,0,0,0,0,0,0,0,0
2555127010752,19.479156,1791215141755382976,,0,0,0,0,0,0,0,0,0,0,0,0,0,0,0,0,0,0,0
2555147011168,19.499156,1791215141775382641,,0,0,0,0,0,0,0,0,0,0,0,0,0,0,0,0,0,0,0
2555167074016,19.519219,1791215141795382567,,0,0,0,0,0,0,0,0,0,0,0,0,0,0,0,0,0,0,0
2555187019360,19.539164,1791215141815383066,,0,0,0,0,0,0,0,0,0,0,0,0,0,0,0,0,0,0,0
2555207054496,19.5592,1791215141835382522,,0,0,0,0,0,0,0,0,0,0,0,0,0,0,0,0,0,0,0
2555227025536,19.579171,1791215141855382777,,0,0,0,0,0,0,0,0,0,0,0,0,0,0,0,0,0,0,0
2555246974624,19.59912,1791215141875383407,,0,0,0,0,0,0,0,0,0,0,0,0,0,0,0,0,0,0,0
2555267055488,19.619201,1791215141895382526,,0,0,0,0,0,0,0,0,0,0,0,0,0,0,0,0,0,0,0
2555287008672,19.639154,1791215141915383608,,0,0,0,0,0,0,0,0,0,0,0,0,0,0,0,0,0,0,0
2555307048256,19.659193,1791215141935382844,,0,0,0,0,0,0,0,0,0,0,0,0,0,0,0,0,0,0,0
2555326991072,19.679136,1791215141955383268,,0,0,0,0,0,0,0,0,0,0,0,0,0,0,0,0,0,0,0
2555347029248,19.699174,1791215141975382805,,0,0,0,0,0,0,0,0,0,0,0,0,0,0,0,0,0,0,0
2555367031424,19.719176,1791215141995383097,,0,0,0,0,0,0,0,0,0,0,0,0,0,0,0,0,0,0,0
2555387020064,19.739165,1791215142015383001,,0,0,0,0,0,0,0,0,0,0,0,0,0,0,0,0,0,0,0
2555407057888,19.759203,1791215142035382622,,0,0,0,0,0,0,0,0,0,0,0,0,0,0,0,0,0,0,0
2555426999456,19.779145,1791215142055382752,,0,0,0,0,0,0,0,0,0,0,0,0,0,0,0,0,0,0,0
2555446907232,19.799052,1791215142075383077,,0,0,0,0,0,0,0,0,0,0,0,0,0,0,0,0,0,0,0
2555467067424,19.819212,1791215142095382504,,0,0,0,0,0,0,0,0,0,0,0,0,0,0,0,0,0,0,0
2555486999968,19.839145,1791215142115382769,,0,0,0,0,0,0,0,0,0,0,0,0,0,0,0,0,0,0,0
2555507039904,19.859185,1791215142135383061,,0,0,0,0,0,0,0,0,0,0,0,0,0,0,0,0,0,0,0
2555527008576,19.879154,1791215142155382801,,0,0,0,0,0,0,0,0,0,0,0,0,0,0,0,0,0,0,0
2555547032448,19.899178,1791215142175382667,,0,0,0,0,0,0,0,0,0,0,0,0,0,0,0,0,0,0,0
2555567009376,19.919154,1791215142195382519,,0,0,0,0,0,0,0,0,0,0,0,0,0,0,0,0,0,0,0
2555587020640,19.939166,1791215142215383323,,0,0,0,0,0,0,0,0,0,0,0,0,0,0,0,0,0,0,0
2555607015648,19.959161,1791215142235382916,,0,0,0,0,0,0,0,0,0,0,0,0,0,0,0,0,0,0,0
2555627060736,19.979206,1791215142255382936,,0,0,0,0,0,0,0,0,0,0,0,0,0,0,0,0,0,0,0
2555647022432,19.999167,1791215142275382981,,0,0,0,0,0,0,0,0,0,0,0,0,0,0,0,0,0,0,0
2555667042208,20.019187,1791215142295382468,,0,0,0,0,0,0,0,0,0,0,0,0,0,0,0,0,0,0,0
2555686997792,20.039143,1791215142315383295,,0,0,0,0,0,0,0,0,0,0,0,0,0,0,0,0,0,0,0
2555707017920,20.059163,1791215142335382692,,0,0,0,0,0,0,0,0,0,0,0,0,0,0,0,0,0,0,0
2555726987040,20.079132,1791215142355382763,,0,0,0,0,0,0,0,0,0,0,0,0,0,0,0,0,0,0,0
2555747006016,20.099151,1791215142375382944,,0,0,0,0,0,0,0,0,0,0,0,0,0,0,0,0,0,0,0
2555766997952,20.119143,1791215142395382745,,0,0,0,0,0,0,0,0,0,0,0,0,0,0,0,0,0,0,0
2555787082272,20.139227,1791215142415383095,,0,0,0,0,0,0,0,0,0,0,0,0,0,0,0,0,0,0,0
2555807023008,20.159168,1791215142435383193,,0,0,0,0,0,0,0,0,0,0,0,0,0,0,0,0,0,0,0
2555827035008,20.17918,1791215142455382753,,0,0,0,0,0,0,0,0,0,0,0,0,0,0,0,0,0,0,0
2555846919200,20.199064,1791215142475382974,,0,0,0,0,0,0,0,0,0,0,0,0,0,0,0,0,0,0,0
2555867052640,20.219198,1791215142495383082,,0,0,0,0,0,0,0,0,0,0,0,0,0,0,0,0,0,0,0
2555887003808,20.239149,1791215142515382603,,0,0,0,0,0,0,0,0,0,0,0,0,0,0,0,0,0,0,0
2555906998624,20.259144,1791215142535382739,,0,0,0,0,0,0,0,0,0,0,0,0,0,0,0,0,0,0,0
2555926996576,20.279142,1791215142555382977,,0,0,0,0,0,0,0,0,0,0,0,0,0,0,0,0,0,0,0
2555947009632,20.299155,1791215142575383228,,0,0,0,0,0,0,0,0,0,0,0,0,0,0,0,0,0,0,0
2555967040128,20.319185,1791215142595383043,,0,0,0,0,0,0,0,0,0,0,0,0,0,0,0,0,0,0,0
2555987037824,20.339183,1791215142615382787,,0,0,0,0,0,0,0,0,0,0,0,0,0,0,0,0,0,0,0
2556007019616,20.359165,1791215142635382591,,0,0,0,0,0,0,0,0,0,0,0,0,0,0,0,0,0,0,0
2556027035968,20.379181,1791215142655383056,,0,0,0,0,0,0,0,0,0,0,0,0,0,0,0,0,0,0,0
2556046924064,20.399069,1791215142675382854,,0,0,0,0,0,0,0,0,0,0,0,0,0,0,0,0,0,0,0
2556066996096,20.419141,1791215142695382861,,0,0,0,0,0,0,0,0,0,0,0,0,0,0,0,0,0,0,0
2556087014784,20.43916,1791215142715382582,,0,0,0,0,0,0,0,0,0,0,0,0,0,0,0,0,0,0,0
2556107019456,20.459165,1791215142735383001,,0,0,0,0,0,0,0,0,0,0,0,0,0,0,0,0,0,0,0
2556126980992,20.479126,1791215142755382666,,0,0,0,0,0,0,0,0,0,0,0,0,0,0,0,0,0,0,0
2556147022848,20.499168,1791215142775382418,,0,0,0,0,0,0,0,0,0,0,0,0,0,0,0,0,0,0,0
2556166993600,20.519139,1791215142795383088,,0,0,0,0,0,0,0,0,0,0,0,0,0,0,0,0,0,0,0
2556186997376,20.539142,1791215142815385113,,0,0,0,0,0,0,0,0,0,0,0,0,0,0,0,0,0,0,0
2556206997248,20.559142,1791215142835382908,,0,0,0,0,0,0,0,0,0,0,0,0,0,0,0,0,0,0,0
2556226982464,20.579128,1791215142855382626,,0,0,0,0,0,0,0,0,0,0,0,0,0,0,0,0,0,0,0
2556246857728,20.599003,1791215142875383012,,0,0,0,0,0,0,0,0,0,0,0,0,0,0,0,0,0,0,0
2556267030432,20.619175,1791215142895382608,,0,0,0,0,0,0,0,0,0,0,0,0,0,0,0,0,0,0,0
2556286990816,20.639136,1791215142915382903,,0,0,0,0,0,0,0,0,0,0,0,0,0,0,0,0,0,0,0
2556306985216,20.65913,1791215142935382695,,0,0,0,0,0,0,0,0,0,0,0,0,0,0,0,0,0,0,0
2556327003520,20.679149,1791215142955382494,,0,0,0,0,0,0,0,0,0,0,0,0,0,0,0,0,0,0,0
2556347006016,20.699151,1791215142975382555,,0,0,0,0,0,0,0,0,0,0,0,0,0,0,0,0,0,0,0
2556367019872,20.719165,1791215142995389200,,0,0,0,0,0,0,0,0,0,0,0,0,0,0,0,0,0,0,0
2556387026176,20.739171,1791215143015383258,,0,0,0,0,0,0,0,0,0,0,0,0,0,0,0,0,0,0,0
2556408048288,20.760193,1791215143035384224,,0,0,0,0,0,0,0,0,0,0,0,0,0,0,0,0,0,0,0
2556427520960,20.779666,1791215143055383211,,0,0,0,0,0,0,0,0,0,0,0,0,0,0,0,0,0,0,0
2556446861216,20.799006,1791215143075382594,,0,0,0,0,0,0,0,0,0,0,0,0,0,0,0,0,0,0,0
2556466946752,20.819092,1791215143095382817,,0,0,0,0,0,0,0,0,0,0,0,0,0,0,0,0,0,0,0
2556487013184,20.839158,1791215143115383038,,0,0,0,0,0,0,0,0,0,0,0,0,0,0,0,0,0,0,0
2556506983232,20.859128,1791215143135383265,,0,0,0,0,0,0,0,0,0,0,0,0,0,0,0,0,0,0,0
2556527247296,20.879392,1791215143155382749,,0,0,0,0,0,0,0,0,0,0,0,0,0,0,0,0,0,0,0
2556547054976,20.8992,1791215143175382706,,0,0,0,0,0,0,0,0,0,0,0,0,0,0,0,0,0,0,0
2556566979744,20.919125,1791215143195383024,,0,0,0,0,0,0,0,0,0,0,0,0,0,0,0,0,0,0,0
2556586966816,20.939112,1791215143215383146,,0,0,0,0,0,0,0,0,0,0,0,0,0,0,0,0,0,0,0
2556606971008,20.959116,1791215143235382877,,0,0,0,0,0,0,0,0,0,0,0,0,0,0,0,0,0,0,0
2556627023136,20.979168,1791215143255382769,,0,0,0,0,0,0,0,0,0,0,0,0,0,0,0,0,0,0,0
2556647031680,20.999177,1791215143275382892,,0,0,0,0,0,0,0,0,0,0,0,0,0,0,0,0,0,0,0
2556667023488,21.019169,1791215143295383237,,0,0,0,0,0,0,0,0,0,0,0,0,0,0,0,0,0,0,0
2556686974304,21.039119,1791215143315383084,,0,0,0,0,0,0,0,0,0,0,0,0,0,0,0,0,0,0,0
2556706971648,21.059117,1791215143335382774,,0,0,0,0,0,0,0,0,0,0,0,0,0,0,0,0,0,0,0
2556726999776,21.079145,1791215143355383401,,0,0,0,0,0,0,0,0,0,0,0,0,0,0,0,0,0,0,0
2556746976672,21.099122,1791215143375382949,,0,0,0,0,0,0,0,0,0,0,0,0,0,0,0,0,0,0,0
2556766949952,21.119095,1791215143395382825,,0,0,0,0,0,0,0,0,0,0,0,0,0,0,0,0,0,0,0
2556786979264,21.139124,1791215143415382605,,0,0,0,0,0,0,0,0,0,0,0,0,0,0,0,0,0,0,0
2556806941792,21.159087,1791215143435382589,,0,0,0,0,0,0,0,0,0,0,0,0,0,0,0,0,0,0,0
2556827287456,21.179433,1791215143455382959,,0,0,0,0,0,0,0,0,0,0,0,0,0,0,0,0,0,0,0
2556847086880,21.199232,1791215143475383188,,0,0,0,0,0,0,0,0,0,0,0,0,0,0,0,0,0,0,0
2556866968640,21.219114,1791215143495383157,,0,0,0,0,0,0,0,0,0,0,0,0,0,0,0,0,0,0,0
2556886992864,21.239138,1791215143515383170,,0,0,0,0,0,0,0,0,0,0,0,0,0,0,0,0,0,0,0
2556906959712,21.259105,1791215143535396384,,0,0,0,0,0,0,0,0,0,0,0,0,0,0,0,0,0,0,0
2556926962400,21.279107,1791215143555382797,,0,0,0,0,0,0,0,0,0,0,0,0,0,0,0,0,0,0,0
2556947029280,21.299174,1791215143575383080,,0,0,0,0,0,0,0,0,0,0,0,0,0,0,0,0,0,0,0
2556966939040,21.319084,1791215143595382852,,0,0,0,0,0,0,0,0,0,0,0,0,0,0,0,0,0,0,0
2556986980384,21.339125,1791215143615397034,,0,0,0,0,0,0,0,0,0,0,0,0,0,0,0,0,0,0,0
2557006953472,21.359099,1791215143635383032,,0,0,0,0,0,0,0,0,0,0,0,0,0,0,0,0,0,0,0
2557026969120,21.379114,1791215143655382785,,0,0,0,0,0,0,0,0,0,0,0,0,0,0,0,0,0,0,0
2557046896352,21.399041,1791215143675382942,,0,0,0,0,0,0,0,0,0,0,0,0,0,0,0,0,0,0,0
2557066984800,21.41913,1791215143695383068,,0,0,0,0,0,0,0,0,0,0,0,0,0,0,0,0,0,0,0
2557086972192,21.439117,1791215143715383020,,0,0,0,0,0,0,0,0,0,0,0,0,0,0,0,0,0,0,0
2557106925856,21.459071,1791215143735382286,,0,0,0,0,0,0,0,0,0,0,0,0,0,0,0,0,0,0,0
2557126993792,21.479139,1791215143755382960,,0,0,0,0,0,0,0,0,0,0,0,0,0,0,0,0,0,0,0
2557146978208,21.499123,1791215143775382767,,0,0,0,0,0,0,0,0,0,0,0,0,0,0,0,0,0,0,0
2557166943008,21.519088,1791215143795382568,,0,0,0,0,0,0,0,0,0,0,0,0,0,0,0,0,0,0,0
2557187010208,21.539155,1791215143815382623,,0,0,0,0,0,0,0,0,0,0,0,0,0,0,0,0,0,0,0
2557207129248,21.559274,1791215143835382472,,0,0,0,0,0,0,0,0,0,0,0,0,0,0,0,0,0,0,0
2557226993344,21.579138,1791215143855382632,,0,0,0,0,0,0,0,0,0,0,0,0,0,0,0,0,0,0,0
2557246950688,21.599096,1791215143875382694,,0,0,0,0,0,0,0,0,0,0,0,0,0,0,0,0,0,0,0
2557266960448,21.619106,1791215143895382903,,0,0,0,0,0,0,0,0,0,0,0,0,0,0,0,0,0,0,0
2557286935264,21.63908,1791215143915383581,,0,0,0,0,0,0,0,0,0,0,0,0,0,0,0,0,0,0,0
2557306975168,21.65912,1791215143935383326,,0,0,0,0,0,0,0,0,0,0,0,0,0,0,0,0,0,0,0
2557326981248,21.679126,1791215143955382705,,0,0,0,0,0,0,0,0,0,0,0,0,0,0,0,0,0,0,0
2557346968704,21.699114,1791215143975382623,,0,0,0,0,0,0,0,0,0,0,0,0,0,0,0,0,0,0,0
2557366941728,21.719087,1791215143995382386,,0,0,0,0,0,0,0,0,0,0,0,0,0,0,0,0,0,0,0
2557386957152,21.739102,1791215144015382887,,0,0,0,0,0,0,0,0,0,0,0,0,0,0,0,0,0,0,0
2557406940160,21.759085,1791215144035383125,,0,0,0,0,0,0,0,0,0,0,0,0,0,0,0,0,0,0,0
2557426982144,21.779127,1791215144055383694,,0,0,0,0,0,0,0,0,0,0,0,0,0,0,0,0,0,0,0
2557446909440,21.799054,1791215144075382959,,0,0,0,0,0,0,0,0,0,0,0,0,0,0,0,0,0,0,0
2557466932864,21.819078,1791215144095382879,,0,0,0,0,0,0,0,0,0,0,0,0,0,0,0,0,0,0,0
2557486997664,21.839143,1791215144115382334,,0,0,0,0,0,0,0,0,0,0,0,0,0,0,0,0,0,0,0
2557506992352,21.859137,1791215144135383651,,0,0,0,0,0,0,0,0,0,0,0,0,0,0,0,0,0,0,0
2557527014016,21.879159,1791215144155383192,,0,0,0,0,0,0,0,0,0,0,0,0,0,0,0,0,0,0,0
2557547019328,21.899164,1791215144175382765,,0,0,0,0,0,0,0,0,0,0,0,0,0,0,0,0,0,0,0
2557566939648,21.919085,1791215144195382520,,0,0,0,0,0,0,0,0,0,0,0,0,0,0,0,0,0,0,0
2557586976448,21.939122,1791215144215382520,,0,0,0,0,0,0,0,0,0,0,0,0,0,0,0,0,0,0,0
2557606927264,21.959072,1791215144235383179,,0,0,0,0,0,0,0,0,0,0,0,0,0,0,0,0,0,0,0
2557627002304,21.979147,1791215144255382975,,0,0,0,0,0,0,0,0,0,0,0,0,0,0,0,0,0,0,0
2557646846336,21.998991,1791215144275383111,,0,0,0,0,0,0,0,0,0,0,0,0,0,0,0,0,0,0,0
2557666946752,22.019092,1791215144295383345,,0,0,0,0,0,0,0,0,0,0,0,0,0,0,0,0,0,0,0
2557686932352,22.039077,1791215144315383120,,0,0,0,0,0,0,0,0,0,0,0,0,0,0,0,0,0,0,0
2557706981568,22.059127,1791215144335382809,,0,0,0,0,0,0,0,0,0,0,0,0,0,0,0,0,0,0,0
2557726980640,22.079126,1791215144355382673,,0,0,0,0,0,0,0,0,0,0,0,0,0,0,0,0,0,0,0
2557746974592,22.09912,1791215144375382658,,0,0,0,0,0,0,0,0,0,0,0,0,0,0,0,0,0,0,0
2557766946944,22.119092,1791215144395382888,,0,0,0,0,0,0,0,0,0,0,0,0,0,0,0,0,0,0,0
2557786993440,22.139138,1791215144415383104,,0,0,0,0,0,0,0,0,0,0,0,0,0,0,0,0,0,0,0
2557806955456,22.159101,1791215144435383264,,0,0,0,0,0,0,0,0,0,0,0,0,0,0,0,0,0,0,0
2557826988960,22.179134,1791215144455383322,,0,0,0,0,0,0,0,0,0,0,0,0,0,0,0,0,0,0,0
2557846930016,22.199075,1791215144475382598,,0,0,0,0,0,0,0,0,0,0,0,0,0,0,0,0,0,0,0
2557866938048,22.219083,1791215144495383708,,0,0,0,0,0,0,0,0,0,0,0,0,0,0,0,0,0,0,0
2557886951360,22.239096,1791215144515382954,,0,0,0,0,0,0,0,0,0,0,0,0,0,0,0,0,0,0,0
2557906947552,22.259093,1791215144535382124,,0,0,0,0,0,0,0,0,0,0,0,0,0,0,0,0,0,0,0
2557926985920,22.279131,1791215144555383406,,0,0,0,0,0,0,0,0,0,0,0,0,0,0,0,0,0,0,0
2557946996224,22.299141,1791215144575382772,,0,0,0,0,0,0,0,0,0,0,0,0,0,0,0,0,0,0,0
2557966925760,22.319071,1791215144595383066,,0,0,0,0,0,0,0,0,0,0,0,0,0,0,0,0,0,0,0
2557986955424,22.3391,1791215144615382590,,0,0,0,0,0,0,0,0,0,0,0,0,0,0,0,0,0,0,0
2558006942240,22.359087,1791215144635383253,,0,0,0,0,0,0,0,0,0,0,0,0,0,0,0,0,0,0,0
2558026952480,22.379098,1791215144655382909,,0,0,0,0,0,0,0,0,0,0,0,0,0,0,0,0,0,0,0
2558046841248,22.398986,1791215144675382987,,0,0,0,0,0,0,0,0,0,0,0,0,0,0,0,0,0,0,0
2558066947456,22.419093,1791215144695382902,,0,0,0,0,0,0,0,0,0,0,0,0,0,0,0,0,0,0,0
2558086904960,22.43905,1791215144715382983,,0,0,0,0,0,0,0,0,0,0,0,0,0,0,0,0,0,0,0
2558106942688,22.459088,1791215144735382638,,0,0,0,0,0,0,0,0,0,0,0,0,0,0,0,0,0,0,0
2558126978656,22.479124,1791215144755382911,,0,0,0,0,0,0,0,0,0,0,0,0,0,0,0,0,0,0,0
2558147117760,22.499263,1791215144775382622,,0,0,0,0,0,0,0,0,0,0,0,0,0,0,0,0,0,0,0
2558166936384,22.519081,1791215144795382721,,0,0,0,0,0,0,0,0,0,0,0,0,0,0,0,0,0,0,0
2558186939840,22.539085,1791215144815387179,,0,0,0,0,0,0,0,0,0,0,0,0,0,0,0,0,0,0,0
2558206917152,22.559062,1791215144835383373,,0,0,0,0,0,0,0,0,0,0,0,0,0,0,0,0,0,0,0
2558226959776,22.579105,1791215144855383291,,0,0,0,0,0,0,0,0,0,0,0,0,0,0,0,0,0,0,0
2558246829056,22.598974,1791215144875382869,,0,0,0,0,0,0,0,0,0,0,0,0,0,0,0,0,0,0,0
2558266888416,22.619033,1791215144895382625,,0,0,0,0,0,0,0,0,0,0,0,0,0,0,0,0,0,0,0
2558286952288,22.639097,1791215144915382755,,0,0,0,0,0,0,0,0,0,0,0,0,0,0,0,0,0,0,0
2558306899360,22.659044,1791215144935382823,,0,0,0,0,0,0,0,0,0,0,0,0,0,0,0,0,0,0,0
2558326940128,22.679085,1791215144955382830,,0,0,0,0,0,0,0,0,0,0,0,0,0,0,0,0,0,0,0
2558346964896,22.69911,1791215144975382850,,0,0,0,0,0,0,0,0,0,0,0,0,0,0,0,0,0,0,0
2558366885024,22.71903,1791215144995382725,,0,0,0,0,0,0,0,0,0,0,0,0,0,0,0,0,0,0,0
2558386921824,22.739067,1791215145015382546,,0,0,0,0,0,0,0,0,0,0,0,0,0,0,0,0,0,0,0
2558406940224,22.759085,1791215145035383290,,0,0,0,0,0,0,0,0,0,0,0,0,0,0,0,0,0,0,0
2558426958304,22.779103,1791215145055382605,,0,0,0,0,0,0,0,0,0,0,0,0,0,0,0,0,0,0,0
2558446799456,22.798945,1791215145075382843,,0,0,0,0,0,0,0,0,0,0,0,0,0,0,0,0,0,0,0
2558466897280,22.819042,1791215145095382704,,0,0,0,0,0,0,0,0,0,0,0,0,0,0,0,0,0,0,0
2558486887552,22.839033,1791215145115382487,,0,0,0,0,0,0,0,0,0,0,0,0,0,0,0,0,0,0,0
2558506937888,22.859083,1791215145135383608,,0,0,0,0,0,0,0,0,0,0,0,0,0,0,0,0,0,0,0
2558526934144,22.879079,1791215145155383035,,0,0,0,0,0,0,0,0,0,0,0,0,0,0,0,0,0,0,0
2558546935680,22.899081,1791215145175383294,,0,0,0,0,0,0,0,0,0,0,0,0,0,0,0,0,0,0,0
2558566916000,22.919061,1791215145195383646,,0,0,0,0,0,0,0,0,0,0,0,0,0,0,0,0,0,0,0
2558586887744,22.939033,1791215145215382897,,0,0,0,0,0,0,0,0,0,0,0,0,0,0,0,0,0,0,0
2558606872608,22.959018,1791215145235382757,,0,0,0,0,0,0,0,0,0,0,0,0,0,0,0,0,0,0,0
2558626995776,22.979141,1791215145255382794,,0,0,0,0,0,0,0,0,0,0,0,0,0,0,0,0,0,0,0
2558647114496,22.99926,1791215145275382775,,0,0,0,0,0,0,0,0,0,0,0,0,0,0,0,0,0,0,0
2558666939616,23.019085,1791215145295382914,,0,0,0,0,0,0,0,0,0,0,0,0,0,0,0,0,0,0,0
2558686915424,23.03906,1791215145315383341,,0,0,0,0,0,0,0,0,0,0,0,0,0,0,0,0,0,0,0
2558706900000,23.059045,1791215145335383165,,0,0,0,0,0,0,0,0,0,0,0,0,0,0,0,0,0,0,0
2558726886688,23.079032,1791215145355382928,,0,0,0,0,0,0,0,0,0,0,0,0,0,0,0,0,0,0,0
2558746931072,23.099076,1791215145375383008,,0,0,0,0,0,0,0,0,0,0,0,0,0,0,0,0,0,0,0
2558766854720,23.119,1791215145395382465,,0,0,0,0,0,0,0,0,0,0,0,0,0,0,0,0,0,0,0
2558786844768,23.13899,1791215145415382937,,0,0,0,0,0,0,0,0,0,0,0,0,0,0,0,0,0,0,0
2558806872480,23.159018,1791215145435383106,,0,0,0,0,0,0,0,0,0,0,0,0,0,0,0,0,0,0,0
2558826900160,23.179045,1791215145455382706,,0,0,0,0,0,0,0,0,0,0,0,0,0,0,0,0,0,0,0
2558846802272,23.198947,1791215145475383161,,0,0,0,0,0,0,0,0,0,0,0,0,0,0,0,0,0,0,0
2558866865984,23.219011,1791215145495382950,,0,0,0,0,0,0,0,0,0,0,0,0,0,0,0,0,0,0,0
2558886912192,23.239057,1791215145515382657,,0,0,0,0,0,0,0,0,0,0,0,0,0,0,0,0,0,0,0
2558906830656,23.258976,1791215145535382942,,0,0,0,0,0,0,0,0,0,0,0,0,0,0,0,0,0,0,0
2558926860960,23.279006,1791215145555383201,,0,0,0,0,0,0,0,0,0,0,0,0,0,0,0,0,0,0,0
2558946906400,23.299051,1791215145575382510,,0,0,0,0,0,0,0,0,0,0,0,0,0,0,0,0,0,0,0
2558966908064,23.319053,1791215145595382754,,0,0,0,0,0,0,0,0,0,0,0,0,0,0,0,0,0,0,0
2558986880480,23.339026,1791215145615382533,,0,0,0,0,0,0,0,0,0,0,0,0,0,0,0,0,0,0,0
2559006837728,23.358983,1791215145635382848,,0,0,0,0,0,0,0,0,0,0,0,0,0,0,0,0,0,0,0
2559026931648,23.379077,1791215145655382791,,0,0,0,0,0,0,0,0,0,0,0,0,0,0,0,0,0,0,0
2559046790720,23.398936,1791215145675383074,,0,0,0,0,0,0,0,0,0,0,0,0,0,0,0,0,0,0,0
2559066869056,23.419014,1791215145695382698,,0,0,0,0,0,0,0,0,0,0,0,0,0,0,0,0,0,0,0
2559086909504,23.439055,1791215145715383338,,0,0,0,0,0,0,0,0,0,0,0,0,0,0,0,0,0,0,0
2559106913440,23.459058,1791215145735383047,,0,0,0,0,0,0,0,0,0,0,0,0,0,0,0,0,0,0,0
2559126835680,23.478981,1791215145755382908,,0,0,0,0,0,0,0,0,0,0,0,0,0,0,0,0,0,0,0
2559146920640,23.499066,1791215145775383246,,0,0,0,0,0,0,0,0,0,0,0,0,0,0,0,0,0,0,0
2559166878368,23.519023,1791215145795382995,,0,0,0,0,0,0,0,0,0,0,0,0,0,0,0,0,0,0,0
2559186884128,23.539029,1791215145815383240,,0,0,0,0,0,0,0,0,0,0,0,0,0,0,0,0,0,0,0
2559206887616,23.559033,1791215145835383422,,0,0,0,0,0,0,0,0,0,0,0,0,0,0,0,0,0,0,0
2559226879616,23.579025,1791215145855383545,,0,0,0,0,0,0,0,0,0,0,0,0,0,0,0,0,0,0,0
2559246852096,23.598997,1791215145875382825,,0,0,0,0,0,0,0,0,0,0,0,0,0,0,0,0,0,0,0
2559266882720,23.619028,1791215145895383128,,0,0,0,0,0,0,0,0,0,0,0,0,0,0,0,0,0,0,0
2559286878560,23.639024,1791215145915383086,,0,0,0,0,0,0,0,0,0,0,0,0,0,0,0,0,0,0,0
2559306824416,23.658969,1791215145935383314,,0,0,0,0,0,0,0,0,0,0,0,0,0,0,0,0,0,0,0
2559326890880,23.679036,1791215145955382617,,0,0,0,0,0,0,0,0,0,0,0,0,0,0,0,0,0,0,0
2559346864768,23.69901,1791215145975382905,,0,0,0,0,0,0,0,0,0,0,0,0,0,0,0,0,0,0,0
2559366832288,23.718977,1791215145995382570,,0,0,0,0,0,0,0,0,0,0,0,0,0,0,0,0,0,0,0
2559386845568,23.738991,1791215146015382588,,0,0,0,0,0,0,0,0,0,0,0,0,0,0,0,0,0,0,0
2559406824000,23.758969,1791215146035382469,,0,0,0,0,0,0,0,0,0,0,0,0,0,0,0,0,0,0,0
2559426863520,23.779009,1791215146055383247,,0,0,0,0,0,0,0,0,0,0,0,0,0,0,0,0,0,0,0
2559446727520,23.798873,1791215146075382954,,0,0,0,0,0,0,0,0,0,0,0,0,0,0,0,0,0,0,0
2559466869984,23.819015,1791215146095382974,,0,0,0,0,0,0,0,0,0,0,0,0,0,0,0,0,0,0,0
2559486876416,23.839021,1791215146115383295,,0,0,0,0,0,0,0,0,0,0,0,0,0,0,0,0,0,0,0
2559506862816,23.859008,1791215146135382648,,0,0,0,0,0,0,0,0,0,0,0,0,0,0,0,0,0,0,0
2559527218368,23.879363,1791215146155383156,,0,0,0,0,0,0,0,0,0,0,0,0,0,0,0,0,0,0,0
2559546905376,23.89905,1791215146175382732,,0,0,0,0,0,0,0,0,0,0,0,0,0,0,0,0,0,0,0
2559566866976,23.919012,1791215146195383017,,0,0,0,0,0,0,0,0,0,0,0,0,0,0,0,0,0,0,0
2559586823520,23.938969,1791215146215382962,,0,0,0,0,0,0,0,0,0,0,0,0,0,0,0,0,0,0,0
2559606820448,23.958966,1791215146235382767,,0,0,0,0,0,0,0,0,0,0,0,0,0,0,0,0,0,0,0
2559626855808,23.979001,1791215146255392542,,0,0,0,0,0,0,0,0,0,0,0,0,0,0,0,0,0,0,0
2559646746880,23.998892,1791215146275382898,,0,0,0,0,0,0,0,0,0,0,0,0,0,0,0,0,0,0,0
2559666829216,24.018974,1791215146295383116,,0,0,0,0,0,0,0,0,0,0,0,0,0,0,0,0,0,0,0
2559686825408,24.03897,1791215146315383265,,0,0,0,0,0,0,0,0,0,0,0,0,0,0,0,0,0,0,0
2559706805120,24.05895,1791215146335383426,,0,0,0,0,0,0,0,0,0,0,0,0,0,0,0,0,0,0,0
2559726812192,24.078957,1791215146355396361,,0,0,0,0,0,0,0,0,0,0,0,0,0,0,0,0,0,0,0
2559746813504,24.098959,1791215146375382585,,0,0,0,0,0,0,0,0,0,0,0,0,0,0,0,0,0,0,0
2559766799808,24.118945,1791215146395383004,,0,0,0,0,0,0,0,0,0,0,0,0,0,0,0,0,0,0,0
2559786823136,24.138968,1791215146415383071,,0,0,0,0,0,0,0,0,0,0,0,0,0,0,0,0,0,0,0
2559806815968,24.158961,1791215146435383124,,0,0,0,0,0,0,0,0,0,0,0,0,0,0,0,0,0,0,0
2559826786880,24.178932,1791215146455382795,,0,0,0,0,0,0,0,0,0,0,0,0,0,0,0,0,0,0,0
2559846870400,24.199015,1791215146475383475,,0,0,0,0,0,0,0,0,0,0,0,0,0,0,0,0,0,0,0
2559866808288,24.218953,1791215146495382788,,0,0,0,0,0,0,0,0,0,0,0,0,0,0,0,0,0,0,0
2559886843680,24.238989,1791215146515382752,,0,0,0,0,0,0,0,0,0,0,0,0,0,0,0,0,0,0,0
2559906831712,24.258977,1791215146535382204,,0,0,0,0,0,0,0,0,0,0,0,0,0,0,0,0,0,0,0
2559926805024,24.27895,1791215146555382859,,0,0,0,0,0,0,0,0,0,0,0,0,0,0,0,0,0,0,0
2559946849728,24.298995,1791215146575383109,,0,0,0,0,0,0,0,0,0,0,0,0,0,0,0,0,0,0,0
2559966835648,24.318981,1791215146595382647,,0,0,0,0,0,0,0,0,0,0,0,0,0,0,0,0,0,0,0
2559986805600,24.338951,1791215146615383483,,0,0,0,0,0,0,0,0,0,0,0,0,0,0,0,0,0,0,0
2560006821536,24.358967,1791215146635382449,,0,0,0,0,0,0,0,0,0,0,0,0,0,0,0,0,0,0,0
2560026819392,24.378964,1791215146655382865,,0,0,0,0,0,0,0,0,0,0,0,0,0,0,0,0,0,0,0
2560046688320,24.398833,1791215146675382847,,0,0,0,0,0,0,0,0,0,0,0,0,0,0,0,0,0,0,0
2560066815680,24.418961,1791215146695382673,,0,0,0,0,0,0,0,0,0,0,0,0,0,0,0,0,0,0,0
2560086793504,24.438939,1791215146715382863,,0,0,0,0,0,0,0,0,0,0,0,0,0,0,0,0,0,0,0
2560106783392,24.458928,1791215146735382697,,0,0,0,0,0,0,0,0,0,0,0,0,0,0,0,0,0,0,0
2560126842720,24.478988,1791215146755382735,,0,0,0,0,0,0,0,0,0,0,0,0,0,0,0,0,0,0,0
2560146801152,24.498946,1791215146775382821,,0,0,0,0,0,0,0,0,0,0,0,0,0,0,0,0,0,0,0
2560166809696,24.518955,1791215146795382945,,0,0,0,0,0,0,0,0,0,0,0,0,0,0,0,0,0,0,0
2560186870528,24.539016,1791215146815385263,,0,0,0,0,0,0,0,0,0,0,0,0,0,0,0,0,0,0,0
2560206795360,24.55894,1791215146835382651,,0,0,0,0,0,0,0,0,0,0,0,0,0,0,0,0,0,0,0
2560227034208,24.579179,1791215146855383237,,0,0,0,0,0,0,0,0,0,0,0,0,0,0,0,0,0,0,0
2560246725440,24.59887,1791215146875383014,,0,0,0,0,0,0,0,0,0,0,0,0,0,0,0,0,0,0,0
2560266787680,24.618933,1791215146895383236,,0,0,0,0,0,0,0,0,0,0,0,0,0,0,0,0,0,0,0
2560286782784,24.638928,1791215146915382855,,0,0,0,0,0,0,0,0,0,0,0,0,0,0,0,0,0,0,0
2560306812160,24.658957,1791215146935382793,,0,0,0,0,0,0,0,0,0,0,0,0,0,0,0,0,0,0,0
2560327074624,24.67922,1791215146955382614,,0,0,0,0,0,0,0,0,0,0,0,0,0,0,0,0,0,0,0
2560346770784,24.698916,1791215146975382880,,0,0,0,0,0,0,0,0,0,0,0,0,0,0,0,0,0,0,0
2560366787264,24.718932,1791215146995382909,,0,0,0,0,0,0,0,0,0,0,0,0,0,0,0,0,0,0,0
2560386776128,24.738921,1791215147015382554,,0,0,0,0,0,0,0,0,0,0,0,0,0,0,0,0,0,0,0
2560406802848,24.758948,1791215147035382950,,0,0,0,0,0,0,0,0,0,0,0,0,0,0,0,0,0,0,0
2560426814496,24.77896,1791215147055383236,,0,0,0,0,0,0,0,0,0,0,0,0,0,0,0,0,0,0,0
2560446792608,24.798938,1791215147075382897,,0,0,0,0,0,0,0,0,0,0,0,0,0,0,0,0,0,0,0
2560466865472,24.819011,1791215147095382909,,0,0,0,0,0,0,0,0,0,0,0,0,0,0,0,0,0,0,0
2560486799072,24.838944,1791215147115382740,,0,0,0,0,0,0,0,0,0,0,0,0,0,0,0,0,0,0,0
2560506780672,24.858926,1791215147135382824,,0,0,0,0,0,0,0,0,0,0,0,0,0,0,0,0,0,0,0
2560527187712,24.879333,1791215147155382729,,0,0,0,0,0,0,0,0,0,0,0,0,0,0,0,0,0,0,0
2560546793568,24.898939,1791215147175383060,,0,0,0,0,0,0,0,0,0,0,0,0,0,0,0,0,0,0,0
2560566814112,24.918959,1791215147195396759,,0,0,0,0,0,0,0,0,0,0,0,0,0,0,0,0,0,0,0
2560586789664,24.938935,1791215147215383060,,0,0,0,0,0,0,0,0,0,0,0,0,0,0,0,0,0,0,0
2560606788256,24.958933,1791215147235382469,,0,0,0,0,0,0,0,0,0,0,0,0,0,0,0,0,0,0,0
2560627040032,24.979185,1791215147255382674,,0,0,0,0,0,0,0,0,0,0,0,0,0,0,0,0,0,0,0
2560646645024,24.99879,1791215147275383042,,0,0,0,0,0,0,0,0,0,0,0,0,0,0,0,0,0,0,0
2560666789696,25.018935,1791215147295382706,,0,0,0,0,0,0,0,0,0,0,0,0,0,0,0,0,0,0,0
2560686768576,25.038914,1791215147315382707,,0,0,0,0,0,0,0,0,0,0,0,0,0,0,0,0,0,0,0
2560706783328,25.058928,1791215147335382543,,0,0,0,0,0,0,0,0,0,0,0,0,0,0,0,0,0,0,0
2560726813664,25.078959,1791215147355389776,,0,0,0,0,0,0,0,0,0,0,0,0,0,0,0,0,0,0,0
2560746776736,25.098922,1791215147375383044,,0,0,0,0,0,0,0,0,0,0,0,0,0,0,0,0,0,0,0
2560766837664,25.118983,1791215147395392961,,0,0,0,0,0,0,0,0,0,0,0,0,0,0,0,0,0,0,0
2560786775168,25.13892,1791215147415382898,,0,0,0,0,0,0,0,0,0,0,0,0,0,0,0,0,0,0,0
2560806765280,25.15891,1791215147435382717,,0,0,0,0,0,0,0,0,0,0,0,0,0,0,0,0,0,0,0
2560826766016,25.178911,1791215147455383072,,0,0,0,0,0,0,0,0,0,0,0,0,0,0,0,0,0,0,0
2560846686592,25.198832,1791215147475382535,,0,0,0,0,0,0,0,0,0,0,0,0,0,0,0,0,0,0,0
2560866752896,25.218898,1791215147495383153,,0,0,0,0,0,0,0,0,0,0,0,0,0,0,0,0,0,0,0
2560886788800,25.238934,1791215147515383058,,0,0,0,0,0,0,0,0,0,0,0,0,0,0,0,0,0,0,0
2560906854272,25.258999,1791215147535382682,,0,0,0,0,0,0,0,0,0,0,0,0,0,0,0,0,0,0,0
2560926790080,25.278935,1791215147555382980,,0,0,0,0,0,0,0,0,0,0,0,0,0,0,0,0,0,0,0
2560946776704,25.298922,1791215147575383102,,0,0,0,0,0,0,0,0,0,0,0,0,0,0,0,0,0,0,0
2560966761056,25.318906,1791215147595382995,,0,0,0,0,0,0,0,0,0,0,0,0,0,0,0,0,0,0,0
2560986798336,25.338943,1791215147615382907,,0,0,0,0,0,0,0,0,0,0,0,0,0,0,0,0,0,0,0
2561006773600,25.358919,1791215147635382981,,0,0,0,0,0,0,0,0,0,0,0,0,0,0,0,0,0,0,0
2561027022912,25.379168,1791215147655382667,,0,0,0,0,0,0,0,0,0,0,0,0,0,0,0,0,0,0,0
2561046755168,25.3989,1791215147675383638,,0,0,0,0,0,0,0,0,0,0,0,0,0,0,0,0,0,0,0
2561066748320,25.418893,1791215147695382814,,0,0,0,0,0,0,0,0,0,0,0,0,0,0,0,0,0,0,0
2561086744864,25.43889,1791215147715382627,,0,0,0,0,0,0,0,0,0,0,0,0,0,0,0,0,0,0,0
2561106775744,25.458921,1791215147735383498,,0,0,0,0,0,0,0,0,0,0,0,0,0,0,0,0,0,0,0
2561126767040,25.478912,1791215147755383086,,0,0,0,0,0,0,0,0,0,0,0,0,0,0,0,0,0,0,0
2561146752992,25.498898,1791215147775383045,,0,0,0,0,0,0,0,0,0,0,0,0,0,0,0,0,0,0,0
2561166890432,25.519035,1791215147795382773,,0,0,0,0,0,0,0,0,0,0,0,0,0,0,0,0,0,0,0
2561186765632,25.538911,1791215147815382970,,0,0,0,0,0,0,0,0,0,0,0,0,0,0,0,0,0,0,0
2561206803744,25.558949,1791215147835383175,,0,0,0,0,0,0,0,0,0,0,0,0,0,0,0,0,0,0,0
2561226763360,25.578908,1791215147855382887,,0,0,0,0,0,0,0,0,0,0,0,0,0,0,0,0,0,0,0
2561246658656,25.598804,1791215147875382818,,0,0,0,0,0,0,0,0,0,0,0,0,0,0,0,0,0,0,0
2561266735936,25.618881,1791215147895382785,,0,0,0,0,0,0,0,0,0,0,0,0,0,0,0,0,0,0,0
2561286784096,25.638929,1791215147915383238,,0,0,0,0,0,0,0,0,0,0,0,0,0,0,0,0,0,0,0
2561306743808,25.658889,1791215147935382865,,0,0,0,0,0,0,0,0,0,0,0,0,0,0,0,0,0,0,0
2561326755168,25.6789,1791215147955382938,,0,0,0,0,0,0,0,0,0,0,0,0,0,0,0,0,0,0,0
2561346799168,25.698944,1791215147975383414,,0,0,0,0,0,0,0,0,0,0,0,0,0,0,0,0,0,0,0
2561366735328,25.71888,1791215147995382608,,0,0,0,0,0,0,0,0,0,0,0,0,0,0,0,0,0,0,0
2561386734016,25.738879,1791215148015382753,,0,0,0,0,0,0,0,0,0,0,0,0,0,0,0,0,0,0,0
2561406749952,25.758895,1791215148035382829,,0,0,0,0,0,0,0,0,0,0,0,0,0,0,0,0,0,0,0
2561426763968,25.778909,1791215148055382938,,0,0,0,0,0,0,0,0,0,0,0,0,0,0,0,0,0,0,0
2561446680512,25.798826,1791215148075383543,,0,0,0,0,0,0,0,0,0,0,0,0,0,0,0,0,0,0,0
2561466737664,25.818883,1791215148095383294,,0,0,0,0,0,0,0,0,0,0,0,0,0,0,0,0,0,0,0
2561486738016,25.838883,1791215148115383075,,0,0,0,0,0,0,0,0,0,0,0,0,0,0,0,0,0,0,0
2561506767584,25.858913,1791215148135382657,,0,0,0,0,0,0,0,0,0,0,0,0,0,0,0,0,0,0,0
2561526748128,25.878893,1791215148155383223,,0,0,0,0,0,0,0,0,0,0,0,0,0,0,0,0,0,0,0
2561546744352,25.898889,1791215148175383204,,0,0,0,0,0,0,0,0,0,0,0,0,0,0,0,0,0,0,0
2561566771648,25.918917,1791215148195383459,,0,0,0,0,0,0,0,0,0,0,0,0,0,0,0,0,0,0,0
2561586724224,25.938869,1791215148215382784,,0,0,0,0,0,0,0,0,0,0,0,0,0,0,0,0,0,0,0
2561606709280,25.958854,1791215148235382768,,0,0,0,0,0,0,0,0,0,0,0,0,0,0,0,0,0,0,0
2561626738848,25.978884,1791215148255383262,,0,0,0,0,0,0,0,0,0,0,0,0,0,0,0,0,0,0,0
2561646858496,25.999004,1791215148275383062,,0,0,0,0,0,0,0,0,0,0,0,0,0,0,0,0,0,0,0
2561666718816,26.018864,1791215148295382645,,0,0,0,0,0,0,0,0,0,0,0,0,0,0,0,0,0,0,0
2561686738848,26.038884,1791215148315382924,,0,0,0,0,0,0,0,0,0,0,0,0,0,0,0,0,0,0,0
2561706708544,26.058854,1791215148335382819,,0,0,0,0,0,0,0,0,0,0,0,0,0,0,0,0,0,0,0
2561726709088,26.078854,1791215148355382753,,0,0,0,0,0,0,0,0,0,0,0,0,0,0,0,0,0,0,0
2561746754304,26.098899,1791215148375383072,,0,0,0,0,0,0,0,0,0,0,0,0,0,0,0,0,0,0,0
2561766721056,26.118866,1791215148395382316,,0,0,0,0,0,0,0,0,0,0,0,0,0,0,0,0,0,0,0
2561786721600,26.138867,1791215148415383424,,0,0,0,0,0,0,0,0,0,0,0,0,0,0,0,0,0,0,0
2561806724672,26.15887,1791215148435389252,,0,0,0,0,0,0,0,0,0,0,0,0,0,0,0,0,0,0,0
2561826743040,26.178888,1791215148455382872,,0,0,0,0,0,0,0,0,0,0,0,0,0,0,0,0,0,0,0
2561846599616,26.198745,1791215148475382985,,0,0,0,0,0,0,0,0,0,0,0,0,0,0,0,0,0,0,0
2561866724768,26.21887,1791215148495383014,,0,0,0,0,0,0,0,0,0,0,0,0,0,0,0,0,0,0,0
2561886706880,26.238852,1791215148515383154,,0,0,0,0,0,0,0,0,0,0,0,0,0,0,0,0,0,0,0
2561906754880,26.2589,1791215148535383277,,0,0,0,0,0,0,0,0,0,0,0,0,0,0,0,0,0,0,0
2561926735648,26.278881,1791215148555383089,,0,0,0,0,0,0,0,0,0,0,0,0,0,0,0,0,0,0,0
2561946704768,26.29885,1791215148575383103,,0,0,0,0,0,0,0,0,0,0,0,0,0,0,0,0,0,0,0
2561966702176,26.318847,1791215148595396885,,0,0,0,0,0,0,0,0,0,0,0,0,0,0,0,0,0,0,0
2561986728576,26.338874,1791215148615382857,,0,0,0,0,0,0,0,0,0,0,0,0,0,0,0,0,0,0,0
2562006703872,26.358849,1791215148635383104,,0,0,0,0,0,0,0,0,0,0,0,0,0,0,0,0,0,0,0
2562026753312,26.378898,1791215148655382849,,0,0,0,0,0,0,0,0,0,0,0,0,0,0,0,0,0,0,0
2562046652640,26.398798,1791215148675383030,,0,0,0,0,0,0,0,0,0,0,0,0,0,0,0,0,0,0,0
2562066699136,26.418844,1791215148695383066,,0,0,0,0,0,0,0,0,0,0,0,0,0,0,0,0,0,0,0
2562086750368,26.438895,1791215148715382912,,0,0,0,0,0,0,0,0,0,0,0,0,0,0,0,0,0,0,0
2562106707616,26.458853,1791215148735382880,,0,0,0,0,0,0,0,0,0,0,0,0,0,0,0,0,0,0,0
2562126694272,26.478839,1791215148755383435,,0,0,0,0,0,0,0,0,0,0,0,0,0,0,0,0,0,0,0
2562146716672,26.498862,1791215148775382592,,0,0,0,0,0,0,0,0,0,0,0,0,0,0,0,0,0,0,0
2562166689920,26.518835,1791215148795383216,,0,0,0,0,0,0,0,0,0,0,0,0,0,0,0,0,0,0,0
2562186693600,26.538839,1791215148815383305,,0,0,0,0,0,0,0,0,0,0,0,0,0,0,0,0,0,0,0
2562206716032,26.558861,1791215148835385042,,0,0,0,0,0,0,0,0,0,0,0,0,0,0,0,0,0,0,0
2562226705728,26.578851,1791215148855382776,,0,0,0,0,0,0,0,0,0,0,0,0,0,0,0,0,0,0,0
2562246743616,26.598889,1791215148875382812,,0,0,0,0,0,0,0,0,0,0,0,0,0,0,0,0,0,0,0
2562266700448,26.618846,1791215148895382625,,0,0,0,0,0,0,0,0,0,0,0,0,0,0,0,0,0,0,0
2562286698720,26.638844,1791215148915382974,,0,0,0,0,0,0,0,0,0,0,0,0,0,0,0,0,0,0,0
2562306685888,26.658831,1791215148935382717,,0,0,0,0,0,0,0,0,0,0,0,0,0,0,0,0,0,0,0
2562326709600,26.678855,1791215148955382473,,0,0,0,0,0,0,0,0,0,0,0,0,0,0,0,0,0,0,0
2562346766304,26.698911,1791215148975396043,,0,0,0,0,0,0,0,0,0,0,0,0,0,0,0,0,0,0,0
2562366676640,26.718822,1791215148995383183,,0,0,0,0,0,0,0,0,0,0,0,0,0,0,0,0,0,0,0
2562386693568,26.738839,1791215149015382675,,0,0,0,0,0,0,0,0,0,0,0,0,0,0,0,0,0,0,0
2562406697792,26.758843,1791215149035382674,,0,0,0,0,0,0,0,0,0,0,0,0,0,0,0,0,0,0,0
2562426716832,26.778862,1791215149055382922,,0,0,0,0,0,0,0,0,0,0,0,0,0,0,0,0,0,0,0
2562446647296,26.798792,1791215149075382470,,0,0,0,0,0,0,0,0,0,0,0,0,0,0,0,0,0,0,0
2562466691904,26.818837,1791215149095382975,,0,0,0,0,0,0,0,0,0,0,0,0,0,0,0,0,0,0,0
2562486704128,26.838849,1791215149115382722,,0,0,0,0,0,0,0,0,0,0,0,0,0,0,0,0,0,0,0
2562506693536,26.858839,1791215149135382883,,0,0,0,0,0,0,0,0,0,0,0,0,0,0,0,0,0,0,0
2562526692768,26.878838,1791215149155383104,,0,0,0,0,0,0,0,0,0,0,0,0,0,0,0,0,0,0,0
2562546687712,26.898833,1791215149175382912,,0,0,0,0,0,0,0,0,0,0,0,0,0,0,0,0,0,0,0
2562566675008,26.91882,1791215149195383087,,0,0,0,0,0,0,0,0,0,0,0,0,0,0,0,0,0,0,0
2562586687296,26.938832,1791215149215382502,,0,0,0,0,0,0,0,0,0,0,0,0,0,0,0,0,0,0,0
2562606693632,26.958839,1791215149235382871,,0,0,0,0,0,0,0,0,0,0,0,0,0,0,0,0,0,0,0
2562626688192,26.978833,1791215149255382763,,0,0,0,0,0,0,0,0,0,0,0,0,0,0,0,0,0,0,0
2562646698624,26.998844,1791215149275382761,,0,0,0,0,0,0,0,0,0,0,0,0,0,0,0,0,0,0,0
2562666696960,27.018842,1791215149295383053,,0,0,0,0,0,0,0,0,0,0,0,0,0,0,0,0,0,0,0
2562686696032,27.038841,1791215149315382812,,0,0,0,0,0,0,0,0,0,0,0,0,0,0,0,0,0,0,0
2562706689536,27.058835,1791215149335382797,,0,0,0,0,0,0,0,0,0,0,0,0,0,0,0,0,0,0,0
2562726710528,27.078856,1791215149355383195,,0,0,0,0,0,0,0,0,0,0,0,0,0,0,0,0,0,0,0
2562746689856,27.098835,1791215149375382854,,0,0,0,0,0,0,0,0,0,0,0,0,0,0,0,0,0,0,0
2562766669088,27.118814,1791215149395382635,,0,0,0,0,0,0,0,0,0,0,0,0,0,0,0,0,0,0,0
2562786717216,27.138862,1791215149415382451,,0,0,0,0,0,0,0,0,0,0,0,0,0,0,0,0,0,0,0
2562806682400,27.158827,1791215149435382428,,0,0,0,0,0,0,0,0,0,0,0,0,0,0,0,0,0,0,0
2562826663296,27.178808,1791215149455382683,,0,0,0,0,0,0,0,0,0,0,0,0,0,0,0,0,0,0,0
2562846716512,27.198862,1791215149475382566,,0,0,0,0,0,0,0,0,0,0,0,0,0,0,0,0,0,0,0
2562866698976,27.218844,1791215149495382766,,0,0,0,0,0,0,0,0,0,0,0,0,0,0,0,0,0,0,0
2562886694496,27.23884,1791215149515389042,,0,0,0,0,0,0,0,0,0,0,0,0,0,0,0,0,0,0,0
2562906676064,27.258821,1791215149535383160,,0,0,0,0,0,0,0,0,0,0,0,0,0,0,0,0,0,0,0
2562926672064,27.278817,1791215149555382810,,0,0,0,0,0,0,0,0,0,0,0,0,0,0,0,0,0,0,0
2562946695424,27.29884,1791215149575382663,,0,0,0,0,0,0,0,0,0,0,0,0,0,0,0,0,0,0,0
2562966673312,27.318818,1791215149595382868,,0,0,0,0,0,0,0,0,0,0,0,0,0,0,0,0,0,0,0
2562986653952,27.338799,1791215149615383177,,0,0,0,0,0,0,0,0,0,0,0,0,0,0,0,0,0,0,0
2563006688320,27.358833,1791215149635382559,,0,0,0,0,0,0,0,0,0,0,0,0,0,0,0,0,0,0,0
2563026658976,27.378804,1791215149655382731,,0,0,0,0,0,0,0,0,0,0,0,0,0,0,0,0,0,0,0
2563046680384,27.398825,1791215149675397364,,0,0,0,0,0,0,0,0,0,0,0,0,0,0,0,0,0,0,0
2563066694336,27.418839,1791215149695382634,,0,0,0,0,0,0,0,0,0,0,0,0,0,0,0,0,0,0,0
2563086653472,27.438799,1791215149715382399,,0,0,0,0,0,0,0,0,0,0,0,0,0,0,0,0,0,0,0
2563106636576,27.458782,1791215149735383059,,0,0,0,0,0,0,0,0,0,0,0,0,0,0,0,0,0,0,0
2563126713280,27.478858,1791215149755382722,,0,0,0,0,0,0,0,0,0,0,0,0,0,0,0,0,0,0,0
2563146666912,27.498812,1791215149775383107,,0,0,0,0,0,0,0,0,0,0,0,0,0,0,0,0,0,0,0
2563166632672,27.518778,1791215149795382693,,0,0,0,0,0,0,0,0,0,0,0,0,0,0,0,0,0,0,0
2563186676736,27.538822,1791215149815382973,,0,0,0,0,0,0,0,0,0,0,0,0,0,0,0,0,0,0,0
2563206620704,27.558766,1791215149835396475,,0,0,0,0,0,0,0,0,0,0,0,0,0,0,0,0,0,0,0
2563226636992,27.578782,1791215149855382368,,0,0,0,0,0,0,0,0,0,0,0,0,0,0,0,0,0,0,0
2563246561248,27.598706,1791215149875382880,,0,0,0,0,0,0,0,0,0,0,0,0,0,0,0,0,0,0,0
2563266627936,27.618773,1791215149895382983,,0,0,0,0,0,0,0,0,0,0,0,0,0,0,0,0,0,0,0
2563286638528,27.638784,1791215149915382907,,0,0,0,0,0,0,0,0,0,0,0,0,0,0,0,0,0,0,0
2563306659424,27.658804,1791215149935382553,,0,0,0,0,0,0,0,0,0,0,0,0,0,0,0,0,0,0,0
2563326655424,27.6788,1791215149955382760,,0,0,0,0,0,0,0,0,0,0,0,0,0,0,0,0,0,0,0
2563346659424,27.698804,1791215149975382805,,0,0,0,0,0,0,0,0,0,0,0,0,0,0,0,0,0,0,0
2563366666624,27.718812,1791215149995383242,,0,0,0,0,0,0,0,0,0,0,0,0,0,0,0,0,0,0,0
2563386644704,27.73879,1791215150015383022,,0,0,0,0,0,0,0,0,0,0,0,0,0,0,0,0,0,0,0
