t_recv_ns,t_s,t_stamp_ns,mos_temperature_0,mos_temperature_1,mos_temperature_2,mos_temperature_3,mos_temperature_4,mos_temperature_5,mos_temperature_6,mos_temperature_7,mos_temperature_8,mos_temperature_9,mos_temperature_10,mos_temperature_11,mos_temperature_12,mos_temperature_13,mos_temperature_14,mos_temperature_15,mos_temperature_16,mos_temperature_17,mos_temperature_18,mos_temperature_19,mos_temperature_20,mos_temperature_21,mos_temperature_22,mos_temperature_23,mos_temperature_24,motor_temperature_0,motor_temperature_1,motor_temperature_2,motor_temperature_3,motor_temperature_4,motor_temperature_5,motor_temperature_6,motor_temperature_7,motor_temperature_8,motor_temperature_9,motor_temperature_10,motor_temperature_11,motor_temperature_12,motor_temperature_13,motor_temperature_14,motor_temperature_15,motor_temperature_16,motor_temperature_17,motor_temperature_18,motor_temperature_19,motor_temperature_20,motor_temperature_21,motor_temperature_22,motor_temperature_23,motor_temperature_24,tau_cmd_0,tau_cmd_1,tau_cmd_2,tau_cmd_3,tau_cmd_4,tau_cmd_5,tau_cmd_6,tau_cmd_7,tau_cmd_8,tau_cmd_9,tau_cmd_10,tau_cmd_11,tau_cmd_12,tau_cmd_13,tau_cmd_14,tau_cmd_15,tau_cmd_16,tau_cmd_17,tau_cmd_18,tau_cmd_19,tau_cmd_20,tau_cmd_21,tau_cmd_22,tau_cmd_23,tau_cmd_24
3620189801408,0,0,34.733345,33.099106,32.504005,30.846878,32.316322,33.099106,34.110779,33.479057,32.934311,30.283821,32.623024,32.485695,37.37011,39.480431,35.561913,33.497368,32.371254,32.284279,38.445869,34.449532,33.662163,33.524834,32.627602,38.596931,3529449.7,31.858551,29.853516,29.414055,28.814377,29.148544,29.340813,31.483177,30.292976,29.780273,28.205536,29.707024,29.212631,35.021744,37.933167,35.712975,31.643394,30.750748,30.041199,35.149918,32.0737,30.457771,31.428246,30.476082,35.168228,3529449.7,-0.0045776367,-0.0045776367,-0.0045776367,-0.0045776367,-0.0045776367,-0.0045776367,-0.0045776367,-0.0045776367,-0.0045776367,-0.0045776367,-0.0045776367,-0.0045776367,-0.0045776367,-4.6097412,-1.3870544,-0.75531006,0.15106201,0.25177002,-0.0045776367,-0.0045776367,-0.0045776367,-0.0045776367,-0.0045776367,-0.0045776367,3529449.7
3620209795520,0.019994112,0,34.72419,33.099106,32.499428,30.8423,32.3209,33.099106,34.110779,33.47448,32.943466,30.283821,32.623024,32.485695,37.37011,39.480431,35.557335,33.501945,32.371254,32.279701,38.441292,34.458687,33.662163,33.529411,32.627602,38.592354,3529469.7,31.858551,29.862671,29.42321,28.823532,29.162277,29.363701,31.4786,30.297554,29.780273,28.219269,29.697868,29.212631,35.021744,37.914856,35.708397,31.620506,30.759903,30.032043,35.177383,32.0737,30.471504,31.446556,30.49897,35.172806,3529469.7,-0.0045776367,-0.0045776367,-0.0045776367,-0.0045776367,-0.0045776367,-0.0045776367,-0.0045776367,-0.0045776367,-0.0045776367,-0.0045776367,-0.0045776367,-0.0045776367,-0.0045776367,-4.5731201,-1.6891785,-0.74615479,0.27008057,0.28839111,-0.0045776367,-0.0045776367,-0.0045776367,-0.0045776367,-0.0045776367,-0.0045776367,3529469.7
3620229932864,0.040131456,0,34.72419,33.099106,32.504005,30.8423,32.3209,33.094528,34.115356,33.47448,32.948044,30.283821,32.627602,32.481117,37.365532,39.489586,35.552757,33.506523,32.362099,32.284279,38.441292,34.454109,33.657585,33.520256,32.632179,38.601509,3529489.7,31.872284,29.858093,29.427788,28.82811,29.162277,29.349968,31.483177,30.297554,29.780273,28.200958,29.693291,29.226364,35.017166,37.933167,35.699242,31.638817,30.764481,30.032043,35.14534,32.0737,30.466927,31.451134,30.485237,35.163651,3529489.7,-0.0045776367,-0.0045776367,-0.0045776367,-0.0045776367,-0.0045776367,-0.0045776367,-0.0045776367,-0.0045776367,-0.0045776367,-0.0045776367,-0.0045776367,-0.0045776367,-0.0045776367,-4.8660889,-2.275116,-0.91094971,0.13275146,0.086975098,-0.0045776367,-0.0045776367,-0.0045776367,-0.0045776367,-0.0045776367,-0.0045776367,3529489.7
3620249814592,0.060013184,0,34.728767,33.099106,32.499428,30.837723,32.3209,33.099106,34.106201,33.47448,32.948044,30.283821,32.623024,32.481117,37.374687,39.480431,35.557335,33.497368,32.371254,32.284279,38.450447,34.449532,33.66674,33.524834,32.632179,38.596931,3529509.7,31.867706,29.862671,29.436943,28.823532,29.166855,29.359123,31.469444,30.306709,29.780273,28.223846,29.684135,29.212631,35.026321,37.942322,35.699242,31.643394,30.778214,30.022888,35.14534,32.09201,30.444038,31.437401,30.476082,35.163651,3529509.7,-0.0045776367,-0.0045776367,-0.0045776367,-0.0045776367,-0.0045776367,-0.0045776367,-0.0045776367,-0.0045776367,-0.0045776367,-0.0045776367,-0.0045776367,-0.0045776367,-0.0045776367,-3.6209717,-1.8448181,-0.93841553,-0.59051514,0.30670166,-0.0045776367,-0.0045776367,-0.0045776367,-0.0045776367,-0.0045776367,-0.0045776367,3529509.7
3620269785472,0.079984064,0,34.728767,33.094528,32.499428,30.846878,32.3209,33.103683,34.110779,33.47448,32.948044,30.283821,32.623024,32.481117,37.365532,39.480431,35.552757,33.501945,32.366676,32.279701,38.445869,34.458687,33.662163,33.524834,32.627602,38.601509,3529529.7,31.863129,29.853516,29.414055,28.823532,29.148544,29.359123,31.49691,30.306709,29.784851,28.214691,29.702446,29.217209,35.026321,37.928589,35.712975,31.629662,30.769058,30.027466,35.159073,32.0737,30.462349,31.441978,30.503548,35.149918,3529529.7,-0.0045776367,-0.0045776367,-0.0045776367,-0.0045776367,-0.0045776367,-0.0045776367,-0.0045776367,-0.0045776367,-0.0045776367,-0.0045776367,-0.0045776367,-0.0045776367,-0.0045776367,-3.0075684,-2.1377869,-0.87432861,-1.002533,0.19683838,-0.0045776367,-0.0045776367,-0.0045776367,-0.0045776367,-0.0045776367,-0.0045776367,3529529.7
3620289804992,0.10000358,0,34.728767,33.103683,32.504005,30.8423,32.325478,33.103683,34.115356,33.479057,32.943466,30.283821,32.623024,32.485695,37.37011,39.485008,35.552757,33.506523,32.366676,32.275124,38.445869,34.454109,33.662163,33.524834,32.632179,38.601509,3529549.7,31.863129,29.858093,29.42321,28.809799,29.171432,29.34539,31.483177,30.302132,29.780273,28.210114,29.693291,29.212631,35.040054,37.933167,35.694664,31.65255,30.764481,30.022888,35.159073,32.087433,30.444038,31.437401,30.489815,35.149918,3529549.7,-0.0045776367,-0.0045776367,-0.0045776367,-0.0045776367,-0.0045776367,-0.0045776367,-0.0045776367,-0.0045776367,-0.0045776367,-0.0045776367,-0.0045776367,-0.0045776367,-0.0045776367,-2.5497742,-1.6617126,-0.78277588,-1.3778992,0.38909912,-0.0045776367,-0.0045776367,-0.0045776367,-0.0045776367,-0.0045776367,-0.0045776367,3529549.7
3620309807424,0.12000602,0,34.733345,33.099106,32.508583,30.837723,32.3209,33.103683,34.110779,33.47448,32.943466,30.283821,32.627602,32.481117,37.365532,39.480431,35.557335,33.506523,32.366676,32.279701,38.445869,34.458687,33.657585,33.529411,32.627602,38.601509,3529569.7,31.844818,29.858093,29.427788,28.818954,29.148544,29.34539,31.469444,30.292976,29.757385,28.219269,29.697868,29.217209,35.012589,37.928589,35.717552,31.634239,30.755325,30.036621,35.163651,32.078278,30.466927,31.428246,30.494392,35.159073,3529569.7,-0.0045776367,-0.0045776367,-0.0045776367,-0.0045776367,-0.0045776367,-0.0045776367,-0.0045776367,-0.0045776367,-0.0045776367,-0.0045776367,-0.0045776367,-0.0045776367,-0.0045776367,-2.3483582,-1.6983337,-0.85601807,-1.3962097,0.35247803,-0.0045776367,-0.0045776367,-0.0045776367,-0.0045776367,-0.0045776367,-0.0045776367,3529569.7
3620329848320,0.14004691,0,34.728767,33.099106,32.499428,30.837723,32.3209,33.099106,34.110779,33.479057,32.948044,30.283821,32.627602,32.481117,37.37011,39.480431,35.557335,33.506523,32.362099,32.284279,38.441292,34.454109,33.662163,33.524834,32.632179,38.606087,3529589.7,31.872284,29.858093,29.42321,28.832687,29.171432,29.336235,31.474022,30.302132,29.784851,28.205536,29.702446,29.221786,35.026321,37.942322,35.712975,31.643394,30.769058,30.032043,35.149918,32.055389,30.453194,31.428246,30.480659,35.163651,3529589.7,-0.0045776367,-0.0045776367,-0.0045776367,-0.0045776367,-0.0045776367,-0.0045776367,-0.0045776367,-0.0045776367,-0.0045776367,-0.0045776367,-0.0045776367,-0.0045776367,-0.0045776367,-1.8997498,-1.6800232,-1.0208435,-1.4602966,0.44403076,-0.0045776367,-0.0045776367,-0.0045776367,-0.0045776367,-0.0045776367,-0.0045776367,3529589.7
3620349973280,0.16017187,0,34.728767,33.108261,32.504005,30.851456,32.325478,33.094528,34.110779,33.47448,32.943466,30.279243,32.623024,32.490273,37.37011,39.480431,35.552757,33.506523,32.362099,32.284279,38.445869,34.463264,33.662163,33.529411,32.627602,38.596931,3529609.7,31.858551,29.867249,29.42321,28.82811,29.1577,29.34539,31.474022,30.279243,29.771118,28.200958,29.697868,29.217209,35.026321,37.928589,35.726707,31.625084,30.769058,30.018311,35.140762,32.064545,30.453194,31.437401,30.480659,35.14534,3529609.7,-0.0045776367,-0.0045776367,-0.0045776367,-0.0045776367,-0.0045776367,-0.0045776367,-0.0045776367,-0.0045776367,-0.0045776367,-0.0045776367,-0.0045776367,-0.0045776367,-0.0045776367,-1.5793152,-1.3595886,-0.84686279,-2.3300476,0.14190674,-0.0045776367,-0.0045776367,-0.0045776367,-0.0045776367,-0.0045776367,-0.0045776367,3529609.7
3620369799328,0.17999792,0,34.72419,33.099106,32.504005,30.846878,32.3209,33.103683,34.110779,33.47448,32.948044,30.283821,32.627602,32.481117,37.365532,39.480431,35.552757,33.501945,32.366676,32.284279,38.445869,34.454109,33.662163,33.520256,32.632179,38.592354,3529629.7,31.863129,29.871826,29.42321,28.82811,29.166855,29.349968,31.4786,30.302132,29.775696,28.228424,29.688713,29.212631,35.026321,37.914856,35.699242,31.643394,30.782791,30.036621,35.191116,32.059967,30.457771,31.41909,30.480659,35.149918,3529629.7,-0.0045776367,-0.0045776367,-0.0045776367,-0.0045776367,-0.0045776367,-0.0045776367,-0.0045776367,-0.0045776367,-0.0045776367,-0.0045776367,-0.0045776367,-0.0045776367,-0.0045776367,-1.5884705,-1.5426941,-0.72784424,-2.4399109,0.50811768,-0.0045776367,-0.0045776367,-0.0045776367,-0.0045776367,-0.0045776367,-0.0045776367,3529629.7
3620389768096,0.19996669,0,34.72419,33.099106,32.508583,30.846878,32.316322,33.099106,34.115356,33.47448,32.943466,30.283821,32.623024,32.490273,37.374687,39.480431,35.54818,33.49279,32.357521,32.279701,38.441292,34.458687,33.662163,33.529411,32.632179,38.596931,3529649.7,31.863129,29.858093,29.42321,28.818954,29.162277,29.349968,31.474022,30.292976,29.780273,28.214691,29.707024,29.230942,35.035477,37.924011,35.717552,31.65255,30.769058,30.022888,35.149918,32.0737,30.476082,31.432823,30.480659,35.172806,3529649.7,-0.0045776367,-0.0045776367,-0.0045776367,-0.0045776367,-0.0045776367,-0.0045776367,-0.0045776367,-0.0045776367,-0.0045776367,-0.0045776367,-0.0045776367,-0.0045776367,-0.0045776367,-2.110321,-1.7349548,-0.82855225,-2.2476501,0.40740967,-0.0045776367,-0.0045776367,-0.0045776367,-0.0045776367,-0.0045776367,-0.0045776367,3529649.7
3620409789280,0.21998787,0,34.733345,33.099106,32.508583,30.8423,32.316322,33.099106,34.110779,33.479057,32.948044,30.283821,32.632179,32.47654,37.37011,39.485008,35.54818,33.501945,32.357521,32.279701,38.441292,34.458687,33.662163,33.524834,32.632179,38.601509,3529669.7,31.863129,29.862671,29.414055,28.814377,29.162277,29.34539,31.483177,30.311287,29.780273,28.223846,29.697868,29.212631,35.021744,37.942322,35.72213,31.647972,30.791946,30.036621,35.154495,32.0737,30.453194,31.451134,30.494392,35.149918,3529669.7,-0.0045776367,-0.0045776367,-0.0045776367,-0.0045776367,-0.0045776367,-0.0045776367,-0.0045776367,-0.0045776367,-0.0045776367,-0.0045776367,-0.0045776367,-0.0045776367,-0.0045776367,-1.9638367,-2.0645447,-0.98419189,-2.2018738,-0.068664551,-0.0045776367,-0.0045776367,-0.0045776367,-0.0045776367,-0.0045776367,-0.0045776367,3529669.7
3620429928384,0.24012698,0,34.728767,33.099106,32.504005,30.8423,32.316322,33.099106,34.115356,33.479057,32.948044,30.283821,32.623024,32.490273,37.37011,39.475853,35.557335,33.506523,32.366676,32.275124,38.450447,34.454109,33.66674,33.524834,32.627602,38.596931,3529689.7,31.867706,29.862671,29.446098,28.818954,29.166855,29.359123,31.464867,30.302132,29.780273,28.219269,29.693291,29.221786,35.021744,37.937744,35.712975,31.643394,30.769058,30.022888,35.149918,32.069122,30.466927,31.441978,30.480659,35.140762,3529689.7,-0.0045776367,-0.0045776367,-0.0045776367,-0.0045776367,-0.0045776367,-0.0045776367,-0.0045776367,-0.0045776367,-0.0045776367,-0.0045776367,-0.0045776367,-0.0045776367,-0.0045776367,-2.5589294,-1.5518494,-1.2405701,-2.3300476,-0.33416748,-0.0045776367,-0.0045776367,-0.0045776367,-0.0045776367,-0.0045776367,-0.0045776367,3529689.7
3620449771392,0.25996998,0,34.728767,33.099106,32.499428,30.8423,32.325478,33.094528,34.106201,33.47448,32.938889,30.292976,32.627602,32.481117,37.37011,39.485008,35.54818,33.501945,32.362099,32.279701,38.445869,34.458687,33.662163,33.524834,32.632179,38.596931,3529709.7,31.849396,29.858093,29.418633,28.814377,29.162277,29.349968,31.474022,30.302132,29.775696,28.205536,29.707024,29.212631,35.030899,37.937744,35.72213,31.629662,30.778214,30.027466,35.149918,32.069122,30.444038,31.437401,30.485237,35.177383,3529709.7,-0.0045776367,-0.0045776367,-0.0045776367,-0.0045776367,-0.0045776367,-0.0045776367,-0.0045776367,-0.0045776367,-0.0045776367,-0.0045776367,-0.0045776367,-0.0045776367,-0.0045776367,-1.9272156,-1.8265076,-0.85601807,-2.0370789,-0.17852783,-0.0045776367,-0.0045776367,-0.0045776367,-0.0045776367,-0.0045776367,-0.0045776367,3529709.7
3620469804832,0.28000342,0,34.72419,33.103683,32.504005,30.846878,32.3209,33.094528,34.115356,33.47448,32.948044,30.292976,32.623024,32.490273,37.37011,39.485008,35.552757,33.501945,32.362099,32.284279,38.436714,34.449532,33.662163,33.529411,32.636757,38.601509,3529729.7,31.863129,29.862671,29.427788,28.809799,29.1577,29.363701,31.487755,30.334175,29.780273,28.210114,29.688713,29.198898,35.035477,37.910278,35.712975,31.647972,30.787369,30.022888,35.154495,32.0737,30.453194,31.437401,30.480659,35.140762,3529729.7,-0.0045776367,-0.0045776367,-0.0045776367,-0.0045776367,-0.0045776367,-0.0045776367,-0.0045776367,-0.0045776367,-0.0045776367,-0.0045776367,-0.0045776367,-0.0045776367,-0.0045776367,-2.6596375,-2.1835632,-1.0574646,-1.1307068,0.01373291,-0.0045776367,-0.0045776367,-0.0045776367,-0.0045776367,-0.0045776367,-0.0045776367,3529729.7
3620489948256,0.30014685,0,34.733345,33.099106,32.504005,30.846878,32.3209,33.094528,34.110779,33.479057,32.943466,30.279243,32.627602,32.485695,37.37011,39.485008,35.552757,33.497368,32.366676,32.288857,38.441292,34.449532,33.662163,33.524834,32.632179,38.596931,3529751.7,31.863129,29.853516,29.42321,28.823532,29.180588,29.368279,31.441978,30.270088,29.780273,28.223846,29.697868,29.203476,35.040054,37.924011,35.731285,31.638817,30.769058,30.018311,35.154495,32.055389,30.462349,31.423668,30.494392,35.154495,3529751.7,-0.0045776367,-0.0045776367,-0.0045776367,-0.0045776367,-0.0045776367,-0.0045776367,-0.0045776367,-0.0045776367,-0.0045776367,-0.0045776367,-0.0045776367,-0.0045776367,-0.0045776367,-3.0441895,-2.0828552,-1.2863464,-0.80108643,-0.28839111,-0.0045776367,-0.0045776367,-0.0045776367,-0.0045776367,-0.0045776367,-0.0045776367,3529751.7
3620509774688,0.31997328,0,34.733345,33.103683,32.499428,30.8423,32.325478,33.099106,34.110779,33.47448,32.948044,30.288399,32.627602,32.485695,37.365532,39.480431,35.543602,33.497368,32.362099,32.279701,38.450447,34.463264,33.66674,33.524834,32.632179,38.596931,3529769.7,31.853973,29.848938,29.418633,28.82811,29.1577,29.368279,31.4786,30.320442,29.766541,28.219269,29.693291,29.217209,35.021744,37.919434,35.694664,31.647972,30.759903,30.027466,35.14534,32.064545,30.457771,31.437401,30.480659,35.181961,3529769.7,-0.0045776367,-0.0045776367,-0.0045776367,-0.0045776367,-0.0045776367,-0.0045776367,-0.0045776367,-0.0045776367,-0.0045776367,-0.0045776367,-0.0045776367,-0.0045776367,-0.0045776367,-2.5223083,-2.009613,-1.1307068,-0.92010498,-0.37078857,-0.0045776367,-0.0045776367,-0.0045776367,-0.0045776367,-0.0045776367,-0.0045776367,3529769.7
3620529935200,0.34013379,0,34.728767,33.103683,32.499428,30.8423,32.3209,33.099106,34.115356,33.47448,32.943466,30.283821,32.627602,32.485695,37.365532,39.480431,35.543602,33.497368,32.357521,32.279701,38.450447,34.454109,33.662163,33.524834,32.627602,38.601509,3529789.7,31.849396,29.853516,29.42321,28.832687,29.162277,29.354546,31.469444,30.292976,29.775696,28.214691,29.688713,29.208054,35.030899,37.914856,35.731285,31.629662,30.769058,30.036621,35.172806,32.055389,30.480659,31.446556,30.476082,35.140762,3529789.7,-0.0045776367,-0.0045776367,-0.0045776367,-0.0045776367,-0.0045776367,-0.0045776367,-0.0045776367,-0.0045776367,-0.0045776367,-0.0045776367,-0.0045776367,-0.0045776367,-0.0045776367,-2.6687927,-2.2384949,-0.92010498,-0.62713623,-0.022888184,-0.0045776367,-0.0045776367,-0.0045776367,-0.0045776367,-0.0045776367,-0.0045776367,3529789.7
3620549969344,0.36016794,0,34.728767,33.099106,32.504005,30.837723,32.316322,33.094528,34.110779,33.47448,32.948044,30.288399,32.627602,32.490273,37.37011,39.485008,35.54818,33.506523,32.362099,32.284279,38.441292,34.454109,33.66674,33.520256,32.627602,38.601509,3529809.7,31.863129,29.862671,29.432365,28.823532,29.166855,29.340813,31.464867,30.297554,29.780273,28.233002,29.707024,29.208054,35.017166,37.919434,35.726707,31.638817,30.773636,30.032043,35.168228,32.078278,30.476082,31.423668,30.476082,35.154495,3529809.7,-0.0045776367,-0.0045776367,-0.0045776367,-0.0045776367,-0.0045776367,-0.0045776367,-0.0045776367,-0.0045776367,-0.0045776367,-0.0045776367,-0.0045776367,-0.0045776367,-0.0045776367,-2.8885193,-2.5223083,-1.2955017,-0.34332275,-0.3616333,-0.0045776367,-0.0045776367,-0.0045776367,-0.0045776367,-0.0045776367,-0.0045776367,3529809.7
3620569779456,0.37997805,0,34.733345,33.099106,32.504005,30.837723,32.325478,33.099106,34.110779,33.479057,32.948044,30.288399,32.623024,32.485695,37.365532,39.489586,35.552757,33.497368,32.357521,32.279701,38.441292,34.454109,33.662163,33.524834,32.632179,38.596931,3529829.7,31.84024,29.862671,29.414055,28.818954,29.17601,29.349968,31.483177,30.302132,29.780273,28.214691,29.693291,29.212631,35.035477,37.937744,35.717552,31.634239,30.759903,30.036621,35.154495,32.069122,30.476082,31.437401,30.489815,35.168228,3529829.7,-0.0045776367,-0.0045776367,-0.0045776367,-0.0045776367,-0.0045776367,-0.0045776367,-0.0045776367,-0.0045776367,-0.0045776367,-0.0045776367,-0.0045776367,-0.0045776367,-0.0045776367,-2.1194763,-1.7807312,-0.84686279,-0.23345947,-0.19683838,-0.0045776367,-0.0045776367,-0.0045776367,-0.0045776367,-0.0045776367,-0.0045776367,3529829.7
3620589759040,0.39995763,0,34.733345,33.099106,32.508583,30.837723,32.3209,33.094528,34.115356,33.483635,32.943466,30.283821,32.623024,32.490273,37.365532,39.485008,35.552757,33.501945,32.362099,32.284279,38.441292,34.454109,33.662163,33.529411,32.627602,38.596931,3529849.7,31.853973,29.853516,29.432365,28.823532,29.180588,29.34539,31.483177,30.297554,29.775696,28.214691,29.693291,29.221786,35.021744,37.933167,35.708397,31.647972,30.759903,30.036621,35.163651,32.069122,30.462349,31.441978,30.485237,35.154495,3529849.7,-0.0045776367,-0.0045776367,-0.0045776367,-0.0045776367,-0.0045776367,-0.0045776367,-0.0045776367,-0.0045776367,-0.0045776367,-0.0045776367,-0.0045776367,-0.0045776367,-0.0045776367,-2.6321716,-1.9821472,-0.70037842,-0.077819824,-0.39825439,-0.0045776367,-0.0045776367,-0.0045776367,-0.0045776367,-0.0045776367,-0.0045776367,3529849.7
3620609751936,0.41995053,0,34.728767,33.103683,32.504005,30.8423,32.325478,33.103683,34.119934,33.47448,32.938889,30.288399,32.623024,32.485695,37.37011,39.489586,35.543602,33.497368,32.357521,32.279701,38.441292,34.454109,33.662163,33.520256,32.623024,38.601509,3529869.7,31.863129,29.862671,29.427788,28.82811,29.148544,29.368279,31.487755,30.297554,29.798584,28.219269,29.688713,29.208054,35.035477,37.928589,35.717552,31.643394,30.769058,30.022888,35.159073,32.069122,30.471504,31.428246,30.49897,35.168228,3529869.7,-0.0045776367,-0.0045776367,-0.0045776367,-0.0045776367,-0.0045776367,-0.0045776367,-0.0045776367,-0.0045776367,-0.0045776367,-0.0045776367,-0.0045776367,-0.0045776367,-0.0045776367,-2.2659607,-1.908905,-0.64544678,0.032043457,-0.16021729,-0.0045776367,-0.0045776367,-0.0045776367,-0.0045776367,-0.0045776367,-0.0045776367,3529869.7
3620629780256,0.43997885,0,34.733345,33.094528,32.508583,30.8423,32.3209,33.099106,34.110779,33.488213,32.943466,30.283821,32.632179,32.490273,37.37011,39.489586,35.552757,33.49279,32.362099,32.279701,38.441292,34.458687,33.662163,33.529411,32.627602,38.601509,3529889.7,31.858551,29.858093,29.427788,28.832687,29.171432,29.354546,31.483177,30.302132,29.766541,28.214691,29.684135,29.221786,35.012589,37.928589,35.703819,31.638817,30.764481,30.045776,35.149918,32.069122,30.462349,31.441978,30.480659,35.154495,3529889.7,-0.0045776367,-0.0045776367,-0.0045776367,-0.0045776367,-0.0045776367,-0.0045776367,-0.0045776367,-0.0045776367,-0.0045776367,-0.0045776367,-0.0045776367,-0.0045776367,-0.0045776367,-2.1286316,-1.405365,-0.59051514,-0.27008057,-0.14190674,-0.0045776367,-0.0045776367,-0.0045776367,-0.0045776367,-0.0045776367,-0.0045776367,3529889.7
3620649773984,0.45997258,0,34.733345,33.099106,32.504005,30.8423,32.325478,33.103683,34.115356,33.479057,32.938889,30.279243,32.627602,32.490273,37.374687,39.485008,35.539024,33.497368,32.362099,32.279701,38.436714,34.454109,33.66674,33.529411,32.632179,38.601509,3529909.7,31.84024,29.862671,29.42321,28.809799,29.1577,29.359123,31.4786,30.297554,29.771118,28.187225,29.684135,29.198898,35.021744,37.910278,35.708397,31.634239,30.773636,30.041199,35.159073,32.082855,30.457771,31.441978,30.480659,35.163651,3529909.7,-0.0045776367,-0.0045776367,-0.0045776367,-0.0045776367,-0.0045776367,-0.0045776367,-0.0045776367,-0.0045776367,-0.0045776367,-0.0045776367,-0.0045776367,-0.0045776367,-0.0045776367,-2.3025818,-1.1947937,-0.41656494,-0.059509277,-0.21514893,-0.0045776367,-0.0045776367,-0.0045776367,-0.0045776367,-0.0045776367,-0.0045776367,3529909.7
3620669747840,0.47994643,0,34.728767,33.099106,32.504005,30.846878,32.316322,33.099106,34.115356,33.479057,32.943466,30.283821,32.632179,32.481117,37.374687,39.485008,35.552757,33.49279,32.352943,32.284279,38.441292,34.454109,33.66674,33.524834,32.627602,38.601509,3529929.7,31.844818,29.862671,29.441521,28.832687,29.166855,29.354546,31.487755,30.288399,29.766541,28.210114,29.693291,29.226364,35.040054,37.933167,35.699242,31.647972,30.764481,30.045776,35.149918,32.082855,30.457771,31.428246,30.489815,35.14534,3529929.7,-0.0045776367,-0.0045776367,-0.0045776367,-0.0045776367,-0.0045776367,-0.0045776367,-0.0045776367,-0.0045776367,-0.0045776367,-0.0045776367,-0.0045776367,-0.0045776367,-0.0045776367,-2.2659607,-0.81939697,-0.086975098,-0.032043457,-0.31585693,-0.0045776367,-0.0045776367,-0.0045776367,-0.0045776367,-0.0045776367,-0.0045776367,3529929.7
3620689745920,0.49994451,0,34.719612,33.099106,32.504005,30.846878,32.325478,33.094528,34.119934,33.483635,32.943466,30.288399,32.627602,32.481117,37.374687,39.498741,35.54818,33.49279,32.362099,32.279701,38.441292,34.454109,33.66674,33.529411,32.627602,38.601509,3529949.7,31.826508,29.848938,29.42321,28.832687,29.153122,29.359123,31.487755,30.297554,29.780273,28.228424,29.697868,29.217209,35.035477,37.956055,35.694664,31.643394,30.769058,30.036621,35.163651,32.078278,30.466927,31.441978,30.480659,35.177383,3529949.7,-0.0045776367,-0.0045776367,-0.0045776367,-0.0045776367,-0.0045776367,-0.0045776367,-0.0045776367,-0.0045776367,-0.0045776367,-0.0045776367,-0.0045776367,-0.0045776367,-0.0045776367,-2.3483582,-0.66375732,-0.38909912,0.032043457,-0.27008057,-0.0045776367,-0.0045776367,-0.0045776367,-0.0045776367,-0.0045776367,-0.0045776367,3529949.7
3620709754656,0.51995325,0,34.728767,33.099106,32.504005,30.851456,32.3209,33.099106,34.110779,33.47448,32.943466,30.283821,32.627602,32.481117,37.37011,39.485008,35.54818,33.49279,32.362099,32.279701,38.445869,34.458687,33.662163,33.524834,32.636757,38.606087,3529969.7,31.867706,29.853516,29.418633,28.823532,29.185165,29.349968,31.492332,30.302132,29.775696,28.223846,29.693291,29.208054,35.021744,37.924011,35.703819,31.666283,30.769058,30.018311,35.159073,32.069122,30.453194,31.451134,30.485237,35.163651,3529969.7,-0.0045776367,-0.0045776367,-0.0045776367,-0.0045776367,-0.0045776367,-0.0045776367,-0.0045776367,-0.0045776367,-0.0045776367,-0.0045776367,-0.0045776367,-0.0045776367,-0.0045776367,-2.8152771,0.050354004,0.11444092,0.75531006,-0.21514893,-0.0045776367,-0.0045776367,-0.0045776367,-0.0045776367,-0.0045776367,-0.0045776367,3529969.7
3620729772672,0.53997126,0,34.728767,33.103683,32.508583,30.846878,32.3209,33.099106,34.110779,33.479057,32.943466,30.283821,32.627602,32.481117,37.374687,39.489586,35.543602,33.49279,32.362099,32.279701,38.445869,34.454109,33.662163,33.524834,32.632179,38.606087,3529989.7,31.853973,29.848938,29.436943,28.82811,29.1577,29.359123,31.487755,30.306709,29.766541,28.223846,29.688713,29.217209,35.012589,37.924011,35.699242,31.647972,30.773636,30.036621,35.163651,32.059967,30.466927,31.441978,30.476082,35.163651,3529989.7,-0.0045776367,-0.0045776367,-0.0045776367,-0.0045776367,-0.0045776367,-0.0045776367,-0.0045776367,-0.0045776367,-0.0045776367,-0.0045776367,-0.0045776367,-0.0045776367,-0.0045776367,-3.0167236,-0.40740967,-0.35247803,0.70037842,-0.20599365,-0.0045776367,-0.0045776367,-0.0045776367,-0.0045776367,-0.0045776367,-0.0045776367,3529989.7
3620749921408,0.56012,0,34.728767,33.103683,32.499428,30.8423,32.316322,33.103683,34.110779,33.47448,32.943466,30.279243,32.623024,32.485695,37.365532,39.494164,35.54818,33.497368,32.357521,32.279701,38.441292,34.454109,33.662163,33.524834,32.632179,38.606087,3530009.7,31.853973,29.862671,29.427788,28.82811,29.162277,29.34539,31.4786,30.288399,29.789429,28.205536,29.693291,29.212631,35.040054,37.933167,35.708397,31.643394,30.787369,30.027466,35.159073,32.0737,30.434883,31.437401,30.476082,35.159073,3530009.7,-0.0045776367,-0.0045776367,-0.0045776367,-0.0045776367,-0.0045776367,-0.0045776367,-0.0045776367,-0.0045776367,-0.0045776367,-0.0045776367,-0.0045776367,-0.0045776367,-0.0045776367,-2.57724,-0.0045776367,-0.50811768,0.086975098,-0.87432861,-0.0045776367,-0.0045776367,-0.0045776367,-0.0045776367,-0.0045776367,-0.0045776367,3530009.7
3620769748672,0.57994726,0,34.728767,33.099106,32.499428,30.846878,32.325478,33.099106,34.110779,33.479057,32.943466,30.279243,32.623024,32.490273,37.37011,39.498741,35.552757,33.488213,32.357521,32.279701,38.441292,34.454109,33.662163,33.524834,32.632179,38.601509,3530029.7,31.858551,29.867249,29.418633,28.832687,29.153122,29.340813,31.4786,30.283821,29.789429,28.214691,29.693291,29.226364,35.030899,37.919434,35.694664,31.638817,30.778214,30.027466,35.136185,32.078278,30.457771,31.41909,30.494392,35.172806,3530029.7,-0.0045776367,-0.0045776367,-0.0045776367,-0.0045776367,-0.0045776367,-0.0045776367,-0.0045776367,-0.0045776367,-0.0045776367,-0.0045776367,-0.0045776367,-0.0045776367,-0.0045776367,-2.7420349,1.0940857,-0.30670166,-0.78277588,0.022888184,-0.0045776367,-0.0045776367,-0.0045776367,-0.0045776367,-0.0045776367,-0.0045776367,3530029.7
3620789757760,0.59995635,0,34.72419,33.103683,32.504005,30.846878,32.3209,33.094528,34.115356,33.479057,32.943466,30.288399,32.623024,32.485695,37.374687,39.489586,35.552757,33.49279,32.362099,32.279701,38.445869,34.458687,33.66674,33.529411,32.632179,38.601509,3530049.7,31.863129,29.862671,29.42321,28.832687,29.171432,29.354546,31.474022,30.302132,29.780273,28.210114,29.697868,29.212631,35.012589,37.933167,35.699242,31.647972,30.782791,30.036621,35.154495,32.0737,30.453194,31.441978,30.489815,35.163651,3530049.7,-0.0045776367,-0.0045776367,-0.0045776367,-0.0045776367,-0.0045776367,-0.0045776367,-0.0045776367,-0.0045776367,-0.0045776367,-0.0045776367,-0.0045776367,-0.0045776367,-0.0045776367,-2.879364,1.0757751,-0.38909912,-0.35247803,-0.44403076,-0.0045776367,-0.0045776367,-0.0045776367,-0.0045776367,-0.0045776367,-0.0045776367,3530049.7
3620809764288,0.61996288,0,34.728767,33.094528,32.504005,30.851456,32.316322,33.099106,34.110779,33.483635,32.948044,30.279243,32.627602,32.481117,37.365532,39.489586,35.557335,33.497368,32.362099,32.284279,38.445869,34.454109,33.66674,33.529411,32.632179,38.606087,3530069.7,31.858551,29.862671,29.436943,28.82811,29.162277,29.359123,31.474022,30.306709,29.766541,28.210114,29.693291,29.221786,35.026321,37.933167,35.703819,31.657127,30.778214,30.036621,35.163651,32.087433,30.453194,31.423668,30.508125,35.154495,3530069.7,-0.0045776367,-0.0045776367,-0.0045776367,-0.0045776367,-0.0045776367,-0.0045776367,-0.0045776367,-0.0045776367,-0.0045776367,-0.0045776367,-0.0045776367,-0.0045776367,-0.0045776367,-3.0808105,0.74615479,-0.2243042,0.059509277,-0.5355835,-0.0045776367,-0.0045776367,-0.0045776367,-0.0045776367,-0.0045776367,-0.0045776367,3530069.7
3620829964448,0.64016304,0,34.728767,33.094528,32.504005,30.851456,32.316322,33.099106,34.119934,33.479057,32.938889,30.283821,32.623024,32.485695,37.374687,39.489586,35.561913,33.497368,32.357521,32.288857,38.445869,34.454109,33.662163,33.524834,32.627602,38.601509,3530089.7,31.863129,29.862671,29.436943,28.832687,29.162277,29.349968,31.469444,30.297554,29.775696,28.219269,29.688713,29.221786,35.035477,37.919434,35.703819,31.661705,30.773636,30.045776,35.14534,32.069122,30.457771,31.423668,30.489815,35.159073,3530089.7,-0.0045776367,-0.0045776367,-0.0045776367,-0.0045776367,-0.0045776367,-0.0045776367,-0.0045776367,-0.0045776367,-0.0045776367,-0.0045776367,-0.0045776367,-0.0045776367,-0.0045776367,-3.465332,0.76446533,-0.23345947,-0.39825439,-0.32501221,-0.0045776367,-0.0045776367,-0.0045776367,-0.0045776367,-0.0045776367,-0.0045776367,3530089.7
3620849756160,0.65995475,0,34.728767,33.099106,32.504005,30.8423,32.316322,33.099106,34.110779,33.479057,32.943466,30.283821,32.627602,32.490273,37.374687,39.494164,35.543602,33.501945,32.352943,32.284279,38.441292,34.463264,33.657585,33.524834,32.627602,38.601509,3530109.7,31.853973,29.862671,29.432365,28.82811,29.162277,29.349968,31.483177,30.288399,29.766541,28.214691,29.688713,29.226364,35.035477,37.914856,35.690086,31.634239,30.773636,30.036621,35.122452,32.0737,30.444038,31.437401,30.494392,35.168228,3530109.7,-0.0045776367,-0.0045776367,-0.0045776367,-0.0045776367,-0.0045776367,-0.0045776367,-0.0045776367,-0.0045776367,-0.0045776367,-0.0045776367,-0.0045776367,-0.0045776367,-0.0045776367,-3.4378662,0.58135986,0.050354004,-0.19683838,-0.52642822,-0.0045776367,-0.0045776367,-0.0045776367,-0.0045776367,-0.0045776367,-0.0045776367,3530109.7
3620869781536,0.67998013,0,34.733345,33.099106,32.508583,30.851456,32.325478,33.103683,34.115356,33.479057,32.952621,30.288399,32.623024,32.485695,37.374687,39.489586,35.552757,33.497368,32.357521,32.279701,38.445869,34.454109,33.662163,33.529411,32.627602,38.606087,3530129.7,31.858551,29.853516,29.42321,28.82811,29.143967,29.359123,31.492332,30.288399,29.780273,28.205536,29.697868,29.217209,35.008011,37.924011,35.712975,31.634239,30.782791,30.041199,35.163651,32.0737,30.462349,31.446556,30.494392,35.149918,3530129.7,-0.0045776367,-0.0045776367,-0.0045776367,-0.0045776367,-0.0045776367,-0.0045776367,-0.0045776367,-0.0045776367,-0.0045776367,-0.0045776367,-0.0045776367,-0.0045776367,-0.0045776367,-2.9709167,0.52642822,-0.19683838,0.086975098,-0.39825439,-0.0045776367,-0.0045776367,-0.0045776367,-0.0045776367,-0.0045776367,-0.0045776367,3530129.7
3620889742560,0.69994115,0,34.72419,33.094528,32.499428,30.837723,32.3209,33.099106,34.115356,33.479057,32.948044,30.274666,32.627602,32.485695,37.37011,39.494164,35.543602,33.501945,32.348366,32.279701,38.450447,34.454109,33.662163,33.533989,32.632179,38.606087,3530149.7,31.853973,29.848938,29.436943,28.823532,29.171432,29.34539,31.4786,30.297554,29.780273,28.210114,29.693291,29.203476,35.030899,37.914856,35.694664,31.629662,30.773636,30.036621,35.186539,32.082855,30.471504,31.432823,30.480659,35.163651,3530149.7,-0.0045776367,-0.0045776367,-0.0045776367,-0.0045776367,-0.0045776367,-0.0045776367,-0.0045776367,-0.0045776367,-0.0045776367,-0.0045776367,-0.0045776367,-0.0045776367,-0.0045776367,-2.8976746,0.42572021,-0.38909912,0.16021729,-0.23345947,-0.0045776367,-0.0045776367,-0.0045776367,-0.0045776367,-0.0045776367,-0.0045776367,3530149.7
3620909765472,0.71996406,0,34.728767,33.099106,32.508583,30.8423,32.3209,33.103683,34.110779,33.483635,32.943466,30.279243,32.627602,32.485695,37.365532,39.494164,35.54818,33.497368,32.357521,32.279701,38.441292,34.454109,33.662163,33.524834,32.632179,38.606087,3530169.7,31.867706,29.853516,29.436943,28.832687,29.171432,29.340813,31.487755,30.297554,29.780273,28.219269,29.688713,29.203476,35.030899,37.924011,35.72213,31.634239,30.764481,30.032043,35.14534,32.078278,30.466927,31.432823,30.485237,35.168228,3530169.7,-0.0045776367,-0.0045776367,-0.0045776367,-0.0045776367,-0.0045776367,-0.0045776367,-0.0045776367,-0.0045776367,-0.0045776367,-0.0045776367,-0.0045776367,-0.0045776367,-0.0045776367,-3.163208,0.5355835,-0.59051514,0.26092529,-0.33416748,-0.0045776367,-0.0045776367,-0.0045776367,-0.0045776367,-0.0045776367,-0.0045776367,3530169.7
3620929774272,0.73997286,0,34.733345,33.094528,32.499428,30.8423,32.325478,33.099106,34.115356,33.47448,32.948044,30.283821,32.627602,32.481117,37.37011,39.503319,35.552757,33.497368,32.352943,32.270546,38.441292,34.454109,33.66674,33.524834,32.632179,38.606087,3530189.7,31.872284,29.867249,29.436943,28.818954,29.180588,29.349968,31.464867,30.302132,29.771118,28.223846,29.693291,29.226364,35.035477,37.901123,35.703819,31.643394,30.782791,30.041199,35.140762,32.059967,30.457771,31.441978,30.503548,35.149918,3530189.7,-0.0045776367,-0.0045776367,-0.0045776367,-0.0045776367,-0.0045776367,-0.0045776367,-0.0045776367,-0.0045776367,-0.0045776367,-0.0045776367,-0.0045776367,-0.0045776367,-0.0045776367,-3.0075684,0.60882568,-0.76446533,0.25177002,0.14190674,-0.0045776367,-0.0045776367,-0.0045776367,-0.0045776367,-0.0045776367,-0.0045776367,3530189.7
3620949899136,0.76009773,0,34.728767,33.103683,32.499428,30.8423,32.316322,33.099106,34.110779,33.479057,32.943466,30.288399,32.623024,32.490273,37.37011,39.498741,35.54818,33.49279,32.357521,32.279701,38.445869,34.449532,33.662163,33.520256,32.632179,38.601509,3530209.7,31.853973,29.853516,29.436943,28.837265,29.166855,29.349968,31.483177,30.306709,29.794006,28.205536,29.707024,29.217209,35.026321,37.919434,35.717552,31.638817,30.764481,30.045776,35.172806,32.064545,30.485237,31.432823,30.476082,35.168228,3530209.7,-0.0045776367,-0.0045776367,-0.0045776367,-0.0045776367,-0.0045776367,-0.0045776367,-0.0045776367,-0.0045776367,-0.0045776367,-0.0045776367,-0.0045776367,-0.0045776367,-0.0045776367,-2.980072,0.55389404,-0.40740967,0.57220459,0.050354004,-0.0045776367,-0.0045776367,-0.0045776367,-0.0045776367,-0.0045776367,-0.0045776367,3530209.7
3620969741312,0.7799399,0,34.733345,33.103683,32.504005,30.846878,32.3209,33.099106,34.110779,33.479057,32.943466,30.283821,32.627602,32.481117,37.37011,39.498741,35.54818,33.49279,32.352943,32.279701,38.450447,34.458687,33.66674,33.515678,32.632179,38.596931,3530229.7,31.849396,29.867249,29.436943,28.818954,29.162277,29.34539,31.469444,30.297554,29.780273,28.214691,29.688713,29.203476,35.021744,37.928589,35.680931,31.629662,30.778214,30.050354,35.159073,32.078278,30.457771,31.446556,30.485237,35.154495,3530229.7,-0.0045776367,-0.0045776367,-0.0045776367,-0.0045776367,-0.0045776367,-0.0045776367,-0.0045776367,-0.0045776367,-0.0045776367,-0.0045776367,-0.0045776367,-0.0045776367,-0.0045776367,-3.1906738,0.37078857,-0.55389404,0.050354004,0.10528564,-0.0045776367,-0.0045776367,-0.0045776367,-0.0045776367,-0.0045776367,-0.0045776367,3530229.7
3620989741248,0.79993984,0,34.728767,33.099106,32.508583,30.8423,32.3209,33.099106,34.110779,33.479057,32.943466,30.283821,32.623024,32.485695,37.374687,39.498741,35.543602,33.497368,32.357521,32.279701,38.450447,34.454109,33.671318,33.529411,32.627602,38.610664,3530249.7,31.853973,29.848938,29.409477,28.82811,29.171432,29.349968,31.4786,30.306709,29.780273,28.219269,29.693291,29.208054,35.030899,37.928589,35.699242,31.643394,30.764481,30.041199,35.149918,32.078278,30.471504,31.437401,30.480659,35.181961,3530249.7,-0.0045776367,-0.0045776367,-0.0045776367,-0.0045776367,-0.0045776367,-0.0045776367,-0.0045776367,-0.0045776367,-0.0045776367,-0.0045776367,-0.0045776367,-0.0045776367,-0.0045776367,-3.7033691,0.28839111,-0.6362915,-0.41656494,0.27008057,-0.0045776367,-0.0045776367,-0.0045776367,-0.0045776367,-0.0045776367,-0.0045776367,3530249.7
3621009747968,0.81994656,0,34.737923,33.103683,32.49485,30.8423,32.3209,33.099106,34.124512,33.479057,32.948044,30.279243,32.627602,32.47654,37.37011,39.494164,35.543602,33.497368,32.352943,32.284279,38.441292,34.454109,33.662163,33.524834,32.627602,38.606087,3530269.7,31.863129,29.848938,29.42321,28.82811,29.166855,29.354546,31.464867,30.288399,29.780273,28.219269,29.693291,29.221786,35.021744,37.928589,35.694664,31.634239,30.764481,30.050354,35.168228,32.096588,30.457771,31.437401,30.489815,35.159073,3530269.7,-0.0045776367,-0.0045776367,-0.0045776367,-0.0045776367,-0.0045776367,-0.0045776367,-0.0045776367,-0.0045776367,-0.0045776367,-0.0045776367,-0.0045776367,-0.0045776367,-0.0045776367,-4.5181885,0.28839111,-0.60882568,-0.11444092,0.032043457,-0.0045776367,-0.0045776367,-0.0045776367,-0.0045776367,-0.0045776367,-0.0045776367,3530269.7
3621029821152,0.84001974,0,34.72419,33.099106,32.504005,30.851456,32.330055,33.099106,34.110779,33.479057,32.948044,30.288399,32.632179,32.485695,37.374687,39.489586,35.54818,33.497368,32.352943,32.279701,38.445869,34.458687,33.662163,33.524834,32.636757,38.606087,3530289.7,31.853973,29.858093,29.432365,28.82811,29.139389,29.331657,31.474022,30.292976,29.784851,28.219269,29.684135,29.212631,35.017166,37.924011,35.690086,31.634239,30.773636,30.032043,35.159073,32.0737,30.476082,31.441978,30.485237,35.149918,3530289.7,-0.0045776367,-0.0045776367,-0.0045776367,-0.0045776367,-0.0045776367,-0.0045776367,-0.0045776367,-0.0045776367,-0.0045776367,-0.0045776367,-0.0045776367,-0.0045776367,-0.0045776367,-4.6555176,-0.3616333,-0.80108643,-0.38909912,-0.050354004,-0.0045776367,-0.0045776367,-0.0045776367,-0.0045776367,-0.0045776367,-0.0045776367,3530289.7
3621049765376,0.85996397,0,34.728767,33.103683,32.499428,30.846878,32.325478,33.099106,34.106201,33.479057,32.943466,30.279243,32.627602,32.481117,37.365532,39.494164,35.54818,33.497368,32.357521,32.275124,38.445869,34.454109,33.66674,33.529411,32.632179,38.601509,3530309.7,31.872284,29.862671,29.42321,28.832687,29.162277,29.349968,31.4786,30.306709,29.775696,28.210114,29.702446,29.226364,35.030899,37.924011,35.671776,31.625084,30.791946,30.027466,35.14534,32.0737,30.466927,31.423668,30.489815,35.159073,3530309.7,-0.0045776367,-0.0045776367,-0.0045776367,-0.0045776367,-0.0045776367,-0.0045776367,-0.0045776367,-0.0045776367,-0.0045776367,-0.0045776367,-0.0045776367,-0.0045776367,-0.0045776367,-4.7287598,-0.14190674,-0.90179443,-0.35247803,0.16937256,-0.0045776367,-0.0045776367,-0.0045776367,-0.0045776367,-0.0045776367,-0.0045776367,3530309.7
3621069760800,0.87995939,0,34.72419,33.103683,32.504005,30.846878,32.3209,33.099106,34.106201,33.479057,32.943466,30.288399,32.627602,32.490273,37.374687,39.498741,35.54818,33.497368,32.352943,32.275124,38.445869,34.454109,33.662163,33.524834,32.627602,38.606087,3530329.7,31.853973,29.862671,29.436943,28.82811,29.166855,29.336235,31.474022,30.292976,29.794006,28.223846,29.697868,29.212631,35.021744,37.937744,35.708397,31.629662,30.773636,30.050354,35.168228,32.055389,30.471504,31.441978,30.49897,35.181961,3530329.7,-0.0045776367,-0.0045776367,-0.0045776367,-0.0045776367,-0.0045776367,-0.0045776367,-0.0045776367,-0.0045776367,-0.0045776367,-0.0045776367,-0.0045776367,-0.0045776367,-0.0045776367,-4.9301758,-1.2131042,-1.0391541,-0.16937256,0.15106201,-0.0045776367,-0.0045776367,-0.0045776367,-0.0045776367,-0.0045776367,-0.0045776367,3530329.7
3621089715360,0.89991395,0,34.733345,33.099106,32.504005,30.8423,32.3209,33.103683,34.110779,33.479057,32.948044,30.288399,32.627602,32.485695,37.37011,39.498741,35.543602,33.497368,32.348366,32.284279,38.441292,34.454109,33.66674,33.529411,32.632179,38.596931,3530349.7,31.858551,29.862671,29.427788,28.809799,29.1577,29.336235,31.4786,30.292976,29.780273,28.214691,29.679558,29.212631,35.026321,37.919434,35.708397,31.647972,30.773636,30.045776,35.159073,32.064545,30.466927,31.437401,30.49897,35.172806,3530349.7,-0.0045776367,-0.0045776367,-0.0045776367,-0.0045776367,-0.0045776367,-0.0045776367,-0.0045776367,-0.0045776367,-0.0045776367,-0.0045776367,-0.0045776367,-0.0045776367,-0.0045776367,-5.287262,-1.5426941,-0.90179443,0.28839111,0.25177002,-0.0045776367,-0.0045776367,-0.0045776367,-0.0045776367,-0.0045776367,-0.0045776367,3530349.7
3621109750560,0.91994915,0,34.733345,33.099106,32.499428,30.851456,32.325478,33.099106,34.110779,33.479057,32.943466,30.283821,32.623024,32.490273,37.37011,39.503319,35.543602,33.497368,32.357521,32.284279,38.441292,34.454109,33.662163,33.524834,32.632179,38.601509,3530369.7,31.867706,29.84436,29.427788,28.818954,29.1577,29.32708,31.492332,30.302132,29.771118,28.228424,29.697868,29.217209,35.040054,37.928589,35.690086,31.65255,30.764481,30.050354,35.154495,32.082855,30.453194,31.441978,30.471504,35.177383,3530369.7,-0.0045776367,-0.0045776367,-0.0045776367,-0.0045776367,-0.0045776367,-0.0045776367,-0.0045776367,-0.0045776367,-0.0045776367,-0.0045776367,-0.0045776367,-0.0045776367,-0.0045776367,-5.7175598,-1.8814392,-1.0757751,0.050354004,0.24261475,-0.0045776367,-0.0045776367,-0.0045776367,-0.0045776367,-0.0045776367,-0.0045776367,3530369.7
3621129764032,0.93996262,0,34.733345,33.099106,32.499428,30.8423,32.3209,33.103683,34.106201,33.483635,32.938889,30.283821,32.623024,32.485695,37.37011,39.498741,35.543602,33.497368,32.352943,32.279701,38.445869,34.454109,33.66674,33.524834,32.627602,38.596931,3530389.7,31.867706,29.848938,29.414055,28.818954,29.171432,29.354546,31.483177,30.302132,29.771118,28.223846,29.697868,29.212631,35.012589,37.924011,35.690086,31.625084,30.787369,30.045776,35.154495,32.082855,30.476082,31.423668,30.480659,35.159073,3530389.7,-0.0045776367,-0.0045776367,-0.0045776367,-0.0045776367,-0.0045776367,-0.0045776367,-0.0045776367,-0.0045776367,-0.0045776367,-0.0045776367,-0.0045776367,-0.0045776367,-0.0045776367,-5.6260071,-1.6434021,-1.0757751,0.31585693,-0.0045776367,-0.0045776367,-0.0045776367,-0.0045776367,-0.0045776367,-0.0045776367,-0.0045776367,3530389.7
3621149887712,0.9600863,0,34.728767,33.103683,32.499428,30.846878,32.316322,33.099106,34.106201,33.47448,32.948044,30.283821,32.627602,32.490273,37.374687,39.494164,35.54818,33.501945,32.348366,32.279701,38.441292,34.458687,33.657585,33.529411,32.636757,38.596931,3530409.7,31.858551,29.862671,29.42321,28.832687,29.171432,29.34539,31.469444,30.288399,29.794006,28.219269,29.697868,29.212631,35.012589,37.937744,35.662621,31.629662,30.791946,30.041199,35.149918,32.078278,30.462349,31.446556,30.512703,35.168228,3530409.7,-0.0045776367,-0.0045776367,-0.0045776367,-0.0045776367,-0.0045776367,-0.0045776367,-0.0045776367,-0.0045776367,-0.0045776367,-0.0045776367,-0.0045776367,-0.0045776367,-0.0045776367,-5.0950012,-1.7715759,-1.3870544,0.28839111,0.2243042,-0.0045776367,-0.0045776367,-0.0045776367,-0.0045776367,-0.0045776367,-0.0045776367,3530409.7
3621169747744,0.97994634,0,34.72419,33.103683,32.504005,30.846878,32.316322,33.099106,34.106201,33.47448,32.943466,30.279243,32.618446,32.481117,37.37011,39.494164,35.543602,33.501945,32.343788,32.279701,38.450447,34.458687,33.657585,33.524834,32.632179,38.596931,3530429.7,31.872284,29.871826,29.441521,28.823532,29.1577,29.34539,31.4786,30.292976,29.775696,28.210114,29.707024,29.221786,35.017166,37.928589,35.680931,31.625084,30.773636,30.050354,35.191116,32.069122,30.480659,31.441978,30.494392,35.163651,3530429.7,-0.0045776367,-0.0045776367,-0.0045776367,-0.0045776367,-0.0045776367,-0.0045776367,-0.0045776367,-0.0045776367,-0.0045776367,-0.0045776367,-0.0045776367,-0.0045776367,-0.0045776367,-5.6076965,-1.6891785,-1.6617126,0.34332275,0.80108643,-0.0045776367,-0.0045776367,-0.0045776367,-0.0045776367,-0.0045776367,-0.0045776367,3530429.7
3621189733472,0.99993206,0,34.733345,33.099106,32.504005,30.8423,32.330055,33.099106,34.115356,33.483635,32.938889,30.283821,32.627602,32.485695,37.37011,39.503319,35.543602,33.501945,32.348366,32.279701,38.445869,34.454109,33.662163,33.524834,32.636757,38.606087,3530449.7,31.863129,29.871826,29.414055,28.818954,29.171432,29.340813,31.483177,30.297554,29.789429,28.223846,29.693291,29.208054,35.035477,37.933167,35.671776,31.620506,30.782791,30.022888,35.168228,32.078278,30.448616,31.441978,30.503548,35.14534,3530449.7,-0.0045776367,-0.0045776367,-0.0045776367,-0.0045776367,-0.0045776367,-0.0045776367,-0.0045776367,-0.0045776367,-0.0045776367,-0.0045776367,-0.0045776367,-0.0045776367,-0.0045776367,-4.6280518,-1.5426941,-1.5335388,0.29754639,0.34332275,-0.0045776367,-0.0045776367,-0.0045776367,-0.0045776367,-0.0045776367,-0.0045776367,3530449.7
3621209914048,1.0201126,0,34.728767,33.108261,32.499428,30.851456,32.325478,33.099106,34.115356,33.479057,32.948044,30.288399,32.623024,32.481117,37.374687,39.498741,35.543602,33.497368,32.352943,32.279701,38.445869,34.454109,33.662163,33.524834,32.632179,38.596931,3530471.7,31.844818,29.858093,29.414055,28.832687,29.17601,29.354546,31.446556,30.302132,29.789429,28.219269,29.702446,29.208054,35.026321,37.928589,35.708397,31.638817,30.796524,30.022888,35.168228,32.0737,30.453194,31.446556,30.494392,35.181961,3530471.7,-0.0045776367,-0.0045776367,-0.0045776367,-0.0045776367,-0.0045776367,-0.0045776367,-0.0045776367,-0.0045776367,-0.0045776367,-0.0045776367,-0.0045776367,-0.0045776367,-0.0045776367,-4.6188965,-1.908905,-1.4511414,0.54473877,0.24261475,-0.0045776367,-0.0045776367,-0.0045776367,-0.0045776367,-0.0045776367,-0.0045776367,3530471.7
3621229764256,1.0399628,0,34.728767,33.099106,32.508583,30.8423,32.330055,33.099106,34.115356,33.479057,32.948044,30.288399,32.632179,32.481117,37.37011,39.503319,35.552757,33.497368,32.348366,32.279701,38.441292,34.458687,33.662163,33.524834,32.632179,38.601509,3530489.7,31.876862,29.858093,29.432365,28.818954,29.162277,29.349968,31.469444,30.302132,29.784851,28.223846,29.693291,29.230942,35.026321,37.928589,35.680931,31.638817,30.773636,30.027466,35.163651,32.082855,30.480659,31.437401,30.503548,35.14534,3530489.7,-0.0045776367,-0.0045776367,-0.0045776367,-0.0045776367,-0.0045776367,-0.0045776367,-0.0045776367,-0.0045776367,-0.0045776367,-0.0045776367,-0.0045776367,-0.0045776367,-0.0045776367,-3.4927979,-1.203949,-1.1947937,0.050354004,0.24261475,-0.0045776367,-0.0045776367,-0.0045776367,-0.0045776367,-0.0045776367,-0.0045776367,3530489.7
3621249713408,1.059912,0,34.728767,33.103683,32.49485,30.851456,32.325478,33.094528,34.115356,33.479057,32.943466,30.283821,32.627602,32.485695,37.374687,39.507896,35.54818,33.49279,32.343788,32.279701,38.441292,34.454109,33.662163,33.529411,32.636757,38.601509,3530509.7,31.872284,29.871826,29.414055,28.832687,29.171432,29.363701,31.483177,30.306709,29.780273,28.219269,29.684135,29.217209,35.021744,37.910278,35.690086,31.643394,30.782791,30.022888,35.154495,32.078278,30.457771,31.469444,30.476082,35.163651,3530509.7,-0.0045776367,-0.0045776367,-0.0045776367,-0.0045776367,-0.0045776367,-0.0045776367,-0.0045776367,-0.0045776367,-0.0045776367,-0.0045776367,-0.0045776367,-0.0045776367,-0.0045776367,-3.5019531,-0.59051514,-1.103241,0.032043457,0.11444092,-0.0045776367,-0.0045776367,-0.0045776367,-0.0045776367,-0.0045776367,-0.0045776367,3530509.7
3621269767488,1.0799661,0,34.733345,33.099106,32.504005,30.851456,32.325478,33.099106,34.119934,33.483635,32.948044,30.288399,32.623024,32.485695,37.374687,39.498741,35.543602,33.497368,32.348366,32.279701,38.445869,34.458687,33.657585,33.529411,32.627602,38.601509,3530529.7,31.84024,29.858093,29.427788,28.823532,29.171432,29.34539,31.4786,30.292976,29.780273,28.200958,29.693291,29.212631,35.035477,37.937744,35.676353,31.643394,30.778214,30.032043,35.181961,32.087433,30.476082,31.41909,30.521858,35.154495,3530529.7,-0.0045776367,-0.0045776367,-0.0045776367,-0.0045776367,-0.0045776367,-0.0045776367,-0.0045776367,-0.0045776367,-0.0045776367,-0.0045776367,-0.0045776367,-0.0045776367,-0.0045776367,-2.0279236,-0.6729126,-0.73699951,0.050354004,0.6729126,-0.0045776367,-0.0045776367,-0.0045776367,-0.0045776367,-0.0045776367,-0.0045776367,3530529.7
3621289718304,1.0999169,0,34.728767,33.103683,32.504005,30.851456,32.330055,33.099106,34.119934,33.479057,32.943466,30.283821,32.627602,32.485695,37.37011,39.507896,35.543602,33.501945,32.352943,32.275124,38.445869,34.454109,33.66674,33.533989,32.632179,38.601509,3530549.7,31.867706,29.871826,29.4049,28.837265,29.185165,29.34539,31.501488,30.292976,29.771118,28.214691,29.702446,29.217209,35.026321,37.942322,35.671776,31.638817,30.782791,30.032043,35.172806,32.064545,30.462349,31.441978,30.480659,35.154495,3530549.7,-0.0045776367,-0.0045776367,-0.0045776367,-0.0045776367,-0.0045776367,-0.0045776367,-0.0045776367,-0.0045776367,-0.0045776367,-0.0045776367,-0.0045776367,-0.0045776367,-0.0045776367,-1.8539734,-0.059509277,-1.2497253,-0.068664551,0.31585693,-0.0045776367,-0.0045776367,-0.0045776367,-0.0045776367,-0.0045776367,-0.0045776367,3530549.7
3621309720192,1.1199188,0,34.733345,33.108261,32.499428,30.856033,32.316322,33.103683,34.110779,33.483635,32.943466,30.283821,32.627602,32.485695,37.37011,39.503319,35.543602,33.49279,32.352943,32.279701,38.441292,34.454109,33.662163,33.524834,32.632179,38.601509,3530569.7,31.849396,29.862671,29.427788,28.823532,29.185165,29.34539,31.4786,30.297554,29.775696,28.219269,29.684135,29.217209,35.026321,37.937744,35.680931,31.629662,30.769058,30.018311,35.159073,32.064545,30.471504,31.428246,30.503548,35.149918,3530569.7,-0.0045776367,-0.0045776367,-0.0045776367,-0.0045776367,-0.0045776367,-0.0045776367,-0.0045776367,-0.0045776367,-0.0045776367,-0.0045776367,-0.0045776367,-0.0045776367,-0.0045776367,-0.48065186,-0.04119873,-0.10528564,-0.086975098,0.48065186,-0.0045776367,-0.0045776367,-0.0045776367,-0.0045776367,-0.0045776367,-0.0045776367,3530569.7
3621329722880,1.1399215,0,34.728767,33.103683,32.504005,30.851456,32.330055,33.103683,34.115356,33.479057,32.938889,30.283821,32.627602,32.481117,37.365532,39.507896,35.539024,33.497368,32.348366,32.279701,38.441292,34.458687,33.66674,33.524834,32.627602,38.601509,3530589.7,31.863129,29.858093,29.42321,28.82811,29.1577,29.359123,31.487755,30.302132,29.780273,28.219269,29.688713,29.217209,35.012589,37.933167,35.671776,31.629662,30.769058,30.027466,35.14534,32.069122,30.448616,31.441978,30.494392,35.191116,3530589.7,-0.0045776367,-0.0045776367,-0.0045776367,-0.0045776367,-0.0045776367,-0.0045776367,-0.0045776367,-0.0045776367,-0.0045776367,-0.0045776367,-0.0045776367,-0.0045776367,-0.0045776367,-0.12359619,1.6525574,0.096130371,-0.18768311,0.20599365,-0.0045776367,-0.0045776367,-0.0045776367,-0.0045776367,-0.0045776367,-0.0045776367,3530589.7
3621349882240,1.1600808,0,34.728767,33.099106,32.504005,30.846878,32.3209,33.099106,34.119934,33.479057,32.943466,30.274666,32.623024,32.485695,37.374687,39.512474,35.54818,33.497368,32.348366,32.270546,38.441292,34.458687,33.662163,33.529411,32.632179,38.596931,3530609.7,31.853973,29.858093,29.436943,28.832687,29.180588,29.349968,31.487755,30.306709,29.761963,28.214691,29.702446,29.194321,35.021744,37.937744,35.676353,31.638817,30.764481,30.050354,35.168228,32.055389,30.466927,31.437401,30.471504,35.159073,3530609.7,-0.0045776367,-0.0045776367,-0.0045776367,-0.0045776367,-0.0045776367,-0.0045776367,-0.0045776367,-0.0045776367,-0.0045776367,-0.0045776367,-0.0045776367,-0.0045776367,-0.0045776367,0.15106201,1.9455261,0.50811768,-0.32501221,0.04119873,-0.0045776367,-0.0045776367,-0.0045776367,-0.0045776367,-0.0045776367,-0.0045776367,3530609.7
3621369739520,1.1799381,0,34.728767,33.094528,32.499428,30.846878,32.311745,33.094528,34.115356,33.47448,32.948044,30.288399,32.627602,32.481117,37.374687,39.507896,35.54818,33.497368,32.352943,32.275124,38.445869,34.454109,33.662163,33.529411,32.636757,38.601509,3530629.7,31.853973,29.858093,29.414055,28.823532,29.162277,29.336235,31.4786,30.306709,29.761963,28.214691,29.693291,29.226364,35.017166,37.933167,35.676353,31.634239,30.782791,30.045776,35.140762,32.059967,30.462349,31.432823,30.485237,35.172806,3530629.7,-0.0045776367,-0.0045776367,-0.0045776367,-0.0045776367,-0.0045776367,-0.0045776367,-0.0045776367,-0.0045776367,-0.0045776367,-0.0045776367,-0.0045776367,-0.0045776367,-0.0045776367,0.40740967,1.9729919,0.72784424,-0.086975098,-0.10528564,-0.0045776367,-0.0045776367,-0.0045776367,-0.0045776367,-0.0045776367,-0.0045776367,3530629.7
3621389742144,1.1999407,0,34.728767,33.099106,32.499428,30.851456,32.3209,33.103683,34.119934,33.483635,32.938889,30.274666,32.627602,32.485695,37.365532,39.512474,35.54818,33.497368,32.348366,32.279701,38.441292,34.449532,33.66674,33.524834,32.636757,38.601509,3530649.7,31.858551,29.853516,29.418633,28.82811,29.171432,29.34539,31.4786,30.292976,29.771118,28.219269,29.702446,29.217209,35.040054,37.924011,35.676353,31.657127,30.759903,30.050354,35.172806,32.078278,30.466927,31.432823,30.49897,35.154495,3530649.7,-0.0045776367,-0.0045776367,-0.0045776367,-0.0045776367,-0.0045776367,-0.0045776367,-0.0045776367,-0.0045776367,-0.0045776367,-0.0045776367,-0.0045776367,-0.0045776367,-0.0045776367,1.0574646,2.1927185,0.9475708,-0.068664551,-0.28839111,-0.0045776367,-0.0045776367,-0.0045776367,-0.0045776367,-0.0045776367,-0.0045776367,3530649.7
3621409741696,1.2199403,0,34.728767,33.103683,32.504005,30.851456,32.325478,33.099106,34.115356,33.47448,32.948044,30.283821,32.623024,32.485695,37.374687,39.507896,35.54818,33.501945,32.352943,32.279701,38.445869,34.454109,33.66674,33.529411,32.632179,38.596931,3530669.7,31.844818,29.871826,29.42321,28.832687,29.171432,29.34539,31.474022,30.302132,29.761963,28.219269,29.707024,29.221786,35.030899,37.928589,35.658043,31.638817,30.787369,30.041199,35.163651,32.078278,30.466927,31.441978,30.485237,35.136185,3530669.7,-0.0045776367,-0.0045776367,-0.0045776367,-0.0045776367,-0.0045776367,-0.0045776367,-0.0045776367,-0.0045776367,-0.0045776367,-0.0045776367,-0.0045776367,-0.0045776367,-0.0045776367,0.5355835,2.6230164,0.81939697,-0.01373291,0.022888184,-0.0045776367,-0.0045776367,-0.0045776367,-0.0045776367,-0.0045776367,-0.0045776367,3530669.7
3621429792768,1.2399914,0,34.728767,33.103683,32.508583,30.851456,32.3209,33.099106,34.119934,33.479057,32.952621,30.283821,32.618446,32.490273,37.374687,39.507896,35.539024,33.506523,32.348366,32.275124,38.445869,34.458687,33.662163,33.524834,32.632179,38.610664,3530689.7,31.872284,29.867249,29.432365,28.814377,29.171432,29.363701,31.483177,30.306709,29.771118,28.223846,29.693291,29.208054,35.035477,37.919434,35.671776,31.657127,30.759903,30.032043,35.159073,32.069122,30.457771,31.441978,30.485237,35.159073,3530689.7,-0.0045776367,-0.0045776367,-0.0045776367,-0.0045776367,-0.0045776367,-0.0045776367,-0.0045776367,-0.0045776367,-0.0045776367,-0.0045776367,-0.0045776367,-0.0045776367,-0.0045776367,0.41656494,3.0350342,0.70037842,-0.13275146,-0.086975098,-0.0045776367,-0.0045776367,-0.0045776367,-0.0045776367,-0.0045776367,-0.0045776367,3530689.7
3621449721728,1.2599203,0,34.733345,33.108261,32.504005,30.856033,32.325478,33.103683,34.115356,33.479057,32.948044,30.283821,32.623024,32.490273,37.37011,39.503319,35.543602,33.506523,32.348366,32.275124,38.441292,34.458687,33.662163,33.529411,32.636757,38.596931,3530709.7,31.863129,29.867249,29.42321,28.82811,29.162277,29.354546,31.4786,30.292976,29.771118,28.223846,29.702446,29.221786,35.026321,37.951477,35.662621,31.638817,30.787369,30.032043,35.154495,32.078278,30.462349,31.437401,30.512703,35.177383,3530709.7,-0.0045776367,-0.0045776367,-0.0045776367,-0.0045776367,-0.0045776367,-0.0045776367,-0.0045776367,-0.0045776367,-0.0045776367,-0.0045776367,-0.0045776367,-0.0045776367,-0.0045776367,0.83770752,2.6230164,1.0757751,-0.050354004,-0.3616333,-0.0045776367,-0.0045776367,-0.0045776367,-0.0045776367,-0.0045776367,-0.0045776367,3530709.7
3621469730368,1.279929,0,34.733345,33.103683,32.504005,30.846878,32.325478,33.099106,34.110779,33.479057,32.948044,30.279243,32.623024,32.490273,37.374687,39.507896,35.54818,33.506523,32.352943,32.279701,38.441292,34.454109,33.662163,33.524834,32.627602,38.601509,3530729.7,31.858551,29.858093,29.432365,28.832687,29.153122,29.34539,31.483177,30.288399,29.789429,28.210114,29.702446,29.217209,35.021744,37.933167,35.64431,31.634239,30.782791,30.036621,35.172806,32.082855,30.425728,31.455711,30.494392,35.177383,3530729.7,-0.0045776367,-0.0045776367,-0.0045776367,-0.0045776367,-0.0045776367,-0.0045776367,-0.0045776367,-0.0045776367,-0.0045776367,-0.0045776367,-0.0045776367,-0.0045776367,-0.0045776367,-0.01373291,2.5680847,1.2771912,0.12359619,-0.068664551,-0.0045776367,-0.0045776367,-0.0045776367,-0.0045776367,-0.0045776367,-0.0045776367,3530729.7
3621489720448,1.299919,0,34.728767,33.112839,32.504005,30.851456,32.325478,33.099106,34.115356,33.483635,32.948044,30.283821,32.623024,32.485695,37.365532,39.512474,35.54818,33.506523,32.348366,32.270546,38.450447,34.463264,33.66674,33.529411,32.632179,38.606087,3530749.7,31.863129,29.867249,29.42321,28.823532,29.171432,29.359123,31.487755,30.306709,29.771118,28.223846,29.711601,29.203476,35.026321,37.933167,35.685509,31.634239,30.782791,30.041199,35.159073,32.055389,30.434883,31.432823,30.489815,35.177383,3530749.7,-0.0045776367,-0.0045776367,-0.0045776367,-0.0045776367,-0.0045776367,-0.0045776367,-0.0045776367,-0.0045776367,-0.0045776367,-0.0045776367,-0.0045776367,-0.0045776367,-0.0045776367,0.68206787,2.3483582,1.5152283,0.27008057,-0.086975098,-0.0045776367,-0.0045776367,-0.0045776367,-0.0045776367,-0.0045776367,-0.0045776367,3530749.7
3621509747360,1.319946,0,34.737923,33.103683,32.499428,30.851456,32.3209,33.099106,34.115356,33.47448,32.948044,30.279243,32.623024,32.481117,37.365532,39.512474,35.54818,33.501945,32.339211,32.279701,38.450447,34.458687,33.657585,33.524834,32.632179,38.601509,3530769.7,31.867706,29.862671,29.432365,28.832687,29.162277,29.34539,31.4786,30.292976,29.789429,28.219269,29.684135,29.217209,35.044632,37.937744,35.671776,31.647972,30.801102,30.022888,35.163651,32.064545,30.453194,31.455711,30.49897,35.14534,3530769.7,-0.0045776367,-0.0045776367,-0.0045776367,-0.0045776367,-0.0045776367,-0.0045776367,-0.0045776367,-0.0045776367,-0.0045776367,-0.0045776367,-0.0045776367,-0.0045776367,-0.0045776367,0.70037842,1.9913025,1.1490173,0.12359619,-0.21514893,-0.0045776367,-0.0045776367,-0.0045776367,-0.0045776367,-0.0045776367,-0.0045776367,3530769.7
3621529724192,1.3399228,0,34.728767,33.103683,32.499428,30.846878,32.325478,33.108261,34.110779,33.483635,32.943466,30.279243,32.623024,32.485695,37.374687,39.507896,35.543602,33.501945,32.348366,32.275124,38.445869,34.449532,33.662163,33.524834,32.641335,38.601509,3530789.7,31.858551,29.871826,29.42321,28.837265,29.180588,29.331657,31.483177,30.302132,29.780273,28.223846,29.711601,29.208054,35.021744,37.951477,35.667198,31.638817,30.782791,30.045776,35.140762,32.082855,30.453194,31.441978,30.494392,35.163651,3530789.7,-0.0045776367,-0.0045776367,-0.0045776367,-0.0045776367,-0.0045776367,-0.0045776367,-0.0045776367,-0.0045776367,-0.0045776367,-0.0045776367,-0.0045776367,-0.0045776367,-0.0045776367,0.37078857,1.8173523,1.3321228,0.16021729,-0.0045776367,-0.0045776367,-0.0045776367,-0.0045776367,-0.0045776367,-0.0045776367,-0.0045776367,3530789.7
3621549829024,1.3600276,0,34.733345,33.103683,32.504005,30.856033,32.325478,33.099106,34.115356,33.47448,32.948044,30.279243,32.627602,32.490273,37.37011,39.507896,35.543602,33.506523,32.343788,32.279701,38.450447,34.454109,33.662163,33.524834,32.636757,38.601509,3530809.7,31.858551,29.867249,29.414055,28.837265,29.180588,29.354546,31.492332,30.292976,29.780273,28.200958,29.688713,29.217209,35.035477,37.956055,35.630577,31.657127,30.787369,30.041199,35.149918,32.078278,30.453194,31.446556,30.494392,35.168228,3530809.7,-0.0045776367,-0.0045776367,-0.0045776367,-0.0045776367,-0.0045776367,-0.0045776367,-0.0045776367,-0.0045776367,-0.0045776367,-0.0045776367,-0.0045776367,-0.0045776367,-0.0045776367,0.56304932,1.8722839,1.2863464,0.4989624,-0.26092529,-0.0045776367,-0.0045776367,-0.0045776367,-0.0045776367,-0.0045776367,-0.0045776367,3530809.7
3621569721152,1.3799197,0,34.733345,33.099106,32.504005,30.851456,32.3209,33.099106,34.115356,33.47448,32.952621,30.288399,32.623024,32.485695,37.37011,39.512474,35.543602,33.506523,32.343788,32.275124,38.445869,34.454109,33.66674,33.524834,32.636757,38.596931,3530829.7,31.858551,29.858093,29.432365,28.832687,29.166855,29.359123,31.4786,30.297554,29.775696,28.219269,29.693291,29.221786,35.026321,37.946899,35.658043,31.657127,30.791946,30.041199,35.168228,32.082855,30.466927,31.437401,30.489815,35.149918,3530829.7,-0.0045776367,-0.0045776367,-0.0045776367,-0.0045776367,-0.0045776367,-0.0045776367,-0.0045776367,-0.0045776367,-0.0045776367,-0.0045776367,-0.0045776367,-0.0045776367,-0.0045776367,0.45318604,1.908905,1.1856384,0.41656494,-0.04119873,-0.0045776367,-0.0045776367,-0.0045776367,-0.0045776367,-0.0045776367,-0.0045776367,3530829.7
3621589742720,1.3999413,0,34.728767,33.103683,32.504005,30.846878,32.3209,33.099106,34.115356,33.483635,32.943466,30.283821,32.627602,32.481117,37.374687,39.512474,35.543602,33.506523,32.343788,32.279701,38.445869,34.458687,33.662163,33.529411,32.641335,38.596931,3530849.7,31.858551,29.862671,29.432365,28.832687,29.153122,29.349968,31.4786,30.297554,29.775696,28.223846,29.697868,29.221786,35.030899,37.924011,35.658043,31.634239,30.787369,30.050354,35.154495,32.087433,30.457771,31.428246,30.476082,35.154495,3530849.7,-0.0045776367,-0.0045776367,-0.0045776367,-0.0045776367,-0.0045776367,-0.0045776367,-0.0045776367,-0.0045776367,-0.0045776367,-0.0045776367,-0.0045776367,-0.0045776367,-0.0045776367,0.73699951,2.6047058,1.1307068,0.79193115,-0.050354004,-0.0045776367,-0.0045776367,-0.0045776367,-0.0045776367,-0.0045776367,-0.0045776367,3530849.7
3621609719392,1.419918,0,34.733345,33.103683,32.504005,30.851456,32.316322,33.099106,34.110779,33.483635,32.948044,30.283821,32.623024,32.485695,37.374687,39.507896,35.539024,33.511101,32.348366,32.275124,38.445869,34.454109,33.66674,33.524834,32.632179,38.601509,3530869.7,31.863129,29.862671,29.446098,28.814377,29.171432,29.354546,31.4786,30.297554,29.766541,28.219269,29.684135,29.212631,35.021744,37.933167,35.648888,31.634239,30.778214,30.041199,35.159073,32.0737,30.462349,31.423668,30.494392,35.154495,3530869.7,-0.0045776367,-0.0045776367,-0.0045776367,-0.0045776367,-0.0045776367,-0.0045776367,-0.0045776367,-0.0045776367,-0.0045776367,-0.0045776367,-0.0045776367,-0.0045776367,-0.0045776367,1.0208435,2.8976746,1.3962097,1.4145203,-0.17852783,-0.0045776367,-0.0045776367,-0.0045776367,-0.0045776367,-0.0045776367,-0.0045776367,3530869.7
3621629849728,1.4400483,0,34.733345,33.099106,32.499428,30.851456,32.3209,33.094528,34.115356,33.483635,32.943466,30.283821,32.627602,32.485695,37.360954,39.512474,35.539024,33.506523,32.343788,32.275124,38.441292,34.454109,33.662163,33.529411,32.627602,38.601509,3530889.7,31.867706,29.848938,29.42321,28.832687,29.185165,29.34539,31.487755,30.292976,29.789429,28.219269,29.693291,29.212631,35.040054,37.942322,35.64431,31.661705,30.782791,30.036621,35.168228,32.082855,30.453194,31.428246,30.485237,35.14534,3530889.7,-0.0045776367,-0.0045776367,-0.0045776367,-0.0045776367,-0.0045776367,-0.0045776367,-0.0045776367,-0.0045776367,-0.0045776367,-0.0045776367,-0.0045776367,-0.0045776367,-0.0045776367,0.97503662,3.2181396,1.203949,1.2314148,0.04119873,-0.0045776367,-0.0045776367,-0.0045776367,-0.0045776367,-0.0045776367,-0.0045776367,3530889.7
3621649725568,1.4599242,0,34.728767,33.099106,32.49485,30.846878,32.330055,33.103683,34.110779,33.47448,32.948044,30.279243,32.627602,32.485695,37.37011,39.517052,35.543602,33.506523,32.348366,32.275124,38.445869,34.458687,33.662163,33.529411,32.623024,38.596931,3530909.7,31.853973,29.862671,29.42321,28.832687,29.162277,29.32708,31.474022,30.292976,29.771118,28.223846,29.711601,29.212631,35.035477,37.937744,35.635155,31.647972,30.787369,30.036621,35.140762,32.059967,30.444038,31.423668,30.489815,35.177383,3530909.7,-0.0045776367,-0.0045776367,-0.0045776367,-0.0045776367,-0.0045776367,-0.0045776367,-0.0045776367,-0.0045776367,-0.0045776367,-0.0045776367,-0.0045776367,-0.0045776367,-0.0045776367,0.6362915,2.5131531,0.74615479,0.89263916,-0.15106201,-0.0045776367,-0.0045776367,-0.0045776367,-0.0045776367,-0.0045776367,-0.0045776367,3530909.7
3621669681152,1.4798797,0,34.728767,33.103683,32.504005,30.851456,32.325478,33.099106,34.106201,33.479057,32.952621,30.283821,32.632179,32.481117,37.37011,39.507896,35.539024,33.506523,32.348366,32.279701,38.445869,34.458687,33.66674,33.524834,32.632179,38.610664,3530929.7,31.858551,29.853516,29.436943,28.82811,29.166855,29.354546,31.474022,30.311287,29.789429,28.219269,29.711601,29.217209,35.017166,37.956055,35.648888,31.65255,30.782791,30.054932,35.163651,32.082855,30.453194,31.441978,30.480659,35.154495,3530929.7,-0.0045776367,-0.0045776367,-0.0045776367,-0.0045776367,-0.0045776367,-0.0045776367,-0.0045776367,-0.0045776367,-0.0045776367,-0.0045776367,-0.0045776367,-0.0045776367,-0.0045776367,0.58135986,3.0625,0.5355835,0.87432861,-0.19683838,-0.0045776367,-0.0045776367,-0.0045776367,-0.0045776367,-0.0045776367,-0.0045776367,3530929.7
3621689707296,1.4999059,0,34.728767,33.099106,32.504005,30.846878,32.325478,33.103683,34.115356,33.479057,32.948044,30.283821,32.623024,32.485695,37.365532,39.512474,35.539024,33.506523,32.343788,32.275124,38.441292,34.458687,33.671318,33.524834,32.632179,38.606087,3530949.7,31.867706,29.867249,29.42321,28.837265,29.162277,29.359123,31.487755,30.302132,29.775696,28.219269,29.702446,29.221786,35.017166,37.951477,35.653465,31.65255,30.796524,30.041199,35.140762,32.09201,30.448616,31.441978,30.49897,35.159073,3530949.7,-0.0045776367,-0.0045776367,-0.0045776367,-0.0045776367,-0.0045776367,-0.0045776367,-0.0045776367,-0.0045776367,-0.0045776367,-0.0045776367,-0.0045776367,-0.0045776367,-0.0045776367,0.51727295,3.0075684,0.32501221,0.96588135,-0.13275146,-0.0045776367,-0.0045776367,-0.0045776367,-0.0045776367,-0.0045776367,-0.0045776367,3530949.7
3621709693568,1.5198922,0,34.728767,33.099106,32.499428,30.846878,32.3209,33.094528,34.110779,33.479057,32.948044,30.279243,32.623024,32.481117,37.37011,39.517052,35.552757,33.501945,32.343788,32.279701,38.441292,34.458687,33.662163,33.529411,32.632179,38.596931,3530969.7,31.853973,29.858093,29.427788,28.832687,29.171432,29.34539,31.487755,30.302132,29.780273,28.219269,29.697868,29.230942,35.044632,37.946899,35.639732,31.647972,30.782791,30.036621,35.168228,32.082855,30.466927,31.441978,30.480659,35.168228,3530969.7,-0.0045776367,-0.0045776367,-0.0045776367,-0.0045776367,-0.0045776367,-0.0045776367,-0.0045776367,-0.0045776367,-0.0045776367,-0.0045776367,-0.0045776367,-0.0045776367,-0.0045776367,0.35247803,3.1723633,0.26092529,0.40740967,-0.29754639,-0.0045776367,-0.0045776367,-0.0045776367,-0.0045776367,-0.0045776367,-0.0045776367,3530969.7
3621729682496,1.5398811,0,34.728767,33.108261,32.499428,30.851456,32.330055,33.103683,34.119934,33.47448,32.943466,30.288399,32.627602,32.485695,37.374687,39.521629,35.539024,33.506523,32.343788,32.275124,38.445869,34.454109,33.671318,33.524834,32.632179,38.606087,3530989.7,31.849396,29.867249,29.427788,28.82811,29.166855,29.340813,31.483177,30.283821,29.766541,28.233002,29.688713,29.217209,35.012589,37.946899,35.64431,31.638817,30.787369,30.054932,35.163651,32.078278,30.457771,31.451134,30.503548,35.149918,3530989.7,-0.0045776367,-0.0045776367,-0.0045776367,-0.0045776367,-0.0045776367,-0.0045776367,-0.0045776367,-0.0045776367,-0.0045776367,-0.0045776367,-0.0045776367,-0.0045776367,-0.0045776367,0.60882568,3.1540527,0.14190674,0.5355835,-0.17852783,-0.0045776367,-0.0045776367,-0.0045776367,-0.0045776367,-0.0045776367,-0.0045776367,3530989.7
3621749819712,1.5600183,0,34.733345,33.103683,32.49485,30.851456,32.325478,33.103683,34.115356,33.483635,32.952621,30.283821,32.623024,32.485695,37.365532,39.512474,35.539024,33.506523,32.343788,32.279701,38.445869,34.458687,33.66674,33.524834,32.632179,38.601509,3531009.7,31.867706,29.862671,29.427788,28.837265,29.1577,29.354546,31.4786,30.306709,29.761963,28.223846,29.697868,29.221786,35.017166,37.937744,35.676353,31.638817,30.796524,30.045776,35.149918,32.0737,30.476082,31.423668,30.494392,35.154495,3531009.7,-0.0045776367,-0.0045776367,-0.0045776367,-0.0045776367,-0.0045776367,-0.0045776367,-0.0045776367,-0.0045776367,-0.0045776367,-0.0045776367,-0.0045776367,-0.0045776367,-0.0045776367,0.29754639,3.2181396,0.096130371,0.31585693,-0.18768311,-0.0045776367,-0.0045776367,-0.0045776367,-0.0045776367,-0.0045776367,-0.0045776367,3531009.7
3621769725824,1.5799244,0,34.728767,33.103683,32.504005,30.846878,32.316322,33.103683,34.115356,33.479057,32.943466,30.288399,32.623024,32.485695,37.37011,39.521629,35.543602,33.501945,32.339211,32.275124,38.445869,34.463264,33.671318,33.529411,32.632179,38.606087,3531029.7,31.867706,29.853516,29.436943,28.823532,29.171432,29.349968,31.483177,30.297554,29.789429,28.219269,29.693291,29.208054,35.040054,37.951477,35.625999,31.65255,30.759903,30.068665,35.131607,32.078278,30.462349,31.428246,30.503548,35.168228,3531029.7,-0.0045776367,-0.0045776367,-0.0045776367,-0.0045776367,-0.0045776367,-0.0045776367,-0.0045776367,-0.0045776367,-0.0045776367,-0.0045776367,-0.0045776367,-0.0045776367,-0.0045776367,0.5355835,2.9617615,-0.10528564,0.068664551,-0.18768311,-0.0045776367,-0.0045776367,-0.0045776367,-0.0045776367,-0.0045776367,-0.0045776367,3531029.7
3621789723488,1.5999221,0,34.72419,33.108261,32.499428,30.846878,32.3209,33.099106,34.115356,33.479057,32.948044,30.283821,32.627602,32.485695,37.37011,39.512474,35.543602,33.511101,32.334633,32.284279,38.445869,34.458687,33.662163,33.524834,32.627602,38.601509,3531049.7,31.858551,29.853516,29.42321,28.837265,29.171432,29.34539,31.469444,30.288399,29.789429,28.214691,29.697868,29.212631,35.035477,37.942322,35.630577,31.634239,30.778214,30.041199,35.149918,32.078278,30.466927,31.451134,30.480659,35.163651,3531049.7,-0.0045776367,-0.0045776367,-0.0045776367,-0.0045776367,-0.0045776367,-0.0045776367,-0.0045776367,-0.0045776367,-0.0045776367,-0.0045776367,-0.0045776367,-0.0045776367,-0.0045776367,0.72784424,2.8427429,0.26092529,-0.64544678,-0.55389404,-0.0045776367,-0.0045776367,-0.0045776367,-0.0045776367,-0.0045776367,-0.0045776367,3531049.7
3621809756896,1.6199555,0,34.728767,33.103683,32.504005,30.851456,32.3209,33.099106,34.110779,33.47448,32.948044,30.283821,32.618446,32.485695,37.37011,39.526207,35.539024,33.501945,32.348366,32.279701,38.436714,34.458687,33.662163,33.529411,32.632179,38.596931,3531069.7,31.849396,29.862671,29.427788,28.832687,29.148544,29.354546,31.483177,30.297554,29.789429,28.219269,29.716179,29.208054,35.035477,37.946899,35.64431,31.647972,30.778214,30.054932,35.159073,32.09201,30.462349,31.451134,30.485237,35.149918,3531069.7,-0.0045776367,-0.0045776367,-0.0045776367,-0.0045776367,-0.0045776367,-0.0045776367,-0.0045776367,-0.0045776367,-0.0045776367,-0.0045776367,-0.0045776367,-0.0045776367,-0.0045776367,0.47149658,2.4948425,0.13275146,-0.56304932,-0.13275146,-0.0045776367,-0.0045776367,-0.0045776367,-0.0045776367,-0.0045776367,-0.0045776367,3531069.7
3621829719968,1.6399186,0,34.728767,33.103683,32.504005,30.846878,32.325478,33.103683,34.115356,33.483635,32.938889,30.283821,32.627602,32.490273,37.379265,39.517052,35.539024,33.511101,32.343788,32.279701,38.441292,34.458687,33.662163,33.529411,32.627602,38.606087,3531089.7,31.858551,29.862671,29.414055,28.823532,29.166855,29.340813,31.487755,30.279243,29.780273,28.210114,29.702446,29.226364,35.044632,37.924011,35.630577,31.634239,30.769058,30.059509,35.159073,32.069122,30.462349,31.441978,30.480659,35.168228,3531089.7,-0.0045776367,-0.0045776367,-0.0045776367,-0.0045776367,-0.0045776367,-0.0045776367,-0.0045776367,-0.0045776367,-0.0045776367,-0.0045776367,-0.0045776367,-0.0045776367,-0.0045776367,0.95672607,1.002533,0.11444092,-0.72784424,-0.33416748,-0.0045776367,-0.0045776367,-0.0045776367,-0.0045776367,-0.0045776367,-0.0045776367,3531089.7
3621849738112,1.6599367,0,34.728767,33.108261,32.499428,30.846878,32.3209,33.099106,34.110779,33.47448,32.943466,30.283821,32.623024,32.490273,37.379265,39.526207,35.539024,33.506523,32.339211,32.270546,38.445869,34.454109,33.671318,33.529411,32.632179,38.596931,3531109.7,31.84024,29.858093,29.436943,28.818954,29.171432,29.340813,31.483177,30.292976,29.766541,28.219269,29.684135,29.198898,35.053787,37.946899,35.630577,31.629662,30.778214,30.050354,35.163651,32.078278,30.462349,31.437401,30.489815,35.159073,3531109.7,-0.0045776367,-0.0045776367,-0.0045776367,-0.0045776367,-0.0045776367,-0.0045776367,-0.0045776367,-0.0045776367,-0.0045776367,-0.0045776367,-0.0045776367,-0.0045776367,-0.0045776367,0.35247803,-0.11444092,0.24261475,-0.8102417,-0.45318604,-0.0045776367,-0.0045776367,-0.0045776367,-0.0045776367,-0.0045776367,-0.0045776367,3531109.7
3621869724192,1.6799228,0,34.728767,33.103683,32.504005,30.851456,32.3209,33.099106,34.119934,33.47448,32.938889,30.283821,32.627602,32.490273,37.37011,39.521629,35.539024,33.506523,32.343788,32.279701,38.441292,34.458687,33.662163,33.529411,32.636757,38.601509,3531129.7,31.858551,29.867249,29.418633,28.823532,29.171432,29.340813,31.474022,30.297554,29.771118,28.214691,29.697868,29.221786,35.040054,37.951477,35.639732,31.643394,30.769058,30.059509,35.140762,32.09201,30.448616,31.437401,30.489815,35.163651,3531129.7,-0.0045776367,-0.0045776367,-0.0045776367,-0.0045776367,-0.0045776367,-0.0045776367,-0.0045776367,-0.0045776367,-0.0045776367,-0.0045776367,-0.0045776367,-0.0045776367,-0.0045776367,-0.29754639,0.022888184,0.99334717,-0.80108643,0.086975098,-0.0045776367,-0.0045776367,-0.0045776367,-0.0045776367,-0.0045776367,-0.0045776367,3531129.7
3621889690912,1.6998895,0,34.733345,33.108261,32.508583,30.846878,32.3209,33.103683,34.110779,33.47448,32.948044,30.283821,32.623024,32.490273,37.37011,39.521629,35.543602,33.511101,32.343788,32.279701,38.450447,34.454109,33.657585,33.524834,32.627602,38.596931,3531149.7,31.844818,29.858093,29.441521,28.832687,29.153122,29.349968,31.483177,30.315865,29.771118,28.223846,29.707024,29.203476,35.021744,37.96521,35.625999,31.643394,30.769058,30.045776,35.149918,32.0737,30.457771,31.428246,30.480659,35.136185,3531149.7,-0.0045776367,-0.0045776367,-0.0045776367,-0.0045776367,-0.0045776367,-0.0045776367,-0.0045776367,-0.0045776367,-0.0045776367,-0.0045776367,-0.0045776367,-0.0045776367,-0.0045776367,0.096130371,-3.364624,0.5355835,-0.37078857,0.068664551,-0.0045776367,-0.0045776367,-0.0045776367,-0.0045776367,-0.0045776367,-0.0045776367,3531149.7
3621909787008,1.7199856,0,34.728767,33.103683,32.504005,30.851456,32.3209,33.103683,34.119934,33.479057,32.943466,30.283821,32.632179,32.490273,37.37011,39.517052,35.534447,33.506523,32.339211,32.284279,38.441292,34.458687,33.662163,33.529411,32.627602,38.606087,3531169.7,31.858551,29.867249,29.427788,28.832687,29.17601,29.359123,31.4786,30.311287,29.775696,28.205536,29.693291,29.212631,35.021744,37.946899,35.635155,31.643394,30.782791,30.041199,35.127029,32.078278,30.457771,31.441978,30.485237,35.149918,3531169.7,-0.0045776367,-0.0045776367,-0.0045776367,-0.0045776367,-0.0045776367,-0.0045776367,-0.0045776367,-0.0045776367,-0.0045776367,-0.0045776367,-0.0045776367,-0.0045776367,-0.0045776367,0.16937256,-4.6280518,0.78277588,-0.37078857,0.11444092,-0.0045776367,-0.0045776367,-0.0045776367,-0.0045776367,-0.0045776367,-0.0045776367,3531169.7
3621929766432,1.739965,0,34.728767,33.099106,32.499428,30.851456,32.325478,33.094528,34.110779,33.479057,32.948044,30.283821,32.627602,32.485695,37.379265,39.517052,35.529869,33.501945,32.343788,32.275124,38.445869,34.458687,33.662163,33.520256,32.632179,38.596931,3531189.7,31.858551,29.858093,29.436943,28.832687,29.162277,29.349968,31.483177,30.306709,29.766541,28.223846,29.688713,29.226364,35.017166,37.951477,35.598534,31.643394,30.787369,30.036621,35.14534,32.0737,30.462349,31.437401,30.503548,35.154495,3531189.7,-0.0045776367,-0.0045776367,-0.0045776367,-0.0045776367,-0.0045776367,-0.0045776367,-0.0045776367,-0.0045776367,-0.0045776367,-0.0045776367,-0.0045776367,-0.0045776367,-0.0045776367,-0.59051514,-7.1366577,-0.40740967,-0.12359619,0.0045776367,-0.0045776367,-0.0045776367,-0.0045776367,-0.0045776367,-0.0045776367,-0.0045776367,3531189.7
3621949893152,1.7600917,0,34.733345,33.103683,32.504005,30.846878,32.325478,33.103683,34.119934,33.479057,32.948044,30.283821,32.627602,32.485695,37.37011,39.521629,35.534447,33.497368,32.343788,32.279701,38.445869,34.458687,33.657585,33.524834,32.632179,38.606087,3531209.7,31.863129,29.858093,29.414055,28.82811,29.153122,29.359123,31.487755,30.297554,29.789429,28.214691,29.693291,29.212631,35.017166,37.946899,35.639732,31.643394,30.791946,30.050354,35.168228,32.064545,30.480659,31.441978,30.480659,35.163651,3531209.7,-0.0045776367,-0.0045776367,-0.0045776367,-0.0045776367,-0.0045776367,-0.0045776367,-0.0045776367,-0.0045776367,-0.0045776367,-0.0045776367,-0.0045776367,-0.0045776367,-0.0045776367,-1.9913025,-7.8690796,-0.42572021,0.086975098,0.059509277,-0.0045776367,-0.0045776367,-0.0045776367,-0.0045776367,-0.0045776367,-0.0045776367,3531209.7
3621969748320,1.7799469,0,34.728767,33.103683,32.504005,30.846878,32.330055,33.103683,34.115356,33.483635,32.948044,30.283821,32.627602,32.485695,37.37011,39.512474,35.543602,33.501945,32.334633,32.279701,38.450447,34.458687,33.662163,33.524834,32.641335,38.601509,3531229.7,31.853973,29.858093,29.42321,28.82811,29.180588,29.34539,31.460289,30.306709,29.775696,28.219269,29.688713,29.208054,35.026321,37.960632,35.621422,31.65255,30.805679,30.050354,35.149918,32.064545,30.471504,31.437401,30.503548,35.168228,3531229.7,-0.0045776367,-0.0045776367,-0.0045776367,-0.0045776367,-0.0045776367,-0.0045776367,-0.0045776367,-0.0045776367,-0.0045776367,-0.0045776367,-0.0045776367,-0.0045776367,-0.0045776367,-2.4856873,-9.4255066,-1.2863464,-0.16021729,2.1835632,-0.0045776367,-0.0045776367,-0.0045776367,-0.0045776367,-0.0045776367,-0.0045776367,3531229.7
3621989691264,1.7998899,0,34.728767,33.108261,32.504005,30.851456,32.325478,33.103683,34.110779,33.483635,32.948044,30.283821,32.627602,32.490273,37.374687,39.517052,35.539024,33.506523,32.343788,32.270546,38.441292,34.449532,33.66674,33.529411,32.632179,38.601509,3531249.7,31.858551,29.862671,29.427788,28.837265,29.17601,29.34539,31.474022,30.302132,29.775696,28.214691,29.697868,29.217209,35.021744,37.951477,35.607689,31.65255,30.787369,30.050354,35.172806,32.078278,30.471504,31.446556,30.494392,35.172806,3531249.7,-0.0045776367,-0.0045776367,-0.0045776367,-0.0045776367,-0.0045776367,-0.0045776367,-0.0045776367,-0.0045776367,-0.0045776367,-0.0045776367,-0.0045776367,-0.0045776367,-0.0045776367,-2.7145691,-9.4255066,-1.3962097,-0.032043457,-0.12359619,-0.0045776367,-0.0045776367,-0.0045776367,-0.0045776367,-0.0045776367,-0.0045776367,3531249.7
3622009774976,1.8199736,0,34.728767,33.108261,32.504005,30.846878,32.3209,33.103683,34.110779,33.479057,32.948044,30.283821,32.623024,32.490273,37.37011,39.517052,35.534447,33.506523,32.339211,32.270546,38.450447,34.454109,33.662163,33.529411,32.627602,38.601509,3531269.7,31.853973,29.848938,29.441521,28.832687,29.171432,29.336235,31.474022,30.315865,29.771118,28.219269,29.684135,29.208054,35.021744,37.956055,35.630577,31.661705,30.782791,30.041199,35.159073,32.0737,30.462349,31.441978,30.480659,35.14534,3531269.7,-0.0045776367,-0.0045776367,-0.0045776367,-0.0045776367,-0.0045776367,-0.0045776367,-0.0045776367,-0.0045776367,-0.0045776367,-0.0045776367,-0.0045776367,-0.0045776367,-0.0045776367,-3.3280029,-9.9839783,-2.2201843,-0.20599365,0.18768311,-0.0045776367,-0.0045776367,-0.0045776367,-0.0045776367,-0.0045776367,-0.0045776367,3531269.7
3622029782528,1.8399811,0,34.728767,33.099106,32.499428,30.846878,32.325478,33.103683,34.115356,33.479057,32.943466,30.283821,32.627602,32.485695,37.37011,39.512474,35.54818,33.511101,32.343788,32.270546,38.450447,34.458687,33.66674,33.524834,32.632179,38.610664,3531289.7,31.853973,29.858093,29.409477,28.818954,29.171432,29.32708,31.4786,30.306709,29.798584,28.223846,29.693291,29.226364,35.021744,37.951477,35.621422,31.643394,30.787369,30.050354,35.154495,32.0737,30.471504,31.451134,30.494392,35.163651,3531289.7,-0.0045776367,-0.0045776367,-0.0045776367,-0.0045776367,-0.0045776367,-0.0045776367,-0.0045776367,-0.0045776367,-0.0045776367,-0.0045776367,-0.0045776367,-0.0045776367,-0.0045776367,-3.9963379,-9.874115,-2.9159851,-0.82855225,0.050354004,-0.0045776367,-0.0045776367,-0.0045776367,-0.0045776367,-0.0045776367,-0.0045776367,3531289.7
3622049688224,1.8598868,0,34.728767,33.103683,32.504005,30.851456,32.3209,33.103683,34.115356,33.47448,32.948044,30.283821,32.627602,32.485695,37.37011,39.517052,35.534447,33.501945,32.339211,32.270546,38.441292,34.458687,33.662163,33.529411,32.627602,38.601509,3531309.7,31.858551,29.862671,29.427788,28.82811,29.185165,29.349968,31.469444,30.315865,29.780273,28.219269,29.711601,29.235519,35.026321,37.951477,35.635155,31.666283,30.787369,30.036621,35.131607,32.059967,30.457771,31.441978,30.494392,35.154495,3531309.7,-0.0045776367,-0.0045776367,-0.0045776367,-0.0045776367,-0.0045776367,-0.0045776367,-0.0045776367,-0.0045776367,-0.0045776367,-0.0045776367,-0.0045776367,-0.0045776367,-0.0045776367,-4.4174805,-10.03891,-3.2730713,-0.096130371,-0.077819824,-0.0045776367,-0.0045776367,-0.0045776367,-0.0045776367,-0.0045776367,-0.0045776367,3531309.7
3622069672448,1.879871,0,34.733345,33.099106,32.504005,30.851456,32.3209,33.099106,34.110779,33.47448,32.948044,30.283821,32.623024,32.490273,37.37011,39.517052,35.539024,33.506523,32.339211,32.275124,38.445869,34.454109,33.662163,33.529411,32.632179,38.596931,3531329.7,31.863129,29.853516,29.427788,28.837265,29.162277,29.354546,31.4786,30.311287,29.775696,28.205536,29.688713,29.221786,35.026321,37.974365,35.607689,31.666283,30.769058,30.045776,35.159073,32.087433,30.462349,31.437401,30.485237,35.172806,3531329.7,-0.0045776367,-0.0045776367,-0.0045776367,-0.0045776367,-0.0045776367,-0.0045776367,-0.0045776367,-0.0045776367,-0.0045776367,-0.0045776367,-0.0045776367,-0.0045776367,-0.0045776367,-4.7745361,-9.105072,-3.5385742,-0.84686279,0.086975098,-0.0045776367,-0.0045776367,-0.0045776367,-0.0045776367,-0.0045776367,-0.0045776367,3531329.7
3622089706784,1.8999054,0,34.728767,33.103683,32.508583,30.851456,32.3209,33.099106,34.110779,33.483635,32.938889,30.283821,32.623024,32.481117,37.37011,39.507896,35.54818,33.511101,32.339211,32.270546,38.445869,34.458687,33.66674,33.533989,32.632179,38.601509,3531349.7,31.863129,29.848938,29.42321,28.82811,29.171432,29.359123,31.469444,30.302132,29.780273,28.228424,29.702446,29.208054,35.040054,37.969788,35.616844,31.661705,30.787369,30.059509,35.154495,32.069122,30.462349,31.441978,30.462349,35.154495,3531349.7,-0.0045776367,-0.0045776367,-0.0045776367,-0.0045776367,-0.0045776367,-0.0045776367,-0.0045776367,-0.0045776367,-0.0045776367,-0.0045776367,-0.0045776367,-0.0045776367,-0.0045776367,-4.1794434,-9.2790222,-3.2089844,-1.1673279,-0.050354004,-0.0045776367,-0.0045776367,-0.0045776367,-0.0045776367,-0.0045776367,-0.0045776367,3531349.7
3622109728416,1.919927,0,34.728767,33.108261,32.508583,30.851456,32.3209,33.103683,34.115356,33.479057,32.943466,30.283821,32.627602,32.481117,37.379265,39.521629,35.543602,33.501945,32.343788,32.275124,38.445869,34.458687,33.66674,33.524834,32.627602,38.606087,3531369.7,31.853973,29.867249,29.4049,28.832687,29.171432,29.359123,31.483177,30.297554,29.789429,28.214691,29.684135,29.203476,35.040054,37.969788,35.621422,31.661705,30.778214,30.064087,35.163651,32.082855,30.439461,31.451134,30.489815,35.149918,3531369.7,-0.0045776367,-0.0045776367,-0.0045776367,-0.0045776367,-0.0045776367,-0.0045776367,-0.0045776367,-0.0045776367,-0.0045776367,-0.0045776367,-0.0045776367,-0.0045776367,-0.0045776367,-4.6921387,-8.8120728,-3.2822266,-1.304657,0.10528564,-0.0045776367,-0.0045776367,-0.0045776367,-0.0045776367,-0.0045776367,-0.0045776367,3531369.7
3622129685312,1.9398839,0,34.728767,33.103683,32.504005,30.8423,32.325478,33.099106,34.110779,33.479057,32.943466,30.288399,32.627602,32.485695,37.374687,39.521629,35.539024,33.511101,32.343788,32.270546,38.441292,34.458687,33.662163,33.529411,32.627602,38.596931,3531389.7,31.863129,29.858093,29.418633,28.832687,29.17601,29.34539,31.487755,30.292976,29.780273,28.228424,29.702446,29.208054,35.021744,37.969788,35.612267,31.657127,30.787369,30.045776,35.163651,32.082855,30.453194,31.432823,30.476082,35.159073,3531389.7,-0.0045776367,-0.0045776367,-0.0045776367,-0.0045776367,-0.0045776367,-0.0045776367,-0.0045776367,-0.0045776367,-0.0045776367,-0.0045776367,-0.0045776367,-0.0045776367,-0.0045776367,-4.2984619,-8.7571411,-4.0054932,-1.5243835,-0.096130371,-0.0045776367,-0.0045776367,-0.0045776367,-0.0045776367,-0.0045776367,-0.0045776367,3531389.7
3622149855840,1.9600544,0,34.737923,33.108261,32.504005,30.851456,32.325478,33.103683,34.110779,33.483635,32.948044,30.283821,32.623024,32.485695,37.374687,39.517052,35.539024,33.511101,32.343788,32.275124,38.450447,34.454109,33.66674,33.524834,32.632179,38.606087,3531409.7,31.867706,29.867249,29.432365,28.841843,29.148544,29.354546,31.49691,30.288399,29.789429,28.210114,29.693291,29.203476,35.026321,37.974365,35.612267,31.675438,30.791946,30.050354,35.163651,32.064545,30.457771,31.441978,30.485237,35.177383,3531409.7,-0.0045776367,-0.0045776367,-0.0045776367,-0.0045776367,-0.0045776367,-0.0045776367,-0.0045776367,-0.0045776367,-0.0045776367,-0.0045776367,-0.0045776367,-0.0045776367,-0.0045776367,-4.3259277,-7.8690796,-3.263916,-1.9455261,-0.20599365,-0.0045776367,-0.0045776367,-0.0045776367,-0.0045776367,-0.0045776367,-0.0045776367,3531409.7
3622169679360,1.979878,0,34.733345,33.103683,32.508583,30.846878,32.325478,33.103683,34.110779,33.483635,32.948044,30.288399,32.632179,32.490273,37.37011,39.521629,35.54818,33.515678,32.343788,32.270546,38.445869,34.458687,33.662163,33.529411,32.627602,38.596931,3531429.7,31.858551,29.867249,29.432365,28.837265,29.166855,29.349968,31.483177,30.302132,29.775696,28.219269,29.684135,29.208054,35.026321,37.96521,35.607689,31.67086,30.791946,30.050354,35.172806,32.096588,30.448616,31.451134,30.49897,35.154495,3531429.7,-0.0045776367,-0.0045776367,-0.0045776367,-0.0045776367,-0.0045776367,-0.0045776367,-0.0045776367,-0.0045776367,-0.0045776367,-0.0045776367,-0.0045776367,-0.0045776367,-0.0045776367,-3.7491455,-6.7154846,-2.6138611,-1.7807312,0.13275146,-0.0045776367,-0.0045776367,-0.0045776367,-0.0045776367,-0.0045776367,-0.0045776367,3531429.7
3622189661280,1.9998599,0,34.733345,33.103683,32.504005,30.851456,32.3209,33.099106,34.119934,33.479057,32.948044,30.288399,32.627602,32.490273,37.37011,39.517052,35.543602,33.506523,32.339211,32.270546,38.450447,34.458687,33.662163,33.529411,32.632179,38.601509,3531449.7,31.867706,29.858093,29.441521,28.823532,29.180588,29.363701,31.4786,30.320442,29.766541,28.214691,29.697868,29.208054,35.026321,37.96521,35.607689,31.661705,30.773636,30.059509,35.163651,32.078278,30.462349,31.446556,30.489815,35.159073,3531449.7,-0.0045776367,-0.0045776367,-0.0045776367,-0.0045776367,-0.0045776367,-0.0045776367,-0.0045776367,-0.0045776367,-0.0045776367,-0.0045776367,-0.0045776367,-0.0045776367,-0.0045776367,-3.630127,-6.1387024,-2.7054138,-1.9638367,-0.01373291,-0.0045776367,-0.0045776367,-0.0045776367,-0.0045776367,-0.0045776367,-0.0045776367,3531449.7
3622209725312,2.0199239,0,34.733345,33.103683,32.504005,30.851456,32.325478,33.103683,34.115356,33.47448,32.948044,30.288399,32.627602,32.485695,37.374687,39.517052,35.552757,33.515678,32.339211,32.270546,38.445869,34.463264,33.662163,33.520256,32.632179,38.601509,3531469.7,31.858551,29.871826,29.427788,28.837265,29.166855,29.354546,31.483177,30.297554,29.784851,28.214691,29.711601,29.221786,35.030899,37.969788,35.593956,31.657127,30.773636,30.064087,35.159073,32.0737,30.462349,31.437401,30.485237,35.163651,3531469.7,-0.0045776367,-0.0045776367,-0.0045776367,-0.0045776367,-0.0045776367,-0.0045776367,-0.0045776367,-0.0045776367,-0.0045776367,-0.0045776367,-0.0045776367,-0.0045776367,-0.0045776367,-1.7441101,-5.38797,-2.375824,-1.908905,0.04119873,-0.0045776367,-0.0045776367,-0.0045776367,-0.0045776367,-0.0045776367,-0.0045776367,3531469.7
3622229774464,2.0399731,0,34.728767,33.103683,32.499428,30.846878,32.3209,33.103683,34.110779,33.479057,32.948044,30.288399,32.632179,32.485695,37.374687,39.517052,35.54818,33.515678,32.339211,32.275124,38.441292,34.454109,33.66674,33.524834,32.632179,38.610664,3531489.7,31.872284,29.853516,29.427788,28.832687,29.17601,29.354546,31.4786,30.306709,29.784851,28.219269,29.684135,29.221786,35.040054,37.983521,35.607689,31.666283,30.769058,30.054932,35.163651,32.082855,30.462349,31.437401,30.480659,35.163651,3531489.7,-0.0045776367,-0.0045776367,-0.0045776367,-0.0045776367,-0.0045776367,-0.0045776367,-0.0045776367,-0.0045776367,-0.0045776367,-0.0045776367,-0.0045776367,-0.0045776367,-0.0045776367,-1.4236755,-5.1499329,-2.1194763,-1.8905945,-0.27008057,-0.0045776367,-0.0045776367,-0.0045776367,-0.0045776367,-0.0045776367,-0.0045776367,3531489.7
3622249704928,2.0599035,0,34.733345,33.103683,32.504005,30.851456,32.325478,33.099106,34.115356,33.483635,32.948044,30.283821,32.627602,32.485695,37.37011,39.517052,35.54818,33.506523,32.334633,32.275124,38.450447,34.458687,33.66674,33.524834,32.632179,38.601509,3531509.7,31.863129,29.862671,29.427788,28.832687,29.1577,29.368279,31.487755,30.288399,29.784851,28.214691,29.716179,29.198898,35.035477,37.974365,35.612267,31.680016,30.773636,30.045776,35.140762,32.087433,30.466927,31.446556,30.489815,35.172806,3531509.7,-0.0045776367,-0.0045776367,-0.0045776367,-0.0045776367,-0.0045776367,-0.0045776367,-0.0045776367,-0.0045776367,-0.0045776367,-0.0045776367,-0.0045776367,-0.0045776367,-0.0045776367,-0.8102417,-4.637207,-2.0279236,-1.4511414,0.077819824,-0.0045776367,-0.0045776367,-0.0045776367,-0.0045776367,-0.0045776367,-0.0045776367,3531509.7
3622269728640,2.0799272,0,34.737923,33.094528,32.504005,30.851456,32.325478,33.103683,34.106201,33.47448,32.948044,30.279243,32.627602,32.485695,37.37011,39.521629,35.543602,33.511101,32.343788,32.270546,38.445869,34.454109,33.66674,33.524834,32.641335,38.601509,3531529.7,31.867706,29.871826,29.42321,28.818954,29.180588,29.340813,31.4786,30.311287,29.784851,28.210114,29.684135,29.208054,35.040054,37.960632,35.607689,31.65255,30.778214,30.073242,35.159073,32.078278,30.480659,31.455711,30.49897,35.168228,3531529.7,-0.0045776367,-0.0045776367,-0.0045776367,-0.0045776367,-0.0045776367,-0.0045776367,-0.0045776367,-0.0045776367,-0.0045776367,-0.0045776367,-0.0045776367,-0.0045776367,-0.0045776367,-0.61798096,-4.8111572,-2.2293396,-1.3321228,0.14190674,-0.0045776367,-0.0045776367,-0.0045776367,-0.0045776367,-0.0045776367,-0.0045776367,3531529.7
3622289672320,2.0998709,0,34.737923,33.099106,32.508583,30.851456,32.330055,33.103683,34.115356,33.479057,32.948044,30.283821,32.627602,32.485695,37.374687,39.517052,35.543602,33.506523,32.339211,32.275124,38.450447,34.463264,33.66674,33.529411,32.632179,38.601509,3531549.7,31.863129,29.858093,29.432365,28.823532,29.17601,29.359123,31.4786,30.288399,29.775696,28.214691,29.684135,29.203476,35.026321,37.960632,35.612267,31.680016,30.764481,30.068665,35.168228,32.082855,30.476082,31.441978,30.508125,35.149918,3531549.7,-0.0045776367,-0.0045776367,-0.0045776367,-0.0045776367,-0.0045776367,-0.0045776367,-0.0045776367,-0.0045776367,-0.0045776367,-0.0045776367,-0.0045776367,-0.0045776367,-0.0045776367,0.032043457,-4.8477783,-2.0553894,-0.79193115,0.17852783,-0.0045776367,-0.0045776367,-0.0045776367,-0.0045776367,-0.0045776367,-0.0045776367,3531549.7
3622309694816,2.1198934,0,34.728767,33.099106,32.499428,30.846878,32.325478,33.103683,34.115356,33.479057,32.938889,30.283821,32.627602,32.49485,37.37011,39.517052,35.54818,33.511101,32.339211,32.270546,38.441292,34.458687,33.66674,33.524834,32.632179,38.601509,3531569.7,31.863129,29.858093,29.436943,28.82811,29.17601,29.354546,31.487755,30.302132,29.775696,28.233002,29.693291,29.208054,35.035477,37.983521,35.621422,31.67086,30.791946,30.059509,35.14534,32.078278,30.453194,31.423668,30.485237,35.186539,3531569.7,-0.0045776367,-0.0045776367,-0.0045776367,-0.0045776367,-0.0045776367,-0.0045776367,-0.0045776367,-0.0045776367,-0.0045776367,-0.0045776367,-0.0045776367,-0.0045776367,-0.0045776367,0.24261475,-5.0126038,-1.5518494,-0.022888184,0.04119873,-0.0045776367,-0.0045776367,-0.0045776367,-0.0045776367,-0.0045776367,-0.0045776367,3531569.7
3622329678400,2.139877,0,34.737923,33.108261,32.499428,30.8423,32.3209,33.099106,34.115356,33.47448,32.943466,30.283821,32.632179,32.485695,37.374687,39.521629,35.543602,33.506523,32.339211,32.270546,38.445869,34.458687,33.66674,33.524834,32.627602,38.606087,3531589.7,31.858551,29.858093,29.427788,28.837265,29.166855,29.349968,31.469444,30.302132,29.771118,28.223846,29.711601,29.226364,35.035477,37.974365,35.621422,31.675438,30.787369,30.064087,35.14534,32.0737,30.462349,31.446556,30.503548,35.159073,3531589.7,-0.0045776367,-0.0045776367,-0.0045776367,-0.0045776367,-0.0045776367,-0.0045776367,-0.0045776367,-0.0045776367,-0.0045776367,-0.0045776367,-0.0045776367,-0.0045776367,-0.0045776367,0.27008057,-4.8203125,-0.98419189,0.068664551,0.18768311,-0.0045776367,-0.0045776367,-0.0045776367,-0.0045776367,-0.0045776367,-0.0045776367,3531589.7
3622349859008,2.1600576,0,34.733345,33.099106,32.499428,30.851456,32.3209,33.099106,34.115356,33.483635,32.948044,30.283821,32.627602,32.485695,37.374687,39.512474,35.54818,33.506523,32.334633,32.275124,38.445869,34.463264,33.662163,33.529411,32.632179,38.596931,3531609.7,31.849396,29.862671,29.436943,28.837265,29.171432,29.32708,31.474022,30.302132,29.780273,28.214691,29.707024,29.217209,35.035477,37.974365,35.607689,31.67086,30.782791,30.073242,35.172806,32.09201,30.471504,31.441978,30.471504,35.159073,3531609.7,-0.0045776367,-0.0045776367,-0.0045776367,-0.0045776367,-0.0045776367,-0.0045776367,-0.0045776367,-0.0045776367,-0.0045776367,-0.0045776367,-0.0045776367,-0.0045776367,-0.0045776367,-0.18768311,-4.2709961,-1.0940857,1.0666199,0.3616333,-0.0045776367,-0.0045776367,-0.0045776367,-0.0045776367,-0.0045776367,-0.0045776367,3531609.7
3622369704640,2.1799032,0,34.728767,33.108261,32.504005,30.846878,32.3209,33.099106,34.110779,33.47448,32.948044,30.283821,32.623024,32.490273,37.374687,39.517052,35.543602,33.506523,32.339211,32.270546,38.445869,34.458687,33.66674,33.529411,32.627602,38.596931,3531629.7,31.853973,29.867249,29.418633,28.82811,29.166855,29.359123,31.469444,30.302132,29.780273,28.219269,29.707024,29.212631,35.026321,37.988098,35.616844,31.666283,30.796524,30.054932,35.163651,32.078278,30.462349,31.446556,30.476082,35.163651,3531629.7,-0.0045776367,-0.0045776367,-0.0045776367,-0.0045776367,-0.0045776367,-0.0045776367,-0.0045776367,-0.0045776367,-0.0045776367,-0.0045776367,-0.0045776367,-0.0045776367,-0.0045776367,-0.3616333,-4.8111572,-0.93841553,1.5243835,0.17852783,-0.0045776367,-0.0045776367,-0.0045776367,-0.0045776367,-0.0045776367,-0.0045776367,3531629.7
3622389660992,2.1998596,0,34.737923,33.099106,32.499428,30.8423,32.325478,33.108261,34.110779,33.479057,32.957199,30.288399,32.627602,32.485695,37.379265,39.517052,35.54818,33.515678,32.334633,32.270546,38.445869,34.458687,33.662163,33.524834,32.636757,38.596931,3531649.7,31.867706,29.858093,29.427788,28.823532,29.171432,29.349968,31.4786,30.306709,29.771118,28.228424,29.702446,29.212631,35.030899,37.96521,35.621422,31.67086,30.787369,30.082397,35.149918,32.087433,30.462349,31.455711,30.503548,35.168228,3531649.7,-0.0045776367,-0.0045776367,-0.0045776367,-0.0045776367,-0.0045776367,-0.0045776367,-0.0045776367,-0.0045776367,-0.0045776367,-0.0045776367,-0.0045776367,-0.0045776367,-0.0045776367,-0.81939697,-4.4174805,-0.46234131,2.6596375,0.41656494,-0.0045776367,-0.0045776367,-0.0045776367,-0.0045776367,-0.0045776367,-0.0045776367,3531649.7
3622409668448,2.219867,0,34.737923,33.099106,32.499428,30.851456,32.3209,33.094528,34.110779,33.479057,32.948044,30.283821,32.632179,32.481117,37.37011,39.512474,35.552757,33.506523,32.343788,32.275124,38.450447,34.458687,33.66674,33.524834,32.636757,38.601509,3531669.7,31.853973,29.867249,29.409477,28.82811,29.171432,29.349968,31.4786,30.292976,29.780273,28.228424,29.697868,29.221786,35.026321,37.988098,35.612267,31.657127,30.769058,30.07782,35.159073,32.078278,30.466927,31.428246,30.480659,35.149918,3531669.7,-0.0045776367,-0.0045776367,-0.0045776367,-0.0045776367,-0.0045776367,-0.0045776367,-0.0045776367,-0.0045776367,-0.0045776367,-0.0045776367,-0.0045776367,-0.0045776367,-0.0045776367,-0.73699951,-3.730835,-0.29754639,2.7420349,0.33416748,-0.0045776367,-0.0045776367,-0.0045776367,-0.0045776367,-0.0045776367,-0.0045776367,3531669.7
3622429726048,2.2399246,0,34.733345,33.099106,32.504005,30.8423,32.3209,33.099106,34.110779,33.47448,32.948044,30.288399,32.623024,32.481117,37.374687,39.521629,35.552757,33.511101,32.334633,32.275124,38.445869,34.458687,33.66674,33.529411,32.627602,38.596931,3531689.7,31.867706,29.858093,29.441521,28.82811,29.162277,29.34539,31.483177,30.297554,29.780273,28.228424,29.707024,29.198898,35.035477,37.988098,35.621422,31.680016,30.773636,30.064087,35.172806,32.082855,30.453194,31.432823,30.489815,35.172806,3531689.7,-0.0045776367,-0.0045776367,-0.0045776367,-0.0045776367,-0.0045776367,-0.0045776367,-0.0045776367,-0.0045776367,-0.0045776367,-0.0045776367,-0.0045776367,-0.0045776367,-0.0045776367,-1.2680359,-3.3829346,-0.01373291,2.7237244,0.55389404,-0.0045776367,-0.0045776367,-0.0045776367,-0.0045776367,-0.0045776367,-0.0045776367,3531689.7
3622449666912,2.2598655,0,34.733345,33.103683,32.499428,30.851456,32.325478,33.103683,34.115356,33.479057,32.943466,30.283821,32.627602,32.485695,37.37011,39.517052,35.557335,33.515678,32.339211,32.265968,38.450447,34.458687,33.662163,33.529411,32.632179,38.606087,3531709.7,31.872284,29.839783,29.432365,28.82811,29.166855,29.349968,31.474022,30.306709,29.771118,28.214691,29.702446,29.226364,35.044632,37.978943,35.621422,31.675438,30.773636,30.073242,35.140762,32.082855,30.453194,31.432823,30.485237,35.159073,3531709.7,-0.0045776367,-0.0045776367,-0.0045776367,-0.0045776367,-0.0045776367,-0.0045776367,-0.0045776367,-0.0045776367,-0.0045776367,-0.0045776367,-0.0045776367,-0.0045776367,-0.0045776367,-1.304657,-2.2384949,0.45318604,2.9892273,0.64544678,-0.0045776367,-0.0045776367,-0.0045776367,-0.0045776367,-0.0045776367,-0.0045776367,3531709.7
3622469650560,2.2798492,0,34.733345,33.099106,32.499428,30.846878,32.3209,33.103683,34.110779,33.479057,32.952621,30.283821,32.632179,32.485695,37.37011,39.512474,35.561913,33.511101,32.343788,32.275124,38.445869,34.449532,33.66674,33.533989,32.627602,38.601509,3531729.7,31.849396,29.853516,29.427788,28.832687,29.166855,29.34539,31.4786,30.302132,29.775696,28.210114,29.697868,29.226364,35.030899,37.978943,35.625999,31.67086,30.769058,30.07782,35.14534,32.0737,30.476082,31.432823,30.494392,35.159073,3531729.7,-0.0045776367,-0.0045776367,-0.0045776367,-0.0045776367,-0.0045776367,-0.0045776367,-0.0045776367,-0.0045776367,-0.0045776367,-0.0045776367,-0.0045776367,-0.0045776367,-0.0045776367,-0.74615479,-1.7257996,0.85601807,2.4582214,0.50811768,-0.0045776367,-0.0045776367,-0.0045776367,-0.0045776367,-0.0045776367,-0.0045776367,3531729.7
3622489669984,2.2998686,0,34.737923,33.099106,32.504005,30.846878,32.325478,33.099106,34.110779,33.479057,32.948044,30.283821,32.632179,32.485695,37.374687,39.517052,35.552757,33.506523,32.339211,32.265968,38.441292,34.458687,33.66674,33.529411,32.627602,38.606087,3531749.7,31.853973,29.84436,29.427788,28.814377,29.153122,29.359123,31.474022,30.302132,29.784851,28.214691,29.697868,29.226364,35.021744,37.983521,35.639732,31.657127,30.787369,30.054932,35.168228,32.0737,30.485237,31.432823,30.494392,35.149918,3531749.7,-0.0045776367,-0.0045776367,-0.0045776367,-0.0045776367,-0.0045776367,-0.0045776367,-0.0045776367,-0.0045776367,-0.0045776367,-0.0045776367,-0.0045776367,-0.0045776367,-0.0045776367,-0.50811768,-0.42572021,1.0299988,1.5243835,0.34332275,-0.0045776367,-0.0045776367,-0.0045776367,-0.0045776367,-0.0045776367,-0.0045776367,3531749.7
3622509680320,2.3198789,0,34.737923,33.103683,32.499428,30.8423,32.330055,33.099106,34.110779,33.479057,32.948044,30.283821,32.627602,32.485695,37.374687,39.517052,35.561913,33.506523,32.334633,32.270546,38.445869,34.458687,33.66674,33.524834,32.636757,38.606087,3531769.7,31.867706,29.862671,29.42321,28.837265,29.171432,29.354546,31.487755,30.297554,29.780273,28.214691,29.707024,29.212631,35.026321,37.969788,35.630577,31.684593,30.791946,30.059509,35.149918,32.078278,30.448616,31.437401,30.480659,35.172806,3531769.7,-0.0045776367,-0.0045776367,-0.0045776367,-0.0045776367,-0.0045776367,-0.0045776367,-0.0045776367,-0.0045776367,-0.0045776367,-0.0045776367,-0.0045776367,-0.0045776367,-0.0045776367,-0.25177002,-0.17852783,1.4877625,1.1673279,0.032043457,-0.0045776367,-0.0045776367,-0.0045776367,-0.0045776367,-0.0045776367,-0.0045776367,3531769.7
3622529659136,2.3398577,0,34.728767,33.103683,32.508583,30.846878,32.3209,33.103683,34.115356,33.483635,32.943466,30.288399,32.636757,32.485695,37.374687,39.512474,35.561913,33.506523,32.339211,32.270546,38.441292,34.454109,33.671318,33.524834,32.636757,38.601509,3531789.7,31.863129,29.867249,29.414055,28.837265,29.162277,29.331657,31.469444,30.315865,29.794006,28.228424,29.684135,29.221786,35.035477,37.983521,35.64431,31.661705,30.773636,30.07782,35.149918,32.0737,30.466927,31.437401,30.480659,35.172806,3531789.7,-0.0045776367,-0.0045776367,-0.0045776367,-0.0045776367,-0.0045776367,-0.0045776367,-0.0045776367,-0.0045776367,-0.0045776367,-0.0045776367,-0.0045776367,-0.0045776367,-0.0045776367,0.096130371,1.6983337,2.8152771,-0.04119873,-0.059509277,-0.0045776367,-0.0045776367,-0.0045776367,-0.0045776367,-0.0045776367,-0.0045776367,3531789.7
3622549880576,2.3600792,0,34.737923,33.103683,32.499428,30.846878,32.3209,33.099106,34.119934,33.483635,32.943466,30.279243,32.632179,32.485695,37.379265,39.517052,35.561913,33.506523,32.339211,32.270546,38.445869,34.458687,33.671318,33.533989,32.636757,38.606087,3531809.7,31.867706,29.858093,29.42321,28.832687,29.171432,29.359123,31.4786,30.311287,29.775696,28.210114,29.693291,29.212631,35.030899,37.988098,35.635155,31.661705,30.787369,30.059509,35.154495,32.082855,30.457771,31.451134,30.489815,35.168228,3531809.7,-0.0045776367,-0.0045776367,-0.0045776367,-0.0045776367,-0.0045776367,-0.0045776367,-0.0045776367,-0.0045776367,-0.0045776367,-0.0045776367,-0.0045776367,-0.0045776367,-0.0045776367,0.66375732,1.8356628,2.3941345,-1.8814392,-0.068664551,-0.0045776367,-0.0045776367,-0.0045776367,-0.0045776367,-0.0045776367,-0.0045776367,3531809.7
3622569661568,2.3798602,0,34.733345,33.103683,32.504005,30.846878,32.3209,33.099106,34.115356,33.47448,32.943466,30.288399,32.632179,32.490273,37.374687,39.512474,35.561913,33.506523,32.334633,32.270546,38.445869,34.458687,33.657585,33.529411,32.632179,38.601509,3531829.7,31.872284,29.848938,29.42321,28.832687,29.166855,29.354546,31.483177,30.306709,29.789429,28.223846,29.693291,29.226364,35.035477,37.969788,35.625999,31.661705,30.773636,30.073242,35.14534,32.064545,30.457771,31.446556,30.494392,35.140762,3531829.7,-0.0045776367,-0.0045776367,-0.0045776367,-0.0045776367,-0.0045776367,-0.0045776367,-0.0045776367,-0.0045776367,-0.0045776367,-0.0045776367,-0.0045776367,-0.0045776367,-0.0045776367,1.7715759,2.8061218,0.72784424,-1.5793152,0.077819824,-0.0045776367,-0.0045776367,-0.0045776367,-0.0045776367,-0.0045776367,-0.0045776367,3531829.7
3622589639776,2.3998384,0,34.728767,33.103683,32.504005,30.851456,32.316322,33.103683,34.115356,33.483635,32.948044,30.283821,32.627602,32.490273,37.374687,39.517052,35.56649,33.501945,32.334633,32.275124,38.441292,34.454109,33.66674,33.524834,32.632179,38.601509,3531849.7,31.858551,29.862671,29.450676,28.818954,29.1577,29.359123,31.49691,30.302132,29.794006,28.223846,29.693291,29.208054,35.035477,37.992676,35.648888,31.666283,30.787369,30.064087,35.14534,32.087433,30.462349,31.432823,30.512703,35.168228,3531849.7,-0.0045776367,-0.0045776367,-0.0045776367,-0.0045776367,-0.0045776367,-0.0045776367,-0.0045776367,-0.0045776367,-0.0045776367,-0.0045776367,-0.0045776367,-0.0045776367,-0.0045776367,1.3412781,3.3920898,-0.15106201,-1.7990417,0.10528564,-0.0045776367,-0.0045776367,-0.0045776367,-0.0045776367,-0.0045776367,-0.0045776367,3531849.7
3622609716448,2.419915,0,34.733345,33.103683,32.504005,30.851456,32.3209,33.099106,34.110779,33.479057,32.948044,30.283821,32.627602,32.490273,37.379265,39.507896,35.571068,33.506523,32.334633,32.265968,38.445869,34.454109,33.66674,33.529411,32.632179,38.606087,3531869.7,31.863129,29.862671,29.432365,28.832687,29.162277,29.34539,31.483177,30.283821,29.780273,28.219269,29.697868,29.217209,35.021744,37.992676,35.639732,31.67086,30.782791,30.07782,35.168228,32.078278,30.462349,31.441978,30.494392,35.168228,3531869.7,-0.0045776367,-0.0045776367,-0.0045776367,-0.0045776367,-0.0045776367,-0.0045776367,-0.0045776367,-0.0045776367,-0.0045776367,-0.0045776367,-0.0045776367,-0.0045776367,-0.0045776367,1.6250916,3.6850586,-0.29754639,-2.0737,0.15106201,-0.0045776367,-0.0045776367,-0.0045776367,-0.0045776367,-0.0045776367,-0.0045776367,3531869.7
3622629758176,2.4399568,0,34.728767,33.099106,32.504005,30.851456,32.330055,33.099106,34.110779,33.483635,32.943466,30.288399,32.627602,32.490273,37.37011,39.517052,35.56649,33.515678,32.334633,32.270546,38.445869,34.458687,33.671318,33.533989,32.632179,38.610664,3531889.7,31.863129,29.862671,29.418633,28.805222,29.153122,29.354546,31.4786,30.306709,29.784851,28.223846,29.697868,29.240097,35.026321,37.988098,35.648888,31.675438,30.796524,30.068665,35.172806,32.069122,30.462349,31.423668,30.494392,35.172806,3531889.7,-0.0045776367,-0.0045776367,-0.0045776367,-0.0045776367,-0.0045776367,-0.0045776367,-0.0045776367,-0.0045776367,-0.0045776367,-0.0045776367,-0.0045776367,-0.0045776367,-0.0045776367,2.1927185,4.6738281,-1.4236755,-1.6525574,-0.0045776367,-0.0045776367,-0.0045776367,-0.0045776367,-0.0045776367,-0.0045776367,-0.0045776367,3531889.7
3622649642240,2.4598408,0,34.733345,33.108261,32.499428,30.846878,32.3209,33.108261,34.115356,33.483635,32.943466,30.283821,32.623024,32.490273,37.37011,39.517052,35.571068,33.506523,32.339211,32.275124,38.441292,34.458687,33.662163,33.524834,32.632179,38.601509,3531909.7,31.867706,29.858093,29.427788,28.823532,29.17601,29.349968,31.483177,30.306709,29.771118,28.210114,29.711601,29.221786,35.030899,37.956055,35.658043,31.65255,30.778214,30.068665,35.172806,32.082855,30.457771,31.451134,30.494392,35.159073,3531909.7,-0.0045776367,-0.0045776367,-0.0045776367,-0.0045776367,-0.0045776367,-0.0045776367,-0.0045776367,-0.0045776367,-0.0045776367,-0.0045776367,-0.0045776367,-0.0045776367,-0.0045776367,1.9180603,4.536499,-1.4786072,-1.5243835,0.11444092,-0.0045776367,-0.0045776367,-0.0045776367,-0.0045776367,-0.0045776367,-0.0045776367,3531909.7
3622669661408,2.47986,0,34.733345,33.103683,32.504005,30.846878,32.325478,33.108261,34.115356,33.479057,32.938889,30.283821,32.623024,32.485695,37.374687,39.512474,35.571068,33.511101,32.334633,32.275124,38.441292,34.454109,33.66674,33.529411,32.636757,38.601509,3531929.7,31.863129,29.853516,29.42321,28.823532,29.166855,29.331657,31.464867,30.311287,29.794006,28.214691,29.693291,29.203476,35.017166,37.956055,35.648888,31.675438,30.782791,30.068665,35.154495,32.087433,30.462349,31.441978,30.494392,35.168228,3531929.7,-0.0045776367,-0.0045776367,-0.0045776367,-0.0045776367,-0.0045776367,-0.0045776367,-0.0045776367,-0.0045776367,-0.0045776367,-0.0045776367,-0.0045776367,-0.0045776367,-0.0045776367,1.7715759,4.6646729,-1.5518494,-1.0208435,0.13275146,-0.0045776367,-0.0045776367,-0.0045776367,-0.0045776367,-0.0045776367,-0.0045776367,3531929.7
3622689662368,2.499861,0,34.737923,33.103683,32.49485,30.8423,32.3209,33.103683,34.115356,33.479057,32.943466,30.283821,32.627602,32.481117,37.374687,39.517052,35.575645,33.506523,32.334633,32.270546,38.445869,34.463264,33.662163,33.533989,32.632179,38.596931,3531949.7,31.844818,29.862671,29.427788,28.82811,29.171432,29.336235,31.487755,30.311287,29.784851,28.210114,29.697868,29.226364,35.026321,37.978943,35.671776,31.680016,30.778214,30.059509,35.14534,32.0737,30.457771,31.428246,30.494392,35.159073,3531949.7,-0.0045776367,-0.0045776367,-0.0045776367,-0.0045776367,-0.0045776367,-0.0045776367,-0.0045776367,-0.0045776367,-0.0045776367,-0.0045776367,-0.0045776367,-0.0045776367,-0.0045776367,1.8265076,4.4449463,-1.8448181,-0.16021729,0.31585693,-0.0045776367,-0.0045776367,-0.0045776367,-0.0045776367,-0.0045776367,-0.0045776367,3531949.7
3622709657376,2.519856,0,34.737923,33.099106,32.504005,30.8423,32.325478,33.103683,34.115356,33.479057,32.948044,30.279243,32.623024,32.485695,37.374687,39.517052,35.575645,33.506523,32.339211,32.270546,38.445869,34.458687,33.66674,33.529411,32.627602,38.606087,3531969.7,31.853973,29.862671,29.436943,28.837265,29.1577,29.34539,31.4786,30.288399,29.780273,28.210114,29.707024,29.221786,35.021744,37.978943,35.648888,31.689171,30.778214,30.073242,35.163651,32.087433,30.471504,31.446556,30.489815,35.168228,3531969.7,-0.0045776367,-0.0045776367,-0.0045776367,-0.0045776367,-0.0045776367,-0.0045776367,-0.0045776367,-0.0045776367,-0.0045776367,-0.0045776367,-0.0045776367,-0.0045776367,-0.0045776367,0.85601807,4.1702881,-1.707489,0.04119873,0.27923584,-0.0045776367,-0.0045776367,-0.0045776367,-0.0045776367,-0.0045776367,-0.0045776367,3531969.7
3622729657632,2.5398562,0,34.733345,33.103683,32.504005,30.846878,32.3209,33.108261,34.115356,33.47448,32.948044,30.288399,32.632179,32.49485,37.374687,39.517052,35.580223,33.511101,32.339211,32.270546,38.445869,34.463264,33.662163,33.524834,32.632179,38.606087,3531989.7,31.84024,29.858093,29.436943,28.823532,29.1577,29.34539,31.483177,30.302132,29.771118,28.210114,29.702446,29.203476,35.017166,37.988098,35.658043,31.689171,30.782791,30.086975,35.168228,32.078278,30.471504,31.446556,30.494392,35.181961,3531989.7,-0.0045776367,-0.0045776367,-0.0045776367,-0.0045776367,-0.0045776367,-0.0045776367,-0.0045776367,-0.0045776367,-0.0045776367,-0.0045776367,-0.0045776367,-0.0045776367,-0.0045776367,0.15106201,3.9047852,-1.4694519,0.42572021,0.31585693,-0.0045776367,-0.0045776367,-0.0045776367,-0.0045776367,-0.0045776367,-0.0045776367,3531989.7
3622749738368,2.559937,0,34.733345,33.103683,32.508583,30.846878,32.3209,33.108261,34.115356,33.479057,32.948044,30.288399,32.627602,32.490273,37.374687,39.521629,35.561913,33.506523,32.343788,32.275124,38.445869,34.458687,33.662163,33.533989,32.627602,38.610664,3532011.7,31.867706,29.871826,29.418633,28.82811,29.180588,29.354546,31.464867,30.297554,29.780273,28.214691,29.702446,29.221786,35.026321,37.988098,35.658043,31.684593,30.801102,30.086975,35.159073,32.069122,30.462349,31.432823,30.476082,35.181961,3532011.7,-0.0045776367,-0.0045776367,-0.0045776367,-0.0045776367,-0.0045776367,-0.0045776367,-0.0045776367,-0.0045776367,-0.0045776367,-0.0045776367,-0.0045776367,-0.0045776367,-0.0045776367,0.25177002,3.8406982,-1.0299988,0.62713623,0.29754639,-0.0045776367,-0.0045776367,-0.0045776367,-0.0045776367,-0.0045776367,-0.0045776367,3532011.7
3622769662848,2.5798614,0,34.737923,33.099106,32.504005,30.851456,32.3209,33.099106,34.119934,33.488213,32.948044,30.279243,32.627602,32.490273,37.374687,39.517052,35.56649,33.506523,32.343788,32.275124,38.445869,34.458687,33.662163,33.524834,32.632179,38.601509,3532029.7,31.867706,29.853516,29.432365,28.832687,29.162277,29.354546,31.487755,30.297554,29.771118,28.214691,29.697868,29.208054,35.030899,37.992676,35.662621,31.684593,30.769058,30.082397,35.163651,32.0737,30.462349,31.432823,30.494392,35.154495,3532029.7,-0.0045776367,-0.0045776367,-0.0045776367,-0.0045776367,-0.0045776367,-0.0045776367,-0.0045776367,-0.0045776367,-0.0045776367,-0.0045776367,-0.0045776367,-0.0045776367,-0.0045776367,0.17852783,3.4012451,-0.59051514,0.46234131,0.096130371,-0.0045776367,-0.0045776367,-0.0045776367,-0.0045776367,-0.0045776367,-0.0045776367,3532029.7
3622789654944,2.5998535,0,34.733345,33.103683,32.499428,30.851456,32.316322,33.103683,34.115356,33.483635,32.943466,30.283821,32.632179,32.485695,37.383842,39.521629,35.575645,33.511101,32.334633,32.270546,38.441292,34.458687,33.662163,33.529411,32.636757,38.610664,3532049.7,31.876862,29.853516,29.432365,28.82811,29.162277,29.34539,31.4786,30.311287,29.794006,28.219269,29.697868,29.217209,35.040054,37.96521,35.680931,31.693748,30.782791,30.082397,35.168228,32.082855,30.453194,31.428246,30.471504,35.159073,3532049.7,-0.0045776367,-0.0045776367,-0.0045776367,-0.0045776367,-0.0045776367,-0.0045776367,-0.0045776367,-0.0045776367,-0.0045776367,-0.0045776367,-0.0045776367,-0.0045776367,-0.0045776367,-0.37078857,3.2730713,-0.37078857,0.23345947,0.068664551,-0.0045776367,-0.0045776367,-0.0045776367,-0.0045776367,-0.0045776367,-0.0045776367,3532049.7
3622809690624,2.6198892,0,34.728767,33.099106,32.504005,30.846878,32.325478,33.099106,34.115356,33.483635,32.943466,30.279243,32.632179,32.485695,37.374687,39.521629,35.575645,33.511101,32.343788,32.265968,38.441292,34.454109,33.66674,33.529411,32.632179,38.601509,3532069.7,31.844818,29.862671,29.4049,28.832687,29.1577,29.349968,31.483177,30.306709,29.789429,28.205536,29.697868,29.208054,35.040054,38.001831,35.680931,31.680016,30.791946,30.068665,35.168228,32.087433,30.466927,31.446556,30.49897,35.163651,3532069.7,-0.0045776367,-0.0045776367,-0.0045776367,-0.0045776367,-0.0045776367,-0.0045776367,-0.0045776367,-0.0045776367,-0.0045776367,-0.0045776367,-0.0045776367,-0.0045776367,-0.0045776367,-0.75531006,3.5568848,0.31585693,-0.59967041,0.12359619,-0.0045776367,-0.0045776367,-0.0045776367,-0.0045776367,-0.0045776367,-0.0045776367,3532069.7
3622829826272,2.6400249,0,34.737923,33.103683,32.499428,30.851456,32.330055,33.103683,34.110779,33.479057,32.943466,30.288399,32.623024,32.485695,37.379265,39.521629,35.580223,33.515678,32.339211,32.275124,38.441292,34.463264,33.66674,33.529411,32.632179,38.606087,3532091.7,31.867706,29.862671,29.427788,28.832687,29.17601,29.34539,31.4786,30.297554,29.780273,28.205536,29.693291,29.217209,35.026321,37.969788,35.676353,31.689171,30.791946,30.091553,35.154495,32.082855,30.466927,31.451134,30.503548,35.154495,3532091.7,-0.0045776367,-0.0045776367,-0.0045776367,-0.0045776367,-0.0045776367,-0.0045776367,-0.0045776367,-0.0045776367,-0.0045776367,-0.0045776367,-0.0045776367,-0.0045776367,-0.0045776367,-0.48065186,2.9251404,0.27008057,-0.55389404,0.04119873,-0.0045776367,-0.0045776367,-0.0045776367,-0.0045776367,-0.0045776367,-0.0045776367,3532091.7
3622849654912,2.6598535,0,34.733345,33.103683,32.504005,30.846878,32.3209,33.099106,34.115356,33.479057,32.938889,30.283821,32.632179,32.485695,37.374687,39.512474,35.575645,33.511101,32.339211,32.265968,38.445869,34.458687,33.671318,33.529411,32.636757,38.610664,3532109.7,31.849396,29.862671,29.436943,28.832687,29.17601,29.336235,31.483177,30.292976,29.780273,28.210114,29.702446,29.203476,35.021744,37.992676,35.685509,31.684593,30.782791,30.082397,35.168228,32.087433,30.462349,31.441978,30.466927,35.177383,3532109.7,-0.0045776367,-0.0045776367,-0.0045776367,-0.0045776367,-0.0045776367,-0.0045776367,-0.0045776367,-0.0045776367,-0.0045776367,-0.0045776367,-0.0045776367,-0.0045776367,-0.0045776367,0.33416748,1.8173523,0.10528564,-1.0391541,-0.04119873,-0.0045776367,-0.0045776367,-0.0045776367,-0.0045776367,-0.0045776367,-0.0045776367,3532109.7
3622869653504,2.6798521,0,34.72419,33.112839,32.508583,30.851456,32.330055,33.099106,34.115356,33.483635,32.943466,30.288399,32.627602,32.490273,37.374687,39.517052,35.580223,33.515678,32.343788,32.270546,38.455025,34.458687,33.66674,33.524834,32.632179,38.606087,3532129.7,31.858551,29.867249,29.446098,28.832687,29.171432,29.359123,31.501488,30.306709,29.794006,28.219269,29.716179,29.230942,35.021744,37.988098,35.685509,31.707481,30.787369,30.064087,35.177383,32.087433,30.457771,31.432823,30.489815,35.181961,3532129.7,-0.0045776367,-0.0045776367,-0.0045776367,-0.0045776367,-0.0045776367,-0.0045776367,-0.0045776367,-0.0045776367,-0.0045776367,-0.0045776367,-0.0045776367,-0.0045776367,-0.0045776367,1.0299988,0.23345947,0.50811768,-1.5243835,-0.26092529,-0.0045776367,-0.0045776367,-0.0045776367,-0.0045776367,-0.0045776367,-0.0045776367,3532129.7
3622889654016,2.6998526,0,34.728767,33.099106,32.504005,30.8423,32.330055,33.103683,34.115356,33.483635,32.948044,30.283821,32.627602,32.49485,37.37011,39.512474,35.580223,33.506523,32.343788,32.265968,38.450447,34.458687,33.671318,33.533989,32.632179,38.606087,3532149.7,31.863129,29.862671,29.432365,28.82811,29.166855,29.363701,31.492332,30.297554,29.780273,28.210114,29.697868,29.208054,35.021744,37.978943,35.694664,31.689171,30.791946,30.086975,35.163651,32.064545,30.448616,31.451134,30.489815,35.154495,3532149.7,-0.0045776367,-0.0045776367,-0.0045776367,-0.0045776367,-0.0045776367,-0.0045776367,-0.0045776367,-0.0045776367,-0.0045776367,-0.0045776367,-0.0045776367,-0.0045776367,-0.0045776367,2.2018738,-0.050354004,0.64544678,-1.7990417,-0.11444092,-0.0045776367,-0.0045776367,-0.0045776367,-0.0045776367,-0.0045776367,-0.0045776367,3532149.7
3622909678080,2.7198767,0,34.728767,33.099106,32.504005,30.856033,32.325478,33.103683,34.115356,33.479057,32.943466,30.283821,32.627602,32.490273,37.37011,39.517052,35.580223,33.511101,32.343788,32.265968,38.445869,34.458687,33.66674,33.529411,32.632179,38.601509,3532169.7,31.858551,29.862671,29.436943,28.832687,29.171432,29.349968,31.487755,30.306709,29.789429,28.223846,29.697868,29.217209,35.035477,37.992676,35.690086,31.680016,30.778214,30.082397,35.149918,32.078278,30.466927,31.455711,30.494392,35.204849,3532169.7,-0.0045776367,-0.0045776367,-0.0045776367,-0.0045776367,-0.0045776367,-0.0045776367,-0.0045776367,-0.0045776367,-0.0045776367,-0.0045776367,-0.0045776367,-0.0045776367,-0.0045776367,3.6942139,-3.4836426,0.39825439,-1.3778992,-0.29754639,-0.0045776367,-0.0045776367,-0.0045776367,-0.0045776367,-0.0045776367,-0.0045776367,3532169.7
3622929749376,2.739948,0,34.733345,33.103683,32.499428,30.846878,32.325478,33.108261,34.115356,33.483635,32.943466,30.283821,32.627602,32.490273,37.374687,39.507896,35.575645,33.515678,32.343788,32.261391,38.441292,34.458687,33.66674,33.533989,32.632179,38.606087,3532189.7,31.872284,29.862671,29.414055,28.837265,29.17601,29.354546,31.492332,30.302132,29.807739,28.223846,29.711601,29.208054,35.040054,37.997253,35.685509,31.698326,30.773636,30.073242,35.154495,32.0737,30.471504,31.437401,30.489815,35.181961,3532189.7,-0.0045776367,-0.0045776367,-0.0045776367,-0.0045776367,-0.0045776367,-0.0045776367,-0.0045776367,-0.0045776367,-0.0045776367,-0.0045776367,-0.0045776367,-0.0045776367,-0.0045776367,4.4174805,-4.6463623,0.23345947,-1.3962097,-0.16021729,-0.0045776367,-0.0045776367,-0.0045776367,-0.0045776367,-0.0045776367,-0.0045776367,3532189.7
3622949852384,2.760051,0,34.728767,33.094528,32.504005,30.851456,32.330055,33.108261,34.115356,33.483635,32.948044,30.279243,32.632179,32.481117,37.37011,39.507896,35.580223,33.511101,32.334633,32.265968,38.450447,34.454109,33.662163,33.529411,32.636757,38.606087,3532209.7,31.844818,29.867249,29.4049,28.818954,29.162277,29.340813,31.474022,30.315865,29.775696,28.219269,29.684135,29.221786,35.040054,37.997253,35.708397,31.67086,30.782791,30.082397,35.159073,32.064545,30.462349,31.460289,30.485237,35.172806,3532209.7,-0.0045776367,-0.0045776367,-0.0045776367,-0.0045776367,-0.0045776367,-0.0045776367,-0.0045776367,-0.0045776367,-0.0045776367,-0.0045776367,-0.0045776367,-0.0045776367,-0.0045776367,5.2048645,-5.8548889,0.46234131,-1.3229675,-0.31585693,-0.0045776367,-0.0045776367,-0.0045776367,-0.0045776367,-0.0045776367,-0.0045776367,3532209.7
3622969639232,2.7798378,0,34.733345,33.099106,32.504005,30.846878,32.330055,33.103683,34.110779,33.479057,32.943466,30.283821,32.627602,32.490273,37.374687,39.507896,35.584801,33.515678,32.343788,32.270546,38.445869,34.458687,33.66674,33.529411,32.632179,38.596931,3532229.7,31.872284,29.862671,29.427788,28.823532,29.171432,29.359123,31.49691,30.302132,29.794006,28.219269,29.697868,29.208054,35.035477,37.992676,35.703819,31.698326,30.773636,30.091553,35.177383,32.087433,30.448616,31.437401,30.476082,35.149918,3532229.7,-0.0045776367,-0.0045776367,-0.0045776367,-0.0045776367,-0.0045776367,-0.0045776367,-0.0045776367,-0.0045776367,-0.0045776367,-0.0045776367,-0.0045776367,-0.0045776367,-0.0045776367,4.6555176,-6.3675842,0.65460205,-1.1123962,-0.29754639,-0.0045776367,-0.0045776367,-0.0045776367,-0.0045776367,-0.0045776367,-0.0045776367,3532229.7
3622989634112,2.7998327,0,34.737923,33.103683,32.499428,30.846878,32.3209,33.103683,34.115356,33.483635,32.934311,30.283821,32.627602,32.481117,37.374687,39.517052,35.575645,33.515678,32.339211,32.261391,38.450447,34.454109,33.66674,33.529411,32.636757,38.601509,3532249.7,31.872284,29.853516,29.418633,28.82811,29.180588,29.354546,31.469444,30.311287,29.784851,28.214691,29.693291,29.198898,35.026321,38.001831,35.699242,31.684593,30.782791,30.100708,35.163651,32.078278,30.448616,31.446556,30.485237,35.168228,3532249.7,-0.0045776367,-0.0045776367,-0.0045776367,-0.0045776367,-0.0045776367,-0.0045776367,-0.0045776367,-0.0045776367,-0.0045776367,-0.0045776367,-0.0045776367,-0.0045776367,-0.0045776367,3.9780273,-6.2485657,1.1123962,-1.2955017,-0.25177002,-0.0045776367,-0.0045776367,-0.0045776367,-0.0045776367,-0.0045776367,-0.0045776367,3532249.7
3623009722528,2.8199211,0,34.728767,33.103683,32.504005,30.851456,32.325478,33.103683,34.115356,33.483635,32.948044,30.279243,32.632179,32.485695,37.379265,39.507896,35.580223,33.511101,32.339211,32.265968,38.450447,34.463264,33.671318,33.529411,32.641335,38.610664,3532269.7,31.849396,29.871826,29.446098,28.82811,29.185165,29.359123,31.464867,30.297554,29.780273,28.223846,29.711601,29.212631,35.026321,37.983521,35.699242,31.698326,30.782791,30.07782,35.168228,32.082855,30.462349,31.446556,30.49897,35.14534,3532269.7,-0.0045776367,-0.0045776367,-0.0045776367,-0.0045776367,-0.0045776367,-0.0045776367,-0.0045776367,-0.0045776367,-0.0045776367,-0.0045776367,-0.0045776367,-0.0045776367,-0.0045776367,3.1082764,-6.3767395,0.38909912,-0.11444092,-0.3616333,-0.0045776367,-0.0045776367,-0.0045776367,-0.0045776367,-0.0045776367,-0.0045776367,3532269.7
3623029668672,2.8398673,0,34.737923,33.103683,32.504005,30.851456,32.330055,33.108261,34.115356,33.47448,32.948044,30.279243,32.627602,32.49485,37.374687,39.517052,35.584801,33.511101,32.343788,32.265968,38.445869,34.458687,33.66674,33.529411,32.636757,38.601509,3532289.7,31.853973,29.867249,29.432365,28.823532,29.148544,29.354546,31.487755,30.297554,29.784851,28.219269,29.697868,29.198898,35.053787,38.015564,35.717552,31.680016,30.796524,30.086975,35.154495,32.082855,30.489815,31.441978,30.480659,35.149918,3532289.7,-0.0045776367,-0.0045776367,-0.0045776367,-0.0045776367,-0.0045776367,-0.0045776367,-0.0045776367,-0.0045776367,-0.0045776367,-0.0045776367,-0.0045776367,-0.0045776367,-0.0045776367,2.3941345,-6.1844788,0.28839111,-0.11444092,-0.31585693,-0.0045776367,-0.0045776367,-0.0045776367,-0.0045776367,-0.0045776367,-0.0045776367,3532289.7
3623049629408,2.859828,0,34.733345,33.103683,32.508583,30.851456,32.325478,33.103683,34.119934,33.483635,32.943466,30.283821,32.627602,32.49485,37.379265,39.517052,35.584801,33.506523,32.339211,32.265968,38.445869,34.458687,33.662163,33.529411,32.636757,38.610664,3532309.7,31.867706,29.858093,29.432365,28.814377,29.162277,29.349968,31.4786,30.302132,29.784851,28.219269,29.720757,29.208054,35.044632,37.992676,35.703819,31.707481,30.782791,30.09613,35.159073,32.082855,30.466927,31.428246,30.489815,35.154495,3532309.7,-0.0045776367,-0.0045776367,-0.0045776367,-0.0045776367,-0.0045776367,-0.0045776367,-0.0045776367,-0.0045776367,-0.0045776367,-0.0045776367,-0.0045776367,-0.0045776367,-0.0045776367,-0.26092529,-5.4978333,0.14190674,0.16937256,-0.16937256,-0.0045776367,-0.0045776367,-0.0045776367,-0.0045776367,-0.0045776367,-0.0045776367,3532309.7
3623069657792,2.8798564,0,34.728767,33.103683,32.499428,30.846878,32.330055,33.103683,34.115356,33.479057,32.943466,30.283821,32.632179,32.490273,37.374687,39.517052,35.589378,33.506523,32.339211,32.256813,38.445869,34.458687,33.662163,33.533989,32.641335,38.601509,3532329.7,31.863129,29.848938,29.436943,28.82811,29.171432,29.34539,31.487755,30.297554,29.784851,28.223846,29.707024,29.217209,35.035477,37.988098,35.712975,31.67086,30.787369,30.073242,35.168228,32.069122,30.476082,31.441978,30.485237,35.154495,3532329.7,-0.0045776367,-0.0045776367,-0.0045776367,-0.0045776367,-0.0045776367,-0.0045776367,-0.0045776367,-0.0045776367,-0.0045776367,-0.0045776367,-0.0045776367,-0.0045776367,-0.0045776367,-1.8722839,-5.0766907,-0.18768311,0.64544678,-0.40740967,-0.0045776367,-0.0045776367,-0.0045776367,-0.0045776367,-0.0045776367,-0.0045776367,3532329.7
3623089638816,2.8998374,0,34.733345,33.108261,32.504005,30.846878,32.325478,33.108261,34.115356,33.479057,32.948044,30.283821,32.627602,32.485695,37.383842,39.517052,35.584801,33.506523,32.348366,32.265968,38.441292,34.454109,33.66674,33.533989,32.632179,38.601509,3532349.7,31.872284,29.867249,29.427788,28.837265,29.162277,29.354546,31.492332,30.311287,29.766541,28.210114,29.693291,29.221786,35.035477,37.978943,35.712975,31.698326,30.787369,30.068665,35.154495,32.078278,30.480659,31.441978,30.485237,35.172806,3532349.7,-0.0045776367,-0.0045776367,-0.0045776367,-0.0045776367,-0.0045776367,-0.0045776367,-0.0045776367,-0.0045776367,-0.0045776367,-0.0045776367,-0.0045776367,-0.0045776367,-0.0045776367,-4.6829834,-3.9871826,-0.6729126,0.32501221,-0.26092529,-0.0045776367,-0.0045776367,-0.0045776367,-0.0045776367,-0.0045776367,-0.0045776367,3532349.7
3623109719872,2.9199185,0,34.728767,33.103683,32.504005,30.851456,32.330055,33.099106,34.119934,33.479057,32.943466,30.283821,32.627602,32.490273,37.374687,39.512474,35.584801,33.506523,32.343788,32.265968,38.445869,34.458687,33.66674,33.529411,32.636757,38.601509,3532369.7,31.858551,29.862671,29.418633,28.837265,29.171432,29.336235,31.487755,30.306709,29.780273,28.223846,29.697868,29.221786,35.012589,37.983521,35.717552,31.675438,30.773636,30.09613,35.168228,32.069122,30.457771,31.423668,30.480659,35.163651,3532369.7,-0.0045776367,-0.0045776367,-0.0045776367,-0.0045776367,-0.0045776367,-0.0045776367,-0.0045776367,-0.0045776367,-0.0045776367,-0.0045776367,-0.0045776367,-0.0045776367,-0.0045776367,-5.1316223,-3.8956299,-0.78277588,0.48980713,-0.21514893,-0.0045776367,-0.0045776367,-0.0045776367,-0.0045776367,-0.0045776367,-0.0045776367,3532369.7
3623129686880,2.9398855,0,34.733345,33.103683,32.504005,30.851456,32.3209,33.103683,34.115356,33.479057,32.938889,30.292976,32.627602,32.481117,37.374687,39.512474,35.589378,33.506523,32.343788,32.261391,38.455025,34.458687,33.66674,33.524834,32.632179,38.601509,3532389.7,31.858551,29.862671,29.42321,28.832687,29.180588,29.354546,31.469444,30.297554,29.775696,28.219269,29.693291,29.226364,35.030899,37.983521,35.72213,31.702904,30.791946,30.086975,35.14534,32.0737,30.462349,31.432823,30.503548,35.154495,3532389.7,-0.0045776367,-0.0045776367,-0.0045776367,-0.0045776367,-0.0045776367,-0.0045776367,-0.0045776367,-0.0045776367,-0.0045776367,-0.0045776367,-0.0045776367,-0.0045776367,-0.0045776367,-5.2414856,-3.6575928,-1.0574646,-0.04119873,-0.3616333,-0.0045776367,-0.0045776367,-0.0045776367,-0.0045776367,-0.0045776367,-0.0045776367,3532389.7
3623149831136,2.9600297,0,34.728767,33.108261,32.504005,30.851456,32.330055,33.103683,34.119934,33.488213,32.948044,30.283821,32.632179,32.490273,37.374687,39.521629,35.589378,33.506523,32.348366,32.270546,38.445869,34.454109,33.671318,33.529411,32.636757,38.606087,3532409.7,31.853973,29.862671,29.42321,28.82811,29.162277,29.354546,31.483177,30.302132,29.771118,28.223846,29.697868,29.198898,35.012589,37.974365,35.735863,31.693748,30.787369,30.07782,35.168228,32.0737,30.462349,31.441978,30.485237,35.177383,3532409.7,-0.0045776367,-0.0045776367,-0.0045776367,-0.0045776367,-0.0045776367,-0.0045776367,-0.0045776367,-0.0045776367,-0.0045776367,-0.0045776367,-0.0045776367,-0.0045776367,-0.0045776367,-5.1407776,-3.7583008,-1.2497253,0.30670166,-0.38909912,-0.0045776367,-0.0045776367,-0.0045776367,-0.0045776367,-0.0045776367,-0.0045776367,3532409.7
3623169623648,2.9798222,0,34.728767,33.112839,32.504005,30.846878,32.316322,33.103683,34.115356,33.483635,32.948044,30.279243,32.623024,32.490273,37.379265,39.512474,35.580223,33.511101,32.343788,32.265968,38.445869,34.454109,33.66674,33.529411,32.636757,38.610664,3532429.7,31.867706,29.858093,29.432365,28.832687,29.171432,29.359123,31.487755,30.306709,29.771118,28.219269,29.693291,29.203476,35.026321,37.992676,35.745018,31.702904,30.759903,30.059509,35.14534,32.082855,30.462349,31.455711,30.494392,35.159073,3532429.7,-0.0045776367,-0.0045776367,-0.0045776367,-0.0045776367,-0.0045776367,-0.0045776367,-0.0045776367,-0.0045776367,-0.0045776367,-0.0045776367,-0.0045776367,-0.0045776367,-0.0045776367,-4.9210205,-4.0238037,-1.7898865,0.4989624,-0.096130371,-0.0045776367,-0.0045776367,-0.0045776367,-0.0045776367,-0.0045776367,-0.0045776367,3532429.7
3623189641120,2.9998397,0,34.733345,33.099106,32.504005,30.851456,32.325478,33.103683,34.115356,33.483635,32.938889,30.279243,32.627602,32.49485,37.379265,39.517052,35.589378,33.506523,32.343788,32.256813,38.445869,34.458687,33.662163,33.524834,32.632179,38.601509,3532449.7,31.853973,29.871826,29.418633,28.841843,29.162277,29.354546,31.464867,30.306709,29.766541,28.223846,29.693291,29.217209,35.053787,37.983521,35.712975,31.702904,30.791946,30.073242,35.177383,32.078278,30.480659,31.451134,30.489815,35.177383,3532449.7,-0.0045776367,-0.0045776367,-0.0045776367,-0.0045776367,-0.0045776367,-0.0045776367,-0.0045776367,-0.0045776367,-0.0045776367,-0.0045776367,-0.0045776367,-0.0045776367,-0.0045776367,-3.6850586,-4.4815674,-1.5884705,0.54473877,0.086975098,-0.0045776367,-0.0045776367,-0.0045776367,-0.0045776367,-0.0045776367,-0.0045776367,3532449.7
3623209678016,3.0198766,0,34.733345,33.099106,32.504005,30.851456,32.330055,33.108261,34.115356,33.479057,32.948044,30.283821,32.632179,32.490273,37.37011,39.517052,35.598534,33.501945,32.343788,32.261391,38.436714,34.458687,33.66674,33.533989,32.627602,38.606087,3532469.7,31.858551,29.867249,29.436943,28.82811,29.171432,29.359123,31.4786,30.306709,29.775696,28.210114,29.716179,29.235519,35.035477,37.983521,35.717552,31.693748,30.801102,30.086975,35.163651,32.078278,30.444038,31.446556,30.494392,35.163651,3532469.7,-0.0045776367,-0.0045776367,-0.0045776367,-0.0045776367,-0.0045776367,-0.0045776367,-0.0045776367,-0.0045776367,-0.0045776367,-0.0045776367,-0.0045776367,-0.0045776367,-0.0045776367,-2.8885193,-4.7745361,-1.5884705,0.20599365,-0.050354004,-0.0045776367,-0.0045776367,-0.0045776367,-0.0045776367,-0.0045776367,-0.0045776367,3532469.7
3623229667712,3.0398663,0,34.728767,33.103683,32.504005,30.846878,32.325478,33.103683,34.115356,33.479057,32.948044,30.283821,32.623024,32.490273,37.37011,39.517052,35.593956,33.506523,32.348366,32.261391,38.445869,34.458687,33.662163,33.529411,32.632179,38.601509,3532489.7,31.853973,29.871826,29.450676,28.823532,29.180588,29.359123,31.487755,30.297554,29.784851,28.228424,29.693291,29.221786,35.021744,37.992676,35.745018,31.702904,30.791946,30.09613,35.159073,32.0737,30.453194,31.432823,30.480659,35.181961,3532489.7,-0.0045776367,-0.0045776367,-0.0045776367,-0.0045776367,-0.0045776367,-0.0045776367,-0.0045776367,-0.0045776367,-0.0045776367,-0.0045776367,-0.0045776367,-0.0045776367,-0.0045776367,-2.0370789,-5.4429016,-1.5610046,-0.086975098,0.26092529,-0.0045776367,-0.0045776367,-0.0045776367,-0.0045776367,-0.0045776367,-0.0045776367,3532489.7
3623249632320,3.0598309,0,34.72419,33.099106,32.508583,30.851456,32.325478,33.099106,34.115356,33.479057,32.952621,30.283821,32.623024,32.490273,37.374687,39.512474,35.589378,33.515678,32.343788,32.261391,38.445869,34.458687,33.662163,33.533989,32.636757,38.606087,3532509.7,31.853973,29.862671,29.42321,28.82811,29.17601,29.363701,31.474022,30.306709,29.775696,28.219269,29.688713,29.217209,35.04921,37.997253,35.763336,31.693748,30.778214,30.091553,35.168228,32.082855,30.457771,31.446556,30.494392,35.136185,3532509.7,-0.0045776367,-0.0045776367,-0.0045776367,-0.0045776367,-0.0045776367,-0.0045776367,-0.0045776367,-0.0045776367,-0.0045776367,-0.0045776367,-0.0045776367,-0.0045776367,-0.0045776367,-1.5152283,-5.1499329,-1.1307068,0.13275146,0.077819824,-0.0045776367,-0.0045776367,-0.0045776367,-0.0045776367,-0.0045776367,-0.0045776367,3532509.7
3623269618656,3.0798172,0,34.728767,33.108261,32.499428,30.851456,32.3209,33.108261,34.115356,33.479057,32.943466,30.288399,32.632179,32.490273,37.365532,39.517052,35.589378,33.511101,32.348366,32.265968,38.445869,34.454109,33.662163,33.529411,32.632179,38.601509,3532529.7,31.853973,29.858093,29.4049,28.832687,29.171432,29.354546,31.492332,30.292976,29.784851,28.219269,29.693291,29.212631,35.030899,38.001831,35.745018,31.684593,30.787369,30.073242,35.14534,32.0737,30.466927,31.446556,30.485237,35.14534,3532529.7,-0.0045776367,-0.0045776367,-0.0045776367,-0.0045776367,-0.0045776367,-0.0045776367,-0.0045776367,-0.0045776367,-0.0045776367,-0.0045776367,-0.0045776367,-0.0045776367,-0.0045776367,-1.1215515,-4.9942627,-1.1764832,-0.28839111,0.28839111,-0.0045776367,-0.0045776367,-0.0045776367,-0.0045776367,-0.0045776367,-0.0045776367,3532529.7
3623289648576,3.0998472,0,34.733345,33.103683,32.499428,30.846878,32.3209,33.103683,34.115356,33.483635,32.948044,30.283821,32.623024,32.485695,37.374687,39.517052,35.603111,33.511101,32.339211,32.256813,38.445869,34.454109,33.66674,33.524834,32.636757,38.606087,3532549.7,31.858551,29.862671,29.432365,28.823532,29.171432,29.359123,31.474022,30.292976,29.775696,28.223846,29.693291,29.198898,35.040054,37.988098,35.74044,31.693748,30.778214,30.07782,35.172806,32.0737,30.462349,31.441978,30.494392,35.154495,3532549.7,-0.0045776367,-0.0045776367,-0.0045776367,-0.0045776367,-0.0045776367,-0.0045776367,-0.0045776367,-0.0045776367,-0.0045776367,-0.0045776367,-0.0045776367,-0.0045776367,-0.0045776367,-1.1764832,-4.1519775,-1.2863464,-0.86517334,0.16937256,-0.0045776367,-0.0045776367,-0.0045776367,-0.0045776367,-0.0045776367,-0.0045776367,3532549.7
3623309676096,3.1198747,0,34.728767,33.108261,32.504005,30.8423,32.330055,33.099106,34.119934,33.479057,32.948044,30.283821,32.623024,32.485695,37.37011,39.517052,35.598534,33.506523,32.343788,32.256813,38.445869,34.454109,33.66674,33.524834,32.632179,38.610664,3532569.7,31.858551,29.853516,29.42321,28.82811,29.166855,29.340813,31.487755,30.302132,29.784851,28.205536,29.707024,29.217209,35.026321,37.983521,35.777069,31.716637,30.769058,30.09613,35.154495,32.059967,30.457771,31.451134,30.494392,35.154495,3532569.7,-0.0045776367,-0.0045776367,-0.0045776367,-0.0045776367,-0.0045776367,-0.0045776367,-0.0045776367,-0.0045776367,-0.0045776367,-0.0045776367,-0.0045776367,-0.0045776367,-0.0045776367,-1.1856384,-3.8040771,-1.1673279,-1.3870544,0.068664551,-0.0045776367,-0.0045776367,-0.0045776367,-0.0045776367,-0.0045776367,-0.0045776367,3532569.7
3623329642816,3.1398414,0,34.733345,33.103683,32.504005,30.846878,32.330055,33.103683,34.119934,33.483635,32.943466,30.288399,32.627602,32.490273,37.374687,39.526207,35.589378,33.506523,32.343788,32.265968,38.445869,34.458687,33.662163,33.529411,32.641335,38.610664,3532589.7,31.863129,29.867249,29.441521,28.823532,29.166855,29.340813,31.460289,30.302132,29.771118,28.223846,29.688713,29.212631,35.044632,37.997253,35.758759,31.712059,30.782791,30.086975,35.168228,32.069122,30.476082,31.446556,30.503548,35.140762,3532589.7,-0.0045776367,-0.0045776367,-0.0045776367,-0.0045776367,-0.0045776367,-0.0045776367,-0.0045776367,-0.0045776367,-0.0045776367,-0.0045776367,-0.0045776367,-0.0045776367,-0.0045776367,-1.6983337,-3.1540527,-1.0940857,-2.3575134,0.16021729,-0.0045776367,-0.0045776367,-0.0045776367,-0.0045776367,-0.0045776367,-0.0045776367,3532589.7
3623349734560,3.1599332,0,34.737923,33.103683,32.499428,30.846878,32.3209,33.108261,34.115356,33.479057,32.948044,30.292976,32.632179,32.485695,37.374687,39.512474,35.589378,33.501945,32.343788,32.265968,38.450447,34.458687,33.671318,33.524834,32.636757,38.601509,3532609.7,31.844818,29.871826,29.42321,28.837265,29.17601,29.349968,31.49691,30.311287,29.780273,28.210114,29.702446,29.208054,35.035477,37.978943,35.758759,31.698326,30.778214,30.086975,35.159073,32.082855,30.476082,31.446556,30.503548,35.168228,3532609.7,-0.0045776367,-0.0045776367,-0.0045776367,-0.0045776367,-0.0045776367,-0.0045776367,-0.0045776367,-0.0045776367,-0.0045776367,-0.0045776367,-0.0045776367,-0.0045776367,-0.0045776367,-1.4786072,-3.0808105,-1.4236755,-2.375824,0.31585693,-0.0045776367,-0.0045776367,-0.0045776367,-0.0045776367,-0.0045776367,-0.0045776367,3532609.7
3623369622752,3.1798213,0,34.728767,33.108261,32.499428,30.851456,32.325478,33.108261,34.115356,33.479057,32.948044,30.288399,32.623024,32.490273,37.374687,39.517052,35.598534,33.506523,32.343788,32.265968,38.441292,34.458687,33.671318,33.524834,32.641335,38.596931,3532629.7,31.863129,29.848938,29.432365,28.818954,29.180588,29.336235,31.492332,30.302132,29.780273,28.210114,29.688713,29.226364,35.053787,37.974365,35.767914,31.693748,30.787369,30.091553,35.14534,32.078278,30.457771,31.451134,30.508125,35.154495,3532629.7,-0.0045776367,-0.0045776367,-0.0045776367,-0.0045776367,-0.0045776367,-0.0045776367,-0.0045776367,-0.0045776367,-0.0045776367,-0.0045776367,-0.0045776367,-0.0045776367,-0.0045776367,-1.5610046,-2.9617615,-0.91094971,-2.8427429,0.32501221,-0.0045776367,-0.0045776367,-0.0045776367,-0.0045776367,-0.0045776367,-0.0045776367,3532629.7
3623389625248,3.1998238,0,34.728767,33.108261,32.504005,30.851456,32.330055,33.099106,34.110779,33.483635,32.943466,30.288399,32.632179,32.485695,37.37011,39.517052,35.598534,33.506523,32.339211,32.261391,38.455025,34.458687,33.66674,33.529411,32.641335,38.601509,3532649.7,31.867706,29.858093,29.441521,28.837265,29.171432,29.354546,31.483177,30.306709,29.766541,28.223846,29.697868,29.212631,35.040054,37.992676,35.772491,31.707481,30.764481,30.09613,35.177383,32.059967,30.466927,31.432823,30.489815,35.177383,3532649.7,-0.0045776367,-0.0045776367,-0.0045776367,-0.0045776367,-0.0045776367,-0.0045776367,-0.0045776367,-0.0045776367,-0.0045776367,-0.0045776367,-0.0045776367,-0.0045776367,-0.0045776367,-0.73699951,-3.5019531,-0.88348389,-2.8610535,0.059509277,-0.0045776367,-0.0045776367,-0.0045776367,-0.0045776367,-0.0045776367,-0.0045776367,3532649.7
3623409766304,3.2199649,0,34.733345,33.103683,32.499428,30.856033,32.325478,33.103683,34.115356,33.483635,32.943466,30.283821,32.623024,32.485695,37.379265,39.517052,35.603111,33.511101,32.339211,32.252235,38.445869,34.458687,33.662163,33.524834,32.641335,38.606087,3532669.7,31.844818,29.853516,29.441521,28.82811,29.153122,29.363701,31.469444,30.315865,29.780273,28.214691,29.684135,29.212631,35.030899,37.983521,35.758759,31.693748,30.791946,30.068665,35.159073,32.078278,30.476082,31.432823,30.489815,35.140762,3532669.7,-0.0045776367,-0.0045776367,-0.0045776367,-0.0045776367,-0.0045776367,-0.0045776367,-0.0045776367,-0.0045776367,-0.0045776367,-0.0045776367,-0.0045776367,-0.0045776367,-0.0045776367,0.0045776367,-3.7674561,-1.1947937,-2.879364,0.34332275,-0.0045776367,-0.0045776367,-0.0045776367,-0.0045776367,-0.0045776367,-0.0045776367,3532669.7
3623429689056,3.2398876,0,34.733345,33.103683,32.508583,30.851456,32.330055,33.103683,34.110779,33.47448,32.943466,30.279243,32.623024,32.490273,37.374687,39.521629,35.603111,33.511101,32.343788,32.261391,38.455025,34.458687,33.66674,33.524834,32.636757,38.606087,3532689.7,31.863129,29.858093,29.418633,28.82811,29.180588,29.354546,31.492332,30.302132,29.780273,28.228424,29.684135,29.212631,35.044632,37.974365,35.781647,31.712059,30.787369,30.100708,35.168228,32.078278,30.462349,31.441978,30.489815,35.159073,3532689.7,-0.0045776367,-0.0045776367,-0.0045776367,-0.0045776367,-0.0045776367,-0.0045776367,-0.0045776367,-0.0045776367,-0.0045776367,-0.0045776367,-0.0045776367,-0.0045776367,-0.0045776367,0.16937256,-4.3991699,-1.3504333,-2.3849792,0.13275146,-0.0045776367,-0.0045776367,-0.0045776367,-0.0045776367,-0.0045776367,-0.0045776367,3532689.7
3623449650080,3.2598487,0,34.728767,33.103683,32.504005,30.846878,32.325478,33.099106,34.110779,33.479057,32.948044,30.288399,32.627602,32.485695,37.374687,39.512474,35.593956,33.506523,32.348366,32.261391,38.445869,34.463264,33.66674,33.533989,32.636757,38.601509,3532709.7,31.867706,29.858093,29.427788,28.823532,29.171432,29.354546,31.474022,30.302132,29.771118,28.233002,29.697868,29.203476,35.012589,37.992676,35.781647,31.702904,30.778214,30.09613,35.172806,32.069122,30.466927,31.441978,30.485237,35.159073,3532709.7,-0.0045776367,-0.0045776367,-0.0045776367,-0.0045776367,-0.0045776367,-0.0045776367,-0.0045776367,-0.0045776367,-0.0045776367,-0.0045776367,-0.0045776367,-0.0045776367,-0.0045776367,0.96588135,-5.223175,-1.0391541,-2.3300476,0.26092529,-0.0045776367,-0.0045776367,-0.0045776367,-0.0045776367,-0.0045776367,-0.0045776367,3532709.7
3623469640704,3.2798393,0,34.733345,33.103683,32.508583,30.8423,32.325478,33.103683,34.115356,33.483635,32.948044,30.283821,32.627602,32.490273,37.374687,39.512474,35.598534,33.515678,32.343788,32.256813,38.450447,34.458687,33.66674,33.529411,32.632179,38.606087,3532729.7,31.853973,29.848938,29.418633,28.823532,29.180588,29.359123,31.49691,30.302132,29.771118,28.219269,29.693291,29.221786,35.030899,38.006409,35.763336,31.698326,30.787369,30.105286,35.136185,32.082855,30.466927,31.441978,30.489815,35.168228,3532729.7,-0.0045776367,-0.0045776367,-0.0045776367,-0.0045776367,-0.0045776367,-0.0045776367,-0.0045776367,-0.0045776367,-0.0045776367,-0.0045776367,-0.0045776367,-0.0045776367,-0.0045776367,1.8905945,-5.0583801,-0.93841553,-1.3870544,0.61798096,-0.0045776367,-0.0045776367,-0.0045776367,-0.0045776367,-0.0045776367,-0.0045776367,3532729.7
3623489709600,3.2999082,0,34.737923,33.108261,32.504005,30.846878,32.330055,33.103683,34.115356,33.479057,32.943466,30.288399,32.627602,32.490273,37.374687,39.517052,35.603111,33.501945,32.352943,32.256813,38.445869,34.463264,33.662163,33.529411,32.636757,38.606087,3532749.7,31.844818,29.867249,29.441521,28.818954,29.171432,29.363701,31.483177,30.297554,29.780273,28.223846,29.697868,29.203476,35.017166,37.988098,35.786224,31.712059,30.801102,30.086975,35.154495,32.082855,30.466927,31.437401,30.49897,35.191116,3532749.7,-0.0045776367,-0.0045776367,-0.0045776367,-0.0045776367,-0.0045776367,-0.0045776367,-0.0045776367,-0.0045776367,-0.0045776367,-0.0045776367,-0.0045776367,-0.0045776367,-0.0045776367,1.2588806,-5.5252991,-1.4145203,-1.1123962,0.3616333,-0.0045776367,-0.0045776367,-0.0045776367,-0.0045776367,-0.0045776367,-0.0045776367,3532749.7
3623509788928,3.3199875,0,34.728767,33.108261,32.508583,30.851456,32.325478,33.103683,34.124512,33.479057,32.943466,30.283821,32.627602,32.490273,37.374687,39.512474,35.603111,33.515678,32.343788,32.256813,38.441292,34.458687,33.66674,33.533989,32.636757,38.601509,3532769.7,31.867706,29.862671,29.432365,28.82811,29.189743,29.359123,31.492332,30.315865,29.784851,28.223846,29.702446,29.217209,35.040054,37.988098,35.799957,31.712059,30.778214,30.091553,35.159073,32.082855,30.457771,31.441978,30.49897,35.168228,3532769.7,-0.0045776367,-0.0045776367,-0.0045776367,-0.0045776367,-0.0045776367,-0.0045776367,-0.0045776367,-0.0045776367,-0.0045776367,-0.0045776367,-0.0045776367,-0.0045776367,-0.0045776367,1.6708679,-5.6260071,-0.4989624,-0.37994385,0.3616333,-0.0045776367,-0.0045776367,-0.0045776367,-0.0045776367,-0.0045776367,-0.0045776367,3532769.7
3623529667424,3.339866,0,34.728767,33.103683,32.504005,30.851456,32.3209,33.103683,34.119934,33.47448,32.948044,30.283821,32.627602,32.485695,37.374687,39.517052,35.603111,33.511101,32.343788,32.261391,38.445869,34.463264,33.66674,33.529411,32.636757,38.601509,3532789.7,31.858551,29.867249,29.446098,28.832687,29.162277,29.372856,31.487755,30.315865,29.780273,28.219269,29.720757,29.221786,35.035477,37.978943,35.799957,31.707481,30.778214,30.091553,35.154495,32.082855,30.457771,31.423668,30.503548,35.154495,3532789.7,-0.0045776367,-0.0045776367,-0.0045776367,-0.0045776367,-0.0045776367,-0.0045776367,-0.0045776367,-0.0045776367,-0.0045776367,-0.0045776367,-0.0045776367,-0.0045776367,-0.0045776367,0.25177002,-4.9851074,-0.032043457,-0.23345947,0.32501221,-0.0045776367,-0.0045776367,-0.0045776367,-0.0045776367,-0.0045776367,-0.0045776367,3532789.7
3623549814208,3.3600128,0,34.728767,33.108261,32.499428,30.846878,32.3209,33.099106,34.115356,33.483635,32.943466,30.288399,32.627602,32.485695,37.379265,39.517052,35.598534,33.515678,32.343788,32.256813,38.441292,34.454109,33.66674,33.529411,32.632179,38.601509,3532809.7,31.863129,29.862671,29.432365,28.841843,29.17601,29.349968,31.483177,30.311287,29.784851,28.228424,29.697868,29.221786,35.030899,37.988098,35.809113,31.716637,30.773636,30.105286,35.149918,32.082855,30.466927,31.455711,30.489815,35.172806,3532809.7,-0.0045776367,-0.0045776367,-0.0045776367,-0.0045776367,-0.0045776367,-0.0045776367,-0.0045776367,-0.0045776367,-0.0045776367,-0.0045776367,-0.0045776367,-0.0045776367,-0.0045776367,0.60882568,-5.1041565,-0.27923584,-0.022888184,0.44403076,-0.0045776367,-0.0045776367,-0.0045776367,-0.0045776367,-0.0045776367,-0.0045776367,3532809.7
3623569611648,3.3798102,0,34.737923,33.103683,32.499428,30.851456,32.3209,33.103683,34.115356,33.479057,32.943466,30.288399,32.623024,32.490273,37.374687,39.521629,35.607689,33.506523,32.343788,32.256813,38.445869,34.458687,33.66674,33.529411,32.641335,38.606087,3532829.7,31.844818,29.867249,29.459831,28.818954,29.185165,29.354546,31.492332,30.302132,29.771118,28.219269,29.716179,29.221786,35.040054,37.983521,35.818268,31.707481,30.778214,30.09613,35.149918,32.078278,30.448616,31.451134,30.503548,35.168228,3532829.7,-0.0045776367,-0.0045776367,-0.0045776367,-0.0045776367,-0.0045776367,-0.0045776367,-0.0045776367,-0.0045776367,-0.0045776367,-0.0045776367,-0.0045776367,-0.0045776367,-0.0045776367,0.37078857,-3.6759033,0.022888184,0.50811768,0.26092529,-0.0045776367,-0.0045776367,-0.0045776367,-0.0045776367,-0.0045776367,-0.0045776367,3532829.7
3623589626272,3.3998249,0,34.733345,33.103683,32.508583,30.851456,32.330055,33.108261,34.119934,33.483635,32.943466,30.288399,32.623024,32.490273,37.37011,39.521629,35.616844,33.501945,32.343788,32.256813,38.450447,34.463264,33.662163,33.529411,32.632179,38.606087,3532849.7,31.858551,29.871826,29.409477,28.832687,29.166855,29.349968,31.492332,30.288399,29.794006,28.214691,29.702446,29.221786,35.008011,38.010986,35.809113,31.693748,30.787369,30.114441,35.172806,32.087433,30.466927,31.446556,30.508125,35.159073,3532849.7,-0.0045776367,-0.0045776367,-0.0045776367,-0.0045776367,-0.0045776367,-0.0045776367,-0.0045776367,-0.0045776367,-0.0045776367,-0.0045776367,-0.0045776367,-0.0045776367,-0.0045776367,0.077819824,-3.1815186,0.35247803,0.77362061,0.032043457,-0.0045776367,-0.0045776367,-0.0045776367,-0.0045776367,-0.0045776367,-0.0045776367,3532849.7
3623609691328,3.4198899,0,34.733345,33.108261,32.504005,30.851456,32.3209,33.099106,34.110779,33.483635,32.943466,30.283821,32.627602,32.490273,37.37011,39.512474,35.612267,33.506523,32.343788,32.261391,38.450447,34.458687,33.671318,33.524834,32.636757,38.601509,3532869.7,31.863129,29.867249,29.427788,28.837265,29.171432,29.349968,31.4786,30.302132,29.798584,28.219269,29.697868,29.217209,35.026321,37.988098,35.822845,31.712059,30.782791,30.119019,35.154495,32.078278,30.480659,31.437401,30.489815,35.191116,3532869.7,-0.0045776367,-0.0045776367,-0.0045776367,-0.0045776367,-0.0045776367,-0.0045776367,-0.0045776367,-0.0045776367,-0.0045776367,-0.0045776367,-0.0045776367,-0.0045776367,-0.0045776367,-0.23345947,-2.5223083,0.24261475,0.35247803,-0.44403076,-0.0045776367,-0.0045776367,-0.0045776367,-0.0045776367,-0.0045776367,-0.0045776367,3532869.7
3623629628160,3.4398268,0,34.728767,33.103683,32.513161,30.846878,32.325478,33.108261,34.119934,33.488213,32.943466,30.283821,32.627602,32.490273,37.37011,39.512474,35.612267,33.506523,32.343788,32.256813,38.441292,34.463264,33.66674,33.529411,32.636757,38.610664,3532889.7,31.853973,29.858093,29.432365,28.818954,29.162277,29.377434,31.483177,30.315865,29.780273,28.200958,29.693291,29.217209,35.040054,37.997253,35.827423,31.707481,30.791946,30.091553,35.159073,32.087433,30.476082,31.451134,30.517281,35.159073,3532889.7,-0.0045776367,-0.0045776367,-0.0045776367,-0.0045776367,-0.0045776367,-0.0045776367,-0.0045776367,-0.0045776367,-0.0045776367,-0.0045776367,-0.0045776367,-0.0045776367,-0.0045776367,-0.059509277,-2.0462341,0.48065186,0.46234131,-0.61798096,-0.0045776367,-0.0045776367,-0.0045776367,-0.0045776367,-0.0045776367,-0.0045776367,3532889.7
3623649620192,3.4598188,0,34.728767,33.103683,32.508583,30.851456,32.330055,33.099106,34.119934,33.483635,32.943466,30.274666,32.627602,32.485695,37.379265,39.517052,35.612267,33.511101,32.348366,32.261391,38.445869,34.454109,33.66674,33.529411,32.632179,38.606087,3532909.7,31.853973,29.853516,29.436943,28.837265,29.166855,29.359123,31.483177,30.297554,29.789429,28.223846,29.693291,29.226364,35.026321,37.997253,35.827423,31.712059,30.791946,30.09613,35.140762,32.0737,30.485237,31.432823,30.494392,35.172806,3532909.7,-0.0045776367,-0.0045776367,-0.0045776367,-0.0045776367,-0.0045776367,-0.0045776367,-0.0045776367,-0.0045776367,-0.0045776367,-0.0045776367,-0.0045776367,-0.0045776367,-0.0045776367,-0.059509277,-1.0391541,0.48980713,0.21514893,-0.26092529,-0.0045776367,-0.0045776367,-0.0045776367,-0.0045776367,-0.0045776367,-0.0045776367,3532909.7
3623669796800,3.4799954,0,34.733345,33.103683,32.513161,30.851456,32.3209,33.103683,34.115356,33.483635,32.952621,30.283821,32.632179,32.485695,37.374687,39.517052,35.621422,33.506523,32.348366,32.252235,38.450447,34.458687,33.66674,33.533989,32.632179,38.606087,3532931.7,31.867706,29.858093,29.42321,28.814377,29.180588,29.34539,31.483177,30.292976,29.771118,28.214691,29.693291,29.221786,35.035477,37.960632,35.832001,31.707481,30.778214,30.114441,35.159073,32.064545,30.476082,31.441978,30.512703,35.168228,3532931.7,-0.0045776367,-0.0045776367,-0.0045776367,-0.0045776367,-0.0045776367,-0.0045776367,-0.0045776367,-0.0045776367,-0.0045776367,-0.0045776367,-0.0045776367,-0.0045776367,-0.0045776367,0.24261475,-0.55389404,0.6362915,-0.022888184,-0.24261475,-0.0045776367,-0.0045776367,-0.0045776367,-0.0045776367,-0.0045776367,-0.0045776367,3532931.7
3623689594368,3.499793,0,34.733345,33.099106,32.508583,30.846878,32.3209,33.099106,34.119934,33.483635,32.948044,30.283821,32.632179,32.485695,37.379265,39.517052,35.621422,33.511101,32.348366,32.256813,38.445869,34.454109,33.66674,33.529411,32.641335,38.610664,3532949.7,31.876862,29.867249,29.432365,28.818954,29.180588,29.34539,31.492332,30.288399,29.780273,28.219269,29.716179,29.217209,35.044632,37.983521,35.804535,31.698326,30.787369,30.086975,35.159073,32.0737,30.448616,31.441978,30.489815,35.172806,3532949.7,-0.0045776367,-0.0045776367,-0.0045776367,-0.0045776367,-0.0045776367,-0.0045776367,-0.0045776367,-0.0045776367,-0.0045776367,-0.0045776367,-0.0045776367,-0.0045776367,-0.0045776367,0.80108643,-0.068664551,0.54473877,-0.022888184,-0.30670166,-0.0045776367,-0.0045776367,-0.0045776367,-0.0045776367,-0.0045776367,-0.0045776367,3532949.7
3623709636640,3.5198352,0,34.733345,33.103683,32.504005,30.8423,32.325478,33.103683,34.119934,33.483635,32.943466,30.288399,32.632179,32.485695,37.374687,39.512474,35.616844,33.506523,32.343788,32.256813,38.445869,34.454109,33.662163,33.529411,32.636757,38.606087,3532969.7,31.863129,29.862671,29.409477,28.82811,29.171432,29.349968,31.4786,30.306709,29.789429,28.214691,29.697868,29.217209,35.040054,37.983521,35.850311,31.702904,30.810257,30.109863,35.159073,32.0737,30.480659,31.455711,30.512703,35.163651,3532969.7,-0.0045776367,-0.0045776367,-0.0045776367,-0.0045776367,-0.0045776367,-0.0045776367,-0.0045776367,-0.0045776367,-0.0045776367,-0.0045776367,-0.0045776367,-0.0045776367,-0.0045776367,1.1123962,0.096130371,0.21514893,-0.38909912,-0.31585693,-0.0045776367,-0.0045776367,-0.0045776367,-0.0045776367,-0.0045776367,-0.0045776367,3532969.7
3623729642944,3.5398415,0,34.733345,33.108261,32.508583,30.8423,32.325478,33.108261,34.119934,33.479057,32.948044,30.283821,32.627602,32.490273,37.379265,39.521629,35.616844,33.506523,32.352943,32.252235,38.455025,34.458687,33.66674,33.529411,32.632179,38.606087,3532989.7,31.853973,29.862671,29.441521,28.832687,29.166855,29.349968,31.474022,30.315865,29.784851,28.210114,29.707024,29.226364,35.035477,38.001831,35.845734,31.712059,30.782791,30.09613,35.127029,32.101166,30.462349,31.437401,30.476082,35.159073,3532989.7,-0.0045776367,-0.0045776367,-0.0045776367,-0.0045776367,-0.0045776367,-0.0045776367,-0.0045776367,-0.0045776367,-0.0045776367,-0.0045776367,-0.0045776367,-0.0045776367,-0.0045776367,0.98419189,0.50811768,0.13275146,-0.56304932,-0.17852783,-0.0045776367,-0.0045776367,-0.0045776367,-0.0045776367,-0.0045776367,-0.0045776367,3532989.7
3623749919488,3.5601181,0,34.733345,33.103683,32.504005,30.856033,32.330055,33.103683,34.115356,33.483635,32.943466,30.283821,32.632179,32.485695,37.37011,39.507896,35.616844,33.506523,32.343788,32.261391,38.445869,34.458687,33.662163,33.529411,32.632179,38.606087,3533009.7,31.863129,29.876404,29.42321,28.841843,29.166855,29.340813,31.49691,30.311287,29.771118,28.214691,29.693291,29.217209,35.026321,37.988098,35.836578,31.707481,30.773636,30.114441,35.177383,32.078278,30.476082,31.455711,30.503548,35.168228,3533009.7,-0.0045776367,-0.0045776367,-0.0045776367,-0.0045776367,-0.0045776367,-0.0045776367,-0.0045776367,-0.0045776367,-0.0045776367,-0.0045776367,-0.0045776367,-0.0045776367,-0.0045776367,1.8997498,0.9475708,-0.0045776367,-0.73699951,-0.23345947,-0.0045776367,-0.0045776367,-0.0045776367,-0.0045776367,-0.0045776367,-0.0045776367,3533009.7
3623769616416,3.579815,0,34.728767,33.103683,32.504005,30.851456,32.325478,33.099106,34.110779,33.483635,32.943466,30.279243,32.623024,32.485695,37.374687,39.517052,35.616844,33.506523,32.348366,32.256813,38.441292,34.463264,33.66674,33.529411,32.636757,38.601509,3533029.7,31.867706,29.858093,29.414055,28.837265,29.180588,29.34539,31.464867,30.306709,29.784851,28.214691,29.697868,29.226364,35.030899,37.992676,35.845734,31.707481,30.782791,30.082397,35.163651,32.082855,30.485237,31.451134,30.512703,35.186539,3533029.7,-0.0045776367,-0.0045776367,-0.0045776367,-0.0045776367,-0.0045776367,-0.0045776367,-0.0045776367,-0.0045776367,-0.0045776367,-0.0045776367,-0.0045776367,-0.0045776367,-0.0045776367,2.1560974,0.92926025,0.12359619,-1.1123962,-0.31585693,-0.0045776367,-0.0045776367,-0.0045776367,-0.0045776367,-0.0045776367,-0.0045776367,3533029.7
3623789636992,3.5998356,0,34.733345,33.103683,32.504005,30.846878,32.3209,33.108261,34.115356,33.479057,32.943466,30.279243,32.623024,32.485695,37.379265,39.517052,35.625999,33.506523,32.343788,32.256813,38.445869,34.463264,33.66674,33.529411,32.636757,38.606087,3533049.7,31.867706,29.853516,29.436943,28.837265,29.162277,29.349968,31.474022,30.302132,29.780273,28.219269,29.702446,29.212631,35.035477,38.015564,35.836578,31.707481,30.778214,30.105286,35.168228,32.064545,30.466927,31.446556,30.485237,35.191116,3533049.7,-0.0045776367,-0.0045776367,-0.0045776367,-0.0045776367,-0.0045776367,-0.0045776367,-0.0045776367,-0.0045776367,-0.0045776367,-0.0045776367,-0.0045776367,-0.0045776367,-0.0045776367,2.1286316,0.65460205,-0.35247803,-1.1673279,-0.086975098,-0.0045776367,-0.0045776367,-0.0045776367,-0.0045776367,-0.0045776367,-0.0045776367,3533049.7
3623809792640,3.6199912,0,34.737923,33.094528,32.508583,30.856033,32.330055,33.103683,34.115356,33.479057,32.948044,30.279243,32.627602,32.485695,37.379265,39.521629,35.625999,33.501945,32.348366,32.252235,38.445869,34.463264,33.66674,33.529411,32.636757,38.601509,3533069.7,31.872284,29.867249,29.42321,28.837265,29.166855,29.354546,31.492332,30.306709,29.789429,28.219269,29.702446,29.221786,35.017166,37.992676,35.850311,31.707481,30.787369,30.100708,35.159073,32.0737,30.462349,31.441978,30.521858,35.159073,3533069.7,-0.0045776367,-0.0045776367,-0.0045776367,-0.0045776367,-0.0045776367,-0.0045776367,-0.0045776367,-0.0045776367,-0.0045776367,-0.0045776367,-0.0045776367,-0.0045776367,-0.0045776367,1.9363708,0.71868896,-0.37078857,-1.2314148,-0.29754639,-0.0045776367,-0.0045776367,-0.0045776367,-0.0045776367,-0.0045776367,-0.0045776367,3533069.7
3623829665792,3.6398644,0,34.733345,33.108261,32.499428,30.846878,32.330055,33.108261,34.119934,33.479057,32.943466,30.288399,32.623024,32.485695,37.379265,39.517052,35.625999,33.511101,32.348366,32.261391,38.445869,34.463264,33.657585,33.529411,32.632179,38.606087,3533089.7,31.867706,29.867249,29.436943,28.82811,29.1577,29.354546,31.474022,30.292976,29.784851,28.228424,29.684135,29.217209,35.044632,37.992676,35.877777,31.693748,30.791946,30.091553,35.163651,32.069122,30.462349,31.441978,30.512703,35.177383,3533089.7,-0.0045776367,-0.0045776367,-0.0045776367,-0.0045776367,-0.0045776367,-0.0045776367,-0.0045776367,-0.0045776367,-0.0045776367,-0.0045776367,-0.0045776367,-0.0045776367,-0.0045776367,1.9455261,0.99334717,-0.44403076,-1.3595886,-0.10528564,-0.0045776367,-0.0045776367,-0.0045776367,-0.0045776367,-0.0045776367,-0.0045776367,3533089.7
3623849582240,3.6597808,0,34.733345,33.103683,32.499428,30.856033,32.325478,33.103683,34.115356,33.47448,32.943466,30.279243,32.632179,32.481117,37.374687,39.512474,35.621422,33.511101,32.348366,32.252235,38.445869,34.458687,33.671318,33.520256,32.636757,38.601509,3533109.7,31.853973,29.853516,29.427788,28.832687,29.153122,29.354546,31.487755,30.311287,29.775696,28.219269,29.684135,29.217209,35.06752,37.988098,35.868622,31.716637,30.787369,30.119019,35.163651,32.082855,30.466927,31.441978,30.476082,35.154495,3533109.7,-0.0045776367,-0.0045776367,-0.0045776367,-0.0045776367,-0.0045776367,-0.0045776367,-0.0045776367,-0.0045776367,-0.0045776367,-0.0045776367,-0.0045776367,-0.0045776367,-0.0045776367,2.174408,1.2497253,-0.90179443,-1.5518494,-0.21514893,-0.0045776367,-0.0045776367,-0.0045776367,-0.0045776367,-0.0045776367,-0.0045776367,3533109.7
3623869620000,3.6798186,0,34.733345,33.103683,32.504005,30.856033,32.325478,33.103683,34.115356,33.479057,32.948044,30.288399,32.627602,32.49485,37.374687,39.512474,35.621422,33.511101,32.352943,32.256813,38.445869,34.454109,33.662163,33.524834,32.636757,38.606087,3533129.7,31.858551,29.858093,29.436943,28.832687,29.17601,29.340813,31.483177,30.297554,29.784851,28.214691,29.697868,29.221786,35.053787,37.992676,35.868622,31.698326,30.778214,30.082397,35.168228,32.069122,30.471504,31.437401,30.508125,35.168228,3533129.7,-0.0045776367,-0.0045776367,-0.0045776367,-0.0045776367,-0.0045776367,-0.0045776367,-0.0045776367,-0.0045776367,-0.0045776367,-0.0045776367,-0.0045776367,-0.0045776367,-0.0045776367,2.0279236,1.0208435,-0.77362061,-1.5701599,-0.32501221,-0.0045776367,-0.0045776367,-0.0045776367,-0.0045776367,-0.0045776367,-0.0045776367,3533129.7
3623889603776,3.6998024,0,34.737923,33.108261,32.504005,30.856033,32.325478,33.103683,34.115356,33.483635,32.948044,30.283821,32.627602,32.485695,37.37011,39.517052,35.625999,33.506523,32.352943,32.252235,38.455025,34.458687,33.662163,33.538567,32.636757,38.610664,3533149.7,31.867706,29.867249,29.432365,28.84642,29.171432,29.359123,31.469444,30.311287,29.789429,28.219269,29.688713,29.208054,35.044632,37.997253,35.854889,31.712059,30.787369,30.109863,35.154495,32.082855,30.453194,31.446556,30.489815,35.163651,3533149.7,-0.0045776367,-0.0045776367,-0.0045776367,-0.0045776367,-0.0045776367,-0.0045776367,-0.0045776367,-0.0045776367,-0.0045776367,-0.0045776367,-0.0045776367,-0.0045776367,-0.0045776367,1.9272156,0.56304932,-0.92926025,-1.5976257,-0.44403076,-0.0045776367,-0.0045776367,-0.0045776367,-0.0045776367,-0.0045776367,-0.0045776367,3533149.7
3623909620288,3.7198189,0,34.733345,33.103683,32.504005,30.846878,32.325478,33.112839,34.110779,33.488213,32.948044,30.283821,32.632179,32.49485,37.374687,39.517052,35.625999,33.506523,32.348366,32.256813,38.450447,34.463264,33.66674,33.524834,32.636757,38.606087,3533169.7,31.867706,29.867249,29.42321,28.837265,29.166855,29.336235,31.483177,30.292976,29.780273,28.191803,29.693291,29.217209,35.053787,37.992676,35.882355,31.716637,30.782791,30.09613,35.172806,32.082855,30.471504,31.455711,30.489815,35.159073,3533169.7,-0.0045776367,-0.0045776367,-0.0045776367,-0.0045776367,-0.0045776367,-0.0045776367,-0.0045776367,-0.0045776367,-0.0045776367,-0.0045776367,-0.0045776367,-0.0045776367,-0.0045776367,1.4236755,0.15106201,-0.91094971,-1.3138123,-0.42572021,-0.0045776367,-0.0045776367,-0.0045776367,-0.0045776367,-0.0045776367,-0.0045776367,3533169.7
3623929619872,3.7398185,0,34.733345,33.108261,32.499428,30.851456,32.325478,33.099106,34.115356,33.479057,32.948044,30.283821,32.623024,32.485695,37.379265,39.517052,35.621422,33.515678,32.352943,32.256813,38.445869,34.458687,33.671318,33.524834,32.641335,38.601509,3533189.7,31.858551,29.867249,29.432365,28.832687,29.180588,29.359123,31.483177,30.311287,29.771118,28.210114,29.679558,29.226364,35.044632,37.992676,35.854889,31.707481,30.778214,30.086975,35.140762,32.09201,30.485237,31.446556,30.503548,35.159073,3533189.7,-0.0045776367,-0.0045776367,-0.0045776367,-0.0045776367,-0.0045776367,-0.0045776367,-0.0045776367,-0.0045776367,-0.0045776367,-0.0045776367,-0.0045776367,-0.0045776367,-0.0045776367,0.78277588,-0.68206787,-1.1215515,-1.5701599,-0.050354004,-0.0045776367,-0.0045776367,-0.0045776367,-0.0045776367,-0.0045776367,-0.0045776367,3533189.7
3623949732928,3.7599315,0,34.733345,33.099106,32.504005,30.846878,32.330055,33.103683,34.119934,33.483635,32.943466,30.288399,32.632179,32.490273,37.374687,39.521629,35.625999,33.506523,32.352943,32.256813,38.445869,34.454109,33.66674,33.529411,32.636757,38.606087,3533209.7,31.867706,29.862671,29.42321,28.832687,29.162277,29.354546,31.4786,30.306709,29.766541,28.223846,29.697868,29.221786,35.030899,37.974365,35.882355,31.716637,30.769058,30.105286,35.149918,32.082855,30.462349,31.441978,30.494392,35.159073,3533209.7,-0.0045776367,-0.0045776367,-0.0045776367,-0.0045776367,-0.0045776367,-0.0045776367,-0.0045776367,-0.0045776367,-0.0045776367,-0.0045776367,-0.0045776367,-0.0045776367,-0.0045776367,-0.27008057,-1.5426941,-1.4969177,-0.85601807,-0.28839111,-0.0045776367,-0.0045776367,-0.0045776367,-0.0045776367,-0.0045776367,-0.0045776367,3533209.7
3623969582944,3.7797815,0,34.733345,33.103683,32.504005,30.846878,32.3209,33.103683,34.115356,33.488213,32.948044,30.292976,32.632179,32.485695,37.374687,39.517052,35.625999,33.501945,32.352943,32.256813,38.450447,34.458687,33.66674,33.533989,32.636757,38.606087,3533229.7,31.876862,29.871826,29.432365,28.82811,29.166855,29.354546,31.49691,30.288399,29.766541,28.223846,29.702446,29.217209,35.030899,37.992676,35.886932,31.689171,30.782791,30.09613,35.154495,32.078278,30.466927,31.455711,30.489815,35.149918,3533229.7,-0.0045776367,-0.0045776367,-0.0045776367,-0.0045776367,-0.0045776367,-0.0045776367,-0.0045776367,-0.0045776367,-0.0045776367,-0.0045776367,-0.0045776367,-0.0045776367,-0.0045776367,-0.30670166,-1.4328308,-1.5426941,-0.84686279,-0.4989624,-0.0045776367,-0.0045776367,-0.0045776367,-0.0045776367,-0.0045776367,-0.0045776367,3533229.7
3623989595552,3.7997941,0,34.728767,33.103683,32.508583,30.851456,32.325478,33.108261,34.115356,33.479057,32.948044,30.279243,32.623024,32.49485,37.379265,39.512474,35.621422,33.511101,32.352943,32.256813,38.445869,34.458687,33.66674,33.524834,32.641335,38.601509,3533249.7,31.867706,29.862671,29.436943,28.837265,29.1577,29.354546,31.492332,30.302132,29.775696,28.219269,29.702446,29.230942,35.040054,38.006409,35.873199,31.721214,30.791946,30.09613,35.154495,32.078278,30.466927,31.451134,30.489815,35.163651,3533249.7,-0.0045776367,-0.0045776367,-0.0045776367,-0.0045776367,-0.0045776367,-0.0045776367,-0.0045776367,-0.0045776367,-0.0045776367,-0.0045776367,-0.0045776367,-0.0045776367,-0.0045776367,-0.55389404,-2.4399109,-1.3870544,-0.68206787,-0.45318604,-0.0045776367,-0.0045776367,-0.0045776367,-0.0045776367,-0.0045776367,-0.0045776367,3533249.7
3624009635296,3.8198339,0,34.737923,33.103683,32.504005,30.851456,32.330055,33.099106,34.115356,33.479057,32.943466,30.292976,32.627602,32.485695,37.379265,39.517052,35.625999,33.506523,32.348366,32.256813,38.441292,34.458687,33.66674,33.529411,32.636757,38.601509,3533269.7,31.858551,29.862671,29.427788,28.841843,29.180588,29.359123,31.483177,30.297554,29.789429,28.219269,29.684135,29.217209,35.035477,38.006409,35.900665,31.725792,30.787369,30.09613,35.154495,32.064545,30.466927,31.441978,30.476082,35.163651,3533269.7,-0.0045776367,-0.0045776367,-0.0045776367,-0.0045776367,-0.0045776367,-0.0045776367,-0.0045776367,-0.0045776367,-0.0045776367,-0.0045776367,-0.0045776367,-0.0045776367,-0.0045776367,-0.96588135,-2.0004578,-1.6617126,-0.13275146,-0.35247803,-0.0045776367,-0.0045776367,-0.0045776367,-0.0045776367,-0.0045776367,-0.0045776367,3533269.7
3624029628160,3.8398268,0,34.737923,33.112839,32.499428,30.851456,32.325478,33.103683,34.115356,33.488213,32.943466,30.279243,32.627602,32.485695,37.379265,39.507896,35.630577,33.511101,32.352943,32.252235,38.450447,34.458687,33.662163,33.529411,32.632179,38.601509,3533289.7,31.863129,29.867249,29.436943,28.832687,29.171432,29.349968,31.469444,30.311287,29.766541,28.196381,29.688713,29.212631,35.021744,37.969788,35.896088,31.702904,30.787369,30.100708,35.163651,32.09201,30.466927,31.469444,30.494392,35.168228,3533289.7,-0.0045776367,-0.0045776367,-0.0045776367,-0.0045776367,-0.0045776367,-0.0045776367,-0.0045776367,-0.0045776367,-0.0045776367,-0.0045776367,-0.0045776367,-0.0045776367,-0.0045776367,-1.5884705,-3.7033691,-2.0920105,-0.5355835,-0.38909912,-0.0045776367,-0.0045776367,-0.0045776367,-0.0045776367,-0.0045776367,-0.0045776367,3533289.7
3624049612864,3.8598115,0,34.728767,33.108261,32.504005,30.851456,32.330055,33.103683,34.115356,33.479057,32.943466,30.283821,32.623024,32.485695,37.379265,39.512474,35.630577,33.511101,32.352943,32.256813,38.450447,34.458687,33.671318,33.533989,32.636757,38.606087,3533309.7,31.863129,29.858093,29.414055,28.818954,29.166855,29.349968,31.492332,30.315865,29.798584,28.205536,29.697868,29.208054,35.035477,37.992676,35.909821,31.721214,30.778214,30.091553,35.154495,32.082855,30.471504,31.432823,30.508125,35.163651,3533309.7,-0.0045776367,-0.0045776367,-0.0045776367,-0.0045776367,-0.0045776367,-0.0045776367,-0.0045776367,-0.0045776367,-0.0045776367,-0.0045776367,-0.0045776367,-0.0045776367,-0.0045776367,-1.4969177,-3.5568848,-2.2568054,-0.29754639,-0.24261475,-0.0045776367,-0.0045776367,-0.0045776367,-0.0045776367,-0.0045776367,-0.0045776367,3533309.7
3624069593696,3.8797923,0,34.733345,33.103683,32.508583,30.851456,32.3209,33.108261,34.119934,33.479057,32.943466,30.288399,32.627602,32.490273,37.374687,39.521629,35.630577,33.506523,32.348366,32.256813,38.445869,34.454109,33.662163,33.533989,32.632179,38.606087,3533329.7,31.863129,29.862671,29.432365,28.823532,29.17601,29.354546,31.4786,30.311287,29.780273,28.219269,29.693291,29.230942,35.021744,37.978943,35.905243,31.716637,30.787369,30.09613,35.168228,32.069122,30.480659,31.451134,30.476082,35.191116,3533329.7,-0.0045776367,-0.0045776367,-0.0045776367,-0.0045776367,-0.0045776367,-0.0045776367,-0.0045776367,-0.0045776367,-0.0045776367,-0.0045776367,-0.0045776367,-0.0045776367,-0.0045776367,-2.0187683,-4.2709961,-2.4124451,-0.54473877,-0.17852783,-0.0045776367,-0.0045776367,-0.0045776367,-0.0045776367,-0.0045776367,-0.0045776367,3533329.7
3624089603808,3.8998024,0,34.733345,33.099106,32.504005,30.837723,32.325478,33.103683,34.115356,33.488213,32.943466,30.288399,32.627602,32.490273,37.379265,39.517052,35.630577,33.506523,32.352943,32.256813,38.441292,34.458687,33.66674,33.533989,32.636757,38.606087,3533349.7,31.872284,29.867249,29.414055,28.832687,29.166855,29.354546,31.487755,30.311287,29.798584,28.219269,29.707024,29.230942,35.035477,37.988098,35.918976,31.702904,30.801102,30.114441,35.14534,32.069122,30.457771,31.441978,30.485237,35.163651,3533349.7,-0.0045776367,-0.0045776367,-0.0045776367,-0.0045776367,-0.0045776367,-0.0045776367,-0.0045776367,-0.0045776367,-0.0045776367,-0.0045776367,-0.0045776367,-0.0045776367,-0.0045776367,-2.3300476,-4.5456543,-2.2934265,-0.61798096,0.13275146,-0.0045776367,-0.0045776367,-0.0045776367,-0.0045776367,-0.0045776367,-0.0045776367,3533349.7
3624109637024,3.9198356,0,34.733345,33.108261,32.508583,30.851456,32.325478,33.108261,34.115356,33.483635,32.948044,30.283821,32.627602,32.490273,37.379265,39.512474,35.630577,33.515678,32.357521,32.252235,38.441292,34.463264,33.66674,33.529411,32.641335,38.606087,3533369.7,31.849396,29.862671,29.436943,28.832687,29.162277,29.359123,31.483177,30.288399,29.771118,28.233002,29.693291,29.212631,35.04921,37.988098,35.896088,31.734947,30.778214,30.100708,35.163651,32.078278,30.453194,31.451134,30.49897,35.14534,3533369.7,-0.0045776367,-0.0045776367,-0.0045776367,-0.0045776367,-0.0045776367,-0.0045776367,-0.0045776367,-0.0045776367,-0.0045776367,-0.0045776367,-0.0045776367,-0.0045776367,-0.0045776367,-2.5131531,-4.335083,-2.3849792,-0.38909912,0.11444092,-0.0045776367,-0.0045776367,-0.0045776367,-0.0045776367,-0.0045776367,-0.0045776367,3533369.7
3624129643872,3.9398425,0,34.733345,33.103683,32.508583,30.846878,32.339211,33.103683,34.119934,33.483635,32.948044,30.288399,32.627602,32.485695,37.374687,39.517052,35.630577,33.501945,32.348366,32.256813,38.450447,34.467842,33.66674,33.529411,32.632179,38.606087,3533389.7,31.835663,29.848938,29.432365,28.832687,29.1577,29.331657,31.483177,30.306709,29.780273,28.233002,29.702446,29.226364,35.021744,37.997253,35.909821,31.716637,30.782791,30.119019,35.159073,32.082855,30.480659,31.455711,30.480659,35.163651,3533389.7,-0.0045776367,-0.0045776367,-0.0045776367,-0.0045776367,-0.0045776367,-0.0045776367,-0.0045776367,-0.0045776367,-0.0045776367,-0.0045776367,-0.0045776367,-0.0045776367,-0.0045776367,-2.6138611,-4.3076172,-2.5131531,-0.66375732,0.18768311,-0.0045776367,-0.0045776367,-0.0045776367,-0.0045776367,-0.0045776367,-0.0045776367,3533389.7
3624149782752,3.9599813,0,34.733345,33.108261,32.504005,30.851456,32.330055,33.103683,34.115356,33.483635,32.948044,30.288399,32.632179,32.49485,37.374687,39.517052,35.625999,33.511101,32.357521,32.256813,38.450447,34.458687,33.662163,33.529411,32.632179,38.601509,3533409.7,31.849396,29.867249,29.427788,28.832687,29.162277,29.363701,31.4786,30.302132,29.798584,28.228424,29.702446,29.221786,35.04921,37.988098,35.928131,31.716637,30.787369,30.091553,35.168228,32.064545,30.471504,31.464867,30.503548,35.168228,3533409.7,-0.0045776367,-0.0045776367,-0.0045776367,-0.0045776367,-0.0045776367,-0.0045776367,-0.0045776367,-0.0045776367,-0.0045776367,-0.0045776367,-0.0045776367,-0.0045776367,-0.0045776367,-2.6596375,-4.133667,-2.0279236,-0.84686279,0.26092529,-0.0045776367,-0.0045776367,-0.0045776367,-0.0045776367,-0.0045776367,-0.0045776367,3533409.7
3624169617376,3.979816,0,34.733345,33.108261,32.499428,30.846878,32.325478,33.103683,34.124512,33.479057,32.952621,30.283821,32.627602,32.485695,37.374687,39.512474,35.625999,33.501945,32.352943,32.256813,38.455025,34.467842,33.66674,33.529411,32.636757,38.610664,3533429.7,31.863129,29.858093,29.418633,28.832687,29.166855,29.368279,31.487755,30.311287,29.789429,28.228424,29.684135,29.208054,35.012589,37.983521,35.918976,31.721214,30.764481,30.109863,35.154495,32.087433,30.480659,31.441978,30.494392,35.177383,3533429.7,-0.0045776367,-0.0045776367,-0.0045776367,-0.0045776367,-0.0045776367,-0.0045776367,-0.0045776367,-0.0045776367,-0.0045776367,-0.0045776367,-0.0045776367,-0.0045776367,-0.0045776367,-2.8976746,-3.8864746,-1.6983337,-1.1673279,0.3616333,-0.0045776367,-0.0045776367,-0.0045776367,-0.0045776367,-0.0045776367,-0.0045776367,3533429.7
3624189578624,3.9997772,0,34.733345,33.108261,32.504005,30.851456,32.325478,33.103683,34.119934,33.483635,32.948044,30.283821,32.627602,32.485695,37.374687,39.517052,35.630577,33.506523,32.352943,32.252235,38.455025,34.458687,33.662163,33.533989,32.636757,38.610664,3533449.7,31.867706,29.858093,29.432365,28.82811,29.185165,29.349968,31.487755,30.297554,29.784851,28.219269,29.688713,29.212631,35.030899,37.983521,35.896088,31.721214,30.782791,30.119019,35.163651,32.082855,30.466927,31.437401,30.494392,35.154495,3533449.7,-0.0045776367,-0.0045776367,-0.0045776367,-0.0045776367,-0.0045776367,-0.0045776367,-0.0045776367,-0.0045776367,-0.0045776367,-0.0045776367,-0.0045776367,-0.0045776367,-0.0045776367,-3.3188477,-3.4927979,-1.606781,-1.0940857,0.31585693,-0.0045776367,-0.0045776367,-0.0045776367,-0.0045776367,-0.0045776367,-0.0045776367,3533449.7
3624209689664,4.0198883,0,34.728767,33.108261,32.499428,30.856033,32.3209,33.103683,34.119934,33.483635,32.952621,30.283821,32.627602,32.490273,37.374687,39.517052,35.625999,33.511101,32.352943,32.252235,38.450447,34.458687,33.66674,33.529411,32.636757,38.610664,3533469.7,31.853973,29.848938,29.441521,28.832687,29.171432,29.349968,31.487755,30.311287,29.784851,28.228424,29.688713,29.212631,35.044632,37.969788,35.905243,31.73037,30.787369,30.105286,35.186539,32.087433,30.471504,31.451134,30.49897,35.163651,3533469.7,-0.0045776367,-0.0045776367,-0.0045776367,-0.0045776367,-0.0045776367,-0.0045776367,-0.0045776367,-0.0045776367,-0.0045776367,-0.0045776367,-0.0045776367,-0.0045776367,-0.0045776367,-3.8956299,-3.3280029,-1.1307068,-1.3412781,0.2243042,-0.0045776367,-0.0045776367,-0.0045776367,-0.0045776367,-0.0045776367,-0.0045776367,3533469.7
3624229583776,4.0397824,0,34.737923,33.108261,32.504005,30.856033,32.325478,33.108261,34.119934,33.479057,32.948044,30.283821,32.632179,32.490273,37.379265,39.512474,35.625999,33.515678,32.352943,32.261391,38.455025,34.463264,33.66674,33.533989,32.641335,38.615242,3533489.7,31.872284,29.853516,29.418633,28.832687,29.171432,29.349968,31.464867,30.297554,29.780273,28.228424,29.702446,29.226364,35.035477,37.974365,35.918976,31.716637,30.791946,30.105286,35.163651,32.064545,30.466927,31.441978,30.503548,35.186539,3533489.7,-0.0045776367,-0.0045776367,-0.0045776367,-0.0045776367,-0.0045776367,-0.0045776367,-0.0045776367,-0.0045776367,-0.0045776367,-0.0045776367,-0.0045776367,-0.0045776367,-0.0045776367,-4.0787354,-2.9983826,-0.85601807,-0.92010498,0.022888184,-0.0045776367,-0.0045776367,-0.0045776367,-0.0045776367,-0.0045776367,-0.0045776367,3533489.7
3624249641248,4.0598398,0,34.733345,33.108261,32.504005,30.851456,32.3209,33.103683,34.115356,33.483635,32.957199,30.288399,32.627602,32.490273,37.379265,39.507896,35.630577,33.511101,32.357521,32.261391,38.445869,34.458687,33.66674,33.529411,32.636757,38.606087,3533509.7,31.858551,29.858093,29.418633,28.832687,29.153122,29.354546,31.487755,30.311287,29.766541,28.223846,29.688713,29.221786,35.044632,37.988098,35.909821,31.707481,30.764481,30.091553,35.163651,32.087433,30.462349,31.437401,30.489815,35.186539,3533509.7,-0.0045776367,-0.0045776367,-0.0045776367,-0.0045776367,-0.0045776367,-0.0045776367,-0.0045776367,-0.0045776367,-0.0045776367,-0.0045776367,-0.0045776367,-0.0045776367,-0.0045776367,-3.7491455,-2.9892273,-0.71868896,-0.81939697,0.18768311,-0.0045776367,-0.0045776367,-0.0045776367,-0.0045776367,-0.0045776367,-0.0045776367,3533509.7
3624269609600,4.0798082,0,34.737923,33.108261,32.508583,30.846878,32.325478,33.099106,34.115356,33.483635,32.943466,30.288399,32.632179,32.490273,37.379265,39.517052,35.625999,33.506523,32.352943,32.261391,38.441292,34.463264,33.662163,33.529411,32.641335,38.606087,3533529.7,31.867706,29.880981,29.446098,28.837265,29.17601,29.363701,31.4786,30.315865,29.780273,28.223846,29.702446,29.217209,35.040054,37.988098,35.914398,31.725792,30.801102,30.091553,35.168228,32.082855,30.480659,31.455711,30.503548,35.154495,3533529.7,-0.0045776367,-0.0045776367,-0.0045776367,-0.0045776367,-0.0045776367,-0.0045776367,-0.0045776367,-0.0045776367,-0.0045776367,-0.0045776367,-0.0045776367,-0.0045776367,-0.0045776367,-4.1153564,-2.6230164,-0.32501221,-0.76446533,-0.20599365,-0.0045776367,-0.0045776367,-0.0045776367,-0.0045776367,-0.0045776367,-0.0045776367,3533529.7
3624289742880,4.0999415,0,34.728767,33.108261,32.508583,30.856033,32.334633,33.099106,34.124512,33.483635,32.952621,30.288399,32.632179,32.490273,37.374687,39.512474,35.64431,33.511101,32.357521,32.256813,38.445869,34.458687,33.66674,33.533989,32.636757,38.610664,3533549.7,31.872284,29.871826,29.432365,28.82811,29.171432,29.363701,31.483177,30.297554,29.780273,28.223846,29.688713,29.226364,35.053787,37.978943,35.914398,31.734947,30.782791,30.09613,35.154495,32.0737,30.453194,31.432823,30.508125,35.163651,3533549.7,-0.0045776367,-0.0045776367,-0.0045776367,-0.0045776367,-0.0045776367,-0.0045776367,-0.0045776367,-0.0045776367,-0.0045776367,-0.0045776367,-0.0045776367,-0.0045776367,-0.0045776367,-4.4632568,-2.4032898,-0.43487549,-0.99334717,-0.086975098,-0.0045776367,-0.0045776367,-0.0045776367,-0.0045776367,-0.0045776367,-0.0045776367,3533549.7
3624309650496,4.1198491,0,34.737923,33.103683,32.504005,30.851456,32.330055,33.103683,34.119934,33.483635,32.952621,30.283821,32.627602,32.49485,37.379265,39.517052,35.630577,33.511101,32.348366,32.256813,38.450447,34.454109,33.662163,33.533989,32.636757,38.610664,3533569.7,31.867706,29.867249,29.42321,28.832687,29.17601,29.359123,31.487755,30.306709,29.784851,28.223846,29.688713,29.226364,35.030899,37.983521,35.923553,31.725792,30.769058,30.086975,35.168228,32.0737,30.457771,31.441978,30.508125,35.14534,3533569.7,-0.0045776367,-0.0045776367,-0.0045776367,-0.0045776367,-0.0045776367,-0.0045776367,-0.0045776367,-0.0045776367,-0.0045776367,-0.0045776367,-0.0045776367,-0.0045776367,-0.0045776367,-4.8294678,-2.4856873,-0.30670166,-0.71868896,-0.15106201,-0.0045776367,-0.0045776367,-0.0045776367,-0.0045776367,-0.0045776367,-0.0045776367,3533569.7
3624329652096,4.1398507,0,34.733345,33.103683,32.504005,30.846878,32.325478,33.103683,34.115356,33.483635,32.948044,30.288399,32.632179,32.490273,37.379265,39.517052,35.630577,33.511101,32.357521,32.252235,38.450447,34.454109,33.66674,33.529411,32.641335,38.606087,3533589.7,31.858551,29.862671,29.42321,28.841843,29.17601,29.336235,31.483177,30.297554,29.761963,28.223846,29.697868,29.208054,35.030899,37.983521,35.918976,31.721214,30.787369,30.105286,35.149918,32.096588,30.476082,31.455711,30.480659,35.159073,3533589.7,-0.0045776367,-0.0045776367,-0.0045776367,-0.0045776367,-0.0045776367,-0.0045776367,-0.0045776367,-0.0045776367,-0.0045776367,-0.0045776367,-0.0045776367,-0.0045776367,-0.0045776367,-4.5273438,-1.8356628,0.27008057,-1.3962097,-0.27923584,-0.0045776367,-0.0045776367,-0.0045776367,-0.0045776367,-0.0045776367,-0.0045776367,3533589.7
3624349779776,4.1599784,0,34.733345,33.103683,32.504005,30.851456,32.330055,33.099106,34.115356,33.479057,32.943466,30.288399,32.627602,32.481117,37.37011,39.507896,35.630577,33.506523,32.357521,32.256813,38.445869,34.463264,33.66674,33.529411,32.636757,38.61982,3533609.7,31.844818,29.862671,29.432365,28.82811,29.171432,29.340813,31.492332,30.311287,29.789429,28.219269,29.697868,29.226364,35.030899,37.988098,35.932709,31.73037,30.778214,30.123596,35.172806,32.09201,30.453194,31.451134,30.512703,35.168228,3533609.7,-0.0045776367,-0.0045776367,-0.0045776367,-0.0045776367,-0.0045776367,-0.0045776367,-0.0045776367,-0.0045776367,-0.0045776367,-0.0045776367,-0.0045776367,-0.0045776367,-0.0045776367,-5.1682434,-1.9638367,0.69122314,-1.0666199,-0.39825439,-0.0045776367,-0.0045776367,-0.0045776367,-0.0045776367,-0.0045776367,-0.0045776367,3533609.7
3624369560288,4.1797589,0,34.737923,33.099106,32.504005,30.846878,32.3209,33.103683,34.115356,33.488213,32.948044,30.283821,32.627602,32.490273,37.379265,39.512474,35.630577,33.506523,32.357521,32.252235,38.445869,34.458687,33.671318,33.524834,32.636757,38.610664,3533629.7,31.872284,29.858093,29.42321,28.823532,29.171432,29.349968,31.4786,30.302132,29.780273,28.228424,29.702446,29.208054,35.021744,37.992676,35.951019,31.721214,30.782791,30.100708,35.177383,32.082855,30.471504,31.437401,30.49897,35.172806,3533629.7,-0.0045776367,-0.0045776367,-0.0045776367,-0.0045776367,-0.0045776367,-0.0045776367,-0.0045776367,-0.0045776367,-0.0045776367,-0.0045776367,-0.0045776367,-0.0045776367,-0.0045776367,-4.6005859,-1.7807312,1.0391541,-0.98419189,-0.27923584,-0.0045776367,-0.0045776367,-0.0045776367,-0.0045776367,-0.0045776367,-0.0045776367,3533629.7
3624389602848,4.1998014,0,34.737923,33.108261,32.504005,30.846878,32.325478,33.108261,34.110779,33.483635,32.952621,30.292976,32.627602,32.49485,37.374687,39.512474,35.630577,33.511101,32.357521,32.261391,38.445869,34.463264,33.66674,33.529411,32.641335,38.606087,3533649.7,31.863129,29.858093,29.42321,28.805222,29.180588,29.354546,31.492332,30.320442,29.784851,28.228424,29.697868,29.212631,35.012589,37.974365,35.955597,31.721214,30.791946,30.105286,35.181961,32.078278,30.457771,31.460289,30.503548,35.168228,3533649.7,-0.0045776367,-0.0045776367,-0.0045776367,-0.0045776367,-0.0045776367,-0.0045776367,-0.0045776367,-0.0045776367,-0.0045776367,-0.0045776367,-0.0045776367,-0.0045776367,-0.0045776367,-4.9942627,-1.5152283,0.85601807,-1.1764832,-0.15106201,-0.0045776367,-0.0045776367,-0.0045776367,-0.0045776367,-0.0045776367,-0.0045776367,3533649.7
3624409613952,4.2198125,0,34.733345,33.103683,32.513161,30.8423,32.325478,33.103683,34.115356,33.488213,32.943466,30.288399,32.627602,32.490273,37.374687,39.512474,35.630577,33.511101,32.352943,32.256813,38.445869,34.467842,33.671318,33.533989,32.636757,38.606087,3533669.7,31.849396,29.848938,29.441521,28.841843,29.171432,29.34539,31.483177,30.302132,29.784851,28.223846,29.702446,29.226364,35.040054,38.001831,35.946442,31.73037,30.769058,30.100708,35.172806,32.0737,30.480659,31.441978,30.485237,35.172806,3533669.7,-0.0045776367,-0.0045776367,-0.0045776367,-0.0045776367,-0.0045776367,-0.0045776367,-0.0045776367,-0.0045776367,-0.0045776367,-0.0045776367,-0.0045776367,-0.0045776367,-0.0045776367,-4.90271,-1.2771912,0.75531006,-0.90179443,-0.37078857,-0.0045776367,-0.0045776367,-0.0045776367,-0.0045776367,-0.0045776367,-0.0045776367,3533669.7
3624429572960,4.2397716,0,34.737923,33.103683,32.504005,30.851456,32.325478,33.103683,34.115356,33.483635,32.943466,30.288399,32.632179,32.485695,37.374687,39.521629,35.621422,33.511101,32.357521,32.261391,38.455025,34.463264,33.66674,33.524834,32.641335,38.610664,3533689.7,31.872284,29.871826,29.42321,28.837265,29.166855,29.349968,31.483177,30.302132,29.780273,28.219269,29.707024,29.230942,35.030899,37.974365,35.941864,31.725792,30.778214,30.091553,35.168228,32.087433,30.462349,31.428246,30.508125,35.149918,3533689.7,-0.0045776367,-0.0045776367,-0.0045776367,-0.0045776367,-0.0045776367,-0.0045776367,-0.0045776367,-0.0045776367,-0.0045776367,-0.0045776367,-0.0045776367,-0.0045776367,-0.0045776367,-4.7104492,-0.86517334,0.76446533,-1.0574646,-0.077819824,-0.0045776367,-0.0045776367,-0.0045776367,-0.0045776367,-0.0045776367,-0.0045776367,3533689.7
3624449607488,4.2598061,0,34.728767,33.108261,32.508583,30.851456,32.325478,33.103683,34.119934,33.488213,32.948044,30.279243,32.627602,32.490273,37.37011,39.517052,35.630577,33.506523,32.357521,32.256813,38.450447,34.463264,33.671318,33.529411,32.641335,38.610664,3533709.7,31.853973,29.867249,29.432365,28.832687,29.162277,29.349968,31.492332,30.315865,29.794006,28.228424,29.693291,29.212631,35.021744,37.983521,35.932709,31.712059,30.787369,30.09613,35.159073,32.082855,30.448616,31.460289,30.485237,35.163651,3533709.7,-0.0045776367,-0.0045776367,-0.0045776367,-0.0045776367,-0.0045776367,-0.0045776367,-0.0045776367,-0.0045776367,-0.0045776367,-0.0045776367,-0.0045776367,-0.0045776367,-0.0045776367,-4.7562256,-0.85601807,0.34332275,-0.9475708,-0.068664551,-0.0045776367,-0.0045776367,-0.0045776367,-0.0045776367,-0.0045776367,-0.0045776367,3533709.7
3624469769120,4.2799677,0,34.733345,33.108261,32.504005,30.856033,32.330055,33.099106,34.115356,33.483635,32.943466,30.288399,32.627602,32.485695,37.374687,39.512474,35.630577,33.506523,32.352943,32.256813,38.450447,34.463264,33.671318,33.538567,32.632179,38.615242,3533731.7,31.863129,29.84436,29.427788,28.818954,29.162277,29.354546,31.49691,30.306709,29.775696,28.214691,29.697868,29.226364,35.035477,37.983521,35.932709,31.716637,30.796524,30.105286,35.154495,32.078278,30.462349,31.455711,30.494392,35.172806,3533731.7,-0.0045776367,-0.0045776367,-0.0045776367,-0.0045776367,-0.0045776367,-0.0045776367,-0.0045776367,-0.0045776367,-0.0045776367,-0.0045776367,-0.0045776367,-0.0045776367,-0.0045776367,-4.1794434,-0.81939697,0.35247803,-0.90179443,-0.31585693,-0.0045776367,-0.0045776367,-0.0045776367,-0.0045776367,-0.0045776367,-0.0045776367,3533731.7
3624489545056,4.2997436,0,34.733345,33.103683,32.504005,30.851456,32.330055,33.103683,34.115356,33.479057,32.948044,30.288399,32.627602,32.490273,37.383842,39.517052,35.635155,33.511101,32.352943,32.256813,38.445869,34.458687,33.66674,33.533989,32.636757,38.610664,3533749.7,31.858551,29.867249,29.418633,28.832687,29.166855,29.359123,31.487755,30.302132,29.798584,28.223846,29.684135,29.212631,35.030899,38.001831,35.937286,31.716637,30.787369,30.119019,35.159073,32.09201,30.476082,31.455711,30.494392,35.159073,3533749.7,-0.0045776367,-0.0045776367,-0.0045776367,-0.0045776367,-0.0045776367,-0.0045776367,-0.0045776367,-0.0045776367,-0.0045776367,-0.0045776367,-0.0045776367,-0.0045776367,-0.0045776367,-3.5111084,-0.6729126,0.10528564,-0.077819824,-0.032043457,-0.0045776367,-0.0045776367,-0.0045776367,-0.0045776367,-0.0045776367,-0.0045776367,3533749.7
3624509614688,4.3198133,0,34.733345,33.112839,32.508583,30.846878,32.325478,33.099106,34.119934,33.483635,32.948044,30.288399,32.627602,32.490273,37.379265,39.512474,35.630577,33.506523,32.352943,32.261391,38.441292,34.458687,33.66674,33.529411,32.636757,38.610664,3533769.7,31.863129,29.871826,29.418633,28.837265,29.180588,29.368279,31.4786,30.306709,29.789429,28.214691,29.688713,29.203476,35.04921,37.988098,35.937286,31.712059,30.791946,30.086975,35.168228,32.087433,30.462349,31.464867,30.49897,35.181961,3533769.7,-0.0045776367,-0.0045776367,-0.0045776367,-0.0045776367,-0.0045776367,-0.0045776367,-0.0045776367,-0.0045776367,-0.0045776367,-0.0045776367,-0.0045776367,-0.0045776367,-0.0045776367,-3.5019531,-0.81939697,0.16021729,-0.14190674,-0.27008057,-0.0045776367,-0.0045776367,-0.0045776367,-0.0045776367,-0.0045776367,-0.0045776367,3533769.7
3624529618880,4.3398175,0,34.737923,33.108261,32.504005,30.856033,32.325478,33.103683,34.119934,33.483635,32.943466,30.279243,32.627602,32.49485,37.374687,39.512474,35.630577,33.511101,32.357521,32.265968,38.450447,34.458687,33.66674,33.529411,32.641335,38.610664,3533789.7,31.858551,29.862671,29.436943,28.823532,29.162277,29.34539,31.487755,30.311287,29.784851,28.214691,29.702446,29.226364,35.035477,37.983521,35.941864,31.702904,30.778214,30.114441,35.154495,32.082855,30.453194,31.460289,30.489815,35.159073,3533789.7,-0.0045776367,-0.0045776367,-0.0045776367,-0.0045776367,-0.0045776367,-0.0045776367,-0.0045776367,-0.0045776367,-0.0045776367,-0.0045776367,-0.0045776367,-0.0045776367,-0.0045776367,-3.2181396,-1.0483093,-0.050354004,-0.41656494,-0.14190674,-0.0045776367,-0.0045776367,-0.0045776367,-0.0045776367,-0.0045776367,-0.0045776367,3533789.7
3624549775264,4.3599739,0,34.733345,33.108261,32.504005,30.851456,32.334633,33.108261,34.115356,33.479057,32.943466,30.288399,32.632179,32.490273,37.383842,39.517052,35.635155,33.515678,32.362099,32.261391,38.445869,34.463264,33.66674,33.529411,32.641335,38.610664,3533809.7,31.867706,29.862671,29.441521,28.837265,29.180588,29.34539,31.487755,30.292976,29.784851,28.228424,29.702446,29.221786,35.040054,37.978943,35.937286,31.707481,30.801102,30.105286,35.172806,32.082855,30.453194,31.455711,30.485237,35.177383,3533809.7,-0.0045776367,-0.0045776367,-0.0045776367,-0.0045776367,-0.0045776367,-0.0045776367,-0.0045776367,-0.0045776367,-0.0045776367,-0.0045776367,-0.0045776367,-0.0045776367,-0.0045776367,-3.1082764,-1.3870544,-0.51727295,-0.0045776367,-0.37994385,-0.0045776367,-0.0045776367,-0.0045776367,-0.0045776367,-0.0045776367,-0.0045776367,3533809.7
3624569577344,4.3797759,0,34.737923,33.108261,32.508583,30.851456,32.325478,33.103683,34.115356,33.488213,32.948044,30.288399,32.627602,32.490273,37.379265,39.512474,35.635155,33.506523,32.362099,32.261391,38.445869,34.458687,33.671318,33.533989,32.636757,38.606087,3533829.7,31.872284,29.880981,29.436943,28.832687,29.171432,29.359123,31.487755,30.311287,29.766541,28.228424,29.684135,29.217209,35.026321,37.974365,35.955597,31.707481,30.787369,30.119019,35.163651,32.0737,30.476082,31.437401,30.494392,35.186539,3533829.7,-0.0045776367,-0.0045776367,-0.0045776367,-0.0045776367,-0.0045776367,-0.0045776367,-0.0045776367,-0.0045776367,-0.0045776367,-0.0045776367,-0.0045776367,-0.0045776367,-0.0045776367,-3.0075684,-1.7898865,-0.37078857,-0.01373291,-0.26092529,-0.0045776367,-0.0045776367,-0.0045776367,-0.0045776367,-0.0045776367,-0.0045776367,3533829.7
3624589553568,4.3997522,0,34.733345,33.108261,32.508583,30.851456,32.334633,33.108261,34.110779,33.483635,32.957199,30.288399,32.636757,32.49485,37.374687,39.517052,35.630577,33.511101,32.357521,32.256813,38.455025,34.463264,33.671318,33.533989,32.636757,38.596931,3533849.7,31.835663,29.871826,29.418633,28.823532,29.17601,29.363701,31.501488,30.306709,29.771118,28.228424,29.707024,29.212631,35.04921,38.006409,35.951019,31.725792,30.787369,30.091553,35.163651,32.078278,30.448616,31.446556,30.476082,35.149918,3533849.7,-0.0045776367,-0.0045776367,-0.0045776367,-0.0045776367,-0.0045776367,-0.0045776367,-0.0045776367,-0.0045776367,-0.0045776367,-0.0045776367,-0.0045776367,-0.0045776367,-0.0045776367,-3.0258789,-2.2201843,-0.46234131,0.18768311,-0.30670166,-0.0045776367,-0.0045776367,-0.0045776367,-0.0045776367,-0.0045776367,-0.0045776367,3533849.7
3624609627680,4.4198263,0,34.733345,33.108261,32.504005,30.846878,32.330055,33.103683,34.119934,33.483635,32.952621,30.283821,32.632179,32.49485,37.379265,39.517052,35.635155,33.506523,32.362099,32.252235,38.450447,34.463264,33.671318,33.538567,32.636757,38.610664,3533869.7,31.863129,29.862671,29.446098,28.823532,29.162277,29.359123,31.4786,30.311287,29.780273,28.205536,29.702446,29.226364,35.035477,37.969788,35.946442,31.721214,30.796524,30.105286,35.159073,32.087433,30.448616,31.432823,30.503548,35.163651,3533869.7,-0.0045776367,-0.0045776367,-0.0045776367,-0.0045776367,-0.0045776367,-0.0045776367,-0.0045776367,-0.0045776367,-0.0045776367,-0.0045776367,-0.0045776367,-0.0045776367,-0.0045776367,-3.5751953,-2.3483582,-0.32501221,0.30670166,-0.31585693,-0.0045776367,-0.0045776367,-0.0045776367,-0.0045776367,-0.0045776367,-0.0045776367,3533869.7
3624629610944,4.4398095,0,34.737923,33.103683,32.504005,30.846878,32.325478,33.112839,34.119934,33.483635,32.943466,30.283821,32.627602,32.490273,37.379265,39.512474,35.625999,33.506523,32.357521,32.261391,38.450447,34.454109,33.662163,33.529411,32.636757,38.606087,3533889.7,31.872284,29.862671,29.441521,28.823532,29.189743,29.368279,31.487755,30.302132,29.775696,28.214691,29.707024,29.226364,35.035477,37.988098,35.946442,31.734947,30.791946,30.109863,35.186539,32.087433,30.453194,31.460289,30.485237,35.163651,3533889.7,-0.0045776367,-0.0045776367,-0.0045776367,-0.0045776367,-0.0045776367,-0.0045776367,-0.0045776367,-0.0045776367,-0.0045776367,-0.0045776367,-0.0045776367,-0.0045776367,-0.0045776367,-3.6850586,-2.375824,-0.25177002,0.2243042,-0.068664551,-0.0045776367,-0.0045776367,-0.0045776367,-0.0045776367,-0.0045776367,-0.0045776367,3533889.7
3624649549184,4.4597478,0,34.733345,33.103683,32.504005,30.856033,32.330055,33.108261,34.119934,33.488213,32.952621,30.283821,32.632179,32.490273,37.374687,39.512474,35.630577,33.506523,32.357521,32.256813,38.445869,34.463264,33.66674,33.533989,32.645912,38.610664,3533909.7,31.853973,29.858093,29.418633,28.818954,29.171432,29.359123,31.483177,30.292976,29.789429,28.223846,29.679558,29.221786,35.030899,37.969788,35.955597,31.716637,30.791946,30.091553,35.159073,32.087433,30.457771,31.446556,30.489815,35.181961,3533909.7,-0.0045776367,-0.0045776367,-0.0045776367,-0.0045776367,-0.0045776367,-0.0045776367,-0.0045776367,-0.0045776367,-0.0045776367,-0.0045776367,-0.0045776367,-0.0045776367,-0.0045776367,-4.2709961,-2.0462341,-0.20599365,-0.13275146,-0.25177002,-0.0045776367,-0.0045776367,-0.0045776367,-0.0045776367,-0.0045776367,-0.0045776367,3533909.7
3624669565120,4.4797637,0,34.733345,33.108261,32.504005,30.851456,32.334633,33.099106,34.115356,33.483635,32.943466,30.283821,32.627602,32.490273,37.379265,39.512474,35.630577,33.506523,32.357521,32.261391,38.450447,34.458687,33.66674,33.533989,32.641335,38.615242,3533929.7,31.876862,29.853516,29.427788,28.823532,29.166855,29.349968,31.474022,30.288399,29.789429,28.228424,29.707024,29.221786,35.012589,37.956055,35.941864,31.734947,30.791946,30.109863,35.131607,32.082855,30.476082,31.446556,30.480659,35.172806,3533929.7,-0.0045776367,-0.0045776367,-0.0045776367,-0.0045776367,-0.0045776367,-0.0045776367,-0.0045776367,-0.0045776367,-0.0045776367,-0.0045776367,-0.0045776367,-0.0045776367,-0.0045776367,-4.7104492,-1.6617126,-0.096130371,-0.26092529,-0.51727295,-0.0045776367,-0.0045776367,-0.0045776367,-0.0045776367,-0.0045776367,-0.0045776367,3533929.7
3624689611200,4.4998098,0,34.733345,33.108261,32.504005,30.851456,32.330055,33.108261,34.119934,33.483635,32.948044,30.288399,32.632179,32.490273,37.383842,39.517052,35.639732,33.506523,32.362099,32.265968,38.450447,34.463264,33.671318,33.533989,32.645912,38.606087,3533949.7,31.858551,29.853516,29.446098,28.82811,29.171432,29.349968,31.483177,30.288399,29.780273,28.210114,29.697868,29.221786,35.040054,37.974365,35.955597,31.739525,30.787369,30.109863,35.140762,32.082855,30.494392,31.446556,30.494392,35.163651,3533949.7,-0.0045776367,-0.0045776367,-0.0045776367,-0.0045776367,-0.0045776367,-0.0045776367,-0.0045776367,-0.0045776367,-0.0045776367,-0.0045776367,-0.0045776367,-0.0045776367,-0.0045776367,-5.3055725,-0.83770752,0.41656494,-0.59051514,-0.32501221,-0.0045776367,-0.0045776367,-0.0045776367,-0.0045776367,-0.0045776367,-0.0045776367,3533949.7
3624709675520,4.5198741,0,34.737923,33.108261,32.513161,30.851456,32.3209,33.108261,34.115356,33.479057,32.948044,30.288399,32.627602,32.49485,37.374687,39.512474,35.639732,33.511101,32.357521,32.265968,38.450447,34.463264,33.66674,33.529411,32.641335,38.610664,3533969.7,31.867706,29.871826,29.432365,28.832687,29.166855,29.363701,31.4786,30.297554,29.780273,28.233002,29.697868,29.226364,35.017166,37.969788,35.955597,31.716637,30.801102,30.128174,35.159073,32.0737,30.471504,31.441978,30.494392,35.168228,3533969.7,-0.0045776367,-0.0045776367,-0.0045776367,-0.0045776367,-0.0045776367,-0.0045776367,-0.0045776367,-0.0045776367,-0.0045776367,-0.0045776367,-0.0045776367,-0.0045776367,-0.0045776367,-5.3696594,-0.31585693,0.43487549,-0.48980713,-0.23345947,-0.0045776367,-0.0045776367,-0.0045776367,-0.0045776367,-0.0045776367,-0.0045776367,3533969.7
3624729563936,4.5397625,0,34.733345,33.108261,32.508583,30.856033,32.334633,33.108261,34.119934,33.483635,32.948044,30.288399,32.627602,32.490273,37.374687,39.517052,35.635155,33.506523,32.362099,32.265968,38.450447,34.458687,33.66674,33.538567,32.636757,38.610664,3533989.7,31.867706,29.858093,29.427788,28.84642,29.185165,29.340813,31.492332,30.302132,29.775696,28.233002,29.697868,29.226364,35.030899,37.983521,35.964752,31.721214,30.787369,30.105286,35.159073,32.09201,30.489815,31.451134,30.517281,35.163651,3533989.7,-0.0045776367,-0.0045776367,-0.0045776367,-0.0045776367,-0.0045776367,-0.0045776367,-0.0045776367,-0.0045776367,-0.0045776367,-0.0045776367,-0.0045776367,-0.0045776367,-0.0045776367,-5.1682434,0.11444092,0.6362915,-0.16021729,-0.40740967,-0.0045776367,-0.0045776367,-0.0045776367,-0.0045776367,-0.0045776367,-0.0045776367,3533989.7
3624749673216,4.5598718,0,34.737923,33.108261,32.508583,30.8423,32.325478,33.108261,34.124512,33.479057,32.943466,30.288399,32.627602,32.490273,37.374687,39.526207,35.630577,33.506523,32.357521,32.265968,38.450447,34.458687,33.66674,33.533989,32.641335,38.606087,3534009.7,31.863129,29.867249,29.459831,28.837265,29.166855,29.354546,31.469444,30.302132,29.775696,28.219269,29.693291,29.230942,35.030899,37.960632,35.928131,31.73037,30.801102,30.123596,35.172806,32.064545,30.457771,31.437401,30.494392,35.163651,3534009.7,-0.0045776367,-0.0045776367,-0.0045776367,-0.0045776367,-0.0045776367,-0.0045776367,-0.0045776367,-0.0045776367,-0.0045776367,-0.0045776367,-0.0045776367,-0.0045776367,-0.0045776367,-4.8843994,1.405365,0.88348389,-0.68206787,-0.23345947,-0.0045776367,-0.0045776367,-0.0045776367,-0.0045776367,-0.0045776367,-0.0045776367,3534009.7
3624769559488,4.5797581,0,34.737923,33.108261,32.508583,30.846878,32.334633,33.099106,34.119934,33.488213,32.948044,30.283821,32.627602,32.49485,37.383842,39.521629,35.621422,33.511101,32.362099,32.261391,38.455025,34.458687,33.66674,33.533989,32.636757,38.606087,3534029.7,31.867706,29.853516,29.418633,28.832687,29.180588,29.359123,31.464867,30.306709,29.780273,28.219269,29.693291,29.217209,35.040054,37.974365,35.960175,31.725792,30.782791,30.09613,35.154495,32.09201,30.457771,31.455711,30.494392,35.177383,3534029.7,-0.0045776367,-0.0045776367,-0.0045776367,-0.0045776367,-0.0045776367,-0.0045776367,-0.0045776367,-0.0045776367,-0.0045776367,-0.0045776367,-0.0045776367,-0.0045776367,-0.0045776367,-3.932251,2.0920105,0.5355835,-0.56304932,-0.28839111,-0.0045776367,-0.0045776367,-0.0045776367,-0.0045776367,-0.0045776367,-0.0045776367,3534029.7
3624789569664,4.5997683,0,34.733345,33.108261,32.499428,30.851456,32.330055,33.099106,34.115356,33.483635,32.948044,30.283821,32.627602,32.490273,37.379265,39.521629,35.630577,33.511101,32.357521,32.256813,38.450447,34.458687,33.662163,33.533989,32.636757,38.606087,3534049.7,31.867706,29.858093,29.427788,28.837265,29.17601,29.354546,31.4786,30.306709,29.780273,28.210114,29.707024,29.230942,35.044632,37.96521,35.946442,31.725792,30.796524,30.100708,35.181961,32.082855,30.480659,31.437401,30.512703,35.172806,3534049.7,-0.0045776367,-0.0045776367,-0.0045776367,-0.0045776367,-0.0045776367,-0.0045776367,-0.0045776367,-0.0045776367,-0.0045776367,-0.0045776367,-0.0045776367,-0.0045776367,-0.0045776367,-3.5019531,2.009613,0.59967041,-0.47149658,-0.31585693,-0.0045776367,-0.0045776367,-0.0045776367,-0.0045776367,-0.0045776367,-0.0045776367,3534049.7
3624809767200,4.6199658,0,34.737923,33.108261,32.504005,30.851456,32.330055,33.099106,34.124512,33.488213,32.948044,30.288399,32.627602,32.49485,37.374687,39.521629,35.630577,33.506523,32.357521,32.256813,38.455025,34.463264,33.671318,33.529411,32.636757,38.606087,3534069.7,31.876862,29.871826,29.427788,28.837265,29.166855,29.354546,31.474022,30.306709,29.789429,28.228424,29.702446,29.203476,35.030899,37.974365,35.955597,31.744102,30.796524,30.105286,35.14534,32.0737,30.485237,31.451134,30.503548,35.177383,3534069.7,-0.0045776367,-0.0045776367,-0.0045776367,-0.0045776367,-0.0045776367,-0.0045776367,-0.0045776367,-0.0045776367,-0.0045776367,-0.0045776367,-0.0045776367,-0.0045776367,-0.0045776367,-1.9363708,2.174408,0.47149658,-0.050354004,-0.068664551,-0.0045776367,-0.0045776367,-0.0045776367,-0.0045776367,-0.0045776367,-0.0045776367,3534069.7
3624829559008,4.6397576,0,34.733345,33.103683,32.513161,30.846878,32.330055,33.108261,34.119934,33.483635,32.948044,30.292976,32.632179,32.490273,37.379265,39.521629,35.630577,33.511101,32.352943,32.261391,38.455025,34.463264,33.671318,33.529411,32.636757,38.610664,3534089.7,31.872284,29.862671,29.427788,28.832687,29.171432,29.331657,31.474022,30.315865,29.780273,28.219269,29.688713,29.221786,35.035477,37.983521,35.96933,31.734947,30.769058,30.105286,35.159073,32.064545,30.457771,31.446556,30.494392,35.163651,3534089.7,-0.0045776367,-0.0045776367,-0.0045776367,-0.0045776367,-0.0045776367,-0.0045776367,-0.0045776367,-0.0045776367,-0.0045776367,-0.0045776367,-0.0045776367,-0.0045776367,-0.0045776367,-0.91094971,1.2588806,0.54473877,-0.01373291,0.18768311,-0.0045776367,-0.0045776367,-0.0045776367,-0.0045776367,-0.0045776367,-0.0045776367,3534089.7
3624849578656,4.6597772,0,34.737923,33.108261,32.508583,30.856033,32.334633,33.108261,34.115356,33.488213,32.943466,30.283821,32.627602,32.485695,37.379265,39.521629,35.630577,33.506523,32.357521,32.261391,38.445869,34.458687,33.671318,33.524834,32.641335,38.606087,3534109.7,31.853973,29.867249,29.432365,28.832687,29.17601,29.34539,31.4786,30.306709,29.775696,28.228424,29.711601,29.194321,35.04921,37.978943,35.941864,31.716637,30.796524,30.105286,35.149918,32.0737,30.480659,31.451134,30.494392,35.177383,3534109.7,-0.0045776367,-0.0045776367,-0.0045776367,-0.0045776367,-0.0045776367,-0.0045776367,-0.0045776367,-0.0045776367,-0.0045776367,-0.0045776367,-0.0045776367,-0.0045776367,-0.0045776367,-0.90179443,0.96588135,0.48980713,0.032043457,0.15106201,-0.0045776367,-0.0045776367,-0.0045776367,-0.0045776367,-0.0045776367,-0.0045776367,3534109.7
3624869559936,4.6797585,0,34.733345,33.108261,32.508583,30.851456,32.339211,33.103683,34.115356,33.488213,32.943466,30.283821,32.627602,32.49485,37.379265,39.517052,35.635155,33.501945,32.357521,32.261391,38.445869,34.458687,33.671318,33.533989,32.645912,38.615242,3534129.7,31.863129,29.867249,29.432365,28.814377,29.166855,29.354546,31.501488,30.302132,29.775696,28.205536,29.702446,29.217209,35.035477,37.960632,35.96933,31.734947,30.787369,30.119019,35.154495,32.069122,30.457771,31.432823,30.49897,35.177383,3534129.7,-0.0045776367,-0.0045776367,-0.0045776367,-0.0045776367,-0.0045776367,-0.0045776367,-0.0045776367,-0.0045776367,-0.0045776367,-0.0045776367,-0.0045776367,-0.0045776367,-0.0045776367,-0.38909912,0.022888184,0.32501221,-0.52642822,0.27008057,-0.0045776367,-0.0045776367,-0.0045776367,-0.0045776367,-0.0045776367,-0.0045776367,3534129.7
3624889546880,4.6997455,0,34.733345,33.112839,32.508583,30.856033,32.330055,33.103683,34.115356,33.488213,32.948044,30.288399,32.627602,32.490273,37.379265,39.521629,35.635155,33.506523,32.352943,32.261391,38.445869,34.463264,33.66674,33.533989,32.641335,38.610664,3534149.7,31.876862,29.867249,29.427788,28.837265,29.180588,29.363701,31.474022,30.302132,29.775696,28.233002,29.697868,29.212631,35.026321,37.974365,35.960175,31.744102,30.796524,30.100708,35.186539,32.087433,30.457771,31.455711,30.485237,35.177383,3534149.7,-0.0045776367,-0.0045776367,-0.0045776367,-0.0045776367,-0.0045776367,-0.0045776367,-0.0045776367,-0.0045776367,-0.0045776367,-0.0045776367,-0.0045776367,-0.0045776367,-0.0045776367,-0.34332275,-0.83770752,0.022888184,-0.059509277,0.16937256,-0.0045776367,-0.0045776367,-0.0045776367,-0.0045776367,-0.0045776367,-0.0045776367,3534149.7
3624909659168,4.7198578,0,34.733345,33.099106,32.508583,30.846878,32.330055,33.099106,34.119934,33.483635,32.948044,30.292976,32.627602,32.49485,37.379265,39.517052,35.625999,33.506523,32.362099,32.256813,38.450447,34.463264,33.671318,33.529411,32.636757,38.606087,3534169.7,31.863129,29.862671,29.436943,28.837265,29.185165,29.363701,31.483177,30.315865,29.766541,28.219269,29.702446,29.226364,35.040054,37.988098,36.001373,31.739525,30.796524,30.09613,35.186539,32.0737,30.453194,31.464867,30.508125,35.181961,3534169.7,-0.0045776367,-0.0045776367,-0.0045776367,-0.0045776367,-0.0045776367,-0.0045776367,-0.0045776367,-0.0045776367,-0.0045776367,-0.0045776367,-0.0045776367,-0.0045776367,-0.0045776367,0.73699951,-2.1927185,0.022888184,0.46234131,0.16021729,-0.0045776367,-0.0045776367,-0.0045776367,-0.0045776367,-0.0045776367,-0.0045776367,3534169.7
3624929535776,4.7397344,0,34.737923,33.108261,32.504005,30.851456,32.334633,33.103683,34.119934,33.488213,32.943466,30.283821,32.627602,32.49485,37.379265,39.530785,35.630577,33.511101,32.362099,32.265968,38.450447,34.458687,33.66674,33.529411,32.641335,38.601509,3534189.7,31.853973,29.848938,29.441521,28.832687,29.162277,29.34539,31.483177,30.311287,29.771118,28.219269,29.697868,29.212631,35.044632,37.969788,35.96933,31.744102,30.796524,30.114441,35.14534,32.078278,30.480659,31.446556,30.49897,35.159073,3534189.7,-0.0045776367,-0.0045776367,-0.0045776367,-0.0045776367,-0.0045776367,-0.0045776367,-0.0045776367,-0.0045776367,-0.0045776367,-0.0045776367,-0.0045776367,-0.0045776367,-0.0045776367,0.16937256,-2.4673767,0.38909912,0.52642822,0.20599365,-0.0045776367,-0.0045776367,-0.0045776367,-0.0045776367,-0.0045776367,-0.0045776367,3534189.7
3624949742528,4.7599411,0,34.733345,33.108261,32.504005,30.856033,32.334633,33.108261,34.115356,33.483635,32.948044,30.283821,32.632179,32.485695,37.374687,39.526207,35.635155,33.515678,32.357521,32.261391,38.450447,34.463264,33.671318,33.529411,32.636757,38.610664,3534209.7,31.849396,29.867249,29.427788,28.837265,29.17601,29.340813,31.483177,30.320442,29.798584,28.214691,29.711601,29.212631,35.035477,37.992676,35.964752,31.73037,30.810257,30.109863,35.154495,32.096588,30.471504,31.451134,30.49897,35.181961,3534209.7,-0.0045776367,-0.0045776367,-0.0045776367,-0.0045776367,-0.0045776367,-0.0045776367,-0.0045776367,-0.0045776367,-0.0045776367,-0.0045776367,-0.0045776367,-0.0045776367,-0.0045776367,0.050354004,-2.3849792,0.40740967,0.30670166,0.23345947,-0.0045776367,-0.0045776367,-0.0045776367,-0.0045776367,-0.0045776367,-0.0045776367,3534209.7
3624969566848,4.7797654,0,34.733345,33.112839,32.504005,30.856033,32.325478,33.108261,34.119934,33.479057,32.943466,30.283821,32.632179,32.490273,37.374687,39.526207,35.630577,33.511101,32.362099,32.265968,38.450447,34.458687,33.675896,33.533989,32.636757,38.610664,3534229.7,31.867706,29.876404,29.427788,28.809799,29.189743,29.368279,31.469444,30.297554,29.784851,28.205536,29.711601,29.217209,35.044632,37.974365,35.964752,31.744102,30.778214,30.109863,35.168228,32.069122,30.480659,31.451134,30.485237,35.181961,3534229.7,-0.0045776367,-0.0045776367,-0.0045776367,-0.0045776367,-0.0045776367,-0.0045776367,-0.0045776367,-0.0045776367,-0.0045776367,-0.0045776367,-0.0045776367,-0.0045776367,-0.0045776367,-0.27008057,-2.8427429,0.43487549,0.57220459,0.29754639,-0.0045776367,-0.0045776367,-0.0045776367,-0.0045776367,-0.0045776367,-0.0045776367,3534229.7
3624989553248,4.7997518,0,34.733345,33.108261,32.504005,30.856033,32.3209,33.099106,34.115356,33.488213,32.948044,30.283821,32.632179,32.49485,37.383842,39.521629,35.630577,33.511101,32.352943,32.261391,38.450447,34.458687,33.671318,33.533989,32.641335,38.610664,3534249.7,31.858551,29.862671,29.427788,28.837265,29.189743,29.359123,31.483177,30.297554,29.775696,28.214691,29.702446,29.230942,35.035477,37.969788,35.978485,31.73037,30.810257,30.119019,35.181961,32.096588,30.466927,31.437401,30.485237,35.177383,3534249.7,-0.0045776367,-0.0045776367,-0.0045776367,-0.0045776367,-0.0045776367,-0.0045776367,-0.0045776367,-0.0045776367,-0.0045776367,-0.0045776367,-0.0045776367,-0.0045776367,-0.0045776367,-0.12359619,-3.163208,0.37994385,0.75531006,0.077819824,-0.0045776367,-0.0045776367,-0.0045776367,-0.0045776367,-0.0045776367,-0.0045776367,3534249.7
3625009612096,4.8198107,0,34.737923,33.108261,32.504005,30.851456,32.325478,33.099106,34.119934,33.483635,32.948044,30.288399,32.636757,32.490273,37.374687,39.526207,35.625999,33.515678,32.352943,32.261391,38.455025,34.463264,33.66674,33.529411,32.636757,38.606087,3534269.7,31.872284,29.858093,29.427788,28.82811,29.166855,29.363701,31.487755,30.320442,29.780273,28.223846,29.716179,29.208054,35.030899,37.969788,35.96933,31.762421,30.801102,30.137329,35.163651,32.0737,30.471504,31.446556,30.485237,35.172806,3534269.7,-0.0045776367,-0.0045776367,-0.0045776367,-0.0045776367,-0.0045776367,-0.0045776367,-0.0045776367,-0.0045776367,-0.0045776367,-0.0045776367,-0.0045776367,-0.0045776367,-0.0045776367,-1.7898865,-2.275116,0.59967041,1.0757751,0.12359619,-0.0045776367,-0.0045776367,-0.0045776367,-0.0045776367,-0.0045776367,-0.0045776367,3534269.7
3625029570944,4.8397695,0,34.737923,33.108261,32.504005,30.851456,32.330055,33.108261,34.124512,33.483635,32.948044,30.288399,32.632179,32.490273,37.379265,39.526207,35.630577,33.511101,32.362099,32.261391,38.450447,34.458687,33.66674,33.533989,32.641335,38.610664,3534289.7,31.863129,29.853516,29.436943,28.837265,29.180588,29.354546,31.469444,30.315865,29.789429,28.214691,29.697868,29.235519,35.040054,37.988098,35.98764,31.74868,30.801102,30.105286,35.168228,32.078278,30.462349,31.464867,30.494392,35.177383,3534289.7,-0.0045776367,-0.0045776367,-0.0045776367,-0.0045776367,-0.0045776367,-0.0045776367,-0.0045776367,-0.0045776367,-0.0045776367,-0.0045776367,-0.0045776367,-0.0045776367,-0.0045776367,-2.1835632,-2.1286316,-0.01373291,0.79193115,0.32501221,-0.0045776367,-0.0045776367,-0.0045776367,-0.0045776367,-0.0045776367,-0.0045776367,3534289.7
3625049539360,4.859738,0,34.733345,33.108261,32.508583,30.851456,32.325478,33.112839,34.115356,33.488213,32.952621,30.288399,32.641335,32.490273,37.379265,39.530785,35.630577,33.511101,32.348366,32.265968,38.455025,34.463264,33.671318,33.533989,32.641335,38.615242,3534309.7,31.872284,29.858093,29.441521,28.837265,29.189743,29.349968,31.492332,30.311287,29.784851,28.219269,29.697868,29.217209,35.030899,37.983521,35.98764,31.74868,30.791946,30.119019,35.191116,32.078278,30.471504,31.441978,30.485237,35.159073,3534309.7,-0.0045776367,-0.0045776367,-0.0045776367,-0.0045776367,-0.0045776367,-0.0045776367,-0.0045776367,-0.0045776367,-0.0045776367,-0.0045776367,-0.0045776367,-0.0045776367,-0.0045776367,-2.7969666,-1.8356628,-0.059509277,0.75531006,0.16937256,-0.0045776367,-0.0045776367,-0.0045776367,-0.0045776367,-0.0045776367,-0.0045776367,3534309.7
3625069527104,4.8797257,0,34.733345,33.108261,32.504005,30.846878,32.325478,33.103683,34.119934,33.488213,32.948044,30.283821,32.636757,32.490273,37.379265,39.526207,35.630577,33.506523,32.357521,32.265968,38.445869,34.463264,33.671318,33.524834,32.632179,38.610664,3534329.7,31.863129,29.871826,29.432365,28.823532,29.166855,29.349968,31.4786,30.311287,29.775696,28.223846,29.702446,29.212631,35.035477,37.960632,35.978485,31.74868,30.801102,30.109863,35.168228,32.101166,30.466927,31.437401,30.494392,35.181961,3534329.7,-0.0045776367,-0.0045776367,-0.0045776367,-0.0045776367,-0.0045776367,-0.0045776367,-0.0045776367,-0.0045776367,-0.0045776367,-0.0045776367,-0.0045776367,-0.0045776367,-0.0045776367,-3.1265869,-1.5701599,-0.16937256,0.84686279,0.32501221,-0.0045776367,-0.0045776367,-0.0045776367,-0.0045776367,-0.0045776367,-0.0045776367,3534329.7
3625089563232,4.8997618,0,34.733345,33.112839,32.508583,30.851456,32.3209,33.108261,34.119934,33.488213,32.948044,30.292976,32.632179,32.490273,37.374687,39.530785,35.630577,33.511101,32.352943,32.265968,38.441292,34.458687,33.671318,33.529411,32.641335,38.610664,3534349.7,31.863129,29.867249,29.446098,28.837265,29.171432,29.354546,31.487755,30.292976,29.780273,28.219269,29.702446,29.221786,35.044632,37.960632,35.960175,31.762421,30.782791,30.109863,35.163651,32.069122,30.471504,31.455711,30.494392,35.163651,3534349.7,-0.0045776367,-0.0045776367,-0.0045776367,-0.0045776367,-0.0045776367,-0.0045776367,-0.0045776367,-0.0045776367,-0.0045776367,-0.0045776367,-0.0045776367,-0.0045776367,-0.0045776367,-3.7857666,-1.0666199,-0.50811768,0.54473877,0.28839111,-0.0045776367,-0.0045776367,-0.0045776367,-0.0045776367,-0.0045776367,-0.0045776367,3534349.7
3625109628096,4.9198267,0,34.737923,33.108261,32.508583,30.851456,32.334633,33.108261,34.115356,33.483635,32.948044,30.283821,32.636757,32.490273,37.374687,39.526207,35.625999,33.515678,32.352943,32.261391,38.441292,34.463264,33.671318,33.524834,32.641335,38.606087,3534369.7,31.863129,29.858093,29.418633,28.82811,29.162277,29.349968,31.49691,30.306709,29.766541,28.219269,29.693291,29.203476,35.030899,37.974365,35.98764,31.725792,30.791946,30.119019,35.195694,32.09201,30.462349,31.428246,30.49897,35.195694,3534369.7,-0.0045776367,-0.0045776367,-0.0045776367,-0.0045776367,-0.0045776367,-0.0045776367,-0.0045776367,-0.0045776367,-0.0045776367,-0.0045776367,-0.0045776367,-0.0045776367,-0.0045776367,-3.9597168,-0.9475708,-0.66375732,1.0208435,0.18768311,-0.0045776367,-0.0045776367,-0.0045776367,-0.0045776367,-0.0045776367,-0.0045776367,3534369.7
3625129555968,4.9397546,0,34.733345,33.108261,32.508583,30.846878,32.334633,33.103683,34.115356,33.488213,32.948044,30.288399,32.632179,32.490273,37.383842,39.530785,35.635155,33.511101,32.352943,32.265968,38.445869,34.463264,33.671318,33.533989,32.636757,38.606087,3534389.7,31.853973,29.862671,29.441521,28.823532,29.153122,29.34539,31.487755,30.302132,29.784851,28.223846,29.697868,29.221786,35.035477,37.96521,35.978485,31.74868,30.787369,30.100708,35.163651,32.101166,30.466927,31.441978,30.517281,35.172806,3534389.7,-0.0045776367,-0.0045776367,-0.0045776367,-0.0045776367,-0.0045776367,-0.0045776367,-0.0045776367,-0.0045776367,-0.0045776367,-0.0045776367,-0.0045776367,-0.0045776367,-0.0045776367,-4.2893066,-0.58135986,-0.68206787,0.92926025,0.077819824,-0.0045776367,-0.0045776367,-0.0045776367,-0.0045776367,-0.0045776367,-0.0045776367,3534389.7
3625149740000,4.9599386,0,34.737923,33.103683,32.504005,30.851456,32.330055,33.112839,34.115356,33.483635,32.948044,30.288399,32.636757,32.499428,37.374687,39.535362,35.630577,33.506523,32.352943,32.265968,38.455025,34.458687,33.675896,33.529411,32.636757,38.610664,3534409.7,31.849396,29.853516,29.42321,28.823532,29.162277,29.359123,31.474022,30.302132,29.775696,28.219269,29.711601,29.221786,35.035477,37.960632,35.96933,31.725792,30.805679,30.119019,35.163651,32.087433,30.480659,31.428246,30.494392,35.181961,3534409.7,-0.0045776367,-0.0045776367,-0.0045776367,-0.0045776367,-0.0045776367,-0.0045776367,-0.0045776367,-0.0045776367,-0.0045776367,-0.0045776367,-0.0045776367,-0.0045776367,-0.0045776367,-4.2984619,-0.55389404,-0.96588135,-0.57220459,0.25177002,-0.0045776367,-0.0045776367,-0.0045776367,-0.0045776367,-0.0045776367,-0.0045776367,3534409.7
3625169542496,4.9797411,0,34.737923,33.112839,32.508583,30.851456,32.330055,33.103683,34.115356,33.483635,32.952621,30.288399,32.632179,32.485695,37.383842,39.530785,35.630577,33.506523,32.352943,32.265968,38.455025,34.458687,33.675896,33.529411,32.636757,38.615242,3534429.7,31.876862,29.867249,29.432365,28.832687,29.166855,29.34539,31.487755,30.315865,29.775696,28.219269,29.716179,29.221786,35.035477,37.960632,35.973907,31.73037,30.810257,30.109863,35.159073,32.0737,30.489815,31.451134,30.49897,35.186539,3534429.7,-0.0045776367,-0.0045776367,-0.0045776367,-0.0045776367,-0.0045776367,-0.0045776367,-0.0045776367,-0.0045776367,-0.0045776367,-0.0045776367,-0.0045776367,-0.0045776367,-0.0045776367,-4.6005859,-0.84686279,-1.0208435,0.41656494,0.23345947,-0.0045776367,-0.0045776367,-0.0045776367,-0.0045776367,-0.0045776367,-0.0045776367,3534429.7
3625189572064,4.9997707,0,34.733345,33.108261,32.513161,30.851456,32.330055,33.103683,34.115356,33.483635,32.943466,30.288399,32.627602,32.49485,37.379265,39.530785,35.635155,33.515678,32.348366,32.261391,38.450447,34.458687,33.662163,33.533989,32.636757,38.606087,3534449.7,31.872284,29.848938,29.427788,28.818954,29.1577,29.363701,31.49691,30.311287,29.784851,28.214691,29.720757,29.226364,35.044632,37.969788,35.973907,31.739525,30.814835,30.105286,35.172806,32.078278,30.485237,31.437401,30.49897,35.163651,3534449.7,-0.0045776367,-0.0045776367,-0.0045776367,-0.0045776367,-0.0045776367,-0.0045776367,-0.0045776367,-0.0045776367,-0.0045776367,-0.0045776367,-0.0045776367,-0.0045776367,-0.0045776367,-4.737915,-1.4328308,-1.3595886,0.32501221,0.56304932,-0.0045776367,-0.0045776367,-0.0045776367,-0.0045776367,-0.0045776367,-0.0045776367,3534449.7
3625209622336,5.0198209,0,34.728767,33.112839,32.508583,30.846878,32.325478,33.108261,34.115356,33.483635,32.948044,30.288399,32.636757,32.485695,37.379265,39.530785,35.621422,33.511101,32.352943,32.261391,38.455025,34.463264,33.66674,33.533989,32.636757,38.606087,3534469.7,31.858551,29.858093,29.42321,28.823532,29.162277,29.349968,31.487755,30.306709,29.780273,28.223846,29.711601,29.212631,35.017166,37.96521,35.955597,31.739525,30.796524,30.091553,35.14534,32.046234,30.485237,31.441978,30.512703,35.186539,3534469.7,-0.0045776367,-0.0045776367,-0.0045776367,-0.0045776367,-0.0045776367,-0.0045776367,-0.0045776367,-0.0045776367,-0.0045776367,-0.0045776367,-0.0045776367,-0.0045776367,-0.0045776367,-5.2597961,-2.3025818,-1.4877625,0.39825439,0.20599365,-0.0045776367,-0.0045776367,-0.0045776367,-0.0045776367,-0.0045776367,-0.0045776367,3534469.7
3625229567008,5.0397656,0,34.733345,33.108261,32.508583,30.851456,32.325478,33.103683,34.119934,33.483635,32.943466,30.288399,32.627602,32.485695,37.379265,39.530785,35.625999,33.501945,32.352943,32.256813,38.450447,34.467842,33.671318,33.533989,32.636757,38.610664,3534489.7,31.872284,29.848938,29.436943,28.832687,29.171432,29.34539,31.483177,30.311287,29.780273,28.228424,29.697868,29.217209,35.035477,37.992676,35.964752,31.753265,30.801102,30.114441,35.159073,32.087433,30.476082,31.451134,30.494392,35.181961,3534489.7,-0.0045776367,-0.0045776367,-0.0045776367,-0.0045776367,-0.0045776367,-0.0045776367,-0.0045776367,-0.0045776367,-0.0045776367,-0.0045776367,-0.0045776367,-0.0045776367,-0.0045776367,-3.7674561,-2.0737,-1.0483093,0.15106201,0.42572021,-0.0045776367,-0.0045776367,-0.0045776367,-0.0045776367,-0.0045776367,-0.0045776367,3534489.7
3625249555328,5.0597539,0,34.737923,33.108261,32.513161,30.851456,32.330055,33.103683,34.119934,33.488213,32.948044,30.292976,32.636757,32.490273,37.379265,39.530785,35.625999,33.506523,32.352943,32.256813,38.445869,34.463264,33.66674,33.529411,32.641335,38.610664,3534509.7,31.867706,29.848938,29.414055,28.841843,29.171432,29.354546,31.487755,30.302132,29.794006,28.233002,29.693291,29.217209,35.026321,37.974365,35.983063,31.744102,30.805679,30.114441,35.168228,32.101166,30.448616,31.446556,30.49897,35.154495,3534509.7,-0.0045776367,-0.0045776367,-0.0045776367,-0.0045776367,-0.0045776367,-0.0045776367,-0.0045776367,-0.0045776367,-0.0045776367,-0.0045776367,-0.0045776367,-0.0045776367,-0.0045776367,-3.5568848,-2.2659607,-1.0849304,-0.61798096,0.62713623,-0.0045776367,-0.0045776367,-0.0045776367,-0.0045776367,-0.0045776367,-0.0045776367,3534509.7
3625269563904,5.0797625,0,34.733345,33.108261,32.513161,30.846878,32.334633,33.108261,34.124512,33.483635,32.948044,30.292976,32.632179,32.485695,37.379265,39.530785,35.630577,33.501945,32.357521,32.261391,38.450447,34.463264,33.671318,33.529411,32.641335,38.606087,3534529.7,31.858551,29.867249,29.441521,28.837265,29.189743,29.372856,31.487755,30.306709,29.784851,28.219269,29.702446,29.217209,35.030899,37.992676,35.96933,31.734947,30.796524,30.09613,35.181961,32.0737,30.462349,31.455711,30.489815,35.186539,3534529.7,-0.0045776367,-0.0045776367,-0.0045776367,-0.0045776367,-0.0045776367,-0.0045776367,-0.0045776367,-0.0045776367,-0.0045776367,-0.0045776367,-0.0045776367,-0.0045776367,-0.0045776367,-2.9068298,-1.8539734,-0.8102417,-0.80108643,0.38909912,-0.0045776367,-0.0045776367,-0.0045776367,-0.0045776367,-0.0045776367,-0.0045776367,3534529.7
3625289537920,5.0997365,0,34.737923,33.108261,32.499428,30.851456,32.325478,33.103683,34.119934,33.488213,32.948044,30.283821,32.632179,32.490273,37.379265,39.530785,35.630577,33.501945,32.352943,32.265968,38.455025,34.458687,33.675896,33.533989,32.641335,38.615242,3534549.7,31.853973,29.871826,29.436943,28.82811,29.162277,29.349968,31.492332,30.315865,29.780273,28.228424,29.707024,29.235519,35.044632,37.956055,35.96933,31.73037,30.801102,30.119019,35.168228,32.087433,30.471504,31.446556,30.480659,35.181961,3534549.7,-0.0045776367,-0.0045776367,-0.0045776367,-0.0045776367,-0.0045776367,-0.0045776367,-0.0045776367,-0.0045776367,-0.0045776367,-0.0045776367,-0.0045776367,-0.0045776367,-0.0045776367,-2.4307556,-1.9821472,-0.75531006,-1.3412781,0.24261475,-0.0045776367,-0.0045776367,-0.0045776367,-0.0045776367,-0.0045776367,-0.0045776367,3534549.7
3625309632608,5.1198312,0,34.737923,33.108261,32.508583,30.846878,32.330055,33.103683,34.119934,33.49279,32.943466,30.292976,32.627602,32.499428,37.379265,39.535362,35.625999,33.506523,32.352943,32.270546,38.450447,34.467842,33.671318,33.529411,32.641335,38.610664,3534569.7,31.876862,29.84436,29.432365,28.832687,29.180588,29.354546,31.487755,30.311287,29.784851,28.219269,29.688713,29.217209,35.026321,37.978943,35.955597,31.739525,30.814835,30.109863,35.168228,32.078278,30.471504,31.446556,30.494392,35.181961,3534569.7,-0.0045776367,-0.0045776367,-0.0045776367,-0.0045776367,-0.0045776367,-0.0045776367,-0.0045776367,-0.0045776367,-0.0045776367,-0.0045776367,-0.0045776367,-0.0045776367,-0.0045776367,-2.4948425,-1.6342468,-0.70953369,-1.4419861,0.48065186,-0.0045776367,-0.0045776367,-0.0045776367,-0.0045776367,-0.0045776367,-0.0045776367,3534569.7
3625329596288,5.1397949,0,34.7425,33.103683,32.508583,30.860611,32.330055,33.108261,34.119934,33.488213,32.943466,30.288399,32.627602,32.490273,37.379265,39.535362,35.625999,33.506523,32.357521,32.261391,38.450447,34.463264,33.671318,33.529411,32.636757,38.610664,3534589.7,31.863129,29.862671,29.42321,28.823532,29.17601,29.354546,31.492332,30.320442,29.784851,28.214691,29.697868,29.217209,35.053787,37.974365,35.964752,31.73037,30.819412,30.100708,35.154495,32.087433,30.480659,31.451134,30.494392,35.172806,3534589.7,-0.0045776367,-0.0045776367,-0.0045776367,-0.0045776367,-0.0045776367,-0.0045776367,-0.0045776367,-0.0045776367,-0.0045776367,-0.0045776367,-0.0045776367,-0.0045776367,-0.0045776367,-1.7349548,-1.7715759,-1.0483093,-1.8722839,0.2243042,-0.0045776367,-0.0045776367,-0.0045776367,-0.0045776367,-0.0045776367,-0.0045776367,3534589.7
3625349752224,5.1599508,0,34.7425,33.108261,32.508583,30.851456,32.330055,33.103683,34.115356,33.49279,32.948044,30.292976,32.627602,32.490273,37.383842,39.535362,35.625999,33.497368,32.348366,32.265968,38.450447,34.467842,33.671318,33.520256,32.641335,38.606087,3534609.7,31.872284,29.848938,29.441521,28.837265,29.17601,29.349968,31.483177,30.32502,29.789429,28.219269,29.693291,29.221786,35.040054,37.983521,35.964752,31.73037,30.801102,30.114441,35.168228,32.082855,30.462349,31.460289,30.489815,35.177383,3534609.7,-0.0045776367,-0.0045776367,-0.0045776367,-0.0045776367,-0.0045776367,-0.0045776367,-0.0045776367,-0.0045776367,-0.0045776367,-0.0045776367,-0.0045776367,-0.0045776367,-0.0045776367,-1.506073,-1.6250916,-0.46234131,-1.8539734,0.29754639,-0.0045776367,-0.0045776367,-0.0045776367,-0.0045776367,-0.0045776367,-0.0045776367,3534609.7
3625369555808,5.1797544,0,34.733345,33.108261,32.508583,30.846878,32.325478,33.099106,34.119934,33.49279,32.957199,30.292976,32.632179,32.49485,37.379265,39.535362,35.625999,33.506523,32.357521,32.261391,38.445869,34.458687,33.671318,33.529411,32.641335,38.610664,3534629.7,31.872284,29.853516,29.450676,28.823532,29.166855,29.354546,31.492332,30.311287,29.794006,28.219269,29.702446,29.226364,35.058365,37.974365,35.96933,31.744102,30.791946,30.114441,35.177383,32.082855,30.457771,31.446556,30.489815,35.168228,3534629.7,-0.0045776367,-0.0045776367,-0.0045776367,-0.0045776367,-0.0045776367,-0.0045776367,-0.0045776367,-0.0045776367,-0.0045776367,-0.0045776367,-0.0045776367,-0.0045776367,-0.0045776367,-2.5314636,-1.7898865,-0.52642822,-1.9363708,0.47149658,-0.0045776367,-0.0045776367,-0.0045776367,-0.0045776367,-0.0045776367,-0.0045776367,3534629.7
3625389541376,5.19974,0,34.733345,33.103683,32.504005,30.851456,32.325478,33.103683,34.124512,33.483635,32.948044,30.288399,32.632179,32.490273,37.374687,39.535362,35.625999,33.506523,32.348366,32.261391,38.450447,34.463264,33.671318,33.533989,32.636757,38.610664,3534649.7,31.858551,29.858093,29.436943,28.832687,29.1577,29.340813,31.492332,30.306709,29.784851,28.214691,29.697868,29.203476,35.035477,37.978943,35.964752,31.739525,30.796524,30.109863,35.159073,32.082855,30.471504,31.451134,30.489815,35.177383,3534649.7,-0.0045776367,-0.0045776367,-0.0045776367,-0.0045776367,-0.0045776367,-0.0045776367,-0.0045776367,-0.0045776367,-0.0045776367,-0.0045776367,-0.0045776367,-0.0045776367,-0.0045776367,-1.5976257,-1.4511414,-0.70953369,-2.3941345,0.38909912,-0.0045776367,-0.0045776367,-0.0045776367,-0.0045776367,-0.0045776367,-0.0045776367,3534649.7
3625409574816,5.2197734,0,34.733345,33.108261,32.504005,30.851456,32.325478,33.099106,34.124512,33.483635,32.948044,30.283821,32.636757,32.481117,37.379265,39.535362,35.630577,33.506523,32.352943,32.261391,38.450447,34.463264,33.671318,33.529411,32.641335,38.610664,3534669.7,31.863129,29.867249,29.42321,28.837265,29.171432,29.359123,31.487755,30.311287,29.789429,28.219269,29.707024,29.198898,35.040054,37.983521,35.955597,31.74868,30.801102,30.105286,35.163651,32.09201,30.476082,31.446556,30.489815,35.191116,3534669.7,-0.0045776367,-0.0045776367,-0.0045776367,-0.0045776367,-0.0045776367,-0.0045776367,-0.0045776367,-0.0045776367,-0.0045776367,-0.0045776367,-0.0045776367,-0.0045776367,-0.0045776367,-1.8722839,-1.7257996,-0.81939697,-2.476532,0.01373291,-0.0045776367,-0.0045776367,-0.0045776367,-0.0045776367,-0.0045776367,-0.0045776367,3534669.7
3625429573696,5.2397723,0,34.737923,33.108261,32.508583,30.851456,32.325478,33.112839,34.124512,33.488213,32.952621,30.288399,32.627602,32.49485,37.383842,39.53994,35.630577,33.506523,32.343788,32.270546,38.455025,34.458687,33.675896,33.529411,32.641335,38.610664,3534689.7,31.872284,29.876404,29.432365,28.841843,29.171432,29.359123,31.487755,30.306709,29.771118,28.228424,29.693291,29.221786,35.026321,37.988098,35.973907,31.739525,30.805679,30.114441,35.163651,32.078278,30.466927,31.441978,30.489815,35.172806,3534689.7,-0.0045776367,-0.0045776367,-0.0045776367,-0.0045776367,-0.0045776367,-0.0045776367,-0.0045776367,-0.0045776367,-0.0045776367,-0.0045776367,-0.0045776367,-0.0045776367,-0.0045776367,-2.7603455,-2.0279236,-1.2222595,-2.1011658,-0.14190674,-0.0045776367,-0.0045776367,-0.0045776367,-0.0045776367,-0.0045776367,-0.0045776367,3534689.7
3625449524064,5.2597227,0,34.737923,33.117416,32.504005,30.856033,32.334633,33.108261,34.119934,33.488213,32.948044,30.292976,32.627602,32.490273,37.374687,39.535362,35.630577,33.506523,32.343788,32.261391,38.450447,34.458687,33.66674,33.529411,32.636757,38.606087,3534709.7,31.876862,29.876404,29.427788,28.837265,29.17601,29.363701,31.474022,30.302132,29.784851,28.223846,29.702446,29.226364,35.030899,37.969788,35.951019,31.74868,30.805679,30.119019,35.159073,32.087433,30.471504,31.446556,30.512703,35.177383,3534709.7,-0.0045776367,-0.0045776367,-0.0045776367,-0.0045776367,-0.0045776367,-0.0045776367,-0.0045776367,-0.0045776367,-0.0045776367,-0.0045776367,-0.0045776367,-0.0045776367,-0.0045776367,-2.0553894,-1.808197,-0.89263916,-2.2568054,-0.19683838,-0.0045776367,-0.0045776367,-0.0045776367,-0.0045776367,-0.0045776367,-0.0045776367,3534709.7
3625469514944,5.2797135,0,34.733345,33.112839,32.504005,30.846878,32.330055,33.108261,34.119934,33.488213,32.943466,30.288399,32.636757,32.49485,37.379265,39.544518,35.625999,33.506523,32.348366,32.265968,38.450447,34.458687,33.671318,33.524834,32.641335,38.606087,3534729.7,31.876862,29.862671,29.432365,28.82811,29.166855,29.354546,31.487755,30.315865,29.784851,28.223846,29.688713,29.230942,35.053787,37.988098,35.960175,31.744102,30.805679,30.123596,35.168228,32.09201,30.466927,31.441978,30.49897,35.177383,3534729.7,-0.0045776367,-0.0045776367,-0.0045776367,-0.0045776367,-0.0045776367,-0.0045776367,-0.0045776367,-0.0045776367,-0.0045776367,-0.0045776367,-0.0045776367,-0.0045776367,-0.0045776367,-2.5314636,-2.0828552,-1.2131042,-0.85601807,-0.35247803,-0.0045776367,-0.0045776367,-0.0045776367,-0.0045776367,-0.0045776367,-0.0045776367,3534729.7
3625489529440,5.299728,0,34.733345,33.112839,32.504005,30.851456,32.334633,33.103683,34.119934,33.488213,32.948044,30.297554,32.632179,32.490273,37.383842,39.535362,35.625999,33.501945,32.348366,32.265968,38.450447,34.463264,33.680473,33.529411,32.636757,38.610664,3534749.7,31.844818,29.871826,29.427788,28.837265,29.166855,29.354546,31.492332,30.315865,29.780273,28.219269,29.693291,29.230942,35.04921,37.974365,35.964752,31.744102,30.801102,30.100708,35.159073,32.087433,30.457771,31.455711,30.49897,35.159073,3534749.7,-0.0045776367,-0.0045776367,-0.0045776367,-0.0045776367,-0.0045776367,-0.0045776367,-0.0045776367,-0.0045776367,-0.0045776367,-0.0045776367,-0.0045776367,-0.0045776367,-0.0045776367,-3.1357422,-2.3666687,-1.4236755,-0.8102417,0.01373291,-0.0045776367,-0.0045776367,-0.0045776367,-0.0045776367,-0.0045776367,-0.0045776367,3534749.7
3625509568544,5.3197671,0,34.737923,33.103683,32.508583,30.856033,32.325478,33.108261,34.119934,33.488213,32.943466,30.288399,32.627602,32.490273,37.383842,39.535362,35.625999,33.511101,32.352943,32.265968,38.450447,34.463264,33.66674,33.533989,32.636757,38.610664,3534769.7,31.863129,29.862671,29.441521,28.82811,29.180588,29.359123,31.4786,30.311287,29.794006,28.233002,29.697868,29.208054,35.044632,37.96521,35.960175,31.762421,30.801102,30.105286,35.191116,32.09201,30.457771,31.446556,30.508125,35.163651,3534769.7,-0.0045776367,-0.0045776367,-0.0045776367,-0.0045776367,-0.0045776367,-0.0045776367,-0.0045776367,-0.0045776367,-0.0045776367,-0.0045776367,-0.0045776367,-0.0045776367,-0.0045776367,-2.7511902,-2.0737,-1.1490173,-0.8102417,-0.38909912,-0.0045776367,-0.0045776367,-0.0045776367,-0.0045776367,-0.0045776367,-0.0045776367,3534769.7
3625529540864,5.3397395,0,34.7425,33.112839,32.508583,30.8423,32.330055,33.103683,34.124512,33.488213,32.948044,30.288399,32.627602,32.490273,37.379265,39.544518,35.625999,33.511101,32.348366,32.265968,38.459602,34.463264,33.671318,33.533989,32.641335,38.615242,3534789.7,31.858551,29.876404,29.418633,28.818954,29.143967,29.363701,31.4786,30.306709,29.784851,28.233002,29.697868,29.235519,35.035477,37.969788,35.98764,31.762421,30.801102,30.114441,35.181961,32.0737,30.453194,31.446556,30.480659,35.181961,3534789.7,-0.0045776367,-0.0045776367,-0.0045776367,-0.0045776367,-0.0045776367,-0.0045776367,-0.0045776367,-0.0045776367,-0.0045776367,-0.0045776367,-0.0045776367,-0.0045776367,-0.0045776367,-2.2476501,-2.3483582,-1.1673279,-0.19683838,-0.21514893,-0.0045776367,-0.0045776367,-0.0045776367,-0.0045776367,-0.0045776367,-0.0045776367,3534789.7
3625549723488,5.3599221,0,34.733345,33.103683,32.504005,30.856033,32.330055,33.108261,34.119934,33.488213,32.952621,30.292976,32.632179,32.49485,37.379265,39.535362,35.621422,33.497368,32.343788,32.265968,38.450447,34.463264,33.671318,33.533989,32.636757,38.615242,3534809.7,31.867706,29.871826,29.427788,28.82811,29.185165,29.349968,31.49691,30.302132,29.775696,28.219269,29.697868,29.217209,35.021744,37.988098,35.96933,31.753265,30.801102,30.119019,35.159073,32.082855,30.466927,31.441978,30.49897,35.181961,3534809.7,-0.0045776367,-0.0045776367,-0.0045776367,-0.0045776367,-0.0045776367,-0.0045776367,-0.0045776367,-0.0045776367,-0.0045776367,-0.0045776367,-0.0045776367,-0.0045776367,-0.0045776367,-2.9526062,-2.2659607,-1.002533,-0.42572021,-0.15106201,-0.0045776367,-0.0045776367,-0.0045776367,-0.0045776367,-0.0045776367,-0.0045776367,3534809.7
3625569523168,5.3797218,0,34.733345,33.108261,32.504005,30.846878,32.325478,33.103683,34.124512,33.49279,32.948044,30.288399,32.632179,32.485695,37.383842,39.53994,35.630577,33.506523,32.348366,32.270546,38.445869,34.458687,33.675896,33.533989,32.641335,38.606087,3534829.7,31.867706,29.858093,29.432365,28.832687,29.153122,29.363701,31.4786,30.315865,29.798584,28.233002,29.711601,29.212631,35.04921,37.992676,35.955597,31.74868,30.791946,30.091553,35.163651,32.087433,30.476082,31.460289,30.489815,35.177383,3534829.7,-0.0045776367,-0.0045776367,-0.0045776367,-0.0045776367,-0.0045776367,-0.0045776367,-0.0045776367,-0.0045776367,-0.0045776367,-0.0045776367,-0.0045776367,-0.0045776367,-0.0045776367,-2.009613,-2.3849792,-0.89263916,1.0208435,-0.20599365,-0.0045776367,-0.0045776367,-0.0045776367,-0.0045776367,-0.0045776367,-0.0045776367,3534829.7
3625589533856,5.3997324,0,34.737923,33.108261,32.513161,30.851456,32.330055,33.108261,34.119934,33.488213,32.957199,30.297554,32.627602,32.49485,37.379265,39.53994,35.630577,33.506523,32.343788,32.261391,38.445869,34.467842,33.671318,33.538567,32.636757,38.615242,3534849.7,31.867706,29.862671,29.436943,28.823532,29.166855,29.363701,31.487755,30.297554,29.780273,28.223846,29.720757,29.221786,35.040054,37.946899,35.978485,31.734947,30.814835,30.105286,35.154495,32.09201,30.466927,31.451134,30.512703,35.172806,3534849.7,-0.0045776367,-0.0045776367,-0.0045776367,-0.0045776367,-0.0045776367,-0.0045776367,-0.0045776367,-0.0045776367,-0.0045776367,-0.0045776367,-0.0045776367,-0.0045776367,-0.0045776367,-2.3575134,-1.9455261,-0.72784424,-0.059509277,-0.27923584,-0.0045776367,-0.0045776367,-0.0045776367,-0.0045776367,-0.0045776367,-0.0045776367,3534849.7
3625609579104,5.4197777,0,34.733345,33.108261,32.504005,30.8423,32.339211,33.112839,34.124512,33.483635,32.943466,30.292976,32.632179,32.485695,37.383842,39.53994,35.621422,33.501945,32.348366,32.265968,38.445869,34.463264,33.671318,33.524834,32.641335,38.606087,3534869.7,31.863129,29.858093,29.418633,28.832687,29.17601,29.34539,31.492332,30.306709,29.784851,28.228424,29.693291,29.221786,35.030899,37.974365,35.964752,31.73037,30.796524,30.109863,35.159073,32.087433,30.466927,31.460289,30.508125,35.159073,3534869.7,-0.0045776367,-0.0045776367,-0.0045776367,-0.0045776367,-0.0045776367,-0.0045776367,-0.0045776367,-0.0045776367,-0.0045776367,-0.0045776367,-0.0045776367,-0.0045776367,-0.0045776367,-2.3941345,-1.7807312,-0.76446533,0.04119873,-0.43487549,-0.0045776367,-0.0045776367,-0.0045776367,-0.0045776367,-0.0045776367,-0.0045776367,3534869.7
3625629508448,5.439707,0,34.7425,33.108261,32.517738,30.856033,32.334633,33.108261,34.119934,33.488213,32.952621,30.288399,32.627602,32.490273,37.374687,39.544518,35.625999,33.501945,32.348366,32.265968,38.450447,34.467842,33.675896,33.533989,32.641335,38.610664,3534889.7,31.867706,29.853516,29.432365,28.82811,29.171432,29.359123,31.469444,30.320442,29.794006,28.228424,29.702446,29.226364,35.044632,37.988098,35.960175,31.74868,30.805679,30.114441,35.172806,32.069122,30.476082,31.437401,30.503548,35.154495,3534889.7,-0.0045776367,-0.0045776367,-0.0045776367,-0.0045776367,-0.0045776367,-0.0045776367,-0.0045776367,-0.0045776367,-0.0045776367,-0.0045776367,-0.0045776367,-0.0045776367,-0.0045776367,-2.2568054,-1.5243835,-0.74615479,0.11444092,-0.13275146,-0.0045776367,-0.0045776367,-0.0045776367,-0.0045776367,-0.0045776367,-0.0045776367,3534889.7
3625649535488,5.4597341,0,34.733345,33.099106,32.504005,30.856033,32.330055,33.103683,34.119934,33.488213,32.948044,30.292976,32.632179,32.49485,37.383842,39.53994,35.616844,33.501945,32.348366,32.261391,38.441292,34.463264,33.675896,33.529411,32.636757,38.615242,3534909.7,31.863129,29.858093,29.432365,28.818954,29.171432,29.359123,31.49691,30.311287,29.789429,28.205536,29.711601,29.212631,35.030899,37.988098,35.960175,31.725792,30.814835,30.123596,35.159073,32.0737,30.457771,31.455711,30.480659,35.172806,3534909.7,-0.0045776367,-0.0045776367,-0.0045776367,-0.0045776367,-0.0045776367,-0.0045776367,-0.0045776367,-0.0045776367,-0.0045776367,-0.0045776367,-0.0045776367,-0.0045776367,-0.0045776367,-2.6047058,-1.4145203,-0.52642822,0.16937256,-1.2314148,-0.0045776367,-0.0045776367,-0.0045776367,-0.0045776367,-0.0045776367,-0.0045776367,3534909.7
3625669522208,5.4797208,0,34.733345,33.108261,32.504005,30.856033,32.334633,33.103683,34.119934,33.488213,32.961777,30.292976,32.627602,32.490273,37.383842,39.535362,35.621422,33.506523,32.348366,32.265968,38.455025,34.467842,33.671318,33.529411,32.641335,38.610664,3534929.7,31.872284,29.858093,29.432365,28.832687,29.171432,29.354546,31.483177,30.320442,29.771118,28.219269,29.702446,29.208054,35.030899,37.978943,35.955597,31.734947,30.791946,30.105286,35.168228,32.082855,30.485237,31.437401,30.503548,35.168228,3534929.7,-0.0045776367,-0.0045776367,-0.0045776367,-0.0045776367,-0.0045776367,-0.0045776367,-0.0045776367,-0.0045776367,-0.0045776367,-0.0045776367,-0.0045776367,-0.0045776367,-0.0045776367,-2.1377869,-1.002533,-0.38909912,0.032043457,-0.23345947,-0.0045776367,-0.0045776367,-0.0045776367,-0.0045776367,-0.0045776367,-0.0045776367,3534929.7
3625689503232,5.4997018,0,34.737923,33.108261,32.504005,30.851456,32.330055,33.108261,34.119934,33.479057,32.948044,30.288399,32.632179,32.485695,37.379265,39.544518,35.621422,33.506523,32.352943,32.265968,38.450447,34.463264,33.671318,33.529411,32.636757,38.615242,3534949.7,31.863129,29.871826,29.418633,28.837265,29.166855,29.354546,31.492332,30.306709,29.775696,28.223846,29.702446,29.221786,35.053787,37.978943,35.955597,31.74868,30.810257,30.109863,35.181961,32.09201,30.466927,31.460289,30.49897,35.195694,3534949.7,-0.0045776367,-0.0045776367,-0.0045776367,-0.0045776367,-0.0045776367,-0.0045776367,-0.0045776367,-0.0045776367,-0.0045776367,-0.0045776367,-0.0045776367,-0.0045776367,-0.0045776367,-2.57724,-0.6729126,0.068664551,0.077819824,-0.23345947,-0.0045776367,-0.0045776367,-0.0045776367,-0.0045776367,-0.0045776367,-0.0045776367,3534949.7
3625709605472,5.5198041,0,34.737923,33.108261,32.499428,30.851456,32.330055,33.103683,34.119934,33.483635,32.952621,30.283821,32.632179,32.485695,37.379265,39.544518,35.630577,33.501945,32.343788,32.265968,38.455025,34.463264,33.675896,33.529411,32.641335,38.61982,3534969.7,31.863129,29.853516,29.436943,28.82811,29.180588,29.359123,31.501488,30.315865,29.784851,28.223846,29.697868,29.230942,35.040054,37.978943,35.955597,31.757843,30.805679,30.114441,35.172806,32.078278,30.471504,31.441978,30.480659,35.159073,3534969.7,-0.0045776367,-0.0045776367,-0.0045776367,-0.0045776367,-0.0045776367,-0.0045776367,-0.0045776367,-0.0045776367,-0.0045776367,-0.0045776367,-0.0045776367,-0.0045776367,-0.0045776367,-2.7603455,-0.28839111,-0.3616333,-0.37078857,0.032043457,-0.0045776367,-0.0045776367,-0.0045776367,-0.0045776367,-0.0045776367,-0.0045776367,3534969.7
3625729531744,5.5397303,0,34.737923,33.108261,32.504005,30.846878,32.325478,33.108261,34.119934,33.488213,32.948044,30.292976,32.632179,32.49485,37.383842,39.549095,35.630577,33.506523,32.348366,32.270546,38.450447,34.463264,33.671318,33.529411,32.645912,38.610664,3534989.7,31.863129,29.862671,29.436943,28.837265,29.180588,29.363701,31.4786,30.315865,29.794006,28.210114,29.693291,29.217209,35.053787,37.978943,35.951019,31.739525,30.796524,30.123596,35.154495,32.064545,30.471504,31.428246,30.49897,35.200272,3534989.7,-0.0045776367,-0.0045776367,-0.0045776367,-0.0045776367,-0.0045776367,-0.0045776367,-0.0045776367,-0.0045776367,-0.0045776367,-0.0045776367,-0.0045776367,-0.0045776367,-0.0045776367,-3.1082764,-0.096130371,0.04119873,-0.10528564,-0.15106201,-0.0045776367,-0.0045776367,-0.0045776367,-0.0045776367,-0.0045776367,-0.0045776367,3534989.7
3625749641280,5.5598399,0,34.737923,33.108261,32.504005,30.851456,32.330055,33.103683,34.124512,33.488213,32.948044,30.292976,32.632179,32.499428,37.374687,39.53994,35.625999,33.515678,32.348366,32.270546,38.459602,34.467842,33.671318,33.533989,32.641335,38.615242,3535009.7,31.867706,29.862671,29.436943,28.837265,29.189743,29.354546,31.49691,30.311287,29.784851,28.219269,29.702446,29.230942,35.044632,37.969788,35.96933,31.739525,30.814835,30.109863,35.186539,32.087433,30.466927,31.455711,30.476082,35.159073,3535009.7,-0.0045776367,-0.0045776367,-0.0045776367,-0.0045776367,-0.0045776367,-0.0045776367,-0.0045776367,-0.0045776367,-0.0045776367,-0.0045776367,-0.0045776367,-0.0045776367,-0.0045776367,-2.5223083,1.1398621,-0.2243042,-0.52642822,-0.24261475,-0.0045776367,-0.0045776367,-0.0045776367,-0.0045776367,-0.0045776367,-0.0045776367,3535009.7
3625769516224,5.5797148,0,34.7425,33.112839,32.504005,30.846878,32.334633,33.108261,34.119934,33.49279,32.952621,30.283821,32.632179,32.490273,37.383842,39.549095,35.625999,33.497368,32.348366,32.270546,38.455025,34.463264,33.675896,33.529411,32.641335,38.610664,3535029.7,31.863129,29.867249,29.436943,28.841843,29.180588,29.363701,31.469444,30.320442,29.780273,28.223846,29.725334,29.221786,35.017166,37.969788,35.937286,31.73037,30.791946,30.105286,35.163651,32.082855,30.471504,31.446556,30.517281,35.191116,3535029.7,-0.0045776367,-0.0045776367,-0.0045776367,-0.0045776367,-0.0045776367,-0.0045776367,-0.0045776367,-0.0045776367,-0.0045776367,-0.0045776367,-0.0045776367,-0.0045776367,-0.0045776367,-2.6687927,1.0757751,-0.28839111,-0.086975098,-0.39825439,-0.0045776367,-0.0045776367,-0.0045776367,-0.0045776367,-0.0045776367,-0.0045776367,3535029.7
3625789499584,5.5996982,0,34.733345,33.103683,32.504005,30.856033,32.339211,33.103683,34.119934,33.49279,32.952621,30.288399,32.627602,32.490273,37.383842,39.549095,35.625999,33.501945,32.343788,32.265968,38.450447,34.467842,33.671318,33.529411,32.641335,38.610664,3535049.7,31.863129,29.885559,29.450676,28.841843,29.162277,29.363701,31.483177,30.315865,29.775696,28.223846,29.697868,29.230942,35.044632,37.969788,35.964752,31.757843,30.810257,30.09613,35.177383,32.101166,30.462349,31.432823,30.494392,35.181961,3535049.7,-0.0045776367,-0.0045776367,-0.0045776367,-0.0045776367,-0.0045776367,-0.0045776367,-0.0045776367,-0.0045776367,-0.0045776367,-0.0045776367,-0.0045776367,-0.0045776367,-0.0045776367,-2.7420349,0.59051514,-0.42572021,-0.37078857,-0.29754639,-0.0045776367,-0.0045776367,-0.0045776367,-0.0045776367,-0.0045776367,-0.0045776367,3535049.7
3625809578976,5.6197776,0,34.737923,33.108261,32.508583,30.856033,32.325478,33.108261,34.124512,33.488213,32.952621,30.288399,32.632179,32.49485,37.383842,39.544518,35.621422,33.506523,32.339211,32.265968,38.445869,34.463264,33.671318,33.533989,32.641335,38.610664,3535069.7,31.876862,29.871826,29.432365,28.832687,29.185165,29.349968,31.487755,30.302132,29.771118,28.223846,29.697868,29.235519,35.040054,37.960632,35.96933,31.739525,30.810257,30.132751,35.177383,32.087433,30.462349,31.455711,30.49897,35.168228,3535069.7,-0.0045776367,-0.0045776367,-0.0045776367,-0.0045776367,-0.0045776367,-0.0045776367,-0.0045776367,-0.0045776367,-0.0045776367,-0.0045776367,-0.0045776367,-0.0045776367,-0.0045776367,-2.879364,0.74615479,-0.20599365,-0.48980713,-0.34332275,-0.0045776367,-0.0045776367,-0.0045776367,-0.0045776367,-0.0045776367,-0.0045776367,3535069.7
3625829568800,5.6397674,0,34.737923,33.103683,32.504005,30.851456,32.3209,33.099106,34.124512,33.488213,32.952621,30.288399,32.627602,32.490273,37.383842,39.535362,35.625999,33.506523,32.343788,32.265968,38.450447,34.463264,33.671318,33.529411,32.641335,38.615242,3535089.7,31.872284,29.858093,29.450676,28.832687,29.171432,29.354546,31.492332,30.292976,29.775696,28.233002,29.716179,29.230942,35.030899,37.974365,35.960175,31.74868,30.814835,30.091553,35.14534,32.087433,30.462349,31.455711,30.508125,35.186539,3535089.7,-0.0045776367,-0.0045776367,-0.0045776367,-0.0045776367,-0.0045776367,-0.0045776367,-0.0045776367,-0.0045776367,-0.0045776367,-0.0045776367,-0.0045776367,-0.0045776367,-0.0045776367,-2.6413269,0.76446533,-0.37994385,0.0045776367,-0.56304932,-0.0045776367,-0.0045776367,-0.0045776367,-0.0045776367,-0.0045776367,-0.0045776367,3535089.7
3625849507776,5.6597064,0,34.737923,33.108261,32.504005,30.851456,32.334633,33.112839,34.115356,33.49279,32.948044,30.288399,32.632179,32.49485,37.379265,39.549095,35.625999,33.511101,32.339211,32.270546,38.455025,34.458687,33.66674,33.529411,32.641335,38.61982,3535109.7,31.881439,29.858093,29.441521,28.841843,29.166855,29.349968,31.487755,30.315865,29.784851,28.219269,29.716179,29.217209,35.035477,37.974365,35.951019,31.739525,30.814835,30.114441,35.181961,32.069122,30.471504,31.441978,30.494392,35.172806,3535109.7,-0.0045776367,-0.0045776367,-0.0045776367,-0.0045776367,-0.0045776367,-0.0045776367,-0.0045776367,-0.0045776367,-0.0045776367,-0.0045776367,-0.0045776367,-0.0045776367,-0.0045776367,-2.6687927,0.61798096,-0.12359619,-0.086975098,-0.3616333,-0.0045776367,-0.0045776367,-0.0045776367,-0.0045776367,-0.0045776367,-0.0045776367,3535109.7
3625869505056,5.6797036,0,34.737923,33.103683,32.513161,30.856033,32.330055,33.108261,34.124512,33.488213,32.948044,30.288399,32.627602,32.49485,37.383842,39.53994,35.621422,33.506523,32.339211,32.270546,38.445869,34.463264,33.671318,33.538567,32.636757,38.610664,3535129.7,31.872284,29.867249,29.42321,28.832687,29.166855,29.354546,31.487755,30.306709,29.794006,28.210114,29.702446,29.221786,35.040054,37.974365,35.955597,31.734947,30.805679,30.119019,35.172806,32.082855,30.476082,31.469444,30.49897,35.177383,3535129.7,-0.0045776367,-0.0045776367,-0.0045776367,-0.0045776367,-0.0045776367,-0.0045776367,-0.0045776367,-0.0045776367,-0.0045776367,-0.0045776367,-0.0045776367,-0.0045776367,-0.0045776367,-3.1357422,0.44403076,-0.086975098,-0.35247803,-0.38909912,-0.0045776367,-0.0045776367,-0.0045776367,-0.0045776367,-0.0045776367,-0.0045776367,3535129.7
3625889523488,5.6997221,0,34.737923,33.112839,32.513161,30.846878,32.330055,33.099106,34.119934,33.488213,32.948044,30.288399,32.623024,32.49485,37.379265,39.549095,35.621422,33.511101,32.343788,32.265968,38.450447,34.463264,33.675896,33.538567,32.636757,38.615242,3535149.7,31.863129,29.858093,29.436943,28.837265,29.1577,29.349968,31.49691,30.315865,29.780273,28.223846,29.707024,29.217209,35.044632,37.992676,35.955597,31.74868,30.819412,30.091553,35.172806,32.078278,30.466927,31.441978,30.489815,35.191116,3535149.7,-0.0045776367,-0.0045776367,-0.0045776367,-0.0045776367,-0.0045776367,-0.0045776367,-0.0045776367,-0.0045776367,-0.0045776367,-0.0045776367,-0.0045776367,-0.0045776367,-0.0045776367,-3.1540527,0.50811768,-0.45318604,0.096130371,-0.16937256,-0.0045776367,-0.0045776367,-0.0045776367,-0.0045776367,-0.0045776367,-0.0045776367,3535149.7
3625909548960,5.7197476,0,34.7425,33.112839,32.508583,30.851456,32.334633,33.103683,34.119934,33.488213,32.948044,30.292976,32.632179,32.49485,37.383842,39.549095,35.625999,33.506523,32.343788,32.270546,38.450447,34.458687,33.680473,33.533989,32.641335,38.615242,3535169.7,31.886017,29.867249,29.427788,28.832687,29.180588,29.359123,31.4786,30.311287,29.780273,28.223846,29.702446,29.217209,35.030899,37.974365,35.951019,31.753265,30.819412,30.109863,35.163651,32.082855,30.480659,31.455711,30.485237,35.172806,3535169.7,-0.0045776367,-0.0045776367,-0.0045776367,-0.0045776367,-0.0045776367,-0.0045776367,-0.0045776367,-0.0045776367,-0.0045776367,-0.0045776367,-0.0045776367,-0.0045776367,-0.0045776367,-2.9434509,0.4989624,-0.68206787,-0.086975098,-0.4989624,-0.0045776367,-0.0045776367,-0.0045776367,-0.0045776367,-0.0045776367,-0.0045776367,3535169.7
3625929485248,5.7396838,0,34.737923,33.108261,32.508583,30.856033,32.330055,33.108261,34.124512,33.488213,32.948044,30.288399,32.627602,32.490273,37.379265,39.549095,35.621422,33.506523,32.343788,32.270546,38.450447,34.463264,33.680473,33.538567,32.645912,38.610664,3535189.7,31.853973,29.885559,29.427788,28.841843,29.180588,29.349968,31.483177,30.32502,29.775696,28.233002,29.697868,29.203476,35.040054,37.96521,35.923553,31.766998,30.819412,30.137329,35.159073,32.078278,30.485237,31.446556,30.49897,35.149918,3535189.7,-0.0045776367,-0.0045776367,-0.0045776367,-0.0045776367,-0.0045776367,-0.0045776367,-0.0045776367,-0.0045776367,-0.0045776367,-0.0045776367,-0.0045776367,-0.0045776367,-0.0045776367,-2.9342957,0.52642822,-0.62713623,-0.16021729,0.20599365,-0.0045776367,-0.0045776367,-0.0045776367,-0.0045776367,-0.0045776367,-0.0045776367,3535189.7
3625949727264,5.7599259,0,34.737923,33.108261,32.513161,30.851456,32.330055,33.108261,34.119934,33.49279,32.952621,30.283821,32.627602,32.499428,37.383842,39.553673,35.625999,33.501945,32.343788,32.270546,38.455025,34.463264,33.671318,33.533989,32.636757,38.615242,3535209.7,31.853973,29.867249,29.436943,28.832687,29.17601,29.34539,31.4786,30.302132,29.798584,28.214691,29.707024,29.217209,35.053787,37.992676,35.932709,31.739525,30.805679,30.105286,35.154495,32.09201,30.466927,31.441978,30.49897,35.172806,3535209.7,-0.0045776367,-0.0045776367,-0.0045776367,-0.0045776367,-0.0045776367,-0.0045776367,-0.0045776367,-0.0045776367,-0.0045776367,-0.0045776367,-0.0045776367,-0.0045776367,-0.0045776367,-3.1723633,0.51727295,-0.47149658,0.27008057,0.16937256,-0.0045776367,-0.0045776367,-0.0045776367,-0.0045776367,-0.0045776367,-0.0045776367,3535209.7
3625969504832,5.7797034,0,34.733345,33.108261,32.508583,30.851456,32.330055,33.108261,34.115356,33.49279,32.948044,30.288399,32.636757,32.485695,37.38842,39.549095,35.625999,33.506523,32.339211,32.265968,38.445869,34.458687,33.671318,33.533989,32.641335,38.615242,3535229.7,31.876862,29.853516,29.432365,28.832687,29.166855,29.359123,31.469444,30.311287,29.794006,28.214691,29.711601,29.230942,35.035477,37.951477,35.960175,31.74868,30.810257,30.109863,35.191116,32.087433,30.453194,31.451134,30.512703,35.168228,3535229.7,-0.0045776367,-0.0045776367,-0.0045776367,-0.0045776367,-0.0045776367,-0.0045776367,-0.0045776367,-0.0045776367,-0.0045776367,-0.0045776367,-0.0045776367,-0.0045776367,-0.0045776367,-3.2547607,0.48980713,-0.75531006,-0.38909912,0.20599365,-0.0045776367,-0.0045776367,-0.0045776367,-0.0045776367,-0.0045776367,-0.0045776367,3535229.7
3625989499776,5.7996984,0,34.737923,33.108261,32.508583,30.856033,32.330055,33.103683,34.124512,33.483635,32.948044,30.292976,32.632179,32.490273,37.383842,39.544518,35.621422,33.506523,32.339211,32.265968,38.450447,34.463264,33.671318,33.538567,32.641335,38.610664,3535249.7,31.858551,29.853516,29.427788,28.837265,29.171432,29.363701,31.487755,30.306709,29.789429,28.219269,29.711601,29.230942,35.04921,37.974365,35.923553,31.757843,30.805679,30.100708,35.168228,32.101166,30.457771,31.451134,30.49897,35.168228,3535249.7,-0.0045776367,-0.0045776367,-0.0045776367,-0.0045776367,-0.0045776367,-0.0045776367,-0.0045776367,-0.0045776367,-0.0045776367,-0.0045776367,-0.0045776367,-0.0045776367,-0.0045776367,-3.5477295,0.14190674,-0.62713623,-0.26092529,0.022888184,-0.0045776367,-0.0045776367,-0.0045776367,-0.0045776367,-0.0045776367,-0.0045776367,3535249.7
3626009733760,5.8199324,0,34.733345,33.117416,32.499428,30.851456,32.330055,33.108261,34.119934,33.49279,32.948044,30.292976,32.636757,32.49485,37.379265,39.549095,35.625999,33.501945,32.343788,32.270546,38.455025,34.463264,33.671318,33.529411,32.641335,38.615242,3535271.7,31.858551,29.871826,29.432365,28.823532,29.171432,29.363701,31.487755,30.297554,29.780273,28.223846,29.707024,29.221786,35.06752,37.974365,35.964752,31.744102,30.810257,30.114441,35.159073,32.09201,30.476082,31.432823,30.489815,35.154495,3535271.7,-0.0045776367,-0.0045776367,-0.0045776367,-0.0045776367,-0.0045776367,-0.0045776367,-0.0045776367,-0.0045776367,-0.0045776367,-0.0045776367,-0.0045776367,-0.0045776367,-0.0045776367,-3.8223877,0.37078857,-0.48980713,-0.34332275,0.11444092,-0.0045776367,-0.0045776367,-0.0045776367,-0.0045776367,-0.0045776367,-0.0045776367,3535271.7
3626029517408,5.839716,0,34.7425,33.108261,32.508583,30.856033,32.334633,33.112839,34.119934,33.483635,32.943466,30.288399,32.636757,32.499428,37.383842,39.549095,35.621422,33.511101,32.343788,32.270546,38.450447,34.463264,33.671318,33.529411,32.641335,38.610664,3535289.7,31.849396,29.871826,29.436943,28.818954,29.185165,29.363701,31.492332,30.32502,29.784851,28.219269,29.697868,29.217209,35.040054,37.960632,35.964752,31.739525,30.814835,30.109863,35.186539,32.069122,30.466927,31.446556,30.503548,35.181961,3535289.7,-0.0045776367,-0.0045776367,-0.0045776367,-0.0045776367,-0.0045776367,-0.0045776367,-0.0045776367,-0.0045776367,-0.0045776367,-0.0045776367,-0.0045776367,-0.0045776367,-0.0045776367,-4.4998779,0.096130371,-0.79193115,-0.5355835,0.26092529,-0.0045776367,-0.0045776367,-0.0045776367,-0.0045776367,-0.0045776367,-0.0045776367,3535289.7
3626049533664,5.8597323,0,34.733345,33.112839,32.508583,30.846878,32.334633,33.108261,34.119934,33.49279,32.952621,30.288399,32.632179,32.49485,37.383842,39.549095,35.625999,33.511101,32.343788,32.270546,38.455025,34.467842,33.66674,33.529411,32.641335,38.610664,3535309.7,31.867706,29.858093,29.441521,28.837265,29.1577,29.340813,31.483177,30.315865,29.780273,28.223846,29.688713,29.221786,35.040054,37.992676,35.946442,31.753265,30.796524,30.128174,35.172806,32.0737,30.485237,31.451134,30.508125,35.163651,3535309.7,-0.0045776367,-0.0045776367,-0.0045776367,-0.0045776367,-0.0045776367,-0.0045776367,-0.0045776367,-0.0045776367,-0.0045776367,-0.0045776367,-0.0045776367,-0.0045776367,-0.0045776367,-5.3055725,-0.30670166,-1.0574646,-0.47149658,0.16021729,-0.0045776367,-0.0045776367,-0.0045776367,-0.0045776367,-0.0045776367,-0.0045776367,3535309.7
3626069507968,5.8797066,0,34.733345,33.112839,32.508583,30.856033,32.330055,33.108261,34.115356,33.483635,32.952621,30.292976,32.632179,32.490273,37.383842,39.55825,35.621422,33.506523,32.339211,32.265968,38.450447,34.47242,33.671318,33.533989,32.641335,38.61982,3535329.7,31.867706,29.858093,29.450676,28.84642,29.17601,29.363701,31.492332,30.320442,29.780273,28.228424,29.697868,29.217209,35.058365,37.988098,35.937286,31.753265,30.801102,30.114441,35.172806,32.082855,30.471504,31.451134,30.508125,35.163651,3535329.7,-0.0045776367,-0.0045776367,-0.0045776367,-0.0045776367,-0.0045776367,-0.0045776367,-0.0045776367,-0.0045776367,-0.0045776367,-0.0045776367,-0.0045776367,-0.0045776367,-0.0045776367,-4.9393311,-1.1307068,-1.0208435,-0.077819824,0.30670166,-0.0045776367,-0.0045776367,-0.0045776367,-0.0045776367,-0.0045776367,-0.0045776367,3535329.7
3626089533440,5.899732,0,34.7425,33.112839,32.504005,30.851456,32.334633,33.112839,34.119934,33.488213,32.948044,30.288399,32.627602,32.49485,37.379265,39.544518,35.625999,33.506523,32.343788,32.265968,38.455025,34.463264,33.671318,33.533989,32.641335,38.610664,3535349.7,31.876862,29.876404,29.436943,28.837265,29.185165,29.359123,31.487755,30.302132,29.775696,28.223846,29.707024,29.230942,35.035477,37.983521,35.937286,31.753265,30.814835,30.119019,35.168228,32.09201,30.462349,31.455711,30.494392,35.172806,3535349.7,-0.0045776367,-0.0045776367,-0.0045776367,-0.0045776367,-0.0045776367,-0.0045776367,-0.0045776367,-0.0045776367,-0.0045776367,-0.0045776367,-0.0045776367,-0.0045776367,-0.0045776367,-5.7358704,-1.4877625,-0.98419189,0.15106201,0.14190674,-0.0045776367,-0.0045776367,-0.0045776367,-0.0045776367,-0.0045776367,-0.0045776367,3535349.7
3626109508864,5.9197075,0,34.737923,33.103683,32.513161,30.856033,32.334633,33.099106,34.115356,33.49279,32.952621,30.288399,32.632179,32.49485,37.38842,39.549095,35.621422,33.506523,32.339211,32.265968,38.450447,34.458687,33.66674,33.533989,32.641335,38.610664,3535369.7,31.863129,29.858093,29.432365,28.837265,29.166855,29.354546,31.4786,30.306709,29.780273,28.214691,29.707024,29.226364,35.035477,37.997253,35.905243,31.762421,30.810257,30.114441,35.172806,32.0737,30.471504,31.441978,30.494392,35.181961,3535369.7,-0.0045776367,-0.0045776367,-0.0045776367,-0.0045776367,-0.0045776367,-0.0045776367,-0.0045776367,-0.0045776367,-0.0045776367,-0.0045776367,-0.0045776367,-0.0045776367,-0.0045776367,-5.3605042,-1.7441101,-0.95672607,0.11444092,0.25177002,-0.0045776367,-0.0045776367,-0.0045776367,-0.0045776367,-0.0045776367,-0.0045776367,3535369.7
3626129496800,5.9396954,0,34.737923,33.112839,32.508583,30.856033,32.330055,33.108261,34.119934,33.488213,32.948044,30.283821,32.636757,32.490273,37.379265,39.553673,35.625999,33.506523,32.343788,32.265968,38.455025,34.458687,33.671318,33.533989,32.641335,38.615242,3535389.7,31.876862,29.867249,29.432365,28.832687,29.185165,29.359123,31.492332,30.311287,29.794006,28.214691,29.711601,29.221786,35.021744,37.983521,35.946442,31.739525,30.833145,30.132751,35.177383,32.09201,30.476082,31.432823,30.49897,35.177383,3535389.7,-0.0045776367,-0.0045776367,-0.0045776367,-0.0045776367,-0.0045776367,-0.0045776367,-0.0045776367,-0.0045776367,-0.0045776367,-0.0045776367,-0.0045776367,-0.0045776367,-0.0045776367,-5.3696594,-1.908905,-1.0574646,0.11444092,0.2243042,-0.0045776367,-0.0045776367,-0.0045776367,-0.0045776367,-0.0045776367,-0.0045776367,3535389.7
3626149616992,5.9598156,0,34.737923,33.108261,32.508583,30.856033,32.334633,33.108261,34.119934,33.483635,32.948044,30.288399,32.636757,32.485695,37.379265,39.55825,35.625999,33.506523,32.343788,32.261391,38.455025,34.458687,33.66674,33.529411,32.636757,38.615242,3535409.7,31.872284,29.876404,29.427788,28.823532,29.171432,29.359123,31.501488,30.311287,29.784851,28.228424,29.707024,29.230942,35.035477,37.978943,35.955597,31.744102,30.810257,30.123596,35.159073,32.082855,30.485237,31.455711,30.503548,35.186539,3535409.7,-0.0045776367,-0.0045776367,-0.0045776367,-0.0045776367,-0.0045776367,-0.0045776367,-0.0045776367,-0.0045776367,-0.0045776367,-0.0045776367,-0.0045776367,-0.0045776367,-0.0045776367,-5.8274231,-1.8448181,-0.87432861,0.52642822,0.45318604,-0.0045776367,-0.0045776367,-0.0045776367,-0.0045776367,-0.0045776367,-0.0045776367,3535409.7
3626169548672,5.9797473,0,34.737923,33.108261,32.508583,30.851456,32.334633,33.108261,34.124512,33.483635,32.952621,30.288399,32.632179,32.49485,37.379265,39.553673,35.621422,33.501945,32.339211,32.265968,38.459602,34.463264,33.675896,33.533989,32.636757,38.606087,3535429.7,31.872284,29.867249,29.427788,28.832687,29.185165,29.359123,31.483177,30.306709,29.784851,28.233002,29.702446,29.221786,35.04921,37.978943,35.928131,31.734947,30.814835,30.114441,35.168228,32.078278,30.466927,31.455711,30.494392,35.177383,3535429.7,-0.0045776367,-0.0045776367,-0.0045776367,-0.0045776367,-0.0045776367,-0.0045776367,-0.0045776367,-0.0045776367,-0.0045776367,-0.0045776367,-0.0045776367,-0.0045776367,-0.0045776367,-5.7816467,-1.7990417,-1.4511414,0.20599365,0.34332275,-0.0045776367,-0.0045776367,-0.0045776367,-0.0045776367,-0.0045776367,-0.0045776367,3535429.7
3626189507424,5.999706,0,34.737923,33.108261,32.508583,30.851456,32.334633,33.108261,34.124512,33.488213,32.952621,30.283821,32.632179,32.490273,37.383842,39.55825,35.621422,33.506523,32.348366,32.261391,38.450447,34.463264,33.675896,33.524834,32.636757,38.615242,3535449.7,31.867706,29.867249,29.441521,28.841843,29.180588,29.359123,31.492332,30.302132,29.784851,28.228424,29.697868,29.212631,35.062943,38.001831,35.918976,31.757843,30.819412,30.114441,35.149918,32.087433,30.476082,31.446556,30.489815,35.177383,3535449.7,-0.0045776367,-0.0045776367,-0.0045776367,-0.0045776367,-0.0045776367,-0.0045776367,-0.0045776367,-0.0045776367,-0.0045776367,-0.0045776367,-0.0045776367,-0.0045776367,-0.0045776367,-5.0034485,-1.5152283,-1.2131042,0.25177002,0.096130371,-0.0045776367,-0.0045776367,-0.0045776367,-0.0045776367,-0.0045776367,-0.0045776367,3535449.7
3626209587552,6.0197861,0,34.737923,33.112839,32.504005,30.856033,32.334633,33.103683,34.124512,33.488213,32.943466,30.292976,32.632179,32.49485,37.379265,39.553673,35.616844,33.501945,32.343788,32.275124,38.459602,34.458687,33.675896,33.533989,32.641335,38.606087,3535469.7,31.863129,29.867249,29.427788,28.832687,29.185165,29.349968,31.4786,30.297554,29.780273,28.219269,29.711601,29.226364,35.026321,37.988098,35.918976,31.739525,30.814835,30.109863,35.172806,32.096588,30.471504,31.441978,30.485237,35.163651,3535469.7,-0.0045776367,-0.0045776367,-0.0045776367,-0.0045776367,-0.0045776367,-0.0045776367,-0.0045776367,-0.0045776367,-0.0045776367,-0.0045776367,-0.0045776367,-0.0045776367,-0.0045776367,-4.4907227,-1.7532654,-1.2497253,0.45318604,0.30670166,-0.0045776367,-0.0045776367,-0.0045776367,-0.0045776367,-0.0045776367,-0.0045776367,3535469.7
3626229507328,6.0397059,0,34.737923,33.117416,32.508583,30.846878,32.334633,33.108261,34.119934,33.488213,32.952621,30.288399,32.641335,32.499428,37.379265,39.55825,35.621422,33.506523,32.334633,32.275124,38.450447,34.467842,33.680473,33.533989,32.641335,38.610664,3535489.7,31.863129,29.871826,29.441521,28.832687,29.185165,29.359123,31.474022,30.320442,29.789429,28.223846,29.711601,29.230942,35.035477,37.992676,35.918976,31.739525,30.801102,30.137329,35.181961,32.082855,30.471504,31.446556,30.485237,35.159073,3535489.7,-0.0045776367,-0.0045776367,-0.0045776367,-0.0045776367,-0.0045776367,-0.0045776367,-0.0045776367,-0.0045776367,-0.0045776367,-0.0045776367,-0.0045776367,-0.0045776367,-0.0045776367,-3.5202637,-1.1490173,-1.203949,-0.022888184,0.58135986,-0.0045776367,-0.0045776367,-0.0045776367,-0.0045776367,-0.0045776367,-0.0045776367,3535489.7
3626249493536,6.0596921,0,34.737923,33.117416,32.508583,30.851456,32.334633,33.108261,34.115356,33.488213,32.952621,30.297554,32.632179,32.490273,37.374687,39.55825,35.612267,33.501945,32.343788,32.265968,38.441292,34.458687,33.675896,33.533989,32.641335,38.610664,3535509.7,31.867706,29.867249,29.441521,28.841843,29.180588,29.359123,31.474022,30.311287,29.784851,28.210114,29.702446,29.226364,35.030899,38.001831,35.918976,31.74868,30.819412,30.114441,35.163651,32.082855,30.476082,31.446556,30.494392,35.168228,3535509.7,-0.0045776367,-0.0045776367,-0.0045776367,-0.0045776367,-0.0045776367,-0.0045776367,-0.0045776367,-0.0045776367,-0.0045776367,-0.0045776367,-0.0045776367,-0.0045776367,-0.0045776367,-3.2089844,-1.0940857,-1.2222595,0.34332275,0.30670166,-0.0045776367,-0.0045776367,-0.0045776367,-0.0045776367,-0.0045776367,-0.0045776367,3535509.7
3626269487744,6.0796863,0,34.733345,33.112839,32.508583,30.856033,32.334633,33.112839,34.124512,33.497368,32.948044,30.292976,32.627602,32.499428,37.383842,39.562828,35.621422,33.506523,32.334633,32.265968,38.450447,34.458687,33.671318,33.533989,32.645912,38.610664,3535529.7,31.876862,29.862671,29.446098,28.82811,29.185165,29.354546,31.492332,30.311287,29.775696,28.219269,29.688713,29.221786,35.040054,37.997253,35.923553,31.762421,30.810257,30.123596,35.140762,32.078278,30.476082,31.446556,30.494392,35.163651,3535529.7,-0.0045776367,-0.0045776367,-0.0045776367,-0.0045776367,-0.0045776367,-0.0045776367,-0.0045776367,-0.0045776367,-0.0045776367,-0.0045776367,-0.0045776367,-0.0045776367,-0.0045776367,-1.9638367,-0.39825439,-0.60882568,0.21514893,0.23345947,-0.0045776367,-0.0045776367,-0.0045776367,-0.0045776367,-0.0045776367,-0.0045776367,3535529.7
3626289516224,6.0997148,0,34.737923,33.103683,32.508583,30.856033,32.330055,33.112839,34.129089,33.488213,32.948044,30.283821,32.632179,32.49485,37.379265,39.562828,35.616844,33.506523,32.343788,32.275124,38.455025,34.463264,33.66674,33.529411,32.641335,38.610664,3535549.7,31.858551,29.867249,29.42321,28.837265,29.166855,29.34539,31.483177,30.315865,29.780273,28.214691,29.716179,29.221786,35.053787,37.988098,35.914398,31.753265,30.810257,30.109863,35.172806,32.087433,30.480659,31.460289,30.485237,35.154495,3535549.7,-0.0045776367,-0.0045776367,-0.0045776367,-0.0045776367,-0.0045776367,-0.0045776367,-0.0045776367,-0.0045776367,-0.0045776367,-0.0045776367,-0.0045776367,-0.0045776367,-0.0045776367,-2.0187683,-0.11444092,-0.70953369,0.04119873,0.15106201,-0.0045776367,-0.0045776367,-0.0045776367,-0.0045776367,-0.0045776367,-0.0045776367,3535549.7
3626309514176,6.1197128,0,34.733345,33.108261,32.499428,30.860611,32.334633,33.108261,34.119934,33.488213,32.952621,30.288399,32.636757,32.49485,37.383842,39.562828,35.616844,33.506523,32.343788,32.265968,38.450447,34.463264,33.671318,33.533989,32.641335,38.610664,3535569.7,31.844818,29.858093,29.432365,28.82811,29.17601,29.349968,31.483177,30.306709,29.775696,28.223846,29.688713,29.221786,35.026321,37.997253,35.923553,31.739525,30.814835,30.114441,35.172806,32.087433,30.457771,31.437401,30.485237,35.204849,3535569.7,-0.0045776367,-0.0045776367,-0.0045776367,-0.0045776367,-0.0045776367,-0.0045776367,-0.0045776367,-0.0045776367,-0.0045776367,-0.0045776367,-0.0045776367,-0.0045776367,-0.0045776367,-0.41656494,1.3321228,0.0045776367,-0.11444092,0.20599365,-0.0045776367,-0.0045776367,-0.0045776367,-0.0045776367,-0.0045776367,-0.0045776367,3535569.7
3626329495136,6.1396937,0,34.7425,33.103683,32.504005,30.860611,32.334633,33.103683,34.119934,33.488213,32.943466,30.288399,32.636757,32.499428,37.383842,39.55825,35.625999,33.506523,32.339211,32.275124,38.455025,34.463264,33.675896,33.529411,32.641335,38.615242,3535589.7,31.867706,29.858093,29.418633,28.832687,29.166855,29.354546,31.49691,30.315865,29.775696,28.233002,29.707024,29.221786,35.030899,37.988098,35.918976,31.753265,30.810257,30.114441,35.172806,32.101166,30.466927,31.455711,30.480659,35.168228,3535589.7,-0.0045776367,-0.0045776367,-0.0045776367,-0.0045776367,-0.0045776367,-0.0045776367,-0.0045776367,-0.0045776367,-0.0045776367,-0.0045776367,-0.0045776367,-0.0045776367,-0.0045776367,-0.30670166,1.5518494,0.15106201,-0.4989624,0.31585693,-0.0045776367,-0.0045776367,-0.0045776367,-0.0045776367,-0.0045776367,-0.0045776367,3535589.7
3626349567872,6.1597665,0,34.7425,33.108261,32.504005,30.851456,32.330055,33.103683,34.119934,33.488213,32.943466,30.288399,32.632179,32.490273,37.38842,39.55825,35.621422,33.506523,32.339211,32.265968,38.445869,34.463264,33.671318,33.529411,32.636757,38.610664,3535609.7,31.863129,29.871826,29.432365,28.823532,29.17601,29.359123,31.501488,30.311287,29.780273,28.219269,29.711601,29.226364,35.040054,37.992676,35.923553,31.73037,30.805679,30.100708,35.168228,32.09201,30.489815,31.446556,30.480659,35.172806,3535609.7,-0.0045776367,-0.0045776367,-0.0045776367,-0.0045776367,-0.0045776367,-0.0045776367,-0.0045776367,-0.0045776367,-0.0045776367,-0.0045776367,-0.0045776367,-0.0045776367,-0.0045776367,0.0045776367,2.0645447,0.38909912,-1.0391541,0.48065186,-0.0045776367,-0.0045776367,-0.0045776367,-0.0045776367,-0.0045776367,-0.0045776367,3535609.7
3626369482400,6.179681,0,34.7425,33.112839,32.508583,30.860611,32.334633,33.103683,34.119934,33.49279,32.952621,30.292976,32.636757,32.49485,37.383842,39.562828,35.621422,33.501945,32.339211,32.265968,38.459602,34.463264,33.66674,33.533989,32.641335,38.615242,3535629.7,31.867706,29.871826,29.427788,28.832687,29.185165,29.354546,31.487755,30.306709,29.784851,28.223846,29.693291,29.226364,35.030899,37.997253,35.909821,31.739525,30.819412,30.114441,35.191116,32.087433,30.457771,31.432823,30.521858,35.186539,3535629.7,-0.0045776367,-0.0045776367,-0.0045776367,-0.0045776367,-0.0045776367,-0.0045776367,-0.0045776367,-0.0045776367,-0.0045776367,-0.0045776367,-0.0045776367,-0.0045776367,-0.0045776367,0.28839111,1.8539734,0.68206787,-0.52642822,-0.16937256,-0.0045776367,-0.0045776367,-0.0045776367,-0.0045776367,-0.0045776367,-0.0045776367,3535629.7
3626389469952,6.1996685,0,34.7425,33.112839,32.499428,30.860611,32.330055,33.112839,34.124512,33.488213,32.948044,30.292976,32.627602,32.49485,37.383842,39.562828,35.621422,33.511101,32.339211,32.265968,38.459602,34.463264,33.675896,33.533989,32.641335,38.615242,3535649.7,31.876862,29.871826,29.427788,28.84642,29.17601,29.354546,31.49691,30.311287,29.789429,28.210114,29.707024,29.212631,35.058365,37.997253,35.905243,31.757843,30.810257,30.123596,35.154495,32.0737,30.466927,31.464867,30.485237,35.159073,3535649.7,-0.0045776367,-0.0045776367,-0.0045776367,-0.0045776367,-0.0045776367,-0.0045776367,-0.0045776367,-0.0045776367,-0.0045776367,-0.0045776367,-0.0045776367,-0.0045776367,-0.0045776367,0.92010498,1.9913025,0.75531006,-0.62713623,-0.16021729,-0.0045776367,-0.0045776367,-0.0045776367,-0.0045776367,-0.0045776367,-0.0045776367,3535649.7
3626409564608,6.2197632,0,34.7425,33.112839,32.508583,30.856033,32.325478,33.108261,34.119934,33.483635,32.948044,30.288399,32.632179,32.49485,37.379265,39.553673,35.621422,33.511101,32.339211,32.265968,38.459602,34.467842,33.671318,33.538567,32.645912,38.615242,3535669.7,31.872284,29.871826,29.432365,28.841843,29.17601,29.354546,31.483177,30.288399,29.784851,28.214691,29.707024,29.217209,35.04921,38.006409,35.909821,31.753265,30.819412,30.105286,35.154495,32.069122,30.457771,31.464867,30.503548,35.168228,3535669.7,-0.0045776367,-0.0045776367,-0.0045776367,-0.0045776367,-0.0045776367,-0.0045776367,-0.0045776367,-0.0045776367,-0.0045776367,-0.0045776367,-0.0045776367,-0.0045776367,-0.0045776367,0.98419189,2.4032898,1.1123962,-0.16021729,-0.23345947,-0.0045776367,-0.0045776367,-0.0045776367,-0.0045776367,-0.0045776367,-0.0045776367,3535669.7
3626429477152,6.2396757,0,34.737923,33.108261,32.508583,30.860611,32.330055,33.112839,34.119934,33.483635,32.948044,30.292976,32.636757,32.499428,37.383842,39.562828,35.625999,33.515678,32.339211,32.265968,38.450447,34.463264,33.671318,33.538567,32.636757,38.610664,3535689.7,31.863129,29.858093,29.441521,28.823532,29.166855,29.349968,31.469444,30.311287,29.798584,28.219269,29.697868,29.226364,35.030899,38.006409,35.914398,31.73037,30.82399,30.119019,35.154495,32.09201,30.466927,31.437401,30.503548,35.163651,3535689.7,-0.0045776367,-0.0045776367,-0.0045776367,-0.0045776367,-0.0045776367,-0.0045776367,-0.0045776367,-0.0045776367,-0.0045776367,-0.0045776367,-0.0045776367,-0.0045776367,-0.0045776367,0.34332275,2.778656,0.54473877,0.19683838,-0.086975098,-0.0045776367,-0.0045776367,-0.0045776367,-0.0045776367,-0.0045776367,-0.0045776367,3535689.7
3626449532736,6.2597313,0,34.737923,33.112839,32.508583,30.856033,32.334633,33.103683,34.119934,33.488213,32.938889,30.288399,32.632179,32.490273,37.379265,39.55825,35.621422,33.511101,32.339211,32.261391,38.455025,34.463264,33.675896,33.529411,32.641335,38.606087,3535709.7,31.867706,29.862671,29.414055,28.837265,29.17601,29.349968,31.487755,30.297554,29.784851,28.214691,29.716179,29.221786,35.044632,38.001831,35.905243,31.739525,30.828568,30.09613,35.172806,32.096588,30.471504,31.455711,30.508125,35.177383,3535709.7,-0.0045776367,-0.0045776367,-0.0045776367,-0.0045776367,-0.0045776367,-0.0045776367,-0.0045776367,-0.0045776367,-0.0045776367,-0.0045776367,-0.0045776367,-0.0045776367,-0.0045776367,0.85601807,2.4124451,1.1215515,0.27008057,0.01373291,-0.0045776367,-0.0045776367,-0.0045776367,-0.0045776367,-0.0045776367,-0.0045776367,3535709.7
3626469480288,6.2796789,0,34.737923,33.112839,32.504005,30.851456,32.330055,33.099106,34.124512,33.488213,32.948044,30.283821,32.627602,32.49485,37.379265,39.55825,35.621422,33.511101,32.339211,32.265968,38.450447,34.463264,33.675896,33.533989,32.636757,38.610664,3535729.7,31.863129,29.862671,29.436943,28.837265,29.171432,29.363701,31.492332,30.315865,29.775696,28.219269,29.702446,29.221786,35.030899,37.992676,35.914398,31.757843,30.833145,30.119019,35.181961,32.087433,30.457771,31.455711,30.503548,35.163651,3535729.7,-0.0045776367,-0.0045776367,-0.0045776367,-0.0045776367,-0.0045776367,-0.0045776367,-0.0045776367,-0.0045776367,-0.0045776367,-0.0045776367,-0.0045776367,-0.0045776367,-0.0045776367,0.78277588,2.6138611,0.65460205,0.40740967,0.0045776367,-0.0045776367,-0.0045776367,-0.0045776367,-0.0045776367,-0.0045776367,-0.0045776367,3535729.7
3626489565248,6.2997638,0,34.733345,33.108261,32.508583,30.851456,32.325478,33.103683,34.129089,33.483635,32.952621,30.283821,32.636757,32.49485,37.383842,39.571983,35.616844,33.515678,32.339211,32.265968,38.455025,34.463264,33.66674,33.529411,32.641335,38.610664,3535751.7,31.872284,29.867249,29.432365,28.837265,29.166855,29.354546,31.487755,30.306709,29.775696,28.219269,29.707024,29.226364,35.026321,38.006409,35.914398,31.74868,30.801102,30.137329,35.186539,32.096588,30.485237,31.455711,30.494392,35.168228,3535751.7,-0.0045776367,-0.0045776367,-0.0045776367,-0.0045776367,-0.0045776367,-0.0045776367,-0.0045776367,-0.0045776367,-0.0045776367,-0.0045776367,-0.0045776367,-0.0045776367,-0.0045776367,0.66375732,1.8356628,1.0391541,0.12359619,-0.2243042,-0.0045776367,-0.0045776367,-0.0045776367,-0.0045776367,-0.0045776367,-0.0045776367,3535751.7
3626509504224,6.3197028,0,34.737923,33.112839,32.508583,30.846878,32.339211,33.108261,34.119934,33.483635,32.952621,30.288399,32.632179,32.490273,37.379265,39.567406,35.625999,33.511101,32.339211,32.270546,38.450447,34.467842,33.671318,33.533989,32.645912,38.610664,3535769.7,31.876862,29.871826,29.441521,28.82811,29.194321,29.354546,31.492332,30.320442,29.771118,28.228424,29.702446,29.212631,35.04921,37.983521,35.918976,31.734947,30.819412,30.132751,35.168228,32.078278,30.480659,31.455711,30.503548,35.191116,3535769.7,-0.0045776367,-0.0045776367,-0.0045776367,-0.0045776367,-0.0045776367,-0.0045776367,-0.0045776367,-0.0045776367,-0.0045776367,-0.0045776367,-0.0045776367,-0.0045776367,-0.0045776367,0.65460205,1.8905945,1.3504333,0.30670166,-0.19683838,-0.0045776367,-0.0045776367,-0.0045776367,-0.0045776367,-0.0045776367,-0.0045776367,3535769.7
3626529553184,6.3397518,0,34.7425,33.112839,32.513161,30.846878,32.330055,33.108261,34.119934,33.488213,32.948044,30.292976,32.636757,32.49485,37.383842,39.562828,35.625999,33.515678,32.334633,32.265968,38.450447,34.463264,33.671318,33.529411,32.645912,38.610664,3535789.7,31.867706,29.871826,29.427788,28.82811,29.180588,29.354546,31.492332,30.306709,29.798584,28.223846,29.707024,29.235519,35.035477,38.001831,35.896088,31.744102,30.814835,30.119019,35.163651,32.069122,30.462349,31.469444,30.485237,35.181961,3535789.7,-0.0045776367,-0.0045776367,-0.0045776367,-0.0045776367,-0.0045776367,-0.0045776367,-0.0045776367,-0.0045776367,-0.0045776367,-0.0045776367,-0.0045776367,-0.0045776367,-0.0045776367,0.44403076,1.8173523,1.304657,0.52642822,-0.18768311,-0.0045776367,-0.0045776367,-0.0045776367,-0.0045776367,-0.0045776367,-0.0045776367,3535789.7
3626549663808,6.3598624,0,34.747078,33.112839,32.508583,30.856033,32.339211,33.108261,34.119934,33.483635,32.957199,30.288399,32.636757,32.490273,37.374687,39.567406,35.621422,33.515678,32.334633,32.270546,38.455025,34.463264,33.671318,33.538567,32.641335,38.615242,3535809.7,31.872284,29.848938,29.427788,28.823532,29.180588,29.363701,31.487755,30.315865,29.780273,28.223846,29.684135,29.221786,35.04921,37.988098,35.914398,31.739525,30.819412,30.132751,35.177383,32.0737,30.466927,31.441978,30.480659,35.191116,3535809.7,-0.0045776367,-0.0045776367,-0.0045776367,-0.0045776367,-0.0045776367,-0.0045776367,-0.0045776367,-0.0045776367,-0.0045776367,-0.0045776367,-0.0045776367,-0.0045776367,-0.0045776367,0.48980713,1.8356628,1.5610046,0.3616333,-0.28839111,-0.0045776367,-0.0045776367,-0.0045776367,-0.0045776367,-0.0045776367,-0.0045776367,3535809.7
3626569495168,6.3796938,0,34.737923,33.112839,32.508583,30.846878,32.339211,33.108261,34.119934,33.483635,32.952621,30.288399,32.636757,32.490273,37.38842,39.571983,35.621422,33.515678,32.339211,32.265968,38.450447,34.463264,33.675896,33.533989,32.636757,38.606087,3535829.7,31.853973,29.876404,29.427788,28.82811,29.166855,29.359123,31.492332,30.306709,29.780273,28.233002,29.697868,29.240097,35.053787,38.010986,35.89151,31.744102,30.828568,30.119019,35.154495,32.069122,30.457771,31.460289,30.49897,35.168228,3535829.7,-0.0045776367,-0.0045776367,-0.0045776367,-0.0045776367,-0.0045776367,-0.0045776367,-0.0045776367,-0.0045776367,-0.0045776367,-0.0045776367,-0.0045776367,-0.0045776367,-0.0045776367,0.57220459,1.9638367,1.3687439,0.52642822,-0.032043457,-0.0045776367,-0.0045776367,-0.0045776367,-0.0045776367,-0.0045776367,-0.0045776367,3535829.7
3626589466272,6.3996649,0,34.7425,33.112839,32.513161,30.851456,32.330055,33.103683,34.119934,33.488213,32.952621,30.292976,32.636757,32.49485,37.383842,39.567406,35.616844,33.511101,32.334633,32.261391,38.455025,34.463264,33.671318,33.529411,32.636757,38.61982,3535849.7,31.867706,29.862671,29.436943,28.832687,29.166855,29.359123,31.492332,30.302132,29.775696,28.223846,29.711601,29.208054,35.040054,37.983521,35.905243,31.739525,30.82399,30.123596,35.186539,32.078278,30.453194,31.446556,30.494392,35.172806,3535849.7,-0.0045776367,-0.0045776367,-0.0045776367,-0.0045776367,-0.0045776367,-0.0045776367,-0.0045776367,-0.0045776367,-0.0045776367,-0.0045776367,-0.0045776367,-0.0045776367,-0.0045776367,0.68206787,2.5680847,0.81939697,1.1764832,-0.16021729,-0.0045776367,-0.0045776367,-0.0045776367,-0.0045776367,-0.0045776367,-0.0045776367,3535849.7
3626609541280,6.4197399,0,34.737923,33.112839,32.504005,30.856033,32.330055,33.103683,34.124512,33.488213,32.943466,30.292976,32.632179,32.490273,37.383842,39.567406,35.625999,33.515678,32.334633,32.270546,38.455025,34.458687,33.671318,33.538567,32.641335,38.601509,3535869.7,31.853973,29.867249,29.436943,28.837265,29.1577,29.349968,31.492332,30.306709,29.775696,28.219269,29.702446,29.226364,35.035477,37.992676,35.886932,31.757843,30.805679,30.114441,35.172806,32.087433,30.476082,31.460289,30.494392,35.172806,3535869.7,-0.0045776367,-0.0045776367,-0.0045776367,-0.0045776367,-0.0045776367,-0.0045776367,-0.0045776367,-0.0045776367,-0.0045776367,-0.0045776367,-0.0045776367,-0.0045776367,-0.0045776367,0.78277588,2.7969666,1.2131042,1.2314148,-0.11444092,-0.0045776367,-0.0045776367,-0.0045776367,-0.0045776367,-0.0045776367,-0.0045776367,3535869.7
3626629493888,6.4396925,0,34.737923,33.108261,32.508583,30.851456,32.339211,33.108261,34.119934,33.488213,32.948044,30.288399,32.632179,32.49485,37.383842,39.567406,35.616844,33.511101,32.339211,32.270546,38.455025,34.467842,33.66674,33.538567,32.645912,38.610664,3535889.7,31.858551,29.867249,29.432365,28.837265,29.171432,29.372856,31.492332,30.292976,29.789429,28.228424,29.711601,29.221786,35.012589,37.997253,35.909821,31.734947,30.814835,30.141907,35.163651,32.09201,30.471504,31.460289,30.503548,35.159073,3535889.7,-0.0045776367,-0.0045776367,-0.0045776367,-0.0045776367,-0.0045776367,-0.0045776367,-0.0045776367,-0.0045776367,-0.0045776367,-0.0045776367,-0.0045776367,-0.0045776367,-0.0045776367,0.99334717,2.6138611,1.4511414,1.2771912,-0.26092529,-0.0045776367,-0.0045776367,-0.0045776367,-0.0045776367,-0.0045776367,-0.0045776367,3535889.7
3626649467744,6.4596663,0,34.7425,33.112839,32.504005,30.851456,32.334633,33.099106,34.119934,33.49279,32.948044,30.288399,32.627602,32.49485,37.38842,39.567406,35.616844,33.515678,32.334633,32.270546,38.450447,34.463264,33.675896,33.533989,32.641335,38.615242,3535909.7,31.858551,29.862671,29.432365,28.814377,29.180588,29.340813,31.487755,30.311287,29.789429,28.228424,29.697868,29.226364,35.040054,38.001831,35.896088,31.771576,30.819412,30.119019,35.154495,32.082855,30.485237,31.455711,30.485237,35.172806,3535909.7,-0.0045776367,-0.0045776367,-0.0045776367,-0.0045776367,-0.0045776367,-0.0045776367,-0.0045776367,-0.0045776367,-0.0045776367,-0.0045776367,-0.0045776367,-0.0045776367,-0.0045776367,0.72784424,2.8518982,0.75531006,1.1215515,-0.13275146,-0.0045776367,-0.0045776367,-0.0045776367,-0.0045776367,-0.0045776367,-0.0045776367,3535909.7
3626669475776,6.4796744,0,34.737923,33.117416,32.504005,30.856033,32.334633,33.103683,34.119934,33.488213,32.948044,30.292976,32.627602,32.499428,37.379265,39.567406,35.621422,33.511101,32.334633,32.265968,38.459602,34.463264,33.671318,33.538567,32.645912,38.615242,3535929.7,31.867706,29.862671,29.418633,28.832687,29.189743,29.34539,31.49691,30.306709,29.780273,28.219269,29.693291,29.217209,35.044632,38.006409,35.886932,31.762421,30.833145,30.123596,35.172806,32.069122,30.471504,31.441978,30.508125,35.177383,3535929.7,-0.0045776367,-0.0045776367,-0.0045776367,-0.0045776367,-0.0045776367,-0.0045776367,-0.0045776367,-0.0045776367,-0.0045776367,-0.0045776367,-0.0045776367,-0.0045776367,-0.0045776367,0.70037842,2.677948,0.3616333,1.0208435,-0.15106201,-0.0045776367,-0.0045776367,-0.0045776367,-0.0045776367,-0.0045776367,-0.0045776367,3535929.7
3626689471136,6.4996697,0,34.737923,33.112839,32.508583,30.846878,32.334633,33.108261,34.129089,33.488213,32.952621,30.288399,32.636757,32.490273,37.38842,39.562828,35.621422,33.511101,32.334633,32.265968,38.459602,34.467842,33.680473,33.529411,32.641335,38.610664,3535949.7,31.872284,29.862671,29.427788,28.832687,29.180588,29.359123,31.492332,30.315865,29.771118,28.214691,29.707024,29.217209,35.035477,37.992676,35.886932,31.744102,30.814835,30.123596,35.186539,32.09201,30.466927,31.469444,30.503548,35.168228,3535949.7,-0.0045776367,-0.0045776367,-0.0045776367,-0.0045776367,-0.0045776367,-0.0045776367,-0.0045776367,-0.0045776367,-0.0045776367,-0.0045776367,-0.0045776367,-0.0045776367,-0.0045776367,0.37994385,2.9434509,0.58135986,0.92926025,-0.26092529,-0.0045776367,-0.0045776367,-0.0045776367,-0.0045776367,-0.0045776367,-0.0045776367,3535949.7
3626709843904,6.5200425,0,34.737923,33.112839,32.513161,30.851456,32.330055,33.099106,34.124512,33.483635,32.948044,30.288399,32.627602,32.49485,37.383842,39.562828,35.625999,33.506523,32.330055,32.275124,38.455025,34.458687,33.675896,33.533989,32.636757,38.610664,3535969.7,31.867706,29.871826,29.436943,28.832687,29.17601,29.363701,31.492332,30.320442,29.771118,28.223846,29.725334,29.226364,35.026321,38.001831,35.877777,31.725792,30.801102,30.151062,35.195694,32.069122,30.462349,31.455711,30.49897,35.172806,3535969.7,-0.0045776367,-0.0045776367,-0.0045776367,-0.0045776367,-0.0045776367,-0.0045776367,-0.0045776367,-0.0045776367,-0.0045776367,-0.0045776367,-0.0045776367,-0.0045776367,-0.0045776367,0.37994385,2.879364,0.10528564,0.48065186,-0.032043457,-0.0045776367,-0.0045776367,-0.0045776367,-0.0045776367,-0.0045776367,-0.0045776367,3535969.7
3626729448640,6.5396472,0,34.737923,33.112839,32.513161,30.860611,32.334633,33.103683,34.119934,33.488213,32.948044,30.288399,32.627602,32.490273,37.383842,39.571983,35.621422,33.515678,32.334633,32.265968,38.455025,34.458687,33.671318,33.533989,32.636757,38.615242,3535989.7,31.876862,29.862671,29.432365,28.837265,29.180588,29.359123,31.4786,30.315865,29.784851,28.223846,29.707024,29.230942,35.053787,38.010986,35.877777,31.744102,30.814835,30.128174,35.154495,32.087433,30.466927,31.446556,30.49897,35.177383,3535989.7,-0.0045776367,-0.0045776367,-0.0045776367,-0.0045776367,-0.0045776367,-0.0045776367,-0.0045776367,-0.0045776367,-0.0045776367,-0.0045776367,-0.0045776367,-0.0045776367,-0.0045776367,0.66375732,3.1998291,0.14190674,0.20599365,-0.44403076,-0.0045776367,-0.0045776367,-0.0045776367,-0.0045776367,-0.0045776367,-0.0045776367,3535989.7
3626749778368,6.559977,0,34.737923,33.108261,32.508583,30.851456,32.325478,33.108261,34.119934,33.483635,32.948044,30.288399,32.627602,32.499428,37.379265,39.567406,35.616844,33.515678,32.339211,32.270546,38.455025,34.463264,33.671318,33.533989,32.641335,38.610664,3536009.7,31.872284,29.867249,29.436943,28.832687,29.180588,29.349968,31.483177,30.302132,29.789429,28.228424,29.688713,29.221786,35.030899,38.010986,35.868622,31.734947,30.819412,30.132751,35.149918,32.096588,30.471504,31.460289,30.508125,35.177383,3536009.7,-0.0045776367,-0.0045776367,-0.0045776367,-0.0045776367,-0.0045776367,-0.0045776367,-0.0045776367,-0.0045776367,-0.0045776367,-0.0045776367,-0.0045776367,-0.0045776367,-0.0045776367,0.47149658,3.465332,-0.032043457,0.01373291,-0.38909912,-0.0045776367,-0.0045776367,-0.0045776367,-0.0045776367,-0.0045776367,-0.0045776367,3536009.7
3626769473248,6.5796718,0,34.7425,33.108261,32.504005,30.856033,32.330055,33.103683,34.119934,33.49279,32.948044,30.283821,32.632179,32.490273,37.38842,39.576561,35.621422,33.515678,32.334633,32.265968,38.459602,34.463264,33.675896,33.533989,32.636757,38.610664,3536029.7,31.876862,29.867249,29.414055,28.837265,29.171432,29.359123,31.49691,30.311287,29.775696,28.219269,29.707024,29.230942,35.044632,38.006409,35.864044,31.744102,30.82399,30.123596,35.177383,32.0737,30.480659,31.451134,30.494392,35.177383,3536029.7,-0.0045776367,-0.0045776367,-0.0045776367,-0.0045776367,-0.0045776367,-0.0045776367,-0.0045776367,-0.0045776367,-0.0045776367,-0.0045776367,-0.0045776367,-0.0045776367,-0.0045776367,0.26092529,3.465332,0.086975098,-0.0045776367,-0.35247803,-0.0045776367,-0.0045776367,-0.0045776367,-0.0045776367,-0.0045776367,-0.0045776367,3536029.7
3626789458848,6.5996574,0,34.737923,33.112839,32.508583,30.856033,32.325478,33.108261,34.124512,33.488213,32.948044,30.292976,32.632179,32.490273,37.379265,39.562828,35.616844,33.520256,32.339211,32.270546,38.459602,34.463264,33.671318,33.529411,32.645912,38.610664,3536049.7,31.867706,29.876404,29.42321,28.832687,29.17601,29.359123,31.483177,30.306709,29.789429,28.223846,29.693291,29.230942,35.044632,38.006409,35.868622,31.753265,30.814835,30.137329,35.181961,32.078278,30.466927,31.451134,30.489815,35.177383,3536049.7,-0.0045776367,-0.0045776367,-0.0045776367,-0.0045776367,-0.0045776367,-0.0045776367,-0.0045776367,-0.0045776367,-0.0045776367,-0.0045776367,-0.0045776367,-0.0045776367,-0.0045776367,0.6729126,2.8427429,0.12359619,-0.40740967,-0.20599365,-0.0045776367,-0.0045776367,-0.0045776367,-0.0045776367,-0.0045776367,-0.0045776367,3536049.7
3626809534944,6.6197335,0,34.737923,33.112839,32.517738,30.856033,32.334633,33.112839,34.119934,33.488213,32.952621,30.288399,32.627602,32.49485,37.383842,39.576561,35.621422,33.515678,32.334633,32.275124,38.455025,34.467842,33.675896,33.529411,32.645912,38.610664,3536069.7,31.876862,29.862671,29.427788,28.823532,29.180588,29.359123,31.4786,30.306709,29.789429,28.223846,29.707024,29.221786,35.040054,38.029297,35.877777,31.753265,30.819412,30.119019,35.168228,32.087433,30.476082,31.446556,30.485237,35.168228,3536069.7,-0.0045776367,-0.0045776367,-0.0045776367,-0.0045776367,-0.0045776367,-0.0045776367,-0.0045776367,-0.0045776367,-0.0045776367,-0.0045776367,-0.0045776367,-0.0045776367,-0.0045776367,0.47149658,2.6504822,0.059509277,-0.24261475,-0.37994385,-0.0045776367,-0.0045776367,-0.0045776367,-0.0045776367,-0.0045776367,-0.0045776367,3536069.7
3626829477248,6.6396758,0,34.733345,33.112839,32.513161,30.856033,32.334633,33.112839,34.124512,33.483635,32.948044,30.288399,32.627602,32.49485,37.379265,39.576561,35.621422,33.511101,32.339211,32.270546,38.455025,34.467842,33.675896,33.529411,32.645912,38.615242,3536089.7,31.863129,29.876404,29.436943,28.832687,29.171432,29.368279,31.492332,30.302132,29.789429,28.223846,29.697868,29.240097,35.040054,38.006409,35.859467,31.757843,30.814835,30.123596,35.181961,32.09201,30.476082,31.446556,30.49897,35.172806,3536089.7,-0.0045776367,-0.0045776367,-0.0045776367,-0.0045776367,-0.0045776367,-0.0045776367,-0.0045776367,-0.0045776367,-0.0045776367,-0.0045776367,-0.0045776367,-0.0045776367,-0.0045776367,-0.0045776367,1.0574646,0.54473877,-0.35247803,-0.62713623,-0.0045776367,-0.0045776367,-0.0045776367,-0.0045776367,-0.0045776367,-0.0045776367,3536089.7
3626849458208,6.6596568,0,34.733345,33.112839,32.504005,30.851456,32.330055,33.108261,34.124512,33.483635,32.948044,30.283821,32.632179,32.49485,37.383842,39.576561,35.616844,33.511101,32.334633,32.270546,38.450447,34.463264,33.671318,33.529411,32.641335,38.610664,3536109.7,31.872284,29.867249,29.436943,28.814377,29.166855,29.363701,31.464867,30.315865,29.784851,28.219269,29.693291,29.230942,35.030899,38.015564,35.859467,31.74868,30.819412,30.141907,35.168228,32.087433,30.466927,31.451134,30.521858,35.177383,3536109.7,-0.0045776367,-0.0045776367,-0.0045776367,-0.0045776367,-0.0045776367,-0.0045776367,-0.0045776367,-0.0045776367,-0.0045776367,-0.0045776367,-0.0045776367,-0.0045776367,-0.0045776367,0.58135986,0.10528564,0.61798096,-0.37994385,-0.60882568,-0.0045776367,-0.0045776367,-0.0045776367,-0.0045776367,-0.0045776367,-0.0045776367,3536109.7
3626869469856,6.6796684,0,34.737923,33.112839,32.508583,30.846878,32.334633,33.108261,34.124512,33.483635,32.948044,30.288399,32.632179,32.49485,37.383842,39.567406,35.616844,33.515678,32.334633,32.270546,38.459602,34.463264,33.675896,33.533989,32.645912,38.610664,3536129.7,31.872284,29.867249,29.446098,28.832687,29.17601,29.354546,31.487755,30.311287,29.766541,28.219269,29.702446,29.235519,35.04921,38.015564,35.868622,31.744102,30.819412,30.114441,35.195694,32.082855,30.489815,31.446556,30.489815,35.195694,3536129.7,-0.0045776367,-0.0045776367,-0.0045776367,-0.0045776367,-0.0045776367,-0.0045776367,-0.0045776367,-0.0045776367,-0.0045776367,-0.0045776367,-0.0045776367,-0.0045776367,-0.0045776367,-0.10528564,-2.6047058,0.3616333,-0.19683838,0.17852783,-0.0045776367,-0.0045776367,-0.0045776367,-0.0045776367,-0.0045776367,-0.0045776367,3536129.7
3626889647872,6.6998465,0,34.7425,33.112839,32.504005,30.851456,32.330055,33.108261,34.124512,33.488213,32.952621,30.292976,32.627602,32.49485,37.38842,39.571983,35.612267,33.511101,32.334633,32.270546,38.459602,34.463264,33.671318,33.538567,32.641335,38.615242,3536151.7,31.876862,29.871826,29.42321,28.841843,29.171432,29.368279,31.49691,30.315865,29.784851,28.210114,29.707024,29.221786,35.035477,38.020142,35.859467,31.739525,30.82399,30.128174,35.177383,32.078278,30.462349,31.441978,30.512703,35.163651,3536151.7,-0.0045776367,-0.0045776367,-0.0045776367,-0.0045776367,-0.0045776367,-0.0045776367,-0.0045776367,-0.0045776367,-0.0045776367,-0.0045776367,-0.0045776367,-0.0045776367,-0.0045776367,3.2547607,-3.5294189,0.64544678,-0.30670166,1.4969177,-0.0045776367,-0.0045776367,-0.0045776367,-0.0045776367,-0.0045776367,-0.0045776367,3536151.7
3626909470208,6.7196688,0,34.7425,33.112839,32.517738,30.846878,32.334633,33.103683,34.119934,33.488213,32.952621,30.288399,32.636757,32.49485,37.374687,39.567406,35.616844,33.515678,32.330055,32.265968,38.450447,34.463264,33.671318,33.543144,32.641335,38.610664,3536169.7,31.858551,29.876404,29.432365,28.837265,29.17601,29.34539,31.49691,30.306709,29.780273,28.205536,29.707024,29.230942,35.026321,38.010986,35.854889,31.734947,30.82399,30.123596,35.149918,32.082855,30.476082,31.460289,30.512703,35.177383,3536169.7,-0.0045776367,-0.0045776367,-0.0045776367,-0.0045776367,-0.0045776367,-0.0045776367,-0.0045776367,-0.0045776367,-0.0045776367,-0.0045776367,-0.0045776367,-0.0045776367,-0.0045776367,-0.56304932,-4.5548096,0.76446533,-0.37078857,0.0045776367,-0.0045776367,-0.0045776367,-0.0045776367,-0.0045776367,-0.0045776367,-0.0045776367,3536169.7
3626929477504,6.7396761,0,34.7425,33.112839,32.504005,30.851456,32.330055,33.108261,34.124512,33.49279,32.948044,30.292976,32.632179,32.490273,37.383842,39.576561,35.612267,33.520256,32.330055,32.270546,38.455025,34.467842,33.680473,33.533989,32.641335,38.601509,3536189.7,31.863129,29.848938,29.42321,28.832687,29.166855,29.354546,31.4786,30.297554,29.789429,28.223846,29.702446,29.208054,35.026321,38.033875,35.859467,31.753265,30.819412,30.114441,35.163651,32.09201,30.471504,31.455711,30.489815,35.163651,3536189.7,-0.0045776367,-0.0045776367,-0.0045776367,-0.0045776367,-0.0045776367,-0.0045776367,-0.0045776367,-0.0045776367,-0.0045776367,-0.0045776367,-0.0045776367,-0.0045776367,-0.0045776367,-0.25177002,-6.8161926,-0.16021729,-0.55389404,0.15106201,-0.0045776367,-0.0045776367,-0.0045776367,-0.0045776367,-0.0045776367,-0.0045776367,3536189.7
3626949609248,6.7598078,0,34.737923,33.112839,32.508583,30.846878,32.330055,33.108261,34.124512,33.483635,32.952621,30.288399,32.636757,32.499428,37.383842,39.571983,35.616844,33.515678,32.334633,32.265968,38.46418,34.463264,33.671318,33.533989,32.65049,38.615242,3536209.7,31.858551,29.858093,29.441521,28.832687,29.189743,29.359123,31.487755,30.292976,29.789429,28.223846,29.707024,29.217209,35.044632,38.020142,35.873199,31.744102,30.828568,30.137329,35.186539,32.0737,30.480659,31.451134,30.508125,35.168228,3536209.7,-0.0045776367,-0.0045776367,-0.0045776367,-0.0045776367,-0.0045776367,-0.0045776367,-0.0045776367,-0.0045776367,-0.0045776367,-0.0045776367,-0.0045776367,-0.0045776367,-0.0045776367,-1.3687439,-7.7683716,-0.92926025,-0.48980713,0.0045776367,-0.0045776367,-0.0045776367,-0.0045776367,-0.0045776367,-0.0045776367,-0.0045776367,3536209.7
3626969436928,6.7796355,0,34.737923,33.112839,32.508583,30.860611,32.330055,33.103683,34.124512,33.488213,32.943466,30.292976,32.623024,32.49485,37.383842,39.567406,35.616844,33.515678,32.334633,32.265968,38.445869,34.463264,33.675896,33.538567,32.641335,38.61982,3536229.7,31.872284,29.858093,29.427788,28.823532,29.171432,29.363701,31.474022,30.306709,29.789429,28.228424,29.702446,29.221786,35.040054,38.015564,35.854889,31.73037,30.819412,30.146484,35.181961,32.087433,30.480659,31.474022,30.512703,35.159073,3536229.7,-0.0045776367,-0.0045776367,-0.0045776367,-0.0045776367,-0.0045776367,-0.0045776367,-0.0045776367,-0.0045776367,-0.0045776367,-0.0045776367,-0.0045776367,-0.0045776367,-0.0045776367,-2.4307556,-9.2149353,-1.4236755,0.25177002,-0.2243042,-0.0045776367,-0.0045776367,-0.0045776367,-0.0045776367,-0.0045776367,-0.0045776367,3536229.7
3626989449024,6.7996476,0,34.7425,33.108261,32.504005,30.851456,32.334633,33.108261,34.119934,33.488213,32.952621,30.288399,32.632179,32.499428,37.379265,39.567406,35.621422,33.515678,32.334633,32.270546,38.459602,34.463264,33.671318,33.538567,32.641335,38.61982,3536249.7,31.867706,29.871826,29.418633,28.823532,29.166855,29.34539,31.501488,30.306709,29.775696,28.205536,29.697868,29.208054,35.035477,38.024719,35.836578,31.757843,30.8423,30.123596,35.181961,32.069122,30.476082,31.451134,30.503548,35.195694,3536249.7,-0.0045776367,-0.0045776367,-0.0045776367,-0.0045776367,-0.0045776367,-0.0045776367,-0.0045776367,-0.0045776367,-0.0045776367,-0.0045776367,-0.0045776367,-0.0045776367,-0.0045776367,-2.4399109,-9.3339539,-1.5243835,-0.11444092,0.050354004,-0.0045776367,-0.0045776367,-0.0045776367,-0.0045776367,-0.0045776367,-0.0045776367,3536249.7
3627009531328,6.8197299,0,34.7425,33.108261,32.499428,30.851456,32.330055,33.112839,34.119934,33.483635,32.948044,30.288399,32.632179,32.49485,37.379265,39.567406,35.616844,33.515678,32.334633,32.270546,38.459602,34.458687,33.66674,33.533989,32.636757,38.610664,3536269.7,31.867706,29.871826,29.455254,28.823532,29.17601,29.349968,31.483177,30.311287,29.780273,28.233002,29.711601,29.212631,35.030899,37.997253,35.836578,31.744102,30.819412,30.137329,35.186539,32.087433,30.485237,31.451134,30.503548,35.177383,3536269.7,-0.0045776367,-0.0045776367,-0.0045776367,-0.0045776367,-0.0045776367,-0.0045776367,-0.0045776367,-0.0045776367,-0.0045776367,-0.0045776367,-0.0045776367,-0.0045776367,-0.0045776367,-3.1815186,-10.19455,-2.6413269,-0.059509277,-0.0045776367,-0.0045776367,-0.0045776367,-0.0045776367,-0.0045776367,-0.0045776367,-0.0045776367,3536269.7
3627029441088,6.8396397,0,34.733345,33.108261,32.513161,30.851456,32.339211,33.103683,34.124512,33.488213,32.952621,30.292976,32.632179,32.49485,37.374687,39.571983,35.616844,33.515678,32.334633,32.265968,38.455025,34.463264,33.66674,33.529411,32.641335,38.610664,3536289.7,31.876862,29.871826,29.42321,28.832687,29.166855,29.34539,31.483177,30.302132,29.798584,28.228424,29.707024,29.226364,35.030899,38.033875,35.836578,31.739525,30.82399,30.128174,35.177383,32.078278,30.462349,31.451134,30.49897,35.168228,3536289.7,-0.0045776367,-0.0045776367,-0.0045776367,-0.0045776367,-0.0045776367,-0.0045776367,-0.0045776367,-0.0045776367,-0.0045776367,-0.0045776367,-0.0045776367,-0.0045776367,-0.0045776367,-3.9597168,-9.874115,-3.1174316,0.032043457,0.068664551,-0.0045776367,-0.0045776367,-0.0045776367,-0.0045776367,-0.0045776367,-0.0045776367,3536289.7
3627049453280,6.8596519,0,34.733345,33.108261,32.508583,30.851456,32.325478,33.103683,34.124512,33.488213,32.952621,30.288399,32.636757,32.49485,37.379265,39.571983,35.607689,33.506523,32.334633,32.261391,38.468758,34.467842,33.671318,33.529411,32.641335,38.615242,3536309.7,31.867706,29.871826,29.455254,28.841843,29.162277,29.359123,31.469444,30.311287,29.775696,28.210114,29.688713,29.226364,35.021744,38.015564,35.841156,31.757843,30.810257,30.105286,35.168228,32.0737,30.466927,31.441978,30.49897,35.172806,3536309.7,-0.0045776367,-0.0045776367,-0.0045776367,-0.0045776367,-0.0045776367,-0.0045776367,-0.0045776367,-0.0045776367,-0.0045776367,-0.0045776367,-0.0045776367,-0.0045776367,-0.0045776367,-4.2709961,-9.8374939,-3.56604,-0.31585693,0.059509277,-0.0045776367,-0.0045776367,-0.0045776367,-0.0045776367,-0.0045776367,-0.0045776367,3536309.7
3627069430624,6.8796292,0,34.747078,33.112839,32.504005,30.846878,32.334633,33.108261,34.129089,33.483635,32.948044,30.283821,32.636757,32.49485,37.379265,39.571983,35.621422,33.515678,32.330055,32.270546,38.459602,34.463264,33.675896,33.533989,32.641335,38.615242,3536329.7,31.872284,29.871826,29.436943,28.84642,29.189743,29.368279,31.492332,30.302132,29.789429,28.223846,29.697868,29.212631,35.030899,38.020142,35.841156,31.744102,30.82399,30.123596,35.172806,32.087433,30.462349,31.432823,30.480659,35.177383,3536329.7,-0.0045776367,-0.0045776367,-0.0045776367,-0.0045776367,-0.0045776367,-0.0045776367,-0.0045776367,-0.0045776367,-0.0045776367,-0.0045776367,-0.0045776367,-0.0045776367,-0.0045776367,-4.5914307,-9.1874695,-3.1265869,-1.0391541,0.059509277,-0.0045776367,-0.0045776367,-0.0045776367,-0.0045776367,-0.0045776367,-0.0045776367,3536329.7
3627089453344,6.8996519,0,34.7425,33.108261,32.504005,30.8423,32.334633,33.103683,34.119934,33.488213,32.948044,30.292976,32.627602,32.49485,37.383842,39.576561,35.621422,33.515678,32.334633,32.270546,38.459602,34.463264,33.671318,33.529411,32.641335,38.61982,3536349.7,31.858551,29.858093,29.432365,28.82811,29.166855,29.372856,31.492332,30.311287,29.775696,28.233002,29.716179,29.212631,35.026321,38.015564,35.845734,31.74868,30.82399,30.105286,35.172806,32.09201,30.471504,31.441978,30.49897,35.163651,3536349.7,-0.0045776367,-0.0045776367,-0.0045776367,-0.0045776367,-0.0045776367,-0.0045776367,-0.0045776367,-0.0045776367,-0.0045776367,-0.0045776367,-0.0045776367,-0.0045776367,-0.0045776367,-4.4541016,-9.3797302,-3.1448975,-1.2314148,0.31585693,-0.0045776367,-0.0045776367,-0.0045776367,-0.0045776367,-0.0045776367,-0.0045776367,3536349.7
3627109507200,6.9197058,0,34.737923,33.112839,32.508583,30.856033,32.334633,33.103683,34.129089,33.483635,32.948044,30.288399,32.632179,32.490273,37.383842,39.576561,35.612267,33.515678,32.330055,32.265968,38.46418,34.463264,33.680473,33.529411,32.641335,38.615242,3536369.7,31.858551,29.867249,29.446098,28.837265,29.180588,29.363701,31.49691,30.306709,29.794006,28.228424,29.702446,29.212631,35.04921,38.024719,35.854889,31.766998,30.805679,30.119019,35.168228,32.069122,30.462349,31.460289,30.521858,35.168228,3536369.7,-0.0045776367,-0.0045776367,-0.0045776367,-0.0045776367,-0.0045776367,-0.0045776367,-0.0045776367,-0.0045776367,-0.0045776367,-0.0045776367,-0.0045776367,-0.0045776367,-0.0045776367,-4.8660889,-8.7571411,-3.3463135,-1.606781,-0.050354004,-0.0045776367,-0.0045776367,-0.0045776367,-0.0045776367,-0.0045776367,-0.0045776367,3536369.7
3627129465184,6.9396638,0,34.7425,33.117416,32.513161,30.851456,32.339211,33.103683,34.119934,33.49279,32.952621,30.283821,32.632179,32.499428,37.379265,39.571983,35.616844,33.515678,32.330055,32.265968,38.459602,34.463264,33.680473,33.533989,32.645912,38.610664,3536389.7,31.858551,29.862671,29.427788,28.837265,29.17601,29.354546,31.487755,30.315865,29.789429,28.214691,29.693291,29.240097,35.044632,38.024719,35.845734,31.739525,30.805679,30.119019,35.186539,32.078278,30.466927,31.451134,30.503548,35.177383,3536389.7,-0.0045776367,-0.0045776367,-0.0045776367,-0.0045776367,-0.0045776367,-0.0045776367,-0.0045776367,-0.0045776367,-0.0045776367,-0.0045776367,-0.0045776367,-0.0045776367,-0.0045776367,-4.7745361,-8.6838989,-3.3280029,-1.3870544,-0.15106201,-0.0045776367,-0.0045776367,-0.0045776367,-0.0045776367,-0.0045776367,-0.0045776367,3536389.7
3627149592192,6.9597908,0,34.7425,33.117416,32.508583,30.856033,32.330055,33.103683,34.119934,33.483635,32.948044,30.283821,32.632179,32.49485,37.379265,39.567406,35.621422,33.511101,32.334633,32.265968,38.459602,34.463264,33.671318,33.538567,32.636757,38.610664,3536409.7,31.867706,29.867249,29.427788,28.832687,29.17601,29.363701,31.49691,30.306709,29.789429,28.223846,29.707024,29.208054,35.035477,38.015564,35.841156,31.74868,30.801102,30.132751,35.172806,32.087433,30.485237,31.464867,30.489815,35.159073,3536409.7,-0.0045776367,-0.0045776367,-0.0045776367,-0.0045776367,-0.0045776367,-0.0045776367,-0.0045776367,-0.0045776367,-0.0045776367,-0.0045776367,-0.0045776367,-0.0045776367,-0.0045776367,-4.3167725,-7.4937134,-3.3096924,-2.0462341,-0.032043457,-0.0045776367,-0.0045776367,-0.0045776367,-0.0045776367,-0.0045776367,-0.0045776367,3536409.7
3627169450272,6.9796489,0,34.737923,33.112839,32.504005,30.856033,32.334633,33.103683,34.119934,33.488213,32.948044,30.288399,32.632179,32.49485,37.379265,39.581139,35.612267,33.520256,32.325478,32.270546,38.450447,34.458687,33.675896,33.533989,32.636757,38.615242,3536429.7,31.844818,29.858093,29.427788,28.832687,29.180588,29.368279,31.492332,30.315865,29.784851,28.223846,29.688713,29.226364,35.044632,38.020142,35.845734,31.753265,30.819412,30.132751,35.163651,32.078278,30.466927,31.455711,30.489815,35.181961,3536429.7,-0.0045776367,-0.0045776367,-0.0045776367,-0.0045776367,-0.0045776367,-0.0045776367,-0.0045776367,-0.0045776367,-0.0045776367,-0.0045776367,-0.0045776367,-0.0045776367,-0.0045776367,-3.5568848,-6.660553,-2.8244324,-1.8631287,-0.022888184,-0.0045776367,-0.0045776367,-0.0045776367,-0.0045776367,-0.0045776367,-0.0045776367,3536429.7
3627189442688,6.9996413,0,34.737923,33.117416,32.508583,30.851456,32.325478,33.108261,34.124512,33.488213,32.948044,30.288399,32.632179,32.499428,37.383842,39.567406,35.621422,33.515678,32.330055,32.261391,38.455025,34.463264,33.675896,33.533989,32.641335,38.610664,3536449.7,31.863129,29.867249,29.436943,28.823532,29.162277,29.354546,31.49691,30.315865,29.784851,28.219269,29.697868,29.217209,35.030899,38.024719,35.836578,31.753265,30.814835,30.132751,35.177383,32.078278,30.471504,31.446556,30.480659,35.204849,3536449.7,-0.0045776367,-0.0045776367,-0.0045776367,-0.0045776367,-0.0045776367,-0.0045776367,-0.0045776367,-0.0045776367,-0.0045776367,-0.0045776367,-0.0045776367,-0.0045776367,-0.0045776367,-3.0441895,-6.092926,-2.9342957,-1.9546814,-0.12359619,-0.0045776367,-0.0045776367,-0.0045776367,-0.0045776367,-0.0045776367,-0.0045776367,3536449.7
3627209462528,7.0196611,0,34.7425,33.108261,32.504005,30.851456,32.330055,33.108261,34.119934,33.483635,32.948044,30.292976,32.632179,32.490273,37.379265,39.571983,35.616844,33.511101,32.330055,32.265968,38.455025,34.463264,33.671318,33.533989,32.641335,38.61982,3536469.7,31.858551,29.871826,29.427788,28.82811,29.180588,29.363701,31.492332,30.311287,29.794006,28.228424,29.702446,29.221786,35.040054,38.04303,35.832001,31.753265,30.810257,30.137329,35.177383,32.082855,30.480659,31.460289,30.476082,35.172806,3536469.7,-0.0045776367,-0.0045776367,-0.0045776367,-0.0045776367,-0.0045776367,-0.0045776367,-0.0045776367,-0.0045776367,-0.0045776367,-0.0045776367,-0.0045776367,-0.0045776367,-0.0045776367,-2.0279236,-5.7724915,-2.1194763,-1.7807312,-0.050354004,-0.0045776367,-0.0045776367,-0.0045776367,-0.0045776367,-0.0045776367,-0.0045776367,3536469.7
3627229477504,7.0396761,0,34.737923,33.117416,32.508583,30.856033,32.330055,33.108261,34.119934,33.488213,32.948044,30.297554,32.636757,32.49485,37.38842,39.567406,35.621422,33.515678,32.334633,32.265968,38.455025,34.458687,33.675896,33.529411,32.641335,38.615242,3536489.7,31.872284,29.876404,29.446098,28.832687,29.180588,29.372856,31.487755,30.311287,29.807739,28.237579,29.697868,29.230942,35.04921,38.029297,35.859467,31.757843,30.805679,30.123596,35.163651,32.087433,30.471504,31.455711,30.508125,35.163651,3536489.7,-0.0045776367,-0.0045776367,-0.0045776367,-0.0045776367,-0.0045776367,-0.0045776367,-0.0045776367,-0.0045776367,-0.0045776367,-0.0045776367,-0.0045776367,-0.0045776367,-0.0045776367,-1.5518494,-5.3147278,-2.476532,-1.908905,-0.18768311,-0.0045776367,-0.0045776367,-0.0045776367,-0.0045776367,-0.0045776367,-0.0045776367,3536489.7
3627249427584,7.0596262,0,34.737923,33.108261,32.513161,30.856033,32.325478,33.108261,34.115356,33.488213,32.948044,30.283821,32.632179,32.499428,37.37011,39.571983,35.616844,33.515678,32.325478,32.265968,38.459602,34.458687,33.675896,33.533989,32.645912,38.610664,3536509.7,31.872284,29.867249,29.436943,28.832687,29.171432,29.363701,31.483177,30.297554,29.803162,28.219269,29.697868,29.230942,35.04921,38.024719,35.832001,31.766998,30.796524,30.141907,35.168228,32.087433,30.466927,31.441978,30.49897,35.204849,3536509.7,-0.0045776367,-0.0045776367,-0.0045776367,-0.0045776367,-0.0045776367,-0.0045776367,-0.0045776367,-0.0045776367,-0.0045776367,-0.0045776367,-0.0045776367,-0.0045776367,-0.0045776367,-1.002533,-4.8752441,-1.8539734,-1.6159363,0.04119873,-0.0045776367,-0.0045776367,-0.0045776367,-0.0045776367,-0.0045776367,-0.0045776367,3536509.7
3627269457152,7.0796557,0,34.737923,33.103683,32.508583,30.856033,32.330055,33.108261,34.119934,33.488213,32.952621,30.292976,32.632179,32.490273,37.379265,39.576561,35.621422,33.515678,32.330055,32.270546,38.455025,34.458687,33.680473,33.529411,32.645912,38.610664,3536529.7,31.867706,29.862671,29.42321,28.841843,29.180588,29.336235,31.487755,30.306709,29.771118,28.210114,29.688713,29.221786,35.026321,38.010986,35.832001,31.762421,30.819412,30.137329,35.191116,32.087433,30.462349,31.441978,30.49897,35.177383,3536529.7,-0.0045776367,-0.0045776367,-0.0045776367,-0.0045776367,-0.0045776367,-0.0045776367,-0.0045776367,-0.0045776367,-0.0045776367,-0.0045776367,-0.0045776367,-0.0045776367,-0.0045776367,-0.37994385,-4.7928467,-2.0279236,-1.3504333,-0.086975098,-0.0045776367,-0.0045776367,-0.0045776367,-0.0045776367,-0.0045776367,-0.0045776367,3536529.7
3627289446624,7.0996452,0,34.737923,33.112839,32.504005,30.851456,32.339211,33.103683,34.115356,33.479057,32.952621,30.279243,32.636757,32.49485,37.379265,39.571983,35.625999,33.520256,32.334633,32.265968,38.459602,34.467842,33.680473,33.533989,32.636757,38.610664,3536549.7,31.867706,29.871826,29.436943,28.841843,29.1577,29.349968,31.4786,30.302132,29.784851,28.219269,29.720757,29.212631,35.040054,38.029297,35.850311,31.753265,30.814835,30.123596,35.163651,32.087433,30.466927,31.469444,30.494392,35.195694,3536549.7,-0.0045776367,-0.0045776367,-0.0045776367,-0.0045776367,-0.0045776367,-0.0045776367,-0.0045776367,-0.0045776367,-0.0045776367,-0.0045776367,-0.0045776367,-0.0045776367,-0.0045776367,-0.086975098,-4.9942627,-1.8997498,-0.51727295,-0.032043457,-0.0045776367,-0.0045776367,-0.0045776367,-0.0045776367,-0.0045776367,-0.0045776367,3536549.7
3627309439296,7.1196379,0,34.7425,33.112839,32.504005,30.851456,32.334633,33.103683,34.119934,33.483635,32.952621,30.292976,32.627602,32.504005,37.383842,39.571983,35.616844,33.515678,32.330055,32.261391,38.46418,34.467842,33.675896,33.529411,32.636757,38.61982,3536569.7,31.872284,29.867249,29.42321,28.823532,29.180588,29.34539,31.49691,30.311287,29.789429,28.223846,29.707024,29.226364,35.030899,38.024719,35.827423,31.744102,30.819412,30.141907,35.177383,32.096588,30.466927,31.455711,30.503548,35.181961,3536569.7,-0.0045776367,-0.0045776367,-0.0045776367,-0.0045776367,-0.0045776367,-0.0045776367,-0.0045776367,-0.0045776367,-0.0045776367,-0.0045776367,-0.0045776367,-0.0045776367,-0.0045776367,-1.3321228,-4.8569336,-1.405365,-0.23345947,0.16021729,-0.0045776367,-0.0045776367,-0.0045776367,-0.0045776367,-0.0045776367,-0.0045776367,3536569.7
3627329436192,7.1396348,0,34.7425,33.103683,32.504005,30.851456,32.334633,33.108261,34.124512,33.488213,32.948044,30.288399,32.636757,32.490273,37.374687,39.576561,35.621422,33.515678,32.330055,32.265968,38.455025,34.463264,33.671318,33.538567,32.636757,38.615242,3536589.7,31.844818,29.876404,29.42321,28.837265,29.17601,29.34539,31.492332,30.297554,29.775696,28.223846,29.697868,29.230942,35.040054,38.024719,35.832001,31.74868,30.819412,30.15564,35.159073,32.087433,30.471504,31.451134,30.512703,35.168228,3536589.7,-0.0045776367,-0.0045776367,-0.0045776367,-0.0045776367,-0.0045776367,-0.0045776367,-0.0045776367,-0.0045776367,-0.0045776367,-0.0045776367,-0.0045776367,-0.0045776367,-0.0045776367,0.15106201,-4.8935547,-1.103241,0.086975098,0.28839111,-0.0045776367,-0.0045776367,-0.0045776367,-0.0045776367,-0.0045776367,-0.0045776367,3536589.7
3627349596160,7.1597948,0,34.733345,33.108261,32.508583,30.856033,32.334633,33.103683,34.129089,33.488213,32.957199,30.288399,32.632179,32.49485,37.374687,39.571983,35.616844,33.520256,32.330055,32.261391,38.459602,34.463264,33.671318,33.529411,32.645912,38.615242,3536609.7,31.872284,29.871826,29.42321,28.850998,29.171432,29.354546,31.492332,30.302132,29.775696,28.219269,29.702446,29.217209,35.044632,38.033875,35.841156,31.780731,30.814835,30.132751,35.149918,32.078278,30.466927,31.441978,30.489815,35.163651,3536609.7,-0.0045776367,-0.0045776367,-0.0045776367,-0.0045776367,-0.0045776367,-0.0045776367,-0.0045776367,-0.0045776367,-0.0045776367,-0.0045776367,-0.0045776367,-0.0045776367,-0.0045776367,-0.19683838,-4.3808594,-1.0208435,1.1398621,0.18768311,-0.0045776367,-0.0045776367,-0.0045776367,-0.0045776367,-0.0045776367,-0.0045776367,3536609.7
3627369426240,7.1796248,0,34.737923,33.108261,32.508583,30.846878,32.330055,33.108261,34.119934,33.488213,32.948044,30.283821,32.636757,32.49485,37.374687,39.571983,35.625999,33.524834,32.325478,32.265968,38.450447,34.463264,33.675896,33.524834,32.641335,38.615242,3536629.7,31.863129,29.867249,29.441521,28.832687,29.17601,29.34539,31.49691,30.320442,29.775696,28.210114,29.697868,29.230942,35.040054,38.04303,35.836578,31.744102,30.819412,30.141907,35.168228,32.09201,30.462349,31.441978,30.508125,35.172806,3536629.7,-0.0045776367,-0.0045776367,-0.0045776367,-0.0045776367,-0.0045776367,-0.0045776367,-0.0045776367,-0.0045776367,-0.0045776367,-0.0045776367,-0.0045776367,-0.0045776367,-0.0045776367,-0.62713623,-4.8935547,-0.88348389,1.4328308,0.28839111,-0.0045776367,-0.0045776367,-0.0045776367,-0.0045776367,-0.0045776367,-0.0045776367,3536629.7
3627389438176,7.1996368,0,34.737923,33.117416,32.508583,30.860611,32.330055,33.112839,34.124512,33.488213,32.948044,30.292976,32.627602,32.49485,37.379265,39.581139,35.621422,33.515678,32.330055,32.265968,38.450447,34.47242,33.675896,33.543144,32.641335,38.615242,3536649.7,31.872284,29.876404,29.432365,28.82811,29.171432,29.363701,31.483177,30.292976,29.789429,28.228424,29.711601,29.221786,35.026321,38.047607,35.832001,31.762421,30.810257,30.151062,35.159073,32.09201,30.457771,31.451134,30.508125,35.181961,3536649.7,-0.0045776367,-0.0045776367,-0.0045776367,-0.0045776367,-0.0045776367,-0.0045776367,-0.0045776367,-0.0045776367,-0.0045776367,-0.0045776367,-0.0045776367,-0.0045776367,-0.0045776367,-0.52642822,-3.7766113,-0.47149658,2.57724,0.13275146,-0.0045776367,-0.0045776367,-0.0045776367,-0.0045776367,-0.0045776367,-0.0045776367,3536649.7
3627409442016,7.2196406,0,34.737923,33.117416,32.504005,30.856033,32.334633,33.108261,34.119934,33.49279,32.952621,30.288399,32.636757,32.490273,37.379265,39.576561,35.625999,33.520256,32.334633,32.270546,38.459602,34.458687,33.675896,33.529411,32.636757,38.615242,3536669.7,31.872284,29.880981,29.42321,28.809799,29.180588,29.354546,31.49691,30.288399,29.780273,28.233002,29.720757,29.235519,35.026321,38.020142,35.841156,31.757843,30.819412,30.146484,35.154495,32.082855,30.448616,31.460289,30.508125,35.181961,3536669.7,-0.0045776367,-0.0045776367,-0.0045776367,-0.0045776367,-0.0045776367,-0.0045776367,-0.0045776367,-0.0045776367,-0.0045776367,-0.0045776367,-0.0045776367,-0.0045776367,-0.0045776367,-0.60882568,-3.8223877,-0.43487549,2.778656,0.32501221,-0.0045776367,-0.0045776367,-0.0045776367,-0.0045776367,-0.0045776367,-0.0045776367,3536669.7
3627429431488,7.2396301,0,34.7425,33.112839,32.508583,30.851456,32.330055,33.108261,34.119934,33.49279,32.948044,30.292976,32.636757,32.490273,37.379265,39.571983,35.625999,33.524834,32.330055,32.270546,38.455025,34.467842,33.675896,33.529411,32.645912,38.615242,3536689.7,31.858551,29.867249,29.436943,28.832687,29.171432,29.354546,31.49691,30.306709,29.771118,28.228424,29.702446,29.226364,35.040054,38.056763,35.854889,31.766998,30.819412,30.141907,35.159073,32.0737,30.476082,31.451134,30.503548,35.154495,3536689.7,-0.0045776367,-0.0045776367,-0.0045776367,-0.0045776367,-0.0045776367,-0.0045776367,-0.0045776367,-0.0045776367,-0.0045776367,-0.0045776367,-0.0045776367,-0.0045776367,-0.0045776367,-1.405365,-3.0625,0.35247803,2.8610535,0.3616333,-0.0045776367,-0.0045776367,-0.0045776367,-0.0045776367,-0.0045776367,-0.0045776367,3536689.7
3627449432192,7.2596308,0,34.7425,33.117416,32.508583,30.856033,32.330055,33.103683,34.119934,33.488213,32.952621,30.288399,32.632179,32.499428,37.383842,39.576561,35.635155,33.515678,32.330055,32.261391,38.450447,34.463264,33.671318,33.533989,32.641335,38.610664,3536709.7,31.872284,29.880981,29.427788,28.837265,29.189743,29.336235,31.474022,30.297554,29.784851,28.233002,29.702446,29.230942,35.04921,38.04303,35.832001,31.725792,30.814835,30.151062,35.154495,32.082855,30.457771,31.446556,30.503548,35.200272,3536709.7,-0.0045776367,-0.0045776367,-0.0045776367,-0.0045776367,-0.0045776367,-0.0045776367,-0.0045776367,-0.0045776367,-0.0045776367,-0.0045776367,-0.0045776367,-0.0045776367,-0.0045776367,-0.66375732,-2.1835632,0.56304932,2.6321716,0.61798096,-0.0045776367,-0.0045776367,-0.0045776367,-0.0045776367,-0.0045776367,-0.0045776367,3536709.7
3627469432448,7.279631,0,34.737923,33.112839,32.508583,30.851456,32.334633,33.112839,34.124512,33.483635,32.952621,30.288399,32.632179,32.499428,37.383842,39.571983,35.635155,33.524834,32.325478,32.270546,38.455025,34.458687,33.671318,33.529411,32.645912,38.610664,3536729.7,31.876862,29.862671,29.446098,28.837265,29.153122,29.368279,31.49691,30.297554,29.789429,28.223846,29.697868,29.217209,35.04921,38.04303,35.850311,31.771576,30.819412,30.146484,35.159073,32.096588,30.485237,31.446556,30.526436,35.172806,3536729.7,-0.0045776367,-0.0045776367,-0.0045776367,-0.0045776367,-0.0045776367,-0.0045776367,-0.0045776367,-0.0045776367,-0.0045776367,-0.0045776367,-0.0045776367,-0.0045776367,-0.0045776367,-0.62713623,-1.7990417,0.91094971,2.4490662,0.44403076,-0.0045776367,-0.0045776367,-0.0045776367,-0.0045776367,-0.0045776367,-0.0045776367,3536729.7
3627489404064,7.2996027,0,34.7425,33.108261,32.508583,30.851456,32.330055,33.112839,34.124512,33.49279,32.943466,30.292976,32.632179,32.485695,37.38842,39.576561,35.635155,33.515678,32.3209,32.265968,38.459602,34.463264,33.675896,33.533989,32.641335,38.610664,3536749.7,31.858551,29.862671,29.432365,28.82811,29.17601,29.363701,31.487755,30.306709,29.794006,28.223846,29.702446,29.212631,35.044632,38.06134,35.859467,31.766998,30.810257,30.151062,35.177383,32.078278,30.466927,31.455711,30.471504,35.177383,3536749.7,-0.0045776367,-0.0045776367,-0.0045776367,-0.0045776367,-0.0045776367,-0.0045776367,-0.0045776367,-0.0045776367,-0.0045776367,-0.0045776367,-0.0045776367,-0.0045776367,-0.0045776367,-0.4989624,-0.79193115,0.86517334,1.6159363,0.52642822,-0.0045776367,-0.0045776367,-0.0045776367,-0.0045776367,-0.0045776367,-0.0045776367,3536749.7
3627509466304,7.3196649,0,34.737923,33.108261,32.508583,30.851456,32.330055,33.108261,34.119934,33.488213,32.948044,30.283821,32.627602,32.490273,37.38842,39.571983,35.635155,33.515678,32.330055,32.265968,38.459602,34.463264,33.671318,33.529411,32.641335,38.615242,3536769.7,31.867706,29.853516,29.427788,28.814377,29.162277,29.359123,31.469444,30.297554,29.775696,28.219269,29.707024,29.230942,35.030899,38.038452,35.818268,31.757843,30.828568,30.137329,35.172806,32.069122,30.480659,31.455711,30.49897,35.159073,3536769.7,-0.0045776367,-0.0045776367,-0.0045776367,-0.0045776367,-0.0045776367,-0.0045776367,-0.0045776367,-0.0045776367,-0.0045776367,-0.0045776367,-0.0045776367,-0.0045776367,-0.0045776367,-0.32501221,-0.17852783,1.002533,1.3229675,0.068664551,-0.0045776367,-0.0045776367,-0.0045776367,-0.0045776367,-0.0045776367,-0.0045776367,3536769.7
3627529412032,7.3396106,0,34.737923,33.112839,32.513161,30.846878,32.339211,33.103683,34.124512,33.488213,32.952621,30.288399,32.623024,32.490273,37.383842,39.571983,35.635155,33.515678,32.334633,32.261391,38.455025,34.463264,33.671318,33.533989,32.641335,38.610664,3536789.7,31.858551,29.871826,29.436943,28.837265,29.162277,29.349968,31.501488,30.306709,29.775696,28.223846,29.697868,29.226364,35.040054,38.052185,35.832001,31.757843,30.82399,30.119019,35.159073,32.087433,30.457771,31.460289,30.494392,35.172806,3536789.7,-0.0045776367,-0.0045776367,-0.0045776367,-0.0045776367,-0.0045776367,-0.0045776367,-0.0045776367,-0.0045776367,-0.0045776367,-0.0045776367,-0.0045776367,-0.0045776367,-0.0045776367,0.37994385,1.5152283,1.3229675,0.086975098,-0.19683838,-0.0045776367,-0.0045776367,-0.0045776367,-0.0045776367,-0.0045776367,-0.0045776367,3536789.7
3627549644032,7.3598426,0,34.737923,33.112839,32.508583,30.856033,32.334633,33.108261,34.119934,33.488213,32.952621,30.288399,32.636757,32.499428,37.383842,39.567406,35.639732,33.520256,32.325478,32.261391,38.46418,34.463264,33.671318,33.538567,32.641335,38.615242,3536809.7,31.867706,29.862671,29.432365,28.84642,29.185165,29.363701,31.49691,30.306709,29.784851,28.228424,29.702446,29.235519,35.040054,38.047607,35.864044,31.74868,30.801102,30.137329,35.163651,32.087433,30.471504,31.451134,30.508125,35.177383,3536809.7,-0.0045776367,-0.0045776367,-0.0045776367,-0.0045776367,-0.0045776367,-0.0045776367,-0.0045776367,-0.0045776367,-0.0045776367,-0.0045776367,-0.0045776367,-0.0045776367,-0.0045776367,1.5884705,2.0370789,1.203949,-0.43487549,-0.17852783,-0.0045776367,-0.0045776367,-0.0045776367,-0.0045776367,-0.0045776367,-0.0045776367,3536809.7
3627569431808,7.3796304,0,34.7425,33.108261,32.513161,30.851456,32.339211,33.112839,34.124512,33.49279,32.948044,30.288399,32.636757,32.499428,37.38842,39.571983,35.64431,33.511101,32.325478,32.265968,38.459602,34.458687,33.675896,33.533989,32.65049,38.610664,3536829.7,31.867706,29.880981,29.42321,28.841843,29.166855,29.354546,31.49691,30.315865,29.780273,28.237579,29.716179,29.212631,35.044632,38.038452,35.850311,31.753265,30.810257,30.160217,35.177383,32.087433,30.466927,31.432823,30.480659,35.181961,3536829.7,-0.0045776367,-0.0045776367,-0.0045776367,-0.0045776367,-0.0045776367,-0.0045776367,-0.0045776367,-0.0045776367,-0.0045776367,-0.0045776367,-0.0045776367,-0.0045776367,-0.0045776367,1.2314148,3.1265869,0.61798096,-1.4877625,0.068664551,-0.0045776367,-0.0045776367,-0.0045776367,-0.0045776367,-0.0045776367,-0.0045776367,3536829.7
3627589441088,7.3996397,0,34.7425,33.117416,32.508583,30.856033,32.334633,33.108261,34.119934,33.49279,32.948044,30.292976,32.632179,32.49485,37.383842,39.571983,35.64431,33.511101,32.325478,32.270546,38.455025,34.467842,33.675896,33.538567,32.641335,38.610664,3536849.7,31.863129,29.876404,29.455254,28.837265,29.166855,29.354546,31.483177,30.311287,29.771118,28.223846,29.693291,29.230942,35.04921,38.024719,35.868622,31.766998,30.82399,30.141907,35.163651,32.087433,30.466927,31.460289,30.485237,35.181961,3536849.7,-0.0045776367,-0.0045776367,-0.0045776367,-0.0045776367,-0.0045776367,-0.0045776367,-0.0045776367,-0.0045776367,-0.0045776367,-0.0045776367,-0.0045776367,-0.0045776367,-0.0045776367,1.405365,3.4012451,-0.30670166,-1.5152283,0.077819824,-0.0045776367,-0.0045776367,-0.0045776367,-0.0045776367,-0.0045776367,-0.0045776367,3536849.7
3627609475072,7.4196737,0,34.737923,33.108261,32.508583,30.851456,32.330055,33.108261,34.129089,33.488213,32.948044,30.292976,32.627602,32.499428,37.383842,39.571983,35.64431,33.515678,32.330055,32.265968,38.455025,34.463264,33.675896,33.538567,32.645912,38.615242,3536869.7,31.872284,29.867249,29.42321,28.832687,29.166855,29.349968,31.492332,30.302132,29.789429,28.214691,29.707024,29.235519,35.017166,38.038452,35.868622,31.757843,30.810257,30.151062,35.172806,32.087433,30.453194,31.451134,30.508125,35.177383,3536869.7,-0.0045776367,-0.0045776367,-0.0045776367,-0.0045776367,-0.0045776367,-0.0045776367,-0.0045776367,-0.0045776367,-0.0045776367,-0.0045776367,-0.0045776367,-0.0045776367,-0.0045776367,1.6434021,3.5568848,-0.32501221,-2.0828552,0.04119873,-0.0045776367,-0.0045776367,-0.0045776367,-0.0045776367,-0.0045776367,-0.0045776367,3536869.7
3627629428128,7.4396267,0,34.7425,33.112839,32.504005,30.846878,32.330055,33.108261,34.124512,33.49279,32.948044,30.288399,32.636757,32.490273,37.379265,39.571983,35.639732,33.515678,32.334633,32.265968,38.450447,34.467842,33.671318,33.538567,32.641335,38.615242,3536889.7,31.876862,29.867249,29.436943,28.814377,29.171432,29.354546,31.487755,30.311287,29.780273,28.233002,29.693291,29.235519,35.030899,38.047607,35.854889,31.757843,30.810257,30.141907,35.159073,32.105743,30.466927,31.441978,30.512703,35.172806,3536889.7,-0.0045776367,-0.0045776367,-0.0045776367,-0.0045776367,-0.0045776367,-0.0045776367,-0.0045776367,-0.0045776367,-0.0045776367,-0.0045776367,-0.0045776367,-0.0045776367,-0.0045776367,1.9546814,4.4632568,-1.4877625,-1.9729919,0.068664551,-0.0045776367,-0.0045776367,-0.0045776367,-0.0045776367,-0.0045776367,-0.0045776367,3536889.7
3627649411392,7.45961,0,34.7425,33.112839,32.508583,30.851456,32.334633,33.103683,34.124512,33.49279,32.952621,30.288399,32.636757,32.490273,37.379265,39.567406,35.64431,33.511101,32.325478,32.261391,38.459602,34.467842,33.671318,33.533989,32.641335,38.610664,3536909.7,31.867706,29.858093,29.427788,28.82811,29.189743,29.359123,31.4786,30.311287,29.794006,28.205536,29.697868,29.212631,35.040054,38.038452,35.854889,31.766998,30.814835,30.128174,35.168228,32.082855,30.480659,31.464867,30.503548,35.191116,3536909.7,-0.0045776367,-0.0045776367,-0.0045776367,-0.0045776367,-0.0045776367,-0.0045776367,-0.0045776367,-0.0045776367,-0.0045776367,-0.0045776367,-0.0045776367,-0.0045776367,-0.0045776367,2.009613,4.6005859,-1.5701599,-1.8448181,0.28839111,-0.0045776367,-0.0045776367,-0.0045776367,-0.0045776367,-0.0045776367,-0.0045776367,3536909.7
3627669436128,7.4796347,0,34.747078,33.117416,32.508583,30.851456,32.339211,33.108261,34.119934,33.49279,32.948044,30.283821,32.632179,32.49485,37.383842,39.576561,35.648888,33.520256,32.334633,32.265968,38.459602,34.463264,33.671318,33.533989,32.641335,38.61982,3536929.7,31.881439,29.876404,29.42321,28.832687,29.166855,29.359123,31.487755,30.311287,29.784851,28.223846,29.702446,29.212631,35.017166,38.038452,35.864044,31.766998,30.810257,30.137329,35.181961,32.09201,30.462349,31.451134,30.494392,35.172806,3536929.7,-0.0045776367,-0.0045776367,-0.0045776367,-0.0045776367,-0.0045776367,-0.0045776367,-0.0045776367,-0.0045776367,-0.0045776367,-0.0045776367,-0.0045776367,-0.0045776367,-0.0045776367,1.7898865,4.7104492,-1.4602966,-0.76446533,0.068664551,-0.0045776367,-0.0045776367,-0.0045776367,-0.0045776367,-0.0045776367,-0.0045776367,3536929.7
3627689402496,7.4996011,0,34.7425,33.117416,32.513161,30.860611,32.334633,33.108261,34.119934,33.49279,32.952621,30.292976,32.632179,32.49485,37.38842,39.571983,35.639732,33.511101,32.330055,32.261391,38.459602,34.463264,33.671318,33.529411,32.645912,38.615242,3536949.7,31.858551,29.862671,29.432365,28.837265,29.189743,29.34539,31.483177,30.315865,29.771118,28.228424,29.702446,29.212631,35.040054,38.038452,35.877777,31.766998,30.819412,30.151062,35.172806,32.087433,30.503548,31.451134,30.503548,35.186539,3536949.7,-0.0045776367,-0.0045776367,-0.0045776367,-0.0045776367,-0.0045776367,-0.0045776367,-0.0045776367,-0.0045776367,-0.0045776367,-0.0045776367,-0.0045776367,-0.0045776367,-0.0045776367,1.7807312,4.536499,-1.8905945,-0.24261475,-2.0737,-0.0045776367,-0.0045776367,-0.0045776367,-0.0045776367,-0.0045776367,-0.0045776367,3536949.7
3627709446400,7.519645,0,34.7425,33.112839,32.504005,30.851456,32.334633,33.108261,34.119934,33.488213,32.948044,30.292976,32.632179,32.49485,37.383842,39.571983,35.639732,33.520256,32.330055,32.270546,38.455025,34.47242,33.675896,33.533989,32.645912,38.615242,3536969.7,31.876862,29.862671,29.427788,28.832687,29.185165,29.359123,31.483177,30.315865,29.794006,28.233002,29.707024,29.217209,35.026321,38.047607,35.882355,31.766998,30.810257,30.137329,35.177383,32.087433,30.476082,31.460289,30.494392,35.172806,3536969.7,-0.0045776367,-0.0045776367,-0.0045776367,-0.0045776367,-0.0045776367,-0.0045776367,-0.0045776367,-0.0045776367,-0.0045776367,-0.0045776367,-0.0045776367,-0.0045776367,-0.0045776367,1.0208435,4.0695801,-1.5610046,0.19683838,0.10528564,-0.0045776367,-0.0045776367,-0.0045776367,-0.0045776367,-0.0045776367,-0.0045776367,3536969.7
3627729437280,7.5396359,0,34.737923,33.108261,32.504005,30.860611,32.325478,33.112839,34.119934,33.488213,32.952621,30.288399,32.627602,32.499428,37.379265,39.567406,35.653465,33.515678,32.330055,32.265968,38.455025,34.463264,33.675896,33.533989,32.65049,38.615242,3536989.7,31.872284,29.871826,29.427788,28.832687,29.166855,29.349968,31.492332,30.297554,29.789429,28.233002,29.720757,29.230942,35.04921,38.047607,35.886932,31.776154,30.819412,30.15564,35.168228,32.087433,30.485237,31.446556,30.494392,35.181961,3536989.7,-0.0045776367,-0.0045776367,-0.0045776367,-0.0045776367,-0.0045776367,-0.0045776367,-0.0045776367,-0.0045776367,-0.0045776367,-0.0045776367,-0.0045776367,-0.0045776367,-0.0045776367,0.81939697,3.7583008,-1.2405701,0.31585693,0.34332275,-0.0045776367,-0.0045776367,-0.0045776367,-0.0045776367,-0.0045776367,-0.0045776367,3536989.7
3627749526240,7.5597248,0,34.7425,33.112839,32.508583,30.851456,32.334633,33.112839,34.119934,33.488213,32.952621,30.288399,32.636757,32.49485,37.38842,39.571983,35.648888,33.520256,32.330055,32.261391,38.459602,34.463264,33.675896,33.538567,32.641335,38.61982,3537011.7,31.863129,29.867249,29.418633,28.823532,29.17601,29.359123,31.492332,30.311287,29.789429,28.210114,29.684135,29.230942,35.053787,38.038452,35.886932,31.766998,30.82399,30.160217,35.163651,32.087433,30.485237,31.446556,30.480659,35.163651,3537011.7,-0.0045776367,-0.0045776367,-0.0045776367,-0.0045776367,-0.0045776367,-0.0045776367,-0.0045776367,-0.0045776367,-0.0045776367,-0.0045776367,-0.0045776367,-0.0045776367,-0.0045776367,0.23345947,3.630127,-0.32501221,0.6362915,0.26092529,-0.0045776367,-0.0045776367,-0.0045776367,-0.0045776367,-0.0045776367,-0.0045776367,3537011.7
3627769415552,7.5796141,0,34.733345,33.112839,32.508583,30.851456,32.334633,33.108261,34.119934,33.497368,32.948044,30.288399,32.632179,32.499428,37.38842,39.567406,35.648888,33.520256,32.330055,32.261391,38.455025,34.467842,33.675896,33.529411,32.636757,38.61982,3537029.7,31.858551,29.862671,29.427788,28.82811,29.180588,29.359123,31.483177,30.306709,29.784851,28.223846,29.697868,29.208054,35.058365,38.052185,35.873199,31.771576,30.810257,30.15564,35.186539,32.09201,30.494392,31.455711,30.503548,35.191116,3537029.7,-0.0045776367,-0.0045776367,-0.0045776367,-0.0045776367,-0.0045776367,-0.0045776367,-0.0045776367,-0.0045776367,-0.0045776367,-0.0045776367,-0.0045776367,-0.0045776367,-0.0045776367,-0.20599365,3.5843506,-0.37994385,0.59967041,0.10528564,-0.0045776367,-0.0045776367,-0.0045776367,-0.0045776367,-0.0045776367,-0.0045776367,3537029.7
3627789428992,7.5996276,0,34.737923,33.112839,32.508583,30.846878,32.330055,33.108261,34.119934,33.483635,32.952621,30.297554,32.632179,32.499428,37.379265,39.576561,35.64431,33.520256,32.334633,32.261391,38.455025,34.463264,33.680473,33.538567,32.645912,38.615242,3537049.7,31.872284,29.862671,29.432365,28.832687,29.143967,29.359123,31.474022,30.302132,29.784851,28.237579,29.693291,29.226364,35.026321,38.04303,35.873199,31.762421,30.814835,30.137329,35.159073,32.082855,30.466927,31.446556,30.503548,35.177383,3537049.7,-0.0045776367,-0.0045776367,-0.0045776367,-0.0045776367,-0.0045776367,-0.0045776367,-0.0045776367,-0.0045776367,-0.0045776367,-0.0045776367,-0.0045776367,-0.0045776367,-0.0045776367,-0.64544678,3.364624,-0.16021729,0.022888184,-0.096130371,-0.0045776367,-0.0045776367,-0.0045776367,-0.0045776367,-0.0045776367,-0.0045776367,3537049.7
3627809417280,7.6196159,0,34.7425,33.108261,32.508583,30.846878,32.330055,33.108261,34.119934,33.488213,32.943466,30.288399,32.632179,32.490273,37.374687,39.571983,35.653465,33.520256,32.325478,32.256813,38.459602,34.467842,33.671318,33.533989,32.645912,38.610664,3537069.7,31.867706,29.871826,29.42321,28.841843,29.17601,29.372856,31.474022,30.311287,29.771118,28.214691,29.707024,29.226364,35.04921,38.065918,35.89151,31.776154,30.819412,30.123596,35.159073,32.082855,30.466927,31.451134,30.49897,35.181961,3537069.7,-0.0045776367,-0.0045776367,-0.0045776367,-0.0045776367,-0.0045776367,-0.0045776367,-0.0045776367,-0.0045776367,-0.0045776367,-0.0045776367,-0.0045776367,-0.0045776367,-0.0045776367,-0.81939697,3.3829346,-0.086975098,-0.58135986,0.068664551,-0.0045776367,-0.0045776367,-0.0045776367,-0.0045776367,-0.0045776367,-0.0045776367,3537069.7
3627829387904,7.6395865,0,34.7425,33.112839,32.508583,30.856033,32.330055,33.108261,34.124512,33.479057,32.957199,30.297554,32.641335,32.504005,37.383842,39.576561,35.648888,33.515678,32.330055,32.252235,38.459602,34.467842,33.680473,33.538567,32.641335,38.615242,3537089.7,31.876862,29.880981,29.418633,28.837265,29.185165,29.34539,31.492332,30.311287,29.789429,28.228424,29.711601,29.208054,35.044632,38.056763,35.900665,31.776154,30.796524,30.151062,35.168228,32.09201,30.462349,31.432823,30.494392,35.186539,3537089.7,-0.0045776367,-0.0045776367,-0.0045776367,-0.0045776367,-0.0045776367,-0.0045776367,-0.0045776367,-0.0045776367,-0.0045776367,-0.0045776367,-0.0045776367,-0.0045776367,-0.0045776367,-0.58135986,2.8152771,0.4989624,-1.0849304,-0.12359619,-0.0045776367,-0.0045776367,-0.0045776367,-0.0045776367,-0.0045776367,-0.0045776367,3537089.7
3627849398816,7.6595974,0,34.737923,33.112839,32.508583,30.851456,32.330055,33.108261,34.124512,33.488213,32.952621,30.288399,32.636757,32.49485,37.383842,39.571983,35.648888,33.520256,32.334633,32.265968,38.459602,34.467842,33.671318,33.538567,32.645912,38.61982,3537109.7,31.863129,29.880981,29.450676,28.837265,29.180588,29.359123,31.487755,30.311287,29.780273,28.228424,29.707024,29.235519,35.053787,38.052185,35.909821,31.771576,30.819412,30.146484,35.168228,32.09201,30.462349,31.451134,30.531013,35.195694,3537109.7,-0.0045776367,-0.0045776367,-0.0045776367,-0.0045776367,-0.0045776367,-0.0045776367,-0.0045776367,-0.0045776367,-0.0045776367,-0.0045776367,-0.0045776367,-0.0045776367,-0.0045776367,0.28839111,1.5426941,0.30670166,-1.3321228,-0.26092529,-0.0045776367,-0.0045776367,-0.0045776367,-0.0045776367,-0.0045776367,-0.0045776367,3537109.7
3627869389248,7.6795878,0,34.737923,33.112839,32.513161,30.856033,32.334633,33.103683,34.119934,33.488213,32.952621,30.288399,32.632179,32.49485,37.379265,39.571983,35.653465,33.524834,32.339211,32.261391,38.459602,34.467842,33.675896,33.533989,32.641335,38.610664,3537129.7,31.867706,29.871826,29.436943,28.841843,29.162277,29.354546,31.492332,30.306709,29.784851,28.205536,29.697868,29.217209,35.044632,38.033875,35.89151,31.785309,30.82399,30.146484,35.177383,32.082855,30.489815,31.432823,30.512703,35.159073,3537129.7,-0.0045776367,-0.0045776367,-0.0045776367,-0.0045776367,-0.0045776367,-0.0045776367,-0.0045776367,-0.0045776367,-0.0045776367,-0.0045776367,-0.0045776367,-0.0045776367,-0.0045776367,0.93841553,0.54473877,0.80108643,-1.5610046,0.059509277,-0.0045776367,-0.0045776367,-0.0045776367,-0.0045776367,-0.0045776367,-0.0045776367,3537129.7
3627889407424,7.699606,0,34.7425,33.108261,32.508583,30.851456,32.334633,33.103683,34.119934,33.488213,32.952621,30.292976,32.636757,32.485695,37.379265,39.571983,35.653465,33.511101,32.330055,32.265968,38.455025,34.463264,33.675896,33.533989,32.645912,38.615242,3537149.7,31.872284,29.871826,29.459831,28.82811,29.153122,29.349968,31.492332,30.315865,29.789429,28.214691,29.702446,29.221786,35.035477,38.065918,35.914398,31.789886,30.82399,30.15564,35.177383,32.087433,30.466927,31.460289,30.517281,35.186539,3537149.7,-0.0045776367,-0.0045776367,-0.0045776367,-0.0045776367,-0.0045776367,-0.0045776367,-0.0045776367,-0.0045776367,-0.0045776367,-0.0045776367,-0.0045776367,-0.0045776367,-0.0045776367,2.8885193,-0.15106201,0.74615479,-1.6250916,0.04119873,-0.0045776367,-0.0045776367,-0.0045776367,-0.0045776367,-0.0045776367,-0.0045776367,3537149.7
3627909672832,7.7198714,0,34.737923,33.112839,32.508583,30.851456,32.339211,33.108261,34.124512,33.488213,32.952621,30.288399,32.632179,32.490273,37.383842,39.576561,35.653465,33.520256,32.330055,32.256813,38.455025,34.463264,33.675896,33.538567,32.641335,38.615242,3537169.7,31.863129,29.876404,29.436943,28.841843,29.17601,29.354546,31.487755,30.311287,29.794006,28.228424,29.688713,29.208054,35.04921,38.06134,35.886932,31.753265,30.810257,30.160217,35.163651,32.09201,30.471504,31.451134,30.480659,35.177383,3537169.7,-0.0045776367,-0.0045776367,-0.0045776367,-0.0045776367,-0.0045776367,-0.0045776367,-0.0045776367,-0.0045776367,-0.0045776367,-0.0045776367,-0.0045776367,-0.0045776367,-0.0045776367,4.0421143,-3.5294189,0.27008057,-1.4236755,-0.25177002,-0.0045776367,-0.0045776367,-0.0045776367,-0.0045776367,-0.0045776367,-0.0045776367,3537169.7
3627929476896,7.7396755,0,34.737923,33.112839,32.508583,30.856033,32.334633,33.108261,34.119934,33.488213,32.952621,30.292976,32.636757,32.49485,37.383842,39.567406,35.648888,33.524834,32.334633,32.261391,38.459602,34.458687,33.675896,33.538567,32.641335,38.615242,3537189.7,31.872284,29.867249,29.432365,28.837265,29.17601,29.368279,31.474022,30.311287,29.775696,28.228424,29.693291,29.217209,35.053787,38.04303,35.896088,31.776154,30.814835,30.146484,35.177383,32.0737,30.471504,31.460289,30.503548,35.177383,3537189.7,-0.0045776367,-0.0045776367,-0.0045776367,-0.0045776367,-0.0045776367,-0.0045776367,-0.0045776367,-0.0045776367,-0.0045776367,-0.0045776367,-0.0045776367,-0.0045776367,-0.0045776367,4.6188965,-4.335083,0.75531006,-1.4236755,-0.26092529,-0.0045776367,-0.0045776367,-0.0045776367,-0.0045776367,-0.0045776367,-0.0045776367,3537189.7
3627949621632,7.7598202,0,34.7425,33.112839,32.513161,30.856033,32.330055,33.103683,34.124512,33.483635,32.952621,30.288399,32.636757,32.49485,37.379265,39.571983,35.658043,33.520256,32.334633,32.252235,38.455025,34.458687,33.675896,33.533989,32.641335,38.610664,3537209.7,31.867706,29.871826,29.436943,28.837265,29.171432,29.363701,31.492332,30.311287,29.807739,28.228424,29.702446,29.221786,35.053787,38.084229,35.882355,31.74868,30.801102,30.141907,35.159073,32.087433,30.453194,31.446556,30.512703,35.163651,3537209.7,-0.0045776367,-0.0045776367,-0.0045776367,-0.0045776367,-0.0045776367,-0.0045776367,-0.0045776367,-0.0045776367,-0.0045776367,-0.0045776367,-0.0045776367,-0.0045776367,-0.0045776367,5.223175,-5.6168518,0.52642822,-1.4419861,-0.45318604,-0.0045776367,-0.0045776367,-0.0045776367,-0.0045776367,-0.0045776367,-0.0045776367,3537209.7
3627969391744,7.7795903,0,34.737923,33.112839,32.504005,30.856033,32.325478,33.108261,34.124512,33.488213,32.948044,30.288399,32.636757,32.490273,37.379265,39.571983,35.658043,33.524834,32.334633,32.256813,38.46418,34.467842,33.675896,33.533989,32.645912,38.615242,3537229.7,31.881439,29.871826,29.42321,28.823532,29.180588,29.34539,31.474022,30.311287,29.780273,28.233002,29.693291,29.235519,35.040054,38.065918,35.928131,31.771576,30.805679,30.160217,35.191116,32.087433,30.466927,31.446556,30.503548,35.172806,3537229.7,-0.0045776367,-0.0045776367,-0.0045776367,-0.0045776367,-0.0045776367,-0.0045776367,-0.0045776367,-0.0045776367,-0.0045776367,-0.0045776367,-0.0045776367,-0.0045776367,-0.0045776367,4.9301758,-6.294342,0.51727295,-1.2771912,-0.27008057,-0.0045776367,-0.0045776367,-0.0045776367,-0.0045776367,-0.0045776367,-0.0045776367,3537229.7
3627989419264,7.7996179,0,34.7425,33.112839,32.513161,30.846878,32.330055,33.108261,34.129089,33.488213,32.952621,30.288399,32.636757,32.499428,37.379265,39.567406,35.658043,33.515678,32.330055,32.261391,38.450447,34.463264,33.680473,33.538567,32.641335,38.615242,3537249.7,31.853973,29.867249,29.418633,28.832687,29.180588,29.363701,31.492332,30.32502,29.784851,28.228424,29.697868,29.208054,35.030899,38.075073,35.909821,31.753265,30.82399,30.160217,35.168228,32.078278,30.462349,31.446556,30.49897,35.172806,3537249.7,-0.0045776367,-0.0045776367,-0.0045776367,-0.0045776367,-0.0045776367,-0.0045776367,-0.0045776367,-0.0045776367,-0.0045776367,-0.0045776367,-0.0045776367,-0.0045776367,-0.0045776367,4.0787354,-6.358429,0.77362061,-0.48065186,-0.16021729,-0.0045776367,-0.0045776367,-0.0045776367,-0.0045776367,-0.0045776367,-0.0045776367,3537249.7
3628009422240,7.8196208,0,34.737923,33.112839,32.504005,30.856033,32.334633,33.108261,34.129089,33.49279,32.952621,30.288399,32.632179,32.499428,37.383842,39.576561,35.653465,33.515678,32.334633,32.261391,38.46418,34.463264,33.671318,33.533989,32.65049,38.615242,3537269.7,31.867706,29.880981,29.436943,28.832687,29.1577,29.359123,31.483177,30.320442,29.780273,28.210114,29.697868,29.221786,35.035477,38.065918,35.928131,31.757843,30.82399,30.141907,35.163651,32.087433,30.476082,31.451134,30.49897,35.177383,3537269.7,-0.0045776367,-0.0045776367,-0.0045776367,-0.0045776367,-0.0045776367,-0.0045776367,-0.0045776367,-0.0045776367,-0.0045776367,-0.0045776367,-0.0045776367,-0.0045776367,-0.0045776367,3.1174316,-6.3767395,0.58135986,-0.18768311,-0.26092529,-0.0045776367,-0.0045776367,-0.0045776367,-0.0045776367,-0.0045776367,-0.0045776367,3537269.7
3628029383872,7.8395825,0,34.7425,33.117416,32.504005,30.856033,32.334633,33.108261,34.129089,33.49279,32.952621,30.292976,32.636757,32.49485,37.383842,39.567406,35.658043,33.524834,32.330055,32.256813,38.455025,34.463264,33.671318,33.538567,32.641335,38.615242,3537289.7,31.876862,29.871826,29.436943,28.832687,29.171432,29.359123,31.49691,30.315865,29.775696,28.223846,29.707024,29.230942,35.040054,38.065918,35.900665,31.780731,30.796524,30.146484,35.181961,32.082855,30.480659,31.441978,30.503548,35.168228,3537289.7,-0.0045776367,-0.0045776367,-0.0045776367,-0.0045776367,-0.0045776367,-0.0045776367,-0.0045776367,-0.0045776367,-0.0045776367,-0.0045776367,-0.0045776367,-0.0045776367,-0.0045776367,0.73699951,-6.4133606,0.51727295,0.077819824,-0.40740967,-0.0045776367,-0.0045776367,-0.0045776367,-0.0045776367,-0.0045776367,-0.0045776367,3537289.7
3628049381632,7.8595802,0,34.737923,33.108261,32.504005,30.856033,32.330055,33.108261,34.124512,33.488213,32.952621,30.292976,32.636757,32.499428,37.379265,39.571983,35.662621,33.515678,32.334633,32.261391,38.455025,34.467842,33.675896,33.529411,32.641335,38.615242,3537309.7,31.872284,29.862671,29.427788,28.837265,29.17601,29.354546,31.469444,30.315865,29.784851,28.233002,29.702446,29.212631,35.040054,38.052185,35.923553,31.771576,30.801102,30.164795,35.172806,32.096588,30.485237,31.455711,30.526436,35.177383,3537309.7,-0.0045776367,-0.0045776367,-0.0045776367,-0.0045776367,-0.0045776367,-0.0045776367,-0.0045776367,-0.0045776367,-0.0045776367,-0.0045776367,-0.0045776367,-0.0045776367,-0.0045776367,-0.2243042,-5.6717834,-0.24261475,0.16021729,-0.43487549,-0.0045776367,-0.0045776367,-0.0045776367,-0.0045776367,-0.0045776367,-0.0045776367,3537309.7
3628069382112,7.8795807,0,34.737923,33.117416,32.508583,30.851456,32.330055,33.108261,34.124512,33.488213,32.952621,30.288399,32.632179,32.49485,37.38842,39.571983,35.662621,33.515678,32.330055,32.256813,38.450447,34.467842,33.675896,33.538567,32.636757,38.615242,3537329.7,31.872284,29.871826,29.432365,28.823532,29.194321,29.372856,31.492332,30.292976,29.794006,28.214691,29.693291,29.208054,35.040054,38.056763,35.937286,31.766998,30.819412,30.146484,35.172806,32.087433,30.462349,31.441978,30.480659,35.177383,3537329.7,-0.0045776367,-0.0045776367,-0.0045776367,-0.0045776367,-0.0045776367,-0.0045776367,-0.0045776367,-0.0045776367,-0.0045776367,-0.0045776367,-0.0045776367,-0.0045776367,-0.0045776367,-1.2131042,-5.2323303,-0.096130371,0.81939697,-0.18768311,-0.0045776367,-0.0045776367,-0.0045776367,-0.0045776367,-0.0045776367,-0.0045776367,3537329.7
3628089384640,7.8995832,0,34.7425,33.112839,32.513161,30.851456,32.325478,33.108261,34.129089,33.488213,32.948044,30.288399,32.636757,32.49485,37.374687,39.567406,35.667198,33.511101,32.334633,32.256813,38.46418,34.463264,33.671318,33.533989,32.65049,38.610664,3537349.7,31.867706,29.871826,29.427788,28.837265,29.153122,29.368279,31.487755,30.302132,29.784851,28.223846,29.716179,29.208054,35.035477,38.033875,35.932709,31.771576,30.801102,30.146484,35.168228,32.09201,30.494392,31.451134,30.517281,35.195694,3537349.7,-0.0045776367,-0.0045776367,-0.0045776367,-0.0045776367,-0.0045776367,-0.0045776367,-0.0045776367,-0.0045776367,-0.0045776367,-0.0045776367,-0.0045776367,-0.0045776367,-0.0045776367,-5.0126038,-3.932251,-0.75531006,0.62713623,-0.66375732,-0.0045776367,-0.0045776367,-0.0045776367,-0.0045776367,-0.0045776367,-0.0045776367,3537349.7
3628109677312,7.9198759,0,34.737923,33.112839,32.508583,30.851456,32.334633,33.103683,34.119934,33.488213,32.952621,30.292976,32.632179,32.49485,37.374687,39.562828,35.662621,33.515678,32.334633,32.265968,38.455025,34.463264,33.680473,33.529411,32.645912,38.610664,3537369.7,31.849396,29.858093,29.436943,28.837265,29.171432,29.349968,31.4786,30.311287,29.775696,28.223846,29.707024,29.230942,35.035477,38.024719,35.946442,31.771576,30.814835,30.169373,35.168228,32.0737,30.489815,31.451134,30.508125,35.186539,3537369.7,-0.0045776367,-0.0045776367,-0.0045776367,-0.0045776367,-0.0045776367,-0.0045776367,-0.0045776367,-0.0045776367,-0.0045776367,-0.0045776367,-0.0045776367,-0.0045776367,-0.0045776367,-5.0400696,-3.56604,-1.0574646,0.37078857,-0.32501221,-0.0045776367,-0.0045776367,-0.0045776367,-0.0045776367,-0.0045776367,-0.0045776367,3537369.7
3628129386016,7.9395846,0,34.737923,33.117416,32.508583,30.851456,32.330055,33.108261,34.124512,33.488213,32.952621,30.283821,32.636757,32.49485,37.374687,39.576561,35.662621,33.511101,32.334633,32.256813,38.46418,34.463264,33.680473,33.533989,32.636757,38.615242,3537389.7,31.872284,29.858093,29.436943,28.82811,29.1577,29.359123,31.474022,30.320442,29.789429,28.237579,29.697868,29.217209,35.044632,38.065918,35.937286,31.776154,30.805679,30.17395,35.163651,32.096588,30.476082,31.451134,30.503548,35.172806,3537389.7,-0.0045776367,-0.0045776367,-0.0045776367,-0.0045776367,-0.0045776367,-0.0045776367,-0.0045776367,-0.0045776367,-0.0045776367,-0.0045776367,-0.0045776367,-0.0045776367,-0.0045776367,-5.5344543,-3.7216797,-1.3504333,0.62713623,-0.40740967,-0.0045776367,-0.0045776367,-0.0045776367,-0.0045776367,-0.0045776367,-0.0045776367,3537389.7
3628149550688,7.9597493,0,34.737923,33.117416,32.508583,30.851456,32.330055,33.103683,34.124512,33.488213,32.948044,30.297554,32.636757,32.49485,37.383842,39.571983,35.662621,33.520256,32.330055,32.261391,38.459602,34.467842,33.675896,33.533989,32.645912,38.61982,3537409.7,31.867706,29.871826,29.432365,28.82811,29.180588,29.354546,31.487755,30.311287,29.794006,28.228424,29.702446,29.226364,35.044632,38.038452,35.937286,31.776154,30.82399,30.160217,35.168228,32.101166,30.462349,31.460289,30.503548,35.168228,3537409.7,-0.0045776367,-0.0045776367,-0.0045776367,-0.0045776367,-0.0045776367,-0.0045776367,-0.0045776367,-0.0045776367,-0.0045776367,-0.0045776367,-0.0045776367,-0.0045776367,-0.0045776367,-4.6829834,-3.7766113,-2.3300476,0.59051514,-0.27008057,-0.0045776367,-0.0045776367,-0.0045776367,-0.0045776367,-0.0045776367,-0.0045776367,3537409.7
3628169392448,7.979591,0,34.737923,33.112839,32.508583,30.860611,32.334633,33.103683,34.119934,33.483635,32.957199,30.283821,32.636757,32.49485,37.383842,39.567406,35.667198,33.511101,32.330055,32.261391,38.455025,34.463264,33.675896,33.533989,32.645912,38.615242,3537429.7,31.863129,29.876404,29.446098,28.818954,29.189743,29.359123,31.487755,30.311287,29.789429,28.219269,29.725334,29.203476,35.044632,38.056763,35.937286,31.776154,30.819412,30.160217,35.168228,32.082855,30.485237,31.446556,30.503548,35.177383,3537429.7,-0.0045776367,-0.0045776367,-0.0045776367,-0.0045776367,-0.0045776367,-0.0045776367,-0.0045776367,-0.0045776367,-0.0045776367,-0.0045776367,-0.0045776367,-0.0045776367,-0.0045776367,-4.6921387,-3.8773193,-1.4236755,0.59967041,0.04119873,-0.0045776367,-0.0045776367,-0.0045776367,-0.0045776367,-0.0045776367,-0.0045776367,3537429.7
3628189414432,7.999613,0,34.7425,33.112839,32.504005,30.846878,32.334633,33.117416,34.124512,33.49279,32.948044,30.288399,32.636757,32.49485,37.383842,39.567406,35.667198,33.511101,32.334633,32.252235,38.455025,34.467842,33.675896,33.538567,32.641335,38.61982,3537449.7,31.872284,29.871826,29.432365,28.82811,29.17601,29.354546,31.49691,30.302132,29.780273,28.219269,29.711601,29.221786,35.053787,38.065918,35.937286,31.776154,30.810257,30.160217,35.159073,32.078278,30.471504,31.455711,30.485237,35.177383,3537449.7,-0.0045776367,-0.0045776367,-0.0045776367,-0.0045776367,-0.0045776367,-0.0045776367,-0.0045776367,-0.0045776367,-0.0045776367,-0.0045776367,-0.0045776367,-0.0045776367,-0.0045776367,-3.9597168,-4.4174805,-1.6434021,0.30670166,-0.050354004,-0.0045776367,-0.0045776367,-0.0045776367,-0.0045776367,-0.0045776367,-0.0045776367,3537449.7
3628209447904,8.0196465,0,34.7425,33.108261,32.508583,30.851456,32.325478,33.108261,34.129089,33.488213,32.957199,30.288399,32.636757,32.49485,37.383842,39.567406,35.667198,33.515678,32.339211,32.256813,38.46418,34.467842,33.675896,33.543144,32.645912,38.61982,3537469.7,31.872284,29.858093,29.436943,28.837265,29.171432,29.359123,31.492332,30.292976,29.775696,28.228424,29.716179,29.217209,35.062943,38.056763,35.946442,31.789886,30.810257,30.169373,35.181961,32.087433,30.494392,31.451134,30.503548,35.186539,3537469.7,-0.0045776367,-0.0045776367,-0.0045776367,-0.0045776367,-0.0045776367,-0.0045776367,-0.0045776367,-0.0045776367,-0.0045776367,-0.0045776367,-0.0045776367,-0.0045776367,-0.0045776367,-2.6504822,-4.7836914,-1.5152283,0.032043457,0.41656494,-0.0045776367,-0.0045776367,-0.0045776367,-0.0045776367,-0.0045776367,-0.0045776367,3537469.7
3628229382816,8.0395814,0,34.7425,33.108261,32.508583,30.856033,32.334633,33.112839,34.119934,33.483635,32.948044,30.288399,32.641335,32.490273,37.379265,39.571983,35.667198,33.511101,32.334633,32.256813,38.450447,34.467842,33.675896,33.543144,32.641335,38.615242,3537489.7,31.867706,29.862671,29.42321,28.84642,29.17601,29.359123,31.483177,30.311287,29.775696,28.223846,29.702446,29.208054,35.021744,38.052185,35.946442,31.785309,30.82399,30.160217,35.172806,32.096588,30.457771,31.464867,30.494392,35.186539,3537489.7,-0.0045776367,-0.0045776367,-0.0045776367,-0.0045776367,-0.0045776367,-0.0045776367,-0.0045776367,-0.0045776367,-0.0045776367,-0.0045776367,-0.0045776367,-0.0045776367,-0.0045776367,-2.3025818,-5.2964172,-1.4694519,0.29754639,0.0045776367,-0.0045776367,-0.0045776367,-0.0045776367,-0.0045776367,-0.0045776367,-0.0045776367,3537489.7
3628249390368,8.059589,0,34.7425,33.112839,32.513161,30.856033,32.330055,33.103683,34.119934,33.483635,32.948044,30.292976,32.632179,32.49485,37.38842,39.571983,35.671776,33.515678,32.334633,32.261391,38.459602,34.458687,33.675896,33.533989,32.645912,38.61982,3537509.7,31.872284,29.867249,29.459831,28.841843,29.153122,29.349968,31.4786,30.306709,29.780273,28.237579,29.693291,29.221786,35.030899,38.075073,35.96933,31.785309,30.801102,30.15564,35.149918,32.096588,30.466927,31.441978,30.485237,35.186539,3537509.7,-0.0045776367,-0.0045776367,-0.0045776367,-0.0045776367,-0.0045776367,-0.0045776367,-0.0045776367,-0.0045776367,-0.0045776367,-0.0045776367,-0.0045776367,-0.0045776367,-0.0045776367,-1.8356628,-5.3055725,-1.7990417,-0.40740967,0.26092529,-0.0045776367,-0.0045776367,-0.0045776367,-0.0045776367,-0.0045776367,-0.0045776367,3537509.7
3628269438880,8.0796375,0,34.7425,33.112839,32.504005,30.851456,32.334633,33.108261,34.115356,33.483635,32.952621,30.288399,32.632179,32.490273,37.379265,39.576561,35.667198,33.511101,32.334633,32.252235,38.455025,34.467842,33.671318,33.533989,32.641335,38.61982,3537529.7,31.867706,29.862671,29.432365,28.832687,29.185165,29.354546,31.492332,30.315865,29.789429,28.210114,29.702446,29.208054,35.035477,38.038452,35.946442,31.789886,30.828568,30.169373,35.163651,32.101166,30.485237,31.441978,30.512703,35.191116,3537529.7,-0.0045776367,-0.0045776367,-0.0045776367,-0.0045776367,-0.0045776367,-0.0045776367,-0.0045776367,-0.0045776367,-0.0045776367,-0.0045776367,-0.0045776367,-0.0045776367,-0.0045776367,-1.0940857,-4.5456543,-1.5335388,-0.56304932,0.16937256,-0.0045776367,-0.0045776367,-0.0045776367,-0.0045776367,-0.0045776367,-0.0045776367,3537529.7
3628289388128,8.0995867,0,34.7425,33.117416,32.508583,30.856033,32.334633,33.108261,34.129089,33.488213,32.952621,30.288399,32.645912,32.49485,37.38842,39.581139,35.667198,33.515678,32.339211,32.252235,38.459602,34.463264,33.671318,33.538567,32.645912,38.610664,3537549.7,31.849396,29.871826,29.427788,28.841843,29.17601,29.363701,31.49691,30.315865,29.789429,28.219269,29.707024,29.235519,35.035477,38.047607,35.951019,31.780731,30.810257,30.17395,35.186539,32.082855,30.462349,31.460289,30.480659,35.209427,3537549.7,-0.0045776367,-0.0045776367,-0.0045776367,-0.0045776367,-0.0045776367,-0.0045776367,-0.0045776367,-0.0045776367,-0.0045776367,-0.0045776367,-0.0045776367,-0.0045776367,-0.0045776367,-1.2955017,-4.1245117,-1.3412781,-1.2771912,0.41656494,-0.0045776367,-0.0045776367,-0.0045776367,-0.0045776367,-0.0045776367,-0.0045776367,3537549.7
3628309418432,8.119617,0,34.7425,33.112839,32.504005,30.856033,32.325478,33.112839,34.124512,33.483635,32.957199,30.288399,32.641335,32.49485,37.383842,39.576561,35.671776,33.515678,32.334633,32.256813,38.450447,34.467842,33.675896,33.538567,32.636757,38.615242,3537569.7,31.858551,29.858093,29.427788,28.832687,29.185165,29.34539,31.483177,30.311287,29.775696,28.223846,29.720757,29.221786,35.058365,38.056763,35.928131,31.803619,30.82399,30.164795,35.186539,32.09201,30.476082,31.441978,30.503548,35.168228,3537569.7,-0.0045776367,-0.0045776367,-0.0045776367,-0.0045776367,-0.0045776367,-0.0045776367,-0.0045776367,-0.0045776367,-0.0045776367,-0.0045776367,-0.0045776367,-0.0045776367,-0.0045776367,-1.4145203,-3.7491455,-1.2863464,-1.4419861,0.18768311,-0.0045776367,-0.0045776367,-0.0045776367,-0.0045776367,-0.0045776367,-0.0045776367,3537569.7
3628329446304,8.1396449,0,34.747078,33.112839,32.508583,30.856033,32.334633,33.108261,34.119934,33.488213,32.948044,30.288399,32.636757,32.49485,37.38842,39.581139,35.667198,33.515678,32.334633,32.256813,38.450447,34.467842,33.675896,33.529411,32.641335,38.610664,3537589.7,31.876862,29.876404,29.432365,28.837265,29.180588,29.368279,31.487755,30.306709,29.775696,28.219269,29.702446,29.221786,35.035477,38.06134,35.964752,31.803619,30.819412,30.169373,35.191116,32.087433,30.466927,31.446556,30.471504,35.195694,3537589.7,-0.0045776367,-0.0045776367,-0.0045776367,-0.0045776367,-0.0045776367,-0.0045776367,-0.0045776367,-0.0045776367,-0.0045776367,-0.0045776367,-0.0045776367,-0.0045776367,-0.0045776367,-1.7532654,-2.9251404,-1.0757751,-2.1194763,-0.13275146,-0.0045776367,-0.0045776367,-0.0045776367,-0.0045776367,-0.0045776367,-0.0045776367,3537589.7
3628349565184,8.1597638,0,34.737923,33.112839,32.508583,30.851456,32.334633,33.112839,34.133667,33.49279,32.952621,30.288399,32.636757,32.49485,37.379265,39.581139,35.671776,33.511101,32.343788,32.256813,38.46418,34.467842,33.680473,33.533989,32.641335,38.61982,3537609.7,31.876862,29.880981,29.427788,28.837265,29.185165,29.340813,31.492332,30.311287,29.789429,28.214691,29.702446,29.226364,35.053787,38.065918,35.973907,31.771576,30.82399,30.164795,35.177383,32.082855,30.457771,31.455711,30.480659,35.172806,3537609.7,-0.0045776367,-0.0045776367,-0.0045776367,-0.0045776367,-0.0045776367,-0.0045776367,-0.0045776367,-0.0045776367,-0.0045776367,-0.0045776367,-0.0045776367,-0.0045776367,-0.0045776367,-1.4328308,-3.1906738,-1.304657,-2.476532,0.068664551,-0.0045776367,-0.0045776367,-0.0045776367,-0.0045776367,-0.0045776367,-0.0045776367,3537609.7
3628369398240,8.1795968,0,34.7425,33.117416,32.504005,30.851456,32.334633,33.108261,34.124512,33.488213,32.948044,30.283821,32.636757,32.49485,37.374687,39.571983,35.671776,33.511101,32.343788,32.256813,38.46418,34.463264,33.680473,33.533989,32.645912,38.615242,3537629.7,31.872284,29.880981,29.436943,28.832687,29.185165,29.359123,31.492332,30.311287,29.771118,28.214691,29.697868,29.208054,35.035477,38.056763,35.960175,31.789886,30.814835,30.151062,35.181961,32.096588,30.462349,31.451134,30.49897,35.163651,3537629.7,-0.0045776367,-0.0045776367,-0.0045776367,-0.0045776367,-0.0045776367,-0.0045776367,-0.0045776367,-0.0045776367,-0.0045776367,-0.0045776367,-0.0045776367,-0.0045776367,-0.0045776367,-1.2497253,-3.2089844,-1.203949,-2.7695007,0.29754639,-0.0045776367,-0.0045776367,-0.0045776367,-0.0045776367,-0.0045776367,-0.0045776367,3537629.7
3628389410816,8.1996094,0,34.7425,33.112839,32.504005,30.851456,32.325478,33.112839,34.124512,33.497368,32.948044,30.302132,32.641335,32.490273,37.392998,39.571983,35.671776,33.520256,32.334633,32.252235,38.46418,34.458687,33.671318,33.533989,32.641335,38.615242,3537649.7,31.872284,29.871826,29.432365,28.84642,29.166855,29.363701,31.501488,30.311287,29.794006,28.233002,29.697868,29.226364,35.030899,38.06134,35.98764,31.794464,30.801102,30.169373,35.172806,32.078278,30.480659,31.451134,30.489815,35.186539,3537649.7,-0.0045776367,-0.0045776367,-0.0045776367,-0.0045776367,-0.0045776367,-0.0045776367,-0.0045776367,-0.0045776367,-0.0045776367,-0.0045776367,-0.0045776367,-0.0045776367,-0.0045776367,-0.84686279,-3.0716553,-1.2863464,-2.9159851,0.27923584,-0.0045776367,-0.0045776367,-0.0045776367,-0.0045776367,-0.0045776367,-0.0045776367,3537649.7
3628409459040,8.2196576,0,34.7425,33.117416,32.508583,30.856033,32.334633,33.112839,34.124512,33.483635,32.948044,30.292976,32.636757,32.504005,37.392998,39.567406,35.671776,33.520256,32.339211,32.24765,38.455025,34.463264,33.66674,33.538567,32.645912,38.61982,3537669.7,31.863129,29.871826,29.450676,28.832687,29.171432,29.372856,31.501488,30.311287,29.775696,28.214691,29.702446,29.240097,35.035477,38.04303,35.983063,31.794464,30.814835,30.169373,35.168228,32.087433,30.485237,31.437401,30.521858,35.172806,3537669.7,-0.0045776367,-0.0045776367,-0.0045776367,-0.0045776367,-0.0045776367,-0.0045776367,-0.0045776367,-0.0045776367,-0.0045776367,-0.0045776367,-0.0045776367,-0.0045776367,-0.0045776367,-0.11444092,-4.1519775,-1.203949,-2.6871033,-0.032043457,-0.0045776367,-0.0045776367,-0.0045776367,-0.0045776367,-0.0045776367,-0.0045776367,3537669.7
3628429405600,8.2396042,0,34.7425,33.112839,32.513161,30.856033,32.325478,33.112839,34.119934,33.488213,32.952621,30.292976,32.632179,32.499428,37.38842,39.576561,35.667198,33.520256,32.339211,32.256813,38.459602,34.47242,33.675896,33.538567,32.645912,38.615242,3537689.7,31.849396,29.862671,29.418633,28.837265,29.189743,29.354546,31.492332,30.311287,29.784851,28.219269,29.702446,29.235519,35.021744,38.06134,36.001373,31.794464,30.819412,30.17395,35.168228,32.082855,30.476082,31.437401,30.49897,35.172806,3537689.7,-0.0045776367,-0.0045776367,-0.0045776367,-0.0045776367,-0.0045776367,-0.0045776367,-0.0045776367,-0.0045776367,-0.0045776367,-0.0045776367,-0.0045776367,-0.0045776367,-0.0045776367,0.21514893,-4.3717041,-1.2588806,-2.57724,0.29754639,-0.0045776367,-0.0045776367,-0.0045776367,-0.0045776367,-0.0045776367,-0.0045776367,3537689.7
3628449368832,8.2595674,0,34.7425,33.112839,32.508583,30.851456,32.339211,33.108261,34.124512,33.488213,32.952621,30.292976,32.641335,32.49485,37.379265,39.571983,35.676353,33.515678,32.334633,32.252235,38.450447,34.467842,33.680473,33.533989,32.641335,38.610664,3537709.7,31.867706,29.853516,29.427788,28.841843,29.194321,29.359123,31.487755,30.320442,29.794006,28.228424,29.697868,29.235519,35.035477,38.070496,36.001373,31.776154,30.810257,30.169373,35.181961,32.09201,30.476082,31.464867,30.512703,35.181961,3537709.7,-0.0045776367,-0.0045776367,-0.0045776367,-0.0045776367,-0.0045776367,-0.0045776367,-0.0045776367,-0.0045776367,-0.0045776367,-0.0045776367,-0.0045776367,-0.0045776367,-0.0045776367,2.3483582,-5.0583801,-1.4419861,-2.174408,0.23345947,-0.0045776367,-0.0045776367,-0.0045776367,-0.0045776367,-0.0045776367,-0.0045776367,3537709.7
3628469381248,8.2795798,0,34.7425,33.103683,32.508583,30.851456,32.330055,33.103683,34.119934,33.488213,32.952621,30.283821,32.636757,32.49485,37.383842,39.571983,35.676353,33.515678,32.343788,32.24765,38.455025,34.463264,33.675896,33.538567,32.645912,38.615242,3537729.7,31.876862,29.867249,29.42321,28.823532,29.180588,29.368279,31.492332,30.283821,29.789429,28.219269,29.716179,29.226364,35.044632,38.06134,36.010529,31.785309,30.810257,30.183105,35.172806,32.069122,30.480659,31.437401,30.503548,35.177383,3537729.7,-0.0045776367,-0.0045776367,-0.0045776367,-0.0045776367,-0.0045776367,-0.0045776367,-0.0045776367,-0.0045776367,-0.0045776367,-0.0045776367,-0.0045776367,-0.0045776367,-0.0045776367,1.9821472,-5.186554,-1.3229675,-1.0116882,0.022888184,-0.0045776367,-0.0045776367,-0.0045776367,-0.0045776367,-0.0045776367,-0.0045776367,3537729.7
3628489375552,8.2995741,0,34.733345,33.117416,32.508583,30.856033,32.339211,33.112839,34.119934,33.488213,32.957199,30.288399,32.632179,32.49485,37.38842,39.571983,35.680931,33.520256,32.343788,32.256813,38.459602,34.467842,33.675896,33.533989,32.641335,38.615242,3537749.7,31.858551,29.871826,29.42321,28.814377,29.185165,29.349968,31.483177,30.297554,29.784851,28.228424,29.693291,29.230942,35.040054,38.056763,36.001373,31.789886,30.814835,30.17395,35.181961,32.096588,30.476082,31.464867,30.512703,35.181961,3537749.7,-0.0045776367,-0.0045776367,-0.0045776367,-0.0045776367,-0.0045776367,-0.0045776367,-0.0045776367,-0.0045776367,-0.0045776367,-0.0045776367,-0.0045776367,-0.0045776367,-0.0045776367,1.4694519,-5.5161438,-1.3321228,-1.0849304,0.33416748,-0.0045776367,-0.0045776367,-0.0045776367,-0.0045776367,-0.0045776367,-0.0045776367,3537749.7
3628509370688,8.3195693,0,34.747078,33.117416,32.504005,30.856033,32.330055,33.103683,34.124512,33.488213,32.952621,30.288399,32.636757,32.490273,37.383842,39.567406,35.676353,33.511101,32.334633,32.256813,38.46418,34.47242,33.671318,33.533989,32.636757,38.61982,3537769.7,31.863129,29.84436,29.42321,28.82811,29.171432,29.372856,31.49691,30.292976,29.771118,28.219269,29.697868,29.226364,35.026321,38.052185,35.98764,31.794464,30.801102,30.169373,35.186539,32.087433,30.471504,31.441978,30.489815,35.168228,3537769.7,-0.0045776367,-0.0045776367,-0.0045776367,-0.0045776367,-0.0045776367,-0.0045776367,-0.0045776367,-0.0045776367,-0.0045776367,-0.0045776367,-0.0045776367,-0.0045776367,-0.0045776367,1.9638367,-4.9667969,-0.27923584,-0.16021729,0.19683838,-0.0045776367,-0.0045776367,-0.0045776367,-0.0045776367,-0.0045776367,-0.0045776367,3537769.7
3628529467712,8.3396663,0,34.747078,33.112839,32.513161,30.851456,32.334633,33.103683,34.124512,33.497368,32.952621,30.288399,32.636757,32.499428,37.383842,39.571983,35.680931,33.515678,32.343788,32.256813,38.459602,34.467842,33.675896,33.533989,32.645912,38.615242,3537789.7,31.872284,29.876404,29.427788,28.823532,29.171432,29.354546,31.501488,30.320442,29.775696,28.233002,29.707024,29.221786,35.04921,38.06134,35.98764,31.794464,30.814835,30.17395,35.172806,32.105743,30.471504,31.464867,30.508125,35.177383,3537789.7,-0.0045776367,-0.0045776367,-0.0045776367,-0.0045776367,-0.0045776367,-0.0045776367,-0.0045776367,-0.0045776367,-0.0045776367,-0.0045776367,-0.0045776367,-0.0045776367,-0.0045776367,1.2497253,-5.0492249,-0.70953369,-0.23345947,0.20599365,-0.0045776367,-0.0045776367,-0.0045776367,-0.0045776367,-0.0045776367,-0.0045776367,3537789.7
3628549535552,8.3597341,0,34.7425,33.108261,32.508583,30.856033,32.334633,33.112839,34.124512,33.488213,32.952621,30.292976,32.632179,32.49485,37.383842,39.576561,35.685509,33.515678,32.343788,32.252235,38.459602,34.463264,33.675896,33.538567,32.645912,38.606087,3537809.7,31.858551,29.871826,29.427788,28.832687,29.171432,29.363701,31.49691,30.315865,29.789429,28.223846,29.702446,29.217209,35.040054,38.052185,36.010529,31.789886,30.828568,30.160217,35.159073,32.078278,30.49897,31.464867,30.503548,35.163651,3537809.7,-0.0045776367,-0.0045776367,-0.0045776367,-0.0045776367,-0.0045776367,-0.0045776367,-0.0045776367,-0.0045776367,-0.0045776367,-0.0045776367,-0.0045776367,-0.0045776367,-0.0045776367,0.82855225,-4.1519775,0.23345947,-0.16021729,0.3616333,-0.0045776367,-0.0045776367,-0.0045776367,-0.0045776367,-0.0045776367,-0.0045776367,3537809.7
3628569396544,8.3795951,0,34.7425,33.112839,32.513161,30.851456,32.334633,33.103683,34.119934,33.483635,32.948044,30.297554,32.641335,32.499428,37.38842,39.576561,35.685509,33.511101,32.343788,32.256813,38.459602,34.463264,33.675896,33.538567,32.645912,38.615242,3537829.7,31.853973,29.862671,29.432365,28.837265,29.185165,29.354546,31.492332,30.32502,29.780273,28.223846,29.711601,29.217209,35.040054,38.065918,36.005951,31.794464,30.814835,30.17395,35.159073,32.082855,30.485237,31.460289,30.485237,35.163651,3537829.7,-0.0045776367,-0.0045776367,-0.0045776367,-0.0045776367,-0.0045776367,-0.0045776367,-0.0045776367,-0.0045776367,-0.0045776367,-0.0045776367,-0.0045776367,-0.0045776367,-0.0045776367,0.42572021,-3.7125244,0.30670166,0.48980713,0.27008057,-0.0045776367,-0.0045776367,-0.0045776367,-0.0045776367,-0.0045776367,-0.0045776367,3537829.7
3628589426816,8.3996254,0,34.737923,33.108261,32.504005,30.856033,32.334633,33.108261,34.124512,33.488213,32.948044,30.288399,32.632179,32.499428,37.383842,39.571983,35.685509,33.520256,32.339211,32.256813,38.459602,34.463264,33.680473,33.533989,32.641335,38.61982,3537849.7,31.881439,29.871826,29.441521,28.832687,29.180588,29.359123,31.4786,30.315865,29.775696,28.219269,29.720757,29.217209,35.035477,38.06134,36.015106,31.794464,30.801102,30.169373,35.163651,32.09201,30.480659,31.451134,30.521858,35.172806,3537849.7,-0.0045776367,-0.0045776367,-0.0045776367,-0.0045776367,-0.0045776367,-0.0045776367,-0.0045776367,-0.0045776367,-0.0045776367,-0.0045776367,-0.0045776367,-0.0045776367,-0.0045776367,0.059509277,-3.6209717,0.13275146,0.73699951,0.11444092,-0.0045776367,-0.0045776367,-0.0045776367,-0.0045776367,-0.0045776367,-0.0045776367,3537849.7
3628609436800,8.4196354,0,34.737923,33.112839,32.508583,30.851456,32.334633,33.112839,34.124512,33.49279,32.952621,30.292976,32.641335,32.499428,37.383842,39.576561,35.685509,33.515678,32.334633,32.252235,38.455025,34.463264,33.671318,33.529411,32.645912,38.624397,3537869.7,31.876862,29.862671,29.427788,28.841843,29.171432,29.349968,31.49691,30.306709,29.780273,28.228424,29.693291,29.235519,35.040054,38.06134,36.019684,31.776154,30.814835,30.17395,35.168228,32.087433,30.457771,31.460289,30.49897,35.186539,3537869.7,-0.0045776367,-0.0045776367,-0.0045776367,-0.0045776367,-0.0045776367,-0.0045776367,-0.0045776367,-0.0045776367,-0.0045776367,-0.0045776367,-0.0045776367,-0.0045776367,-0.0045776367,-0.21514893,-2.1835632,0.48065186,0.47149658,-0.25177002,-0.0045776367,-0.0045776367,-0.0045776367,-0.0045776367,-0.0045776367,-0.0045776367,3537869.7
3628629336416,8.439535,0,34.737923,33.108261,32.517738,30.856033,32.334633,33.112839,34.129089,33.49279,32.952621,30.288399,32.641335,32.49485,37.383842,39.571983,35.685509,33.515678,32.334633,32.252235,38.459602,34.47242,33.671318,33.533989,32.636757,38.610664,3537889.7,31.872284,29.867249,29.441521,28.832687,29.17601,29.354546,31.474022,30.311287,29.780273,28.219269,29.702446,29.221786,35.030899,38.06134,36.019684,31.780731,30.82399,30.178528,35.195694,32.09201,30.462349,31.446556,30.494392,35.181961,3537889.7,-0.0045776367,-0.0045776367,-0.0045776367,-0.0045776367,-0.0045776367,-0.0045776367,-0.0045776367,-0.0045776367,-0.0045776367,-0.0045776367,-0.0045776367,-0.0045776367,-0.0045776367,-0.18768311,-1.9272156,0.26092529,0.31585693,-0.19683838,-0.0045776367,-0.0045776367,-0.0045776367,-0.0045776367,-0.0045776367,-0.0045776367,3537889.7
3628649391840,8.4595904,0,34.7425,33.117416,32.513161,30.856033,32.325478,33.108261,34.124512,33.488213,32.952621,30.288399,32.632179,32.49485,37.38842,39.571983,35.690086,33.515678,32.334633,32.24765,38.459602,34.467842,33.680473,33.533989,32.641335,38.61982,3537909.7,31.867706,29.871826,29.427788,28.832687,29.17601,29.349968,31.49691,30.302132,29.784851,28.228424,29.711601,29.217209,35.044632,38.04303,36.037994,31.789886,30.814835,30.17395,35.177383,32.101166,30.457771,31.469444,30.489815,35.186539,3537909.7,-0.0045776367,-0.0045776367,-0.0045776367,-0.0045776367,-0.0045776367,-0.0045776367,-0.0045776367,-0.0045776367,-0.0045776367,-0.0045776367,-0.0045776367,-0.0045776367,-0.0045776367,-0.25177002,-1.203949,0.26092529,0.086975098,-0.24261475,-0.0045776367,-0.0045776367,-0.0045776367,-0.0045776367,-0.0045776367,-0.0045776367,3537909.7
3628669369344,8.4795679,0,34.7425,33.112839,32.508583,30.851456,32.339211,33.108261,34.124512,33.483635,32.952621,30.292976,32.636757,32.49485,37.379265,39.567406,35.690086,33.515678,32.343788,32.252235,38.459602,34.467842,33.671318,33.533989,32.641335,38.615242,3537929.7,31.863129,29.867249,29.441521,28.832687,29.180588,29.349968,31.506065,30.311287,29.789429,28.214691,29.702446,29.203476,35.04921,38.047607,36.028839,31.771576,30.801102,30.164795,35.177383,32.09201,30.489815,31.451134,30.503548,35.186539,3537929.7,-0.0045776367,-0.0045776367,-0.0045776367,-0.0045776367,-0.0045776367,-0.0045776367,-0.0045776367,-0.0045776367,-0.0045776367,-0.0045776367,-0.0045776367,-0.0045776367,-0.0045776367,-0.059509277,-0.76446533,0.37994385,0.26092529,-0.15106201,-0.0045776367,-0.0045776367,-0.0045776367,-0.0045776367,-0.0045776367,-0.0045776367,3537929.7
3628689786528,8.4999851,0,34.7425,33.108261,32.504005,30.856033,32.339211,33.117416,34.119934,33.488213,32.957199,30.292976,32.636757,32.49485,37.379265,39.571983,35.690086,33.515678,32.339211,32.243073,38.459602,34.467842,33.671318,33.538567,32.641335,38.61982,3537949.7,31.863129,29.867249,29.418633,28.84642,29.180588,29.354546,31.492332,30.297554,29.794006,28.237579,29.693291,29.226364,35.04921,38.052185,36.042572,31.789886,30.819412,30.164795,35.159073,32.078278,30.480659,31.455711,30.512703,35.172806,3537949.7,-0.0045776367,-0.0045776367,-0.0045776367,-0.0045776367,-0.0045776367,-0.0045776367,-0.0045776367,-0.0045776367,-0.0045776367,-0.0045776367,-0.0045776367,-0.0045776367,-0.0045776367,0.86517334,0.04119873,0.17852783,-0.096130371,-0.27008057,-0.0045776367,-0.0045776367,-0.0045776367,-0.0045776367,-0.0045776367,-0.0045776367,3537949.7
3628709366688,8.5195653,0,34.747078,33.112839,32.513161,30.851456,32.334633,33.108261,34.124512,33.488213,32.948044,30.297554,32.627602,32.49485,37.379265,39.571983,35.694664,33.515678,32.339211,32.24765,38.459602,34.467842,33.675896,33.533989,32.641335,38.610664,3537969.7,31.876862,29.858093,29.432365,28.823532,29.17601,29.377434,31.483177,30.302132,29.780273,28.223846,29.697868,29.221786,35.044632,38.065918,36.037994,31.789886,30.814835,30.178528,35.181961,32.087433,30.471504,31.451134,30.512703,35.177383,3537969.7,-0.0045776367,-0.0045776367,-0.0045776367,-0.0045776367,-0.0045776367,-0.0045776367,-0.0045776367,-0.0045776367,-0.0045776367,-0.0045776367,-0.0045776367,-0.0045776367,-0.0045776367,0.79193115,-0.17852783,0.30670166,-0.48980713,-0.45318604,-0.0045776367,-0.0045776367,-0.0045776367,-0.0045776367,-0.0045776367,-0.0045776367,3537969.7
3628729369056,8.5395676,0,34.7425,33.112839,32.508583,30.851456,32.330055,33.103683,34.124512,33.483635,32.948044,30.288399,32.636757,32.490273,37.392998,39.571983,35.699242,33.511101,32.343788,32.24765,38.459602,34.467842,33.675896,33.538567,32.645912,38.615242,3537989.7,31.867706,29.871826,29.441521,28.832687,29.171432,29.349968,31.506065,30.315865,29.780273,28.210114,29.697868,29.235519,35.044632,38.038452,36.042572,31.762421,30.82399,30.160217,35.209427,32.082855,30.476082,31.469444,30.494392,35.172806,3537989.7,-0.0045776367,-0.0045776367,-0.0045776367,-0.0045776367,-0.0045776367,-0.0045776367,-0.0045776367,-0.0045776367,-0.0045776367,-0.0045776367,-0.0045776367,-0.0045776367,-0.0045776367,1.606781,0.57220459,0.17852783,-0.68206787,-0.34332275,-0.0045776367,-0.0045776367,-0.0045776367,-0.0045776367,-0.0045776367,-0.0045776367,3537989.7
3628749547232,8.5597458,0,34.7425,33.103683,32.504005,30.846878,32.325478,33.112839,34.129089,33.488213,32.948044,30.288399,32.641335,32.49485,37.383842,39.571983,35.699242,33.511101,32.339211,32.24765,38.459602,34.463264,33.685051,33.543144,32.641335,38.615242,3538011.7,31.867706,29.880981,29.427788,28.84642,29.17601,29.363701,31.469444,30.306709,29.775696,28.228424,29.702446,29.230942,35.040054,38.079651,36.037994,31.785309,30.805679,30.164795,35.177383,32.087433,30.471504,31.451134,30.485237,35.163651,3538011.7,-0.0045776367,-0.0045776367,-0.0045776367,-0.0045776367,-0.0045776367,-0.0045776367,-0.0045776367,-0.0045776367,-0.0045776367,-0.0045776367,-0.0045776367,-0.0045776367,-0.0045776367,1.9913025,0.87432861,0.23345947,-0.91094971,-0.3616333,-0.0045776367,-0.0045776367,-0.0045776367,-0.0045776367,-0.0045776367,-0.0045776367,3538011.7
3628769384064,8.5795827,0,34.7425,33.112839,32.508583,30.856033,32.325478,33.108261,34.124512,33.497368,32.952621,30.292976,32.636757,32.49485,37.38842,39.567406,35.699242,33.511101,32.343788,32.24765,38.459602,34.467842,33.671318,33.533989,32.641335,38.615242,3538029.7,31.872284,29.867249,29.432365,28.823532,29.185165,29.354546,31.492332,30.315865,29.784851,28.233002,29.688713,29.217209,35.04921,38.038452,36.04715,31.780731,30.82399,30.160217,35.159073,32.09201,30.489815,31.460289,30.512703,35.168228,3538029.7,-0.0045776367,-0.0045776367,-0.0045776367,-0.0045776367,-0.0045776367,-0.0045776367,-0.0045776367,-0.0045776367,-0.0045776367,-0.0045776367,-0.0045776367,-0.0045776367,-0.0045776367,2.2934265,1.0391541,0.12359619,-0.96588135,-0.32501221,-0.0045776367,-0.0045776367,-0.0045776367,-0.0045776367,-0.0045776367,-0.0045776367,3538029.7
3628789353664,8.5995523,0,34.737923,33.121994,32.508583,30.846878,32.334633,33.108261,34.133667,33.488213,32.952621,30.297554,32.632179,32.499428,37.383842,39.571983,35.699242,33.515678,32.339211,32.243073,38.455025,34.463264,33.675896,33.533989,32.65049,38.615242,3538049.7,31.863129,29.880981,29.432365,28.82811,29.185165,29.354546,31.487755,30.306709,29.798584,28.223846,29.693291,29.230942,35.040054,38.06134,36.056305,31.789886,30.819412,30.15564,35.159073,32.09201,30.466927,31.446556,30.485237,35.172806,3538049.7,-0.0045776367,-0.0045776367,-0.0045776367,-0.0045776367,-0.0045776367,-0.0045776367,-0.0045776367,-0.0045776367,-0.0045776367,-0.0045776367,-0.0045776367,-0.0045776367,-0.0045776367,1.6800232,0.6362915,-0.27923584,-1.0666199,-0.28839111,-0.0045776367,-0.0045776367,-0.0045776367,-0.0045776367,-0.0045776367,-0.0045776367,3538049.7
3628809406016,8.6196046,0,34.737923,33.121994,32.508583,30.846878,32.334633,33.108261,34.124512,33.49279,32.948044,30.288399,32.632179,32.49485,37.38842,39.571983,35.703819,33.511101,32.339211,32.252235,38.459602,34.463264,33.675896,33.533989,32.645912,38.615242,3538069.7,31.863129,29.871826,29.432365,28.814377,29.180588,29.363701,31.49691,30.283821,29.780273,28.228424,29.702446,29.230942,35.053787,38.038452,36.028839,31.799042,30.801102,30.169373,35.149918,32.078278,30.466927,31.464867,30.49897,35.163651,3538069.7,-0.0045776367,-0.0045776367,-0.0045776367,-0.0045776367,-0.0045776367,-0.0045776367,-0.0045776367,-0.0045776367,-0.0045776367,-0.0045776367,-0.0045776367,-0.0045776367,-0.0045776367,1.7898865,1.2222595,-0.032043457,-1.2863464,0.022888184,-0.0045776367,-0.0045776367,-0.0045776367,-0.0045776367,-0.0045776367,-0.0045776367,3538069.7
3628829416576,8.6396152,0,34.7425,33.112839,32.508583,30.856033,32.330055,33.108261,34.124512,33.488213,32.957199,30.292976,32.632179,32.49485,37.379265,39.571983,35.699242,33.515678,32.339211,32.24765,38.459602,34.463264,33.671318,33.543144,32.641335,38.61982,3538089.7,31.863129,29.867249,29.432365,28.82811,29.185165,29.354546,31.487755,30.297554,29.784851,28.219269,29.693291,29.217209,35.040054,38.070496,36.04715,31.799042,30.810257,30.164795,35.168228,32.09201,30.476082,31.451134,30.494392,35.181961,3538089.7,-0.0045776367,-0.0045776367,-0.0045776367,-0.0045776367,-0.0045776367,-0.0045776367,-0.0045776367,-0.0045776367,-0.0045776367,-0.0045776367,-0.0045776367,-0.0045776367,-0.0045776367,1.9180603,1.0299988,-0.58135986,-1.5335388,-0.34332275,-0.0045776367,-0.0045776367,-0.0045776367,-0.0045776367,-0.0045776367,-0.0045776367,3538089.7
3628849342368,8.659541,0,34.747078,33.117416,32.508583,30.856033,32.330055,33.117416,34.124512,33.488213,32.948044,30.292976,32.636757,32.49485,37.38842,39.576561,35.699242,33.511101,32.343788,32.24765,38.46418,34.463264,33.675896,33.533989,32.645912,38.610664,3538109.7,31.867706,29.871826,29.432365,28.832687,29.166855,29.368279,31.483177,30.311287,29.775696,28.228424,29.697868,29.226364,35.040054,38.075073,36.088348,31.789886,30.810257,30.169373,35.149918,32.087433,30.471504,31.455711,30.517281,35.177383,3538109.7,-0.0045776367,-0.0045776367,-0.0045776367,-0.0045776367,-0.0045776367,-0.0045776367,-0.0045776367,-0.0045776367,-0.0045776367,-0.0045776367,-0.0045776367,-0.0045776367,-0.0045776367,2.1560974,1.3595886,-0.88348389,-1.5518494,-0.2243042,-0.0045776367,-0.0045776367,-0.0045776367,-0.0045776367,-0.0045776367,-0.0045776367,3538109.7
3628869350752,8.6795493,0,34.737923,33.112839,32.504005,30.856033,32.334633,33.108261,34.119934,33.488213,32.952621,30.292976,32.632179,32.490273,37.379265,39.571983,35.699242,33.515678,32.348366,32.252235,38.455025,34.467842,33.675896,33.533989,32.645912,38.615242,3538129.7,31.872284,29.867249,29.427788,28.832687,29.189743,29.359123,31.487755,30.315865,29.780273,28.223846,29.716179,29.217209,35.058365,38.047607,36.037994,31.789886,30.801102,30.164795,35.191116,32.09201,30.480659,31.451134,30.489815,35.177383,3538129.7,-0.0045776367,-0.0045776367,-0.0045776367,-0.0045776367,-0.0045776367,-0.0045776367,-0.0045776367,-0.0045776367,-0.0045776367,-0.0045776367,-0.0045776367,-0.0045776367,-0.0045776367,1.9821472,1.2222595,-0.90179443,-1.6342468,-0.16937256,-0.0045776367,-0.0045776367,-0.0045776367,-0.0045776367,-0.0045776367,-0.0045776367,3538129.7
3628889354624,8.6995532,0,34.747078,33.112839,32.508583,30.860611,32.334633,33.112839,34.129089,33.488213,32.948044,30.292976,32.636757,32.49485,37.383842,39.562828,35.703819,33.515678,32.343788,32.256813,38.455025,34.467842,33.671318,33.538567,32.65049,38.61982,3538149.7,31.863129,29.862671,29.418633,28.837265,29.162277,29.359123,31.49691,30.320442,29.780273,28.210114,29.711601,29.235519,35.053787,38.084229,36.06546,31.794464,30.814835,30.169373,35.186539,32.082855,30.494392,31.441978,30.49897,35.159073,3538149.7,-0.0045776367,-0.0045776367,-0.0045776367,-0.0045776367,-0.0045776367,-0.0045776367,-0.0045776367,-0.0045776367,-0.0045776367,-0.0045776367,-0.0045776367,-0.0045776367,-0.0045776367,1.7257996,0.42572021,-0.93841553,-1.4602966,-0.30670166,-0.0045776367,-0.0045776367,-0.0045776367,-0.0045776367,-0.0045776367,-0.0045776367,3538149.7
3628909389920,8.7195885,0,34.7425,33.117416,32.513161,30.851456,32.339211,33.108261,34.129089,33.488213,32.948044,30.292976,32.632179,32.49485,37.383842,39.576561,35.703819,33.515678,32.339211,32.256813,38.459602,34.47242,33.675896,33.543144,32.645912,38.615242,3538169.7,31.872284,29.876404,29.441521,28.832687,29.171432,29.359123,31.492332,30.292976,29.780273,28.223846,29.693291,29.221786,35.058365,38.070496,36.074615,31.785309,30.814835,30.183105,35.172806,32.09201,30.476082,31.446556,30.512703,35.186539,3538169.7,-0.0045776367,-0.0045776367,-0.0045776367,-0.0045776367,-0.0045776367,-0.0045776367,-0.0045776367,-0.0045776367,-0.0045776367,-0.0045776367,-0.0045776367,-0.0045776367,-0.0045776367,1.4786072,0.55389404,-0.87432861,-1.5335388,-0.068664551,-0.0045776367,-0.0045776367,-0.0045776367,-0.0045776367,-0.0045776367,-0.0045776367,3538169.7
3628929457568,8.7396562,0,34.7425,33.112839,32.513161,30.851456,32.325478,33.112839,34.119934,33.488213,32.948044,30.292976,32.632179,32.49485,37.38842,39.571983,35.699242,33.511101,32.343788,32.256813,38.459602,34.463264,33.680473,33.538567,32.645912,38.615242,3538189.7,31.876862,29.871826,29.446098,28.832687,29.17601,29.363701,31.4786,30.311287,29.775696,28.219269,29.702446,29.221786,35.053787,38.06134,36.051727,31.789886,30.814835,30.169373,35.191116,32.096588,30.462349,31.460289,30.480659,35.177383,3538189.7,-0.0045776367,-0.0045776367,-0.0045776367,-0.0045776367,-0.0045776367,-0.0045776367,-0.0045776367,-0.0045776367,-0.0045776367,-0.0045776367,-0.0045776367,-0.0045776367,-0.0045776367,1.1307068,-0.78277588,-1.1673279,-1.3321228,-0.23345947,-0.0045776367,-0.0045776367,-0.0045776367,-0.0045776367,-0.0045776367,-0.0045776367,3538189.7
3628949572224,8.7597708,0,34.7425,33.112839,32.508583,30.856033,32.330055,33.103683,34.129089,33.483635,32.948044,30.288399,32.632179,32.499428,37.383842,39.571983,35.699242,33.515678,32.343788,32.252235,38.459602,34.467842,33.675896,33.533989,32.645912,38.615242,3538209.7,31.881439,29.867249,29.427788,28.837265,29.17601,29.359123,31.487755,30.315865,29.789429,28.233002,29.711601,29.230942,35.044632,38.06134,36.083771,31.776154,30.828568,30.169373,35.168228,32.078278,30.480659,31.474022,30.489815,35.195694,3538209.7,-0.0045776367,-0.0045776367,-0.0045776367,-0.0045776367,-0.0045776367,-0.0045776367,-0.0045776367,-0.0045776367,-0.0045776367,-0.0045776367,-0.0045776367,-0.0045776367,-0.0045776367,0.24261475,-1.5152283,-1.0208435,-0.93841553,-0.34332275,-0.0045776367,-0.0045776367,-0.0045776367,-0.0045776367,-0.0045776367,-0.0045776367,3538209.7
3628969359040,8.7795576,0,34.747078,33.112839,32.508583,30.851456,32.330055,33.108261,34.129089,33.488213,32.952621,30.288399,32.636757,32.49485,37.383842,39.567406,35.699242,33.506523,32.339211,32.24765,38.455025,34.467842,33.680473,33.538567,32.645912,38.61982,3538229.7,31.872284,29.858093,29.427788,28.832687,29.180588,29.34539,31.492332,30.306709,29.789429,28.219269,29.707024,29.221786,35.040054,38.070496,36.079193,31.799042,30.819412,30.17395,35.200272,32.082855,30.471504,31.460289,30.485237,35.200272,3538229.7,-0.0045776367,-0.0045776367,-0.0045776367,-0.0045776367,-0.0045776367,-0.0045776367,-0.0045776367,-0.0045776367,-0.0045776367,-0.0045776367,-0.0045776367,-0.0045776367,-0.0045776367,-0.20599365,-2.0828552,-2.009613,-0.83770752,-0.35247803,-0.0045776367,-0.0045776367,-0.0045776367,-0.0045776367,-0.0045776367,-0.0045776367,3538229.7
3628989326560,8.7995252,0,34.747078,33.117416,32.504005,30.851456,32.325478,33.108261,34.124512,33.488213,32.957199,30.292976,32.636757,32.499428,37.383842,39.567406,35.703819,33.515678,32.348366,32.256813,38.459602,34.463264,33.671318,33.543144,32.645912,38.615242,3538249.7,31.876862,29.871826,29.436943,28.832687,29.180588,29.368279,31.49691,30.315865,29.794006,28.219269,29.693291,29.217209,35.044632,38.065918,36.083771,31.803619,30.819412,30.169373,35.191116,32.09201,30.462349,31.460289,30.49897,35.214005,3538249.7,-0.0045776367,-0.0045776367,-0.0045776367,-0.0045776367,-0.0045776367,-0.0045776367,-0.0045776367,-0.0045776367,-0.0045776367,-0.0045776367,-0.0045776367,-0.0045776367,-0.0045776367,-0.58135986,-2.3025818,-1.5610046,-0.46234131,-0.31585693,-0.0045776367,-0.0045776367,-0.0045776367,-0.0045776367,-0.0045776367,-0.0045776367,3538249.7
3629009421216,8.8196198,0,34.7425,33.117416,32.508583,30.856033,32.334633,33.108261,34.124512,33.488213,32.948044,30.283821,32.632179,32.49485,37.379265,39.571983,35.703819,33.511101,32.343788,32.256813,38.459602,34.463264,33.680473,33.538567,32.645912,38.610664,3538269.7,31.867706,29.867249,29.441521,28.841843,29.180588,29.349968,31.49691,30.32502,29.794006,28.219269,29.702446,29.226364,35.040054,38.065918,36.092926,31.803619,30.805679,30.164795,35.177383,32.069122,30.466927,31.464867,30.508125,35.172806,3538269.7,-0.0045776367,-0.0045776367,-0.0045776367,-0.0045776367,-0.0045776367,-0.0045776367,-0.0045776367,-0.0045776367,-0.0045776367,-0.0045776367,-0.0045776367,-0.0045776367,-0.0045776367,-0.9475708,-2.9709167,-1.8173523,-0.74615479,-0.27923584,-0.0045776367,-0.0045776367,-0.0045776367,-0.0045776367,-0.0045776367,-0.0045776367,3538269.7
3629029342976,8.8395416,0,34.7425,33.108261,32.508583,30.860611,32.334633,33.108261,34.129089,33.49279,32.957199,30.292976,32.636757,32.490273,37.383842,39.576561,35.712975,33.515678,32.348366,32.252235,38.455025,34.47242,33.675896,33.533989,32.65049,38.615242,3538289.7,31.872284,29.880981,29.427788,28.837265,29.180588,29.359123,31.487755,30.306709,29.784851,28.214691,29.702446,29.203476,35.035477,38.065918,36.102081,31.794464,30.801102,30.164795,35.172806,32.082855,30.466927,31.451134,30.508125,35.177383,3538289.7,-0.0045776367,-0.0045776367,-0.0045776367,-0.0045776367,-0.0045776367,-0.0045776367,-0.0045776367,-0.0045776367,-0.0045776367,-0.0045776367,-0.0045776367,-0.0045776367,-0.0045776367,-1.3595886,-3.8132324,-2.0828552,-0.15106201,-0.20599365,-0.0045776367,-0.0045776367,-0.0045776367,-0.0045776367,-0.0045776367,-0.0045776367,3538289.7
3629049381696,8.8595803,0,34.7425,33.117416,32.513161,30.856033,32.325478,33.108261,34.129089,33.488213,32.952621,30.292976,32.636757,32.490273,37.379265,39.571983,35.703819,33.515678,32.343788,32.256813,38.459602,34.463264,33.680473,33.533989,32.641335,38.61982,3538309.7,31.858551,29.885559,29.441521,28.832687,29.171432,29.354546,31.501488,30.315865,29.794006,28.223846,29.725334,29.235519,35.053787,38.075073,36.106659,31.794464,30.810257,30.178528,35.163651,32.096588,30.471504,31.446556,30.512703,35.195694,3538309.7,-0.0045776367,-0.0045776367,-0.0045776367,-0.0045776367,-0.0045776367,-0.0045776367,-0.0045776367,-0.0045776367,-0.0045776367,-0.0045776367,-0.0045776367,-0.0045776367,-0.0045776367,-1.3870544,-3.8956299,-2.3025818,-0.33416748,-0.27008057,-0.0045776367,-0.0045776367,-0.0045776367,-0.0045776367,-0.0045776367,-0.0045776367,3538309.7
3629069358496,8.8795571,0,34.747078,33.117416,32.513161,30.856033,32.330055,33.112839,34.124512,33.488213,32.957199,30.292976,32.636757,32.490273,37.38842,39.571983,35.703819,33.515678,32.343788,32.252235,38.455025,34.463264,33.675896,33.543144,32.645912,38.61982,3538329.7,31.853973,29.871826,29.42321,28.841843,29.194321,29.368279,31.487755,30.32502,29.794006,28.223846,29.697868,29.240097,35.04921,38.06134,36.097504,31.808197,30.805679,30.178528,35.163651,32.087433,30.471504,31.460289,30.517281,35.204849,3538329.7,-0.0045776367,-0.0045776367,-0.0045776367,-0.0045776367,-0.0045776367,-0.0045776367,-0.0045776367,-0.0045776367,-0.0045776367,-0.0045776367,-0.0045776367,-0.0045776367,-0.0045776367,-2.0462341,-4.1885986,-2.1194763,-0.39825439,-0.059509277,-0.0045776367,-0.0045776367,-0.0045776367,-0.0045776367,-0.0045776367,-0.0045776367,3538329.7
3629089332992,8.8995316,0,34.747078,33.112839,32.508583,30.856033,32.330055,33.108261,34.124512,33.49279,32.952621,30.292976,32.636757,32.49485,37.379265,39.576561,35.703819,33.520256,32.343788,32.252235,38.46418,34.467842,33.675896,33.538567,32.641335,38.61982,3538349.7,31.863129,29.862671,29.432365,28.832687,29.180588,29.363701,31.506065,30.302132,29.789429,28.214691,29.711601,29.240097,35.044632,38.052185,36.102081,31.799042,30.810257,30.178528,35.195694,32.087433,30.494392,31.446556,30.494392,35.172806,3538349.7,-0.0045776367,-0.0045776367,-0.0045776367,-0.0045776367,-0.0045776367,-0.0045776367,-0.0045776367,-0.0045776367,-0.0045776367,-0.0045776367,-0.0045776367,-0.0045776367,-0.0045776367,-2.4307556,-4.5548096,-2.3575134,-0.62713623,-0.077819824,-0.0045776367,-0.0045776367,-0.0045776367,-0.0045776367,-0.0045776367,-0.0045776367,3538349.7
3629109400160,8.9195988,0,34.747078,33.117416,32.504005,30.856033,32.330055,33.108261,34.124512,33.488213,32.948044,30.292976,32.632179,32.504005,37.379265,39.571983,35.708397,33.511101,32.348366,32.252235,38.459602,34.467842,33.675896,33.538567,32.645912,38.615242,3538369.7,31.872284,29.853516,29.436943,28.832687,29.17601,29.363701,31.487755,30.306709,29.784851,28.228424,29.697868,29.221786,35.026321,38.056763,36.088348,31.799042,30.819412,30.178528,35.177383,32.09201,30.489815,31.446556,30.512703,35.163651,3538369.7,-0.0045776367,-0.0045776367,-0.0045776367,-0.0045776367,-0.0045776367,-0.0045776367,-0.0045776367,-0.0045776367,-0.0045776367,-0.0045776367,-0.0045776367,-0.0045776367,-0.0045776367,-2.5863953,-4.1794434,-2.476532,-0.82855225,0.077819824,-0.0045776367,-0.0045776367,-0.0045776367,-0.0045776367,-0.0045776367,-0.0045776367,3538369.7
3629129408000,8.9396066,0,34.7425,33.112839,32.513161,30.851456,32.339211,33.103683,34.119934,33.488213,32.952621,30.297554,32.636757,32.490273,37.383842,39.571983,35.703819,33.515678,32.339211,32.252235,38.455025,34.467842,33.680473,33.538567,32.641335,38.615242,3538389.7,31.881439,29.876404,29.432365,28.841843,29.180588,29.354546,31.492332,30.311287,29.784851,28.219269,29.697868,29.226364,35.044632,38.04303,36.102081,31.799042,30.814835,30.17395,35.172806,32.096588,30.480659,31.455711,30.508125,35.172806,3538389.7,-0.0045776367,-0.0045776367,-0.0045776367,-0.0045776367,-0.0045776367,-0.0045776367,-0.0045776367,-0.0045776367,-0.0045776367,-0.0045776367,-0.0045776367,-0.0045776367,-0.0045776367,-2.8335876,-4.2069092,-2.3666687,-0.61798096,0.13275146,-0.0045776367,-0.0045776367,-0.0045776367,-0.0045776367,-0.0045776367,-0.0045776367,3538389.7
3629149550688,8.9597493,0,34.7425,33.108261,32.504005,30.856033,32.325478,33.117416,34.133667,33.49279,32.957199,30.288399,32.636757,32.49485,37.379265,39.562828,35.699242,33.515678,32.343788,32.252235,38.459602,34.463264,33.675896,33.538567,32.641335,38.615242,3538409.7,31.867706,29.867249,29.436943,28.837265,29.180588,29.359123,31.501488,30.302132,29.798584,28.205536,29.716179,29.221786,35.04921,38.065918,36.124969,31.794464,30.819412,30.187683,35.159073,32.09201,30.485237,31.451134,30.485237,35.177383,3538409.7,-0.0045776367,-0.0045776367,-0.0045776367,-0.0045776367,-0.0045776367,-0.0045776367,-0.0045776367,-0.0045776367,-0.0045776367,-0.0045776367,-0.0045776367,-0.0045776367,-0.0045776367,-2.7511902,-4.133667,-2.0737,-0.75531006,0.23345947,-0.0045776367,-0.0045776367,-0.0045776367,-0.0045776367,-0.0045776367,-0.0045776367,3538409.7
3629169346560,8.9795452,0,34.7425,33.117416,32.513161,30.856033,32.339211,33.103683,34.124512,33.488213,32.952621,30.288399,32.632179,32.490273,37.383842,39.567406,35.699242,33.520256,32.343788,32.256813,38.459602,34.463264,33.675896,33.538567,32.641335,38.615242,3538429.7,31.867706,29.862671,29.436943,28.837265,29.180588,29.368279,31.474022,30.311287,29.780273,28.223846,29.697868,29.221786,35.04921,38.070496,36.120392,31.789886,30.833145,30.169373,35.200272,32.087433,30.476082,31.455711,30.517281,35.186539,3538429.7,-0.0045776367,-0.0045776367,-0.0045776367,-0.0045776367,-0.0045776367,-0.0045776367,-0.0045776367,-0.0045776367,-0.0045776367,-0.0045776367,-0.0045776367,-0.0045776367,-0.0045776367,-2.7420349,-4.0695801,-2.0737,-1.0208435,0.16937256,-0.0045776367,-0.0045776367,-0.0045776367,-0.0045776367,-0.0045776367,-0.0045776367,3538429.7
3629189314592,8.9995132,0,34.7425,33.117416,32.504005,30.856033,32.330055,33.108261,34.129089,33.488213,32.948044,30.297554,32.627602,32.499428,37.38842,39.567406,35.703819,33.515678,32.343788,32.24765,38.459602,34.463264,33.671318,33.538567,32.645912,38.615242,3538449.7,31.876862,29.862671,29.432365,28.837265,29.162277,29.359123,31.492332,30.292976,29.775696,28.228424,29.702446,29.208054,35.030899,38.047607,36.111237,31.799042,30.828568,30.178528,35.186539,32.078278,30.476082,31.460289,30.503548,35.191116,3538449.7,-0.0045776367,-0.0045776367,-0.0045776367,-0.0045776367,-0.0045776367,-0.0045776367,-0.0045776367,-0.0045776367,-0.0045776367,-0.0045776367,-0.0045776367,-0.0045776367,-0.0045776367,-3.2181396,-3.5294189,-1.506073,-1.0391541,0.25177002,-0.0045776367,-0.0045776367,-0.0045776367,-0.0045776367,-0.0045776367,-0.0045776367,3538449.7
3629209356320,9.0195549,0,34.7425,33.112839,32.513161,30.856033,32.339211,33.108261,34.129089,33.49279,32.948044,30.283821,32.636757,32.499428,37.383842,39.571983,35.703819,33.520256,32.343788,32.256813,38.46418,34.463264,33.675896,33.538567,32.641335,38.610664,3538469.7,31.876862,29.867249,29.427788,28.841843,29.185165,29.354546,31.49691,30.302132,29.771118,28.228424,29.693291,29.212631,35.040054,38.056763,36.120392,31.808197,30.814835,30.160217,35.181961,32.09201,30.476082,31.455711,30.485237,35.159073,3538469.7,-0.0045776367,-0.0045776367,-0.0045776367,-0.0045776367,-0.0045776367,-0.0045776367,-0.0045776367,-0.0045776367,-0.0045776367,-0.0045776367,-0.0045776367,-0.0045776367,-0.0045776367,-3.7033691,-3.4195557,-1.1398621,-1.405365,0.16937256,-0.0045776367,-0.0045776367,-0.0045776367,-0.0045776367,-0.0045776367,-0.0045776367,3538469.7
3629229448896,9.0396475,0,34.747078,33.112839,32.513161,30.860611,32.334633,33.108261,34.129089,33.488213,32.957199,30.292976,32.641335,32.49485,37.392998,39.562828,35.708397,33.524834,32.343788,32.261391,38.46418,34.47242,33.671318,33.538567,32.645912,38.61982,3538489.7,31.867706,29.871826,29.436943,28.841843,29.162277,29.34539,31.483177,30.315865,29.784851,28.219269,29.707024,29.226364,35.053787,38.038452,36.134125,31.803619,30.819412,30.164795,35.181961,32.09201,30.471504,31.464867,30.503548,35.191116,3538489.7,-0.0045776367,-0.0045776367,-0.0045776367,-0.0045776367,-0.0045776367,-0.0045776367,-0.0045776367,-0.0045776367,-0.0045776367,-0.0045776367,-0.0045776367,-0.0045776367,-0.0045776367,-3.9871826,-3.6118164,-1.1856384,-1.0116882,0.12359619,-0.0045776367,-0.0045776367,-0.0045776367,-0.0045776367,-0.0045776367,-0.0045776367,3538489.7
3629249323072,9.0595217,0,34.737923,33.117416,32.508583,30.856033,32.334633,33.112839,34.124512,33.49279,32.952621,30.288399,32.636757,32.490273,37.383842,39.571983,35.708397,33.520256,32.343788,32.252235,38.459602,34.458687,33.680473,33.533989,32.641335,38.61982,3538509.7,31.886017,29.853516,29.446098,28.832687,29.189743,29.359123,31.501488,30.320442,29.775696,28.228424,29.707024,29.221786,35.04921,38.06134,36.102081,31.794464,30.814835,30.178528,35.200272,32.087433,30.489815,31.451134,30.512703,35.172806,3538509.7,-0.0045776367,-0.0045776367,-0.0045776367,-0.0045776367,-0.0045776367,-0.0045776367,-0.0045776367,-0.0045776367,-0.0045776367,-0.0045776367,-0.0045776367,-0.0045776367,-0.0045776367,-4.2069092,-3.1448975,-0.84686279,-0.6729126,-0.04119873,-0.0045776367,-0.0045776367,-0.0045776367,-0.0045776367,-0.0045776367,-0.0045776367,3538509.7
3629269352736,9.0795513,0,34.7425,33.117416,32.504005,30.846878,32.330055,33.108261,34.129089,33.488213,32.952621,30.297554,32.636757,32.49485,37.383842,39.571983,35.708397,33.520256,32.348366,32.261391,38.459602,34.47242,33.675896,33.538567,32.641335,38.61982,3538529.7,31.867706,29.880981,29.436943,28.818954,29.17601,29.34539,31.487755,30.306709,29.784851,28.228424,29.711601,29.221786,35.04921,38.056763,36.134125,31.808197,30.801102,30.160217,35.191116,32.082855,30.489815,31.446556,30.494392,35.200272,3538529.7,-0.0045776367,-0.0045776367,-0.0045776367,-0.0045776367,-0.0045776367,-0.0045776367,-0.0045776367,-0.0045776367,-0.0045776367,-0.0045776367,-0.0045776367,-0.0045776367,-0.0045776367,-4.2893066,-2.7878113,-0.61798096,-1.0483093,-0.15106201,-0.0045776367,-0.0045776367,-0.0045776367,-0.0045776367,-0.0045776367,-0.0045776367,3538529.7
3629289453024,9.0996516,0,34.7425,33.117416,32.504005,30.856033,32.343788,33.112839,34.124512,33.488213,32.952621,30.288399,32.632179,32.49485,37.383842,39.571983,35.703819,33.511101,32.348366,32.256813,38.459602,34.47242,33.675896,33.538567,32.645912,38.615242,3538549.7,31.858551,29.876404,29.446098,28.837265,29.166855,29.363701,31.483177,30.320442,29.780273,28.223846,29.693291,29.240097,35.030899,38.056763,36.111237,31.803619,30.828568,30.17395,35.168228,32.096588,30.485237,31.451134,30.494392,35.200272,3538549.7,-0.0045776367,-0.0045776367,-0.0045776367,-0.0045776367,-0.0045776367,-0.0045776367,-0.0045776367,-0.0045776367,-0.0045776367,-0.0045776367,-0.0045776367,-0.0045776367,-0.0045776367,-4.637207,-2.7145691,-0.37078857,-1.103241,-0.01373291,-0.0045776367,-0.0045776367,-0.0045776367,-0.0045776367,-0.0045776367,-0.0045776367,3538549.7
3629309339296,9.1195379,0,34.737923,33.112839,32.508583,30.851456,32.330055,33.108261,34.124512,33.483635,32.952621,30.292976,32.641335,32.490273,37.383842,39.571983,35.708397,33.515678,32.348366,32.24765,38.455025,34.467842,33.680473,33.547722,32.645912,38.615242,3538569.7,31.886017,29.876404,29.446098,28.832687,29.1577,29.363701,31.492332,30.315865,29.794006,28.228424,29.693291,29.226364,35.030899,38.047607,36.106659,31.780731,30.814835,30.164795,35.177383,32.09201,30.489815,31.446556,30.494392,35.168228,3538569.7,-0.0045776367,-0.0045776367,-0.0045776367,-0.0045776367,-0.0045776367,-0.0045776367,-0.0045776367,-0.0045776367,-0.0045776367,-0.0045776367,-0.0045776367,-0.0045776367,-0.0045776367,-4.6829834,-2.4124451,-0.37078857,-0.92926025,-0.34332275,-0.0045776367,-0.0045776367,-0.0045776367,-0.0045776367,-0.0045776367,-0.0045776367,3538569.7
3629329319136,9.1395177,0,34.7425,33.117416,32.504005,30.856033,32.339211,33.112839,34.124512,33.49279,32.952621,30.292976,32.632179,32.490273,37.38842,39.567406,35.708397,33.524834,32.348366,32.256813,38.459602,34.47242,33.685051,33.538567,32.645912,38.615242,3538589.7,31.876862,29.876404,29.446098,28.832687,29.180588,29.363701,31.49691,30.315865,29.784851,28.233002,29.707024,29.230942,35.026321,38.06134,36.115814,31.803619,30.805679,30.160217,35.181961,32.110321,30.476082,31.469444,30.503548,35.186539,3538589.7,-0.0045776367,-0.0045776367,-0.0045776367,-0.0045776367,-0.0045776367,-0.0045776367,-0.0045776367,-0.0045776367,-0.0045776367,-0.0045776367,-0.0045776367,-0.0045776367,-0.0045776367,-4.1519775,-2.1927185,0.38909912,-1.2863464,-0.14190674,-0.0045776367,-0.0045776367,-0.0045776367,-0.0045776367,-0.0045776367,-0.0045776367,3538589.7
3629349425312,9.1596239,0,34.7425,33.117416,32.513161,30.856033,32.334633,33.112839,34.129089,33.49279,32.952621,30.288399,32.641335,32.490273,37.383842,39.567406,35.703819,33.515678,32.343788,32.256813,38.450447,34.467842,33.675896,33.538567,32.641335,38.61982,3538609.7,31.863129,29.858093,29.441521,28.841843,29.180588,29.368279,31.49691,30.306709,29.784851,28.219269,29.720757,29.240097,35.053787,38.056763,36.115814,31.803619,30.82399,30.169373,35.168228,32.087433,30.480659,31.469444,30.503548,35.172806,3538609.7,-0.0045776367,-0.0045776367,-0.0045776367,-0.0045776367,-0.0045776367,-0.0045776367,-0.0045776367,-0.0045776367,-0.0045776367,-0.0045776367,-0.0045776367,-0.0045776367,-0.0045776367,-5.2506409,-1.8814392,0.6362915,-1.203949,-0.62713623,-0.0045776367,-0.0045776367,-0.0045776367,-0.0045776367,-0.0045776367,-0.0045776367,3538609.7
3629369317824,9.1795164,0,34.7425,33.108261,32.508583,30.856033,32.330055,33.108261,34.124512,33.488213,32.952621,30.292976,32.636757,32.499428,37.383842,39.567406,35.703819,33.515678,32.348366,32.252235,38.46418,34.467842,33.675896,33.533989,32.645912,38.61982,3538629.7,31.876862,29.848938,29.446098,28.841843,29.185165,29.363701,31.492332,30.302132,29.784851,28.233002,29.711601,29.217209,35.053787,38.056763,36.129547,31.794464,30.814835,30.183105,35.204849,32.096588,30.471504,31.464867,30.508125,35.163651,3538629.7,-0.0045776367,-0.0045776367,-0.0045776367,-0.0045776367,-0.0045776367,-0.0045776367,-0.0045776367,-0.0045776367,-0.0045776367,-0.0045776367,-0.0045776367,-0.0045776367,-0.0045776367,-4.9210205,-1.4419861,0.96588135,-1.2497253,-0.25177002,-0.0045776367,-0.0045776367,-0.0045776367,-0.0045776367,-0.0045776367,-0.0045776367,3538629.7
3629389320992,9.1995196,0,34.7425,33.117416,32.513161,30.860611,32.334633,33.108261,34.124512,33.488213,32.952621,30.292976,32.632179,32.49485,37.38842,39.571983,35.708397,33.515678,32.348366,32.261391,38.46418,34.463264,33.680473,33.538567,32.65049,38.610664,3538649.7,31.872284,29.867249,29.446098,28.84642,29.166855,29.368279,31.501488,30.315865,29.775696,28.228424,29.697868,29.217209,35.030899,38.052185,36.129547,31.789886,30.805679,30.164795,35.186539,32.082855,30.476082,31.474022,30.494392,35.163651,3538649.7,-0.0045776367,-0.0045776367,-0.0045776367,-0.0045776367,-0.0045776367,-0.0045776367,-0.0045776367,-0.0045776367,-0.0045776367,-0.0045776367,-0.0045776367,-0.0045776367,-0.0045776367,-4.8203125,-1.3504333,0.95672607,-1.0483093,-0.10528564,-0.0045776367,-0.0045776367,-0.0045776367,-0.0045776367,-0.0045776367,-0.0045776367,3538649.7
3629409351936,9.2195505,0,34.737923,33.112839,32.513161,30.860611,32.334633,33.112839,34.124512,33.49279,32.957199,30.292976,32.627602,32.49485,37.383842,39.571983,35.712975,33.520256,32.352943,32.252235,38.455025,34.467842,33.671318,33.533989,32.645912,38.615242,3538669.7,31.863129,29.876404,29.441521,28.837265,29.171432,29.372856,31.483177,30.320442,29.784851,28.237579,29.707024,29.212631,35.058365,38.06134,36.120392,31.803619,30.805679,30.164795,35.172806,32.078278,30.462349,31.455711,30.494392,35.172806,3538669.7,-0.0045776367,-0.0045776367,-0.0045776367,-0.0045776367,-0.0045776367,-0.0045776367,-0.0045776367,-0.0045776367,-0.0045776367,-0.0045776367,-0.0045776367,-0.0045776367,-0.0045776367,-5.3788147,-0.96588135,0.6729126,-0.84686279,0.032043457,-0.0045776367,-0.0045776367,-0.0045776367,-0.0045776367,-0.0045776367,-0.0045776367,3538669.7
3629429374368,9.239573,0,34.747078,33.117416,32.508583,30.856033,32.339211,33.108261,34.129089,33.488213,32.952621,30.288399,32.632179,32.49485,37.38842,39.562828,35.694664,33.524834,32.348366,32.252235,38.459602,34.47242,33.680473,33.538567,32.645912,38.615242,3538689.7,31.872284,29.84436,29.450676,28.82811,29.189743,29.349968,31.49691,30.315865,29.775696,28.219269,29.725334,29.226364,35.040054,38.06134,36.129547,31.808197,30.819412,30.183105,35.186539,32.082855,30.480659,31.460289,30.503548,35.186539,3538689.7,-0.0045776367,-0.0045776367,-0.0045776367,-0.0045776367,-0.0045776367,-0.0045776367,-0.0045776367,-0.0045776367,-0.0045776367,-0.0045776367,-0.0045776367,-0.0045776367,-0.0045776367,-4.3625488,-1.0666199,0.44403076,-1.1947937,-0.29754639,-0.0045776367,-0.0045776367,-0.0045776367,-0.0045776367,-0.0045776367,-0.0045776367,3538689.7
3629449294720,9.2594933,0,34.7425,33.117416,32.508583,30.851456,32.3209,33.103683,34.133667,33.488213,32.948044,30.292976,32.641335,32.49485,37.383842,39.562828,35.708397,33.520256,32.343788,32.252235,38.459602,34.463264,33.680473,33.533989,32.645912,38.615242,3538709.7,31.876862,29.871826,29.441521,28.832687,29.17601,29.359123,31.487755,30.283821,29.771118,28.228424,29.702446,29.208054,35.04921,38.056763,36.134125,31.803619,30.814835,30.192261,35.181961,32.09201,30.480659,31.460289,30.531013,35.195694,3538709.7,-0.0045776367,-0.0045776367,-0.0045776367,-0.0045776367,-0.0045776367,-0.0045776367,-0.0045776367,-0.0045776367,-0.0045776367,-0.0045776367,-0.0045776367,-0.0045776367,-0.0045776367,-4.2526855,-0.84686279,0.59051514,-1.1123962,-0.29754639,-0.0045776367,-0.0045776367,-0.0045776367,-0.0045776367,-0.0045776367,-0.0045776367,3538709.7
3629469314560,9.2795132,0,34.747078,33.117416,32.504005,30.856033,32.339211,33.108261,34.124512,33.49279,32.952621,30.292976,32.632179,32.49485,37.383842,39.576561,35.699242,33.520256,32.352943,32.252235,38.459602,34.463264,33.675896,33.538567,32.645912,38.615242,3538729.7,31.872284,29.858093,29.427788,28.832687,29.17601,29.359123,31.506065,30.320442,29.784851,28.210114,29.702446,29.226364,35.062943,38.065918,36.14328,31.803619,30.819412,30.160217,35.181961,32.101166,30.480659,31.455711,30.503548,35.168228,3538729.7,-0.0045776367,-0.0045776367,-0.0045776367,-0.0045776367,-0.0045776367,-0.0045776367,-0.0045776367,-0.0045776367,-0.0045776367,-0.0045776367,-0.0045776367,-0.0045776367,-0.0045776367,-4.3076172,-0.6729126,0.39825439,-0.70037842,-0.35247803,-0.0045776367,-0.0045776367,-0.0045776367,-0.0045776367,-0.0045776367,-0.0045776367,3538729.7
3629489305472,9.2995041,0,34.737923,33.117416,32.508583,30.860611,32.330055,33.117416,34.124512,33.49279,32.957199,30.283821,32.636757,32.49485,37.38842,39.567406,35.708397,33.520256,32.343788,32.256813,38.459602,34.467842,33.685051,33.538567,32.636757,38.615242,3538749.7,31.872284,29.876404,29.455254,28.832687,29.185165,29.368279,31.492332,30.283821,29.789429,28.228424,29.702446,29.226364,35.04921,38.052185,36.120392,31.799042,30.814835,30.183105,35.195694,32.09201,30.466927,31.460289,30.49897,35.186539,3538749.7,-0.0045776367,-0.0045776367,-0.0045776367,-0.0045776367,-0.0045776367,-0.0045776367,-0.0045776367,-0.0045776367,-0.0045776367,-0.0045776367,-0.0045776367,-0.0045776367,-0.0045776367,-3.1448975,-0.60882568,0.0045776367,-0.41656494,-0.38909912,-0.0045776367,-0.0045776367,-0.0045776367,-0.0045776367,-0.0045776367,-0.0045776367,3538749.7
3629509637504,9.3198361,0,34.7425,33.117416,32.508583,30.856033,32.339211,33.112839,34.124512,33.488213,32.952621,30.292976,32.636757,32.499428,37.383842,39.567406,35.717552,33.520256,32.348366,32.252235,38.468758,34.463264,33.675896,33.538567,32.645912,38.615242,3538769.7,31.858551,29.862671,29.450676,28.832687,29.166855,29.377434,31.483177,30.320442,29.794006,28.214691,29.707024,29.230942,35.04921,38.056763,36.134125,31.794464,30.801102,30.17395,35.204849,32.082855,30.466927,31.474022,30.508125,35.163651,3538769.7,-0.0045776367,-0.0045776367,-0.0045776367,-0.0045776367,-0.0045776367,-0.0045776367,-0.0045776367,-0.0045776367,-0.0045776367,-0.0045776367,-0.0045776367,-0.0045776367,-0.0045776367,-3.3188477,-0.92926025,-0.23345947,-0.26092529,-0.059509277,-0.0045776367,-0.0045776367,-0.0045776367,-0.0045776367,-0.0045776367,-0.0045776367,3538769.7
3629529340320,9.3395389,0,34.7425,33.117416,32.508583,30.856033,32.334633,33.108261,34.124512,33.488213,32.952621,30.292976,32.636757,32.499428,37.38842,39.571983,35.712975,33.520256,32.348366,32.256813,38.459602,34.463264,33.671318,33.543144,32.645912,38.61982,3538789.7,31.867706,29.871826,29.427788,28.82811,29.189743,29.363701,31.483177,30.315865,29.784851,28.223846,29.702446,29.235519,35.04921,38.038452,36.134125,31.808197,30.819412,30.178528,35.181961,32.09201,30.466927,31.460289,30.49897,35.181961,3538789.7,-0.0045776367,-0.0045776367,-0.0045776367,-0.0045776367,-0.0045776367,-0.0045776367,-0.0045776367,-0.0045776367,-0.0045776367,-0.0045776367,-0.0045776367,-0.0045776367,-0.0045776367,-2.8976746,-1.2131042,-0.29754639,-0.30670166,-0.21514893,-0.0045776367,-0.0045776367,-0.0045776367,-0.0045776367,-0.0045776367,-0.0045776367,3538789.7
3629549578784,9.3597774,0,34.751663,33.117416,32.508583,30.856033,32.330055,33.112839,34.124512,33.497368,32.957199,30.292976,32.636757,32.499428,37.383842,39.571983,35.712975,33.520256,32.343788,32.252235,38.459602,34.467842,33.680473,33.533989,32.645912,38.624397,3538809.7,31.853973,29.880981,29.427788,28.832687,29.171432,29.359123,31.49691,30.306709,29.780273,28.223846,29.707024,29.226364,35.035477,38.065918,36.138702,31.799042,30.819412,30.196838,35.168228,32.078278,30.485237,31.446556,30.49897,35.191116,3538809.7,-0.0045776367,-0.0045776367,-0.0045776367,-0.0045776367,-0.0045776367,-0.0045776367,-0.0045776367,-0.0045776367,-0.0045776367,-0.0045776367,-0.0045776367,-0.0045776367,-0.0045776367,-2.9526062,-1.3138123,-0.61798096,-0.01373291,-0.096130371,-0.0045776367,-0.0045776367,-0.0045776367,-0.0045776367,-0.0045776367,-0.0045776367,3538809.7
3629569345888,9.3795445,0,34.7425,33.117416,32.513161,30.860611,32.330055,33.112839,34.129089,33.488213,32.957199,30.288399,32.641335,32.49485,37.383842,39.567406,35.703819,33.515678,32.352943,32.261391,38.468758,34.467842,33.675896,33.538567,32.641335,38.624397,3538829.7,31.886017,29.867249,29.436943,28.837265,29.171432,29.349968,31.49691,30.320442,29.780273,28.228424,29.711601,29.226364,35.026321,38.04303,36.115814,31.799042,30.819412,30.17395,35.172806,32.096588,30.480659,31.441978,30.531013,35.195694,3538829.7,-0.0045776367,-0.0045776367,-0.0045776367,-0.0045776367,-0.0045776367,-0.0045776367,-0.0045776367,-0.0045776367,-0.0045776367,-0.0045776367,-0.0045776367,-0.0045776367,-0.0045776367,-3.1815186,-1.8814392,-0.37078857,0.25177002,-0.31585693,-0.0045776367,-0.0045776367,-0.0045776367,-0.0045776367,-0.0045776367,-0.0045776367,3538829.7
3629589310432,9.399509,0,34.737923,33.117416,32.513161,30.851456,32.334633,33.108261,34.119934,33.488213,32.948044,30.292976,32.636757,32.490273,37.383842,39.576561,35.708397,33.520256,32.343788,32.256813,38.46418,34.463264,33.685051,33.538567,32.636757,38.615242,3538849.7,31.844818,29.862671,29.427788,28.832687,29.171432,29.363701,31.492332,30.320442,29.775696,28.223846,29.693291,29.221786,35.053787,38.047607,36.147858,31.803619,30.801102,30.160217,35.181961,32.087433,30.471504,31.455711,30.512703,35.163651,3538849.7,-0.0045776367,-0.0045776367,-0.0045776367,-0.0045776367,-0.0045776367,-0.0045776367,-0.0045776367,-0.0045776367,-0.0045776367,-0.0045776367,-0.0045776367,-0.0045776367,-0.0045776367,-3.1723633,-2.1560974,-0.82855225,0.97503662,-0.38909912,-0.0045776367,-0.0045776367,-0.0045776367,-0.0045776367,-0.0045776367,-0.0045776367,3538849.7
3629609416096,9.4196147,0,34.751663,33.112839,32.508583,30.851456,32.330055,33.108261,34.133667,33.497368,32.948044,30.292976,32.632179,32.49485,37.38842,39.571983,35.708397,33.524834,32.352943,32.252235,38.459602,34.476997,33.675896,33.533989,32.641335,38.624397,3538869.7,31.876862,29.862671,29.450676,28.818954,29.17601,29.359123,31.49691,30.315865,29.784851,28.214691,29.702446,29.212631,35.044632,38.047607,36.124969,31.799042,30.810257,30.187683,35.191116,32.0737,30.480659,31.446556,30.489815,35.191116,3538869.7,-0.0045776367,-0.0045776367,-0.0045776367,-0.0045776367,-0.0045776367,-0.0045776367,-0.0045776367,-0.0045776367,-0.0045776367,-0.0045776367,-0.0045776367,-0.0045776367,-0.0045776367,-3.5202637,-2.2842712,-0.34332275,0.98419189,-0.26092529,-0.0045776367,-0.0045776367,-0.0045776367,-0.0045776367,-0.0045776367,-0.0045776367,3538869.7
3629629313888,9.4395125,0,34.747078,33.121994,32.504005,30.851456,32.334633,33.117416,34.129089,33.488213,32.952621,30.288399,32.632179,32.499428,37.379265,39.571983,35.703819,33.520256,32.343788,32.256813,38.46418,34.47242,33.671318,33.533989,32.645912,38.615242,3538889.7,31.876862,29.867249,29.432365,28.82811,29.185165,29.354546,31.492332,30.292976,29.784851,28.233002,29.697868,29.221786,35.058365,38.056763,36.134125,31.803619,30.82399,30.187683,35.168228,32.09201,30.480659,31.451134,30.512703,35.163651,3538889.7,-0.0045776367,-0.0045776367,-0.0045776367,-0.0045776367,-0.0045776367,-0.0045776367,-0.0045776367,-0.0045776367,-0.0045776367,-0.0045776367,-0.0045776367,-0.0045776367,-0.0045776367,-3.8223877,-2.3208923,-0.37994385,-0.2243042,-0.50811768,-0.0045776367,-0.0045776367,-0.0045776367,-0.0045776367,-0.0045776367,-0.0045776367,3538889.7
3629649332384,9.459531,0,34.7425,33.117416,32.504005,30.856033,32.334633,33.108261,34.129089,33.488213,32.952621,30.292976,32.627602,32.49485,37.38842,39.567406,35.708397,33.520256,32.348366,32.261391,38.459602,34.467842,33.671318,33.538567,32.65049,38.61982,3538909.7,31.853973,29.867249,29.432365,28.823532,29.180588,29.368279,31.501488,30.315865,29.798584,28.210114,29.716179,29.230942,35.035477,38.052185,36.147858,31.803619,30.833145,30.169373,35.181961,32.09201,30.466927,31.451134,30.494392,35.172806,3538909.7,-0.0045776367,-0.0045776367,-0.0045776367,-0.0045776367,-0.0045776367,-0.0045776367,-0.0045776367,-0.0045776367,-0.0045776367,-0.0045776367,-0.0045776367,-0.0045776367,-0.0045776367,-4.0421143,-2.0553894,-0.068664551,-0.27923584,-0.32501221,-0.0045776367,-0.0045776367,-0.0045776367,-0.0045776367,-0.0045776367,-0.0045776367,3538909.7
3629669293600,9.4794922,0,34.747078,33.117416,32.508583,30.856033,32.330055,33.108261,34.119934,33.49279,32.952621,30.292976,32.636757,32.490273,37.38842,39.581139,35.703819,33.520256,32.352943,32.261391,38.46418,34.463264,33.671318,33.533989,32.641335,38.615242,3538929.7,31.863129,29.885559,29.446098,28.837265,29.180588,29.363701,31.469444,30.306709,29.789429,28.223846,29.688713,29.240097,35.04921,38.056763,36.138702,31.803619,30.814835,30.178528,35.181961,32.09201,30.471504,31.451134,30.503548,35.195694,3538929.7,-0.0045776367,-0.0045776367,-0.0045776367,-0.0045776367,-0.0045776367,-0.0045776367,-0.0045776367,-0.0045776367,-0.0045776367,-0.0045776367,-0.0045776367,-0.0045776367,-0.0045776367,-4.9942627,-1.5243835,0.34332275,0.032043457,-0.10528564,-0.0045776367,-0.0045776367,-0.0045776367,-0.0045776367,-0.0045776367,-0.0045776367,3538929.7
3629689307712,9.4995063,0,34.747078,33.117416,32.517738,30.860611,32.334633,33.112839,34.133667,33.49279,32.952621,30.292976,32.636757,32.499428,37.383842,39.567406,35.708397,33.515678,32.352943,32.256813,38.459602,34.467842,33.680473,33.538567,32.645912,38.61982,3538949.7,31.867706,29.880981,29.436943,28.837265,29.194321,29.368279,31.49691,30.315865,29.780273,28.233002,29.707024,29.226364,35.04921,38.04303,36.14328,31.803619,30.82399,30.183105,35.181961,32.082855,30.471504,31.437401,30.494392,35.186539,3538949.7,-0.0045776367,-0.0045776367,-0.0045776367,-0.0045776367,-0.0045776367,-0.0045776367,-0.0045776367,-0.0045776367,-0.0045776367,-0.0045776367,-0.0045776367,-0.0045776367,-0.0045776367,-5.0492249,-0.82855225,0.20599365,-0.21514893,-0.37078857,-0.0045776367,-0.0045776367,-0.0045776367,-0.0045776367,-0.0045776367,-0.0045776367,3538949.7
3629709319552,9.5195181,0,34.747078,33.117416,32.513161,30.856033,32.334633,33.112839,34.129089,33.488213,32.952621,30.288399,32.641335,32.49485,37.392998,39.581139,35.708397,33.520256,32.352943,32.256813,38.459602,34.467842,33.675896,33.543144,32.65049,38.615242,3538969.7,31.863129,29.871826,29.446098,28.82811,29.180588,29.363701,31.492332,30.320442,29.789429,28.237579,29.688713,29.226364,35.030899,38.052185,36.14328,31.794464,30.814835,30.183105,35.177383,32.082855,30.489815,31.474022,30.517281,35.186539,3538969.7,-0.0045776367,-0.0045776367,-0.0045776367,-0.0045776367,-0.0045776367,-0.0045776367,-0.0045776367,-0.0045776367,-0.0045776367,-0.0045776367,-0.0045776367,-0.0045776367,-0.0045776367,-5.3605042,-0.41656494,0.30670166,-0.25177002,-0.29754639,-0.0045776367,-0.0045776367,-0.0045776367,-0.0045776367,-0.0045776367,-0.0045776367,3538969.7
3629729289248,9.5394878,0,34.737923,33.117416,32.508583,30.860611,32.334633,33.112839,34.124512,33.488213,32.952621,30.292976,32.636757,32.49485,37.383842,39.571983,35.703819,33.520256,32.348366,32.256813,38.459602,34.467842,33.671318,33.538567,32.641335,38.61982,3538989.7,31.872284,29.858093,29.441521,28.841843,29.17601,29.368279,31.501488,30.315865,29.794006,28.228424,29.711601,29.208054,35.044632,38.056763,36.14328,31.808197,30.82399,30.183105,35.191116,32.09201,30.476082,31.464867,30.526436,35.181961,3538989.7,-0.0045776367,-0.0045776367,-0.0045776367,-0.0045776367,-0.0045776367,-0.0045776367,-0.0045776367,-0.0045776367,-0.0045776367,-0.0045776367,-0.0045776367,-0.0045776367,-0.0045776367,-5.3696594,-0.032043457,0.64544678,-0.0045776367,-0.16937256,-0.0045776367,-0.0045776367,-0.0045776367,-0.0045776367,-0.0045776367,-0.0045776367,3538989.7
3629749603648,9.5598022,0,34.737923,33.117416,32.508583,30.846878,32.334633,33.112839,34.119934,33.483635,32.948044,30.292976,32.636757,32.499428,37.383842,39.571983,35.712975,33.520256,32.352943,32.261391,38.455025,34.467842,33.675896,33.538567,32.65049,38.61982,3539011.7,31.872284,29.871826,29.432365,28.832687,29.166855,29.363701,31.49691,30.311287,29.784851,28.228424,29.711601,29.221786,35.053787,38.056763,36.147858,31.803619,30.82399,30.178528,35.163651,32.096588,30.480659,31.460289,30.494392,35.181961,3539011.7,-0.0045776367,-0.0045776367,-0.0045776367,-0.0045776367,-0.0045776367,-0.0045776367,-0.0045776367,-0.0045776367,-0.0045776367,-0.0045776367,-0.0045776367,-0.0045776367,-0.0045776367,-4.2435303,1.0940857,0.62713623,-0.37078857,-0.23345947,-0.0045776367,-0.0045776367,-0.0045776367,-0.0045776367,-0.0045776367,-0.0045776367,3539011.7
3629769304448,9.579503,0,34.7425,33.112839,32.508583,30.851456,32.330055,33.112839,34.129089,33.488213,32.952621,30.288399,32.632179,32.499428,37.383842,39.571983,35.708397,33.520256,32.352943,32.261391,38.46418,34.467842,33.671318,33.538567,32.641335,38.61982,3539029.7,31.876862,29.862671,29.441521,28.823532,29.17601,29.34539,31.49691,30.311287,29.784851,28.233002,29.711601,29.230942,35.026321,38.04303,36.147858,31.803619,30.819412,30.17395,35.177383,32.09201,30.466927,31.451134,30.494392,35.168228,3539029.7,-0.0045776367,-0.0045776367,-0.0045776367,-0.0045776367,-0.0045776367,-0.0045776367,-0.0045776367,-0.0045776367,-0.0045776367,-0.0045776367,-0.0045776367,-0.0045776367,-0.0045776367,-4.1611328,2.0920105,0.44403076,-0.46234131,-0.52642822,-0.0045776367,-0.0045776367,-0.0045776367,-0.0045776367,-0.0045776367,-0.0045776367,3539029.7
3629789287904,9.5994865,0,34.7425,33.117416,32.513161,30.856033,32.334633,33.108261,34.129089,33.488213,32.952621,30.292976,32.632179,32.499428,37.379265,39.576561,35.703819,33.524834,32.348366,32.256813,38.46418,34.467842,33.671318,33.538567,32.645912,38.61982,3539049.7,31.881439,29.871826,29.427788,28.823532,29.185165,29.372856,31.501488,30.306709,29.784851,28.223846,29.711601,29.221786,35.06752,38.038452,36.138702,31.799042,30.82399,30.17395,35.181961,32.101166,30.471504,31.460289,30.494392,35.200272,3539049.7,-0.0045776367,-0.0045776367,-0.0045776367,-0.0045776367,-0.0045776367,-0.0045776367,-0.0045776367,-0.0045776367,-0.0045776367,-0.0045776367,-0.0045776367,-0.0045776367,-0.0045776367,-3.6759033,2.2568054,0.50811768,-0.5355835,-0.29754639,-0.0045776367,-0.0045776367,-0.0045776367,-0.0045776367,-0.0045776367,-0.0045776367,3539049.7
3629809334144,9.6195327,0,34.747078,33.112839,32.513161,30.851456,32.339211,33.112839,34.129089,33.49279,32.957199,30.292976,32.636757,32.49485,37.383842,39.581139,35.699242,33.520256,32.352943,32.256813,38.46418,34.463264,33.680473,33.538567,32.641335,38.61982,3539069.7,31.867706,29.876404,29.441521,28.841843,29.194321,29.372856,31.487755,30.311287,29.784851,28.219269,29.707024,29.221786,35.035477,38.047607,36.166168,31.803619,30.819412,30.17395,35.14534,32.09201,30.489815,31.460289,30.49897,35.195694,3539069.7,-0.0045776367,-0.0045776367,-0.0045776367,-0.0045776367,-0.0045776367,-0.0045776367,-0.0045776367,-0.0045776367,-0.0045776367,-0.0045776367,-0.0045776367,-0.0045776367,-0.0045776367,-2.2476501,1.7166443,0.76446533,-0.32501221,0.04119873,-0.0045776367,-0.0045776367,-0.0045776367,-0.0045776367,-0.0045776367,-0.0045776367,3539069.7
3629829312032,9.6395106,0,34.7425,33.117416,32.513161,30.856033,32.334633,33.108261,34.129089,33.488213,32.948044,30.292976,32.641335,32.499428,37.38842,39.576561,35.703819,33.520256,32.352943,32.256813,38.459602,34.47242,33.671318,33.533989,32.645912,38.61982,3539089.7,31.876862,29.871826,29.427788,28.82811,29.17601,29.368279,31.487755,30.306709,29.775696,28.223846,29.711601,29.230942,35.040054,38.065918,36.152435,31.826508,30.82399,30.183105,35.191116,32.087433,30.471504,31.460289,30.49897,35.168228,3539089.7,-0.0045776367,-0.0045776367,-0.0045776367,-0.0045776367,-0.0045776367,-0.0045776367,-0.0045776367,-0.0045776367,-0.0045776367,-0.0045776367,-0.0045776367,-0.0045776367,-0.0045776367,-0.12359619,1.2863464,-0.068664551,-0.23345947,0.096130371,-0.0045776367,-0.0045776367,-0.0045776367,-0.0045776367,-0.0045776367,-0.0045776367,3539089.7
3629849279232,9.6594778,0,34.7425,33.117416,32.504005,30.851456,32.339211,33.108261,34.133667,33.49279,32.957199,30.297554,32.641335,32.499428,37.38842,39.581139,35.703819,33.520256,32.348366,32.256813,38.455025,34.467842,33.675896,33.533989,32.65049,38.61982,3539109.7,31.886017,29.862671,29.427788,28.841843,29.189743,29.354546,31.492332,30.311287,29.812317,28.214691,29.716179,29.230942,35.04921,38.056763,36.14328,31.82193,30.810257,30.17395,35.172806,32.087433,30.494392,31.455711,30.494392,35.195694,3539109.7,-0.0045776367,-0.0045776367,-0.0045776367,-0.0045776367,-0.0045776367,-0.0045776367,-0.0045776367,-0.0045776367,-0.0045776367,-0.0045776367,-0.0045776367,-0.0045776367,-0.0045776367,-0.77362061,1.1398621,0.39825439,0.077819824,0.28839111,-0.0045776367,-0.0045776367,-0.0045776367,-0.0045776367,-0.0045776367,-0.0045776367,3539109.7
3629869843072,9.6800417,0,34.747078,33.121994,32.508583,30.865189,32.334633,33.108261,34.129089,33.49279,32.952621,30.288399,32.627602,32.49485,37.383842,39.581139,35.712975,33.524834,32.348366,32.256813,38.468758,34.467842,33.680473,33.538567,32.645912,38.61982,3539129.7,31.886017,29.876404,29.459831,28.841843,29.185165,29.363701,31.501488,30.329597,29.784851,28.223846,29.725334,29.230942,35.044632,38.056763,36.161591,31.817352,30.828568,30.164795,35.181961,32.078278,30.471504,31.464867,30.512703,35.172806,3539129.7,-0.0045776367,-0.0045776367,-0.0045776367,-0.0045776367,-0.0045776367,-0.0045776367,-0.0045776367,-0.0045776367,-0.0045776367,-0.0045776367,-0.0045776367,-0.0045776367,-0.0045776367,-0.46234131,-0.096130371,0.31585693,-0.2243042,0.096130371,-0.0045776367,-0.0045776367,-0.0045776367,-0.0045776367,-0.0045776367,-0.0045776367,3539129.7
3629889298624,9.6994972,0,34.7425,33.112839,32.522316,30.860611,32.330055,33.112839,34.119934,33.49279,32.948044,30.292976,32.636757,32.499428,37.38842,39.571983,35.703819,33.520256,32.348366,32.265968,38.459602,34.463264,33.671318,33.538567,32.645912,38.624397,3539149.7,31.881439,29.871826,29.432365,28.841843,29.180588,29.359123,31.4786,30.315865,29.784851,28.223846,29.711601,29.221786,35.04921,38.033875,36.161591,31.808197,30.810257,30.183105,35.181961,32.096588,30.476082,31.460289,30.489815,35.191116,3539149.7,-0.0045776367,-0.0045776367,-0.0045776367,-0.0045776367,-0.0045776367,-0.0045776367,-0.0045776367,-0.0045776367,-0.0045776367,-0.0045776367,-0.0045776367,-0.0045776367,-0.0045776367,-0.32501221,-0.93841553,0.022888184,-0.18768311,0.077819824,-0.0045776367,-0.0045776367,-0.0045776367,-0.0045776367,-0.0045776367,-0.0045776367,3539149.7
3629909506496,9.7197051,0,34.747078,33.117416,32.513161,30.860611,32.330055,33.112839,34.129089,33.488213,32.957199,30.292976,32.632179,32.49485,37.38842,39.576561,35.708397,33.515678,32.348366,32.256813,38.459602,34.47242,33.680473,33.538567,32.641335,38.615242,3539169.7,31.886017,29.867249,29.441521,28.82811,29.171432,29.363701,31.492332,30.320442,29.794006,28.223846,29.707024,29.240097,35.044632,38.06134,36.14328,31.803619,30.810257,30.17395,35.172806,32.09201,30.457771,31.451134,30.503548,35.177383,3539169.7,-0.0045776367,-0.0045776367,-0.0045776367,-0.0045776367,-0.0045776367,-0.0045776367,-0.0045776367,-0.0045776367,-0.0045776367,-0.0045776367,-0.0045776367,-0.0045776367,-0.0045776367,1.0940857,-2.1286316,-0.33416748,0.0045776367,0.15106201,-0.0045776367,-0.0045776367,-0.0045776367,-0.0045776367,-0.0045776367,-0.0045776367,3539169.7
3629929291744,9.7394903,0,34.7425,33.121994,32.508583,30.856033,32.334633,33.112839,34.124512,33.488213,32.948044,30.297554,32.636757,32.49485,37.392998,39.576561,35.708397,33.520256,32.352943,32.261391,38.46418,34.463264,33.675896,33.543144,32.645912,38.61982,3539189.7,31.876862,29.876404,29.432365,28.841843,29.166855,29.359123,31.501488,30.297554,29.784851,28.219269,29.707024,29.221786,35.04921,38.065918,36.152435,31.826508,30.814835,30.183105,35.172806,32.087433,30.466927,31.469444,30.494392,35.195694,3539189.7,-0.0045776367,-0.0045776367,-0.0045776367,-0.0045776367,-0.0045776367,-0.0045776367,-0.0045776367,-0.0045776367,-0.0045776367,-0.0045776367,-0.0045776367,-0.0045776367,-0.0045776367,0.41656494,-2.4490662,-0.096130371,0.4989624,0.11444092,-0.0045776367,-0.0045776367,-0.0045776367,-0.0045776367,-0.0045776367,-0.0045776367,3539189.7
3629949565952,9.7597645,0,34.747078,33.117416,32.517738,30.856033,32.339211,33.112839,34.124512,33.483635,32.952621,30.292976,32.632179,32.499428,37.38842,39.585716,35.699242,33.524834,32.348366,32.261391,38.459602,34.463264,33.675896,33.538567,32.645912,38.615242,3539209.7,31.872284,29.871826,29.427788,28.832687,29.180588,29.372856,31.49691,30.320442,29.794006,28.233002,29.707024,29.221786,35.035477,38.06134,36.152435,31.831085,30.819412,30.178528,35.195694,32.0737,30.480659,31.455711,30.508125,35.172806,3539209.7,-0.0045776367,-0.0045776367,-0.0045776367,-0.0045776367,-0.0045776367,-0.0045776367,-0.0045776367,-0.0045776367,-0.0045776367,-0.0045776367,-0.0045776367,-0.0045776367,-0.0045776367,0.38909912,-2.9159851,-0.18768311,0.6729126,0.16021729,-0.0045776367,-0.0045776367,-0.0045776367,-0.0045776367,-0.0045776367,-0.0045776367,3539209.7
3629969334240,9.7795328,0,34.751663,33.121994,32.513161,30.856033,32.334633,33.112839,34.124512,33.49279,32.957199,30.297554,32.641335,32.504005,37.38842,39.576561,35.703819,33.520256,32.348366,32.265968,38.468758,34.467842,33.675896,33.533989,32.65049,38.61982,3539229.7,31.881439,29.848938,29.441521,28.837265,29.171432,29.354546,31.49691,30.320442,29.794006,28.210114,29.693291,29.221786,35.053787,38.047607,36.157013,31.803619,30.819412,30.169373,35.177383,32.09201,30.457771,31.455711,30.494392,35.172806,3539229.7,-0.0045776367,-0.0045776367,-0.0045776367,-0.0045776367,-0.0045776367,-0.0045776367,-0.0045776367,-0.0045776367,-0.0045776367,-0.0045776367,-0.0045776367,-0.0045776367,-0.0045776367,-0.059509277,-3.0808105,0.13275146,0.81939697,-0.16021729,-0.0045776367,-0.0045776367,-0.0045776367,-0.0045776367,-0.0045776367,-0.0045776367,3539229.7
3629989330848,9.7995294,0,34.733345,33.117416,32.508583,30.860611,32.339211,33.112839,34.129089,33.49279,32.952621,30.297554,32.632179,32.49485,37.38842,39.585716,35.708397,33.520256,32.352943,32.261391,38.455025,34.47242,33.675896,33.529411,32.645912,38.61982,3539249.7,31.867706,29.867249,29.42321,28.841843,29.185165,29.372856,31.483177,30.306709,29.775696,28.228424,29.702446,29.230942,35.040054,38.056763,36.157013,31.82193,30.833145,30.160217,35.177383,32.082855,30.485237,31.437401,30.489815,35.191116,3539249.7,-0.0045776367,-0.0045776367,-0.0045776367,-0.0045776367,-0.0045776367,-0.0045776367,-0.0045776367,-0.0045776367,-0.0045776367,-0.0045776367,-0.0045776367,-0.0045776367,-0.0045776367,-1.4328308,-2.8152771,-0.022888184,0.48065186,0.0045776367,-0.0045776367,-0.0045776367,-0.0045776367,-0.0045776367,-0.0045776367,-0.0045776367,3539249.7
3630009242048,9.8194406,0,34.747078,33.117416,32.508583,30.856033,32.330055,33.112839,34.124512,33.49279,32.957199,30.292976,32.645912,32.499428,37.38842,39.581139,35.708397,33.515678,32.352943,32.261391,38.459602,34.47242,33.675896,33.538567,32.641335,38.624397,3539269.7,31.863129,29.867249,29.446098,28.84642,29.17601,29.363701,31.49691,30.315865,29.794006,28.223846,29.702446,29.240097,35.044632,38.04303,36.152435,31.831085,30.814835,30.178528,35.168228,32.087433,30.480659,31.451134,30.480659,35.191116,3539269.7,-0.0045776367,-0.0045776367,-0.0045776367,-0.0045776367,-0.0045776367,-0.0045776367,-0.0045776367,-0.0045776367,-0.0045776367,-0.0045776367,-0.0045776367,-0.0045776367,-0.0045776367,-1.5243835,-2.4582214,0.34332275,-0.34332275,0.10528564,-0.0045776367,-0.0045776367,-0.0045776367,-0.0045776367,-0.0045776367,-0.0045776367,3539269.7
3630029283168,9.8394818,0,34.747078,33.117416,32.508583,30.856033,32.334633,33.112839,34.129089,33.483635,32.952621,30.297554,32.636757,32.49485,37.383842,39.581139,35.717552,33.520256,32.352943,32.261391,38.459602,34.467842,33.685051,33.538567,32.645912,38.615242,3539289.7,31.872284,29.862671,29.432365,28.841843,29.185165,29.354546,31.49691,30.306709,29.784851,28.228424,29.702446,29.212631,35.072098,38.04303,36.161591,31.817352,30.814835,30.169373,35.159073,32.09201,30.476082,31.441978,30.508125,35.181961,3539289.7,-0.0045776367,-0.0045776367,-0.0045776367,-0.0045776367,-0.0045776367,-0.0045776367,-0.0045776367,-0.0045776367,-0.0045776367,-0.0045776367,-0.0045776367,-0.0045776367,-0.0045776367,-1.8265076,-2.4856873,0.55389404,0.90179443,0.23345947,-0.0045776367,-0.0045776367,-0.0045776367,-0.0045776367,-0.0045776367,-0.0045776367,3539289.7
3630049243680,9.8594423,0,34.751663,33.112839,32.508583,30.860611,32.339211,33.112839,34.129089,33.49279,32.957199,30.292976,32.636757,32.49485,37.38842,39.590294,35.708397,33.520256,32.348366,32.256813,38.46418,34.467842,33.685051,33.533989,32.641335,38.615242,3539309.7,31.863129,29.871826,29.436943,28.837265,29.17601,29.377434,31.487755,30.315865,29.798584,28.228424,29.702446,29.208054,35.030899,38.06134,36.152435,31.812775,30.810257,30.160217,35.186539,32.078278,30.471504,31.451134,30.49897,35.177383,3539309.7,-0.0045776367,-0.0045776367,-0.0045776367,-0.0045776367,-0.0045776367,-0.0045776367,-0.0045776367,-0.0045776367,-0.0045776367,-0.0045776367,-0.0045776367,-0.0045776367,-0.0045776367,-2.7603455,-1.6159363,-0.0045776367,0.78277588,0.39825439,-0.0045776367,-0.0045776367,-0.0045776367,-0.0045776367,-0.0045776367,-0.0045776367,3539309.7
3630069344192,9.8795428,0,34.7425,33.117416,32.513161,30.856033,32.334633,33.112839,34.124512,33.49279,32.957199,30.288399,32.641335,32.49485,37.392998,39.581139,35.699242,33.524834,32.348366,32.265968,38.459602,34.47242,33.675896,33.538567,32.641335,38.61982,3539329.7,31.872284,29.876404,29.42321,28.841843,29.17601,29.340813,31.483177,30.311287,29.803162,28.233002,29.697868,29.221786,35.053787,38.047607,36.166168,31.817352,30.828568,30.178528,35.186539,32.069122,30.485237,31.460289,30.494392,35.181961,3539329.7,-0.0045776367,-0.0045776367,-0.0045776367,-0.0045776367,-0.0045776367,-0.0045776367,-0.0045776367,-0.0045776367,-0.0045776367,-0.0045776367,-0.0045776367,-0.0045776367,-0.0045776367,-2.8885193,-1.203949,-0.032043457,0.70037842,0.37078857,-0.0045776367,-0.0045776367,-0.0045776367,-0.0045776367,-0.0045776367,-0.0045776367,3539329.7
3630089295712,9.8994943,0,34.7425,33.117416,32.513161,30.869766,32.330055,33.108261,34.138245,33.49279,32.952621,30.292976,32.636757,32.499428,37.38842,39.585716,35.699242,33.524834,32.348366,32.261391,38.459602,34.467842,33.675896,33.538567,32.641335,38.61982,3539349.7,31.886017,29.862671,29.427788,28.841843,29.171432,29.368279,31.49691,30.302132,29.789429,28.228424,29.707024,29.230942,35.04921,38.038452,36.166168,31.803619,30.82399,30.187683,35.181961,32.082855,30.462349,31.460289,30.521858,35.177383,3539349.7,-0.0045776367,-0.0045776367,-0.0045776367,-0.0045776367,-0.0045776367,-0.0045776367,-0.0045776367,-0.0045776367,-0.0045776367,-0.0045776367,-0.0045776367,-0.0045776367,-0.0045776367,-3.6118164,-1.0391541,-0.32501221,0.59051514,0.050354004,-0.0045776367,-0.0045776367,-0.0045776367,-0.0045776367,-0.0045776367,-0.0045776367,3539349.7
3630109284768,9.9194834,0,34.7425,33.121994,32.517738,30.851456,32.334633,33.117416,34.129089,33.488213,32.952621,30.297554,32.632179,32.49485,37.392998,39.585716,35.708397,33.520256,32.348366,32.265968,38.459602,34.47242,33.685051,33.538567,32.645912,38.61982,3539369.7,31.876862,29.862671,29.441521,28.82811,29.180588,29.368279,31.492332,30.320442,29.780273,28.223846,29.707024,29.235519,35.035477,38.033875,36.147858,31.826508,30.819412,30.169373,35.186539,32.078278,30.471504,31.437401,30.508125,35.181961,3539369.7,-0.0045776367,-0.0045776367,-0.0045776367,-0.0045776367,-0.0045776367,-0.0045776367,-0.0045776367,-0.0045776367,-0.0045776367,-0.0045776367,-0.0045776367,-0.0045776367,-0.0045776367,-3.9963379,-0.66375732,-0.66375732,0.95672607,0.3616333,-0.0045776367,-0.0045776367,-0.0045776367,-0.0045776367,-0.0045776367,-0.0045776367,3539369.7
3630129272160,9.9394708,0,34.7425,33.117416,32.513161,30.860611,32.343788,33.108261,34.129089,33.497368,32.952621,30.292976,32.641335,32.49485,37.383842,39.581139,35.703819,33.515678,32.348366,32.256813,38.459602,34.47242,33.675896,33.543144,32.65049,38.624397,3539389.7,31.876862,29.876404,29.432365,28.841843,29.185165,29.359123,31.487755,30.311287,29.780273,28.228424,29.716179,29.221786,35.06752,38.047607,36.152435,31.831085,30.814835,30.183105,35.195694,32.096588,30.453194,31.455711,30.494392,35.181961,3539389.7,-0.0045776367,-0.0045776367,-0.0045776367,-0.0045776367,-0.0045776367,-0.0045776367,-0.0045776367,-0.0045776367,-0.0045776367,-0.0045776367,-0.0045776367,-0.0045776367,-0.0045776367,-4.2709961,-0.6729126,-0.64544678,0.47149658,1.3504333,-0.0045776367,-0.0045776367,-0.0045776367,-0.0045776367,-0.0045776367,-0.0045776367,3539389.7
3630149521088,9.9597197,0,34.747078,33.112839,32.513161,30.856033,32.330055,33.117416,34.124512,33.49279,32.948044,30.292976,32.641335,32.499428,37.383842,39.585716,35.699242,33.520256,32.352943,32.261391,38.473335,34.467842,33.685051,33.543144,32.641335,38.61982,3539409.7,31.876862,29.871826,29.446098,28.837265,29.185165,29.363701,31.501488,30.306709,29.794006,28.223846,29.711601,29.208054,35.040054,38.029297,36.138702,31.82193,30.833145,30.17395,35.195694,32.087433,30.471504,31.460289,30.49897,35.191116,3539409.7,-0.0045776367,-0.0045776367,-0.0045776367,-0.0045776367,-0.0045776367,-0.0045776367,-0.0045776367,-0.0045776367,-0.0045776367,-0.0045776367,-0.0045776367,-0.0045776367,-0.0045776367,-4.3442383,-0.56304932,-1.2680359,0.65460205,0.32501221,-0.0045776367,-0.0045776367,-0.0045776367,-0.0045776367,-0.0045776367,-0.0045776367,3539409.7
3630169280416,9.979479,0,34.7425,33.117416,32.513161,30.856033,32.334633,33.112839,34.124512,33.49279,32.952621,30.297554,32.636757,32.499428,37.38842,39.585716,35.708397,33.520256,32.348366,32.261391,38.459602,34.467842,33.680473,33.543144,32.641335,38.61982,3539429.7,31.881439,29.858093,29.418633,28.841843,29.17601,29.354546,31.4786,30.311287,29.780273,28.219269,29.707024,29.235519,35.04921,38.056763,36.152435,31.812775,30.837723,30.17395,35.200272,32.082855,30.471504,31.455711,30.517281,35.168228,3539429.7,-0.0045776367,-0.0045776367,-0.0045776367,-0.0045776367,-0.0045776367,-0.0045776367,-0.0045776367,-0.0045776367,-0.0045776367,-0.0045776367,-0.0045776367,-0.0045776367,-0.0045776367,-4.335083,-0.74615479,-1.7441101,0.39825439,0.059509277,-0.0045776367,-0.0045776367,-0.0045776367,-0.0045776367,-0.0045776367,-0.0045776367,3539429.7
3630189283808,9.9994824,0,34.737923,33.117416,32.508583,30.856033,32.330055,33.112839,34.124512,33.49279,32.952621,30.297554,32.636757,32.49485,37.38842,39.585716,35.712975,33.520256,32.348366,32.261391,38.468758,34.467842,33.675896,33.543144,32.65049,38.61982,3539449.7,31.876862,29.867249,29.427788,28.823532,29.17601,29.368279,31.492332,30.32502,29.789429,28.219269,29.697868,29.221786,35.058365,38.052185,36.161591,31.817352,30.837723,30.169373,35.186539,32.09201,30.476082,31.451134,30.49897,35.172806,3539449.7,-0.0045776367,-0.0045776367,-0.0045776367,-0.0045776367,-0.0045776367,-0.0045776367,-0.0045776367,-0.0045776367,-0.0045776367,-0.0045776367,-0.0045776367,-0.0045776367,-0.0045776367,-4.4998779,-1.405365,-0.92010498,-0.04119873,-0.19683838,-0.0045776367,-0.0045776367,-0.0045776367,-0.0045776367,-0.0045776367,-0.0045776367,3539449.7
3630209294688,10.019493,0,34.751663,33.112839,32.508583,30.856033,32.334633,33.117416,34.129089,33.488213,32.952621,30.292976,32.641335,32.49485,37.392998,39.581139,35.708397,33.520256,32.352943,32.261391,38.468758,34.467842,33.675896,33.543144,32.645912,38.615242,3539469.7,31.881439,29.880981,29.450676,28.837265,29.17601,29.354546,31.487755,30.315865,29.789429,28.228424,29.702446,29.221786,35.04921,38.047607,36.152435,31.826508,30.8423,30.192261,35.177383,32.096588,30.471504,31.451134,30.512703,35.177383,3539469.7,-0.0045776367,-0.0045776367,-0.0045776367,-0.0045776367,-0.0045776367,-0.0045776367,-0.0045776367,-0.0045776367,-0.0045776367,-0.0045776367,-0.0045776367,-0.0045776367,-0.0045776367,-4.6829834,-1.8265076,-1.002533,0.050354004,0.10528564,-0.0045776367,-0.0045776367,-0.0045776367,-0.0045776367,-0.0045776367,-0.0045776367,3539469.7
3630229316096,10.039515,0,34.747078,33.117416,32.513161,30.860611,32.343788,33.112839,34.124512,33.49279,32.957199,30.292976,32.636757,32.504005,37.383842,39.590294,35.712975,33.520256,32.348366,32.256813,38.459602,34.47242,33.685051,33.538567,32.645912,38.61982,3539489.7,31.881439,29.871826,29.446098,28.832687,29.171432,29.349968,31.501488,30.306709,29.784851,28.223846,29.688713,29.226364,35.04921,38.04303,36.14328,31.817352,30.828568,30.187683,35.191116,32.09201,30.480659,31.460289,30.508125,35.186539,3539489.7,-0.0045776367,-0.0045776367,-0.0045776367,-0.0045776367,-0.0045776367,-0.0045776367,-0.0045776367,-0.0045776367,-0.0045776367,-0.0045776367,-0.0045776367,-0.0045776367,-0.0045776367,-4.1519775,-2.3300476,-1.1673279,-0.12359619,0.24261475,-0.0045776367,-0.0045776367,-0.0045776367,-0.0045776367,-0.0045776367,-0.0045776367,3539489.7
3630249260224,10.059459,0,34.7425,33.112839,32.513161,30.856033,32.334633,33.117416,34.119934,33.488213,32.952621,30.297554,32.636757,32.499428,37.383842,39.585716,35.703819,33.511101,32.343788,32.256813,38.459602,34.47242,33.680473,33.543144,32.641335,38.615242,3539509.7,31.886017,29.867249,29.441521,28.841843,29.180588,29.363701,31.49691,30.315865,29.789429,28.228424,29.725334,29.230942,35.04921,38.052185,36.161591,31.812775,30.837723,30.178528,35.172806,32.078278,30.476082,31.451134,30.503548,35.181961,3539509.7,-0.0045776367,-0.0045776367,-0.0045776367,-0.0045776367,-0.0045776367,-0.0045776367,-0.0045776367,-0.0045776367,-0.0045776367,-0.0045776367,-0.0045776367,-0.0045776367,-0.0045776367,-5.1682434,-1.9272156,-1.0299988,-0.99334717,0.30670166,-0.0045776367,-0.0045776367,-0.0045776367,-0.0045776367,-0.0045776367,-0.0045776367,3539509.7
3630269291648,10.07949,0,34.747078,33.121994,32.508583,30.856033,32.334633,33.099106,34.129089,33.49279,32.952621,30.292976,32.636757,32.499428,37.38842,39.594872,35.708397,33.515678,32.343788,32.252235,38.459602,34.467842,33.675896,33.543144,32.641335,38.61982,3539529.7,31.872284,29.867249,29.436943,28.832687,29.180588,29.354546,31.49691,30.320442,29.789429,28.228424,29.716179,29.230942,35.053787,38.052185,36.161591,31.82193,30.814835,30.178528,35.177383,32.096588,30.480659,31.446556,30.503548,35.181961,3539529.7,-0.0045776367,-0.0045776367,-0.0045776367,-0.0045776367,-0.0045776367,-0.0045776367,-0.0045776367,-0.0045776367,-0.0045776367,-0.0045776367,-0.0045776367,-0.0045776367,-0.0045776367,-3.1265869,-1.8722839,-1.1581726,-0.61798096,0.40740967,-0.0045776367,-0.0045776367,-0.0045776367,-0.0045776367,-0.0045776367,-0.0045776367,3539529.7
3630289274080,10.099473,0,34.747078,33.117416,32.504005,30.856033,32.339211,33.108261,34.124512,33.488213,32.957199,30.292976,32.636757,32.490273,37.38842,39.590294,35.712975,33.520256,32.352943,32.261391,38.459602,34.467842,33.675896,33.533989,32.645912,38.61982,3539549.7,31.890594,29.871826,29.446098,28.82811,29.17601,29.354546,31.487755,30.311287,29.803162,28.205536,29.711601,29.235519,35.040054,38.052185,36.170746,31.812775,30.833145,30.183105,35.195694,32.101166,30.448616,31.451134,30.517281,35.177383,3539549.7,-0.0045776367,-0.0045776367,-0.0045776367,-0.0045776367,-0.0045776367,-0.0045776367,-0.0045776367,-0.0045776367,-0.0045776367,-0.0045776367,-0.0045776367,-0.0045776367,-0.0045776367,-2.6413269,-1.8722839,-1.0208435,-1.0574646,0.26092529,-0.0045776367,-0.0045776367,-0.0045776367,-0.0045776367,-0.0045776367,-0.0045776367,3539549.7
3630309258112,10.119457,0,34.7425,33.117416,32.513161,30.860611,32.334633,33.112839,34.119934,33.49279,32.952621,30.288399,32.636757,32.49485,37.38842,39.585716,35.703819,33.515678,32.352943,32.256813,38.459602,34.467842,33.675896,33.538567,32.65049,38.61982,3539569.7,31.863129,29.880981,29.42321,28.837265,29.17601,29.349968,31.487755,30.32502,29.812317,28.219269,29.725334,29.235519,35.026321,38.06134,36.152435,31.831085,30.82399,30.178528,35.177383,32.101166,30.476082,31.441978,30.494392,35.172806,3539569.7,-0.0045776367,-0.0045776367,-0.0045776367,-0.0045776367,-0.0045776367,-0.0045776367,-0.0045776367,-0.0045776367,-0.0045776367,-0.0045776367,-0.0045776367,-0.0045776367,-0.0045776367,-2.5039978,-1.8539734,-0.81939697,-1.203949,0.4989624,-0.0045776367,-0.0045776367,-0.0045776367,-0.0045776367,-0.0045776367,-0.0045776367,3539569.7
3630329242464,10.139441,0,34.747078,33.112839,32.508583,30.856033,32.334633,33.117416,34.129089,33.488213,32.952621,30.292976,32.641335,32.499428,37.38842,39.585716,35.708397,33.515678,32.343788,32.265968,38.455025,34.47242,33.675896,33.538567,32.641335,38.61982,3539589.7,31.881439,29.867249,29.42321,28.832687,29.180588,29.317924,31.501488,30.315865,29.789429,28.228424,29.702446,29.212631,35.053787,38.047607,36.147858,31.826508,30.833145,30.17395,35.159073,32.078278,30.485237,31.455711,30.49897,35.172806,3539589.7,-0.0045776367,-0.0045776367,-0.0045776367,-0.0045776367,-0.0045776367,-0.0045776367,-0.0045776367,-0.0045776367,-0.0045776367,-0.0045776367,-0.0045776367,-0.0045776367,-0.0045776367,-1.9455261,-1.6800232,-0.39825439,-2.174408,0.29754639,-0.0045776367,-0.0045776367,-0.0045776367,-0.0045776367,-0.0045776367,-0.0045776367,3539589.7
3630349478144,10.159677,0,34.7425,33.117416,32.508583,30.851456,32.334633,33.112839,34.129089,33.483635,32.952621,30.292976,32.641335,32.504005,37.392998,39.585716,35.699242,33.515678,32.343788,32.256813,38.459602,34.47242,33.675896,33.538567,32.65049,38.615242,3539609.7,31.867706,29.867249,29.436943,28.841843,29.185165,29.377434,31.492332,30.311287,29.784851,28.214691,29.693291,29.226364,35.040054,38.047607,36.157013,31.826508,30.82399,30.178528,35.163651,32.101166,30.480659,31.460289,30.503548,35.200272,3539609.7,-0.0045776367,-0.0045776367,-0.0045776367,-0.0045776367,-0.0045776367,-0.0045776367,-0.0045776367,-0.0045776367,-0.0045776367,-0.0045776367,-0.0045776367,-0.0045776367,-0.0045776367,-1.8722839,-1.6434021,-1.002533,-2.2018738,0.50811768,-0.0045776367,-0.0045776367,-0.0045776367,-0.0045776367,-0.0045776367,-0.0045776367,3539609.7
3630369252704,10.179451,0,34.747078,33.112839,32.508583,30.860611,32.325478,33.117416,34.124512,33.483635,32.957199,30.292976,32.641335,32.49485,37.392998,39.585716,35.708397,33.524834,32.343788,32.261391,38.468758,34.467842,33.675896,33.543144,32.65049,38.610664,3539629.7,31.881439,29.876404,29.42321,28.841843,29.1577,29.363701,31.487755,30.315865,29.794006,28.214691,29.711601,29.235519,35.030899,38.047607,36.134125,31.835663,30.82399,30.192261,35.209427,32.09201,30.485237,31.451134,30.517281,35.177383,3539629.7,-0.0045776367,-0.0045776367,-0.0045776367,-0.0045776367,-0.0045776367,-0.0045776367,-0.0045776367,-0.0045776367,-0.0045776367,-0.0045776367,-0.0045776367,-0.0045776367,-0.0045776367,-2.2018738,-1.6800232,-0.8102417,-2.0462341,0.48980713,-0.0045776367,-0.0045776367,-0.0045776367,-0.0045776367,-0.0045776367,-0.0045776367,3539629.7
3630389240800,10.199439,0,34.747078,33.112839,32.513161,30.856033,32.330055,33.117416,34.129089,33.49279,32.961777,30.297554,32.636757,32.499428,37.38842,39.585716,35.703819,33.515678,32.343788,32.265968,38.459602,34.47242,33.685051,33.538567,32.65049,38.624397,3539649.7,31.858551,29.890137,29.436943,28.832687,29.17601,29.354546,31.49691,30.32502,29.798584,28.228424,29.716179,29.217209,35.040054,38.047607,36.152435,31.82193,30.82399,30.187683,35.172806,32.087433,30.494392,31.455711,30.494392,35.186539,3539649.7,-0.0045776367,-0.0045776367,-0.0045776367,-0.0045776367,-0.0045776367,-0.0045776367,-0.0045776367,-0.0045776367,-0.0045776367,-0.0045776367,-0.0045776367,-0.0045776367,-0.0045776367,-1.8814392,-1.4786072,-0.83770752,-2.4399109,0.47149658,-0.0045776367,-0.0045776367,-0.0045776367,-0.0045776367,-0.0045776367,-0.0045776367,3539649.7
3630409267968,10.219467,0,34.7425,33.121994,32.508583,30.851456,32.330055,33.112839,34.129089,33.49279,32.952621,30.292976,32.636757,32.504005,37.379265,39.585716,35.703819,33.511101,32.348366,32.265968,38.46418,34.467842,33.685051,33.543144,32.65049,38.61982,3539669.7,31.872284,29.876404,29.427788,28.82811,29.17601,29.363701,31.483177,30.32502,29.775696,28.219269,29.707024,29.217209,35.053787,38.052185,36.138702,31.82193,30.837723,30.169373,35.186539,32.087433,30.485237,31.455711,30.503548,35.209427,3539669.7,-0.0045776367,-0.0045776367,-0.0045776367,-0.0045776367,-0.0045776367,-0.0045776367,-0.0045776367,-0.0045776367,-0.0045776367,-0.0045776367,-0.0045776367,-0.0045776367,-0.0045776367,-1.7349548,-1.5610046,-0.72784424,-2.0920105,0.032043457,-0.0045776367,-0.0045776367,-0.0045776367,-0.0045776367,-0.0045776367,-0.0045776367,3539669.7
3630429294592,10.239493,0,34.747078,33.117416,32.513161,30.856033,32.334633,33.117416,34.129089,33.49279,32.952621,30.288399,32.636757,32.499428,37.38842,39.590294,35.703819,33.520256,32.348366,32.265968,38.459602,34.463264,33.675896,33.538567,32.645912,38.624397,3539689.7,31.881439,29.871826,29.418633,28.841843,29.171432,29.372856,31.49691,30.32502,29.775696,28.237579,29.716179,29.217209,35.053787,38.070496,36.14328,31.826508,30.82399,30.192261,35.181961,32.101166,30.49897,31.460289,30.49897,35.181961,3539689.7,-0.0045776367,-0.0045776367,-0.0045776367,-0.0045776367,-0.0045776367,-0.0045776367,-0.0045776367,-0.0045776367,-0.0045776367,-0.0045776367,-0.0045776367,-0.0045776367,-0.0045776367,-2.8976746,-1.9913025,-1.3595886,-2.3300476,-0.096130371,-0.0045776367,-0.0045776367,-0.0045776367,-0.0045776367,-0.0045776367,-0.0045776367,3539689.7
3630449238240,10.259437,0,34.7425,33.117416,32.508583,30.856033,32.330055,33.108261,34.129089,33.49279,32.952621,30.292976,32.645912,32.504005,37.38842,39.594872,35.703819,33.515678,32.348366,32.265968,38.459602,34.467842,33.675896,33.533989,32.65049,38.624397,3539709.7,31.872284,29.862671,29.446098,28.837265,29.17601,29.363701,31.501488,30.311287,29.798584,28.214691,29.716179,29.230942,35.035477,38.047607,36.161591,31.826508,30.846878,30.187683,35.177383,32.09201,30.489815,31.469444,30.508125,35.181961,3539709.7,-0.0045776367,-0.0045776367,-0.0045776367,-0.0045776367,-0.0045776367,-0.0045776367,-0.0045776367,-0.0045776367,-0.0045776367,-0.0045776367,-0.0045776367,-0.0045776367,-0.0045776367,-1.9638367,-1.9638367,-0.71868896,-2.1286316,-0.11444092,-0.0045776367,-0.0045776367,-0.0045776367,-0.0045776367,-0.0045776367,-0.0045776367,3539709.7
3630469260704,10.279459,0,34.7425,33.121994,32.508583,30.856033,32.339211,33.108261,34.129089,33.497368,32.952621,30.292976,32.632179,32.49485,37.383842,39.594872,35.703819,33.520256,32.348366,32.261391,38.459602,34.47242,33.675896,33.533989,32.645912,38.61982,3539729.7,31.863129,29.871826,29.441521,28.837265,29.185165,29.368279,31.487755,30.302132,29.784851,28.219269,29.711601,29.235519,35.053787,38.06134,36.157013,31.82193,30.837723,30.178528,35.177383,32.105743,30.471504,31.464867,30.49897,35.195694,3539729.7,-0.0045776367,-0.0045776367,-0.0045776367,-0.0045776367,-0.0045776367,-0.0045776367,-0.0045776367,-0.0045776367,-0.0045776367,-0.0045776367,-0.0045776367,-0.0045776367,-0.0045776367,-2.778656,-1.7257996,-1.1673279,-1.0757751,-0.068664551,-0.0045776367,-0.0045776367,-0.0045776367,-0.0045776367,-0.0045776367,-0.0045776367,3539729.7
3630489241536,10.29944,0,34.747078,33.121994,32.508583,30.856033,32.339211,33.108261,34.119934,33.488213,32.948044,30.292976,32.636757,32.49485,37.383842,39.590294,35.703819,33.511101,32.348366,32.265968,38.468758,34.47242,33.675896,33.538567,32.641335,38.615242,3539749.7,31.876862,29.858093,29.441521,28.841843,29.180588,29.363701,31.49691,30.311287,29.784851,28.228424,29.720757,29.208054,35.04921,38.06134,36.161591,31.826508,30.814835,30.183105,35.172806,32.101166,30.471504,31.460289,30.49897,35.204849,3539749.7,-0.0045776367,-0.0045776367,-0.0045776367,-0.0045776367,-0.0045776367,-0.0045776367,-0.0045776367,-0.0045776367,-0.0045776367,-0.0045776367,-0.0045776367,-0.0045776367,-0.0045776367,-3.1815186,-1.908905,-1.5793152,-0.93841553,-0.21514893,-0.0045776367,-0.0045776367,-0.0045776367,-0.0045776367,-0.0045776367,-0.0045776367,3539749.7
3630509225152,10.319424,0,34.7425,33.117416,32.513161,30.860611,32.334633,33.108261,34.124512,33.49279,32.952621,30.288399,32.636757,32.49485,37.38842,39.590294,35.699242,33.511101,32.348366,32.270546,38.459602,34.467842,33.680473,33.543144,32.641335,38.615242,3539769.7,31.853973,29.876404,29.459831,28.841843,29.171432,29.368279,31.4786,30.292976,29.780273,28.210114,29.697868,29.208054,35.04921,38.06134,36.157013,31.803619,30.82399,30.17395,35.172806,32.09201,30.485237,31.460289,30.49897,35.181961,3539769.7,-0.0045776367,-0.0045776367,-0.0045776367,-0.0045776367,-0.0045776367,-0.0045776367,-0.0045776367,-0.0045776367,-0.0045776367,-0.0045776367,-0.0045776367,-0.0045776367,-0.0045776367,-2.4856873,-2.174408,-0.96588135,-0.77362061,-0.28839111,-0.0045776367,-0.0045776367,-0.0045776367,-0.0045776367,-0.0045776367,-0.0045776367,3539769.7
3630529250912,10.33945,0,34.747078,33.121994,32.513161,30.856033,32.334633,33.108261,34.129089,33.49279,32.957199,30.297554,32.636757,32.499428,37.38842,39.590294,35.708397,33.515678,32.348366,32.261391,38.459602,34.47242,33.675896,33.533989,32.645912,38.61982,3539789.7,31.863129,29.871826,29.441521,28.841843,29.17601,29.368279,31.501488,30.329597,29.775696,28.233002,29.688713,29.217209,35.062943,38.056763,36.138702,31.84024,30.846878,30.17395,35.177383,32.096588,30.489815,31.464867,30.49897,35.186539,3539789.7,-0.0045776367,-0.0045776367,-0.0045776367,-0.0045776367,-0.0045776367,-0.0045776367,-0.0045776367,-0.0045776367,-0.0045776367,-0.0045776367,-0.0045776367,-0.0045776367,-0.0045776367,-2.7878113,-2.2842712,-1.0940857,-0.32501221,-0.15106201,-0.0045776367,-0.0045776367,-0.0045776367,-0.0045776367,-0.0045776367,-0.0045776367,3539789.7
3630549492736,10.359691,0,34.7425,33.112839,32.513161,30.860611,32.339211,33.108261,34.119934,33.488213,32.957199,30.297554,32.636757,32.49485,37.383842,39.594872,35.694664,33.515678,32.343788,32.261391,38.459602,34.476997,33.675896,33.538567,32.645912,38.61982,3539809.7,31.876862,29.871826,29.418633,28.832687,29.171432,29.363701,31.492332,30.311287,29.798584,28.219269,29.697868,29.217209,35.040054,38.065918,36.14328,31.844818,30.833145,30.169373,35.186539,32.101166,30.489815,31.446556,30.49897,35.191116,3539809.7,-0.0045776367,-0.0045776367,-0.0045776367,-0.0045776367,-0.0045776367,-0.0045776367,-0.0045776367,-0.0045776367,-0.0045776367,-0.0045776367,-0.0045776367,-0.0045776367,-0.0045776367,-2.6321716,-2.4948425,-1.2680359,-0.45318604,-0.068664551,-0.0045776367,-0.0045776367,-0.0045776367,-0.0045776367,-0.0045776367,-0.0045776367,3539809.7
3630569254528,10.379453,0,34.7425,33.117416,32.513161,30.860611,32.339211,33.112839,34.133667,33.483635,32.957199,30.292976,32.641335,32.499428,37.38842,39.594872,35.703819,33.515678,32.343788,32.261391,38.459602,34.47242,33.680473,33.533989,32.645912,38.61982,3539829.7,31.863129,29.876404,29.436943,28.841843,29.17601,29.363701,31.506065,30.315865,29.789429,28.228424,29.711601,29.221786,35.026321,38.065918,36.152435,31.831085,30.82399,30.17395,35.163651,32.096588,30.471504,31.451134,30.512703,35.172806,3539829.7,-0.0045776367,-0.0045776367,-0.0045776367,-0.0045776367,-0.0045776367,-0.0045776367,-0.0045776367,-0.0045776367,-0.0045776367,-0.0045776367,-0.0045776367,-0.0045776367,-0.0045776367,-2.3483582,-2.2018738,-0.73699951,-0.27923584,-0.01373291,-0.0045776367,-0.0045776367,-0.0045776367,-0.0045776367,-0.0045776367,-0.0045776367,3539829.7
3630589275488,10.399474,0,34.7425,33.121994,32.508583,30.860611,32.334633,33.112839,34.129089,33.49279,32.952621,30.297554,32.636757,32.499428,37.383842,39.594872,35.694664,33.515678,32.334633,32.261391,38.46418,34.467842,33.685051,33.533989,32.65049,38.624397,3539849.7,31.872284,29.876404,29.432365,28.832687,29.198898,29.354546,31.487755,30.292976,29.784851,28.237579,29.716179,29.226364,35.044632,38.075073,36.138702,31.826508,30.8423,30.187683,35.168228,32.078278,30.466927,31.451134,30.49897,35.177383,3539849.7,-0.0045776367,-0.0045776367,-0.0045776367,-0.0045776367,-0.0045776367,-0.0045776367,-0.0045776367,-0.0045776367,-0.0045776367,-0.0045776367,-0.0045776367,-0.0045776367,-0.0045776367,-2.3392029,-1.8905945,-0.64544678,-0.059509277,-0.04119873,-0.0045776367,-0.0045776367,-0.0045776367,-0.0045776367,-0.0045776367,-0.0045776367,3539849.7
3630609227232,10.419426,0,34.7425,33.117416,32.513161,30.856033,32.334633,33.108261,34.129089,33.49279,32.961777,30.292976,32.636757,32.499428,37.383842,39.594872,35.708397,33.511101,32.343788,32.261391,38.46418,34.467842,33.671318,33.533989,32.655067,38.615242,3539869.7,31.890594,29.876404,29.441521,28.823532,29.17601,29.368279,31.492332,30.306709,29.803162,28.219269,29.697868,29.226364,35.026321,38.06134,36.138702,31.817352,30.814835,30.169373,35.200272,32.09201,30.466927,31.455711,30.517281,35.195694,3539869.7,-0.0045776367,-0.0045776367,-0.0045776367,-0.0045776367,-0.0045776367,-0.0045776367,-0.0045776367,-0.0045776367,-0.0045776367,-0.0045776367,-0.0045776367,-0.0045776367,-0.0045776367,-2.4216003,-1.7166443,-0.60882568,-0.10528564,-0.45318604,-0.0045776367,-0.0045776367,-0.0045776367,-0.0045776367,-0.0045776367,-0.0045776367,3539869.7
3630629259904,10.439458,0,34.747078,33.112839,32.513161,30.860611,32.334633,33.112839,34.124512,33.488213,32.952621,30.292976,32.636757,32.49485,37.38842,39.604027,35.699242,33.506523,32.343788,32.270546,38.468758,34.47242,33.680473,33.543144,32.645912,38.610664,3539889.7,31.867706,29.871826,29.441521,28.841843,29.180588,29.363701,31.474022,30.311287,29.789429,28.228424,29.697868,29.221786,35.040054,38.047607,36.14328,31.812775,30.837723,30.17395,35.177383,32.101166,30.466927,31.451134,30.517281,35.218582,3539889.7,-0.0045776367,-0.0045776367,-0.0045776367,-0.0045776367,-0.0045776367,-0.0045776367,-0.0045776367,-0.0045776367,-0.0045776367,-0.0045776367,-0.0045776367,-0.0045776367,-0.0045776367,-2.476532,-1.6617126,-0.60882568,-0.14190674,-0.21514893,-0.0045776367,-0.0045776367,-0.0045776367,-0.0045776367,-0.0045776367,-0.0045776367,3539889.7
3630649232128,10.459431,0,34.7425,33.121994,32.508583,30.856033,32.334633,33.112839,34.124512,33.49279,32.957199,30.297554,32.632179,32.499428,37.383842,39.594872,35.694664,33.515678,32.343788,32.265968,38.459602,34.47242,33.675896,33.538567,32.641335,38.61982,3539909.7,31.872284,29.876404,29.42321,28.841843,29.166855,29.368279,31.483177,30.315865,29.780273,28.223846,29.688713,29.217209,35.044632,38.075073,36.134125,31.812775,30.82399,30.183105,35.204849,32.096588,30.480659,31.460289,30.517281,35.191116,3539909.7,-0.0045776367,-0.0045776367,-0.0045776367,-0.0045776367,-0.0045776367,-0.0045776367,-0.0045776367,-0.0045776367,-0.0045776367,-0.0045776367,-0.0045776367,-0.0045776367,-0.0045776367,-2.2476501,-1.0574646,-0.27008057,0.12359619,-0.40740967,-0.0045776367,-0.0045776367,-0.0045776367,-0.0045776367,-0.0045776367,-0.0045776367,3539909.7
3630669228544,10.479427,0,34.747078,33.117416,32.508583,30.851456,32.339211,33.108261,34.119934,33.488213,32.961777,30.292976,32.636757,32.499428,37.392998,39.599449,35.699242,33.515678,32.343788,32.265968,38.468758,34.467842,33.680473,33.538567,32.65049,38.61982,3539929.7,31.890594,29.871826,29.42321,28.832687,29.17601,29.368279,31.492332,30.311287,29.794006,28.223846,29.707024,29.226364,35.044632,38.04303,36.134125,31.826508,30.814835,30.178528,35.172806,32.096588,30.512703,31.451134,30.503548,35.200272,3539929.7,-0.0045776367,-0.0045776367,-0.0045776367,-0.0045776367,-0.0045776367,-0.0045776367,-0.0045776367,-0.0045776367,-0.0045776367,-0.0045776367,-0.0045776367,-0.0045776367,-0.0045776367,-2.275116,-0.99334717,-0.086975098,0.022888184,-0.022888184,-0.0045776367,-0.0045776367,-0.0045776367,-0.0045776367,-0.0045776367,-0.0045776367,3539929.7
3630689336256,10.499535,0,34.751663,33.117416,32.504005,30.865189,32.334633,33.112839,34.124512,33.49279,32.952621,30.292976,32.636757,32.504005,37.392998,39.599449,35.708397,33.511101,32.339211,32.261391,38.459602,34.47242,33.680473,33.533989,32.65049,38.624397,3539949.7,31.867706,29.876404,29.436943,28.837265,29.166855,29.372856,31.506065,30.315865,29.794006,28.233002,29.697868,29.230942,35.053787,38.052185,36.152435,31.803619,30.82399,30.183105,35.172806,32.09201,30.462349,31.441978,30.512703,35.181961,3539949.7,-0.0045776367,-0.0045776367,-0.0045776367,-0.0045776367,-0.0045776367,-0.0045776367,-0.0045776367,-0.0045776367,-0.0045776367,-0.0045776367,-0.0045776367,-0.0045776367,-0.0045776367,-2.3483582,-0.68206787,-0.48980713,0.12359619,-0.022888184,-0.0045776367,-0.0045776367,-0.0045776367,-0.0045776367,-0.0045776367,-0.0045776367,3539949.7
3630709242144,10.519441,0,34.747078,33.121994,32.508583,30.860611,32.334633,33.117416,34.133667,33.49279,32.948044,30.292976,32.641335,32.504005,37.38842,39.604027,35.699242,33.520256,32.339211,32.265968,38.455025,34.476997,33.680473,33.538567,32.65049,38.615242,3539969.7,31.872284,29.885559,29.427788,28.841843,29.17601,29.349968,31.487755,30.315865,29.789429,28.228424,29.707024,29.226364,35.04921,38.06134,36.134125,31.817352,30.82399,30.178528,35.181961,32.096588,30.480659,31.441978,30.494392,35.177383,3539969.7,-0.0045776367,-0.0045776367,-0.0045776367,-0.0045776367,-0.0045776367,-0.0045776367,-0.0045776367,-0.0045776367,-0.0045776367,-0.0045776367,-0.0045776367,-0.0045776367,-0.0045776367,-2.8335876,-0.032043457,0.086975098,-0.15106201,-0.28839111,-0.0045776367,-0.0045776367,-0.0045776367,-0.0045776367,-0.0045776367,-0.0045776367,3539969.7
3630729262432,10.539461,0,34.747078,33.117416,32.508583,30.856033,32.339211,33.121994,34.129089,33.49279,32.948044,30.297554,32.636757,32.499428,37.383842,39.604027,35.703819,33.515678,32.343788,32.256813,38.46418,34.463264,33.680473,33.538567,32.65049,38.624397,3539989.7,31.872284,29.871826,29.441521,28.850998,29.17601,29.372856,31.506065,30.306709,29.784851,28.223846,29.725334,29.217209,35.044632,38.047607,36.129547,31.831085,30.8423,30.178528,35.177383,32.105743,30.485237,31.446556,30.503548,35.186539,3539989.7,-0.0045776367,-0.0045776367,-0.0045776367,-0.0045776367,-0.0045776367,-0.0045776367,-0.0045776367,-0.0045776367,-0.0045776367,-0.0045776367,-0.0045776367,-0.0045776367,-0.0045776367,-2.9617615,-0.25177002,-0.51727295,0.050354004,-0.10528564,-0.0045776367,-0.0045776367,-0.0045776367,-0.0045776367,-0.0045776367,-0.0045776367,3539989.7
3630749380096,10.559579,0,34.747078,33.117416,32.504005,30.860611,32.334633,33.112839,34.129089,33.49279,32.952621,30.292976,32.636757,32.49485,37.38842,39.599449,35.699242,33.511101,32.343788,32.265968,38.46418,34.47242,33.675896,33.538567,32.65049,38.624397,3540009.7,31.867706,29.858093,29.436943,28.832687,29.185165,29.363701,31.49691,30.315865,29.780273,28.233002,29.711601,29.235519,35.035477,38.052185,36.134125,31.826508,30.82399,30.169373,35.163651,32.082855,30.476082,31.441978,30.521858,35.200272,3540009.7,-0.0045776367,-0.0045776367,-0.0045776367,-0.0045776367,-0.0045776367,-0.0045776367,-0.0045776367,-0.0045776367,-0.0045776367,-0.0045776367,-0.0045776367,-0.0045776367,-0.0045776367,-2.6596375,0.79193115,-0.46234131,-0.65460205,-0.27008057,-0.0045776367,-0.0045776367,-0.0045776367,-0.0045776367,-0.0045776367,-0.0045776367,3540009.7
3630769260928,10.57946,0,34.747078,33.117416,32.513161,30.856033,32.330055,33.112839,34.119934,33.488213,32.948044,30.283821,32.627602,32.499428,37.383842,39.608604,35.703819,33.511101,32.343788,32.261391,38.46418,34.47242,33.675896,33.538567,32.641335,38.615242,3540029.7,31.872284,29.871826,29.446098,28.841843,29.162277,29.349968,31.487755,30.320442,29.780273,28.210114,29.702446,29.226364,35.04921,38.06134,36.138702,31.803619,30.814835,30.17395,35.168228,32.087433,30.457771,31.451134,30.521858,35.181961,3540029.7,-0.0045776367,-0.0045776367,-0.0045776367,-0.0045776367,-0.0045776367,-0.0045776367,-0.0045776367,-0.0045776367,-0.0045776367,-0.0045776367,-0.0045776367,-0.0045776367,-0.0045776367,-2.6962585,0.97503662,-0.28839111,-0.17852783,-0.096130371,-0.0045776367,-0.0045776367,-0.0045776367,-0.0045776367,-0.0045776367,-0.0045776367,3540029.7
3630789236000,10.599435,0,34.751663,33.117416,32.513161,30.856033,32.334633,33.112839,34.133667,33.49279,32.948044,30.292976,32.632179,32.499428,37.38842,39.594872,35.699242,33.511101,32.339211,32.261391,38.459602,34.47242,33.680473,33.538567,32.645912,38.61982,3540049.7,31.858551,29.876404,29.432365,28.82811,29.189743,29.34539,31.501488,30.32502,29.784851,28.228424,29.711601,29.226364,35.030899,38.056763,36.115814,31.82193,30.833145,30.178528,35.181961,32.087433,30.466927,31.460289,30.503548,35.200272,3540049.7,-0.0045776367,-0.0045776367,-0.0045776367,-0.0045776367,-0.0045776367,-0.0045776367,-0.0045776367,-0.0045776367,-0.0045776367,-0.0045776367,-0.0045776367,-0.0045776367,-0.0045776367,-2.7420349,0.8102417,-0.48980713,-0.16937256,-0.35247803,-0.0045776367,-0.0045776367,-0.0045776367,-0.0045776367,-0.0045776367,-0.0045776367,3540049.7
3630809235936,10.619435,0,34.7425,33.117416,32.508583,30.856033,32.339211,33.117416,34.129089,33.488213,32.952621,30.297554,32.636757,32.499428,37.38842,39.604027,35.703819,33.520256,32.339211,32.261391,38.459602,34.47242,33.685051,33.538567,32.645912,38.624397,3540069.7,31.867706,29.876404,29.427788,28.841843,29.180588,29.372856,31.49691,30.311287,29.794006,28.223846,29.725334,29.240097,35.040054,38.047607,36.138702,31.803619,30.828568,30.178528,35.163651,32.087433,30.489815,31.464867,30.503548,35.181961,3540069.7,-0.0045776367,-0.0045776367,-0.0045776367,-0.0045776367,-0.0045776367,-0.0045776367,-0.0045776367,-0.0045776367,-0.0045776367,-0.0045776367,-0.0045776367,-0.0045776367,-0.0045776367,-3.0167236,0.72784424,-0.31585693,0.31585693,-0.32501221,-0.0045776367,-0.0045776367,-0.0045776367,-0.0045776367,-0.0045776367,-0.0045776367,3540069.7
3630829297856,10.639496,0,34.751663,33.117416,32.508583,30.860611,32.339211,33.112839,34.124512,33.497368,32.952621,30.288399,32.636757,32.49485,37.383842,39.608604,35.699242,33.520256,32.339211,32.265968,38.459602,34.467842,33.675896,33.533989,32.645912,38.624397,3540091.7,31.863129,29.880981,29.441521,28.841843,29.180588,29.354546,31.49691,30.306709,29.789429,28.210114,29.711601,29.212631,35.058365,38.047607,36.134125,31.803619,30.828568,30.187683,35.163651,32.096588,30.480659,31.451134,30.508125,35.181961,3540091.7,-0.0045776367,-0.0045776367,-0.0045776367,-0.0045776367,-0.0045776367,-0.0045776367,-0.0045776367,-0.0045776367,-0.0045776367,-0.0045776367,-0.0045776367,-0.0045776367,-0.0045776367,-3.2456055,0.73699951,-0.16021729,-0.57220459,-0.24261475,-0.0045776367,-0.0045776367,-0.0045776367,-0.0045776367,-0.0045776367,-0.0045776367,3540091.7
3630849200704,10.659399,0,34.747078,33.112839,32.513161,30.869766,32.343788,33.112839,34.124512,33.49279,32.952621,30.297554,32.641335,32.49485,37.383842,39.608604,35.694664,33.515678,32.343788,32.265968,38.46418,34.476997,33.675896,33.538567,32.645912,38.624397,3540109.7,31.876862,29.871826,29.446098,28.84642,29.180588,29.377434,31.49691,30.306709,29.780273,28.228424,29.707024,29.217209,35.053787,38.052185,36.124969,31.812775,30.833145,30.164795,35.168228,32.09201,30.494392,31.464867,30.517281,35.195694,3540109.7,-0.0045776367,-0.0045776367,-0.0045776367,-0.0045776367,-0.0045776367,-0.0045776367,-0.0045776367,-0.0045776367,-0.0045776367,-0.0045776367,-0.0045776367,-0.0045776367,-0.0045776367,-3.0899658,0.75531006,0.10528564,-0.0045776367,-0.17852783,-0.0045776367,-0.0045776367,-0.0045776367,-0.0045776367,-0.0045776367,-0.0045776367,3540109.7
3630869220416,10.679419,0,34.747078,33.117416,32.508583,30.860611,32.334633,33.117416,34.129089,33.49279,32.957199,30.297554,32.641335,32.49485,37.38842,39.608604,35.708397,33.511101,32.343788,32.270546,38.459602,34.467842,33.675896,33.533989,32.645912,38.61982,3540129.7,31.863129,29.880981,29.436943,28.832687,29.17601,29.363701,31.49691,30.315865,29.780273,28.228424,29.707024,29.249252,35.044632,38.04303,36.134125,31.808197,30.837723,30.178528,35.172806,32.09201,30.476082,31.455711,30.517281,35.181961,3540129.7,-0.0045776367,-0.0045776367,-0.0045776367,-0.0045776367,-0.0045776367,-0.0045776367,-0.0045776367,-0.0045776367,-0.0045776367,-0.0045776367,-0.0045776367,-0.0045776367,-0.0045776367,-2.9709167,0.46234131,-0.18768311,-0.068664551,-0.48065186,-0.0045776367,-0.0045776367,-0.0045776367,-0.0045776367,-0.0045776367,-0.0045776367,3540129.7
3630889209408,10.699408,0,34.747078,33.112839,32.508583,30.865189,32.330055,33.117416,34.133667,33.49279,32.952621,30.292976,32.645912,32.499428,37.38842,39.613182,35.699242,33.511101,32.343788,32.270546,38.455025,34.467842,33.680473,33.538567,32.645912,38.624397,3540149.7,31.872284,29.871826,29.427788,28.837265,29.189743,29.354546,31.501488,30.315865,29.775696,28.233002,29.707024,29.221786,35.058365,38.06134,36.111237,31.808197,30.860611,30.183105,35.172806,32.105743,30.480659,31.474022,30.494392,35.191116,3540149.7,-0.0045776367,-0.0045776367,-0.0045776367,-0.0045776367,-0.0045776367,-0.0045776367,-0.0045776367,-0.0045776367,-0.0045776367,-0.0045776367,-0.0045776367,-0.0045776367,-0.0045776367,-2.9251404,0.48980713,-0.5355835,0.19683838,-0.48980713,-0.0045776367,-0.0045776367,-0.0045776367,-0.0045776367,-0.0045776367,-0.0045776367,3540149.7
3630909212480,10.719411,0,34.751663,33.121994,32.513161,30.856033,32.330055,33.112839,34.133667,33.488213,32.948044,30.292976,32.636757,32.490273,37.38842,39.604027,35.703819,33.520256,32.339211,32.265968,38.46418,34.467842,33.675896,33.538567,32.65049,38.61982,3540169.7,31.881439,29.880981,29.42321,28.837265,29.171432,29.354546,31.487755,30.315865,29.775696,28.228424,29.716179,29.244675,35.053787,38.052185,36.115814,31.812775,30.833145,30.178528,35.177383,32.101166,30.489815,31.451134,30.485237,35.181961,3540169.7,-0.0045776367,-0.0045776367,-0.0045776367,-0.0045776367,-0.0045776367,-0.0045776367,-0.0045776367,-0.0045776367,-0.0045776367,-0.0045776367,-0.0045776367,-0.0045776367,-0.0045776367,-2.9892273,0.40740967,-0.56304932,0.022888184,-0.44403076,-0.0045776367,-0.0045776367,-0.0045776367,-0.0045776367,-0.0045776367,-0.0045776367,3540169.7
3630929245568,10.739444,0,34.751663,33.121994,32.513161,30.856033,32.334633,33.112839,34.129089,33.49279,32.948044,30.292976,32.632179,32.49485,37.392998,39.604027,35.699242,33.520256,32.339211,32.265968,38.46418,34.47242,33.675896,33.538567,32.645912,38.628975,3540189.7,31.863129,29.871826,29.436943,28.832687,29.189743,29.368279,31.506065,30.32502,29.784851,28.223846,29.693291,29.212631,35.04921,38.033875,36.120392,31.831085,30.8423,30.164795,35.191116,32.096588,30.466927,31.474022,30.49897,35.200272,3540189.7,-0.0045776367,-0.0045776367,-0.0045776367,-0.0045776367,-0.0045776367,-0.0045776367,-0.0045776367,-0.0045776367,-0.0045776367,-0.0045776367,-0.0045776367,-0.0045776367,-0.0045776367,-3.2089844,0.64544678,-0.51727295,0.21514893,0.77362061,-0.0045776367,-0.0045776367,-0.0045776367,-0.0045776367,-0.0045776367,-0.0045776367,3540189.7
3630949432320,10.759631,0,34.747078,33.121994,32.513161,30.856033,32.339211,33.117416,34.133667,33.49279,32.948044,30.292976,32.636757,32.499428,37.383842,39.604027,35.699242,33.511101,32.343788,32.265968,38.46418,34.47242,33.685051,33.529411,32.645912,38.61982,3540209.7,31.876862,29.862671,29.432365,28.832687,29.189743,29.372856,31.492332,30.315865,29.784851,28.228424,29.707024,29.208054,35.058365,38.06134,36.129547,31.812775,30.828568,30.183105,35.191116,32.09201,30.476082,31.474022,30.494392,35.186539,3540209.7,-0.0045776367,-0.0045776367,-0.0045776367,-0.0045776367,-0.0045776367,-0.0045776367,-0.0045776367,-0.0045776367,-0.0045776367,-0.0045776367,-0.0045776367,-0.0045776367,-0.0045776367,-3.0899658,0.58135986,-0.55389404,0.23345947,0.24261475,-0.0045776367,-0.0045776367,-0.0045776367,-0.0045776367,-0.0045776367,-0.0045776367,3540209.7
3630969202592,10.779401,0,34.751663,33.121994,32.508583,30.856033,32.334633,33.112839,34.129089,33.49279,32.943466,30.297554,32.632179,32.49485,37.383842,39.604027,35.703819,33.515678,32.334633,32.265968,38.46418,34.47242,33.680473,33.547722,32.65049,38.624397,3540229.7,31.881439,29.876404,29.436943,28.841843,29.166855,29.368279,31.501488,30.311287,29.780273,28.223846,29.707024,29.226364,35.04921,38.052185,36.124969,31.82193,30.833145,30.17395,35.163651,32.082855,30.485237,31.469444,30.49897,35.186539,3540229.7,-0.0045776367,-0.0045776367,-0.0045776367,-0.0045776367,-0.0045776367,-0.0045776367,-0.0045776367,-0.0045776367,-0.0045776367,-0.0045776367,-0.0045776367,-0.0045776367,-0.0045776367,-3.1540527,0.40740967,-0.58135986,0.022888184,-0.04119873,-0.0045776367,-0.0045776367,-0.0045776367,-0.0045776367,-0.0045776367,-0.0045776367,3540229.7
3630989223424,10.799422,0,34.7425,33.117416,32.508583,30.856033,32.339211,33.117416,34.133667,33.49279,32.952621,30.292976,32.645912,32.504005,37.38842,39.613182,35.699242,33.515678,32.334633,32.265968,38.46418,34.467842,33.675896,33.533989,32.645912,38.615242,3540249.7,31.872284,29.871826,29.432365,28.837265,29.185165,29.368279,31.506065,30.315865,29.798584,28.223846,29.707024,29.217209,35.035477,38.047607,36.120392,31.817352,30.82399,30.178528,35.181961,32.078278,30.489815,31.460289,30.494392,35.177383,3540249.7,-0.0045776367,-0.0045776367,-0.0045776367,-0.0045776367,-0.0045776367,-0.0045776367,-0.0045776367,-0.0045776367,-0.0045776367,-0.0045776367,-0.0045776367,-0.0045776367,-0.0045776367,-3.364624,0.24261475,-0.54473877,-0.23345947,0.17852783,-0.0045776367,-0.0045776367,-0.0045776367,-0.0045776367,-0.0045776367,-0.0045776367,3540249.7
3631009215456,10.819414,0,34.737923,33.117416,32.513161,30.860611,32.343788,33.112839,34.133667,33.49279,32.948044,30.292976,32.641335,32.49485,37.38842,39.604027,35.694664,33.511101,32.330055,32.261391,38.46418,34.467842,33.680473,33.538567,32.65049,38.61982,3540269.7,31.886017,29.867249,29.459831,28.850998,29.189743,29.363701,31.487755,30.315865,29.789429,28.223846,29.707024,29.217209,35.040054,38.056763,36.129547,31.82193,30.8423,30.183105,35.200272,32.105743,30.471504,31.464867,30.512703,35.191116,3540269.7,-0.0045776367,-0.0045776367,-0.0045776367,-0.0045776367,-0.0045776367,-0.0045776367,-0.0045776367,-0.0045776367,-0.0045776367,-0.0045776367,-0.0045776367,-0.0045776367,-0.0045776367,-3.8223877,-0.15106201,-0.54473877,-0.21514893,0.23345947,-0.0045776367,-0.0045776367,-0.0045776367,-0.0045776367,-0.0045776367,-0.0045776367,3540269.7
3631029244896,10.839443,0,34.7425,33.121994,32.513161,30.856033,32.339211,33.117416,34.133667,33.49279,32.952621,30.297554,32.641335,32.499428,37.383842,39.608604,35.703819,33.515678,32.334633,32.261391,38.46418,34.47242,33.680473,33.543144,32.65049,38.624397,3540289.7,31.881439,29.885559,29.441521,28.841843,29.166855,29.363701,31.492332,30.315865,29.807739,28.228424,29.707024,29.221786,35.058365,38.056763,36.111237,31.82193,30.8423,30.169373,35.168228,32.105743,30.480659,31.460289,30.508125,35.218582,3540289.7,-0.0045776367,-0.0045776367,-0.0045776367,-0.0045776367,-0.0045776367,-0.0045776367,-0.0045776367,-0.0045776367,-0.0045776367,-0.0045776367,-0.0045776367,-0.0045776367,-0.0045776367,-4.6097412,0.27008057,-1.0299988,-0.32501221,0.068664551,-0.0045776367,-0.0045776367,-0.0045776367,-0.0045776367,-0.0045776367,-0.0045776367,3540289.7
3631049219456,10.859418,0,34.747078,33.117416,32.508583,30.851456,32.339211,33.117416,34.129089,33.497368,32.952621,30.297554,32.641335,32.504005,37.392998,39.613182,35.703819,33.511101,32.343788,32.261391,38.46418,34.467842,33.685051,33.538567,32.65049,38.624397,3540309.7,31.890594,29.885559,29.455254,28.841843,29.17601,29.363701,31.487755,30.320442,29.780273,28.223846,29.707024,29.217209,35.062943,38.056763,36.120392,31.82193,30.833145,30.183105,35.191116,32.105743,30.476082,31.464867,30.489815,35.181961,3540309.7,-0.0045776367,-0.0045776367,-0.0045776367,-0.0045776367,-0.0045776367,-0.0045776367,-0.0045776367,-0.0045776367,-0.0045776367,-0.0045776367,-0.0045776367,-0.0045776367,-0.0045776367,-4.5090332,0.16937256,-1.002533,-0.23345947,0.10528564,-0.0045776367,-0.0045776367,-0.0045776367,-0.0045776367,-0.0045776367,-0.0045776367,3540309.7
3631069312512,10.879511,0,34.7425,33.117416,32.508583,30.856033,32.339211,33.117416,34.129089,33.497368,32.948044,30.288399,32.641335,32.504005,37.38842,39.604027,35.699242,33.515678,32.339211,32.265968,38.468758,34.47242,33.680473,33.538567,32.645912,38.624397,3540329.7,31.876862,29.867249,29.427788,28.832687,29.185165,29.363701,31.49691,30.302132,29.789429,28.223846,29.711601,29.235519,35.04921,38.038452,36.120392,31.812775,30.837723,30.169373,35.177383,32.110321,30.480659,31.469444,30.517281,35.177383,3540329.7,-0.0045776367,-0.0045776367,-0.0045776367,-0.0045776367,-0.0045776367,-0.0045776367,-0.0045776367,-0.0045776367,-0.0045776367,-0.0045776367,-0.0045776367,-0.0045776367,-0.0045776367,-4.7653809,-1.3687439,-1.0208435,0.26092529,0.14190674,-0.0045776367,-0.0045776367,-0.0045776367,-0.0045776367,-0.0045776367,-0.0045776367,3540329.7
3631089226368,10.899425,0,34.751663,33.121994,32.517738,30.860611,32.343788,33.117416,34.129089,33.488213,32.952621,30.292976,32.636757,32.499428,37.392998,39.608604,35.699242,33.511101,32.339211,32.270546,38.459602,34.47242,33.680473,33.538567,32.641335,38.61982,3540349.7,31.886017,29.880981,29.427788,28.837265,29.194321,29.372856,31.492332,30.302132,29.784851,28.205536,29.711601,29.217209,35.058365,38.052185,36.134125,31.803619,30.846878,30.187683,35.191116,32.087433,30.485237,31.460289,30.503548,35.172806,3540349.7,-0.0045776367,-0.0045776367,-0.0045776367,-0.0045776367,-0.0045776367,-0.0045776367,-0.0045776367,-0.0045776367,-0.0045776367,-0.0045776367,-0.0045776367,-0.0045776367,-0.0045776367,-4.9759521,-1.4877625,-1.0208435,0.050354004,0.18768311,-0.0045776367,-0.0045776367,-0.0045776367,-0.0045776367,-0.0045776367,-0.0045776367,3540349.7
3631109212288,10.919411,0,34.747078,33.117416,32.508583,30.851456,32.339211,33.112839,34.124512,33.488213,32.952621,30.297554,32.636757,32.499428,37.38842,39.608604,35.699242,33.506523,32.339211,32.261391,38.459602,34.476997,33.675896,33.538567,32.65049,38.628975,3540369.7,31.867706,29.876404,29.441521,28.841843,29.189743,29.363701,31.49691,30.292976,29.780273,28.242157,29.697868,29.240097,35.04921,38.06134,36.106659,31.826508,30.82399,30.183105,35.172806,32.096588,30.476082,31.455711,30.49897,35.186539,3540369.7,-0.0045776367,-0.0045776367,-0.0045776367,-0.0045776367,-0.0045776367,-0.0045776367,-0.0045776367,-0.0045776367,-0.0045776367,-0.0045776367,-0.0045776367,-0.0045776367,-0.0045776367,-5.6534729,-1.7532654,-0.98419189,0.096130371,0.29754639,-0.0045776367,-0.0045776367,-0.0045776367,-0.0045776367,-0.0045776367,-0.0045776367,3540369.7
3631129235776,10.939434,0,34.747078,33.121994,32.513161,30.856033,32.334633,33.117416,34.124512,33.497368,32.957199,30.292976,32.641335,32.49485,37.38842,39.604027,35.694664,33.520256,32.339211,32.265968,38.46418,34.47242,33.689629,33.538567,32.65049,38.624397,3540389.7,31.867706,29.880981,29.441521,28.832687,29.180588,29.368279,31.4786,30.320442,29.775696,28.228424,29.702446,29.240097,35.044632,38.056763,36.124969,31.82193,30.828568,30.178528,35.168228,32.09201,30.485237,31.446556,30.494392,35.177383,3540389.7,-0.0045776367,-0.0045776367,-0.0045776367,-0.0045776367,-0.0045776367,-0.0045776367,-0.0045776367,-0.0045776367,-0.0045776367,-0.0045776367,-0.0045776367,-0.0045776367,-0.0045776367,-5.3055725,-1.6891785,-0.92926025,0.33416748,-0.01373291,-0.0045776367,-0.0045776367,-0.0045776367,-0.0045776367,-0.0045776367,-0.0045776367,3540389.7
3631149417280,10.959616,0,34.747078,33.117416,32.508583,30.856033,32.330055,33.117416,34.124512,33.49279,32.948044,30.292976,32.641335,32.499428,37.392998,39.608604,35.694664,33.520256,32.334633,32.261391,38.46418,34.47242,33.671318,33.538567,32.645912,38.615242,3540409.7,31.872284,29.885559,29.441521,28.837265,29.180588,29.377434,31.492332,30.320442,29.789429,28.214691,29.693291,29.226364,35.044632,38.047607,36.111237,31.82193,30.837723,30.187683,35.195694,32.09201,30.489815,31.469444,30.49897,35.191116,3540409.7,-0.0045776367,-0.0045776367,-0.0045776367,-0.0045776367,-0.0045776367,-0.0045776367,-0.0045776367,-0.0045776367,-0.0045776367,-0.0045776367,-0.0045776367,-0.0045776367,-0.0045776367,-5.2506409,-1.8265076,-1.3962097,0.4989624,0.16021729,-0.0045776367,-0.0045776367,-0.0045776367,-0.0045776367,-0.0045776367,-0.0045776367,3540409.7
3631169208544,10.979407,0,34.7425,33.121994,32.517738,30.865189,32.334633,33.117416,34.129089,33.49279,32.952621,30.297554,32.636757,32.49485,37.383842,39.608604,35.699242,33.520256,32.334633,32.261391,38.459602,34.463264,33.680473,33.538567,32.65049,38.61982,3540429.7,31.876862,29.871826,29.418633,28.841843,29.180588,29.368279,31.49691,30.320442,29.780273,28.228424,29.702446,29.217209,35.044632,38.06134,36.111237,31.812775,30.833145,30.183105,35.168228,32.09201,30.476082,31.455711,30.489815,35.204849,3540429.7,-0.0045776367,-0.0045776367,-0.0045776367,-0.0045776367,-0.0045776367,-0.0045776367,-0.0045776367,-0.0045776367,-0.0045776367,-0.0045776367,-0.0045776367,-0.0045776367,-0.0045776367,-5.223175,-2.0004578,-1.4419861,-0.032043457,-0.050354004,-0.0045776367,-0.0045776367,-0.0045776367,-0.0045776367,-0.0045776367,-0.0045776367,3540429.7
3631189221376,10.99942,0,34.7425,33.121994,32.513161,30.856033,32.334633,33.108261,34.124512,33.501945,32.948044,30.297554,32.636757,32.504005,37.392998,39.613182,35.699242,33.511101,32.334633,32.265968,38.459602,34.467842,33.680473,33.543144,32.65049,38.61982,3540449.7,31.886017,29.876404,29.441521,28.82811,29.180588,29.359123,31.49691,30.311287,29.775696,28.223846,29.702446,29.230942,35.053787,38.065918,36.111237,31.835663,30.851456,30.187683,35.181961,32.082855,30.489815,31.446556,30.512703,35.177383,3540449.7,-0.0045776367,-0.0045776367,-0.0045776367,-0.0045776367,-0.0045776367,-0.0045776367,-0.0045776367,-0.0045776367,-0.0045776367,-0.0045776367,-0.0045776367,-0.0045776367,-0.0045776367,-4.9576416,-1.6159363,-1.103241,0.48065186,0.29754639,-0.0045776367,-0.0045776367,-0.0045776367,-0.0045776367,-0.0045776367,-0.0045776367,3540449.7
3631209215104,11.019414,0,34.747078,33.117416,32.513161,30.860611,32.334633,33.112839,34.138245,33.488213,32.957199,30.288399,32.641335,32.504005,37.392998,39.608604,35.694664,33.515678,32.339211,32.265968,38.46418,34.47242,33.680473,33.538567,32.65049,38.624397,3540469.7,31.881439,29.867249,29.455254,28.832687,29.194321,29.359123,31.49691,30.320442,29.780273,28.233002,29.693291,29.212631,35.044632,38.075073,36.102081,31.82193,30.837723,30.178528,35.177383,32.09201,30.494392,31.460289,30.494392,35.168228,3540469.7,-0.0045776367,-0.0045776367,-0.0045776367,-0.0045776367,-0.0045776367,-0.0045776367,-0.0045776367,-0.0045776367,-0.0045776367,-0.0045776367,-0.0045776367,-0.0045776367,-0.0045776367,-4.838623,-1.9546814,-1.6342468,-0.37078857,0.40740967,-0.0045776367,-0.0045776367,-0.0045776367,-0.0045776367,-0.0045776367,-0.0045776367,3540469.7
3631229257088,11.039456,0,34.747078,33.117416,32.508583,30.860611,32.339211,33.112839,34.129089,33.49279,32.952621,30.292976,32.636757,32.49485,37.392998,39.613182,35.703819,33.511101,32.339211,32.261391,38.455025,34.476997,33.680473,33.538567,32.65049,38.61982,3540489.7,31.886017,29.858093,29.432365,28.84642,29.180588,29.368279,31.483177,30.306709,29.771118,28.228424,29.720757,29.226364,35.058365,38.075073,36.092926,31.82193,30.846878,30.187683,35.191116,32.101166,30.480659,31.451134,30.521858,35.181961,3540489.7,-0.0045776367,-0.0045776367,-0.0045776367,-0.0045776367,-0.0045776367,-0.0045776367,-0.0045776367,-0.0045776367,-0.0045776367,-0.0045776367,-0.0045776367,-0.0045776367,-0.0045776367,-3.2822266,-1.7898865,-1.1490173,-0.6362915,0.21514893,-0.0045776367,-0.0045776367,-0.0045776367,-0.0045776367,-0.0045776367,-0.0045776367,3540489.7
3631249220928,11.05942,0,34.747078,33.121994,32.513161,30.856033,32.339211,33.112839,34.124512,33.49279,32.948044,30.292976,32.636757,32.49485,37.38842,39.608604,35.703819,33.515678,32.339211,32.265968,38.468758,34.47242,33.675896,33.533989,32.645912,38.61982,3540509.7,31.867706,29.876404,29.432365,28.837265,29.171432,29.363701,31.501488,30.320442,29.794006,28.223846,29.702446,29.226364,35.040054,38.065918,36.097504,31.831085,30.837723,30.192261,35.172806,32.09201,30.471504,31.469444,30.485237,35.191116,3540509.7,-0.0045776367,-0.0045776367,-0.0045776367,-0.0045776367,-0.0045776367,-0.0045776367,-0.0045776367,-0.0045776367,-0.0045776367,-0.0045776367,-0.0045776367,-0.0045776367,-0.0045776367,-3.0625,-1.002533,-0.80108643,0.032043457,0.17852783,-0.0045776367,-0.0045776367,-0.0045776367,-0.0045776367,-0.0045776367,-0.0045776367,3540509.7
3631269221312,11.07942,0,34.7425,33.121994,32.517738,30.856033,32.339211,33.112839,34.129089,33.49279,32.952621,30.292976,32.641335,32.499428,37.383842,39.608604,35.703819,33.511101,32.339211,32.261391,38.473335,34.47242,33.680473,33.538567,32.65049,38.624397,3540529.7,31.881439,29.876404,29.441521,28.837265,29.180588,29.359123,31.492332,30.32502,29.794006,28.228424,29.707024,29.244675,35.030899,38.06134,36.088348,31.826508,30.833145,30.192261,35.181961,32.09201,30.489815,31.455711,30.512703,35.172806,3540529.7,-0.0045776367,-0.0045776367,-0.0045776367,-0.0045776367,-0.0045776367,-0.0045776367,-0.0045776367,-0.0045776367,-0.0045776367,-0.0045776367,-0.0045776367,-0.0045776367,-0.0045776367,-1.9821472,-0.60882568,-0.70037842,0.14190674,0.40740967,-0.0045776367,-0.0045776367,-0.0045776367,-0.0045776367,-0.0045776367,-0.0045776367,3540529.7
3631289225568,11.099424,0,34.747078,33.117416,32.513161,30.860611,32.334633,33.112839,34.129089,33.49279,32.948044,30.297554,32.641335,32.499428,37.383842,39.61776,35.694664,33.515678,32.334633,32.265968,38.46418,34.467842,33.685051,33.533989,32.65049,38.615242,3540549.7,31.867706,29.876404,29.432365,28.82811,29.1577,29.363701,31.487755,30.311287,29.789429,28.219269,29.702446,29.230942,35.053787,38.06134,36.102081,31.82193,30.851456,30.187683,35.191116,32.09201,30.457771,31.469444,30.517281,35.209427,3540549.7,-0.0045776367,-0.0045776367,-0.0045776367,-0.0045776367,-0.0045776367,-0.0045776367,-0.0045776367,-0.0045776367,-0.0045776367,-0.0045776367,-0.0045776367,-0.0045776367,-0.0045776367,-1.606781,-0.050354004,-0.47149658,-0.17852783,0.43487549,-0.0045776367,-0.0045776367,-0.0045776367,-0.0045776367,-0.0045776367,-0.0045776367,3540549.7
3631309221568,11.11942,0,34.751663,33.121994,32.513161,30.860611,32.334633,33.112839,34.129089,33.497368,32.952621,30.292976,32.641335,32.513161,37.392998,39.61776,35.694664,33.515678,32.334633,32.265968,38.46418,34.47242,33.680473,33.538567,32.655067,38.624397,3540569.7,31.867706,29.871826,29.427788,28.837265,29.17601,29.368279,31.487755,30.297554,29.775696,28.228424,29.697868,29.230942,35.044632,38.06134,36.079193,31.808197,30.837723,30.17395,35.195694,32.087433,30.476082,31.455711,30.503548,35.195694,3540569.7,-0.0045776367,-0.0045776367,-0.0045776367,-0.0045776367,-0.0045776367,-0.0045776367,-0.0045776367,-0.0045776367,-0.0045776367,-0.0045776367,-0.0045776367,-0.0045776367,-0.0045776367,-0.44403076,1.1947937,0.01373291,-0.0045776367,0.38909912,-0.0045776367,-0.0045776367,-0.0045776367,-0.0045776367,-0.0045776367,-0.0045776367,3540569.7
3631329252672,11.139451,0,34.751663,33.121994,32.508583,30.856033,32.339211,33.117416,34.129089,33.49279,32.952621,30.292976,32.636757,32.499428,37.38842,39.61776,35.694664,33.524834,32.334633,32.265968,38.46418,34.47242,33.685051,33.538567,32.655067,38.61982,3540589.7,31.881439,29.867249,29.441521,28.841843,29.166855,29.349968,31.487755,30.320442,29.780273,28.210114,29.702446,29.244675,35.030899,38.075073,36.088348,31.812775,30.837723,30.164795,35.204849,32.082855,30.476082,31.455711,30.503548,35.191116,3540589.7,-0.0045776367,-0.0045776367,-0.0045776367,-0.0045776367,-0.0045776367,-0.0045776367,-0.0045776367,-0.0045776367,-0.0045776367,-0.0045776367,-0.0045776367,-0.0045776367,-0.0045776367,-0.059509277,1.5335388,-0.11444092,-0.78277588,0.55389404,-0.0045776367,-0.0045776367,-0.0045776367,-0.0045776367,-0.0045776367,-0.0045776367,3540589.7
3631349449504,11.159648,0,34.747078,33.117416,32.513161,30.865189,32.334633,33.112839,34.124512,33.49279,32.957199,30.292976,32.641335,32.504005,37.38842,39.622337,35.699242,33.520256,32.339211,32.265968,38.459602,34.467842,33.689629,33.543144,32.65049,38.628975,3540609.7,31.872284,29.871826,29.42321,28.841843,29.17601,29.359123,31.487755,30.315865,29.794006,28.233002,29.693291,29.230942,35.04921,38.070496,36.06546,31.808197,30.828568,30.187683,35.159073,32.09201,30.471504,31.464867,30.489815,35.191116,3540609.7,-0.0045776367,-0.0045776367,-0.0045776367,-0.0045776367,-0.0045776367,-0.0045776367,-0.0045776367,-0.0045776367,-0.0045776367,-0.0045776367,-0.0045776367,-0.0045776367,-0.0045776367,0.25177002,1.606781,0.10528564,-0.29754639,0.3616333,-0.0045776367,-0.0045776367,-0.0045776367,-0.0045776367,-0.0045776367,-0.0045776367,3540609.7
3631369227296,11.179426,0,34.751663,33.117416,32.513161,30.856033,32.334633,33.117416,34.124512,33.49279,32.957199,30.297554,32.636757,32.504005,37.38842,39.622337,35.685509,33.520256,32.334633,32.270546,38.468758,34.476997,33.675896,33.538567,32.645912,38.61982,3540629.7,31.881439,29.871826,29.446098,28.841843,29.180588,29.363701,31.501488,30.306709,29.789429,28.219269,29.702446,29.230942,35.04921,38.084229,36.092926,31.82193,30.851456,30.178528,35.181961,32.087433,30.494392,31.455711,30.508125,35.186539,3540629.7,-0.0045776367,-0.0045776367,-0.0045776367,-0.0045776367,-0.0045776367,-0.0045776367,-0.0045776367,-0.0045776367,-0.0045776367,-0.0045776367,-0.0045776367,-0.0045776367,-0.0045776367,0.29754639,1.808197,0.87432861,-0.12359619,-0.5355835,-0.0045776367,-0.0045776367,-0.0045776367,-0.0045776367,-0.0045776367,-0.0045776367,3540629.7
3631389230368,11.199429,0,34.747078,33.117416,32.517738,30.860611,32.334633,33.112839,34.129089,33.49279,32.952621,30.292976,32.641335,32.499428,37.383842,39.613182,35.694664,33.520256,32.339211,32.261391,38.468758,34.47242,33.685051,33.533989,32.645912,38.615242,3540649.7,31.886017,29.876404,29.446098,28.832687,29.17601,29.363701,31.492332,30.311287,29.794006,28.223846,29.702446,29.230942,35.035477,38.079651,36.074615,31.817352,30.856033,30.17395,35.186539,32.096588,30.494392,31.469444,30.49897,35.163651,3540649.7,-0.0045776367,-0.0045776367,-0.0045776367,-0.0045776367,-0.0045776367,-0.0045776367,-0.0045776367,-0.0045776367,-0.0045776367,-0.0045776367,-0.0045776367,-0.0045776367,-0.0045776367,0.95672607,2.110321,0.92926025,-0.01373291,-0.096130371,-0.0045776367,-0.0045776367,-0.0045776367,-0.0045776367,-0.0045776367,-0.0045776367,3540649.7
3631409220000,11.219419,0,34.747078,33.121994,32.508583,30.856033,32.339211,33.112839,34.133667,33.49279,32.957199,30.292976,32.641335,32.49485,37.38842,39.613182,35.703819,33.524834,32.325478,32.261391,38.46418,34.47242,33.685051,33.543144,32.645912,38.624397,3540669.7,31.872284,29.858093,29.427788,28.832687,29.166855,29.354546,31.501488,30.32502,29.784851,28.233002,29.725334,29.235519,35.044632,38.079651,36.060883,31.808197,30.846878,30.160217,35.195694,32.0737,30.503548,31.460289,30.526436,35.181961,3540669.7,-0.0045776367,-0.0045776367,-0.0045776367,-0.0045776367,-0.0045776367,-0.0045776367,-0.0045776367,-0.0045776367,-0.0045776367,-0.0045776367,-0.0045776367,-0.0045776367,-0.0045776367,0.73699951,2.6413269,0.90179443,-0.14190674,-0.14190674,-0.0045776367,-0.0045776367,-0.0045776367,-0.0045776367,-0.0045776367,-0.0045776367,3540669.7
3631429268864,11.239467,0,34.747078,33.121994,32.504005,30.860611,32.334633,33.112839,34.133667,33.49279,32.957199,30.292976,32.641335,32.504005,37.392998,39.622337,35.703819,33.515678,32.334633,32.265968,38.46418,34.476997,33.680473,33.538567,32.645912,38.624397,3540689.7,31.876862,29.876404,29.446098,28.841843,29.185165,29.354546,31.49691,30.306709,29.789429,28.228424,29.702446,29.230942,35.040054,38.084229,36.083771,31.826508,30.856033,30.178528,35.209427,32.09201,30.480659,31.446556,30.512703,35.195694,3540689.7,-0.0045776367,-0.0045776367,-0.0045776367,-0.0045776367,-0.0045776367,-0.0045776367,-0.0045776367,-0.0045776367,-0.0045776367,-0.0045776367,-0.0045776367,-0.0045776367,-0.0045776367,0.70953369,2.6230164,1.0391541,-0.10528564,-0.13275146,-0.0045776367,-0.0045776367,-0.0045776367,-0.0045776367,-0.0045776367,-0.0045776367,3540689.7
3631449240160,11.259439,0,34.747078,33.117416,32.513161,30.865189,32.343788,33.112839,34.129089,33.488213,32.952621,30.292976,32.641335,32.499428,37.38842,39.61776,35.703819,33.520256,32.339211,32.275124,38.459602,34.467842,33.689629,33.538567,32.645912,38.624397,3540709.7,31.867706,29.899292,29.427788,28.837265,29.171432,29.363701,31.501488,30.32502,29.771118,28.223846,29.711601,29.235519,35.044632,38.065918,36.088348,31.817352,30.856033,30.192261,35.191116,32.105743,30.466927,31.460289,30.512703,35.195694,3540709.7,-0.0045776367,-0.0045776367,-0.0045776367,-0.0045776367,-0.0045776367,-0.0045776367,-0.0045776367,-0.0045776367,-0.0045776367,-0.0045776367,-0.0045776367,-0.0045776367,-0.0045776367,0.32501221,2.4490662,0.84686279,0.26092529,-0.43487549,-0.0045776367,-0.0045776367,-0.0045776367,-0.0045776367,-0.0045776367,-0.0045776367,3540709.7
3631469235488,11.279434,0,34.747078,33.112839,32.508583,30.865189,32.339211,33.108261,34.133667,33.488213,32.957199,30.288399,32.632179,32.499428,37.38842,39.61776,35.694664,33.520256,32.334633,32.265968,38.459602,34.467842,33.675896,33.538567,32.645912,38.624397,3540729.7,31.886017,29.890137,29.441521,28.84642,29.166855,29.363701,31.49691,30.320442,29.784851,28.223846,29.707024,29.212631,35.044632,38.070496,36.083771,31.817352,30.828568,30.187683,35.177383,32.096588,30.485237,31.455711,30.508125,35.195694,3540729.7,-0.0045776367,-0.0045776367,-0.0045776367,-0.0045776367,-0.0045776367,-0.0045776367,-0.0045776367,-0.0045776367,-0.0045776367,-0.0045776367,-0.0045776367,-0.0045776367,-0.0045776367,0.10528564,2.57724,0.83770752,-0.032043457,-0.17852783,-0.0045776367,-0.0045776367,-0.0045776367,-0.0045776367,-0.0045776367,-0.0045776367,3540729.7
3631489254304,11.299453,0,34.747078,33.121994,32.513161,30.865189,32.334633,33.121994,34.133667,33.497368,32.948044,30.288399,32.641335,32.49485,37.38842,39.626915,35.699242,33.524834,32.334633,32.270546,38.46418,34.476997,33.685051,33.533989,32.641335,38.628975,3540749.7,31.863129,29.862671,29.441521,28.837265,29.17601,29.368279,31.483177,30.297554,29.798584,28.233002,29.707024,29.217209,35.035477,38.079651,36.079193,31.808197,30.837723,30.178528,35.181961,32.101166,30.503548,31.455711,30.503548,35.186539,3540749.7,-0.0045776367,-0.0045776367,-0.0045776367,-0.0045776367,-0.0045776367,-0.0045776367,-0.0045776367,-0.0045776367,-0.0045776367,-0.0045776367,-0.0045776367,-0.0045776367,-0.0045776367,0.85601807,2.0737,1.0116882,0.18768311,-0.24261475,-0.0045776367,-0.0045776367,-0.0045776367,-0.0045776367,-0.0045776367,-0.0045776367,3540749.7
3631509244512,11.319443,0,34.7425,33.117416,32.504005,30.851456,32.339211,33.121994,34.129089,33.497368,32.952621,30.292976,32.636757,32.504005,37.397575,39.622337,35.699242,33.524834,32.325478,32.265968,38.459602,34.47242,33.680473,33.538567,32.655067,38.624397,3540769.7,31.881439,29.867249,29.432365,28.837265,29.1577,29.363701,31.49691,30.306709,29.784851,28.228424,29.702446,29.226364,35.06752,38.070496,36.060883,31.803619,30.828568,30.183105,35.181961,32.09201,30.462349,31.474022,30.517281,35.177383,3540769.7,-0.0045776367,-0.0045776367,-0.0045776367,-0.0045776367,-0.0045776367,-0.0045776367,-0.0045776367,-0.0045776367,-0.0045776367,-0.0045776367,-0.0045776367,-0.0045776367,-0.0045776367,0.68206787,2.375824,1.0391541,0.35247803,-0.19683838,-0.0045776367,-0.0045776367,-0.0045776367,-0.0045776367,-0.0045776367,-0.0045776367,3540769.7
3631529256832,11.339455,0,34.7425,33.117416,32.513161,30.860611,32.334633,33.112839,34.133667,33.49279,32.952621,30.297554,32.632179,32.499428,37.392998,39.622337,35.699242,33.524834,32.334633,32.261391,38.459602,34.47242,33.680473,33.543144,32.65049,38.624397,3540789.7,31.886017,29.885559,29.409477,28.841843,29.194321,29.363701,31.501488,30.315865,29.789429,28.233002,29.693291,29.217209,35.026321,38.088806,36.04715,31.812775,30.8423,30.183105,35.172806,32.096588,30.476082,31.455711,30.494392,35.204849,3540789.7,-0.0045776367,-0.0045776367,-0.0045776367,-0.0045776367,-0.0045776367,-0.0045776367,-0.0045776367,-0.0045776367,-0.0045776367,-0.0045776367,-0.0045776367,-0.0045776367,-0.0045776367,0.6362915,1.7898865,1.0299988,0.2243042,-0.18768311,-0.0045776367,-0.0045776367,-0.0045776367,-0.0045776367,-0.0045776367,-0.0045776367,3540789.7
3631549390240,11.359589,0,34.747078,33.121994,32.513161,30.860611,32.334633,33.117416,34.129089,33.488213,32.957199,30.288399,32.641335,32.49485,37.383842,39.61776,35.699242,33.524834,32.334633,32.265968,38.468758,34.47242,33.680473,33.543144,32.65049,38.61982,3540809.7,31.872284,29.876404,29.436943,28.82811,29.180588,29.340813,31.49691,30.315865,29.803162,28.223846,29.711601,29.226364,35.058365,38.084229,36.060883,31.812775,30.837723,30.178528,35.177383,32.096588,30.476082,31.464867,30.49897,35.195694,3540809.7,-0.0045776367,-0.0045776367,-0.0045776367,-0.0045776367,-0.0045776367,-0.0045776367,-0.0045776367,-0.0045776367,-0.0045776367,-0.0045776367,-0.0045776367,-0.0045776367,-0.0045776367,0.75531006,1.8814392,1.2314148,0.55389404,-0.022888184,-0.0045776367,-0.0045776367,-0.0045776367,-0.0045776367,-0.0045776367,-0.0045776367,3540809.7
3631569235104,11.379434,0,34.7425,33.126572,32.508583,30.856033,32.334633,33.117416,34.124512,33.49279,32.952621,30.292976,32.632179,32.504005,37.38842,39.61776,35.699242,33.524834,32.339211,32.261391,38.46418,34.47242,33.680473,33.538567,32.645912,38.624397,3540829.7,31.853973,29.867249,29.432365,28.841843,29.17601,29.363701,31.501488,30.306709,29.784851,28.223846,29.725334,29.221786,35.053787,38.084229,36.051727,31.826508,30.8423,30.17395,35.186539,32.096588,30.476082,31.464867,30.49897,35.200272,3540829.7,-0.0045776367,-0.0045776367,-0.0045776367,-0.0045776367,-0.0045776367,-0.0045776367,-0.0045776367,-0.0045776367,-0.0045776367,-0.0045776367,-0.0045776367,-0.0045776367,-0.0045776367,0.54473877,1.8631287,1.1307068,0.44403076,0.11444092,-0.0045776367,-0.0045776367,-0.0045776367,-0.0045776367,-0.0045776367,-0.0045776367,3540829.7
3631589234304,11.399433,0,34.751663,33.121994,32.513161,30.860611,32.343788,33.117416,34.133667,33.49279,32.952621,30.297554,32.641335,32.499428,37.392998,39.626915,35.699242,33.524834,32.330055,32.265968,38.459602,34.476997,33.685051,33.543144,32.645912,38.61982,3540849.7,31.876862,29.871826,29.432365,28.841843,29.180588,29.354546,31.506065,30.315865,29.794006,28.233002,29.725334,29.217209,35.044632,38.070496,36.042572,31.803619,30.860611,30.178528,35.191116,32.096588,30.489815,31.464867,30.512703,35.200272,3540849.7,-0.0045776367,-0.0045776367,-0.0045776367,-0.0045776367,-0.0045776367,-0.0045776367,-0.0045776367,-0.0045776367,-0.0045776367,-0.0045776367,-0.0045776367,-0.0045776367,-0.0045776367,0.62713623,2.5131531,1.0299988,1.2131042,-0.050354004,-0.0045776367,-0.0045776367,-0.0045776367,-0.0045776367,-0.0045776367,-0.0045776367,3540849.7
3631609252864,11.419451,0,34.747078,33.117416,32.508583,30.851456,32.339211,33.112839,34.133667,33.488213,32.952621,30.292976,32.641335,32.499428,37.38842,39.622337,35.699242,33.524834,32.330055,32.261391,38.455025,34.47242,33.685051,33.538567,32.645912,38.628975,3540869.7,31.876862,29.862671,29.432365,28.823532,29.17601,29.359123,31.487755,30.302132,29.780273,28.223846,29.702446,29.212631,35.062943,38.06134,36.070038,31.82193,30.846878,30.169373,35.168228,32.105743,30.476082,31.446556,30.494392,35.214005,3540869.7,-0.0045776367,-0.0045776367,-0.0045776367,-0.0045776367,-0.0045776367,-0.0045776367,-0.0045776367,-0.0045776367,-0.0045776367,-0.0045776367,-0.0045776367,-0.0045776367,-0.0045776367,0.89263916,2.7237244,1.1490173,1.3778992,-0.14190674,-0.0045776367,-0.0045776367,-0.0045776367,-0.0045776367,-0.0045776367,-0.0045776367,3540869.7
3631629232672,11.439431,0,34.747078,33.117416,32.513161,30.856033,32.334633,33.112839,34.133667,33.501945,32.961777,30.292976,32.641335,32.504005,37.397575,39.622337,35.694664,33.524834,32.334633,32.265968,38.459602,34.47242,33.685051,33.547722,32.645912,38.61982,3540889.7,31.876862,29.885559,29.432365,28.823532,29.185165,29.363701,31.501488,30.302132,29.784851,28.205536,29.707024,29.226364,35.04921,38.065918,36.051727,31.812775,30.856033,30.187683,35.186539,32.096588,30.494392,31.469444,30.531013,35.186539,3540889.7,-0.0045776367,-0.0045776367,-0.0045776367,-0.0045776367,-0.0045776367,-0.0045776367,-0.0045776367,-0.0045776367,-0.0045776367,-0.0045776367,-0.0045776367,-0.0045776367,-0.0045776367,0.69122314,3.0899658,1.0666199,1.8356628,-0.11444092,-0.0045776367,-0.0045776367,-0.0045776367,-0.0045776367,-0.0045776367,-0.0045776367,3540889.7
3631649255424,11.459454,0,34.747078,33.117416,32.513161,30.856033,32.339211,33.112839,34.133667,33.49279,32.948044,30.292976,32.641335,32.499428,37.397575,39.622337,35.694664,33.529411,32.330055,32.265968,38.459602,34.476997,33.680473,33.538567,32.65049,38.624397,3540909.7,31.890594,29.876404,29.436943,28.84642,29.166855,29.377434,31.492332,30.302132,29.775696,28.219269,29.697868,29.235519,35.053787,38.084229,36.070038,31.831085,30.828568,30.178528,35.186539,32.082855,30.489815,31.451134,30.503548,35.172806,3540909.7,-0.0045776367,-0.0045776367,-0.0045776367,-0.0045776367,-0.0045776367,-0.0045776367,-0.0045776367,-0.0045776367,-0.0045776367,-0.0045776367,-0.0045776367,-0.0045776367,-0.0045776367,0.59967041,2.57724,0.86517334,1.2955017,-0.35247803,-0.0045776367,-0.0045776367,-0.0045776367,-0.0045776367,-0.0045776367,-0.0045776367,3540909.7
3631669247008,11.479446,0,34.747078,33.121994,32.513161,30.856033,32.339211,33.112839,34.129089,33.49279,32.948044,30.283821,32.636757,32.504005,37.392998,39.626915,35.690086,33.524834,32.334633,32.265968,38.455025,34.47242,33.685051,33.538567,32.645912,38.624397,3540929.7,31.872284,29.876404,29.42321,28.837265,29.171432,29.368279,31.501488,30.315865,29.794006,28.219269,29.711601,29.221786,35.058365,38.065918,36.042572,31.84024,30.8423,30.196838,35.186539,32.119476,30.466927,31.464867,30.494392,35.177383,3540929.7,-0.0045776367,-0.0045776367,-0.0045776367,-0.0045776367,-0.0045776367,-0.0045776367,-0.0045776367,-0.0045776367,-0.0045776367,-0.0045776367,-0.0045776367,-0.0045776367,-0.0045776367,0.61798096,2.8244324,0.077819824,1.0940857,-0.059509277,-0.0045776367,-0.0045776367,-0.0045776367,-0.0045776367,-0.0045776367,-0.0045776367,3540929.7
3631689223456,11.499422,0,34.7425,33.117416,32.508583,30.860611,32.339211,33.117416,34.129089,33.49279,32.943466,30.292976,32.636757,32.499428,37.38842,39.61776,35.690086,33.524834,32.334633,32.265968,38.459602,34.467842,33.680473,33.543144,32.659645,38.624397,3540949.7,31.867706,29.871826,29.432365,28.837265,29.166855,29.363701,31.483177,30.315865,29.789429,28.228424,29.711601,29.226364,35.044632,38.079651,36.051727,31.803619,30.846878,30.187683,35.154495,32.09201,30.462349,31.469444,30.503548,35.191116,3540949.7,-0.0045776367,-0.0045776367,-0.0045776367,-0.0045776367,-0.0045776367,-0.0045776367,-0.0045776367,-0.0045776367,-0.0045776367,-0.0045776367,-0.0045776367,-0.0045776367,-0.0045776367,0.88348389,3.1723633,0.65460205,1.0391541,-0.15106201,-0.0045776367,-0.0045776367,-0.0045776367,-0.0045776367,-0.0045776367,-0.0045776367,3540949.7
3631709237632,11.519436,0,34.7425,33.121994,32.522316,30.851456,32.330055,33.117416,34.129089,33.49279,32.957199,30.288399,32.641335,32.499428,37.392998,39.626915,35.690086,33.533989,32.334633,32.265968,38.46418,34.47242,33.675896,33.533989,32.645912,38.624397,3540969.7,31.890594,29.871826,29.427788,28.837265,29.189743,29.372856,31.501488,30.315865,29.780273,28.228424,29.693291,29.217209,35.030899,38.075073,36.056305,31.826508,30.833145,30.187683,35.200272,32.087433,30.466927,31.441978,30.49897,35.191116,3540969.7,-0.0045776367,-0.0045776367,-0.0045776367,-0.0045776367,-0.0045776367,-0.0045776367,-0.0045776367,-0.0045776367,-0.0045776367,-0.0045776367,-0.0045776367,-0.0045776367,-0.0045776367,0.61798096,2.7511902,0.18768311,0.81939697,-0.45318604,-0.0045776367,-0.0045776367,-0.0045776367,-0.0045776367,-0.0045776367,-0.0045776367,3540969.7
3631729229568,11.539428,0,34.747078,33.121994,32.513161,30.860611,32.339211,33.117416,34.124512,33.497368,32.952621,30.292976,32.641335,32.499428,37.383842,39.631493,35.694664,33.529411,32.330055,32.265968,38.468758,34.47242,33.680473,33.543144,32.65049,38.624397,3540989.7,31.876862,29.876404,29.418633,28.837265,29.189743,29.372856,31.487755,30.302132,29.794006,28.223846,29.688713,29.244675,35.058365,38.088806,36.04715,31.812775,30.8423,30.192261,35.181961,32.096588,30.485237,31.451134,30.49897,35.177383,3540989.7,-0.0045776367,-0.0045776367,-0.0045776367,-0.0045776367,-0.0045776367,-0.0045776367,-0.0045776367,-0.0045776367,-0.0045776367,-0.0045776367,-0.0045776367,-0.0045776367,-0.0045776367,0.48065186,3.263916,0.20599365,0.39825439,-0.14190674,-0.0045776367,-0.0045776367,-0.0045776367,-0.0045776367,-0.0045776367,-0.0045776367,3540989.7
3631749317376,11.559516,0,34.747078,33.121994,32.508583,30.865189,32.334633,33.112839,34.129089,33.501945,32.957199,30.292976,32.636757,32.504005,37.38842,39.631493,35.694664,33.529411,32.334633,32.270546,38.473335,34.476997,33.680473,33.538567,32.645912,38.624397,3541009.7,31.895172,29.880981,29.42321,28.837265,29.185165,29.368279,31.510643,30.32502,29.789429,28.223846,29.720757,29.221786,35.053787,38.097961,36.037994,31.826508,30.82399,30.178528,35.177383,32.114899,30.480659,31.451134,30.49897,35.195694,3541009.7,-0.0045776367,-0.0045776367,-0.0045776367,-0.0045776367,-0.0045776367,-0.0045776367,-0.0045776367,-0.0045776367,-0.0045776367,-0.0045776367,-0.0045776367,-0.0045776367,-0.0045776367,0.47149658,3.5751953,0.32501221,-0.032043457,-0.096130371,-0.0045776367,-0.0045776367,-0.0045776367,-0.0045776367,-0.0045776367,-0.0045776367,3541009.7
3631769238432,11.579437,0,34.751663,33.121994,32.508583,30.856033,32.334633,33.112839,34.124512,33.497368,32.957199,30.292976,32.632179,32.499428,37.38842,39.622337,35.694664,33.520256,32.325478,32.261391,38.459602,34.476997,33.675896,33.538567,32.65049,38.624397,3541029.7,31.872284,29.871826,29.441521,28.837265,29.185165,29.354546,31.506065,30.315865,29.789429,28.233002,29.720757,29.244675,35.058365,38.079651,36.037994,31.808197,30.856033,30.196838,35.177383,32.101166,30.471504,31.451134,30.521858,35.186539,3541029.7,-0.0045776367,-0.0045776367,-0.0045776367,-0.0045776367,-0.0045776367,-0.0045776367,-0.0045776367,-0.0045776367,-0.0045776367,-0.0045776367,-0.0045776367,-0.0045776367,-0.0045776367,0.4989624,3.2089844,0.27923584,0.14190674,-0.10528564,-0.0045776367,-0.0045776367,-0.0045776367,-0.0045776367,-0.0045776367,-0.0045776367,3541029.7
3631789262688,11.599461,0,34.7425,33.121994,32.513161,30.856033,32.339211,33.117416,34.133667,33.49279,32.957199,30.297554,32.641335,32.504005,37.383842,39.631493,35.685509,33.524834,32.334633,32.270546,38.459602,34.467842,33.680473,33.543144,32.65049,38.624397,3541049.7,31.881439,29.867249,29.436943,28.837265,29.189743,29.372856,31.501488,30.315865,29.789429,28.228424,29.707024,29.217209,35.040054,38.093384,36.04715,31.831085,30.846878,30.192261,35.195694,32.087433,30.49897,31.451134,30.517281,35.181961,3541049.7,-0.0045776367,-0.0045776367,-0.0045776367,-0.0045776367,-0.0045776367,-0.0045776367,-0.0045776367,-0.0045776367,-0.0045776367,-0.0045776367,-0.0045776367,-0.0045776367,-0.0045776367,0.35247803,2.9251404,0.41656494,-0.73699951,0.050354004,-0.0045776367,-0.0045776367,-0.0045776367,-0.0045776367,-0.0045776367,-0.0045776367,3541049.7
3631809204608,11.619403,0,34.751663,33.121994,32.508583,30.856033,32.334633,33.112839,34.129089,33.497368,32.952621,30.292976,32.641335,32.504005,37.38842,39.631493,35.690086,33.524834,32.339211,32.265968,38.46418,34.467842,33.685051,33.543144,32.65049,38.628975,3541069.7,31.881439,29.876404,29.455254,28.837265,29.180588,29.354546,31.49691,30.32502,29.789429,28.228424,29.716179,29.230942,35.040054,38.093384,36.024261,31.808197,30.846878,30.196838,35.172806,32.101166,30.494392,31.455711,30.49897,35.204849,3541069.7,-0.0045776367,-0.0045776367,-0.0045776367,-0.0045776367,-0.0045776367,-0.0045776367,-0.0045776367,-0.0045776367,-0.0045776367,-0.0045776367,-0.0045776367,-0.0045776367,-0.0045776367,0.88348389,2.3392029,0.21514893,-0.92926025,-0.52642822,-0.0045776367,-0.0045776367,-0.0045776367,-0.0045776367,-0.0045776367,-0.0045776367,3541069.7
3631829262112,11.639461,0,34.747078,33.117416,32.517738,30.860611,32.343788,33.112839,34.124512,33.49279,32.957199,30.292976,32.645912,32.499428,37.383842,39.626915,35.699242,33.524834,32.339211,32.265968,38.46418,34.47242,33.675896,33.538567,32.645912,38.61982,3541089.7,31.876862,29.871826,29.42321,28.837265,29.185165,29.359123,31.49691,30.306709,29.789429,28.228424,29.720757,29.221786,35.06752,38.088806,36.019684,31.82193,30.846878,30.192261,35.191116,32.09201,30.466927,31.483177,30.512703,35.204849,3541089.7,-0.0045776367,-0.0045776367,-0.0045776367,-0.0045776367,-0.0045776367,-0.0045776367,-0.0045776367,-0.0045776367,-0.0045776367,-0.0045776367,-0.0045776367,-0.0045776367,-0.0045776367,0.21514893,1.103241,0.47149658,-0.9475708,-0.56304932,-0.0045776367,-0.0045776367,-0.0045776367,-0.0045776367,-0.0045776367,-0.0045776367,3541089.7
3631849222080,11.659421,0,34.751663,33.117416,32.508583,30.860611,32.339211,33.117416,34.129089,33.488213,32.961777,30.292976,32.641335,32.499428,37.38842,39.626915,35.690086,33.529411,32.334633,32.270546,38.46418,34.47242,33.680473,33.538567,32.645912,38.624397,3541109.7,31.890594,29.880981,29.446098,28.82811,29.171432,29.359123,31.49691,30.311287,29.771118,28.237579,29.693291,29.217209,35.040054,38.084229,36.024261,31.817352,30.846878,30.187683,35.204849,32.114899,30.480659,31.455711,30.517281,35.181961,3541109.7,-0.0045776367,-0.0045776367,-0.0045776367,-0.0045776367,-0.0045776367,-0.0045776367,-0.0045776367,-0.0045776367,-0.0045776367,-0.0045776367,-0.0045776367,-0.0045776367,-0.0045776367,0.80108643,0.16021729,0.39825439,-0.42572021,-0.45318604,-0.0045776367,-0.0045776367,-0.0045776367,-0.0045776367,-0.0045776367,-0.0045776367,3541109.7
3631869211168,11.67941,0,34.747078,33.117416,32.508583,30.860611,32.334633,33.112839,34.133667,33.49279,32.952621,30.288399,32.636757,32.504005,37.397575,39.631493,35.690086,33.529411,32.325478,32.265968,38.459602,34.47242,33.680473,33.538567,32.641335,38.624397,3541129.7,31.886017,29.867249,29.441521,28.832687,29.185165,29.368279,31.474022,30.302132,29.789429,28.233002,29.693291,29.235519,35.062943,38.088806,36.019684,31.817352,30.851456,30.169373,35.177383,32.087433,30.476082,31.460289,30.494392,35.195694,3541129.7,-0.0045776367,-0.0045776367,-0.0045776367,-0.0045776367,-0.0045776367,-0.0045776367,-0.0045776367,-0.0045776367,-0.0045776367,-0.0045776367,-0.0045776367,-0.0045776367,-0.0045776367,0.26092529,-2.5314636,0.72784424,-0.6362915,0.086975098,-0.0045776367,-0.0045776367,-0.0045776367,-0.0045776367,-0.0045776367,-0.0045776367,3541129.7
3631889273408,11.699472,0,34.747078,33.117416,32.513161,30.860611,32.334633,33.117416,34.124512,33.49279,32.957199,30.292976,32.641335,32.504005,37.392998,39.631493,35.685509,33.529411,32.334633,32.270546,38.46418,34.47242,33.680473,33.547722,32.65049,38.615242,3541149.7,31.876862,29.876404,29.441521,28.82811,29.17601,29.354546,31.49691,30.311287,29.794006,28.214691,29.702446,29.217209,35.04921,38.107117,36.060883,31.812775,30.833145,30.17395,35.177383,32.09201,30.480659,31.432823,30.494392,35.177383,3541149.7,-0.0045776367,-0.0045776367,-0.0045776367,-0.0045776367,-0.0045776367,-0.0045776367,-0.0045776367,-0.0045776367,-0.0045776367,-0.0045776367,-0.0045776367,-0.0045776367,-0.0045776367,0.33416748,-3.8040771,0.44403076,-0.086975098,-0.04119873,-0.0045776367,-0.0045776367,-0.0045776367,-0.0045776367,-0.0045776367,-0.0045776367,3541149.7
3631909217472,11.719416,0,34.747078,33.117416,32.517738,30.860611,32.334633,33.117416,34.133667,33.49279,32.952621,30.292976,32.641335,32.499428,37.392998,39.626915,35.699242,33.529411,32.334633,32.270546,38.459602,34.476997,33.680473,33.538567,32.65049,38.624397,3541169.7,31.890594,29.862671,29.427788,28.837265,29.17601,29.368279,31.492332,30.311287,29.789429,28.228424,29.707024,29.226364,35.040054,38.107117,36.028839,31.808197,30.837723,30.196838,35.195694,32.101166,30.476082,31.446556,30.489815,35.209427,3541169.7,-0.0045776367,-0.0045776367,-0.0045776367,-0.0045776367,-0.0045776367,-0.0045776367,-0.0045776367,-0.0045776367,-0.0045776367,-0.0045776367,-0.0045776367,-0.0045776367,-0.0045776367,-0.077819824,-5.3971252,0.33416748,-0.51727295,0.077819824,-0.0045776367,-0.0045776367,-0.0045776367,-0.0045776367,-0.0045776367,-0.0045776367,3541169.7
3631929204608,11.739403,0,34.747078,33.117416,32.513161,30.869766,32.334633,33.112839,34.124512,33.501945,32.957199,30.297554,32.645912,32.508583,37.392998,39.626915,35.694664,33.524834,32.334633,32.265968,38.46418,34.47242,33.680473,33.547722,32.65049,38.624397,3541189.7,31.863129,29.871826,29.455254,28.832687,29.180588,29.363701,31.492332,30.315865,29.775696,28.233002,29.707024,29.217209,35.04921,38.093384,36.019684,31.82193,30.8423,30.187683,35.200272,32.096588,30.489815,31.446556,30.508125,35.204849,3541189.7,-0.0045776367,-0.0045776367,-0.0045776367,-0.0045776367,-0.0045776367,-0.0045776367,-0.0045776367,-0.0045776367,-0.0045776367,-0.0045776367,-0.0045776367,-0.0045776367,-0.0045776367,1.5243835,-6.2577209,-0.27008057,0.34332275,0.11444092,-0.0045776367,-0.0045776367,-0.0045776367,-0.0045776367,-0.0045776367,-0.0045776367,3541189.7
3631949416512,11.759615,0,34.747078,33.117416,32.508583,30.860611,32.334633,33.108261,34.133667,33.49279,32.957199,30.297554,32.641335,32.499428,37.392998,39.63607,35.690086,33.529411,32.330055,32.270546,38.46418,34.467842,33.685051,33.543144,32.65049,38.628975,3541209.7,31.886017,29.876404,29.446098,28.841843,29.185165,29.359123,31.510643,30.315865,29.784851,28.237579,29.707024,29.203476,35.04921,38.088806,35.996796,31.82193,30.833145,30.17395,35.177383,32.096588,30.485237,31.460289,30.503548,35.200272,3541209.7,-0.0045776367,-0.0045776367,-0.0045776367,-0.0045776367,-0.0045776367,-0.0045776367,-0.0045776367,-0.0045776367,-0.0045776367,-0.0045776367,-0.0045776367,-0.0045776367,-0.0045776367,-2.5314636,-7.8141479,-0.64544678,-0.086975098,-0.0045776367,-0.0045776367,-0.0045776367,-0.0045776367,-0.0045776367,-0.0045776367,-0.0045776367,3541209.7
3631969212960,11.779412,0,34.747078,33.117416,32.508583,30.860611,32.334633,33.117416,34.124512,33.497368,32.952621,30.292976,32.641335,32.499428,37.392998,39.626915,35.699242,33.524834,32.330055,32.265968,38.46418,34.476997,33.680473,33.547722,32.65049,38.628975,3541229.7,31.886017,29.885559,29.432365,28.841843,29.189743,29.349968,31.492332,30.320442,29.780273,28.223846,29.720757,29.235519,35.044632,38.075073,36.001373,31.84024,30.846878,30.196838,35.172806,32.096588,30.471504,31.469444,30.508125,35.181961,3541229.7,-0.0045776367,-0.0045776367,-0.0045776367,-0.0045776367,-0.0045776367,-0.0045776367,-0.0045776367,-0.0045776367,-0.0045776367,-0.0045776367,-0.0045776367,-0.0045776367,-0.0045776367,-2.3300476,-9.1142273,-1.3870544,-0.13275146,0.16937256,-0.0045776367,-0.0045776367,-0.0045776367,-0.0045776367,-0.0045776367,-0.0045776367,3541229.7
3631989182688,11.799381,0,34.7425,33.121994,32.508583,30.856033,32.339211,33.117416,34.124512,33.49279,32.948044,30.297554,32.645912,32.49485,37.38842,39.631493,35.690086,33.520256,32.330055,32.261391,38.46418,34.47242,33.685051,33.538567,32.645912,38.61982,3541249.7,31.872284,29.871826,29.42321,28.823532,29.189743,29.377434,31.474022,30.315865,29.794006,28.223846,29.716179,29.230942,35.072098,38.102539,36.028839,31.82193,30.837723,30.183105,35.200272,32.101166,30.49897,31.469444,30.503548,35.177383,3541249.7,-0.0045776367,-0.0045776367,-0.0045776367,-0.0045776367,-0.0045776367,-0.0045776367,-0.0045776367,-0.0045776367,-0.0045776367,-0.0045776367,-0.0045776367,-0.0045776367,-0.0045776367,-2.677948,-9.4621277,-1.7624207,0.096130371,0.096130371,-0.0045776367,-0.0045776367,-0.0045776367,-0.0045776367,-0.0045776367,-0.0045776367,3541249.7
3632009223264,11.819422,0,34.7425,33.121994,32.513161,30.860611,32.339211,33.117416,34.124512,33.501945,32.957199,30.292976,32.636757,32.499428,37.38842,39.626915,35.699242,33.520256,32.334633,32.265968,38.459602,34.47242,33.680473,33.538567,32.65049,38.624397,3541269.7,31.881439,29.880981,29.436943,28.832687,29.180588,29.359123,31.49691,30.306709,29.780273,28.228424,29.702446,29.212631,35.04921,38.079651,36.001373,31.82193,30.846878,30.192261,35.177383,32.096588,30.485237,31.4786,30.512703,35.204849,3541269.7,-0.0045776367,-0.0045776367,-0.0045776367,-0.0045776367,-0.0045776367,-0.0045776367,-0.0045776367,-0.0045776367,-0.0045776367,-0.0045776367,-0.0045776367,-0.0045776367,-0.0045776367,-3.1540527,-9.974823,-2.6321716,0.10528564,-0.096130371,-0.0045776367,-0.0045776367,-0.0045776367,-0.0045776367,-0.0045776367,-0.0045776367,3541269.7
3632029257408,11.839456,0,34.747078,33.117416,32.513161,30.856033,32.334633,33.121994,34.124512,33.49279,32.952621,30.292976,32.641335,32.499428,37.38842,39.631493,35.694664,33.524834,32.334633,32.265968,38.468758,34.47242,33.675896,33.543144,32.645912,38.624397,3541289.7,31.867706,29.876404,29.441521,28.82811,29.203476,29.382011,31.501488,30.302132,29.784851,28.237579,29.716179,29.230942,35.053787,38.093384,36.001373,31.826508,30.856033,30.178528,35.191116,32.110321,30.462349,31.455711,30.512703,35.177383,3541289.7,-0.0045776367,-0.0045776367,-0.0045776367,-0.0045776367,-0.0045776367,-0.0045776367,-0.0045776367,-0.0045776367,-0.0045776367,-0.0045776367,-0.0045776367,-0.0045776367,-0.0045776367,-4.0146484,-10.176239,-2.9983826,0.059509277,-0.059509277,-0.0045776367,-0.0045776367,-0.0045776367,-0.0045776367,-0.0045776367,-0.0045776367,3541289.7
3632049238208,11.859437,0,34.7425,33.117416,32.517738,30.860611,32.339211,33.121994,34.129089,33.49279,32.952621,30.297554,32.636757,32.49485,37.383842,39.631493,35.685509,33.524834,32.334633,32.265968,38.46418,34.47242,33.680473,33.538567,32.641335,38.624397,3541309.7,31.886017,29.862671,29.441521,28.837265,29.185165,29.372856,31.492332,30.311287,29.789429,28.228424,29.707024,29.221786,35.06752,38.102539,36.024261,31.82193,30.8423,30.183105,35.186539,32.105743,30.466927,31.464867,30.521858,35.195694,3541309.7,-0.0045776367,-0.0045776367,-0.0045776367,-0.0045776367,-0.0045776367,-0.0045776367,-0.0045776367,-0.0045776367,-0.0045776367,-0.0045776367,-0.0045776367,-0.0045776367,-0.0045776367,-4.4174805,-9.5079041,-3.630127,-0.92926025,0.022888184,-0.0045776367,-0.0045776367,-0.0045776367,-0.0045776367,-0.0045776367,-0.0045776367,3541309.7
3632069227232,11.879426,0,34.751663,33.117416,32.513161,30.860611,32.343788,33.117416,34.133667,33.49279,32.952621,30.292976,32.641335,32.499428,37.38842,39.631493,35.690086,33.524834,32.339211,32.265968,38.46418,34.476997,33.680473,33.538567,32.65049,38.61982,3541329.7,31.881439,29.880981,29.436943,28.84642,29.198898,29.372856,31.501488,30.315865,29.780273,28.223846,29.720757,29.235519,35.040054,38.084229,36.015106,31.82193,30.828568,30.192261,35.163651,32.105743,30.466927,31.455711,30.49897,35.195694,3541329.7,-0.0045776367,-0.0045776367,-0.0045776367,-0.0045776367,-0.0045776367,-0.0045776367,-0.0045776367,-0.0045776367,-0.0045776367,-0.0045776367,-0.0045776367,-0.0045776367,-0.0045776367,-4.5822754,-9.2424011,-3.4378662,-0.92926025,-0.01373291,-0.0045776367,-0.0045776367,-0.0045776367,-0.0045776367,-0.0045776367,-0.0045776367,3541329.7
3632089215712,11.899414,0,34.751663,33.121994,32.513161,30.860611,32.334633,33.117416,34.129089,33.488213,32.952621,30.292976,32.636757,32.499428,37.38842,39.626915,35.690086,33.524834,32.330055,32.261391,38.46418,34.476997,33.685051,33.538567,32.655067,38.61982,3541349.7,31.881439,29.871826,29.427788,28.837265,29.185165,29.372856,31.49691,30.329597,29.798584,28.228424,29.697868,29.217209,35.053787,38.102539,36.005951,31.817352,30.82399,30.187683,35.191116,32.09201,30.462349,31.451134,30.489815,35.191116,3541349.7,-0.0045776367,-0.0045776367,-0.0045776367,-0.0045776367,-0.0045776367,-0.0045776367,-0.0045776367,-0.0045776367,-0.0045776367,-0.0045776367,-0.0045776367,-0.0045776367,-0.0045776367,-4.8294678,-9.4621277,-3.6759033,-1.3229675,-0.44403076,-0.0045776367,-0.0045776367,-0.0045776367,-0.0045776367,-0.0045776367,-0.0045776367,3541349.7
3632109242464,11.919441,0,34.747078,33.121994,32.517738,30.860611,32.339211,33.117416,34.129089,33.497368,32.952621,30.297554,32.641335,32.499428,37.38842,39.63607,35.685509,33.529411,32.330055,32.261391,38.46418,34.476997,33.680473,33.547722,32.65049,38.628975,3541369.7,31.886017,29.862671,29.450676,28.837265,29.180588,29.368279,31.49691,30.311287,29.784851,28.233002,29.697868,29.230942,35.062943,38.107117,35.992218,31.835663,30.851456,30.178528,35.177383,32.087433,30.485237,31.455711,30.494392,35.172806,3541369.7,-0.0045776367,-0.0045776367,-0.0045776367,-0.0045776367,-0.0045776367,-0.0045776367,-0.0045776367,-0.0045776367,-0.0045776367,-0.0045776367,-0.0045776367,-0.0045776367,-0.0045776367,-4.6921387,-8.9951782,-3.666748,-1.5426941,-0.12359619,-0.0045776367,-0.0045776367,-0.0045776367,-0.0045776367,-0.0045776367,-0.0045776367,3541369.7
3632129225408,11.939424,0,34.747078,33.112839,32.508583,30.860611,32.339211,33.121994,34.124512,33.497368,32.952621,30.283821,32.641335,32.49485,37.392998,39.63607,35.694664,33.524834,32.334633,32.265968,38.459602,34.47242,33.680473,33.543144,32.645912,38.61982,3541389.7,31.872284,29.876404,29.441521,28.841843,29.17601,29.359123,31.483177,30.311287,29.794006,28.219269,29.702446,29.230942,35.053787,38.111694,36.015106,31.84024,30.833145,30.178528,35.168228,32.101166,30.489815,31.460289,30.512703,35.191116,3541389.7,-0.0045776367,-0.0045776367,-0.0045776367,-0.0045776367,-0.0045776367,-0.0045776367,-0.0045776367,-0.0045776367,-0.0045776367,-0.0045776367,-0.0045776367,-0.0045776367,-0.0045776367,-4.2618408,-8.7571411,-3.3188477,-1.506073,-0.04119873,-0.0045776367,-0.0045776367,-0.0045776367,-0.0045776367,-0.0045776367,-0.0045776367,3541389.7
3632149410912,11.95961,0,34.7425,33.121994,32.517738,30.860611,32.343788,33.112839,34.129089,33.488213,32.957199,30.292976,32.636757,32.499428,37.392998,39.631493,35.694664,33.524834,32.330055,32.261391,38.459602,34.47242,33.680473,33.538567,32.645912,38.624397,3541409.7,31.886017,29.880981,29.427788,28.82811,29.166855,29.359123,31.49691,30.329597,29.794006,28.237579,29.702446,29.226364,35.040054,38.111694,35.996796,31.835663,30.8423,30.183105,35.168228,32.082855,30.471504,31.460289,30.508125,35.200272,3541409.7,-0.0045776367,-0.0045776367,-0.0045776367,-0.0045776367,-0.0045776367,-0.0045776367,-0.0045776367,-0.0045776367,-0.0045776367,-0.0045776367,-0.0045776367,-0.0045776367,-0.0045776367,-4.5181885,-7.3289185,-3.0258789,-1.7990417,0.26092529,-0.0045776367,-0.0045776367,-0.0045776367,-0.0045776367,-0.0045776367,-0.0045776367,3541409.7
3632169229312,11.979428,0,34.747078,33.121994,32.513161,30.860611,32.343788,33.117416,34.129089,33.497368,32.952621,30.292976,32.641335,32.499428,37.392998,39.63607,35.690086,33.533989,32.325478,32.270546,38.46418,34.47242,33.685051,33.543144,32.655067,38.61982,3541429.7,31.881439,29.876404,29.441521,28.850998,29.17601,29.363701,31.49691,30.302132,29.780273,28.228424,29.702446,29.230942,35.040054,38.084229,35.992218,31.835663,30.846878,30.192261,35.181961,32.101166,30.476082,31.451134,30.512703,35.200272,3541429.7,-0.0045776367,-0.0045776367,-0.0045776367,-0.0045776367,-0.0045776367,-0.0045776367,-0.0045776367,-0.0045776367,-0.0045776367,-0.0045776367,-0.0045776367,-0.0045776367,-0.0045776367,-3.8223877,-7.0267944,-3.0350342,-1.8356628,-0.14190674,-0.0045776367,-0.0045776367,-0.0045776367,-0.0045776367,-0.0045776367,-0.0045776367,3541429.7
3632189241120,11.99944,0,34.747078,33.121994,32.513161,30.860611,32.339211,33.112839,34.133667,33.49279,32.948044,30.297554,32.636757,32.508583,37.392998,39.626915,35.690086,33.524834,32.330055,32.265968,38.46418,34.47242,33.685051,33.538567,32.655067,38.624397,3541449.7,31.863129,29.853516,29.441521,28.837265,29.185165,29.368279,31.501488,30.329597,29.794006,28.223846,29.697868,29.221786,35.040054,38.116272,36.019684,31.84024,30.837723,30.201416,35.172806,32.110321,30.489815,31.460289,30.49897,35.195694,3541449.7,-0.0045776367,-0.0045776367,-0.0045776367,-0.0045776367,-0.0045776367,-0.0045776367,-0.0045776367,-0.0045776367,-0.0045776367,-0.0045776367,-0.0045776367,-0.0045776367,-0.0045776367,-3.1082764,-5.8548889,-2.5223083,-2.0187683,0.04119873,-0.0045776367,-0.0045776367,-0.0045776367,-0.0045776367,-0.0045776367,-0.0045776367,3541449.7
3632209219168,12.019418,0,34.747078,33.126572,32.508583,30.860611,32.334633,33.112839,34.133667,33.497368,32.952621,30.297554,32.636757,32.504005,37.392998,39.631493,35.694664,33.524834,32.330055,32.265968,38.46418,34.47242,33.685051,33.533989,32.655067,38.624397,3541469.7,31.876862,29.885559,29.436943,28.841843,29.185165,29.354546,31.501488,30.32502,29.784851,28.237579,29.711601,29.235519,35.053787,38.107117,35.992218,31.831085,30.856033,30.196838,35.159073,32.09201,30.485237,31.455711,30.494392,35.186539,3541469.7,-0.0045776367,-0.0045776367,-0.0045776367,-0.0045776367,-0.0045776367,-0.0045776367,-0.0045776367,-0.0045776367,-0.0045776367,-0.0045776367,-0.0045776367,-0.0045776367,-0.0045776367,-2.7328796,-5.89151,-2.5131531,-1.808197,-0.032043457,-0.0045776367,-0.0045776367,-0.0045776367,-0.0045776367,-0.0045776367,-0.0045776367,3541469.7
3632229221056,12.03942,0,34.747078,33.117416,32.504005,30.856033,32.339211,33.112839,34.124512,33.497368,32.948044,30.297554,32.641335,32.499428,37.38842,39.631493,35.699242,33.533989,32.339211,32.261391,38.468758,34.476997,33.675896,33.543144,32.65049,38.61982,3541489.7,31.867706,29.867249,29.42321,28.837265,29.180588,29.372856,31.506065,30.32502,29.771118,28.228424,29.702446,29.235519,35.053787,38.097961,36.010529,31.831085,30.833145,30.192261,35.163651,32.087433,30.476082,31.474022,30.521858,35.181961,3541489.7,-0.0045776367,-0.0045776367,-0.0045776367,-0.0045776367,-0.0045776367,-0.0045776367,-0.0045776367,-0.0045776367,-0.0045776367,-0.0045776367,-0.0045776367,-0.0045776367,-0.0045776367,-1.0940857,-5.4429016,-2.0370789,-1.9180603,0.04119873,-0.0045776367,-0.0045776367,-0.0045776367,-0.0045776367,-0.0045776367,-0.0045776367,3541489.7
3632249216352,12.059415,0,34.747078,33.121994,32.517738,30.856033,32.343788,33.121994,34.124512,33.488213,32.952621,30.292976,32.632179,32.504005,37.397575,39.63607,35.699242,33.533989,32.330055,32.270546,38.46418,34.47242,33.680473,33.538567,32.65049,38.61982,3541509.7,31.867706,29.862671,29.432365,28.84642,29.171432,29.354546,31.487755,30.315865,29.798584,28.223846,29.707024,29.217209,35.044632,38.111694,35.983063,31.84024,30.8423,30.205994,35.181961,32.110321,30.480659,31.469444,30.531013,35.191116,3541509.7,-0.0045776367,-0.0045776367,-0.0045776367,-0.0045776367,-0.0045776367,-0.0045776367,-0.0045776367,-0.0045776367,-0.0045776367,-0.0045776367,-0.0045776367,-0.0045776367,-0.0045776367,-0.59967041,-5.0126038,-1.7532654,-1.5976257,0.10528564,-0.0045776367,-0.0045776367,-0.0045776367,-0.0045776367,-0.0045776367,-0.0045776367,3541509.7
3632269195712,12.079394,0,34.747078,33.117416,32.513161,30.860611,32.339211,33.112839,34.129089,33.49279,32.957199,30.288399,32.641335,32.49485,37.38842,39.631493,35.699242,33.524834,32.330055,32.270546,38.46418,34.476997,33.685051,33.547722,32.65049,38.624397,3541529.7,31.872284,29.890137,29.450676,28.837265,29.166855,29.363701,31.492332,30.297554,29.794006,28.228424,29.711601,29.217209,35.04921,38.084229,35.98764,31.84024,30.837723,30.196838,35.186539,32.101166,30.466927,31.460289,30.526436,35.191116,3541529.7,-0.0045776367,-0.0045776367,-0.0045776367,-0.0045776367,-0.0045776367,-0.0045776367,-0.0045776367,-0.0045776367,-0.0045776367,-0.0045776367,-0.0045776367,-0.0045776367,-0.0045776367,-0.38909912,-4.9942627,-1.9455261,-1.3870544,-0.13275146,-0.0045776367,-0.0045776367,-0.0045776367,-0.0045776367,-0.0045776367,-0.0045776367,3541529.7
3632289216800,12.099415,0,34.7425,33.121994,32.517738,30.860611,32.334633,33.112839,34.129089,33.497368,32.957199,30.292976,32.636757,32.499428,37.383842,39.631493,35.694664,33.529411,32.330055,32.261391,38.46418,34.476997,33.680473,33.543144,32.641335,38.61982,3541549.7,31.881439,29.867249,29.432365,28.841843,29.185165,29.359123,31.487755,30.311287,29.780273,28.233002,29.707024,29.235519,35.06752,38.111694,35.992218,31.817352,30.8423,30.17395,35.168228,32.105743,30.476082,31.460289,30.521858,35.191116,3541549.7,-0.0045776367,-0.0045776367,-0.0045776367,-0.0045776367,-0.0045776367,-0.0045776367,-0.0045776367,-0.0045776367,-0.0045776367,-0.0045776367,-0.0045776367,-0.0045776367,-0.0045776367,-0.068664551,-4.8660889,-2.0920105,-0.59967041,0.12359619,-0.0045776367,-0.0045776367,-0.0045776367,-0.0045776367,-0.0045776367,-0.0045776367,3541549.7
3632309227200,12.119426,0,34.7425,33.117416,32.517738,30.860611,32.334633,33.112839,34.133667,33.488213,32.952621,30.297554,32.641335,32.504005,37.397575,39.631493,35.699242,33.533989,32.330055,32.270546,38.46418,34.476997,33.675896,33.533989,32.65049,38.624397,3541569.7,31.863129,29.876404,29.441521,28.837265,29.185165,29.368279,31.501488,30.320442,29.780273,28.223846,29.716179,29.221786,35.04921,38.116272,35.978485,31.831085,30.828568,30.192261,35.168228,32.096588,30.480659,31.464867,30.49897,35.186539,3541569.7,-0.0045776367,-0.0045776367,-0.0045776367,-0.0045776367,-0.0045776367,-0.0045776367,-0.0045776367,-0.0045776367,-0.0045776367,-0.0045776367,-0.0045776367,-0.0045776367,-0.0045776367,-0.20599365,-5.2323303,-1.5335388,-0.19683838,-0.077819824,-0.0045776367,-0.0045776367,-0.0045776367,-0.0045776367,-0.0045776367,-0.0045776367,3541569.7
3632329194464,12.139393,0,34.751663,33.117416,32.513161,30.860611,32.343788,33.117416,34.129089,33.497368,32.957199,30.292976,32.641335,32.504005,37.392998,39.63607,35.699242,33.529411,32.330055,32.265968,38.468758,34.476997,33.680473,33.538567,32.65049,38.624397,3541589.7,31.863129,29.876404,29.427788,28.832687,29.17601,29.363701,31.487755,30.311287,29.784851,28.219269,29.697868,29.217209,35.062943,38.107117,36.001373,31.835663,30.837723,30.201416,35.195694,32.105743,30.466927,31.474022,30.494392,35.195694,3541589.7,-0.0045776367,-0.0045776367,-0.0045776367,-0.0045776367,-0.0045776367,-0.0045776367,-0.0045776367,-0.0045776367,-0.0045776367,-0.0045776367,-0.0045776367,-0.0045776367,-0.0045776367,-0.01373291,-4.4083252,-1.3962097,0.70037842,0.096130371,-0.0045776367,-0.0045776367,-0.0045776367,-0.0045776367,-0.0045776367,-0.0045776367,3541589.7
3632349409344,12.159608,0,34.7425,33.121994,32.513161,30.860611,32.348366,33.117416,34.133667,33.49279,32.952621,30.297554,32.645912,32.504005,37.38842,39.631493,35.699242,33.533989,32.330055,32.261391,38.459602,34.476997,33.680473,33.547722,32.65049,38.624397,3541609.7,31.881439,29.880981,29.42321,28.84642,29.189743,29.34539,31.49691,30.320442,29.780273,28.214691,29.711601,29.226364,35.044632,38.107117,36.010529,31.831085,30.8423,30.210571,35.168228,32.096588,30.503548,31.469444,30.535591,35.186539,3541609.7,-0.0045776367,-0.0045776367,-0.0045776367,-0.0045776367,-0.0045776367,-0.0045776367,-0.0045776367,-0.0045776367,-0.0045776367,-0.0045776367,-0.0045776367,-0.0045776367,-0.0045776367,0.059509277,-4.3259277,-1.0940857,1.1947937,0.2243042,-0.0045776367,-0.0045776367,-0.0045776367,-0.0045776367,-0.0045776367,-0.0045776367,3541609.7
3632369211200,12.17941,0,34.747078,33.121994,32.508583,30.865189,32.339211,33.117416,34.133667,33.497368,32.957199,30.297554,32.641335,32.499428,37.392998,39.63607,35.699242,33.533989,32.330055,32.261391,38.46418,34.47242,33.685051,33.538567,32.655067,38.624397,3541629.7,31.881439,29.871826,29.441521,28.855576,29.185165,29.359123,31.515221,30.297554,29.812317,28.219269,29.702446,29.226364,35.040054,38.093384,36.001373,31.826508,30.860611,30.201416,35.168228,32.101166,30.489815,31.4786,30.517281,35.186539,3541629.7,-0.0045776367,-0.0045776367,-0.0045776367,-0.0045776367,-0.0045776367,-0.0045776367,-0.0045776367,-0.0045776367,-0.0045776367,-0.0045776367,-0.0045776367,-0.0045776367,-0.0045776367,-0.48980713,-4.5822754,-1.2955017,1.3229675,0.20599365,-0.0045776367,-0.0045776367,-0.0045776367,-0.0045776367,-0.0045776367,-0.0045776367,3541629.7
3632389240064,12.199439,0,34.747078,33.117416,32.513161,30.865189,32.330055,33.112839,34.133667,33.497368,32.952621,30.297554,32.636757,32.49485,37.38842,39.640648,35.694664,33.533989,32.334633,32.261391,38.459602,34.47242,33.680473,33.543144,32.65049,38.61982,3541649.7,31.876862,29.876404,29.436943,28.823532,29.194321,29.349968,31.492332,30.302132,29.784851,28.228424,29.720757,29.226364,35.053787,38.130005,35.992218,31.826508,30.833145,30.201416,35.172806,32.105743,30.494392,31.455711,30.49897,35.186539,3541649.7,-0.0045776367,-0.0045776367,-0.0045776367,-0.0045776367,-0.0045776367,-0.0045776367,-0.0045776367,-0.0045776367,-0.0045776367,-0.0045776367,-0.0045776367,-0.0045776367,-0.0045776367,-0.51727295,-4.0054932,-0.46234131,2.5131531,0.55389404,-0.0045776367,-0.0045776367,-0.0045776367,-0.0045776367,-0.0045776367,-0.0045776367,3541649.7
3632409238560,12.219437,0,34.747078,33.117416,32.508583,30.860611,32.334633,33.112839,34.129089,33.497368,32.957199,30.297554,32.645912,32.499428,37.392998,39.626915,35.703819,33.533989,32.330055,32.270546,38.46418,34.47242,33.680473,33.547722,32.645912,38.624397,3541669.7,31.876862,29.871826,29.436943,28.850998,29.166855,29.363701,31.506065,30.320442,29.784851,28.219269,29.697868,29.226364,35.072098,38.12085,36.005951,31.835663,30.837723,30.201416,35.181961,32.087433,30.494392,31.451134,30.521858,35.214005,3541669.7,-0.0045776367,-0.0045776367,-0.0045776367,-0.0045776367,-0.0045776367,-0.0045776367,-0.0045776367,-0.0045776367,-0.0045776367,-0.0045776367,-0.0045776367,-0.0045776367,-0.0045776367,-1.0391541,-3.9597168,-0.21514893,2.7237244,0.40740967,-0.0045776367,-0.0045776367,-0.0045776367,-0.0045776367,-0.0045776367,-0.0045776367,3541669.7
3632429203232,12.239402,0,34.751663,33.117416,32.522316,30.860611,32.339211,33.112839,34.129089,33.501945,32.952621,30.297554,32.636757,32.499428,37.38842,39.631493,35.708397,33.524834,32.330055,32.261391,38.459602,34.476997,33.680473,33.543144,32.645912,38.624397,3541689.7,31.886017,29.867249,29.432365,28.850998,29.185165,29.349968,31.49691,30.315865,29.784851,28.233002,29.707024,29.230942,35.04921,38.116272,36.001373,31.831085,30.837723,30.201416,35.186539,32.101166,30.480659,31.464867,30.512703,35.209427,3541689.7,-0.0045776367,-0.0045776367,-0.0045776367,-0.0045776367,-0.0045776367,-0.0045776367,-0.0045776367,-0.0045776367,-0.0045776367,-0.0045776367,-0.0045776367,-0.0045776367,-0.0045776367,-1.0208435,-3.1448975,0.04119873,2.7420349,0.62713623,-0.0045776367,-0.0045776367,-0.0045776367,-0.0045776367,-0.0045776367,-0.0045776367,3541689.7
3632449176448,12.259375,0,34.747078,33.121994,32.513161,30.856033,32.334633,33.117416,34.129089,33.497368,32.957199,30.288399,32.636757,32.504005,37.392998,39.631493,35.703819,33.529411,32.334633,32.261391,38.468758,34.481575,33.680473,33.543144,32.655067,38.61982,3541709.7,31.881439,29.871826,29.427788,28.841843,29.1577,29.363701,31.506065,30.306709,29.789429,28.228424,29.697868,29.235519,35.058365,38.125427,35.98764,31.826508,30.8423,30.187683,35.172806,32.105743,30.480659,31.464867,30.512703,35.177383,3541709.7,-0.0045776367,-0.0045776367,-0.0045776367,-0.0045776367,-0.0045776367,-0.0045776367,-0.0045776367,-0.0045776367,-0.0045776367,-0.0045776367,-0.0045776367,-0.0045776367,-0.0045776367,-0.56304932,-2.3849792,0.57220459,2.8061218,0.48065186,-0.0045776367,-0.0045776367,-0.0045776367,-0.0045776367,-0.0045776367,-0.0045776367,3541709.7
3632469214496,12.279413,0,34.747078,33.117416,32.513161,30.860611,32.339211,33.112839,34.129089,33.497368,32.957199,30.288399,32.636757,32.499428,37.38842,39.626915,35.708397,33.529411,32.330055,32.270546,38.46418,34.47242,33.685051,33.543144,32.645912,38.624397,3541729.7,31.867706,29.880981,29.436943,28.841843,29.194321,29.391167,31.49691,30.315865,29.789429,28.233002,29.697868,29.221786,35.04921,38.125427,35.983063,31.831085,30.851456,30.201416,35.181961,32.101166,30.480659,31.441978,30.512703,35.200272,3541729.7,-0.0045776367,-0.0045776367,-0.0045776367,-0.0045776367,-0.0045776367,-0.0045776367,-0.0045776367,-0.0045776367,-0.0045776367,-0.0045776367,-0.0045776367,-0.0045776367,-0.0045776367,-0.54473877,-1.2680359,1.0391541,2.2110291,0.37078857,-0.0045776367,-0.0045776367,-0.0045776367,-0.0045776367,-0.0045776367,-0.0045776367,3541729.7
3632489200288,12.299399,0,34.7425,33.126572,32.517738,30.865189,32.330055,33.117416,34.129089,33.49279,32.952621,30.297554,32.636757,32.504005,37.392998,39.631493,35.708397,33.529411,32.334633,32.265968,38.46418,34.47242,33.680473,33.543144,32.655067,38.633553,3541749.7,31.881439,29.876404,29.432365,28.837265,29.162277,29.368279,31.49691,30.311287,29.798584,28.210114,29.711601,29.230942,35.053787,38.125427,36.001373,31.82193,30.8423,30.210571,35.177383,32.087433,30.476082,31.469444,30.512703,35.181961,3541749.7,-0.0045776367,-0.0045776367,-0.0045776367,-0.0045776367,-0.0045776367,-0.0045776367,-0.0045776367,-0.0045776367,-0.0045776367,-0.0045776367,-0.0045776367,-0.0045776367,-0.0045776367,-0.47149658,-0.55389404,0.89263916,1.7990417,0.31585693,-0.0045776367,-0.0045776367,-0.0045776367,-0.0045776367,-0.0045776367,-0.0045776367,3541749.7
3632509387264,12.319586,0,34.747078,33.121994,32.513161,30.860611,32.334633,33.112839,34.133667,33.497368,32.957199,30.292976,32.641335,32.499428,37.397575,39.626915,35.712975,33.529411,32.330055,32.265968,38.46418,34.47242,33.689629,33.538567,32.655067,38.628975,3541771.7,31.881439,29.871826,29.455254,28.832687,29.171432,29.354546,31.49691,30.315865,29.784851,28.237579,29.734489,29.230942,35.044632,38.111694,35.996796,31.831085,30.846878,30.187683,35.200272,32.101166,30.480659,31.464867,30.521858,35.186539,3541771.7,-0.0045776367,-0.0045776367,-0.0045776367,-0.0045776367,-0.0045776367,-0.0045776367,-0.0045776367,-0.0045776367,-0.0045776367,-0.0045776367,-0.0045776367,-0.0045776367,-0.0045776367,0.48065186,-0.23345947,1.3321228,0.83770752,0.0045776367,-0.0045776367,-0.0045776367,-0.0045776367,-0.0045776367,-0.0045776367,-0.0045776367,3541771.7
3632529230016,12.339429,0,34.751663,33.117416,32.513161,30.860611,32.343788,33.112839,34.124512,33.49279,32.948044,30.297554,32.645912,32.49485,37.392998,39.631493,35.717552,33.529411,32.330055,32.265968,38.459602,34.467842,33.680473,33.538567,32.659645,38.615242,3541789.7,31.84024,29.880981,29.436943,28.841843,29.198898,29.354546,31.49691,30.302132,29.775696,28.233002,29.697868,29.240097,35.044632,38.130005,36.024261,31.835663,30.851456,30.178528,35.159073,32.096588,30.480659,31.469444,30.517281,35.181961,3541789.7,-0.0045776367,-0.0045776367,-0.0045776367,-0.0045776367,-0.0045776367,-0.0045776367,-0.0045776367,-0.0045776367,-0.0045776367,-0.0045776367,-0.0045776367,-0.0045776367,-0.0045776367,0.33416748,1.2131042,1.4328308,0.10528564,-0.21514893,-0.0045776367,-0.0045776367,-0.0045776367,-0.0045776367,-0.0045776367,-0.0045776367,3541789.7
3632549227104,12.359426,0,34.747078,33.121994,32.513161,30.860611,32.339211,33.112839,34.129089,33.497368,32.948044,30.302132,32.641335,32.499428,37.383842,39.622337,35.717552,33.529411,32.334633,32.261391,38.46418,34.47242,33.685051,33.547722,32.65049,38.628975,3541809.7,31.886017,29.862671,29.432365,28.84642,29.17601,29.349968,31.492332,30.311287,29.784851,28.219269,29.702446,29.249252,35.053787,38.102539,35.992218,31.835663,30.828568,30.205994,35.154495,32.087433,30.489815,31.469444,30.508125,35.186539,3541809.7,-0.0045776367,-0.0045776367,-0.0045776367,-0.0045776367,-0.0045776367,-0.0045776367,-0.0045776367,-0.0045776367,-0.0045776367,-0.0045776367,-0.0045776367,-0.0045776367,-0.0045776367,1.4602966,1.6250916,3.3096924,-0.28839111,-0.04119873,-0.0045776367,-0.0045776367,-0.0045776367,-0.0045776367,-0.0045776367,-0.0045776367,3541809.7
3632569202304,12.379401,0,34.751663,33.117416,32.513161,30.860611,32.334633,33.117416,34.133667,33.49279,32.952621,30.297554,32.636757,32.49485,37.392998,39.626915,35.708397,33.524834,32.330055,32.265968,38.46418,34.476997,33.685051,33.543144,32.641335,38.628975,3541829.7,31.876862,29.867249,29.446098,28.841843,29.185165,29.363701,31.492332,30.311287,29.784851,28.237579,29.711601,29.226364,35.053787,38.125427,36.001373,31.826508,30.8423,30.205994,35.181961,32.096588,30.466927,31.446556,30.512703,35.200272,3541829.7,-0.0045776367,-0.0045776367,-0.0045776367,-0.0045776367,-0.0045776367,-0.0045776367,-0.0045776367,-0.0045776367,-0.0045776367,-0.0045776367,-0.0045776367,-0.0045776367,-0.0045776367,1.2222595,3.0075684,0.81939697,-1.4877625,0.04119873,-0.0045776367,-0.0045776367,-0.0045776367,-0.0045776367,-0.0045776367,-0.0045776367,3541829.7
3632589216640,12.399415,0,34.747078,33.117416,32.513161,30.860611,32.339211,33.112839,34.129089,33.497368,32.952621,30.292976,32.641335,32.504005,37.392998,39.631493,35.717552,33.529411,32.330055,32.265968,38.459602,34.476997,33.685051,33.543144,32.655067,38.624397,3541849.7,31.867706,29.862671,29.436943,28.837265,29.17601,29.349968,31.506065,30.329597,29.789429,28.214691,29.716179,29.212631,35.04921,38.116272,36.033417,31.84024,30.846878,30.205994,35.168228,32.101166,30.471504,31.455711,30.521858,35.181961,3541849.7,-0.0045776367,-0.0045776367,-0.0045776367,-0.0045776367,-0.0045776367,-0.0045776367,-0.0045776367,-0.0045776367,-0.0045776367,-0.0045776367,-0.0045776367,-0.0045776367,-0.0045776367,1.8539734,3.1998291,0.2243042,-1.8997498,-2.110321,-0.0045776367,-0.0045776367,-0.0045776367,-0.0045776367,-0.0045776367,-0.0045776367,3541849.7
3632609175328,12.419374,0,34.747078,33.117416,32.508583,30.860611,32.339211,33.112839,34.129089,33.497368,32.957199,30.297554,32.641335,32.49485,37.392998,39.626915,35.726707,33.529411,32.325478,32.265968,38.468758,34.476997,33.689629,33.538567,32.65049,38.628975,3541869.7,31.867706,29.867249,29.427788,28.82811,29.194321,29.368279,31.49691,30.315865,29.784851,28.210114,29.729912,29.230942,35.058365,38.116272,36.024261,31.831085,30.833145,30.187683,35.181961,32.087433,30.485237,31.460289,30.535591,35.191116,3541869.7,-0.0045776367,-0.0045776367,-0.0045776367,-0.0045776367,-0.0045776367,-0.0045776367,-0.0045776367,-0.0045776367,-0.0045776367,-0.0045776367,-0.0045776367,-0.0045776367,-0.0045776367,1.6708679,3.8498535,-1.5426941,-1.8722839,0.13275146,-0.0045776367,-0.0045776367,-0.0045776367,-0.0045776367,-0.0045776367,-0.0045776367,3541869.7
3632629205728,12.439404,0,34.7425,33.117416,32.508583,30.860611,32.339211,33.112839,34.133667,33.49279,32.952621,30.302132,32.641335,32.504005,37.392998,39.631493,35.731285,33.524834,32.334633,32.270546,38.46418,34.47242,33.680473,33.543144,32.65049,38.61982,3541889.7,31.876862,29.858093,29.432365,28.837265,29.185165,29.363701,31.49691,30.306709,29.784851,28.233002,29.711601,29.217209,35.058365,38.134583,36.005951,31.831085,30.8423,30.196838,35.181961,32.082855,30.480659,31.464867,30.521858,35.200272,3541889.7,-0.0045776367,-0.0045776367,-0.0045776367,-0.0045776367,-0.0045776367,-0.0045776367,-0.0045776367,-0.0045776367,-0.0045776367,-0.0045776367,-0.0045776367,-0.0045776367,-0.0045776367,1.7532654,4.1153564,-1.506073,-1.7257996,0.13275146,-0.0045776367,-0.0045776367,-0.0045776367,-0.0045776367,-0.0045776367,-0.0045776367,3541889.7
3632649172928,12.459372,0,34.747078,33.117416,32.513161,30.856033,32.343788,33.112839,34.129089,33.49279,32.957199,30.302132,32.641335,32.504005,37.392998,39.626915,35.717552,33.529411,32.334633,32.265968,38.46418,34.47242,33.685051,33.547722,32.659645,38.624397,3541909.7,31.881439,29.880981,29.441521,28.837265,29.194321,29.363701,31.49691,30.315865,29.798584,28.237579,29.688713,29.221786,35.026321,38.125427,36.024261,31.835663,30.837723,30.192261,35.181961,32.114899,30.480659,31.455711,30.508125,35.186539,3541909.7,-0.0045776367,-0.0045776367,-0.0045776367,-0.0045776367,-0.0045776367,-0.0045776367,-0.0045776367,-0.0045776367,-0.0045776367,-0.0045776367,-0.0045776367,-0.0045776367,-0.0045776367,1.9913025,4.6738281,-1.5426941,-1.2771912,0.068664551,-0.0045776367,-0.0045776367,-0.0045776367,-0.0045776367,-0.0045776367,-0.0045776367,3541909.7
3632669183776,12.479382,0,34.747078,33.121994,32.508583,30.860611,32.339211,33.112839,34.133667,33.501945,32.952621,30.297554,32.645912,32.504005,37.392998,39.63607,35.726707,33.529411,32.330055,32.265968,38.46418,34.467842,33.685051,33.543144,32.645912,38.633553,3541929.7,31.881439,29.876404,29.42321,28.84642,29.171432,29.359123,31.501488,30.320442,29.784851,28.233002,29.716179,29.235519,35.04921,38.130005,36.042572,31.849396,30.837723,30.201416,35.168228,32.09201,30.476082,31.460289,30.517281,35.191116,3541929.7,-0.0045776367,-0.0045776367,-0.0045776367,-0.0045776367,-0.0045776367,-0.0045776367,-0.0045776367,-0.0045776367,-0.0045776367,-0.0045776367,-0.0045776367,-0.0045776367,-0.0045776367,1.4969177,4.637207,-1.6434021,-0.95672607,0.17852783,-0.0045776367,-0.0045776367,-0.0045776367,-0.0045776367,-0.0045776367,-0.0045776367,3541929.7
3632689205888,12.499404,0,34.747078,33.117416,32.513161,30.860611,32.334633,33.108261,34.129089,33.497368,32.957199,30.292976,32.636757,32.504005,37.38842,39.631493,35.731285,33.533989,32.330055,32.265968,38.468758,34.47242,33.685051,33.543144,32.65049,38.624397,3541949.7,31.876862,29.876404,29.42321,28.823532,29.185165,29.363701,31.474022,30.302132,29.775696,28.233002,29.702446,29.226364,35.058365,38.130005,36.019684,31.853973,30.846878,30.210571,35.191116,32.119476,30.49897,31.469444,30.503548,35.177383,3541949.7,-0.0045776367,-0.0045776367,-0.0045776367,-0.0045776367,-0.0045776367,-0.0045776367,-0.0045776367,-0.0045776367,-0.0045776367,-0.0045776367,-0.0045776367,-0.0045776367,-0.0045776367,1.5518494,3.9780273,-1.6525574,-0.21514893,0.077819824,-0.0045776367,-0.0045776367,-0.0045776367,-0.0045776367,-0.0045776367,-0.0045776367,3541949.7
3632709219680,12.519418,0,34.751663,33.121994,32.513161,30.865189,32.339211,33.108261,34.133667,33.497368,32.952621,30.302132,32.636757,32.499428,37.392998,39.626915,35.726707,33.533989,32.334633,32.265968,38.468758,34.47242,33.680473,33.538567,32.65049,38.61982,3541971.7,31.881439,29.880981,29.432365,28.832687,29.171432,29.363701,31.49691,30.315865,29.780273,28.219269,29.711601,29.226364,35.062943,38.134583,36.037994,31.844818,30.8423,30.205994,35.172806,32.096588,30.476082,31.469444,30.508125,35.191116,3541971.7,-0.0045776367,-0.0045776367,-0.0045776367,-0.0045776367,-0.0045776367,-0.0045776367,-0.0045776367,-0.0045776367,-0.0045776367,-0.0045776367,-0.0045776367,-0.0045776367,-0.0045776367,1.0391541,4.0878906,-1.3412781,-0.032043457,0.11444092,-0.0045776367,-0.0045776367,-0.0045776367,-0.0045776367,-0.0045776367,-0.0045776367,3541971.7
3632729178656,12.539377,0,34.747078,33.117416,32.513161,30.856033,32.334633,33.117416,34.138245,33.49279,32.952621,30.297554,32.636757,32.499428,37.38842,39.631493,35.731285,33.529411,32.334633,32.270546,38.459602,34.476997,33.680473,33.543144,32.65049,38.624397,3541989.7,31.867706,29.867249,29.450676,28.841843,29.180588,29.372856,31.510643,30.320442,29.784851,28.223846,29.702446,29.226364,35.058365,38.130005,36.024261,31.835663,30.833145,30.224304,35.172806,32.087433,30.494392,31.460289,30.503548,35.195694,3541989.7,-0.0045776367,-0.0045776367,-0.0045776367,-0.0045776367,-0.0045776367,-0.0045776367,-0.0045776367,-0.0045776367,-0.0045776367,-0.0045776367,-0.0045776367,-0.0045776367,-0.0045776367,0.39825439,4.1153564,-1.2405701,0.096130371,0.032043457,-0.0045776367,-0.0045776367,-0.0045776367,-0.0045776367,-0.0045776367,-0.0045776367,3541989.7
3632749232128,12.559431,0,34.747078,33.117416,32.513161,30.860611,32.334633,33.117416,34.138245,33.49279,32.957199,30.297554,32.641335,32.499428,37.38842,39.631493,35.72213,33.524834,32.339211,32.261391,38.46418,34.476997,33.680473,33.533989,32.645912,38.628975,3542009.7,31.890594,29.880981,29.432365,28.841843,29.189743,29.372856,31.464867,30.315865,29.789429,28.228424,29.707024,29.230942,35.053787,38.130005,36.051727,31.853973,30.8423,30.215149,35.149918,32.101166,30.494392,31.464867,30.49897,35.186539,3542009.7,-0.0045776367,-0.0045776367,-0.0045776367,-0.0045776367,-0.0045776367,-0.0045776367,-0.0045776367,-0.0045776367,-0.0045776367,-0.0045776367,-0.0045776367,-0.0045776367,-0.0045776367,0.2243042,3.7399902,-0.84686279,0.70037842,0.04119873,-0.0045776367,-0.0045776367,-0.0045776367,-0.0045776367,-0.0045776367,-0.0045776367,3542009.7
3632769179200,12.579378,0,34.747078,33.117416,32.513161,30.856033,32.339211,33.112839,34.129089,33.497368,32.957199,30.292976,32.645912,32.504005,37.392998,39.626915,35.726707,33.533989,32.334633,32.261391,38.46418,34.476997,33.680473,33.538567,32.655067,38.61982,3542029.7,31.886017,29.867249,29.432365,28.84642,29.180588,29.359123,31.510643,30.306709,29.789429,28.233002,29.702446,29.235519,35.035477,38.125427,36.042572,31.844818,30.833145,30.205994,35.159073,32.09201,30.480659,31.474022,30.503548,35.200272,3542029.7,-0.0045776367,-0.0045776367,-0.0045776367,-0.0045776367,-0.0045776367,-0.0045776367,-0.0045776367,-0.0045776367,-0.0045776367,-0.0045776367,-0.0045776367,-0.0045776367,-0.0045776367,0.92926025,4.234375,-0.44403076,0.26092529,0.16021729,-0.0045776367,-0.0045776367,-0.0045776367,-0.0045776367,-0.0045776367,-0.0045776367,3542029.7
3632789164640,12.599363,0,34.751663,33.121994,32.513161,30.856033,32.339211,33.117416,34.133667,33.501945,32.957199,30.297554,32.636757,32.499428,37.397575,39.631493,35.726707,33.533989,32.330055,32.265968,38.459602,34.47242,33.685051,33.538567,32.65049,38.624397,3542049.7,31.863129,29.885559,29.446098,28.841843,29.198898,29.363701,31.49691,30.311287,29.780273,28.219269,29.707024,29.221786,35.040054,38.143738,36.04715,31.849396,30.819412,30.215149,35.214005,32.087433,30.485237,31.451134,30.512703,35.200272,3542049.7,-0.0045776367,-0.0045776367,-0.0045776367,-0.0045776367,-0.0045776367,-0.0045776367,-0.0045776367,-0.0045776367,-0.0045776367,-0.0045776367,-0.0045776367,-0.0045776367,-0.0045776367,0.3616333,3.6484375,-0.39825439,0.27923584,0.17852783,-0.0045776367,-0.0045776367,-0.0045776367,-0.0045776367,-0.0045776367,-0.0045776367,3542049.7
3632809194592,12.619393,0,34.751663,33.121994,32.513161,30.860611,32.343788,33.112839,34.129089,33.497368,32.961777,30.288399,32.636757,32.499428,37.392998,39.631493,35.731285,33.538567,32.330055,32.261391,38.459602,34.476997,33.680473,33.543144,32.655067,38.61982,3542069.7,31.858551,29.867249,29.441521,28.82811,29.17601,29.363701,31.49691,30.320442,29.789429,28.233002,29.716179,29.226364,35.058365,38.12085,36.04715,31.853973,30.837723,30.228882,35.168228,32.09201,30.466927,31.464867,30.526436,35.177383,3542069.7,-0.0045776367,-0.0045776367,-0.0045776367,-0.0045776367,-0.0045776367,-0.0045776367,-0.0045776367,-0.0045776367,-0.0045776367,-0.0045776367,-0.0045776367,-0.0045776367,-0.0045776367,-0.68206787,4.4632568,0.17852783,-0.41656494,-0.077819824,-0.0045776367,-0.0045776367,-0.0045776367,-0.0045776367,-0.0045776367,-0.0045776367,3542069.7
3632829244864,12.639443,0,34.751663,33.126572,32.513161,30.856033,32.339211,33.117416,34.133667,33.49279,32.952621,30.306709,32.641335,32.49485,37.383842,39.631493,35.726707,33.533989,32.334633,32.261391,38.46418,34.481575,33.680473,33.543144,32.65049,38.624397,3542089.7,31.881439,29.871826,29.441521,28.841843,29.162277,29.368279,31.506065,30.32502,29.789429,28.228424,29.711601,29.217209,35.06752,38.125427,36.060883,31.853973,30.8423,30.205994,35.191116,32.105743,30.476082,31.460289,30.503548,35.191116,3542089.7,-0.0045776367,-0.0045776367,-0.0045776367,-0.0045776367,-0.0045776367,-0.0045776367,-0.0045776367,-0.0045776367,-0.0045776367,-0.0045776367,-0.0045776367,-0.0045776367,-0.0045776367,-0.58135986,2.7145691,0.16937256,-0.91094971,0.20599365,-0.0045776367,-0.0045776367,-0.0045776367,-0.0045776367,-0.0045776367,-0.0045776367,3542089.7
3632849161824,12.65936,0,34.747078,33.121994,32.513161,30.856033,32.343788,33.112839,34.129089,33.497368,32.957199,30.297554,32.641335,32.504005,37.38842,39.626915,35.72213,33.533989,32.334633,32.265968,38.468758,34.47242,33.680473,33.547722,32.655067,38.615242,3542109.7,31.876862,29.867249,29.441521,28.823532,29.185165,29.368279,31.49691,30.32502,29.789429,28.219269,29.711601,29.235519,35.053787,38.143738,36.037994,31.853973,30.82399,30.224304,35.191116,32.105743,30.489815,31.469444,30.521858,35.181961,3542109.7,-0.0045776367,-0.0045776367,-0.0045776367,-0.0045776367,-0.0045776367,-0.0045776367,-0.0045776367,-0.0045776367,-0.0045776367,-0.0045776367,-0.0045776367,-0.0045776367,-0.0045776367,0.38909912,1.6525574,0.59967041,-1.5701599,0.068664551,-0.0045776367,-0.0045776367,-0.0045776367,-0.0045776367,-0.0045776367,-0.0045776367,3542109.7
3632869188992,12.679388,0,34.751663,33.121994,32.513161,30.865189,32.334633,33.112839,34.138245,33.497368,32.952621,30.292976,32.636757,32.499428,37.38842,39.622337,35.726707,33.533989,32.334633,32.256813,38.46418,34.47242,33.689629,33.538567,32.65049,38.61982,3542129.7,31.867706,29.876404,29.436943,28.841843,29.166855,29.363701,31.506065,30.306709,29.784851,28.237579,29.702446,29.244675,35.030899,38.134583,36.056305,31.858551,30.814835,30.210571,35.186539,32.087433,30.485237,31.455711,30.512703,35.209427,3542129.7,-0.0045776367,-0.0045776367,-0.0045776367,-0.0045776367,-0.0045776367,-0.0045776367,-0.0045776367,-0.0045776367,-0.0045776367,-0.0045776367,-0.0045776367,-0.0045776367,-0.0045776367,0.87432861,0.59051514,0.3616333,-1.6434021,-0.086975098,-0.0045776367,-0.0045776367,-0.0045776367,-0.0045776367,-0.0045776367,-0.0045776367,3542129.7
3632889168256,12.699367,0,34.751663,33.121994,32.513161,30.865189,32.343788,33.112839,34.133667,33.497368,32.957199,30.297554,32.641335,32.504005,37.38842,39.622337,35.731285,33.533989,32.334633,32.256813,38.459602,34.476997,33.680473,33.543144,32.645912,38.624397,3542149.7,31.872284,29.880981,29.459831,28.841843,29.17601,29.368279,31.515221,30.320442,29.789429,28.233002,29.711601,29.230942,35.06752,38.130005,36.051727,31.844818,30.8423,30.205994,35.177383,32.09201,30.517281,31.455711,30.508125,35.191116,3542149.7,-0.0045776367,-0.0045776367,-0.0045776367,-0.0045776367,-0.0045776367,-0.0045776367,-0.0045776367,-0.0045776367,-0.0045776367,-0.0045776367,-0.0045776367,-0.0045776367,-0.0045776367,3.0808105,-1.1123962,0.27923584,-2.275116,-0.086975098,-0.0045776367,-0.0045776367,-0.0045776367,-0.0045776367,-0.0045776367,-0.0045776367,3542149.7
3632909162048,12.719361,0,34.747078,33.121994,32.517738,30.860611,32.339211,33.112839,34.138245,33.497368,32.948044,30.292976,32.641335,32.499428,37.392998,39.626915,35.726707,33.543144,32.339211,32.261391,38.459602,34.47242,33.685051,33.543144,32.65049,38.624397,3542169.7,31.876862,29.876404,29.436943,28.823532,29.171432,29.349968,31.506065,30.315865,29.780273,28.228424,29.711601,29.235519,35.053787,38.12085,36.033417,31.84024,30.846878,30.201416,35.163651,32.087433,30.471504,31.464867,30.508125,35.204849,3542169.7,-0.0045776367,-0.0045776367,-0.0045776367,-0.0045776367,-0.0045776367,-0.0045776367,-0.0045776367,-0.0045776367,-0.0045776367,-0.0045776367,-0.0045776367,-0.0045776367,-0.0045776367,3.630127,-3.0716553,0.57220459,-1.6525574,-0.23345947,-0.0045776367,-0.0045776367,-0.0045776367,-0.0045776367,-0.0045776367,-0.0045776367,3542169.7
3632929178048,12.739377,0,34.756241,33.117416,32.513161,30.860611,32.339211,33.112839,34.129089,33.49279,32.948044,30.292976,32.641335,32.499428,37.392998,39.631493,35.731285,33.529411,32.330055,32.261391,38.468758,34.467842,33.685051,33.538567,32.65049,38.61982,3542189.7,31.872284,29.876404,29.450676,28.84642,29.189743,29.354546,31.501488,30.320442,29.775696,28.223846,29.729912,29.235519,35.044632,38.125427,36.051727,31.844818,30.846878,30.219727,35.181961,32.09201,30.466927,31.451134,30.517281,35.186539,3542189.7,-0.0045776367,-0.0045776367,-0.0045776367,-0.0045776367,-0.0045776367,-0.0045776367,-0.0045776367,-0.0045776367,-0.0045776367,-0.0045776367,-0.0045776367,-0.0045776367,-0.0045776367,4.8935547,-4.1062012,0.65460205,-1.5793152,-0.4989624,-0.0045776367,-0.0045776367,-0.0045776367,-0.0045776367,-0.0045776367,-0.0045776367,3542189.7
3632949202368,12.759401,0,34.751663,33.117416,32.513161,30.860611,32.343788,33.117416,34.129089,33.501945,32.961777,30.297554,32.641335,32.504005,37.38842,39.626915,35.735863,33.538567,32.334633,32.261391,38.459602,34.47242,33.680473,33.538567,32.65049,38.61982,3542209.7,31.876862,29.871826,29.432365,28.82811,29.180588,29.363701,31.487755,30.306709,29.789429,28.233002,29.725334,29.221786,35.030899,38.134583,36.079193,31.835663,30.8423,30.205994,35.172806,32.09201,30.471504,31.455711,30.517281,35.195694,3542209.7,-0.0045776367,-0.0045776367,-0.0045776367,-0.0045776367,-0.0045776367,-0.0045776367,-0.0045776367,-0.0045776367,-0.0045776367,-0.0045776367,-0.0045776367,-0.0045776367,-0.0045776367,5.3605042,-5.5802307,0.60882568,-1.5426941,-0.33416748,-0.0045776367,-0.0045776367,-0.0045776367,-0.0045776367,-0.0045776367,-0.0045776367,3542209.7
3632969205056,12.779404,0,34.751663,33.126572,32.508583,30.865189,32.339211,33.121994,34.129089,33.497368,32.952621,30.292976,32.641335,32.49485,37.392998,39.622337,35.731285,33.533989,32.339211,32.261391,38.459602,34.47242,33.685051,33.538567,32.65049,38.624397,3542229.7,31.849396,29.880981,29.418633,28.837265,29.171432,29.363701,31.506065,30.320442,29.784851,28.210114,29.716179,29.226364,35.062943,38.13916,36.079193,31.831085,30.828568,30.219727,35.186539,32.087433,30.485237,31.460289,30.508125,35.191116,3542229.7,-0.0045776367,-0.0045776367,-0.0045776367,-0.0045776367,-0.0045776367,-0.0045776367,-0.0045776367,-0.0045776367,-0.0045776367,-0.0045776367,-0.0045776367,-0.0045776367,-0.0045776367,5.0309143,-6.193634,0.50811768,-1.4694519,-0.80108643,-0.0045776367,-0.0045776367,-0.0045776367,-0.0045776367,-0.0045776367,-0.0045776367,3542229.7
3632989211200,12.79941,0,34.751663,33.117416,32.513161,30.860611,32.334633,33.112839,34.129089,33.497368,32.952621,30.292976,32.641335,32.499428,37.38842,39.626915,35.731285,33.533989,32.334633,32.256813,38.46418,34.476997,33.689629,33.543144,32.645912,38.624397,3542249.7,31.881439,29.880981,29.436943,28.84642,29.180588,29.372856,31.510643,30.32502,29.784851,28.223846,29.702446,29.221786,35.04921,38.148315,36.056305,31.826508,30.833145,30.210571,35.177383,32.105743,30.494392,31.451134,30.540169,35.191116,3542249.7,-0.0045776367,-0.0045776367,-0.0045776367,-0.0045776367,-0.0045776367,-0.0045776367,-0.0045776367,-0.0045776367,-0.0045776367,-0.0045776367,-0.0045776367,-0.0045776367,-0.0045776367,4.2435303,-6.3034973,0.077819824,-0.85601807,-0.28839111,-0.0045776367,-0.0045776367,-0.0045776367,-0.0045776367,-0.0045776367,-0.0045776367,3542249.7
3633009157664,12.819356,0,34.751663,33.121994,32.513161,30.860611,32.339211,33.108261,34.133667,33.49279,32.948044,30.292976,32.641335,32.499428,37.392998,39.626915,35.731285,33.533989,32.334633,32.256813,38.468758,34.47242,33.685051,33.543144,32.65049,38.624397,3542269.7,31.863129,29.871826,29.441521,28.832687,29.189743,29.363701,31.487755,30.329597,29.798584,28.228424,29.697868,29.235519,35.04921,38.13916,36.079193,31.831085,30.833145,30.205994,35.186539,32.09201,30.476082,31.460289,30.49897,35.200272,3542269.7,-0.0045776367,-0.0045776367,-0.0045776367,-0.0045776367,-0.0045776367,-0.0045776367,-0.0045776367,-0.0045776367,-0.0045776367,-0.0045776367,-0.0045776367,-0.0045776367,-0.0045776367,3.5477295,-6.7887268,0.52642822,-0.14190674,-0.5355835,-0.0045776367,-0.0045776367,-0.0045776367,-0.0045776367,-0.0045776367,-0.0045776367,3542269.7
3633029177216,12.839376,0,34.747078,33.126572,32.517738,30.860611,32.334633,33.112839,34.129089,33.497368,32.952621,30.292976,32.632179,32.49485,37.397575,39.622337,35.735863,33.524834,32.330055,32.265968,38.46418,34.47242,33.680473,33.538567,32.655067,38.61982,3542289.7,31.886017,29.876404,29.455254,28.850998,29.189743,29.359123,31.506065,30.32502,29.798584,28.223846,29.711601,29.235519,35.053787,38.148315,36.074615,31.826508,30.851456,30.201416,35.172806,32.105743,30.476082,31.451134,30.494392,35.186539,3542289.7,-0.0045776367,-0.0045776367,-0.0045776367,-0.0045776367,-0.0045776367,-0.0045776367,-0.0045776367,-0.0045776367,-0.0045776367,-0.0045776367,-0.0045776367,-0.0045776367,-0.0045776367,0.91094971,-5.7541809,0.21514893,-0.032043457,-0.27008057,-0.0045776367,-0.0045776367,-0.0045776367,-0.0045776367,-0.0045776367,-0.0045776367,3542289.7
3633049182496,12.859381,0,34.751663,33.117416,32.517738,30.856033,32.339211,33.112839,34.133667,33.497368,32.957199,30.297554,32.636757,32.504005,37.38842,39.626915,35.735863,33.529411,32.334633,32.265968,38.46418,34.476997,33.675896,33.538567,32.655067,38.628975,3542309.7,31.890594,29.871826,29.432365,28.837265,29.180588,29.372856,31.506065,30.306709,29.789429,28.219269,29.697868,29.235519,35.040054,38.125427,36.06546,31.853973,30.837723,30.219727,35.177383,32.09201,30.480659,31.460289,30.526436,35.191116,3542309.7,-0.0045776367,-0.0045776367,-0.0045776367,-0.0045776367,-0.0045776367,-0.0045776367,-0.0045776367,-0.0045776367,-0.0045776367,-0.0045776367,-0.0045776367,-0.0045776367,-0.0045776367,-0.27923584,-5.589386,-0.0045776367,0.40740967,-0.3616333,-0.0045776367,-0.0045776367,-0.0045776367,-0.0045776367,-0.0045776367,-0.0045776367,3542309.7
3633069154848,12.879353,0,34.751663,33.117416,32.517738,30.851456,32.334633,33.112839,34.133667,33.497368,32.952621,30.297554,32.636757,32.499428,37.38842,39.622337,35.735863,33.533989,32.334633,32.265968,38.46418,34.47242,33.685051,33.543144,32.65049,38.624397,3542329.7,31.881439,29.880981,29.455254,28.832687,29.17601,29.368279,31.510643,30.311287,29.803162,28.246735,29.707024,29.226364,35.04921,38.12085,36.070038,31.853973,30.846878,30.224304,35.181961,32.114899,30.485237,31.460289,30.503548,35.195694,3542329.7,-0.0045776367,-0.0045776367,-0.0045776367,-0.0045776367,-0.0045776367,-0.0045776367,-0.0045776367,-0.0045776367,-0.0045776367,-0.0045776367,-0.0045776367,-0.0045776367,-0.0045776367,-4.3717041,-5.2323303,0.13275146,0.33416748,-0.32501221,-0.0045776367,-0.0045776367,-0.0045776367,-0.0045776367,-0.0045776367,-0.0045776367,3542329.7
3633089195520,12.899394,0,34.747078,33.121994,32.508583,30.860611,32.339211,33.112839,34.129089,33.49279,32.952621,30.288399,32.645912,32.508583,37.392998,39.626915,35.74044,33.529411,32.334633,32.261391,38.46418,34.476997,33.675896,33.543144,32.65049,38.61982,3542349.7,31.876862,29.876404,29.446098,28.850998,29.171432,29.368279,31.49691,30.329597,29.780273,28.228424,29.707024,29.221786,35.04921,38.13916,36.088348,31.84024,30.828568,30.219727,35.181961,32.101166,30.485237,31.469444,30.517281,35.172806,3542349.7,-0.0045776367,-0.0045776367,-0.0045776367,-0.0045776367,-0.0045776367,-0.0045776367,-0.0045776367,-0.0045776367,-0.0045776367,-0.0045776367,-0.0045776367,-0.0045776367,-0.0045776367,-4.9851074,-3.9780273,-0.92926025,0.54473877,-0.17852783,-0.0045776367,-0.0045776367,-0.0045776367,-0.0045776367,-0.0045776367,-0.0045776367,3542349.7
3633109157120,12.919356,0,34.7425,33.121994,32.513161,30.856033,32.339211,33.117416,34.133667,33.49279,32.957199,30.297554,32.636757,32.504005,37.38842,39.626915,35.74044,33.529411,32.334633,32.261391,38.468758,34.47242,33.680473,33.543144,32.65049,38.624397,3542369.7,31.863129,29.894714,29.436943,28.837265,29.185165,29.368279,31.49691,30.311287,29.780273,28.228424,29.702446,29.235519,35.04921,38.143738,36.083771,31.835663,30.837723,30.215149,35.181961,32.105743,30.494392,31.460289,30.489815,35.177383,3542369.7,-0.0045776367,-0.0045776367,-0.0045776367,-0.0045776367,-0.0045776367,-0.0045776367,-0.0045776367,-0.0045776367,-0.0045776367,-0.0045776367,-0.0045776367,-0.0045776367,-0.0045776367,-4.9210205,-3.9414062,-0.84686279,0.47149658,-0.56304932,-0.0045776367,-0.0045776367,-0.0045776367,-0.0045776367,-0.0045776367,-0.0045776367,3542369.7
3633129197920,12.939397,0,34.751663,33.117416,32.522316,30.860611,32.343788,33.112839,34.133667,33.49279,32.961777,30.292976,32.645912,32.499428,37.38842,39.626915,35.745018,33.524834,32.334633,32.252235,38.468758,34.47242,33.685051,33.538567,32.655067,38.628975,3542389.7,31.886017,29.867249,29.436943,28.837265,29.189743,29.363701,31.49691,30.320442,29.771118,28.233002,29.707024,29.221786,35.062943,38.125427,36.074615,31.84024,30.837723,30.210571,35.186539,32.09201,30.480659,31.464867,30.517281,35.177383,3542389.7,-0.0045776367,-0.0045776367,-0.0045776367,-0.0045776367,-0.0045776367,-0.0045776367,-0.0045776367,-0.0045776367,-0.0045776367,-0.0045776367,-0.0045776367,-0.0045776367,-0.0045776367,-5.4795227,-3.6575928,-1.506073,0.56304932,-0.47149658,-0.0045776367,-0.0045776367,-0.0045776367,-0.0045776367,-0.0045776367,-0.0045776367,3542389.7
3633149215168,12.959414,0,34.747078,33.121994,32.517738,30.856033,32.339211,33.112839,34.138245,33.49279,32.957199,30.302132,32.636757,32.499428,37.383842,39.631493,35.745018,33.529411,32.339211,32.261391,38.46418,34.476997,33.680473,33.538567,32.659645,38.628975,3542409.7,31.886017,29.862671,29.450676,28.832687,29.171432,29.368279,31.49691,30.315865,29.771118,28.228424,29.693291,29.235519,35.06752,38.130005,36.106659,31.849396,30.8423,30.201416,35.168228,32.101166,30.480659,31.455711,30.508125,35.204849,3542409.7,-0.0045776367,-0.0045776367,-0.0045776367,-0.0045776367,-0.0045776367,-0.0045776367,-0.0045776367,-0.0045776367,-0.0045776367,-0.0045776367,-0.0045776367,-0.0045776367,-0.0045776367,-5.0400696,-3.7491455,-1.1673279,0.40740967,-0.46234131,-0.0045776367,-0.0045776367,-0.0045776367,-0.0045776367,-0.0045776367,-0.0045776367,3542409.7
3633169186432,12.979385,0,34.751663,33.121994,32.517738,30.860611,32.339211,33.117416,34.138245,33.501945,32.961777,30.292976,32.636757,32.504005,37.397575,39.626915,35.735863,33.533989,32.334633,32.256813,38.473335,34.47242,33.680473,33.538567,32.65049,38.633553,3542429.7,31.881439,29.853516,29.436943,28.837265,29.180588,29.354546,31.501488,30.32502,29.798584,28.233002,29.707024,29.230942,35.040054,38.125427,36.079193,31.853973,30.8423,30.215149,35.186539,32.087433,30.480659,31.469444,30.508125,35.195694,3542429.7,-0.0045776367,-0.0045776367,-0.0045776367,-0.0045776367,-0.0045776367,-0.0045776367,-0.0045776367,-0.0045776367,-0.0045776367,-0.0045776367,-0.0045776367,-0.0045776367,-0.0045776367,-4.7562256,-4.0878906,-1.6159363,0.48065186,-0.068664551,-0.0045776367,-0.0045776367,-0.0045776367,-0.0045776367,-0.0045776367,-0.0045776367,3542429.7
3633189209920,12.999409,0,34.751663,33.121994,32.517738,30.860611,32.334633,33.108261,34.133667,33.49279,32.957199,30.297554,32.641335,32.499428,37.392998,39.626915,35.735863,33.524834,32.334633,32.256813,38.46418,34.481575,33.685051,33.538567,32.655067,38.628975,3542451.7,31.876862,29.876404,29.432365,28.82811,29.185165,29.363701,31.501488,30.297554,29.784851,28.228424,29.707024,29.240097,35.058365,38.134583,36.088348,31.844818,30.8423,30.201416,35.172806,32.096588,30.494392,31.446556,30.508125,35.191116,3542451.7,-0.0045776367,-0.0045776367,-0.0045776367,-0.0045776367,-0.0045776367,-0.0045776367,-0.0045776367,-0.0045776367,-0.0045776367,-0.0045776367,-0.0045776367,-0.0045776367,-0.0045776367,-4.2893066,-4.4449463,-1.6159363,0.41656494,0.12359619,-0.0045776367,-0.0045776367,-0.0045776367,-0.0045776367,-0.0045776367,-0.0045776367,3542451.7
3633209189152,13.019388,0,34.751663,33.117416,32.517738,30.869766,32.339211,33.112839,34.133667,33.497368,32.952621,30.297554,32.645912,32.499428,37.38842,39.626915,35.745018,33.524834,32.339211,32.256813,38.455025,34.476997,33.685051,33.538567,32.645912,38.624397,3542469.7,31.876862,29.876404,29.432365,28.841843,29.180588,29.359123,31.501488,30.306709,29.780273,28.214691,29.711601,29.226364,35.04921,38.130005,36.088348,31.853973,30.833145,30.210571,35.177383,32.110321,30.480659,31.469444,30.512703,35.186539,3542469.7,-0.0045776367,-0.0045776367,-0.0045776367,-0.0045776367,-0.0045776367,-0.0045776367,-0.0045776367,-0.0045776367,-0.0045776367,-0.0045776367,-0.0045776367,-0.0045776367,-0.0045776367,-2.6047058,-4.6921387,-1.1764832,0.17852783,0.086975098,-0.0045776367,-0.0045776367,-0.0045776367,-0.0045776367,-0.0045776367,-0.0045776367,3542469.7
3633229212736,13.039411,0,34.747078,33.121994,32.517738,30.865189,32.339211,33.121994,34.133667,33.49279,32.952621,30.288399,32.641335,32.499428,37.38842,39.631493,35.745018,33.529411,32.339211,32.256813,38.46418,34.467842,33.685051,33.538567,32.655067,38.624397,3542489.7,31.858551,29.867249,29.441521,28.84642,29.180588,29.363701,31.487755,30.32502,29.794006,28.219269,29.711601,29.230942,35.053787,38.134583,36.088348,31.844818,30.837723,30.210571,35.177383,32.096588,30.494392,31.469444,30.517281,35.195694,3542489.7,-0.0045776367,-0.0045776367,-0.0045776367,-0.0045776367,-0.0045776367,-0.0045776367,-0.0045776367,-0.0045776367,-0.0045776367,-0.0045776367,-0.0045776367,-0.0045776367,-0.0045776367,-2.0920105,-5.287262,-1.7166443,-0.21514893,0.35247803,-0.0045776367,-0.0045776367,-0.0045776367,-0.0045776367,-0.0045776367,-0.0045776367,3542489.7
3633249133792,13.059332,0,34.751663,33.121994,32.513161,30.860611,32.343788,33.112839,34.133667,33.501945,32.957199,30.292976,32.641335,32.504005,37.392998,39.626915,35.745018,33.529411,32.339211,32.256813,38.468758,34.481575,33.685051,33.538567,32.65049,38.624397,3542509.7,31.881439,29.871826,29.432365,28.855576,29.185165,29.368279,31.501488,30.32502,29.798584,28.242157,29.734489,29.221786,35.04921,38.116272,36.102081,31.858551,30.833145,30.233459,35.181961,32.082855,30.49897,31.455711,30.526436,35.191116,3542509.7,-0.0045776367,-0.0045776367,-0.0045776367,-0.0045776367,-0.0045776367,-0.0045776367,-0.0045776367,-0.0045776367,-0.0045776367,-0.0045776367,-0.0045776367,-0.0045776367,-0.0045776367,-1.5884705,-5.186554,-1.1856384,0.022888184,0.050354004,-0.0045776367,-0.0045776367,-0.0045776367,-0.0045776367,-0.0045776367,-0.0045776367,3542509.7
3633269213088,13.079412,0,34.751663,33.126572,32.513161,30.860611,32.334633,33.117416,34.129089,33.497368,32.952621,30.297554,32.645912,32.499428,37.397575,39.626915,35.74044,33.529411,32.339211,32.256813,38.459602,34.476997,33.689629,33.543144,32.655067,38.624397,3542531.7,31.872284,29.876404,29.427788,28.84642,29.180588,29.368279,31.483177,30.306709,29.794006,28.237579,29.711601,29.217209,35.040054,38.130005,36.111237,31.849396,30.8423,30.228882,35.177383,32.082855,30.485237,31.474022,30.503548,35.181961,3542531.7,-0.0045776367,-0.0045776367,-0.0045776367,-0.0045776367,-0.0045776367,-0.0045776367,-0.0045776367,-0.0045776367,-0.0045776367,-0.0045776367,-0.0045776367,-0.0045776367,-0.0045776367,-1.2405701,-4.3259277,-1.5243835,-0.82855225,0.17852783,-0.0045776367,-0.0045776367,-0.0045776367,-0.0045776367,-0.0045776367,-0.0045776367,3542531.7
3633289180832,13.099379,0,34.751663,33.121994,32.513161,30.865189,32.339211,33.117416,34.133667,33.49279,32.957199,30.292976,32.641335,32.504005,37.392998,39.626915,35.745018,33.524834,32.334633,32.261391,38.46418,34.47242,33.685051,33.543144,32.65049,38.624397,3542549.7,31.881439,29.880981,29.432365,28.841843,29.162277,29.354546,31.492332,30.311287,29.789429,28.246735,29.707024,29.226364,35.053787,38.130005,36.102081,31.858551,30.837723,30.215149,35.191116,32.105743,30.485237,31.441978,30.512703,35.181961,3542549.7,-0.0045776367,-0.0045776367,-0.0045776367,-0.0045776367,-0.0045776367,-0.0045776367,-0.0045776367,-0.0045776367,-0.0045776367,-0.0045776367,-0.0045776367,-0.0045776367,-0.0045776367,-1.1581726,-4.3991699,-1.5335388,-0.87432861,-0.15106201,-0.0045776367,-0.0045776367,-0.0045776367,-0.0045776367,-0.0045776367,-0.0045776367,3542549.7
3633309151296,13.11935,0,34.747078,33.126572,32.517738,30.860611,32.343788,33.117416,34.129089,33.49279,32.952621,30.292976,32.641335,32.504005,37.397575,39.622337,35.749596,33.533989,32.339211,32.261391,38.46418,34.47242,33.689629,33.538567,32.65049,38.624397,3542569.7,31.876862,29.876404,29.436943,28.841843,29.185165,29.354546,31.506065,30.311287,29.784851,28.223846,29.711601,29.226364,35.053787,38.134583,36.106659,31.858551,30.846878,30.205994,35.177383,32.101166,30.485237,31.451134,30.517281,35.186539,3542569.7,-0.0045776367,-0.0045776367,-0.0045776367,-0.0045776367,-0.0045776367,-0.0045776367,-0.0045776367,-0.0045776367,-0.0045776367,-0.0045776367,-0.0045776367,-0.0045776367,-0.0045776367,-1.5793152,-3.4104004,-1.103241,-1.8997498,0.27008057,-0.0045776367,-0.0045776367,-0.0045776367,-0.0045776367,-0.0045776367,-0.0045776367,3542569.7
3633329156992,13.139356,0,34.751663,33.117416,32.513161,30.856033,32.339211,33.117416,34.129089,33.497368,32.952621,30.297554,32.636757,32.49485,37.392998,39.626915,35.749596,33.533989,32.343788,32.256813,38.459602,34.47242,33.685051,33.538567,32.655067,38.61982,3542589.7,31.872284,29.880981,29.427788,28.841843,29.180588,29.363701,31.487755,30.320442,29.794006,28.219269,29.725334,29.226364,35.058365,38.134583,36.102081,31.849396,30.837723,30.224304,35.177383,32.101166,30.49897,31.469444,30.503548,35.186539,3542589.7,-0.0045776367,-0.0045776367,-0.0045776367,-0.0045776367,-0.0045776367,-0.0045776367,-0.0045776367,-0.0045776367,-0.0045776367,-0.0045776367,-0.0045776367,-0.0045776367,-0.0045776367,-1.7715759,-3.1448975,-1.3687439,-1.9180603,0.27008057,-0.0045776367,-0.0045776367,-0.0045776367,-0.0045776367,-0.0045776367,-0.0045776367,3542589.7
3633349352064,13.159551,0,34.7425,33.121994,32.513161,30.865189,32.339211,33.117416,34.133667,33.488213,32.952621,30.292976,32.641335,32.499428,37.397575,39.626915,35.745018,33.529411,32.339211,32.256813,38.473335,34.481575,33.680473,33.543144,32.655067,38.628975,3542609.7,31.867706,29.876404,29.427788,28.832687,29.189743,29.363701,31.501488,30.306709,29.794006,28.205536,29.716179,29.230942,35.040054,38.148315,36.120392,31.858551,30.846878,30.219727,35.177383,32.096588,30.503548,31.474022,30.508125,35.200272,3542609.7,-0.0045776367,-0.0045776367,-0.0045776367,-0.0045776367,-0.0045776367,-0.0045776367,-0.0045776367,-0.0045776367,-0.0045776367,-0.0045776367,-0.0045776367,-0.0045776367,-0.0045776367,-1.7532654,-2.9159851,-1.304657,-2.5314636,0.21514893,-0.0045776367,-0.0045776367,-0.0045776367,-0.0045776367,-0.0045776367,-0.0045776367,3542609.7
3633369182944,13.179382,0,34.747078,33.121994,32.513161,30.860611,32.343788,33.112839,34.124512,33.488213,32.957199,30.292976,32.641335,32.504005,37.38842,39.626915,35.745018,33.533989,32.343788,32.261391,38.468758,34.467842,33.680473,33.543144,32.645912,38.628975,3542629.7,31.881439,29.876404,29.446098,28.84642,29.185165,29.349968,31.487755,30.315865,29.780273,28.223846,29.697868,29.221786,35.058365,38.13916,36.129547,31.853973,30.846878,30.238037,35.186539,32.110321,30.480659,31.455711,30.49897,35.186539,3542629.7,-0.0045776367,-0.0045776367,-0.0045776367,-0.0045776367,-0.0045776367,-0.0045776367,-0.0045776367,-0.0045776367,-0.0045776367,-0.0045776367,-0.0045776367,-0.0045776367,-0.0045776367,-1.4694519,-2.9892273,-0.98419189,-2.8427429,0.4989624,-0.0045776367,-0.0045776367,-0.0045776367,-0.0045776367,-0.0045776367,-0.0045776367,3542629.7
3633389158880,13.199357,0,34.751663,33.117416,32.513161,30.856033,32.339211,33.112839,34.138245,33.497368,32.957199,30.297554,32.645912,32.504005,37.392998,39.631493,35.745018,33.533989,32.334633,32.261391,38.468758,34.476997,33.689629,33.547722,32.65049,38.624397,3542649.7,31.881439,29.876404,29.436943,28.84642,29.185165,29.359123,31.487755,30.334175,29.794006,28.228424,29.697868,29.208054,35.04921,38.148315,36.115814,31.863129,30.828568,30.219727,35.168228,32.078278,30.480659,31.460289,30.521858,35.191116,3542649.7,-0.0045776367,-0.0045776367,-0.0045776367,-0.0045776367,-0.0045776367,-0.0045776367,-0.0045776367,-0.0045776367,-0.0045776367,-0.0045776367,-0.0045776367,-0.0045776367,-0.0045776367,-0.87432861,-3.2822266,-1.2131042,-2.8610535,0.21514893,-0.0045776367,-0.0045776367,-0.0045776367,-0.0045776367,-0.0045776367,-0.0045776367,3542649.7
3633409141536,13.21934,0,34.751663,33.117416,32.513161,30.860611,32.330055,33.117416,34.133667,33.501945,32.957199,30.297554,32.641335,32.504005,37.397575,39.626915,35.745018,33.533989,32.334633,32.256813,38.468758,34.476997,33.675896,33.543144,32.655067,38.624397,3542669.7,31.876862,29.871826,29.455254,28.837265,29.185165,29.382011,31.49691,30.320442,29.794006,28.237579,29.702446,29.230942,35.058365,38.134583,36.134125,31.863129,30.846878,30.196838,35.195694,32.101166,30.489815,31.460289,30.517281,35.200272,3542669.7,-0.0045776367,-0.0045776367,-0.0045776367,-0.0045776367,-0.0045776367,-0.0045776367,-0.0045776367,-0.0045776367,-0.0045776367,-0.0045776367,-0.0045776367,-0.0045776367,-0.0045776367,-0.086975098,-3.9230957,-1.3412781,-2.9068298,0.41656494,-0.0045776367,-0.0045776367,-0.0045776367,-0.0045776367,-0.0045776367,-0.0045776367,3542669.7
3633429154624,13.239353,0,34.747078,33.121994,32.508583,30.865189,32.334633,33.112839,34.138245,33.49279,32.957199,30.288399,32.641335,32.49485,37.392998,39.631493,35.749596,33.533989,32.339211,32.261391,38.473335,34.476997,33.685051,33.543144,32.655067,38.61982,3542689.7,31.886017,29.880981,29.418633,28.841843,29.185165,29.359123,31.510643,30.315865,29.784851,28.210114,29.711601,29.212631,35.04921,38.134583,36.14328,31.853973,30.837723,30.219727,35.204849,32.096588,30.489815,31.464867,30.508125,35.214005,3542689.7,-0.0045776367,-0.0045776367,-0.0045776367,-0.0045776367,-0.0045776367,-0.0045776367,-0.0045776367,-0.0045776367,-0.0045776367,-0.0045776367,-0.0045776367,-0.0045776367,-0.0045776367,0.059509277,-4.1428223,-1.2222595,-2.4216003,0.096130371,-0.0045776367,-0.0045776367,-0.0045776367,-0.0045776367,-0.0045776367,-0.0045776367,3542689.7
3633449163744,13.259362,0,34.751663,33.121994,32.517738,30.856033,32.339211,33.117416,34.133667,33.49279,32.957199,30.292976,32.636757,32.504005,37.38842,39.622337,35.749596,33.533989,32.339211,32.261391,38.46418,34.476997,33.685051,33.538567,32.655067,38.624397,3542709.7,31.853973,29.858093,29.441521,28.837265,29.166855,29.368279,31.501488,30.306709,29.784851,28.219269,29.702446,29.230942,35.040054,38.143738,36.124969,31.872284,30.814835,30.215149,35.186539,32.110321,30.485237,31.460289,30.517281,35.204849,3542709.7,-0.0045776367,-0.0045776367,-0.0045776367,-0.0045776367,-0.0045776367,-0.0045776367,-0.0045776367,-0.0045776367,-0.0045776367,-0.0045776367,-0.0045776367,-0.0045776367,-0.0045776367,2.375824,-5.5344543,-1.1764832,-1.4969177,0.24261475,-0.0045776367,-0.0045776367,-0.0045776367,-0.0045776367,-0.0045776367,-0.0045776367,3542709.7
3633469126656,13.279325,0,34.7425,33.117416,32.508583,30.865189,32.339211,33.121994,34.138245,33.506523,32.952621,30.292976,32.636757,32.49485,37.38842,39.631493,35.754181,33.529411,32.343788,32.261391,38.459602,34.47242,33.680473,33.543144,32.655067,38.624397,3542729.7,31.876862,29.880981,29.436943,28.84642,29.180588,29.359123,31.49691,30.315865,29.775696,28.233002,29.697868,29.230942,35.044632,38.111694,36.152435,31.867706,30.851456,30.215149,35.163651,32.09201,30.49897,31.464867,30.517281,35.200272,3542729.7,-0.0045776367,-0.0045776367,-0.0045776367,-0.0045776367,-0.0045776367,-0.0045776367,-0.0045776367,-0.0045776367,-0.0045776367,-0.0045776367,-0.0045776367,-0.0045776367,-0.0045776367,1.8814392,-5.2597961,-1.0483093,-1.2955017,0.40740967,-0.0045776367,-0.0045776367,-0.0045776367,-0.0045776367,-0.0045776367,-0.0045776367,3542729.7
3633489148480,13.299347,0,34.747078,33.121994,32.517738,30.860611,32.330055,33.117416,34.133667,33.497368,32.957199,30.288399,32.632179,32.49485,37.383842,39.626915,35.754181,33.529411,32.343788,32.256813,38.468758,34.476997,33.685051,33.543144,32.65049,38.61982,3542749.7,31.858551,29.880981,29.459831,28.841843,29.189743,29.368279,31.49691,30.311287,29.780273,28.219269,29.716179,29.221786,35.04921,38.130005,36.134125,31.863129,30.837723,30.233459,35.195694,32.087433,30.49897,31.464867,30.489815,35.200272,3542749.7,-0.0045776367,-0.0045776367,-0.0045776367,-0.0045776367,-0.0045776367,-0.0045776367,-0.0045776367,-0.0045776367,-0.0045776367,-0.0045776367,-0.0045776367,-0.0045776367,-0.0045776367,1.4786072,-5.2506409,-1.2680359,-1.1764832,0.16021729,-0.0045776367,-0.0045776367,-0.0045776367,-0.0045776367,-0.0045776367,-0.0045776367,3542749.7
3633509147776,13.319346,0,34.751663,33.126572,32.513161,30.860611,32.334633,33.117416,34.133667,33.497368,32.957199,30.297554,32.636757,32.499428,37.392998,39.622337,35.749596,33.533989,32.339211,32.256813,38.459602,34.476997,33.685051,33.543144,32.655067,38.633553,3542769.7,31.876862,29.880981,29.446098,28.84642,29.166855,29.349968,31.506065,30.306709,29.794006,28.228424,29.707024,29.235519,35.04921,38.130005,36.14328,31.858551,30.837723,30.205994,35.191116,32.096588,30.476082,31.460289,30.526436,35.195694,3542769.7,-0.0045776367,-0.0045776367,-0.0045776367,-0.0045776367,-0.0045776367,-0.0045776367,-0.0045776367,-0.0045776367,-0.0045776367,-0.0045776367,-0.0045776367,-0.0045776367,-0.0045776367,1.9180603,-5.4337463,-0.3616333,-0.19683838,0.30670166,-0.0045776367,-0.0045776367,-0.0045776367,-0.0045776367,-0.0045776367,-0.0045776367,3542769.7
3633529162464,13.339361,0,34.751663,33.121994,32.513161,30.860611,32.334633,33.117416,34.133667,33.497368,32.961777,30.302132,32.641335,32.499428,37.397575,39.626915,35.758759,33.533989,32.343788,32.256813,38.468758,34.47242,33.680473,33.538567,32.65049,38.633553,3542789.7,31.881439,29.880981,29.446098,28.841843,29.189743,29.372856,31.501488,30.311287,29.775696,28.223846,29.702446,29.235519,35.062943,38.107117,36.161591,31.853973,30.837723,30.233459,35.181961,32.096588,30.494392,31.455711,30.531013,35.186539,3542789.7,-0.0045776367,-0.0045776367,-0.0045776367,-0.0045776367,-0.0045776367,-0.0045776367,-0.0045776367,-0.0045776367,-0.0045776367,-0.0045776367,-0.0045776367,-0.0045776367,-0.0045776367,1.0849304,-4.9851074,-0.068664551,-0.29754639,0.13275146,-0.0045776367,-0.0045776367,-0.0045776367,-0.0045776367,-0.0045776367,-0.0045776367,3542789.7
3633549245056,13.359444,0,34.747078,33.121994,32.513161,30.865189,32.343788,33.117416,34.138245,33.506523,32.952621,30.292976,32.632179,32.504005,37.397575,39.626915,35.754181,33.538567,32.343788,32.256813,38.46418,34.486153,33.685051,33.543144,32.65049,38.633553,3542809.7,31.881439,29.867249,29.446098,28.84642,29.189743,29.363701,31.501488,30.311287,29.789429,28.233002,29.711601,29.230942,35.053787,38.130005,36.147858,31.867706,30.846878,30.238037,35.191116,32.096588,30.480659,31.474022,30.508125,35.186539,3542809.7,-0.0045776367,-0.0045776367,-0.0045776367,-0.0045776367,-0.0045776367,-0.0045776367,-0.0045776367,-0.0045776367,-0.0045776367,-0.0045776367,-0.0045776367,-0.0045776367,-0.0045776367,0.75531006,-4.4632568,0.31585693,-0.077819824,0.24261475,-0.0045776367,-0.0045776367,-0.0045776367,-0.0045776367,-0.0045776367,-0.0045776367,3542809.7
3633569145888,13.379344,0,34.747078,33.121994,32.513161,30.860611,32.339211,33.117416,34.133667,33.497368,32.961777,30.297554,32.636757,32.513161,37.392998,39.626915,35.763336,33.533989,32.339211,32.256813,38.46418,34.47242,33.689629,33.538567,32.655067,38.624397,3542829.7,31.881439,29.885559,29.446098,28.832687,29.189743,29.354546,31.515221,30.320442,29.780273,28.237579,29.725334,29.235519,35.053787,38.12085,36.161591,31.853973,30.833145,30.219727,35.200272,32.105743,30.480659,31.455711,30.503548,35.195694,3542829.7,-0.0045776367,-0.0045776367,-0.0045776367,-0.0045776367,-0.0045776367,-0.0045776367,-0.0045776367,-0.0045776367,-0.0045776367,-0.0045776367,-0.0045776367,-0.0045776367,-0.0045776367,0.59967041,-3.5751953,-0.077819824,0.14190674,0.33416748,-0.0045776367,-0.0045776367,-0.0045776367,-0.0045776367,-0.0045776367,-0.0045776367,3542829.7
3633589154144,13.399353,0,34.747078,33.121994,32.513161,30.865189,32.339211,33.112839,34.133667,33.501945,32.957199,30.302132,32.636757,32.508583,37.392998,39.626915,35.758759,33.529411,32.334633,32.252235,38.46418,34.476997,33.685051,33.543144,32.655067,38.624397,3542849.7,31.881439,29.876404,29.436943,28.837265,29.17601,29.372856,31.506065,30.320442,29.784851,28.237579,29.702446,29.235519,35.062943,38.152893,36.147858,31.853973,30.837723,30.228882,35.172806,32.096588,30.494392,31.464867,30.517281,35.200272,3542849.7,-0.0045776367,-0.0045776367,-0.0045776367,-0.0045776367,-0.0045776367,-0.0045776367,-0.0045776367,-0.0045776367,-0.0045776367,-0.0045776367,-0.0045776367,-0.0045776367,-0.0045776367,0.29754639,-2.6047058,0.19683838,0.50811768,0.032043457,-0.0045776367,-0.0045776367,-0.0045776367,-0.0045776367,-0.0045776367,-0.0045776367,3542849.7
3633609178752,13.419377,0,34.751663,33.121994,32.513161,30.860611,32.339211,33.117416,34.133667,33.501945,32.957199,30.292976,32.636757,32.499428,37.38842,39.631493,35.758759,33.529411,32.343788,32.261391,38.468758,34.476997,33.685051,33.543144,32.645912,38.624397,3542869.7,31.872284,29.876404,29.418633,28.837265,29.17601,29.359123,31.501488,30.329597,29.803162,28.210114,29.707024,29.230942,35.040054,38.148315,36.179901,31.858551,30.828568,30.224304,35.168228,32.096588,30.494392,31.455711,30.508125,35.177383,3542869.7,-0.0045776367,-0.0045776367,-0.0045776367,-0.0045776367,-0.0045776367,-0.0045776367,-0.0045776367,-0.0045776367,-0.0045776367,-0.0045776367,-0.0045776367,-0.0045776367,-0.0045776367,-0.69122314,-2.275116,0.25177002,0.40740967,-0.21514893,-0.0045776367,-0.0045776367,-0.0045776367,-0.0045776367,-0.0045776367,-0.0045776367,3542869.7
3633629189120,13.439388,0,34.747078,33.117416,32.517738,30.860611,32.339211,33.121994,34.133667,33.501945,32.957199,30.288399,32.641335,32.504005,37.392998,39.626915,35.758759,33.529411,32.343788,32.256813,38.46418,34.476997,33.680473,33.538567,32.645912,38.628975,3542889.7,31.876862,29.876404,29.464409,28.818954,29.17601,29.368279,31.501488,30.320442,29.789429,28.233002,29.702446,29.217209,35.044632,38.12085,36.161591,31.849396,30.856033,30.238037,35.200272,32.105743,30.485237,31.469444,30.508125,35.200272,3542889.7,-0.0045776367,-0.0045776367,-0.0045776367,-0.0045776367,-0.0045776367,-0.0045776367,-0.0045776367,-0.0045776367,-0.0045776367,-0.0045776367,-0.0045776367,-0.0045776367,-0.0045776367,-0.18768311,-2.4124451,0.37994385,0.47149658,-0.32501221,-0.0045776367,-0.0045776367,-0.0045776367,-0.0045776367,-0.0045776367,-0.0045776367,3542889.7
3633649129696,13.459328,0,34.7425,33.126572,32.508583,30.860611,32.339211,33.117416,34.133667,33.501945,32.957199,30.288399,32.641335,32.504005,37.392998,39.626915,35.763336,33.533989,32.339211,32.256813,38.468758,34.476997,33.680473,33.538567,32.65049,38.61982,3542909.7,31.890594,29.876404,29.441521,28.84642,29.171432,29.363701,31.506065,30.320442,29.798584,28.228424,29.707024,29.226364,35.035477,38.130005,36.175323,31.858551,30.846878,30.210571,35.191116,32.101166,30.480659,31.446556,30.521858,35.191116,3542909.7,-0.0045776367,-0.0045776367,-0.0045776367,-0.0045776367,-0.0045776367,-0.0045776367,-0.0045776367,-0.0045776367,-0.0045776367,-0.0045776367,-0.0045776367,-0.0045776367,-0.0045776367,-0.12359619,-2.0828552,0.41656494,0.26092529,-0.23345947,-0.0045776367,-0.0045776367,-0.0045776367,-0.0045776367,-0.0045776367,-0.0045776367,3542909.7
3633669169216,13.479368,0,34.747078,33.121994,32.513161,30.860611,32.334633,33.121994,34.129089,33.497368,32.952621,30.292976,32.641335,32.504005,37.397575,39.631493,35.767914,33.529411,32.343788,32.256813,38.468758,34.476997,33.685051,33.543144,32.65049,38.624397,3542929.7,31.886017,29.880981,29.432365,28.84642,29.180588,29.377434,31.501488,30.320442,29.780273,28.223846,29.702446,29.230942,35.062943,38.143738,36.175323,31.858551,30.837723,30.233459,35.168228,32.101166,30.512703,31.469444,30.503548,35.209427,3542929.7,-0.0045776367,-0.0045776367,-0.0045776367,-0.0045776367,-0.0045776367,-0.0045776367,-0.0045776367,-0.0045776367,-0.0045776367,-0.0045776367,-0.0045776367,-0.0045776367,-0.0045776367,-0.10528564,-0.64544678,0.66375732,0.21514893,-0.26092529,-0.0045776367,-0.0045776367,-0.0045776367,-0.0045776367,-0.0045776367,-0.0045776367,3542929.7
3633689207104,13.499406,0,34.751663,33.121994,32.517738,30.860611,32.343788,33.117416,34.129089,33.497368,32.957199,30.297554,32.641335,32.504005,37.402153,39.631493,35.767914,33.533989,32.339211,32.256813,38.46418,34.47242,33.689629,33.538567,32.65049,38.61982,3542949.7,31.881439,29.880981,29.446098,28.837265,29.203476,29.34539,31.492332,30.320442,29.789429,28.223846,29.716179,29.226364,35.04921,38.125427,36.189056,31.858551,30.856033,30.205994,35.181961,32.096588,30.480659,31.464867,30.503548,35.181961,3542949.7,-0.0045776367,-0.0045776367,-0.0045776367,-0.0045776367,-0.0045776367,-0.0045776367,-0.0045776367,-0.0045776367,-0.0045776367,-0.0045776367,-0.0045776367,-0.0045776367,-0.0045776367,0.3616333,-0.20599365,0.3616333,-0.14190674,-0.086975098,-0.0045776367,-0.0045776367,-0.0045776367,-0.0045776367,-0.0045776367,-0.0045776367,3542949.7
3633709177856,13.519376,0,34.747078,33.121994,32.513161,30.865189,32.339211,33.117416,34.129089,33.501945,32.952621,30.292976,32.641335,32.504005,37.392998,39.626915,35.772491,33.524834,32.339211,32.256813,38.46418,34.481575,33.689629,33.543144,32.65049,38.61982,3542969.7,31.886017,29.876404,29.446098,28.841843,29.185165,29.349968,31.487755,30.315865,29.794006,28.228424,29.716179,29.240097,35.053787,38.116272,36.198212,31.858551,30.851456,30.210571,35.195694,32.101166,30.489815,31.474022,30.512703,35.181961,3542969.7,-0.0045776367,-0.0045776367,-0.0045776367,-0.0045776367,-0.0045776367,-0.0045776367,-0.0045776367,-0.0045776367,-0.0045776367,-0.0045776367,-0.0045776367,-0.0045776367,-0.0045776367,0.61798096,0.01373291,0.059509277,-0.52642822,-0.26092529,-0.0045776367,-0.0045776367,-0.0045776367,-0.0045776367,-0.0045776367,-0.0045776367,3542969.7
3633729156096,13.539355,0,34.747078,33.121994,32.513161,30.860611,32.339211,33.121994,34.133667,33.497368,32.957199,30.297554,32.636757,32.490273,37.392998,39.631493,35.772491,33.529411,32.343788,32.256813,38.468758,34.476997,33.685051,33.543144,32.645912,38.628975,3542989.7,31.890594,29.858093,29.450676,28.84642,29.194321,29.368279,31.483177,30.32502,29.780273,28.228424,29.702446,29.221786,35.062943,38.143738,36.202789,31.858551,30.8423,30.228882,35.191116,32.096588,30.476082,31.4786,30.494392,35.191116,3542989.7,-0.0045776367,-0.0045776367,-0.0045776367,-0.0045776367,-0.0045776367,-0.0045776367,-0.0045776367,-0.0045776367,-0.0045776367,-0.0045776367,-0.0045776367,-0.0045776367,-0.0045776367,1.2680359,0.86517334,0.35247803,-0.59051514,-0.34332275,-0.0045776367,-0.0045776367,-0.0045776367,-0.0045776367,-0.0045776367,-0.0045776367,3542989.7
3633749236384,13.559435,0,34.747078,33.121994,32.517738,30.865189,32.339211,33.117416,34.133667,33.501945,32.952621,30.297554,32.641335,32.499428,37.397575,39.631493,35.772491,33.529411,32.348366,32.256813,38.468758,34.481575,33.685051,33.543144,32.645912,38.624397,3543009.7,31.876862,29.880981,29.459831,28.841843,29.189743,29.363701,31.49691,30.329597,29.803162,28.233002,29.702446,29.235519,35.044632,38.111694,36.193634,31.867706,30.837723,30.228882,35.168228,32.087433,30.476082,31.464867,30.521858,35.204849,3543009.7,-0.0045776367,-0.0045776367,-0.0045776367,-0.0045776367,-0.0045776367,-0.0045776367,-0.0045776367,-0.0045776367,-0.0045776367,-0.0045776367,-0.0045776367,-0.0045776367,-0.0045776367,1.6617126,0.8102417,0.13275146,-0.8102417,-0.19683838,-0.0045776367,-0.0045776367,-0.0045776367,-0.0045776367,-0.0045776367,-0.0045776367,3543009.7
3633769173856,13.579372,0,34.747078,33.121994,32.513161,30.865189,32.339211,33.121994,34.124512,33.501945,32.957199,30.292976,32.641335,32.504005,37.38842,39.626915,35.763336,33.529411,32.343788,32.256813,38.46418,34.47242,33.685051,33.543144,32.65049,38.61982,3543031.7,31.863129,29.876404,29.427788,28.841843,29.185165,29.382011,31.49691,30.315865,29.798584,28.228424,29.711601,29.240097,35.040054,38.134583,36.198212,31.853973,30.846878,30.210571,35.181961,32.09201,30.485237,31.455711,30.485237,35.168228,3543031.7,-0.0045776367,-0.0045776367,-0.0045776367,-0.0045776367,-0.0045776367,-0.0045776367,-0.0045776367,-0.0045776367,-0.0045776367,-0.0045776367,-0.0045776367,-0.0045776367,-0.0045776367,1.6891785,0.6729126,-0.59051514,-1.0574646,-0.14190674,-0.0045776367,-0.0045776367,-0.0045776367,-0.0045776367,-0.0045776367,-0.0045776367,3543031.7
3633789196096,13.599395,0,34.7425,33.126572,32.513161,30.865189,32.339211,33.117416,34.133667,33.501945,32.957199,30.292976,32.645912,32.504005,37.38842,39.626915,35.772491,33.529411,32.348366,32.256813,38.459602,34.476997,33.680473,33.538567,32.645912,38.628975,3543049.7,31.867706,29.858093,29.441521,28.837265,29.166855,29.368279,31.49691,30.329597,29.780273,28.237579,29.697868,29.230942,35.040054,38.130005,36.198212,31.872284,30.851456,30.219727,35.195694,32.09201,30.480659,31.460289,30.508125,35.200272,3543049.7,-0.0045776367,-0.0045776367,-0.0045776367,-0.0045776367,-0.0045776367,-0.0045776367,-0.0045776367,-0.0045776367,-0.0045776367,-0.0045776367,-0.0045776367,-0.0045776367,-0.0045776367,1.9821472,0.80108643,-0.27923584,-1.1490173,-0.18768311,-0.0045776367,-0.0045776367,-0.0045776367,-0.0045776367,-0.0045776367,-0.0045776367,3543049.7
3633809142656,13.619341,0,34.747078,33.121994,32.517738,30.860611,32.339211,33.117416,34.129089,33.497368,32.952621,30.302132,32.636757,32.499428,37.392998,39.626915,35.781647,33.529411,32.334633,32.256813,38.46418,34.47242,33.685051,33.543144,32.65049,38.633553,3543069.7,31.876862,29.880981,29.446098,28.841843,29.185165,29.359123,31.492332,30.315865,29.794006,28.228424,29.702446,29.240097,35.076675,38.148315,36.202789,31.863129,30.837723,30.233459,35.186539,32.09201,30.476082,31.464867,30.517281,35.195694,3543069.7,-0.0045776367,-0.0045776367,-0.0045776367,-0.0045776367,-0.0045776367,-0.0045776367,-0.0045776367,-0.0045776367,-0.0045776367,-0.0045776367,-0.0045776367,-0.0045776367,-0.0045776367,1.9821472,0.62713623,-0.32501221,-1.1215515,-0.34332275,-0.0045776367,-0.0045776367,-0.0045776367,-0.0045776367,-0.0045776367,-0.0045776367,3543069.7
3633829129504,13.639328,0,34.751663,33.121994,32.508583,30.856033,32.343788,33.117416,34.133667,33.497368,32.957199,30.302132,32.641335,32.504005,37.397575,39.622337,35.767914,33.529411,32.339211,32.256813,38.46418,34.486153,33.680473,33.543144,32.655067,38.624397,3543089.7,31.876862,29.876404,29.432365,28.837265,29.185165,29.363701,31.501488,30.334175,29.803162,28.223846,29.707024,29.226364,35.04921,38.12085,36.184479,31.849396,30.828568,30.219727,35.181961,32.096588,30.503548,31.469444,30.517281,35.191116,3543089.7,-0.0045776367,-0.0045776367,-0.0045776367,-0.0045776367,-0.0045776367,-0.0045776367,-0.0045776367,-0.0045776367,-0.0045776367,-0.0045776367,-0.0045776367,-0.0045776367,-0.0045776367,1.8905945,1.002533,-0.51727295,-1.506073,-0.16937256,-0.0045776367,-0.0045776367,-0.0045776367,-0.0045776367,-0.0045776367,-0.0045776367,3543089.7
3633849129120,13.659328,0,34.7425,33.117416,32.513161,30.860611,32.339211,33.112839,34.129089,33.497368,32.952621,30.297554,32.641335,32.499428,37.392998,39.626915,35.777069,33.524834,32.343788,32.256813,38.468758,34.476997,33.685051,33.543144,32.645912,38.624397,3543109.7,31.890594,29.880981,29.446098,28.841843,29.17601,29.377434,31.506065,30.315865,29.794006,28.242157,29.711601,29.230942,35.053787,38.148315,36.207367,31.867706,30.819412,30.238037,35.186539,32.09201,30.471504,31.460289,30.517281,35.191116,3543109.7,-0.0045776367,-0.0045776367,-0.0045776367,-0.0045776367,-0.0045776367,-0.0045776367,-0.0045776367,-0.0045776367,-0.0045776367,-0.0045776367,-0.0045776367,-0.0045776367,-0.0045776367,2.1469421,1.2131042,-0.85601807,-1.6525574,-0.50811768,-0.0045776367,-0.0045776367,-0.0045776367,-0.0045776367,-0.0045776367,-0.0045776367,3543109.7
3633869150880,13.679349,0,34.751663,33.121994,32.517738,30.860611,32.334633,33.117416,34.133667,33.497368,32.952621,30.302132,32.641335,32.504005,37.397575,39.631493,35.777069,33.524834,32.343788,32.256813,38.46418,34.47242,33.685051,33.543144,32.65049,38.628975,3543129.7,31.867706,29.880981,29.446098,28.841843,29.194321,29.349968,31.483177,30.315865,29.789429,28.233002,29.716179,29.235519,35.053787,38.143738,36.202789,31.858551,30.82399,30.224304,35.191116,32.09201,30.485237,31.4786,30.512703,35.195694,3543129.7,-0.0045776367,-0.0045776367,-0.0045776367,-0.0045776367,-0.0045776367,-0.0045776367,-0.0045776367,-0.0045776367,-0.0045776367,-0.0045776367,-0.0045776367,-0.0045776367,-0.0045776367,2.1560974,0.60882568,-0.84686279,-1.5793152,-0.43487549,-0.0045776367,-0.0045776367,-0.0045776367,-0.0045776367,-0.0045776367,-0.0045776367,3543129.7
3633889095968,13.699295,0,34.751663,33.121994,32.513161,30.856033,32.334633,33.112839,34.138245,33.497368,32.957199,30.297554,32.641335,32.499428,37.392998,39.626915,35.781647,33.529411,32.339211,32.261391,38.473335,34.476997,33.689629,33.543144,32.645912,38.624397,3543149.7,31.867706,29.880981,29.446098,28.837265,29.180588,29.368279,31.49691,30.320442,29.780273,28.223846,29.707024,29.240097,35.076675,38.148315,36.207367,31.844818,30.8423,30.215149,35.172806,32.096588,30.476082,31.451134,30.503548,35.195694,3543149.7,-0.0045776367,-0.0045776367,-0.0045776367,-0.0045776367,-0.0045776367,-0.0045776367,-0.0045776367,-0.0045776367,-0.0045776367,-0.0045776367,-0.0045776367,-0.0045776367,-0.0045776367,1.6983337,0.6362915,-0.8102417,-1.6800232,-0.23345947,-0.0045776367,-0.0045776367,-0.0045776367,-0.0045776367,-0.0045776367,-0.0045776367,3543149.7
3633909155392,13.719354,0,34.747078,33.121994,32.513161,30.860611,32.334633,33.112839,34.129089,33.497368,32.957199,30.297554,32.645912,32.499428,37.38842,39.626915,35.781647,33.529411,32.348366,32.256813,38.468758,34.47242,33.680473,33.538567,32.65049,38.61982,3543169.7,31.886017,29.876404,29.446098,28.841843,29.166855,29.363701,31.49691,30.315865,29.794006,28.214691,29.711601,29.221786,35.062943,38.125427,36.207367,31.858551,30.837723,30.228882,35.204849,32.110321,30.485237,31.469444,30.526436,35.209427,3543169.7,-0.0045776367,-0.0045776367,-0.0045776367,-0.0045776367,-0.0045776367,-0.0045776367,-0.0045776367,-0.0045776367,-0.0045776367,-0.0045776367,-0.0045776367,-0.0045776367,-0.0045776367,1.2771912,0.41656494,-1.0299988,-1.4511414,-0.24261475,-0.0045776367,-0.0045776367,-0.0045776367,-0.0045776367,-0.0045776367,-0.0045776367,3543169.7
3633929128736,13.739327,0,34.747078,33.117416,32.513161,30.860611,32.343788,33.121994,34.138245,33.497368,32.957199,30.302132,32.645912,32.504005,37.392998,39.631493,35.781647,33.529411,32.339211,32.256813,38.468758,34.47242,33.689629,33.547722,32.645912,38.628975,3543189.7,31.886017,29.880981,29.436943,28.832687,29.171432,29.363701,31.506065,30.329597,29.803162,28.233002,29.711601,29.230942,35.044632,38.134583,36.234833,31.858551,30.851456,30.219727,35.181961,32.087433,30.494392,31.460289,30.521858,35.191116,3543189.7,-0.0045776367,-0.0045776367,-0.0045776367,-0.0045776367,-0.0045776367,-0.0045776367,-0.0045776367,-0.0045776367,-0.0045776367,-0.0045776367,-0.0045776367,-0.0045776367,-0.0045776367,0.64544678,-0.3616333,-0.70953369,-1.3138123,-0.51727295,-0.0045776367,-0.0045776367,-0.0045776367,-0.0045776367,-0.0045776367,-0.0045776367,3543189.7
3633949247424,13.759446,0,34.751663,33.121994,32.517738,30.865189,32.334633,33.117416,34.129089,33.501945,32.961777,30.292976,32.641335,32.504005,37.392998,39.626915,35.777069,33.529411,32.343788,32.265968,38.46418,34.481575,33.689629,33.538567,32.65049,38.624397,3543209.7,31.890594,29.876404,29.42321,28.832687,29.185165,29.363701,31.501488,30.315865,29.775696,28.228424,29.716179,29.240097,35.053787,38.143738,36.23941,31.844818,30.8423,30.233459,35.200272,32.114899,30.480659,31.469444,30.494392,35.172806,3543209.7,-0.0045776367,-0.0045776367,-0.0045776367,-0.0045776367,-0.0045776367,-0.0045776367,-0.0045776367,-0.0045776367,-0.0045776367,-0.0045776367,-0.0045776367,-0.0045776367,-0.0045776367,0.34332275,-1.5518494,-1.4419861,-0.93841553,-0.29754639,-0.0045776367,-0.0045776367,-0.0045776367,-0.0045776367,-0.0045776367,-0.0045776367,3543209.7
3633969136800,13.779335,0,34.747078,33.121994,32.513161,30.856033,32.330055,33.117416,34.133667,33.49279,32.948044,30.292976,32.636757,32.499428,37.392998,39.61776,35.781647,33.533989,32.348366,32.256813,38.468758,34.47242,33.685051,33.538567,32.65049,38.624397,3543229.7,31.886017,29.876404,29.432365,28.832687,29.189743,29.359123,31.506065,30.315865,29.794006,28.219269,29.702446,29.221786,35.076675,38.143738,36.216522,31.867706,30.8423,30.228882,35.186539,32.101166,30.494392,31.460289,30.503548,35.191116,3543229.7,-0.0045776367,-0.0045776367,-0.0045776367,-0.0045776367,-0.0045776367,-0.0045776367,-0.0045776367,-0.0045776367,-0.0045776367,-0.0045776367,-0.0045776367,-0.0045776367,-0.0045776367,-0.10528564,-1.9272156,-1.4602966,-0.69122314,-0.27923584,-0.0045776367,-0.0045776367,-0.0045776367,-0.0045776367,-0.0045776367,-0.0045776367,3543229.7
3633989135840,13.799334,0,34.747078,33.121994,32.517738,30.865189,32.339211,33.117416,34.133667,33.49279,32.948044,30.297554,32.641335,32.504005,37.397575,39.631493,35.777069,33.524834,32.343788,32.261391,38.468758,34.476997,33.685051,33.538567,32.655067,38.624397,3543249.7,31.881439,29.871826,29.436943,28.832687,29.162277,29.363701,31.49691,30.320442,29.794006,28.223846,29.711601,29.240097,35.076675,38.152893,36.243988,31.863129,30.828568,30.224304,35.186539,32.082855,30.485237,31.460289,30.512703,35.200272,3543249.7,-0.0045776367,-0.0045776367,-0.0045776367,-0.0045776367,-0.0045776367,-0.0045776367,-0.0045776367,-0.0045776367,-0.0045776367,-0.0045776367,-0.0045776367,-0.0045776367,-0.0045776367,-0.65460205,-2.2110291,-1.4511414,-0.6362915,-0.27923584,-0.0045776367,-0.0045776367,-0.0045776367,-0.0045776367,-0.0045776367,-0.0045776367,3543249.7
3634009147072,13.819346,0,34.751663,33.121994,32.513161,30.865189,32.339211,33.121994,34.138245,33.501945,32.952621,30.302132,32.641335,32.508583,37.397575,39.631493,35.786224,33.529411,32.352943,32.261391,38.46418,34.47242,33.680473,33.543144,32.655067,38.628975,3543269.7,31.881439,29.876404,29.427788,28.841843,29.189743,29.372856,31.506065,30.32502,29.775696,28.237579,29.697868,29.226364,35.053787,38.134583,36.243988,31.858551,30.851456,30.233459,35.186539,32.101166,30.485237,31.474022,30.517281,35.186539,3543269.7,-0.0045776367,-0.0045776367,-0.0045776367,-0.0045776367,-0.0045776367,-0.0045776367,-0.0045776367,-0.0045776367,-0.0045776367,-0.0045776367,-0.0045776367,-0.0045776367,-0.0045776367,-1.5976257,-3.3096924,-1.6800232,-0.20599365,-0.20599365,-0.0045776367,-0.0045776367,-0.0045776367,-0.0045776367,-0.0045776367,-0.0045776367,3543269.7
3634029134112,13.839333,0,34.756241,33.126572,32.517738,30.865189,32.343788,33.117416,34.133667,33.506523,32.952621,30.292976,32.641335,32.508583,37.397575,39.631493,35.786224,33.524834,32.348366,32.256813,38.468758,34.481575,33.689629,33.538567,32.655067,38.624397,3543289.7,31.881439,29.871826,29.427788,28.832687,29.189743,29.363701,31.506065,30.32502,29.780273,28.228424,29.702446,29.240097,35.035477,38.130005,36.230255,31.853973,30.828568,30.224304,35.186539,32.096588,30.462349,31.460289,30.508125,35.186539,3543289.7,-0.0045776367,-0.0045776367,-0.0045776367,-0.0045776367,-0.0045776367,-0.0045776367,-0.0045776367,-0.0045776367,-0.0045776367,-0.0045776367,-0.0045776367,-0.0045776367,-0.0045776367,-1.2405701,-3.6392822,-2.1377869,-0.60882568,-0.38909912,-0.0045776367,-0.0045776367,-0.0045776367,-0.0045776367,-0.0045776367,-0.0045776367,3543289.7
3634049113696,13.859312,0,34.751663,33.117416,32.513161,30.860611,32.339211,33.117416,34.129089,33.501945,32.957199,30.302132,32.641335,32.508583,37.397575,39.63607,35.781647,33.529411,32.343788,32.252235,38.473335,34.47242,33.680473,33.543144,32.655067,38.624397,3543309.7,31.890594,29.885559,29.446098,28.832687,29.194321,29.359123,31.483177,30.329597,29.789429,28.237579,29.707024,29.221786,35.062943,38.143738,36.23941,31.853973,30.833145,30.210571,35.186539,32.096588,30.489815,31.455711,30.508125,35.200272,3543309.7,-0.0045776367,-0.0045776367,-0.0045776367,-0.0045776367,-0.0045776367,-0.0045776367,-0.0045776367,-0.0045776367,-0.0045776367,-0.0045776367,-0.0045776367,-0.0045776367,-0.0045776367,-2.2201843,-3.4012451,-2.2934265,-0.56304932,-0.25177002,-0.0045776367,-0.0045776367,-0.0045776367,-0.0045776367,-0.0045776367,-0.0045776367,3543309.7
3634069132384,13.879331,0,34.751663,33.121994,32.513161,30.860611,32.343788,33.117416,34.138245,33.49279,32.952621,30.297554,32.641335,32.508583,37.392998,39.631493,35.781647,33.533989,32.348366,32.256813,38.468758,34.476997,33.680473,33.543144,32.645912,38.624397,3543329.7,31.881439,29.880981,29.427788,28.84642,29.185165,29.359123,31.487755,30.320442,29.789429,28.228424,29.707024,29.235519,35.058365,38.134583,36.253151,31.881439,30.8423,30.219727,35.163651,32.105743,30.471504,31.460289,30.512703,35.181961,3543329.7,-0.0045776367,-0.0045776367,-0.0045776367,-0.0045776367,-0.0045776367,-0.0045776367,-0.0045776367,-0.0045776367,-0.0045776367,-0.0045776367,-0.0045776367,-0.0045776367,-0.0045776367,-2.5497742,-4.435791,-2.2842712,-0.2243042,-0.25177002,-0.0045776367,-0.0045776367,-0.0045776367,-0.0045776367,-0.0045776367,-0.0045776367,3543329.7
3634089104384,13.899303,0,34.751663,33.126572,32.513161,30.856033,32.348366,33.117416,34.138245,33.497368,32.952621,30.292976,32.645912,32.499428,37.392998,39.63607,35.777069,33.529411,32.348366,32.256813,38.46418,34.47242,33.685051,33.547722,32.655067,38.624397,3543349.7,31.867706,29.862671,29.427788,28.841843,29.17601,29.368279,31.492332,30.320442,29.794006,28.228424,29.707024,29.226364,35.058365,38.130005,36.248566,31.876862,30.828568,30.238037,35.204849,32.09201,30.471504,31.464867,30.508125,35.181961,3543349.7,-0.0045776367,-0.0045776367,-0.0045776367,-0.0045776367,-0.0045776367,-0.0045776367,-0.0045776367,-0.0045776367,-0.0045776367,-0.0045776367,-0.0045776367,-0.0045776367,-0.0045776367,-2.1194763,-4.1885986,-2.5863953,-0.48980713,-0.0045776367,-0.0045776367,-0.0045776367,-0.0045776367,-0.0045776367,-0.0045776367,-0.0045776367,3543349.7
3634109105376,13.919304,0,34.751663,33.126572,32.508583,30.856033,32.343788,33.117416,34.133667,33.497368,32.957199,30.297554,32.636757,32.499428,37.392998,39.622337,35.786224,33.538567,32.348366,32.252235,38.46418,34.476997,33.680473,33.543144,32.645912,38.628975,3543369.7,31.881439,29.876404,29.459831,28.841843,29.189743,29.368279,31.4786,30.306709,29.798584,28.233002,29.716179,29.208054,35.04921,38.125427,36.253151,31.858551,30.8423,30.238037,35.191116,32.09201,30.489815,31.460289,30.512703,35.204849,3543369.7,-0.0045776367,-0.0045776367,-0.0045776367,-0.0045776367,-0.0045776367,-0.0045776367,-0.0045776367,-0.0045776367,-0.0045776367,-0.0045776367,-0.0045776367,-0.0045776367,-0.0045776367,-2.7054138,-4.3808594,-2.1194763,-0.48065186,0.050354004,-0.0045776367,-0.0045776367,-0.0045776367,-0.0045776367,-0.0045776367,-0.0045776367,3543369.7
3634129144928,13.939344,0,34.751663,33.121994,32.517738,30.851456,32.334633,33.117416,34.133667,33.501945,32.961777,30.297554,32.641335,32.504005,37.392998,39.626915,35.777069,33.529411,32.348366,32.256813,38.459602,34.476997,33.685051,33.543144,32.655067,38.628975,3543389.7,31.872284,29.885559,29.432365,28.837265,29.180588,29.368279,31.49691,30.329597,29.775696,28.223846,29.716179,29.208054,35.04921,38.125427,36.23941,31.867706,30.833145,30.224304,35.172806,32.124054,30.49897,31.464867,30.526436,35.209427,3543389.7,-0.0045776367,-0.0045776367,-0.0045776367,-0.0045776367,-0.0045776367,-0.0045776367,-0.0045776367,-0.0045776367,-0.0045776367,-0.0045776367,-0.0045776367,-0.0045776367,-0.0045776367,-2.3666687,-4.2984619,-2.7420349,-0.66375732,0.16937256,-0.0045776367,-0.0045776367,-0.0045776367,-0.0045776367,-0.0045776367,-0.0045776367,3543389.7
3634149206432,13.959405,0,34.751663,33.126572,32.513161,30.865189,32.339211,33.112839,34.133667,33.501945,32.957199,30.292976,32.641335,32.504005,37.397575,39.631493,35.772491,33.524834,32.343788,32.261391,38.459602,34.47242,33.685051,33.538567,32.655067,38.61982,3543409.7,31.886017,29.880981,29.450676,28.841843,29.180588,29.363701,31.533531,30.311287,29.780273,28.233002,29.711601,29.235519,35.035477,38.134583,36.248566,31.853973,30.846878,30.233459,35.168228,32.078278,30.476082,31.437401,30.485237,35.191116,3543409.7,-0.0045776367,-0.0045776367,-0.0045776367,-0.0045776367,-0.0045776367,-0.0045776367,-0.0045776367,-0.0045776367,-0.0045776367,-0.0045776367,-0.0045776367,-0.0045776367,-0.0045776367,-2.7969666,-3.9139404,-2.2659607,-0.97503662,0.19683838,-0.0045776367,-0.0045776367,-0.0045776367,-0.0045776367,-0.0045776367,-0.0045776367,3543409.7
3634169101632,13.9793,0,34.751663,33.121994,32.513161,30.860611,32.339211,33.117416,34.129089,33.501945,32.961777,30.297554,32.641335,32.504005,37.397575,39.626915,35.786224,33.533989,32.348366,32.265968,38.46418,34.476997,33.685051,33.543144,32.645912,38.624397,3543429.7,31.858551,29.876404,29.436943,28.832687,29.1577,29.359123,31.483177,30.320442,29.798584,28.223846,29.707024,29.235519,35.06752,38.13916,36.271461,31.858551,30.828568,30.219727,35.195694,32.0737,30.489815,31.460289,30.512703,35.177383,3543429.7,-0.0045776367,-0.0045776367,-0.0045776367,-0.0045776367,-0.0045776367,-0.0045776367,-0.0045776367,-0.0045776367,-0.0045776367,-0.0045776367,-0.0045776367,-0.0045776367,-0.0045776367,-2.6962585,-3.9230957,-2.1194763,-1.1673279,0.16937256,-0.0045776367,-0.0045776367,-0.0045776367,-0.0045776367,-0.0045776367,-0.0045776367,3543429.7
3634189135424,13.999334,0,34.751663,33.117416,32.513161,30.865189,32.343788,33.117416,34.133667,33.501945,32.952621,30.297554,32.636757,32.499428,37.397575,39.626915,35.781647,33.529411,32.348366,32.256813,38.468758,34.476997,33.685051,33.543144,32.655067,38.61982,3543449.7,31.876862,29.885559,29.446098,28.84642,29.189743,29.372856,31.506065,30.320442,29.784851,28.219269,29.711601,29.240097,35.04921,38.152893,36.243988,31.872284,30.833145,30.238037,35.172806,32.096588,30.480659,31.460289,30.503548,35.186539,3543449.7,-0.0045776367,-0.0045776367,-0.0045776367,-0.0045776367,-0.0045776367,-0.0045776367,-0.0045776367,-0.0045776367,-0.0045776367,-0.0045776367,-0.0045776367,-0.0045776367,-0.0045776367,-3.5385742,-3.5294189,-1.6983337,-1.0574646,0.27008057,-0.0045776367,-0.0045776367,-0.0045776367,-0.0045776367,-0.0045776367,-0.0045776367,3543449.7
3634209113088,14.019312,0,34.760818,33.121994,32.517738,30.860611,32.339211,33.117416,34.129089,33.497368,32.957199,30.292976,32.645912,32.499428,37.392998,39.631493,35.781647,33.529411,32.339211,32.256813,38.459602,34.476997,33.685051,33.543144,32.659645,38.624397,3543469.7,31.876862,29.871826,29.436943,28.84642,29.189743,29.354546,31.510643,30.320442,29.784851,28.219269,29.707024,29.240097,35.053787,38.125427,36.243988,31.867706,30.851456,30.233459,35.195694,32.087433,30.489815,31.460289,30.512703,35.209427,3543469.7,-0.0045776367,-0.0045776367,-0.0045776367,-0.0045776367,-0.0045776367,-0.0045776367,-0.0045776367,-0.0045776367,-0.0045776367,-0.0045776367,-0.0045776367,-0.0045776367,-0.0045776367,-3.6392822,-3.6118164,-1.4236755,-1.4236755,0.23345947,-0.0045776367,-0.0045776367,-0.0045776367,-0.0045776367,-0.0045776367,-0.0045776367,3543469.7
3634229103648,14.039302,0,34.747078,33.126572,32.513161,30.865189,32.339211,33.112839,34.133667,33.501945,32.957199,30.292976,32.641335,32.499428,37.392998,39.631493,35.781647,33.538567,32.343788,32.261391,38.46418,34.481575,33.685051,33.543144,32.655067,38.628975,3543489.7,31.876862,29.885559,29.441521,28.837265,29.17601,29.363701,31.501488,30.315865,29.812317,28.237579,29.711601,29.226364,35.058365,38.143738,36.266884,31.863129,30.846878,30.247192,35.204849,32.101166,30.471504,31.451134,30.512703,35.191116,3543489.7,-0.0045776367,-0.0045776367,-0.0045776367,-0.0045776367,-0.0045776367,-0.0045776367,-0.0045776367,-0.0045776367,-0.0045776367,-0.0045776367,-0.0045776367,-0.0045776367,-0.0045776367,-3.7399902,-3.2730713,-0.82855225,-1.0208435,0.022888184,-0.0045776367,-0.0045776367,-0.0045776367,-0.0045776367,-0.0045776367,-0.0045776367,3543489.7
3634249111424,14.05931,0,34.747078,33.121994,32.508583,30.860611,32.339211,33.117416,34.138245,33.501945,32.952621,30.292976,32.636757,32.508583,37.397575,39.626915,35.777069,33.529411,32.352943,32.265968,38.46418,34.476997,33.685051,33.543144,32.65049,38.628975,3543509.7,31.872284,29.885559,29.436943,28.850998,29.189743,29.368279,31.49691,30.315865,29.812317,28.219269,29.707024,29.235519,35.044632,38.134583,36.253151,31.867706,30.846878,30.238037,35.214005,32.101166,30.49897,31.451134,30.521858,35.195694,3543509.7,-0.0045776367,-0.0045776367,-0.0045776367,-0.0045776367,-0.0045776367,-0.0045776367,-0.0045776367,-0.0045776367,-0.0045776367,-0.0045776367,-0.0045776367,-0.0045776367,-0.0045776367,-3.9780273,-2.7328796,-0.35247803,-0.87432861,-0.096130371,-0.0045776367,-0.0045776367,-0.0045776367,-0.0045776367,-0.0045776367,-0.0045776367,3543509.7
3634269103072,14.079302,0,34.751663,33.131149,32.513161,30.860611,32.339211,33.117416,34.129089,33.501945,32.957199,30.297554,32.645912,32.499428,37.397575,39.626915,35.777069,33.529411,32.343788,32.265968,38.46418,34.47242,33.685051,33.543144,32.641335,38.624397,3543529.7,31.872284,29.885559,29.436943,28.841843,29.189743,29.368279,31.506065,30.329597,29.794006,28.233002,29.720757,29.217209,35.044632,38.111694,36.262306,31.867706,30.8423,30.233459,35.214005,32.105743,30.508125,31.469444,30.503548,35.186539,3543529.7,-0.0045776367,-0.0045776367,-0.0045776367,-0.0045776367,-0.0045776367,-0.0045776367,-0.0045776367,-0.0045776367,-0.0045776367,-0.0045776367,-0.0045776367,-0.0045776367,-0.0045776367,-4.335083,-2.5863953,-0.45318604,-0.75531006,-0.01373291,-0.0045776367,-0.0045776367,-0.0045776367,-0.0045776367,-0.0045776367,-0.0045776367,3543529.7
3634289088768,14.099287,0,34.751663,33.121994,32.513161,30.860611,32.339211,33.117416,34.133667,33.501945,32.957199,30.297554,32.636757,32.499428,37.397575,39.63607,35.777069,33.533989,32.348366,32.261391,38.46418,34.476997,33.685051,33.543144,32.655067,38.628975,3543549.7,31.890594,29.880981,29.436943,28.832687,29.194321,29.372856,31.506065,30.311287,29.780273,28.228424,29.707024,29.226364,35.058365,38.143738,36.248566,31.867706,30.846878,30.247192,35.181961,32.105743,30.489815,31.474022,30.49897,35.204849,3543549.7,-0.0045776367,-0.0045776367,-0.0045776367,-0.0045776367,-0.0045776367,-0.0045776367,-0.0045776367,-0.0045776367,-0.0045776367,-0.0045776367,-0.0045776367,-0.0045776367,-0.0045776367,-4.234375,-2.5680847,0.10528564,-0.93841553,-0.37994385,-0.0045776367,-0.0045776367,-0.0045776367,-0.0045776367,-0.0045776367,-0.0045776367,3543549.7
3634309115232,14.119314,0,34.756241,33.121994,32.513161,30.860611,32.343788,33.121994,34.133667,33.497368,32.948044,30.292976,32.645912,32.504005,37.392998,39.626915,35.786224,33.529411,32.348366,32.261391,38.46418,34.481575,33.685051,33.538567,32.655067,38.628975,3543569.7,31.881439,29.876404,29.450676,28.837265,29.185165,29.377434,31.49691,30.32502,29.784851,28.228424,29.702446,29.226364,35.06752,38.116272,36.248566,31.863129,30.8423,30.215149,35.186539,32.101166,30.476082,31.4786,30.517281,35.186539,3543569.7,-0.0045776367,-0.0045776367,-0.0045776367,-0.0045776367,-0.0045776367,-0.0045776367,-0.0045776367,-0.0045776367,-0.0045776367,-0.0045776367,-0.0045776367,-0.0045776367,-0.0045776367,-4.5731201,-2.2934265,-0.29754639,-1.0208435,-0.16937256,-0.0045776367,-0.0045776367,-0.0045776367,-0.0045776367,-0.0045776367,-0.0045776367,3543569.7
3634329260384,14.139459,0,34.747078,33.121994,32.517738,30.856033,32.343788,33.121994,34.133667,33.501945,32.952621,30.297554,32.645912,32.499428,37.397575,39.626915,35.777069,33.533989,32.343788,32.261391,38.473335,34.476997,33.685051,33.543144,32.655067,38.633553,3543589.7,31.872284,29.880981,29.427788,28.841843,29.185165,29.368279,31.492332,30.32502,29.794006,28.223846,29.720757,29.230942,35.04921,38.152893,36.257729,31.844818,30.846878,30.242615,35.181961,32.101166,30.489815,31.455711,30.508125,35.214005,3543589.7,-0.0045776367,-0.0045776367,-0.0045776367,-0.0045776367,-0.0045776367,-0.0045776367,-0.0045776367,-0.0045776367,-0.0045776367,-0.0045776367,-0.0045776367,-0.0045776367,-0.0045776367,-4.8569336,-2.275116,0.54473877,-1.2771912,-0.11444092,-0.0045776367,-0.0045776367,-0.0045776367,-0.0045776367,-0.0045776367,-0.0045776367,3543589.7
3634349254176,14.159453,0,34.751663,33.121994,32.517738,30.860611,32.343788,33.121994,34.138245,33.497368,32.952621,30.302132,32.641335,32.504005,37.392998,39.626915,35.786224,33.533989,32.343788,32.256813,38.46418,34.481575,33.689629,33.543144,32.65049,38.628975,3543609.7,31.867706,29.885559,29.427788,28.841843,29.171432,29.340813,31.506065,30.320442,29.794006,28.228424,29.693291,29.230942,35.062943,38.130005,36.276039,31.849396,30.828568,30.228882,35.172806,32.096588,30.485237,31.464867,30.512703,35.214005,3543609.7,-0.0045776367,-0.0045776367,-0.0045776367,-0.0045776367,-0.0045776367,-0.0045776367,-0.0045776367,-0.0045776367,-0.0045776367,-0.0045776367,-0.0045776367,-0.0045776367,-0.0045776367,-5.0400696,-2.0920105,0.51727295,-1.2222595,-0.21514893,-0.0045776367,-0.0045776367,-0.0045776367,-0.0045776367,-0.0045776367,-0.0045776367,3543609.7
3634369210656,14.179409,0,34.751663,33.121994,32.517738,30.860611,32.334633,33.112839,34.133667,33.497368,32.952621,30.292976,32.636757,32.499428,37.397575,39.626915,35.786224,33.533989,32.352943,32.265968,38.468758,34.481575,33.689629,33.543144,32.65049,38.628975,3543629.7,31.895172,29.876404,29.432365,28.832687,29.171432,29.368279,31.483177,30.32502,29.780273,28.228424,29.697868,29.240097,35.040054,38.134583,36.266884,31.872284,30.833145,30.224304,35.177383,32.082855,30.494392,31.474022,30.489815,35.177383,3543629.7,-0.0045776367,-0.0045776367,-0.0045776367,-0.0045776367,-0.0045776367,-0.0045776367,-0.0045776367,-0.0045776367,-0.0045776367,-0.0045776367,-0.0045776367,-0.0045776367,-0.0045776367,-5.1041565,-1.8722839,0.72784424,-1.2680359,-0.17852783,-0.0045776367,-0.0045776367,-0.0045776367,-0.0045776367,-0.0045776367,-0.0045776367,3543629.7
3634389142944,14.199342,0,34.747078,33.126572,32.517738,30.856033,32.334633,33.117416,34.133667,33.501945,32.952621,30.297554,32.641335,32.504005,37.38842,39.631493,35.772491,33.533989,32.348366,32.261391,38.468758,34.47242,33.685051,33.538567,32.65049,38.624397,3543649.7,31.886017,29.885559,29.436943,28.832687,29.17601,29.34539,31.492332,30.32502,29.794006,28.233002,29.707024,29.240097,35.053787,38.125427,36.271461,31.863129,30.82399,30.215149,35.181961,32.101166,30.480659,31.460289,30.503548,35.186539,3543649.7,-0.0045776367,-0.0045776367,-0.0045776367,-0.0045776367,-0.0045776367,-0.0045776367,-0.0045776367,-0.0045776367,-0.0045776367,-0.0045776367,-0.0045776367,-0.0045776367,-0.0045776367,-5.0492249,-1.2222595,0.64544678,-1.1123962,-0.13275146,-0.0045776367,-0.0045776367,-0.0045776367,-0.0045776367,-0.0045776367,-0.0045776367,3543649.7
3634409087232,14.219286,0,34.747078,33.121994,32.513161,30.860611,32.339211,33.121994,34.133667,33.501945,32.952621,30.297554,32.641335,32.499428,37.397575,39.622337,35.781647,33.529411,32.348366,32.265968,38.468758,34.47242,33.680473,33.543144,32.645912,38.628975,3543669.7,31.890594,29.880981,29.427788,28.841843,29.17601,29.359123,31.515221,30.315865,29.789429,28.237579,29.707024,29.230942,35.06752,38.125427,36.253151,31.872284,30.8423,30.228882,35.186539,32.096588,30.480659,31.460289,30.517281,35.195694,3543669.7,-0.0045776367,-0.0045776367,-0.0045776367,-0.0045776367,-0.0045776367,-0.0045776367,-0.0045776367,-0.0045776367,-0.0045776367,-0.0045776367,-0.0045776367,-0.0045776367,-0.0045776367,-4.5548096,-1.3321228,1.0116882,-0.83770752,-0.21514893,-0.0045776367,-0.0045776367,-0.0045776367,-0.0045776367,-0.0045776367,-0.0045776367,3543669.7
3634429108064,14.239307,0,34.751663,33.117416,32.513161,30.865189,32.339211,33.112839,34.138245,33.501945,32.957199,30.297554,32.641335,32.504005,37.402153,39.626915,35.777069,33.529411,32.348366,32.256813,38.46418,34.47242,33.685051,33.543144,32.645912,38.624397,3543689.7,31.872284,29.871826,29.450676,28.837265,29.194321,29.363701,31.492332,30.32502,29.789429,28.223846,29.707024,29.230942,35.053787,38.134583,36.262306,31.858551,30.82399,30.215149,35.181961,32.101166,30.489815,31.460289,30.531013,35.186539,3543689.7,-0.0045776367,-0.0045776367,-0.0045776367,-0.0045776367,-0.0045776367,-0.0045776367,-0.0045776367,-0.0045776367,-0.0045776367,-0.0045776367,-0.0045776367,-0.0045776367,-0.0045776367,-4.5548096,-1.0299988,0.47149658,-0.96588135,-0.23345947,-0.0045776367,-0.0045776367,-0.0045776367,-0.0045776367,-0.0045776367,-0.0045776367,3543689.7
3634449110176,14.259309,0,34.751663,33.121994,32.513161,30.860611,32.339211,33.117416,34.133667,33.501945,32.957199,30.302132,32.645912,32.508583,37.392998,39.63607,35.772491,33.529411,32.352943,32.265968,38.468758,34.476997,33.680473,33.538567,32.65049,38.628975,3543709.7,31.881439,29.867249,29.432365,28.837265,29.185165,29.354546,31.4786,30.311287,29.784851,28.214691,29.711601,29.235519,35.058365,38.148315,36.271461,31.872284,30.8423,30.215149,35.200272,32.105743,30.476082,31.464867,30.508125,35.181961,3543709.7,-0.0045776367,-0.0045776367,-0.0045776367,-0.0045776367,-0.0045776367,-0.0045776367,-0.0045776367,-0.0045776367,-0.0045776367,-0.0045776367,-0.0045776367,-0.0045776367,-0.0045776367,-4.802002,-0.87432861,0.14190674,-1.0483093,-0.059509277,-0.0045776367,-0.0045776367,-0.0045776367,-0.0045776367,-0.0045776367,-0.0045776367,3543709.7
3634469113824,14.279312,0,34.751663,33.117416,32.517738,30.865189,32.339211,33.121994,34.133667,33.497368,32.961777,30.297554,32.641335,32.504005,37.397575,39.626915,35.777069,33.529411,32.352943,32.256813,38.46418,34.476997,33.689629,33.543144,32.655067,38.624397,3543729.7,31.876862,29.880981,29.436943,28.84642,29.189743,29.372856,31.501488,30.315865,29.803162,28.237579,29.702446,29.230942,35.040054,38.13916,36.248566,31.849396,30.837723,30.219727,35.186539,32.110321,30.471504,31.446556,30.512703,35.195694,3543729.7,-0.0045776367,-0.0045776367,-0.0045776367,-0.0045776367,-0.0045776367,-0.0045776367,-0.0045776367,-0.0045776367,-0.0045776367,-0.0045776367,-0.0045776367,-0.0045776367,-0.0045776367,-3.8040771,-0.76446533,0.077819824,-0.59967041,0.050354004,-0.0045776367,-0.0045776367,-0.0045776367,-0.0045776367,-0.0045776367,-0.0045776367,3543729.7
3634489086080,14.299285,0,34.751663,33.126572,32.517738,30.860611,32.348366,33.117416,34.133667,33.497368,32.957199,30.297554,32.641335,32.504005,37.392998,39.63607,35.790802,33.529411,32.352943,32.265968,38.468758,34.47242,33.685051,33.543144,32.655067,38.633553,3543749.7,31.858551,29.880981,29.432365,28.832687,29.17601,29.363701,31.49691,30.32502,29.798584,28.219269,29.707024,29.230942,35.053787,38.143738,36.266884,31.867706,30.837723,30.219727,35.168228,32.101166,30.471504,31.4786,30.521858,35.204849,3543749.7,-0.0045776367,-0.0045776367,-0.0045776367,-0.0045776367,-0.0045776367,-0.0045776367,-0.0045776367,-0.0045776367,-0.0045776367,-0.0045776367,-0.0045776367,-0.0045776367,-0.0045776367,-3.5111084,-0.72784424,-0.04119873,-0.33416748,-0.11444092,-0.0045776367,-0.0045776367,-0.0045776367,-0.0045776367,-0.0045776367,-0.0045776367,3543749.7
3634509090176,14.319289,0,34.747078,33.131149,32.513161,30.860611,32.339211,33.117416,34.133667,33.497368,32.948044,30.302132,32.636757,32.504005,37.397575,39.626915,35.781647,33.533989,32.352943,32.261391,38.468758,34.476997,33.685051,33.547722,32.65049,38.628975,3543769.7,31.881439,29.867249,29.450676,28.837265,29.1577,29.368279,31.487755,30.32502,29.789429,28.228424,29.697868,29.226364,35.030899,38.130005,36.262306,31.858551,30.82399,30.242615,35.177383,32.096588,30.485237,31.446556,30.508125,35.191116,3543769.7,-0.0045776367,-0.0045776367,-0.0045776367,-0.0045776367,-0.0045776367,-0.0045776367,-0.0045776367,-0.0045776367,-0.0045776367,-0.0045776367,-0.0045776367,-0.0045776367,-0.0045776367,-3.3554688,-0.80108643,0.16937256,-0.20599365,-0.30670166,-0.0045776367,-0.0045776367,-0.0045776367,-0.0045776367,-0.0045776367,-0.0045776367,3543769.7
3634529143744,14.339342,0,34.751663,33.121994,32.513161,30.865189,32.343788,33.121994,34.138245,33.497368,32.957199,30.288399,32.641335,32.504005,37.392998,39.631493,35.786224,33.538567,32.357521,32.265968,38.477913,34.476997,33.680473,33.543144,32.65049,38.624397,3543789.7,31.886017,29.880981,29.436943,28.837265,29.185165,29.372856,31.501488,30.311287,29.794006,28.214691,29.720757,29.221786,35.053787,38.143738,36.266884,31.876862,30.828568,30.238037,35.177383,32.101166,30.480659,31.460289,30.517281,35.204849,3543789.7,-0.0045776367,-0.0045776367,-0.0045776367,-0.0045776367,-0.0045776367,-0.0045776367,-0.0045776367,-0.0045776367,-0.0045776367,-0.0045776367,-0.0045776367,-0.0045776367,-0.0045776367,-3.2181396,-1.203949,-0.55389404,-0.12359619,0.01373291,-0.0045776367,-0.0045776367,-0.0045776367,-0.0045776367,-0.0045776367,-0.0045776367,3543789.7
3634549223648,14.359422,0,34.751663,33.117416,32.513161,30.860611,32.339211,33.117416,34.133667,33.497368,32.952621,30.292976,32.641335,32.499428,37.392998,39.626915,35.790802,33.533989,32.352943,32.256813,38.468758,34.47242,33.689629,33.538567,32.65049,38.624397,3543809.7,31.872284,29.867249,29.427788,28.832687,29.185165,29.368279,31.501488,30.320442,29.789429,28.219269,29.702446,29.235519,35.058365,38.125427,36.266884,31.863129,30.82399,30.228882,35.177383,32.09201,30.476082,31.474022,30.503548,35.204849,3543809.7,-0.0045776367,-0.0045776367,-0.0045776367,-0.0045776367,-0.0045776367,-0.0045776367,-0.0045776367,-0.0045776367,-0.0045776367,-0.0045776367,-0.0045776367,-0.0045776367,-0.0045776367,-2.7237244,-1.304657,-0.43487549,-0.050354004,-0.022888184,-0.0045776367,-0.0045776367,-0.0045776367,-0.0045776367,-0.0045776367,-0.0045776367,3543809.7
3634569093536,14.379292,0,34.747078,33.126572,32.513161,30.865189,32.343788,33.121994,34.133667,33.497368,32.952621,30.297554,32.641335,32.499428,37.397575,39.626915,35.777069,33.529411,32.352943,32.261391,38.46418,34.476997,33.685051,33.543144,32.65049,38.624397,3543829.7,31.858551,29.871826,29.450676,28.841843,29.189743,29.382011,31.506065,30.320442,29.798584,28.214691,29.697868,29.217209,35.044632,38.134583,36.280617,31.867706,30.856033,30.242615,35.195694,32.082855,30.476082,31.464867,30.517281,35.22316,3543829.7,-0.0045776367,-0.0045776367,-0.0045776367,-0.0045776367,-0.0045776367,-0.0045776367,-0.0045776367,-0.0045776367,-0.0045776367,-0.0045776367,-0.0045776367,-0.0045776367,-0.0045776367,-3.0167236,-1.9821472,0.93841553,0.19683838,-0.11444092,-0.0045776367,-0.0045776367,-0.0045776367,-0.0045776367,-0.0045776367,-0.0045776367,3543829.7
3634589092224,14.399291,0,34.751663,33.121994,32.517738,30.860611,32.339211,33.117416,34.133667,33.497368,32.952621,30.292976,32.641335,32.508583,37.397575,39.631493,35.786224,33.533989,32.348366,32.265968,38.473335,34.476997,33.689629,33.538567,32.655067,38.624397,3543849.7,31.890594,29.890137,29.432365,28.841843,29.166855,29.368279,31.506065,30.329597,29.789429,28.233002,29.716179,29.217209,35.044632,38.134583,36.289772,31.858551,30.8423,30.233459,35.204849,32.110321,30.471504,31.451134,30.517281,35.204849,3543849.7,-0.0045776367,-0.0045776367,-0.0045776367,-0.0045776367,-0.0045776367,-0.0045776367,-0.0045776367,-0.0045776367,-0.0045776367,-0.0045776367,-0.0045776367,-0.0045776367,-0.0045776367,-3.1998291,-2.0462341,-0.47149658,0.01373291,-0.29754639,-0.0045776367,-0.0045776367,-0.0045776367,-0.0045776367,-0.0045776367,-0.0045776367,3543849.7
3634609103392,14.419302,0,34.751663,33.126572,32.513161,30.865189,32.339211,33.117416,34.138245,33.497368,32.957199,30.297554,32.645912,32.504005,37.402153,39.63607,35.786224,33.529411,32.348366,32.261391,38.468758,34.476997,33.689629,33.543144,32.655067,38.628975,3543869.7,31.881439,29.876404,29.427788,28.837265,29.166855,29.368279,31.487755,30.311287,29.803162,28.233002,29.725334,29.258415,35.072098,38.143738,36.285194,31.867706,30.851456,30.219727,35.186539,32.096588,30.489815,31.455711,30.49897,35.195694,3543869.7,-0.0045776367,-0.0045776367,-0.0045776367,-0.0045776367,-0.0045776367,-0.0045776367,-0.0045776367,-0.0045776367,-0.0045776367,-0.0045776367,-0.0045776367,-0.0045776367,-0.0045776367,-3.5568848,-2.2659607,-0.57220459,0.14190674,-0.38909912,-0.0045776367,-0.0045776367,-0.0045776367,-0.0045776367,-0.0045776367,-0.0045776367,3543869.7
3634629090816,14.439289,0,34.751663,33.121994,32.517738,30.856033,32.343788,33.112839,34.133667,33.501945,32.952621,30.302132,32.641335,32.504005,37.397575,39.63607,35.781647,33.529411,32.348366,32.261391,38.473335,34.476997,33.685051,33.547722,32.655067,38.624397,3543889.7,31.872284,29.871826,29.427788,28.841843,29.185165,29.377434,31.492332,30.315865,29.803162,28.233002,29.720757,29.240097,35.072098,38.130005,36.303505,31.863129,30.865189,30.224304,35.191116,32.09201,30.480659,31.474022,30.521858,35.186539,3543889.7,-0.0045776367,-0.0045776367,-0.0045776367,-0.0045776367,-0.0045776367,-0.0045776367,-0.0045776367,-0.0045776367,-0.0045776367,-0.0045776367,-0.0045776367,-0.0045776367,-0.0045776367,-3.7399902,-2.2568054,-0.077819824,0.17852783,-0.45318604,-0.0045776367,-0.0045776367,-0.0045776367,-0.0045776367,-0.0045776367,-0.0045776367,3543889.7
3634649096000,14.459295,0,34.747078,33.121994,32.513161,30.856033,32.343788,33.117416,34.138245,33.497368,32.957199,30.297554,32.641335,32.499428,37.397575,39.631493,35.786224,33.524834,32.348366,32.261391,38.468758,34.476997,33.685051,33.538567,32.65049,38.628975,3543909.7,31.881439,29.885559,29.446098,28.832687,29.180588,29.368279,31.492332,30.320442,29.789429,28.223846,29.707024,29.221786,35.04921,38.130005,36.289772,31.849396,30.846878,30.219727,35.191116,32.09201,30.476082,31.474022,30.508125,35.181961,3543909.7,-0.0045776367,-0.0045776367,-0.0045776367,-0.0045776367,-0.0045776367,-0.0045776367,-0.0045776367,-0.0045776367,-0.0045776367,-0.0045776367,-0.0045776367,-0.0045776367,-0.0045776367,-3.9505615,-2.110321,-0.30670166,-0.059509277,-0.73699951,-0.0045776367,-0.0045776367,-0.0045776367,-0.0045776367,-0.0045776367,-0.0045776367,3543909.7
3634669089952,14.479289,0,34.756241,33.121994,32.508583,30.856033,32.339211,33.112839,34.138245,33.497368,32.948044,30.292976,32.645912,32.504005,37.402153,39.631493,35.781647,33.533989,32.352943,32.261391,38.46418,34.476997,33.680473,33.547722,32.655067,38.61982,3543929.7,31.881439,29.890137,29.432365,28.837265,29.185165,29.349968,31.506065,30.306709,29.789429,28.219269,29.711601,29.221786,35.04921,38.12085,36.289772,31.867706,30.851456,30.219727,35.195694,32.105743,30.480659,31.469444,30.508125,35.200272,3543929.7,-0.0045776367,-0.0045776367,-0.0045776367,-0.0045776367,-0.0045776367,-0.0045776367,-0.0045776367,-0.0045776367,-0.0045776367,-0.0045776367,-0.0045776367,-0.0045776367,-0.0045776367,-4.8660889,-1.3229675,0.0045776367,-0.01373291,-0.48065186,-0.0045776367,-0.0045776367,-0.0045776367,-0.0045776367,-0.0045776367,-0.0045776367,3543929.7
3634689079520,14.499278,0,34.751663,33.126572,32.517738,30.865189,32.343788,33.112839,34.133667,33.497368,32.957199,30.292976,32.641335,32.504005,37.392998,39.631493,35.786224,33.538567,32.352943,32.261391,38.468758,34.476997,33.685051,33.543144,32.655067,38.61982,3543949.7,31.872284,29.876404,29.427788,28.841843,29.185165,29.363701,31.483177,30.315865,29.789429,28.223846,29.711601,29.240097,35.04921,38.125427,36.285194,31.881439,30.833145,30.224304,35.191116,32.105743,30.489815,31.474022,30.531013,35.191116,3543949.7,-0.0045776367,-0.0045776367,-0.0045776367,-0.0045776367,-0.0045776367,-0.0045776367,-0.0045776367,-0.0045776367,-0.0045776367,-0.0045776367,-0.0045776367,-0.0045776367,-0.0045776367,-5.287262,-1.1490173,0.37994385,-0.37994385,-0.39825439,-0.0045776367,-0.0045776367,-0.0045776367,-0.0045776367,-0.0045776367,-0.0045776367,3543949.7
3634709114560,14.519313,0,34.751663,33.126572,32.517738,30.865189,32.330055,33.117416,34.138245,33.497368,32.957199,30.297554,32.645912,32.499428,37.392998,39.63607,35.781647,33.533989,32.352943,32.256813,38.468758,34.476997,33.675896,33.543144,32.655067,38.624397,3543969.7,31.867706,29.876404,29.441521,28.82811,29.185165,29.368279,31.506065,30.315865,29.784851,28.237579,29.716179,29.240097,35.072098,38.125427,36.29435,31.867706,30.8423,30.228882,35.191116,32.105743,30.480659,31.464867,30.503548,35.200272,3543969.7,-0.0045776367,-0.0045776367,-0.0045776367,-0.0045776367,-0.0045776367,-0.0045776367,-0.0045776367,-0.0045776367,-0.0045776367,-0.0045776367,-0.0045776367,-0.0045776367,-0.0045776367,-5.186554,-0.18768311,0.21514893,-0.26092529,-0.29754639,-0.0045776367,-0.0045776367,-0.0045776367,-0.0045776367,-0.0045776367,-0.0045776367,3543969.7
3634729093856,14.539292,0,34.756241,33.126572,32.513161,30.860611,32.343788,33.112839,34.133667,33.497368,32.952621,30.302132,32.645912,32.504005,37.397575,39.631493,35.781647,33.533989,32.348366,32.265968,38.46418,34.476997,33.680473,33.547722,32.65049,38.624397,3543989.7,31.886017,29.885559,29.436943,28.82811,29.189743,29.363701,31.506065,30.329597,29.794006,28.233002,29.711601,29.226364,35.058365,38.130005,36.276039,31.881439,30.833145,30.228882,35.191116,32.101166,30.503548,31.474022,30.526436,35.191116,3543989.7,-0.0045776367,-0.0045776367,-0.0045776367,-0.0045776367,-0.0045776367,-0.0045776367,-0.0045776367,-0.0045776367,-0.0045776367,-0.0045776367,-0.0045776367,-0.0045776367,-0.0045776367,-5.1957092,0.050354004,0.39825439,-0.45318604,-0.29754639,-0.0045776367,-0.0045776367,-0.0045776367,-0.0045776367,-0.0045776367,-0.0045776367,3543989.7
3634749183360,14.559382,0,34.751663,33.126572,32.513161,30.860611,32.334633,33.117416,34.133667,33.501945,32.961777,30.302132,32.641335,32.504005,37.397575,39.631493,35.786224,33.524834,32.348366,32.270546,38.468758,34.476997,33.680473,33.538567,32.65049,38.624397,3544011.7,31.886017,29.885559,29.446098,28.823532,29.185165,29.363701,31.506065,30.32502,29.780273,28.237579,29.697868,29.230942,35.04921,38.116272,36.285194,31.886017,30.8423,30.219727,35.191116,32.096588,30.489815,31.469444,30.521858,35.195694,3544011.7,-0.0045776367,-0.0045776367,-0.0045776367,-0.0045776367,-0.0045776367,-0.0045776367,-0.0045776367,-0.0045776367,-0.0045776367,-0.0045776367,-0.0045776367,-0.0045776367,-0.0045776367,-4.6829834,2.0279236,0.39825439,-0.48065186,-0.23345947,-0.0045776367,-0.0045776367,-0.0045776367,-0.0045776367,-0.0045776367,-0.0045776367,3544011.7
3634769104256,14.579303,0,34.751663,33.121994,32.513161,30.860611,32.343788,33.117416,34.142822,33.497368,32.957199,30.297554,32.645912,32.504005,37.402153,39.63607,35.786224,33.533989,32.348366,32.270546,38.468758,34.47242,33.685051,33.543144,32.65049,38.628975,3544029.7,31.881439,29.885559,29.441521,28.841843,29.17601,29.368279,31.487755,30.334175,29.798584,28.223846,29.716179,29.230942,35.053787,38.12085,36.280617,31.876862,30.851456,30.228882,35.177383,32.101166,30.476082,31.455711,30.508125,35.186539,3544029.7,-0.0045776367,-0.0045776367,-0.0045776367,-0.0045776367,-0.0045776367,-0.0045776367,-0.0045776367,-0.0045776367,-0.0045776367,-0.0045776367,-0.0045776367,-0.0045776367,-0.0045776367,-4.1519775,2.2842712,0.39825439,-0.41656494,-0.14190674,-0.0045776367,-0.0045776367,-0.0045776367,-0.0045776367,-0.0045776367,-0.0045776367,3544029.7
3634789108896,14.599307,0,34.751663,33.126572,32.513161,30.869766,32.339211,33.117416,34.133667,33.501945,32.957199,30.297554,32.641335,32.504005,37.397575,39.63607,35.786224,33.529411,32.352943,32.265968,38.46418,34.476997,33.680473,33.538567,32.65049,38.624397,3544049.7,31.876862,29.876404,29.446098,28.837265,29.180588,29.354546,31.492332,30.320442,29.807739,28.233002,29.707024,29.240097,35.058365,38.116272,36.280617,31.886017,30.846878,30.228882,35.195694,32.096588,30.489815,31.455711,30.535591,35.181961,3544049.7,-0.0045776367,-0.0045776367,-0.0045776367,-0.0045776367,-0.0045776367,-0.0045776367,-0.0045776367,-0.0045776367,-0.0045776367,-0.0045776367,-0.0045776367,-0.0045776367,-0.0045776367,-3.9230957,2.1011658,0.81939697,-0.61798096,-0.45318604,-0.0045776367,-0.0045776367,-0.0045776367,-0.0045776367,-0.0045776367,-0.0045776367,3544049.7
3634809070048,14.619269,0,34.751663,33.121994,32.522316,30.860611,32.343788,33.112839,34.138245,33.501945,32.957199,30.297554,32.641335,32.499428,37.392998,39.631493,35.777069,33.529411,32.348366,32.270546,38.468758,34.476997,33.680473,33.543144,32.65049,38.624397,3544069.7,31.872284,29.885559,29.436943,28.837265,29.180588,29.377434,31.501488,30.315865,29.794006,28.228424,29.711601,29.230942,35.072098,38.130005,36.303505,31.881439,30.856033,30.233459,35.186539,32.105743,30.480659,31.464867,30.521858,35.204849,3544069.7,-0.0045776367,-0.0045776367,-0.0045776367,-0.0045776367,-0.0045776367,-0.0045776367,-0.0045776367,-0.0045776367,-0.0045776367,-0.0045776367,-0.0045776367,-0.0045776367,-0.0045776367,-2.5680847,1.6159363,0.54473877,-0.096130371,0.16021729,-0.0045776367,-0.0045776367,-0.0045776367,-0.0045776367,-0.0045776367,-0.0045776367,3544069.7
3634829128128,14.639327,0,34.751663,33.121994,32.508583,30.860611,32.339211,33.117416,34.138245,33.497368,32.957199,30.297554,32.641335,32.504005,37.392998,39.626915,35.777069,33.533989,32.352943,32.275124,38.468758,34.476997,33.694206,33.547722,32.65049,38.61982,3544089.7,31.876862,29.871826,29.436943,28.84642,29.185165,29.359123,31.49691,30.320442,29.807739,28.228424,29.707024,29.230942,35.044632,38.125427,36.29435,31.881439,30.856033,30.219727,35.177383,32.101166,30.485237,31.451134,30.508125,35.163651,3544089.7,-0.0045776367,-0.0045776367,-0.0045776367,-0.0045776367,-0.0045776367,-0.0045776367,-0.0045776367,-0.0045776367,-0.0045776367,-0.0045776367,-0.0045776367,-0.0045776367,-0.0045776367,-1.2771912,1.2497253,0.30670166,-0.17852783,0.16021729,-0.0045776367,-0.0045776367,-0.0045776367,-0.0045776367,-0.0045776367,-0.0045776367,3544089.7
3634849088704,14.659287,0,34.751663,33.131149,32.517738,30.851456,32.339211,33.112839,34.133667,33.501945,32.961777,30.302132,32.641335,32.504005,37.397575,39.640648,35.786224,33.538567,32.348366,32.261391,38.473335,34.476997,33.685051,33.543144,32.655067,38.628975,3544109.7,31.872284,29.876404,29.432365,28.841843,29.180588,29.372856,31.492332,30.32502,29.794006,28.228424,29.702446,29.235519,35.062943,38.125427,36.280617,31.863129,30.856033,30.228882,35.209427,32.105743,30.485237,31.464867,30.521858,35.218582,3544109.7,-0.0045776367,-0.0045776367,-0.0045776367,-0.0045776367,-0.0045776367,-0.0045776367,-0.0045776367,-0.0045776367,-0.0045776367,-0.0045776367,-0.0045776367,-0.0045776367,-0.0045776367,-0.60882568,0.44403076,0.059509277,-0.47149658,0.25177002,-0.0045776367,-0.0045776367,-0.0045776367,-0.0045776367,-0.0045776367,-0.0045776367,3544109.7
3634869064768,14.679263,0,34.756241,33.126572,32.513161,30.865189,32.339211,33.112839,34.133667,33.488213,32.952621,30.297554,32.645912,32.504005,37.397575,39.63607,35.781647,33.533989,32.352943,32.265968,38.468758,34.481575,33.685051,33.543144,32.655067,38.61982,3544129.7,31.876862,29.885559,29.432365,28.837265,29.185165,29.368279,31.506065,30.320442,29.789429,28.233002,29.702446,29.230942,35.058365,38.12085,36.298927,31.867706,30.846878,30.247192,35.172806,32.096588,30.480659,31.4786,30.517281,35.191116,3544129.7,-0.0045776367,-0.0045776367,-0.0045776367,-0.0045776367,-0.0045776367,-0.0045776367,-0.0045776367,-0.0045776367,-0.0045776367,-0.0045776367,-0.0045776367,-0.0045776367,-0.0045776367,-0.60882568,0.19683838,-0.022888184,-0.34332275,0.01373291,-0.0045776367,-0.0045776367,-0.0045776367,-0.0045776367,-0.0045776367,-0.0045776367,3544129.7
3634889077664,14.699276,0,34.751663,33.121994,32.513161,30.869766,32.339211,33.117416,34.133667,33.501945,32.957199,30.292976,32.641335,32.504005,37.397575,39.63607,35.786224,33.533989,32.352943,32.270546,38.468758,34.47242,33.680473,33.547722,32.65049,38.628975,3544149.7,31.886017,29.885559,29.436943,28.818954,29.198898,29.368279,31.501488,30.329597,29.775696,28.228424,29.711601,29.226364,35.06752,38.130005,36.303505,31.872284,30.846878,30.242615,35.186539,32.096588,30.489815,31.460289,30.49897,35.191116,3544149.7,-0.0045776367,-0.0045776367,-0.0045776367,-0.0045776367,-0.0045776367,-0.0045776367,-0.0045776367,-0.0045776367,-0.0045776367,-0.0045776367,-0.0045776367,-0.0045776367,-0.0045776367,0.62713623,-0.52642822,-0.13275146,-0.31585693,0.16021729,-0.0045776367,-0.0045776367,-0.0045776367,-0.0045776367,-0.0045776367,-0.0045776367,3544149.7
3634909081984,14.719281,0,34.751663,33.126572,32.513161,30.860611,32.339211,33.112839,34.133667,33.497368,32.957199,30.302132,32.645912,32.504005,37.392998,39.63607,35.781647,33.538567,32.348366,32.265968,38.468758,34.47242,33.680473,33.543144,32.65049,38.628975,3544169.7,31.890594,29.871826,29.446098,28.850998,29.185165,29.382011,31.49691,30.315865,29.784851,28.233002,29.702446,29.249252,35.04921,38.12085,36.289772,31.881439,30.8423,30.219727,35.209427,32.087433,30.485237,31.455711,30.535591,35.195694,3544169.7,-0.0045776367,-0.0045776367,-0.0045776367,-0.0045776367,-0.0045776367,-0.0045776367,-0.0045776367,-0.0045776367,-0.0045776367,-0.0045776367,-0.0045776367,-0.0045776367,-0.0045776367,0.88348389,-2.0920105,-0.16937256,0.16937256,0.18768311,-0.0045776367,-0.0045776367,-0.0045776367,-0.0045776367,-0.0045776367,-0.0045776367,3544169.7
3634929071168,14.73927,0,34.751663,33.121994,32.513161,30.869766,32.334633,33.117416,34.138245,33.497368,32.957199,30.292976,32.645912,32.504005,37.397575,39.63607,35.781647,33.533989,32.362099,32.270546,38.473335,34.476997,33.685051,33.547722,32.655067,38.624397,3544189.7,31.872284,29.880981,29.436943,28.84642,29.185165,29.372856,31.501488,30.315865,29.798584,28.233002,29.720757,29.221786,35.062943,38.13916,36.303505,31.867706,30.846878,30.228882,35.186539,32.087433,30.485237,31.446556,30.517281,35.181961,3544189.7,-0.0045776367,-0.0045776367,-0.0045776367,-0.0045776367,-0.0045776367,-0.0045776367,-0.0045776367,-0.0045776367,-0.0045776367,-0.0045776367,-0.0045776367,-0.0045776367,-0.0045776367,0.32501221,-2.6687927,0.068664551,0.41656494,0.2243042,-0.0045776367,-0.0045776367,-0.0045776367,-0.0045776367,-0.0045776367,-0.0045776367,3544189.7
3634949247712,14.759446,0,34.756241,33.121994,32.517738,30.865189,32.343788,33.121994,34.138245,33.497368,32.957199,30.297554,32.645912,32.504005,37.392998,39.640648,35.781647,33.543144,32.352943,32.275124,38.468758,34.481575,33.685051,33.543144,32.655067,38.628975,3544209.7,31.881439,29.880981,29.418633,28.837265,29.189743,29.368279,31.487755,30.311287,29.794006,28.214691,29.711601,29.230942,35.058365,38.13916,36.29435,31.886017,30.8423,30.228882,35.186539,32.110321,30.49897,31.464867,30.512703,35.177383,3544209.7,-0.0045776367,-0.0045776367,-0.0045776367,-0.0045776367,-0.0045776367,-0.0045776367,-0.0045776367,-0.0045776367,-0.0045776367,-0.0045776367,-0.0045776367,-0.0045776367,-0.0045776367,0.04119873,-3.0258789,0.46234131,0.72784424,0.17852783,-0.0045776367,-0.0045776367,-0.0045776367,-0.0045776367,-0.0045776367,-0.0045776367,3544209.7
3634969074592,14.779273,0,34.747078,33.131149,32.513161,30.860611,32.343788,33.117416,34.138245,33.497368,32.952621,30.302132,32.641335,32.504005,37.397575,39.640648,35.786224,33.533989,32.348366,32.265968,38.468758,34.476997,33.685051,33.538567,32.65049,38.624397,3544229.7,31.886017,29.876404,29.441521,28.837265,29.166855,29.368279,31.501488,30.32502,29.798584,28.228424,29.716179,29.230942,35.062943,38.13916,36.289772,31.881439,30.833145,30.224304,35.191116,32.105743,30.49897,31.460289,30.503548,35.186539,3544229.7,-0.0045776367,-0.0045776367,-0.0045776367,-0.0045776367,-0.0045776367,-0.0045776367,-0.0045776367,-0.0045776367,-0.0045776367,-0.0045776367,-0.0045776367,-0.0045776367,-0.0045776367,-0.13275146,-2.6413269,0.086975098,0.6362915,0.32501221,-0.0045776367,-0.0045776367,-0.0045776367,-0.0045776367,-0.0045776367,-0.0045776367,3544229.7
3634989097888,14.799296,0,34.751663,33.126572,32.513161,30.865189,32.343788,33.117416,34.138245,33.49279,32.957199,30.306709,32.645912,32.504005,37.397575,39.645226,35.781647,33.538567,32.352943,32.265968,38.46418,34.481575,33.685051,33.547722,32.655067,38.624397,3544249.7,31.890594,29.876404,29.446098,28.841843,29.162277,29.354546,31.487755,30.311287,29.784851,28.233002,29.725334,29.217209,35.04921,38.125427,36.289772,31.886017,30.846878,30.215149,35.181961,32.09201,30.489815,31.460289,30.517281,35.209427,3544249.7,-0.0045776367,-0.0045776367,-0.0045776367,-0.0045776367,-0.0045776367,-0.0045776367,-0.0045776367,-0.0045776367,-0.0045776367,-0.0045776367,-0.0045776367,-0.0045776367,-0.0045776367,-1.0299988,-2.8152771,0.17852783,0.83770752,0.11444092,-0.0045776367,-0.0045776367,-0.0045776367,-0.0045776367,-0.0045776367,-0.0045776367,3544249.7
3635009083552,14.819282,0,34.747078,33.121994,32.517738,30.865189,32.343788,33.121994,34.133667,33.49279,32.957199,30.302132,32.645912,32.508583,37.392998,39.640648,35.781647,33.533989,32.352943,32.265968,38.468758,34.476997,33.680473,33.547722,32.65049,38.628975,3544269.7,31.876862,29.890137,29.441521,28.837265,29.180588,29.372856,31.501488,30.306709,29.789429,28.228424,29.725334,29.212631,35.062943,38.12085,36.285194,31.881439,30.846878,30.228882,35.191116,32.09201,30.485237,31.469444,30.517281,35.168228,3544269.7,-0.0045776367,-0.0045776367,-0.0045776367,-0.0045776367,-0.0045776367,-0.0045776367,-0.0045776367,-0.0045776367,-0.0045776367,-0.0045776367,-0.0045776367,-0.0045776367,-0.0045776367,-1.4786072,-2.2568054,0.5355835,0.92926025,0.10528564,-0.0045776367,-0.0045776367,-0.0045776367,-0.0045776367,-0.0045776367,-0.0045776367,3544269.7
3635029074016,14.839273,0,34.751663,33.121994,32.513161,30.865189,32.348366,33.121994,34.138245,33.497368,32.957199,30.297554,32.641335,32.499428,37.397575,39.645226,35.777069,33.533989,32.357521,32.279701,38.468758,34.47242,33.689629,33.547722,32.655067,38.624397,3544289.7,31.863129,29.890137,29.432365,28.84642,29.189743,29.372856,31.49691,30.334175,29.794006,28.223846,29.711601,29.240097,35.044632,38.143738,36.289772,31.881439,30.828568,30.224304,35.186539,32.09201,30.476082,31.474022,30.503548,35.186539,3544289.7,-0.0045776367,-0.0045776367,-0.0045776367,-0.0045776367,-0.0045776367,-0.0045776367,-0.0045776367,-0.0045776367,-0.0045776367,-0.0045776367,-0.0045776367,-0.0045776367,-0.0045776367,-2.1927185,-2.3025818,0.30670166,0.8102417,1.2405701,-0.0045776367,-0.0045776367,-0.0045776367,-0.0045776367,-0.0045776367,-0.0045776367,3544289.7
3635049084800,14.859283,0,34.751663,33.126572,32.517738,30.869766,32.343788,33.117416,34.133667,33.497368,32.957199,30.297554,32.645912,32.508583,37.397575,39.640648,35.781647,33.533989,32.348366,32.275124,38.468758,34.47242,33.689629,33.543144,32.65049,38.633553,3544309.7,31.890594,29.880981,29.436943,28.82811,29.194321,29.363701,31.510643,30.302132,29.784851,28.223846,29.707024,29.244675,35.06752,38.125427,36.303505,31.881439,30.846878,30.215149,35.195694,32.110321,30.476082,31.464867,30.508125,35.191116,3544309.7,-0.0045776367,-0.0045776367,-0.0045776367,-0.0045776367,-0.0045776367,-0.0045776367,-0.0045776367,-0.0045776367,-0.0045776367,-0.0045776367,-0.0045776367,-0.0045776367,-0.0045776367,-2.3392029,-1.7624207,-0.14190674,0.64544678,1.5152283,-0.0045776367,-0.0045776367,-0.0045776367,-0.0045776367,-0.0045776367,-0.0045776367,3544309.7
3635069073408,14.879272,0,34.751663,33.131149,32.513161,30.860611,32.339211,33.117416,34.138245,33.501945,32.957199,30.302132,32.645912,32.499428,37.397575,39.640648,35.786224,33.533989,32.348366,32.270546,38.473335,34.486153,33.689629,33.543144,32.65049,38.63813,3544329.7,31.886017,29.871826,29.450676,28.818954,29.171432,29.363701,31.487755,30.315865,29.803162,28.223846,29.725334,29.244675,35.040054,38.116272,36.308083,31.876862,30.846878,30.251778,35.186539,32.09201,30.480659,31.464867,30.512703,35.209427,3544329.7,-0.0045776367,-0.0045776367,-0.0045776367,-0.0045776367,-0.0045776367,-0.0045776367,-0.0045776367,-0.0045776367,-0.0045776367,-0.0045776367,-0.0045776367,-0.0045776367,-0.0045776367,-3.1906738,-1.506073,-0.04119873,0.96588135,0.022888184,-0.0045776367,-0.0045776367,-0.0045776367,-0.0045776367,-0.0045776367,-0.0045776367,3544329.7
3635089053664,14.899252,0,34.756241,33.121994,32.513161,30.865189,32.343788,33.117416,34.133667,33.497368,32.952621,30.302132,32.645912,32.513161,37.38842,39.645226,35.781647,33.533989,32.352943,32.270546,38.468758,34.467842,33.689629,33.552299,32.655067,38.624397,3544349.7,31.881439,29.880981,29.446098,28.855576,29.185165,29.372856,31.492332,30.329597,29.789429,28.219269,29.707024,29.230942,35.06752,38.130005,36.298927,31.876862,30.856033,30.224304,35.195694,32.114899,30.485237,31.460289,30.508125,35.181961,3544349.7,-0.0045776367,-0.0045776367,-0.0045776367,-0.0045776367,-0.0045776367,-0.0045776367,-0.0045776367,-0.0045776367,-0.0045776367,-0.0045776367,-0.0045776367,-0.0045776367,-0.0045776367,-3.1906738,-0.89263916,-0.33416748,0.58135986,0.14190674,-0.0045776367,-0.0045776367,-0.0045776367,-0.0045776367,-0.0045776367,-0.0045776367,3544349.7
3635109104608,14.919303,0,34.7425,33.126572,32.513161,30.869766,32.339211,33.117416,34.133667,33.501945,32.961777,30.297554,32.645912,32.508583,37.402153,39.645226,35.781647,33.529411,32.352943,32.270546,38.459602,34.476997,33.685051,33.543144,32.655067,38.624397,3544369.7,31.872284,29.871826,29.42321,28.82811,29.17601,29.368279,31.506065,30.32502,29.798584,28.228424,29.711601,29.194321,35.062943,38.134583,36.285194,31.876862,30.851456,30.233459,35.168228,32.105743,30.485237,31.455711,30.517281,35.191116,3544369.7,-0.0045776367,-0.0045776367,-0.0045776367,-0.0045776367,-0.0045776367,-0.0045776367,-0.0045776367,-0.0045776367,-0.0045776367,-0.0045776367,-0.0045776367,-0.0045776367,-0.0045776367,-3.9505615,-1.0483093,-0.57220459,0.58135986,-0.17852783,-0.0045776367,-0.0045776367,-0.0045776367,-0.0045776367,-0.0045776367,-0.0045776367,3544369.7
3635129105728,14.939304,0,34.747078,33.121994,32.513161,30.860611,32.343788,33.117416,34.138245,33.49279,32.957199,30.297554,32.645912,32.504005,37.392998,39.645226,35.777069,33.529411,32.352943,32.275124,38.468758,34.486153,33.685051,33.543144,32.65049,38.63813,3544389.7,31.876862,29.876404,29.450676,28.837265,29.189743,29.349968,31.492332,30.32502,29.789429,28.233002,29.711601,29.221786,35.072098,38.125427,36.298927,31.863129,30.837723,30.224304,35.218582,32.105743,30.503548,31.469444,30.521858,35.204849,3544389.7,-0.0045776367,-0.0045776367,-0.0045776367,-0.0045776367,-0.0045776367,-0.0045776367,-0.0045776367,-0.0045776367,-0.0045776367,-0.0045776367,-0.0045776367,-0.0045776367,-0.0045776367,-4.2893066,-0.45318604,-0.83770752,0.5355835,0.26092529,-0.0045776367,-0.0045776367,-0.0045776367,-0.0045776367,-0.0045776367,-0.0045776367,3544389.7
3635149271552,14.95947,0,34.751663,33.121994,32.513161,30.856033,32.343788,33.117416,34.138245,33.501945,32.957199,30.297554,32.636757,32.499428,37.397575,39.63607,35.777069,33.533989,32.352943,32.270546,38.473335,34.481575,33.680473,33.547722,32.655067,38.628975,3544409.7,31.881439,29.858093,29.432365,28.841843,29.171432,29.363701,31.515221,30.311287,29.812317,28.233002,29.707024,29.230942,35.058365,38.125427,36.285194,31.895172,30.856033,30.233459,35.200272,32.105743,30.480659,31.455711,30.503548,35.214005,3544409.7,-0.0045776367,-0.0045776367,-0.0045776367,-0.0045776367,-0.0045776367,-0.0045776367,-0.0045776367,-0.0045776367,-0.0045776367,-0.0045776367,-0.0045776367,-0.0045776367,-0.0045776367,-4.335083,-0.58135986,-0.70037842,0.38909912,0.068664551,-0.0045776367,-0.0045776367,-0.0045776367,-0.0045776367,-0.0045776367,-0.0045776367,3544409.7
3635169078016,14.979277,0,34.756241,33.126572,32.517738,30.860611,32.339211,33.121994,34.133667,33.497368,32.961777,30.297554,32.645912,32.508583,37.392998,39.645226,35.777069,33.529411,32.352943,32.261391,38.468758,34.481575,33.685051,33.547722,32.65049,38.628975,3544429.7,31.876862,29.871826,29.436943,28.841843,29.185165,29.368279,31.506065,30.329597,29.780273,28.233002,29.711601,29.221786,35.058365,38.13916,36.303505,31.876862,30.851456,30.224304,35.181961,32.114899,30.489815,31.455711,30.531013,35.209427,3544429.7,-0.0045776367,-0.0045776367,-0.0045776367,-0.0045776367,-0.0045776367,-0.0045776367,-0.0045776367,-0.0045776367,-0.0045776367,-0.0045776367,-0.0045776367,-0.0045776367,-0.0045776367,-4.5731201,-0.82855225,-0.81939697,0.21514893,0.38909912,-0.0045776367,-0.0045776367,-0.0045776367,-0.0045776367,-0.0045776367,-0.0045776367,3544429.7
3635189102368,14.999301,0,34.756241,33.126572,32.517738,30.865189,32.339211,33.121994,34.133667,33.497368,32.961777,30.297554,32.641335,32.504005,37.392998,39.645226,35.781647,33.533989,32.352943,32.270546,38.468758,34.481575,33.685051,33.543144,32.655067,38.628975,3544449.7,31.876862,29.876404,29.441521,28.837265,29.189743,29.363701,31.49691,30.329597,29.789429,28.242157,29.711601,29.217209,35.062943,38.12085,36.298927,31.872284,30.856033,30.242615,35.163651,32.09201,30.49897,31.4786,30.526436,35.191116,3544449.7,-0.0045776367,-0.0045776367,-0.0045776367,-0.0045776367,-0.0045776367,-0.0045776367,-0.0045776367,-0.0045776367,-0.0045776367,-0.0045776367,-0.0045776367,-0.0045776367,-0.0045776367,-4.4724121,-1.4419861,-0.95672607,0.10528564,0.34332275,-0.0045776367,-0.0045776367,-0.0045776367,-0.0045776367,-0.0045776367,-0.0045776367,3544449.7
3635209073472,15.019272,0,34.756241,33.121994,32.513161,30.860611,32.339211,33.117416,34.138245,33.49279,32.952621,30.297554,32.645912,32.508583,37.397575,39.640648,35.786224,33.529411,32.352943,32.275124,38.473335,34.481575,33.689629,33.547722,32.645912,38.624397,3544469.7,31.881439,29.876404,29.441521,28.850998,29.17601,29.354546,31.501488,30.315865,29.789429,28.242157,29.707024,29.221786,35.06752,38.130005,36.298927,31.876862,30.860611,30.210571,35.195694,32.105743,30.494392,31.469444,30.517281,35.195694,3544469.7,-0.0045776367,-0.0045776367,-0.0045776367,-0.0045776367,-0.0045776367,-0.0045776367,-0.0045776367,-0.0045776367,-0.0045776367,-0.0045776367,-0.0045776367,-0.0045776367,-0.0045776367,-4.7287598,-1.6800232,-1.203949,0.096130371,0.20599365,-0.0045776367,-0.0045776367,-0.0045776367,-0.0045776367,-0.0045776367,-0.0045776367,3544469.7
3635229071648,15.03927,0,34.751663,33.131149,32.517738,30.856033,32.334633,33.117416,34.133667,33.497368,32.961777,30.297554,32.645912,32.499428,37.402153,39.645226,35.781647,33.533989,32.348366,32.270546,38.468758,34.481575,33.685051,33.538567,32.65049,38.628975,3544489.7,31.886017,29.880981,29.436943,28.82811,29.185165,29.363701,31.501488,30.32502,29.794006,28.223846,29.702446,29.253838,35.072098,38.130005,36.29435,31.886017,30.851456,30.224304,35.191116,32.105743,30.489815,31.469444,30.508125,35.186539,3544489.7,-0.0045776367,-0.0045776367,-0.0045776367,-0.0045776367,-0.0045776367,-0.0045776367,-0.0045776367,-0.0045776367,-0.0045776367,-0.0045776367,-0.0045776367,-0.0045776367,-0.0045776367,-4.1702881,-1.9638367,-1.1764832,0.01373291,0.26092529,-0.0045776367,-0.0045776367,-0.0045776367,-0.0045776367,-0.0045776367,-0.0045776367,3544489.7
3635249053952,15.059253,0,34.751663,33.126572,32.517738,30.865189,32.348366,33.117416,34.133667,33.497368,32.966354,30.297554,32.641335,32.508583,37.402153,39.645226,35.772491,33.533989,32.357521,32.265968,38.468758,34.481575,33.689629,33.543144,32.65049,38.628975,3544509.7,31.881439,29.876404,29.436943,28.84642,29.189743,29.372856,31.501488,30.320442,29.789429,28.237579,29.707024,29.226364,35.053787,38.12085,36.308083,31.872284,30.851456,30.233459,35.195694,32.101166,30.508125,31.451134,30.517281,35.181961,3544509.7,-0.0045776367,-0.0045776367,-0.0045776367,-0.0045776367,-0.0045776367,-0.0045776367,-0.0045776367,-0.0045776367,-0.0045776367,-0.0045776367,-0.0045776367,-0.0045776367,-0.0045776367,-4.2618408,-2.4490662,-1.0940857,-0.59051514,0.33416748,-0.0045776367,-0.0045776367,-0.0045776367,-0.0045776367,-0.0045776367,-0.0045776367,3544509.7
3635269037248,15.079236,0,34.751663,33.121994,32.513161,30.865189,32.339211,33.112839,34.133667,33.49279,32.957199,30.292976,32.641335,32.504005,37.397575,39.645226,35.772491,33.533989,32.348366,32.270546,38.46418,34.481575,33.685051,33.547722,32.655067,38.628975,3544529.7,31.881439,29.880981,29.468987,28.837265,29.17601,29.377434,31.492332,30.32502,29.794006,28.223846,29.707024,29.226364,35.081253,38.13916,36.276039,31.858551,30.856033,30.219727,35.172806,32.124054,30.476082,31.469444,30.489815,35.191116,3544529.7,-0.0045776367,-0.0045776367,-0.0045776367,-0.0045776367,-0.0045776367,-0.0045776367,-0.0045776367,-0.0045776367,-0.0045776367,-0.0045776367,-0.0045776367,-0.0045776367,-0.0045776367,-3.0075684,-1.606781,-0.87432861,-0.89263916,0.31585693,-0.0045776367,-0.0045776367,-0.0045776367,-0.0045776367,-0.0045776367,-0.0045776367,3544529.7
3635289054880,15.099253,0,34.751663,33.121994,32.508583,30.860611,32.343788,33.121994,34.133667,33.49279,32.961777,30.292976,32.641335,32.508583,37.406731,39.640648,35.772491,33.524834,32.352943,32.275124,38.468758,34.476997,33.685051,33.547722,32.659645,38.628975,3544549.7,31.886017,29.885559,29.441521,28.855576,29.185165,29.359123,31.49691,30.311287,29.794006,28.223846,29.711601,29.226364,35.062943,38.134583,36.289772,31.876862,30.8423,30.233459,35.195694,32.105743,30.485237,31.474022,30.508125,35.181961,3544549.7,-0.0045776367,-0.0045776367,-0.0045776367,-0.0045776367,-0.0045776367,-0.0045776367,-0.0045776367,-0.0045776367,-0.0045776367,-0.0045776367,-0.0045776367,-0.0045776367,-0.0045776367,-3.666748,-1.7807312,-0.74615479,-1.2497253,0.21514893,-0.0045776367,-0.0045776367,-0.0045776367,-0.0045776367,-0.0045776367,-0.0045776367,3544549.7
3635309059968,15.119259,0,34.747078,33.126572,32.513161,30.860611,32.348366,33.121994,34.138245,33.501945,32.961777,30.302132,32.636757,32.504005,37.397575,39.640648,35.777069,33.529411,32.348366,32.270546,38.46418,34.476997,33.685051,33.547722,32.65049,38.633553,3544569.7,31.881439,29.867249,29.441521,28.837265,29.185165,29.372856,31.515221,30.311287,29.784851,28.242157,29.720757,29.240097,35.053787,38.134583,36.289772,31.876862,30.8423,30.219727,35.195694,32.09201,30.476082,31.4786,30.517281,35.209427,3544569.7,-0.0045776367,-0.0045776367,-0.0045776367,-0.0045776367,-0.0045776367,-0.0045776367,-0.0045776367,-0.0045776367,-0.0045776367,-0.0045776367,-0.0045776367,-0.0045776367,-0.0045776367,-2.4032898,-1.7624207,-0.64544678,-1.6525574,0.18768311,-0.0045776367,-0.0045776367,-0.0045776367,-0.0045776367,-0.0045776367,-0.0045776367,3544569.7
3635329082784,15.139281,0,34.747078,33.121994,32.517738,30.860611,32.343788,33.121994,34.133667,33.501945,32.961777,30.292976,32.641335,32.504005,37.402153,39.649803,35.781647,33.529411,32.348366,32.279701,38.468758,34.476997,33.685051,33.547722,32.655067,38.628975,3544589.7,31.886017,29.880981,29.432365,28.837265,29.194321,29.363701,31.515221,30.315865,29.784851,28.237579,29.711601,29.235519,35.04921,38.13916,36.289772,31.876862,30.856033,30.219727,35.186539,32.087433,30.494392,31.455711,30.517281,35.200272,3544589.7,-0.0045776367,-0.0045776367,-0.0045776367,-0.0045776367,-0.0045776367,-0.0045776367,-0.0045776367,-0.0045776367,-0.0045776367,-0.0045776367,-0.0045776367,-0.0045776367,-0.0045776367,-1.8448181,-1.6891785,-0.74615479,-1.6342468,0.28839111,-0.0045776367,-0.0045776367,-0.0045776367,-0.0045776367,-0.0045776367,-0.0045776367,3544589.7
3635349212032,15.159411,0,34.751663,33.121994,32.508583,30.860611,32.339211,33.117416,34.142822,33.501945,32.961777,30.297554,32.645912,32.504005,37.392998,39.645226,35.777069,33.529411,32.348366,32.275124,38.468758,34.476997,33.689629,33.538567,32.655067,38.624397,3544609.7,31.881439,29.867249,29.441521,28.823532,29.185165,29.359123,31.49691,30.315865,29.803162,28.228424,29.711601,29.221786,35.053787,38.134583,36.266884,31.872284,30.856033,30.238037,35.186539,32.096588,30.480659,31.460289,30.512703,35.181961,3544609.7,-0.0045776367,-0.0045776367,-0.0045776367,-0.0045776367,-0.0045776367,-0.0045776367,-0.0045776367,-0.0045776367,-0.0045776367,-0.0045776367,-0.0045776367,-0.0045776367,-0.0045776367,-1.7257996,-1.3229675,-0.34332275,-2.2201843,0.059509277,-0.0045776367,-0.0045776367,-0.0045776367,-0.0045776367,-0.0045776367,-0.0045776367,3544609.7
3635369061696,15.17926,0,34.751663,33.126572,32.513161,30.860611,32.339211,33.117416,34.138245,33.497368,32.957199,30.297554,32.641335,32.504005,37.406731,39.645226,35.772491,33.529411,32.343788,32.270546,38.468758,34.476997,33.685051,33.543144,32.659645,38.624397,3544629.7,31.876862,29.890137,29.446098,28.850998,29.180588,29.372856,31.49691,30.315865,29.789429,28.219269,29.707024,29.235519,35.04921,38.143738,36.289772,31.876862,30.851456,30.242615,35.195694,32.087433,30.494392,31.460289,30.508125,35.204849,3544629.7,-0.0045776367,-0.0045776367,-0.0045776367,-0.0045776367,-0.0045776367,-0.0045776367,-0.0045776367,-0.0045776367,-0.0045776367,-0.0045776367,-0.0045776367,-0.0045776367,-0.0045776367,-2.4307556,-1.8722839,-1.1215515,-2.1469421,0.33416748,-0.0045776367,-0.0045776367,-0.0045776367,-0.0045776367,-0.0045776367,-0.0045776367,3544629.7
3635389080480,15.199279,0,34.751663,33.131149,32.517738,30.860611,32.343788,33.121994,34.138245,33.501945,32.961777,30.302132,32.641335,32.504005,37.402153,39.654381,35.767914,33.524834,32.348366,32.270546,38.473335,34.481575,33.694206,33.543144,32.655067,38.628975,3544649.7,31.895172,29.876404,29.446098,28.837265,29.171432,29.363701,31.506065,30.320442,29.807739,28.237579,29.716179,29.235519,35.040054,38.12085,36.266884,31.863129,30.860611,30.233459,35.186539,32.09201,30.494392,31.460289,30.517281,35.195694,3544649.7,-0.0045776367,-0.0045776367,-0.0045776367,-0.0045776367,-0.0045776367,-0.0045776367,-0.0045776367,-0.0045776367,-0.0045776367,-0.0045776367,-0.0045776367,-0.0045776367,-0.0045776367,-1.9272156,-1.3962097,-1.0849304,-2.2568054,0.39825439,-0.0045776367,-0.0045776367,-0.0045776367,-0.0045776367,-0.0045776367,-0.0045776367,3544649.7
3635409060704,15.219259,0,34.756241,33.131149,32.513161,30.860611,32.343788,33.117416,34.138245,33.501945,32.966354,30.288399,32.641335,32.508583,37.392998,39.649803,35.781647,33.533989,32.348366,32.275124,38.477913,34.476997,33.694206,33.543144,32.65049,38.624397,3544669.7,31.890594,29.867249,29.432365,28.837265,29.185165,29.363701,31.483177,30.315865,29.803162,28.237579,29.702446,29.235519,35.058365,38.134583,36.29435,31.876862,30.851456,30.224304,35.200272,32.09201,30.476082,31.455711,30.512703,35.195694,3544669.7,-0.0045776367,-0.0045776367,-0.0045776367,-0.0045776367,-0.0045776367,-0.0045776367,-0.0045776367,-0.0045776367,-0.0045776367,-0.0045776367,-0.0045776367,-0.0045776367,-0.0045776367,-2.1927185,-1.6342468,-0.77362061,-2.6687927,-0.15106201,-0.0045776367,-0.0045776367,-0.0045776367,-0.0045776367,-0.0045776367,-0.0045776367,3544669.7
3635429047328,15.239246,0,34.747078,33.126572,32.513161,30.865189,32.343788,33.117416,34.138245,33.501945,32.957199,30.297554,32.645912,32.504005,37.392998,39.654381,35.781647,33.524834,32.343788,32.275124,38.468758,34.481575,33.685051,33.543144,32.65049,38.628975,3544689.7,31.886017,29.880981,29.441521,28.837265,29.203476,29.368279,31.501488,30.315865,29.794006,28.228424,29.720757,29.226364,35.053787,38.130005,36.298927,31.886017,30.851456,30.233459,35.200272,32.114899,30.494392,31.469444,30.517281,35.195694,3544689.7,-0.0045776367,-0.0045776367,-0.0045776367,-0.0045776367,-0.0045776367,-0.0045776367,-0.0045776367,-0.0045776367,-0.0045776367,-0.0045776367,-0.0045776367,-0.0045776367,-0.0045776367,-2.5955505,-1.8356628,-1.0116882,-2.0645447,0.04119873,-0.0045776367,-0.0045776367,-0.0045776367,-0.0045776367,-0.0045776367,-0.0045776367,3544689.7
3635449071328,15.25927,0,34.751663,33.131149,32.517738,30.865189,32.339211,33.117416,34.133667,33.497368,32.952621,30.302132,32.641335,32.499428,37.397575,39.649803,35.777069,33.529411,32.343788,32.275124,38.468758,34.481575,33.689629,33.543144,32.655067,38.628975,3544709.7,31.886017,29.890137,29.441521,28.84642,29.189743,29.368279,31.49691,30.315865,29.794006,28.242157,29.720757,29.221786,35.053787,38.12085,36.303505,31.881439,30.856033,30.238037,35.186539,32.105743,30.49897,31.464867,30.512703,35.191116,3544709.7,-0.0045776367,-0.0045776367,-0.0045776367,-0.0045776367,-0.0045776367,-0.0045776367,-0.0045776367,-0.0045776367,-0.0045776367,-0.0045776367,-0.0045776367,-0.0045776367,-0.0045776367,-2.2568054,-1.7715759,-1.2405701,-2.2384949,-0.25177002,-0.0045776367,-0.0045776367,-0.0045776367,-0.0045776367,-0.0045776367,-0.0045776367,3544709.7
3635469048096,15.279247,0,34.751663,33.126572,32.508583,30.865189,32.343788,33.112839,34.133667,33.497368,32.952621,30.297554,32.645912,32.504005,37.397575,39.645226,35.767914,33.529411,32.343788,32.275124,38.468758,34.476997,33.689629,33.543144,32.659645,38.633553,3544729.7,31.886017,29.885559,29.450676,28.837265,29.185165,29.363701,31.492332,30.302132,29.780273,28.228424,29.707024,29.226364,35.044632,38.152893,36.276039,31.876862,30.856033,30.242615,35.209427,32.105743,30.494392,31.469444,30.512703,35.204849,3544729.7,-0.0045776367,-0.0045776367,-0.0045776367,-0.0045776367,-0.0045776367,-0.0045776367,-0.0045776367,-0.0045776367,-0.0045776367,-0.0045776367,-0.0045776367,-0.0045776367,-0.0045776367,-2.6504822,-1.9180603,-1.1581726,-0.93841553,-0.26092529,-0.0045776367,-0.0045776367,-0.0045776367,-0.0045776367,-0.0045776367,-0.0045776367,3544729.7
3635489090496,15.299289,0,34.751663,33.126572,32.517738,30.865189,32.343788,33.117416,34.133667,33.49279,32.957199,30.292976,32.641335,32.504005,37.397575,39.654381,35.767914,33.529411,32.348366,32.270546,38.468758,34.476997,33.694206,33.538567,32.655067,38.624397,3544749.7,31.886017,29.890137,29.450676,28.837265,29.185165,29.377434,31.501488,30.315865,29.784851,28.223846,29.711601,29.240097,35.06752,38.12085,36.280617,31.867706,30.856033,30.238037,35.191116,32.105743,30.49897,31.455711,30.508125,35.191116,3544749.7,-0.0045776367,-0.0045776367,-0.0045776367,-0.0045776367,-0.0045776367,-0.0045776367,-0.0045776367,-0.0045776367,-0.0045776367,-0.0045776367,-0.0045776367,-0.0045776367,-0.0045776367,-2.8518982,-2.1927185,-1.4602966,-0.82855225,-0.050354004,-0.0045776367,-0.0045776367,-0.0045776367,-0.0045776367,-0.0045776367,-0.0045776367,3544749.7
3635509103808,15.319302,0,34.756241,33.121994,32.517738,30.865189,32.343788,33.117416,34.138245,33.501945,32.957199,30.297554,32.641335,32.504005,37.402153,39.658958,35.767914,33.529411,32.348366,32.275124,38.473335,34.481575,33.685051,33.543144,32.65049,38.624397,3544769.7,31.872284,29.885559,29.436943,28.837265,29.162277,29.363701,31.510643,30.315865,29.807739,28.233002,29.697868,29.235519,35.044632,38.13916,36.289772,31.881439,30.851456,30.238037,35.163651,32.110321,30.489815,31.464867,30.508125,35.200272,3544769.7,-0.0045776367,-0.0045776367,-0.0045776367,-0.0045776367,-0.0045776367,-0.0045776367,-0.0045776367,-0.0045776367,-0.0045776367,-0.0045776367,-0.0045776367,-0.0045776367,-0.0045776367,-2.4490662,-2.6413269,-1.0574646,-0.55389404,-0.022888184,-0.0045776367,-0.0045776367,-0.0045776367,-0.0045776367,-0.0045776367,-0.0045776367,3544769.7
3635529059136,15.339258,0,34.756241,33.126572,32.508583,30.869766,32.343788,33.117416,34.129089,33.49279,32.957199,30.297554,32.641335,32.499428,37.397575,39.654381,35.777069,33.515678,32.348366,32.270546,38.46418,34.481575,33.689629,33.543144,32.655067,38.624397,3544789.7,31.876862,29.885559,29.446098,28.841843,29.171432,29.368279,31.510643,30.306709,29.780273,28.237579,29.707024,29.235519,35.06752,38.13916,36.271461,31.876862,30.851456,30.238037,35.195694,32.110321,30.480659,31.469444,30.49897,35.195694,3544789.7,-0.0045776367,-0.0045776367,-0.0045776367,-0.0045776367,-0.0045776367,-0.0045776367,-0.0045776367,-0.0045776367,-0.0045776367,-0.0045776367,-0.0045776367,-0.0045776367,-0.0045776367,-2.677948,-2.1469421,-1.0666199,-0.48980713,-0.0045776367,-0.0045776367,-0.0045776367,-0.0045776367,-0.0045776367,-0.0045776367,-0.0045776367,3544789.7
3635549229856,15.359428,0,34.756241,33.126572,32.513161,30.865189,32.339211,33.112839,34.133667,33.497368,32.957199,30.297554,32.641335,32.504005,37.38842,39.649803,35.772491,33.524834,32.352943,32.279701,38.473335,34.481575,33.685051,33.547722,32.655067,38.624397,3544809.7,31.876862,29.876404,29.441521,28.841843,29.17601,29.368279,31.515221,30.320442,29.798584,28.228424,29.720757,29.235519,35.062943,38.13916,36.285194,31.858551,30.865189,30.242615,35.168228,32.128632,30.49897,31.464867,30.517281,35.195694,3544809.7,-0.0045776367,-0.0045776367,-0.0045776367,-0.0045776367,-0.0045776367,-0.0045776367,-0.0045776367,-0.0045776367,-0.0045776367,-0.0045776367,-0.0045776367,-0.0045776367,-0.0045776367,-2.7145691,-2.0553894,-1.0116882,-0.21514893,-0.30670166,-0.0045776367,-0.0045776367,-0.0045776367,-0.0045776367,-0.0045776367,-0.0045776367,3544809.7
3635569051040,15.37925,0,34.756241,33.121994,32.513161,30.865189,32.343788,33.117416,34.138245,33.497368,32.957199,30.297554,32.645912,32.504005,37.402153,39.649803,35.772491,33.529411,32.348366,32.275124,38.473335,34.476997,33.689629,33.547722,32.65049,38.633553,3544829.7,31.881439,29.876404,29.455254,28.850998,29.189743,29.377434,31.515221,30.315865,29.784851,28.228424,29.711601,29.226364,35.044632,38.13916,36.262306,31.890594,30.856033,30.233459,35.177383,32.101166,30.517281,31.474022,30.517281,35.195694,3544829.7,-0.0045776367,-0.0045776367,-0.0045776367,-0.0045776367,-0.0045776367,-0.0045776367,-0.0045776367,-0.0045776367,-0.0045776367,-0.0045776367,-0.0045776367,-0.0045776367,-0.0045776367,-2.3025818,-2.4399109,-0.75531006,0.0045776367,-0.35247803,-0.0045776367,-0.0045776367,-0.0045776367,-0.0045776367,-0.0045776367,-0.0045776367,3544829.7
3635589081088,15.39928,0,34.751663,33.126572,32.517738,30.865189,32.348366,33.117416,34.133667,33.497368,32.961777,30.297554,32.65049,32.508583,37.402153,39.658958,35.777069,33.529411,32.343788,32.270546,38.473335,34.486153,33.685051,33.547722,32.655067,38.633553,3544849.7,31.886017,29.876404,29.441521,28.837265,29.171432,29.363701,31.501488,30.315865,29.794006,28.233002,29.707024,29.212631,35.062943,38.13916,36.276039,31.872284,30.851456,30.228882,35.195694,32.101166,30.485237,31.451134,30.512703,35.204849,3544849.7,-0.0045776367,-0.0045776367,-0.0045776367,-0.0045776367,-0.0045776367,-0.0045776367,-0.0045776367,-0.0045776367,-0.0045776367,-0.0045776367,-0.0045776367,-0.0045776367,-0.0045776367,-2.2201843,-2.2018738,-0.75531006,0.11444092,-0.01373291,-0.0045776367,-0.0045776367,-0.0045776367,-0.0045776367,-0.0045776367,-0.0045776367,3544849.7
3635609049984,15.419249,0,34.751663,33.121994,32.517738,30.865189,32.343788,33.117416,34.138245,33.497368,32.961777,30.297554,32.65049,32.504005,37.397575,39.654381,35.767914,33.515678,32.348366,32.270546,38.468758,34.481575,33.689629,33.547722,32.655067,38.624397,3544869.7,31.886017,29.862671,29.436943,28.832687,29.180588,29.382011,31.506065,30.315865,29.794006,28.228424,29.707024,29.235519,35.058365,38.130005,36.285194,31.881439,30.833145,30.219727,35.204849,32.101166,30.49897,31.4786,30.512703,35.195694,3544869.7,-0.0045776367,-0.0045776367,-0.0045776367,-0.0045776367,-0.0045776367,-0.0045776367,-0.0045776367,-0.0045776367,-0.0045776367,-0.0045776367,-0.0045776367,-0.0045776367,-0.0045776367,-2.2018738,-1.7990417,-0.71868896,-0.068664551,-0.096130371,-0.0045776367,-0.0045776367,-0.0045776367,-0.0045776367,-0.0045776367,-0.0045776367,3544869.7
3635629071264,15.43927,0,34.756241,33.126572,32.517738,30.865189,32.334633,33.117416,34.138245,33.501945,32.952621,30.292976,32.645912,32.499428,37.392998,39.654381,35.772491,33.529411,32.343788,32.270546,38.468758,34.481575,33.689629,33.538567,32.65049,38.624397,3544889.7,31.886017,29.876404,29.432365,28.82811,29.166855,29.359123,31.492332,30.306709,29.794006,28.233002,29.716179,29.240097,35.06752,38.134583,36.280617,31.876862,30.865189,30.256355,35.191116,32.105743,30.471504,31.469444,30.49897,35.195694,3544889.7,-0.0045776367,-0.0045776367,-0.0045776367,-0.0045776367,-0.0045776367,-0.0045776367,-0.0045776367,-0.0045776367,-0.0045776367,-0.0045776367,-0.0045776367,-0.0045776367,-0.0045776367,-2.4216003,-1.3687439,-0.6729126,0.17852783,-0.29754639,-0.0045776367,-0.0045776367,-0.0045776367,-0.0045776367,-0.0045776367,-0.0045776367,3544889.7
3635649038688,15.459237,0,34.751663,33.131149,32.517738,30.865189,32.339211,33.112839,34.133667,33.501945,32.957199,30.302132,32.645912,32.508583,37.392998,39.658958,35.777069,33.524834,32.343788,32.270546,38.468758,34.481575,33.685051,33.543144,32.655067,38.61982,3544909.7,31.886017,29.876404,29.441521,28.84642,29.171432,29.363701,31.501488,30.320442,29.798584,28.233002,29.725334,29.235519,35.053787,38.157471,36.280617,31.863129,30.860611,30.215149,35.195694,32.096588,30.476082,31.469444,30.526436,35.195694,3544909.7,-0.0045776367,-0.0045776367,-0.0045776367,-0.0045776367,-0.0045776367,-0.0045776367,-0.0045776367,-0.0045776367,-0.0045776367,-0.0045776367,-0.0045776367,-0.0045776367,-0.0045776367,-1.9363708,-1.1215515,-0.40740967,-0.059509277,-0.29754639,-0.0045776367,-0.0045776367,-0.0045776367,-0.0045776367,-0.0045776367,-0.0045776367,3544909.7
3635669046176,15.479245,0,34.747078,33.131149,32.508583,30.865189,32.339211,33.117416,34.138245,33.497368,32.961777,30.302132,32.645912,32.508583,37.397575,39.654381,35.772491,33.524834,32.348366,32.270546,38.473335,34.476997,33.685051,33.547722,32.655067,38.624397,3544929.7,31.872284,29.871826,29.432365,28.841843,29.189743,29.349968,31.501488,30.329597,29.789429,28.214691,29.707024,29.230942,35.062943,38.134583,36.285194,31.886017,30.860611,30.224304,35.186539,32.105743,30.508125,31.4786,30.508125,35.204849,3544929.7,-0.0045776367,-0.0045776367,-0.0045776367,-0.0045776367,-0.0045776367,-0.0045776367,-0.0045776367,-0.0045776367,-0.0045776367,-0.0045776367,-0.0045776367,-0.0045776367,-0.0045776367,-2.275116,-1.0757751,-0.14190674,0.90179443,-0.2243042,-0.0045776367,-0.0045776367,-0.0045776367,-0.0045776367,-0.0045776367,-0.0045776367,3544929.7
3635689051616,15.49925,0,34.751663,33.121994,32.517738,30.865189,32.343788,33.117416,34.133667,33.497368,32.957199,30.302132,32.641335,32.504005,37.402153,39.663536,35.767914,33.529411,32.343788,32.270546,38.473335,34.481575,33.685051,33.547722,32.655067,38.624397,3544949.7,31.876862,29.876404,29.450676,28.841843,29.194321,29.372856,31.487755,30.329597,29.784851,28.228424,29.720757,29.240097,35.053787,38.148315,36.271461,31.881439,30.860611,30.238037,35.172806,32.105743,30.494392,31.469444,30.517281,35.191116,3544949.7,-0.0045776367,-0.0045776367,-0.0045776367,-0.0045776367,-0.0045776367,-0.0045776367,-0.0045776367,-0.0045776367,-0.0045776367,-0.0045776367,-0.0045776367,-0.0045776367,-0.0045776367,-2.57724,-0.51727295,0.077819824,-0.096130371,-0.35247803,-0.0045776367,-0.0045776367,-0.0045776367,-0.0045776367,-0.0045776367,-0.0045776367,3544949.7
3635709079872,15.519278,0,34.751663,33.126572,32.517738,30.860611,32.343788,33.117416,34.138245,33.501945,32.961777,30.292976,32.645912,32.504005,37.397575,39.654381,35.767914,33.529411,32.348366,32.275124,38.468758,34.47242,33.685051,33.547722,32.65049,38.624397,3544969.7,31.886017,29.880981,29.432365,28.82811,29.194321,29.372856,31.506065,30.32502,29.784851,28.228424,29.702446,29.235519,35.04921,38.134583,36.266884,31.872284,30.856033,30.238037,35.181961,32.087433,30.471504,31.460289,30.512703,35.186539,3544969.7,-0.0045776367,-0.0045776367,-0.0045776367,-0.0045776367,-0.0045776367,-0.0045776367,-0.0045776367,-0.0045776367,-0.0045776367,-0.0045776367,-0.0045776367,-0.0045776367,-0.0045776367,-2.2476501,-0.11444092,-0.37994385,-0.28839111,-0.5355835,-0.0045776367,-0.0045776367,-0.0045776367,-0.0045776367,-0.0045776367,-0.0045776367,3544969.7
3635729025056,15.539224,0,34.751663,33.126572,32.517738,30.860611,32.343788,33.121994,34.138245,33.497368,32.957199,30.302132,32.645912,32.504005,37.38842,39.663536,35.767914,33.520256,32.348366,32.270546,38.468758,34.481575,33.689629,33.543144,32.655067,38.628975,3544989.7,31.876862,29.871826,29.436943,28.832687,29.198898,29.363701,31.49691,30.311287,29.789429,28.223846,29.711601,29.230942,35.04921,38.130005,36.276039,31.867706,30.865189,30.228882,35.191116,32.09201,30.503548,31.4786,30.517281,35.191116,3544989.7,-0.0045776367,-0.0045776367,-0.0045776367,-0.0045776367,-0.0045776367,-0.0045776367,-0.0045776367,-0.0045776367,-0.0045776367,-0.0045776367,-0.0045776367,-0.0045776367,-0.0045776367,-3.0350342,-0.26092529,0.01373291,-0.16021729,-0.27008057,-0.0045776367,-0.0045776367,-0.0045776367,-0.0045776367,-0.0045776367,-0.0045776367,3544989.7
3635749114944,15.559314,0,34.747078,33.126572,32.517738,30.860611,32.343788,33.112839,34.138245,33.49279,32.957199,30.297554,32.641335,32.504005,37.402153,39.663536,35.767914,33.524834,32.343788,32.270546,38.468758,34.481575,33.689629,33.547722,32.65049,38.624397,3545009.7,31.890594,29.871826,29.450676,28.841843,29.189743,29.372856,31.492332,30.311287,29.798584,28.228424,29.716179,29.235519,35.062943,38.12085,36.276039,31.881439,30.878922,30.228882,35.181961,32.119476,30.471504,31.464867,30.521858,35.200272,3545009.7,-0.0045776367,-0.0045776367,-0.0045776367,-0.0045776367,-0.0045776367,-0.0045776367,-0.0045776367,-0.0045776367,-0.0045776367,-0.0045776367,-0.0045776367,-0.0045776367,-0.0045776367,-2.7145691,0.87432861,-0.38909912,-0.69122314,-0.38909912,-0.0045776367,-0.0045776367,-0.0045776367,-0.0045776367,-0.0045776367,-0.0045776367,3545009.7
3635769015840,15.579214,0,34.751663,33.126572,32.513161,30.865189,32.343788,33.117416,34.138245,33.501945,32.957199,30.297554,32.636757,32.504005,37.406731,39.654381,35.777069,33.524834,32.343788,32.275124,38.473335,34.481575,33.680473,33.538567,32.655067,38.628975,3545029.7,31.872284,29.890137,29.432365,28.84642,29.17601,29.354546,31.515221,30.32502,29.780273,28.228424,29.716179,29.240097,35.06752,38.130005,36.271461,31.890594,30.856033,30.238037,35.172806,32.09201,30.480659,31.474022,30.512703,35.177383,3545029.7,-0.0045776367,-0.0045776367,-0.0045776367,-0.0045776367,-0.0045776367,-0.0045776367,-0.0045776367,-0.0045776367,-0.0045776367,-0.0045776367,-0.0045776367,-0.0045776367,-0.0045776367,-2.8061218,1.002533,-0.16021729,-0.26092529,-0.43487549,-0.0045776367,-0.0045776367,-0.0045776367,-0.0045776367,-0.0045776367,-0.0045776367,3545029.7
3635789063168,15.599262,0,34.751663,33.126572,32.517738,30.869766,32.343788,33.117416,34.133667,33.501945,32.961777,30.302132,32.641335,32.508583,37.392998,39.658958,35.777069,33.529411,32.339211,32.270546,38.473335,34.481575,33.685051,33.547722,32.659645,38.624397,3545049.7,31.881439,29.871826,29.441521,28.84642,29.185165,29.349968,31.506065,30.306709,29.807739,28.237579,29.702446,29.230942,35.030899,38.13916,36.271461,31.876862,30.851456,30.238037,35.181961,32.096588,30.508125,31.460289,30.512703,35.200272,3545049.7,-0.0045776367,-0.0045776367,-0.0045776367,-0.0045776367,-0.0045776367,-0.0045776367,-0.0045776367,-0.0045776367,-0.0045776367,-0.0045776367,-0.0045776367,-0.0045776367,-0.0045776367,-2.7328796,0.70037842,-0.39825439,-0.33416748,-0.31585693,-0.0045776367,-0.0045776367,-0.0045776367,-0.0045776367,-0.0045776367,-0.0045776367,3545049.7
3635809024640,15.619223,0,34.751663,33.121994,32.513161,30.860611,32.348366,33.117416,34.142822,33.506523,32.952621,30.306709,32.641335,32.504005,37.38842,39.658958,35.772491,33.520256,32.352943,32.275124,38.473335,34.481575,33.685051,33.543144,32.655067,38.624397,3545069.7,31.886017,29.885559,29.446098,28.837265,29.166855,29.359123,31.487755,30.32502,29.798584,28.233002,29.716179,29.226364,35.04921,38.116272,36.280617,31.886017,30.846878,30.224304,35.172806,32.110321,30.494392,31.455711,30.508125,35.191116,3545069.7,-0.0045776367,-0.0045776367,-0.0045776367,-0.0045776367,-0.0045776367,-0.0045776367,-0.0045776367,-0.0045776367,-0.0045776367,-0.0045776367,-0.0045776367,-0.0045776367,-0.0045776367,-2.9526062,0.61798096,-0.37078857,-0.28839111,-0.42572021,-0.0045776367,-0.0045776367,-0.0045776367,-0.0045776367,-0.0045776367,-0.0045776367,3545069.7
3635829020128,15.639219,0,34.751663,33.126572,32.513161,30.860611,32.343788,33.112839,34.133667,33.501945,32.957199,30.297554,32.641335,32.513161,37.397575,39.663536,35.777069,33.529411,32.343788,32.270546,38.477913,34.481575,33.689629,33.547722,32.655067,38.633553,3545089.7,31.886017,29.880981,29.450676,28.84642,29.166855,29.363701,31.506065,30.334175,29.807739,28.233002,29.711601,29.230942,35.062943,38.111694,36.23941,31.876862,30.860611,30.238037,35.177383,32.124054,30.476082,31.474022,30.517281,35.195694,3545089.7,-0.0045776367,-0.0045776367,-0.0045776367,-0.0045776367,-0.0045776367,-0.0045776367,-0.0045776367,-0.0045776367,-0.0045776367,-0.0045776367,-0.0045776367,-0.0045776367,-0.0045776367,-2.5863953,0.82855225,-0.33416748,-0.28839111,-0.41656494,-0.0045776367,-0.0045776367,-0.0045776367,-0.0045776367,-0.0045776367,-0.0045776367,3545089.7
3635849002976,15.659202,0,34.751663,33.131149,32.513161,30.860611,32.343788,33.121994,34.138245,33.501945,32.952621,30.297554,32.645912,32.499428,37.397575,39.658958,35.772491,33.529411,32.343788,32.279701,38.468758,34.476997,33.680473,33.543144,32.659645,38.624397,3545109.7,31.895172,29.885559,29.432365,28.841843,29.198898,29.349968,31.49691,30.334175,29.780273,28.223846,29.711601,29.221786,35.053787,38.116272,36.271461,31.872284,30.8423,30.219727,35.204849,32.101166,30.49897,31.460289,30.49897,35.195694,3545109.7,-0.0045776367,-0.0045776367,-0.0045776367,-0.0045776367,-0.0045776367,-0.0045776367,-0.0045776367,-0.0045776367,-0.0045776367,-0.0045776367,-0.0045776367,-0.0045776367,-0.0045776367,-3.3554688,0.74615479,-0.39825439,-0.096130371,-0.70953369,-0.0045776367,-0.0045776367,-0.0045776367,-0.0045776367,-0.0045776367,-0.0045776367,3545109.7
3635869029024,15.679228,0,34.751663,33.126572,32.522316,30.865189,32.334633,33.112839,34.138245,33.497368,32.952621,30.297554,32.636757,32.504005,37.392998,39.663536,35.772491,33.524834,32.348366,32.275124,38.477913,34.476997,33.685051,33.547722,32.655067,38.633553,3545129.7,31.890594,29.885559,29.459831,28.855576,29.17601,29.372856,31.501488,30.320442,29.784851,28.233002,29.720757,29.230942,35.04921,38.143738,36.257729,31.876862,30.865189,30.238037,35.214005,32.110321,30.49897,31.474022,30.517281,35.177383,3545129.7,-0.0045776367,-0.0045776367,-0.0045776367,-0.0045776367,-0.0045776367,-0.0045776367,-0.0045776367,-0.0045776367,-0.0045776367,-0.0045776367,-0.0045776367,-0.0045776367,-0.0045776367,-3.1723633,0.5355835,-0.27923584,0.21514893,-0.26092529,-0.0045776367,-0.0045776367,-0.0045776367,-0.0045776367,-0.0045776367,-0.0045776367,3545129.7
3635888999840,15.699198,0,34.756241,33.126572,32.513161,30.865189,32.334633,33.112839,34.138245,33.497368,32.957199,30.297554,32.641335,32.504005,37.397575,39.658958,35.777069,33.529411,32.348366,32.275124,38.477913,34.481575,33.680473,33.547722,32.655067,38.633553,3545149.7,31.886017,29.885559,29.432365,28.82811,29.185165,29.368279,31.506065,30.334175,29.789429,28.228424,29.716179,29.240097,35.053787,38.125427,36.257729,31.886017,30.878922,30.242615,35.204849,32.101166,30.503548,31.469444,30.531013,35.209427,3545149.7,-0.0045776367,-0.0045776367,-0.0045776367,-0.0045776367,-0.0045776367,-0.0045776367,-0.0045776367,-0.0045776367,-0.0045776367,-0.0045776367,-0.0045776367,-0.0045776367,-0.0045776367,-2.8244324,0.5355835,-0.48980713,0.022888184,-0.23345947,-0.0045776367,-0.0045776367,-0.0045776367,-0.0045776367,-0.0045776367,-0.0045776367,3545149.7
3635909032064,15.719231,0,34.751663,33.126572,32.526894,30.860611,32.343788,33.117416,34.138245,33.497368,32.961777,30.306709,32.636757,32.508583,37.392998,39.658958,35.781647,33.529411,32.343788,32.270546,38.473335,34.467842,33.685051,33.543144,32.65049,38.633553,3545169.7,31.890594,29.890137,29.432365,28.841843,29.171432,29.359123,31.49691,30.315865,29.794006,28.237579,29.725334,29.240097,35.058365,38.130005,36.262306,31.876862,30.865189,30.224304,35.195694,32.110321,30.476082,31.460289,30.531013,35.218582,3545169.7,-0.0045776367,-0.0045776367,-0.0045776367,-0.0045776367,-0.0045776367,-0.0045776367,-0.0045776367,-0.0045776367,-0.0045776367,-0.0045776367,-0.0045776367,-0.0045776367,-0.0045776367,-3.1723633,0.59967041,-0.46234131,0.04119873,-0.40740967,-0.0045776367,-0.0045776367,-0.0045776367,-0.0045776367,-0.0045776367,-0.0045776367,3545169.7
3635929041440,15.73924,0,34.751663,33.126572,32.517738,30.865189,32.343788,33.112839,34.138245,33.501945,32.961777,30.302132,32.641335,32.504005,37.397575,39.663536,35.777069,33.524834,32.343788,32.279701,38.46418,34.486153,33.680473,33.552299,32.655067,38.628975,3545189.7,31.886017,29.876404,29.432365,28.850998,29.180588,29.372856,31.506065,30.32502,29.789429,28.228424,29.711601,29.240097,35.053787,38.13916,36.262306,31.886017,30.837723,30.247192,35.204849,32.105743,30.494392,31.464867,30.517281,35.191116,3545189.7,-0.0045776367,-0.0045776367,-0.0045776367,-0.0045776367,-0.0045776367,-0.0045776367,-0.0045776367,-0.0045776367,-0.0045776367,-0.0045776367,-0.0045776367,-0.0045776367,-0.0045776367,-2.8427429,0.58135986,-0.66375732,0.26092529,0.11444092,-0.0045776367,-0.0045776367,-0.0045776367,-0.0045776367,-0.0045776367,-0.0045776367,3545189.7
3635949210208,15.759409,0,34.756241,33.117416,32.513161,30.865189,32.348366,33.112839,34.142822,33.501945,32.957199,30.297554,32.636757,32.504005,37.38842,39.658958,35.763336,33.529411,32.343788,32.275124,38.473335,34.486153,33.685051,33.543144,32.65049,38.628975,3545209.7,31.895172,29.885559,29.441521,28.837265,29.17601,29.372856,31.501488,30.320442,29.798584,28.228424,29.702446,29.226364,35.053787,38.134583,36.266884,31.863129,30.856033,30.228882,35.186539,32.101166,30.471504,31.455711,30.503548,35.191116,3545209.7,-0.0045776367,-0.0045776367,-0.0045776367,-0.0045776367,-0.0045776367,-0.0045776367,-0.0045776367,-0.0045776367,-0.0045776367,-0.0045776367,-0.0045776367,-0.0045776367,-0.0045776367,-3.0808105,0.66375732,-0.32501221,0.16021729,0.2243042,-0.0045776367,-0.0045776367,-0.0045776367,-0.0045776367,-0.0045776367,-0.0045776367,3545209.7
3635969193728,15.779392,0,34.751663,33.126572,32.513161,30.865189,32.339211,33.117416,34.138245,33.497368,32.957199,30.297554,32.636757,32.499428,37.392998,39.663536,35.777069,33.529411,32.343788,32.279701,38.468758,34.481575,33.689629,33.552299,32.645912,38.633553,3545231.7,31.863129,29.858093,29.436943,28.850998,29.171432,29.368279,31.49691,30.329597,29.784851,28.210114,29.707024,29.230942,35.062943,38.134583,36.262306,31.886017,30.856033,30.233459,35.200272,32.09201,30.480659,31.455711,30.512703,35.195694,3545231.7,-0.0045776367,-0.0045776367,-0.0045776367,-0.0045776367,-0.0045776367,-0.0045776367,-0.0045776367,-0.0045776367,-0.0045776367,-0.0045776367,-0.0045776367,-0.0045776367,-0.0045776367,-3.2547607,0.24261475,-0.76446533,-0.45318604,-0.01373291,-0.0045776367,-0.0045776367,-0.0045776367,-0.0045776367,-0.0045776367,-0.0045776367,3545231.7
3635989011040,15.79921,0,34.751663,33.131149,32.517738,30.865189,32.339211,33.117416,34.138245,33.501945,32.961777,30.302132,32.65049,32.499428,37.397575,39.663536,35.772491,33.524834,32.343788,32.275124,38.477913,34.486153,33.689629,33.543144,32.659645,38.628975,3545249.7,31.863129,29.876404,29.432365,28.841843,29.185165,29.372856,31.506065,30.320442,29.784851,28.242157,29.707024,29.244675,35.072098,38.13916,36.262306,31.867706,30.860611,30.228882,35.191116,32.101166,30.480659,31.4786,30.508125,35.195694,3545249.7,-0.0045776367,-0.0045776367,-0.0045776367,-0.0045776367,-0.0045776367,-0.0045776367,-0.0045776367,-0.0045776367,-0.0045776367,-0.0045776367,-0.0045776367,-0.0045776367,-0.0045776367,-3.1723633,0.31585693,-0.64544678,-0.28839111,0.022888184,-0.0045776367,-0.0045776367,-0.0045776367,-0.0045776367,-0.0045776367,-0.0045776367,3545249.7
3636009009088,15.819208,0,34.751663,33.126572,32.513161,30.865189,32.343788,33.121994,34.133667,33.497368,32.961777,30.302132,32.636757,32.508583,37.397575,39.654381,35.767914,33.529411,32.339211,32.275124,38.473335,34.486153,33.685051,33.538567,32.659645,38.63813,3545269.7,31.867706,29.862671,29.436943,28.841843,29.189743,29.363701,31.501488,30.32502,29.780273,28.223846,29.711601,29.240097,35.058365,38.130005,36.230255,31.876862,30.869766,30.247192,35.177383,32.105743,30.503548,31.4786,30.521858,35.186539,3545269.7,-0.0045776367,-0.0045776367,-0.0045776367,-0.0045776367,-0.0045776367,-0.0045776367,-0.0045776367,-0.0045776367,-0.0045776367,-0.0045776367,-0.0045776367,-0.0045776367,-0.0045776367,-4.2069092,0.44403076,-0.54473877,-0.17852783,-0.068664551,-0.0045776367,-0.0045776367,-0.0045776367,-0.0045776367,-0.0045776367,-0.0045776367,3545269.7
3636029089568,15.839288,0,34.756241,33.121994,32.517738,30.856033,32.339211,33.112839,34.138245,33.49279,32.957199,30.292976,32.641335,32.504005,37.397575,39.663536,35.767914,33.529411,32.334633,32.270546,38.473335,34.476997,33.689629,33.547722,32.65049,38.628975,3545289.7,31.867706,29.880981,29.450676,28.84642,29.180588,29.368279,31.510643,30.306709,29.798584,28.210114,29.716179,29.217209,35.058365,38.13916,36.262306,31.876862,30.874344,30.228882,35.200272,32.110321,30.471504,31.474022,30.508125,35.186539,3545289.7,-0.0045776367,-0.0045776367,-0.0045776367,-0.0045776367,-0.0045776367,-0.0045776367,-0.0045776367,-0.0045776367,-0.0045776367,-0.0045776367,-0.0045776367,-0.0045776367,-0.0045776367,-4.5731201,-0.077819824,-0.79193115,-0.28839111,0.17852783,-0.0045776367,-0.0045776367,-0.0045776367,-0.0045776367,-0.0045776367,-0.0045776367,3545289.7
3636049011296,15.85921,0,34.751663,33.121994,32.522316,30.865189,32.343788,33.112839,34.133667,33.497368,32.961777,30.292976,32.65049,32.504005,37.397575,39.663536,35.767914,33.524834,32.343788,32.275124,38.468758,34.481575,33.689629,33.547722,32.65049,38.633553,3545309.7,31.876862,29.858093,29.459831,28.837265,29.185165,29.349968,31.510643,30.311287,29.784851,28.237579,29.720757,29.230942,35.058365,38.134583,36.234833,31.890594,30.846878,30.238037,35.195694,32.124054,30.494392,31.469444,30.521858,35.209427,3545309.7,-0.0045776367,-0.0045776367,-0.0045776367,-0.0045776367,-0.0045776367,-0.0045776367,-0.0045776367,-0.0045776367,-0.0045776367,-0.0045776367,-0.0045776367,-0.0045776367,-0.0045776367,-4.5181885,0.04119873,-1.0391541,-0.4989624,0.26092529,-0.0045776367,-0.0045776367,-0.0045776367,-0.0045776367,-0.0045776367,-0.0045776367,3545309.7
3636069007008,15.879206,0,34.756241,33.126572,32.513161,30.860611,32.343788,33.112839,34.138245,33.497368,32.961777,30.306709,32.641335,32.499428,37.397575,39.658958,35.772491,33.520256,32.343788,32.270546,38.468758,34.481575,33.689629,33.543144,32.655067,38.633553,3545329.7,31.872284,29.876404,29.446098,28.841843,29.180588,29.377434,31.501488,30.315865,29.780273,28.228424,29.720757,29.235519,35.058365,38.134583,36.243988,31.876862,30.846878,30.224304,35.204849,32.119476,30.494392,31.464867,30.521858,35.195694,3545329.7,-0.0045776367,-0.0045776367,-0.0045776367,-0.0045776367,-0.0045776367,-0.0045776367,-0.0045776367,-0.0045776367,-0.0045776367,-0.0045776367,-0.0045776367,-0.0045776367,-0.0045776367,-5.122467,-1.3595886,-1.1123962,0.068664551,0.059509277,-0.0045776367,-0.0045776367,-0.0045776367,-0.0045776367,-0.0045776367,-0.0045776367,3545329.7
3636089019744,15.899218,0,34.751663,33.131149,32.517738,30.860611,32.343788,33.126572,34.142822,33.501945,32.957199,30.297554,32.645912,32.504005,37.402153,39.663536,35.772491,33.524834,32.343788,32.275124,38.473335,34.481575,33.689629,33.538567,32.655067,38.633553,3545349.7,31.872284,29.885559,29.441521,28.841843,29.194321,29.359123,31.501488,30.320442,29.794006,28.223846,29.725334,29.235519,35.044632,38.130005,36.225677,31.872284,30.874344,30.242615,35.214005,32.09201,30.494392,31.4786,30.508125,35.200272,3545349.7,-0.0045776367,-0.0045776367,-0.0045776367,-0.0045776367,-0.0045776367,-0.0045776367,-0.0045776367,-0.0045776367,-0.0045776367,-0.0045776367,-0.0045776367,-0.0045776367,-0.0045776367,-5.3238831,-1.4694519,-0.92010498,0.050354004,0.18768311,-0.0045776367,-0.0045776367,-0.0045776367,-0.0045776367,-0.0045776367,-0.0045776367,3545349.7
3636109014816,15.919213,0,34.756241,33.126572,32.517738,30.865189,32.339211,33.112839,34.1474,33.497368,32.961777,30.297554,32.645912,32.504005,37.406731,39.668114,35.772491,33.524834,32.343788,32.279701,38.468758,34.481575,33.694206,33.547722,32.65049,38.633553,3545369.7,31.867706,29.885559,29.436943,28.850998,29.189743,29.363701,31.506065,30.334175,29.803162,28.214691,29.720757,29.230942,35.06752,38.116272,36.23941,31.890594,30.860611,30.238037,35.204849,32.09201,30.49897,31.455711,30.512703,35.214005,3545369.7,-0.0045776367,-0.0045776367,-0.0045776367,-0.0045776367,-0.0045776367,-0.0045776367,-0.0045776367,-0.0045776367,-0.0045776367,-0.0045776367,-0.0045776367,-0.0045776367,-0.0045776367,-6.7887268,-1.7441101,-1.0299988,0.23345947,0.34332275,-0.0045776367,-0.0045776367,-0.0045776367,-0.0045776367,-0.0045776367,-0.0045776367,3545369.7
3636129221664,15.93942,0,34.747078,33.126572,32.508583,30.865189,32.343788,33.117416,34.138245,33.501945,32.952621,30.297554,32.641335,32.499428,37.38842,39.672691,35.772491,33.529411,32.334633,32.275124,38.473335,34.481575,33.685051,33.547722,32.659645,38.633553,3545391.7,31.881439,29.880981,29.450676,28.832687,29.189743,29.354546,31.492332,30.320442,29.789429,28.223846,29.729912,29.244675,35.062943,38.148315,36.243988,31.863129,30.851456,30.242615,35.204849,32.096588,30.485237,31.483177,30.503548,35.204849,3545391.7,-0.0045776367,-0.0045776367,-0.0045776367,-0.0045776367,-0.0045776367,-0.0045776367,-0.0045776367,-0.0045776367,-0.0045776367,-0.0045776367,-0.0045776367,-0.0045776367,-0.0045776367,-5.223175,-1.7532654,-1.0483093,0.15106201,0.17852783,-0.0045776367,-0.0045776367,-0.0045776367,-0.0045776367,-0.0045776367,-0.0045776367,3545391.7
3636149184768,15.959383,0,34.756241,33.131149,32.517738,30.860611,32.348366,33.112839,34.142822,33.49279,32.961777,30.297554,32.641335,32.504005,37.392998,39.677269,35.772491,33.529411,32.343788,32.275124,38.473335,34.476997,33.694206,33.543144,32.659645,38.628975,3545409.7,31.867706,29.885559,29.427788,28.841843,29.17601,29.354546,31.492332,30.311287,29.798584,28.237579,29.716179,29.235519,35.062943,38.143738,36.23941,31.867706,30.860611,30.219727,35.181961,32.101166,30.508125,31.483177,30.49897,35.195694,3545409.7,-0.0045776367,-0.0045776367,-0.0045776367,-0.0045776367,-0.0045776367,-0.0045776367,-0.0045776367,-0.0045776367,-0.0045776367,-0.0045776367,-0.0045776367,-0.0045776367,-0.0045776367,-5.3055725,-1.6525574,-1.0666199,0.15106201,0.27923584,-0.0045776367,-0.0045776367,-0.0045776367,-0.0045776367,-0.0045776367,-0.0045776367,3545409.7
3636169010208,15.979209,0,34.756241,33.121994,32.522316,30.865189,32.339211,33.112839,34.138245,33.497368,32.957199,30.302132,32.645912,32.508583,37.397575,39.672691,35.767914,33.529411,32.343788,32.265968,38.468758,34.481575,33.689629,33.547722,32.655067,38.63813,3545429.7,31.886017,29.871826,29.395744,28.850998,29.189743,29.354546,31.501488,30.32502,29.784851,28.219269,29.702446,29.221786,35.058365,38.152893,36.243988,31.881439,30.851456,30.224304,35.218582,32.082855,30.476082,31.464867,30.521858,35.218582,3545429.7,-0.0045776367,-0.0045776367,-0.0045776367,-0.0045776367,-0.0045776367,-0.0045776367,-0.0045776367,-0.0045776367,-0.0045776367,-0.0045776367,-0.0045776367,-0.0045776367,-0.0045776367,-5.7358704,-1.8356628,-1.405365,0.33416748,0.20599365,-0.0045776367,-0.0045776367,-0.0045776367,-0.0045776367,-0.0045776367,-0.0045776367,3545429.7
3636189078400,15.999277,0,34.751663,33.131149,32.517738,30.865189,32.343788,33.117416,34.138245,33.501945,32.957199,30.302132,32.641335,32.499428,37.392998,39.668114,35.763336,33.524834,32.339211,32.275124,38.473335,34.481575,33.689629,33.543144,32.65049,38.628975,3545449.7,31.881439,29.880981,29.436943,28.837265,29.189743,29.349968,31.515221,30.320442,29.803162,28.237579,29.720757,29.235519,35.04921,38.148315,36.23941,31.872284,30.865189,30.228882,35.186539,32.110321,30.471504,31.460289,30.517281,35.204849,3545449.7,-0.0045776367,-0.0045776367,-0.0045776367,-0.0045776367,-0.0045776367,-0.0045776367,-0.0045776367,-0.0045776367,-0.0045776367,-0.0045776367,-0.0045776367,-0.0045776367,-0.0045776367,-4.90271,-1.808197,-1.1581726,0.30670166,0.28839111,-0.0045776367,-0.0045776367,-0.0045776367,-0.0045776367,-0.0045776367,-0.0045776367,3545449.7
3636209032224,16.019231,0,34.751663,33.121994,32.513161,30.860611,32.343788,33.117416,34.133667,33.501945,32.952621,30.302132,32.641335,32.504005,37.397575,39.663536,35.777069,33.533989,32.339211,32.270546,38.473335,34.481575,33.685051,33.543144,32.655067,38.628975,3545469.7,31.886017,29.890137,29.441521,28.841843,29.185165,29.359123,31.492332,30.334175,29.784851,28.219269,29.702446,29.244675,35.035477,38.13916,36.211945,31.876862,30.865189,30.233459,35.227737,32.101166,30.494392,31.469444,30.508125,35.186539,3545469.7,-0.0045776367,-0.0045776367,-0.0045776367,-0.0045776367,-0.0045776367,-0.0045776367,-0.0045776367,-0.0045776367,-0.0045776367,-0.0045776367,-0.0045776367,-0.0045776367,-0.0045776367,-4.637207,-1.6983337,-1.5610046,0.3616333,0.28839111,-0.0045776367,-0.0045776367,-0.0045776367,-0.0045776367,-0.0045776367,-0.0045776367,3545469.7
3636229112608,16.039311,0,34.751663,33.126572,32.517738,30.856033,32.339211,33.117416,34.138245,33.501945,32.957199,30.297554,32.645912,32.508583,37.397575,39.672691,35.772491,33.524834,32.339211,32.270546,38.473335,34.481575,33.685051,33.538567,32.655067,38.63813,3545489.7,31.886017,29.880981,29.441521,28.832687,29.194321,29.377434,31.501488,30.32502,29.789429,28.233002,29.711601,29.249252,35.053787,38.148315,36.234833,31.876862,30.860611,30.242615,35.209427,32.105743,30.494392,31.469444,30.535591,35.181961,3545489.7,-0.0045776367,-0.0045776367,-0.0045776367,-0.0045776367,-0.0045776367,-0.0045776367,-0.0045776367,-0.0045776367,-0.0045776367,-0.0045776367,-0.0045776367,-0.0045776367,-0.0045776367,-3.6759033,-1.5518494,-1.1307068,0.13275146,0.14190674,-0.0045776367,-0.0045776367,-0.0045776367,-0.0045776367,-0.0045776367,-0.0045776367,3545489.7
3636249007808,16.059206,0,34.756241,33.135727,32.522316,30.869766,32.339211,33.121994,34.133667,33.501945,32.957199,30.302132,32.65049,32.504005,37.392998,39.668114,35.772491,33.529411,32.339211,32.270546,38.473335,34.481575,33.689629,33.543144,32.659645,38.633553,3545509.7,31.881439,29.885559,29.42321,28.837265,29.194321,29.363701,31.510643,30.320442,29.780273,28.237579,29.725334,29.221786,35.072098,38.134583,36.2211,31.881439,30.865189,30.238037,35.177383,32.110321,30.480659,31.451134,30.521858,35.181961,3545509.7,-0.0045776367,-0.0045776367,-0.0045776367,-0.0045776367,-0.0045776367,-0.0045776367,-0.0045776367,-0.0045776367,-0.0045776367,-0.0045776367,-0.0045776367,-0.0045776367,-0.0045776367,-2.8152771,-0.66375732,-1.1856384,0.086975098,0.30670166,-0.0045776367,-0.0045776367,-0.0045776367,-0.0045776367,-0.0045776367,-0.0045776367,3545509.7
3636269021440,16.07922,0,34.751663,33.131149,32.517738,30.860611,32.339211,33.117416,34.142822,33.501945,32.957199,30.297554,32.645912,32.504005,37.392998,39.672691,35.772491,33.529411,32.334633,32.275124,38.473335,34.47242,33.689629,33.547722,32.65049,38.624397,3545529.7,31.876862,29.885559,29.436943,28.841843,29.185165,29.372856,31.506065,30.329597,29.798584,28.233002,29.707024,29.253838,35.040054,38.143738,36.230255,31.872284,30.856033,30.233459,35.177383,32.110321,30.471504,31.487755,30.508125,35.200272,3545529.7,-0.0045776367,-0.0045776367,-0.0045776367,-0.0045776367,-0.0045776367,-0.0045776367,-0.0045776367,-0.0045776367,-0.0045776367,-0.0045776367,-0.0045776367,-0.0045776367,-0.0045776367,-2.2842712,-0.72784424,-0.89263916,0.032043457,0.38909912,-0.0045776367,-0.0045776367,-0.0045776367,-0.0045776367,-0.0045776367,-0.0045776367,3545529.7
3636289004096,16.099203,0,34.756241,33.121994,32.517738,30.865189,32.339211,33.117416,34.133667,33.501945,32.952621,30.302132,32.645912,32.504005,37.397575,39.672691,35.777069,33.529411,32.334633,32.265968,38.473335,34.476997,33.694206,33.543144,32.65049,38.624397,3545549.7,31.890594,29.880981,29.446098,28.837265,29.189743,29.359123,31.492332,30.329597,29.807739,28.242157,29.702446,29.226364,35.044632,38.13916,36.2211,31.890594,30.865189,30.233459,35.200272,32.110321,30.485237,31.460289,30.526436,35.204849,3545549.7,-0.0045776367,-0.0045776367,-0.0045776367,-0.0045776367,-0.0045776367,-0.0045776367,-0.0045776367,-0.0045776367,-0.0045776367,-0.0045776367,-0.0045776367,-0.0045776367,-0.0045776367,-1.3229675,-0.086975098,-0.35247803,-0.01373291,0.31585693,-0.0045776367,-0.0045776367,-0.0045776367,-0.0045776367,-0.0045776367,-0.0045776367,3545549.7
3636308994176,16.119193,0,34.751663,33.126572,32.517738,30.860611,32.343788,33.117416,34.138245,33.497368,32.966354,30.306709,32.645912,32.508583,37.392998,39.672691,35.767914,33.533989,32.339211,32.275124,38.473335,34.47242,33.689629,33.543144,32.659645,38.63813,3545569.7,31.890594,29.880981,29.446098,28.841843,29.185165,29.368279,31.501488,30.315865,29.789429,28.228424,29.707024,29.212631,35.058365,38.157471,36.225677,31.863129,30.856033,30.224304,35.200272,32.110321,30.480659,31.474022,30.521858,35.181961,3545569.7,-0.0045776367,-0.0045776367,-0.0045776367,-0.0045776367,-0.0045776367,-0.0045776367,-0.0045776367,-0.0045776367,-0.0045776367,-0.0045776367,-0.0045776367,-0.0045776367,-0.0045776367,-0.59967041,0.54473877,-0.2243042,-0.077819824,0.39825439,-0.0045776367,-0.0045776367,-0.0045776367,-0.0045776367,-0.0045776367,-0.0045776367,3545569.7
3636329029664,16.139228,0,34.751663,33.126572,32.513161,30.865189,32.343788,33.117416,34.133667,33.501945,32.966354,30.292976,32.641335,32.504005,37.397575,39.677269,35.767914,33.529411,32.334633,32.279701,38.473335,34.476997,33.685051,33.543144,32.65049,38.633553,3545589.7,31.876862,29.876404,29.450676,28.832687,29.185165,29.368279,31.506065,30.334175,29.780273,28.219269,29.707024,29.226364,35.044632,38.143738,36.211945,31.881439,30.860611,30.238037,35.200272,32.105743,30.494392,31.460289,30.508125,35.204849,3545589.7,-0.0045776367,-0.0045776367,-0.0045776367,-0.0045776367,-0.0045776367,-0.0045776367,-0.0045776367,-0.0045776367,-0.0045776367,-0.0045776367,-0.0045776367,-0.0045776367,-0.0045776367,-0.48065186,1.5793152,0.16021729,-0.65460205,0.39825439,-0.0045776367,-0.0045776367,-0.0045776367,-0.0045776367,-0.0045776367,-0.0045776367,3545589.7
3636349191552,16.15939,0,34.756241,33.126572,32.513161,30.860611,32.339211,33.117416,34.142822,33.49279,32.957199,30.297554,32.645912,32.504005,37.392998,39.672691,35.777069,33.529411,32.339211,32.270546,38.473335,34.481575,33.694206,33.547722,32.655067,38.633553,3545609.7,31.890594,29.871826,29.427788,28.84642,29.17601,29.386589,31.49691,30.334175,29.789429,28.237579,29.716179,29.230942,35.058365,38.130005,36.216522,31.890594,30.851456,30.224304,35.204849,32.110321,30.480659,31.451134,30.512703,35.200272,3545609.7,-0.0045776367,-0.0045776367,-0.0045776367,-0.0045776367,-0.0045776367,-0.0045776367,-0.0045776367,-0.0045776367,-0.0045776367,-0.0045776367,-0.0045776367,-0.0045776367,-0.0045776367,0.32501221,1.9272156,0.48065186,-0.44403076,0.37994385,-0.0045776367,-0.0045776367,-0.0045776367,-0.0045776367,-0.0045776367,-0.0045776367,3545609.7
3636369054976,16.179254,0,34.751663,33.131149,32.517738,30.860611,32.343788,33.126572,34.133667,33.501945,32.966354,30.292976,32.645912,32.499428,37.397575,39.677269,35.763336,33.529411,32.339211,32.270546,38.473335,34.486153,33.689629,33.543144,32.655067,38.624397,3545629.7,31.886017,29.876404,29.441521,28.841843,29.189743,29.359123,31.510643,30.315865,29.784851,28.233002,29.707024,29.240097,35.035477,38.134583,36.207367,31.858551,30.869766,30.238037,35.181961,32.105743,30.489815,31.464867,30.494392,35.195694,3545629.7,-0.0045776367,-0.0045776367,-0.0045776367,-0.0045776367,-0.0045776367,-0.0045776367,-0.0045776367,-0.0045776367,-0.0045776367,-0.0045776367,-0.0045776367,-0.0045776367,-0.0045776367,0.50811768,1.5610046,0.3616333,-0.27008057,0.0045776367,-0.0045776367,-0.0045776367,-0.0045776367,-0.0045776367,-0.0045776367,-0.0045776367,3545629.7
3636389025888,16.199224,0,34.751663,33.126572,32.513161,30.860611,32.339211,33.121994,34.142822,33.497368,32.961777,30.297554,32.641335,32.508583,37.402153,39.677269,35.767914,33.529411,32.339211,32.275124,38.473335,34.486153,33.689629,33.543144,32.65049,38.633553,3545649.7,31.881439,29.894714,29.42321,28.855576,29.185165,29.368279,31.510643,30.320442,29.775696,28.228424,29.707024,29.235519,35.062943,38.148315,36.207367,31.863129,30.865189,30.238037,35.181961,32.105743,30.489815,31.455711,30.521858,35.214005,3545649.7,-0.0045776367,-0.0045776367,-0.0045776367,-0.0045776367,-0.0045776367,-0.0045776367,-0.0045776367,-0.0045776367,-0.0045776367,-0.0045776367,-0.0045776367,-0.0045776367,-0.0045776367,0.92010498,2.5406189,1.0391541,-0.62713623,-0.11444092,-0.0045776367,-0.0045776367,-0.0045776367,-0.0045776367,-0.0045776367,-0.0045776367,3545649.7
3636409032640,16.219231,0,34.756241,33.126572,32.513161,30.865189,32.343788,33.117416,34.138245,33.501945,32.948044,30.297554,32.641335,32.504005,37.397575,39.677269,35.777069,33.533989,32.330055,32.275124,38.477913,34.481575,33.689629,33.547722,32.655067,38.628975,3545669.7,31.886017,29.885559,29.446098,28.841843,29.189743,29.377434,31.49691,30.32502,29.780273,28.237579,29.716179,29.226364,35.058365,38.148315,36.211945,31.849396,30.860611,30.251778,35.200272,32.101166,30.471504,31.4786,30.508125,35.200272,3545669.7,-0.0045776367,-0.0045776367,-0.0045776367,-0.0045776367,-0.0045776367,-0.0045776367,-0.0045776367,-0.0045776367,-0.0045776367,-0.0045776367,-0.0045776367,-0.0045776367,-0.0045776367,0.68206787,2.7878113,1.0299988,-0.16021729,-0.25177002,-0.0045776367,-0.0045776367,-0.0045776367,-0.0045776367,-0.0045776367,-0.0045776367,3545669.7
3636429028192,16.239227,0,34.751663,33.121994,32.517738,30.865189,32.343788,33.121994,34.138245,33.501945,32.957199,30.292976,32.645912,32.504005,37.397575,39.677269,35.777069,33.538567,32.339211,32.270546,38.477913,34.476997,33.685051,33.543144,32.655067,38.633553,3545689.7,31.872284,29.862671,29.441521,28.832687,29.17601,29.349968,31.501488,30.315865,29.789429,28.228424,29.702446,29.226364,35.06752,38.13916,36.207367,31.872284,30.865189,30.247192,35.191116,32.105743,30.489815,31.474022,30.508125,35.195694,3545689.7,-0.0045776367,-0.0045776367,-0.0045776367,-0.0045776367,-0.0045776367,-0.0045776367,-0.0045776367,-0.0045776367,-0.0045776367,-0.0045776367,-0.0045776367,-0.0045776367,-0.0045776367,0.76446533,2.3575134,0.79193115,-0.21514893,-0.0045776367,-0.0045776367,-0.0045776367,-0.0045776367,-0.0045776367,-0.0045776367,-0.0045776367,3545689.7
3636449024192,16.259223,0,34.751663,33.131149,32.513161,30.865189,32.348366,33.117416,34.138245,33.501945,32.957199,30.297554,32.645912,32.508583,37.397575,39.677269,35.767914,33.529411,32.339211,32.275124,38.473335,34.481575,33.689629,33.547722,32.655067,38.633553,3545709.7,31.886017,29.876404,29.436943,28.860153,29.189743,29.372856,31.501488,30.311287,29.775696,28.228424,29.702446,29.235519,35.058365,38.148315,36.202789,31.853973,30.865189,30.238037,35.200272,32.114899,30.489815,31.451134,30.531013,35.209427,3545709.7,-0.0045776367,-0.0045776367,-0.0045776367,-0.0045776367,-0.0045776367,-0.0045776367,-0.0045776367,-0.0045776367,-0.0045776367,-0.0045776367,-0.0045776367,-0.0045776367,-0.0045776367,0.77362061,2.5131531,1.0116882,0.61798096,-0.16021729,-0.0045776367,-0.0045776367,-0.0045776367,-0.0045776367,-0.0045776367,-0.0045776367,3545709.7
3636469194880,16.279393,0,34.751663,33.131149,32.517738,30.869766,32.334633,33.117416,34.138245,33.497368,32.961777,30.302132,32.65049,32.504005,37.397575,39.677269,35.767914,33.529411,32.339211,32.275124,38.477913,34.481575,33.689629,33.543144,32.645912,38.633553,3545731.7,31.858551,29.890137,29.446098,28.855576,29.189743,29.372856,31.49691,30.320442,29.798584,28.223846,29.716179,29.253838,35.058365,38.157471,36.198212,31.876862,30.856033,30.247192,35.181961,32.105743,30.494392,31.4786,30.517281,35.209427,3545731.7,-0.0045776367,-0.0045776367,-0.0045776367,-0.0045776367,-0.0045776367,-0.0045776367,-0.0045776367,-0.0045776367,-0.0045776367,-0.0045776367,-0.0045776367,-0.0045776367,-0.0045776367,0.47149658,2.4216003,0.65460205,-0.20599365,-0.14190674,-0.0045776367,-0.0045776367,-0.0045776367,-0.0045776367,-0.0045776367,-0.0045776367,3545731.7
3636489014272,16.299213,0,34.751663,33.126572,32.513161,30.869766,32.343788,33.121994,34.133667,33.501945,32.957199,30.297554,32.641335,32.499428,37.392998,39.672691,35.772491,33.538567,32.334633,32.270546,38.468758,34.49073,33.689629,33.547722,32.65049,38.633553,3545749.7,31.890594,29.885559,29.432365,28.850998,29.17601,29.359123,31.492332,30.338753,29.789429,28.233002,29.720757,29.212631,35.062943,38.162048,36.207367,31.876862,30.874344,30.224304,35.209427,32.114899,30.485237,31.469444,30.508125,35.177383,3545749.7,-0.0045776367,-0.0045776367,-0.0045776367,-0.0045776367,-0.0045776367,-0.0045776367,-0.0045776367,-0.0045776367,-0.0045776367,-0.0045776367,-0.0045776367,-0.0045776367,-0.0045776367,0.46234131,2.2018738,1.2497253,0.54473877,-0.26092529,-0.0045776367,-0.0045776367,-0.0045776367,-0.0045776367,-0.0045776367,-0.0045776367,3545749.7
3636509022304,16.319221,0,34.751663,33.126572,32.517738,30.865189,32.339211,33.117416,34.138245,33.501945,32.961777,30.297554,32.645912,32.504005,37.397575,39.681847,35.777069,33.538567,32.339211,32.265968,38.473335,34.476997,33.685051,33.552299,32.655067,38.633553,3545769.7,31.890594,29.867249,29.432365,28.841843,29.203476,29.368279,31.510643,30.329597,29.789429,28.219269,29.725334,29.235519,35.058365,38.152893,36.193634,31.876862,30.856033,30.228882,35.168228,32.101166,30.503548,31.469444,30.517281,35.195694,3545769.7,-0.0045776367,-0.0045776367,-0.0045776367,-0.0045776367,-0.0045776367,-0.0045776367,-0.0045776367,-0.0045776367,-0.0045776367,-0.0045776367,-0.0045776367,-0.0045776367,-0.0045776367,0.68206787,2.0553894,1.4786072,0.37994385,-0.3616333,-0.0045776367,-0.0045776367,-0.0045776367,-0.0045776367,-0.0045776367,-0.0045776367,3545769.7
3636529011712,16.33921,0,34.756241,33.126572,32.513161,30.860611,32.348366,33.117416,34.138245,33.501945,32.957199,30.302132,32.65049,32.504005,37.392998,39.681847,35.767914,33.533989,32.334633,32.270546,38.477913,34.481575,33.685051,33.543144,32.655067,38.628975,3545789.7,31.886017,29.880981,29.455254,28.841843,29.180588,29.359123,31.510643,30.32502,29.780273,28.233002,29.711601,29.240097,35.062943,38.166626,36.193634,31.858551,30.856033,30.238037,35.227737,32.101166,30.489815,31.474022,30.521858,35.200272,3545789.7,-0.0045776367,-0.0045776367,-0.0045776367,-0.0045776367,-0.0045776367,-0.0045776367,-0.0045776367,-0.0045776367,-0.0045776367,-0.0045776367,-0.0045776367,-0.0045776367,-0.0045776367,0.39825439,1.8905945,0.9475708,0.28839111,-0.068664551,-0.0045776367,-0.0045776367,-0.0045776367,-0.0045776367,-0.0045776367,-0.0045776367,3545789.7
3636549168000,16.359367,0,34.751663,33.126572,32.513161,30.865189,32.343788,33.126572,34.138245,33.497368,32.961777,30.297554,32.645912,32.504005,37.397575,39.677269,35.767914,33.533989,32.339211,32.270546,38.477913,34.481575,33.685051,33.547722,32.659645,38.633553,3545809.7,31.872284,29.885559,29.427788,28.841843,29.180588,29.354546,31.492332,30.315865,29.794006,28.228424,29.725334,29.226364,35.062943,38.148315,36.193634,31.876862,30.851456,30.247192,35.191116,32.101166,30.485237,31.4786,30.517281,35.204849,3545809.7,-0.0045776367,-0.0045776367,-0.0045776367,-0.0045776367,-0.0045776367,-0.0045776367,-0.0045776367,-0.0045776367,-0.0045776367,-0.0045776367,-0.0045776367,-0.0045776367,-0.0045776367,0.80108643,1.9272156,1.1581726,0.37994385,-0.29754639,-0.0045776367,-0.0045776367,-0.0045776367,-0.0045776367,-0.0045776367,-0.0045776367,3545809.7
3636568997344,16.379196,0,34.756241,33.131149,32.517738,30.865189,32.343788,33.121994,34.142822,33.501945,32.957199,30.297554,32.65049,32.508583,37.402153,39.677269,35.763336,33.538567,32.343788,32.275124,38.477913,34.481575,33.689629,33.543144,32.659645,38.628975,3545829.7,31.886017,29.871826,29.432365,28.837265,29.198898,29.363701,31.515221,30.32502,29.789429,28.233002,29.729912,29.235519,35.053787,38.157471,36.193634,31.867706,30.856033,30.228882,35.195694,32.096588,30.49897,31.460289,30.512703,35.204849,3545829.7,-0.0045776367,-0.0045776367,-0.0045776367,-0.0045776367,-0.0045776367,-0.0045776367,-0.0045776367,-0.0045776367,-0.0045776367,-0.0045776367,-0.0045776367,-0.0045776367,-0.0045776367,0.37994385,1.8814392,1.2131042,0.45318604,-0.086975098,-0.0045776367,-0.0045776367,-0.0045776367,-0.0045776367,-0.0045776367,-0.0045776367,3545829.7
3636589016352,16.399215,0,34.751663,33.126572,32.522316,30.865189,32.339211,33.121994,34.142822,33.501945,32.961777,30.302132,32.65049,32.504005,37.397575,39.677269,35.763336,33.533989,32.339211,32.275124,38.473335,34.481575,33.689629,33.547722,32.659645,38.63813,3545849.7,31.890594,29.871826,29.441521,28.82811,29.180588,29.368279,31.506065,30.32502,29.789429,28.233002,29.711601,29.235519,35.058365,38.162048,36.193634,31.863129,30.8423,30.224304,35.195694,32.110321,30.489815,31.469444,30.512703,35.200272,3545849.7,-0.0045776367,-0.0045776367,-0.0045776367,-0.0045776367,-0.0045776367,-0.0045776367,-0.0045776367,-0.0045776367,-0.0045776367,-0.0045776367,-0.0045776367,-0.0045776367,-0.0045776367,0.61798096,2.3849792,0.99334717,1.0757751,-0.26092529,-0.0045776367,-0.0045776367,-0.0045776367,-0.0045776367,-0.0045776367,-0.0045776367,3545849.7
3636609001856,16.4192,0,34.751663,33.131149,32.517738,30.865189,32.339211,33.126572,34.138245,33.501945,32.957199,30.297554,32.65049,32.504005,37.397575,39.681847,35.767914,33.538567,32.330055,32.275124,38.473335,34.481575,33.680473,33.547722,32.65049,38.633553,3545869.7,31.876862,29.885559,29.427788,28.841843,29.194321,29.363701,31.506065,30.315865,29.784851,28.210114,29.716179,29.235519,35.040054,38.13916,36.193634,31.881439,30.865189,30.242615,35.191116,32.101166,30.508125,31.474022,30.526436,35.200272,3545869.7,-0.0045776367,-0.0045776367,-0.0045776367,-0.0045776367,-0.0045776367,-0.0045776367,-0.0045776367,-0.0045776367,-0.0045776367,-0.0045776367,-0.0045776367,-0.0045776367,-0.0045776367,1.1307068,2.6596375,1.0391541,1.2863464,0.04119873,-0.0045776367,-0.0045776367,-0.0045776367,-0.0045776367,-0.0045776367,-0.0045776367,3545869.7
3636628999936,16.439199,0,34.756241,33.131149,32.517738,30.860611,32.348366,33.121994,34.138245,33.497368,32.961777,30.302132,32.65049,32.508583,37.392998,39.681847,35.758759,33.543144,32.334633,32.275124,38.473335,34.476997,33.689629,33.547722,32.655067,38.633553,3545889.7,31.876862,29.880981,29.450676,28.832687,29.185165,29.359123,31.510643,30.311287,29.794006,28.219269,29.711601,29.230942,35.06752,38.162048,36.157013,31.872284,30.860611,30.233459,35.191116,32.096588,30.471504,31.469444,30.517281,35.200272,3545889.7,-0.0045776367,-0.0045776367,-0.0045776367,-0.0045776367,-0.0045776367,-0.0045776367,-0.0045776367,-0.0045776367,-0.0045776367,-0.0045776367,-0.0045776367,-0.0045776367,-0.0045776367,0.86517334,2.6413269,1.1490173,1.1215515,-0.14190674,-0.0045776367,-0.0045776367,-0.0045776367,-0.0045776367,-0.0045776367,-0.0045776367,3545889.7
3636648973088,16.459172,0,34.756241,33.131149,32.517738,30.860611,32.343788,33.121994,34.138245,33.501945,32.952621,30.297554,32.645912,32.504005,37.406731,39.677269,35.767914,33.538567,32.334633,32.275124,38.473335,34.481575,33.694206,33.547722,32.65049,38.628975,3545909.7,31.881439,29.880981,29.441521,28.832687,29.198898,29.363701,31.492332,30.320442,29.780273,28.233002,29.711601,29.226364,35.040054,38.157471,36.166168,31.881439,30.851456,30.247192,35.200272,32.101166,30.494392,31.464867,30.517281,35.186539,3545909.7,-0.0045776367,-0.0045776367,-0.0045776367,-0.0045776367,-0.0045776367,-0.0045776367,-0.0045776367,-0.0045776367,-0.0045776367,-0.0045776367,-0.0045776367,-0.0045776367,-0.0045776367,0.90179443,2.8152771,0.91094971,0.8102417,-0.059509277,-0.0045776367,-0.0045776367,-0.0045776367,-0.0045776367,-0.0045776367,-0.0045776367,3545909.7
3636668995648,16.479194,0,34.756241,33.126572,32.513161,30.865189,32.343788,33.117416,34.142822,33.497368,32.957199,30.302132,32.641335,32.508583,37.397575,39.691002,35.763336,33.543144,32.339211,32.275124,38.473335,34.481575,33.694206,33.552299,32.659645,38.628975,3545929.7,31.872284,29.885559,29.441521,28.84642,29.180588,29.382011,31.492332,30.315865,29.794006,28.233002,29.707024,29.249252,35.06752,38.134583,36.184479,31.881439,30.869766,30.238037,35.195694,32.096588,30.508125,31.474022,30.517281,35.204849,3545929.7,-0.0045776367,-0.0045776367,-0.0045776367,-0.0045776367,-0.0045776367,-0.0045776367,-0.0045776367,-0.0045776367,-0.0045776367,-0.0045776367,-0.0045776367,-0.0045776367,-0.0045776367,0.78277588,2.8152771,0.42572021,1.0940857,-1.0116882,-0.0045776367,-0.0045776367,-0.0045776367,-0.0045776367,-0.0045776367,-0.0045776367,3545929.7
3636688977824,16.499176,0,34.756241,33.126572,32.513161,30.860611,32.339211,33.117416,34.138245,33.497368,32.961777,30.297554,32.641335,32.513161,37.402153,39.686424,35.772491,33.533989,32.334633,32.279701,38.477913,34.486153,33.689629,33.543144,32.65049,38.628975,3545949.7,31.881439,29.867249,29.436943,28.82811,29.180588,29.372856,31.515221,30.292976,29.789429,28.223846,29.711601,29.221786,35.06752,38.171204,36.184479,31.872284,30.856033,30.242615,35.186539,32.096588,30.494392,31.4786,30.517281,35.209427,3545949.7,-0.0045776367,-0.0045776367,-0.0045776367,-0.0045776367,-0.0045776367,-0.0045776367,-0.0045776367,-0.0045776367,-0.0045776367,-0.0045776367,-0.0045776367,-0.0045776367,-0.0045776367,0.4989624,3.2272949,0.27923584,0.95672607,-0.15106201,-0.0045776367,-0.0045776367,-0.0045776367,-0.0045776367,-0.0045776367,-0.0045776367,3545949.7
3636709085472,16.519284,0,34.756241,33.121994,32.522316,30.860611,32.339211,33.112839,34.138245,33.49279,32.961777,30.302132,32.641335,32.499428,37.392998,39.691002,35.767914,33.543144,32.334633,32.275124,38.473335,34.481575,33.685051,33.547722,32.65049,38.628975,3545969.7,31.881439,29.885559,29.436943,28.832687,29.194321,29.386589,31.501488,30.329597,29.784851,28.237579,29.702446,29.221786,35.04921,38.148315,36.175323,31.881439,30.851456,30.242615,35.191116,32.101166,30.471504,31.464867,30.517281,35.200272,3545969.7,-0.0045776367,-0.0045776367,-0.0045776367,-0.0045776367,-0.0045776367,-0.0045776367,-0.0045776367,-0.0045776367,-0.0045776367,-0.0045776367,-0.0045776367,-0.0045776367,-0.0045776367,0.6729126,3.1448975,0.33416748,0.95672607,-0.35247803,-0.0045776367,-0.0045776367,-0.0045776367,-0.0045776367,-0.0045776367,-0.0045776367,3545969.7
3636728995520,16.539194,0,34.756241,33.126572,32.517738,30.865189,32.348366,33.117416,34.138245,33.501945,32.957199,30.292976,32.641335,32.504005,37.402153,39.686424,35.772491,33.543144,32.334633,32.279701,38.473335,34.476997,33.685051,33.543144,32.655067,38.628975,3545989.7,31.890594,29.890137,29.436943,28.84642,29.17601,29.363701,31.49691,30.311287,29.794006,28.219269,29.716179,29.230942,35.062943,38.162048,36.175323,31.881439,30.851456,30.247192,35.195694,32.096588,30.503548,31.455711,30.512703,35.204849,3545989.7,-0.0045776367,-0.0045776367,-0.0045776367,-0.0045776367,-0.0045776367,-0.0045776367,-0.0045776367,-0.0045776367,-0.0045776367,-0.0045776367,-0.0045776367,-0.0045776367,-0.0045776367,0.37078857,3.3005371,-0.050354004,0.40740967,-0.48065186,-0.0045776367,-0.0045776367,-0.0045776367,-0.0045776367,-0.0045776367,-0.0045776367,3545989.7
3636749098272,16.559297,0,34.756241,33.126572,32.513161,30.865189,32.339211,33.117416,34.133667,33.497368,32.957199,30.302132,32.641335,32.508583,37.402153,39.686424,35.758759,33.538567,32.334633,32.279701,38.473335,34.476997,33.689629,33.543144,32.65049,38.628975,3546009.7,31.890594,29.862671,29.42321,28.841843,29.180588,29.368279,31.510643,30.306709,29.794006,28.219269,29.702446,29.221786,35.062943,38.162048,36.175323,31.890594,30.869766,30.233459,35.204849,32.09201,30.476082,31.469444,30.535591,35.191116,3546009.7,-0.0045776367,-0.0045776367,-0.0045776367,-0.0045776367,-0.0045776367,-0.0045776367,-0.0045776367,-0.0045776367,-0.0045776367,-0.0045776367,-0.0045776367,-0.0045776367,-0.0045776367,0.9475708,3.5751953,0.077819824,0.18768311,-0.33416748,-0.0045776367,-0.0045776367,-0.0045776367,-0.0045776367,-0.0045776367,-0.0045776367,3546009.7
3636768963552,16.579162,0,34.751663,33.126572,32.517738,30.856033,32.343788,33.117416,34.138245,33.501945,32.966354,30.302132,32.641335,32.504005,37.402153,39.681847,35.763336,33.538567,32.334633,32.284279,38.473335,34.481575,33.689629,33.543144,32.655067,38.633553,3546029.7,31.876862,29.876404,29.436943,28.837265,29.171432,29.359123,31.510643,30.32502,29.789429,28.219269,29.711601,29.235519,35.04921,38.162048,36.157013,31.867706,30.892654,30.238037,35.209427,32.105743,30.489815,31.455711,30.49897,35.186539,3546029.7,-0.0045776367,-0.0045776367,-0.0045776367,-0.0045776367,-0.0045776367,-0.0045776367,-0.0045776367,-0.0045776367,-0.0045776367,-0.0045776367,-0.0045776367,-0.0045776367,-0.0045776367,0.29754639,2.6596375,0.15106201,0.04119873,-0.37994385,-0.0045776367,-0.0045776367,-0.0045776367,-0.0045776367,-0.0045776367,-0.0045776367,3546029.7
3636789017952,16.599217,0,34.747078,33.126572,32.517738,30.860611,32.343788,33.117416,34.138245,33.497368,32.961777,30.297554,32.645912,32.513161,37.397575,39.681847,35.763336,33.538567,32.334633,32.279701,38.468758,34.481575,33.685051,33.547722,32.659645,38.628975,3546049.7,31.881439,29.876404,29.450676,28.841843,29.180588,29.354546,31.506065,30.315865,29.794006,28.228424,29.702446,29.226364,35.058365,38.162048,36.138702,31.863129,30.860611,30.233459,35.181961,32.087433,30.494392,31.4786,30.503548,35.186539,3546049.7,-0.0045776367,-0.0045776367,-0.0045776367,-0.0045776367,-0.0045776367,-0.0045776367,-0.0045776367,-0.0045776367,-0.0045776367,-0.0045776367,-0.0045776367,-0.0045776367,-0.0045776367,0.43487549,2.9342957,0.35247803,-0.61798096,-0.59967041,-0.0045776367,-0.0045776367,-0.0045776367,-0.0045776367,-0.0045776367,-0.0045776367,3546049.7
3636808980032,16.619179,0,34.756241,33.126572,32.513161,30.856033,32.343788,33.121994,34.138245,33.497368,32.966354,30.302132,32.645912,32.504005,37.397575,39.691002,35.767914,33.543144,32.339211,32.275124,38.477913,34.481575,33.685051,33.543144,32.645912,38.633553,3546069.7,31.872284,29.871826,29.436943,28.832687,29.189743,29.372856,31.49691,30.32502,29.798584,28.237579,29.711601,29.230942,35.035477,38.162048,36.14328,31.881439,30.865189,30.219727,35.200272,32.101166,30.503548,31.4786,30.521858,35.191116,3546069.7,-0.0045776367,-0.0045776367,-0.0045776367,-0.0045776367,-0.0045776367,-0.0045776367,-0.0045776367,-0.0045776367,-0.0045776367,-0.0045776367,-0.0045776367,-0.0045776367,-0.0045776367,0.76446533,1.7715759,0.3616333,-0.90179443,-0.32501221,-0.0045776367,-0.0045776367,-0.0045776367,-0.0045776367,-0.0045776367,-0.0045776367,3546069.7
3636828962816,16.639161,0,34.751663,33.126572,32.522316,30.865189,32.343788,33.121994,34.138245,33.49279,32.957199,30.306709,32.641335,32.504005,37.392998,39.686424,35.763336,33.543144,32.339211,32.275124,38.473335,34.481575,33.689629,33.547722,32.655067,38.628975,3546089.7,31.886017,29.880981,29.441521,28.850998,29.185165,29.363701,31.49691,30.329597,29.789429,28.219269,29.720757,29.240097,35.076675,38.171204,36.14328,31.881439,30.865189,30.233459,35.195694,32.105743,30.489815,31.460289,30.508125,35.204849,3546089.7,-0.0045776367,-0.0045776367,-0.0045776367,-0.0045776367,-0.0045776367,-0.0045776367,-0.0045776367,-0.0045776367,-0.0045776367,-0.0045776367,-0.0045776367,-0.0045776367,-0.0045776367,0.41656494,1.7441101,0.2243042,-0.70953369,-0.58135986,-0.0045776367,-0.0045776367,-0.0045776367,-0.0045776367,-0.0045776367,-0.0045776367,3546089.7
3636848973056,16.659172,0,34.751663,33.126572,32.513161,30.869766,32.348366,33.126572,34.138245,33.497368,32.957199,30.302132,32.655067,32.508583,37.392998,39.681847,35.772491,33.543144,32.339211,32.275124,38.473335,34.481575,33.685051,33.547722,32.655067,38.628975,3546109.7,31.886017,29.885559,29.464409,28.841843,29.185165,29.382011,31.506065,30.320442,29.784851,28.223846,29.716179,29.240097,35.06752,38.171204,36.152435,31.886017,30.860611,30.224304,35.195694,32.101166,30.485237,31.455711,30.508125,35.195694,3546109.7,-0.0045776367,-0.0045776367,-0.0045776367,-0.0045776367,-0.0045776367,-0.0045776367,-0.0045776367,-0.0045776367,-0.0045776367,-0.0045776367,-0.0045776367,-0.0045776367,-0.0045776367,0.24261475,-0.10528564,0.56304932,-0.73699951,-0.55389404,-0.0045776367,-0.0045776367,-0.0045776367,-0.0045776367,-0.0045776367,-0.0045776367,3546109.7
3636868994688,16.679193,0,34.756241,33.126572,32.513161,30.860611,32.343788,33.117416,34.142822,33.497368,32.952621,30.297554,32.645912,32.504005,37.397575,39.686424,35.763336,33.543144,32.330055,32.275124,38.477913,34.481575,33.694206,33.543144,32.655067,38.628975,3546129.7,31.895172,29.885559,29.432365,28.832687,29.185165,29.372856,31.483177,30.306709,29.794006,28.214691,29.716179,29.249252,35.062943,38.166626,36.152435,31.867706,30.865189,30.233459,35.200272,32.096588,30.49897,31.474022,30.526436,35.195694,3546129.7,-0.0045776367,-0.0045776367,-0.0045776367,-0.0045776367,-0.0045776367,-0.0045776367,-0.0045776367,-0.0045776367,-0.0045776367,-0.0045776367,-0.0045776367,-0.0045776367,-0.0045776367,0.59051514,-2.0462341,0.4989624,-0.050354004,-0.022888184,-0.0045776367,-0.0045776367,-0.0045776367,-0.0045776367,-0.0045776367,-0.0045776367,3546129.7
3636888951680,16.69915,0,34.756241,33.126572,32.513161,30.865189,32.343788,33.112839,34.142822,33.501945,32.952621,30.297554,32.645912,32.504005,37.392998,39.686424,35.763336,33.538567,32.334633,32.270546,38.473335,34.481575,33.685051,33.547722,32.659645,38.624397,3546149.7,31.890594,29.880981,29.450676,28.841843,29.194321,29.363701,31.492332,30.315865,29.798584,28.223846,29.711601,29.230942,35.04921,38.184937,36.152435,31.886017,30.874344,30.224304,35.186539,32.110321,30.503548,31.4786,30.517281,35.177383,3546149.7,-0.0045776367,-0.0045776367,-0.0045776367,-0.0045776367,-0.0045776367,-0.0045776367,-0.0045776367,-0.0045776367,-0.0045776367,-0.0045776367,-0.0045776367,-0.0045776367,-0.0045776367,0.21514893,-3.3096924,0.82855225,-0.096130371,0.21514893,-0.0045776367,-0.0045776367,-0.0045776367,-0.0045776367,-0.0045776367,-0.0045776367,3546149.7
3636909023616,16.719222,0,34.751663,33.126572,32.513161,30.869766,32.348366,33.117416,34.133667,33.506523,32.957199,30.302132,32.645912,32.508583,37.392998,39.686424,35.758759,33.538567,32.334633,32.275124,38.477913,34.476997,33.689629,33.547722,32.655067,38.633553,3546169.7,31.890594,29.876404,29.459831,28.841843,29.185165,29.363701,31.492332,30.315865,29.798584,28.223846,29.716179,29.226364,35.076675,38.166626,36.138702,31.886017,30.865189,30.233459,35.191116,32.09201,30.49897,31.464867,30.531013,35.186539,3546169.7,-0.0045776367,-0.0045776367,-0.0045776367,-0.0045776367,-0.0045776367,-0.0045776367,-0.0045776367,-0.0045776367,-0.0045776367,-0.0045776367,-0.0045776367,-0.0045776367,-0.0045776367,0.12359619,-5.3330383,0.42572021,-0.11444092,-0.022888184,-0.0045776367,-0.0045776367,-0.0045776367,-0.0045776367,-0.0045776367,-0.0045776367,3546169.7
3636928972480,16.739171,0,34.756241,33.126572,32.522316,30.865189,32.343788,33.117416,34.138245,33.497368,32.957199,30.292976,32.641335,32.504005,37.402153,39.686424,35.758759,33.538567,32.334633,32.275124,38.473335,34.486153,33.689629,33.547722,32.65049,38.628975,3546189.7,31.886017,29.876404,29.418633,28.855576,29.180588,29.368279,31.492332,30.329597,29.803162,28.219269,29.707024,29.230942,35.062943,38.166626,36.124969,31.89975,30.860611,30.242615,35.200272,32.096588,30.485237,31.469444,30.517281,35.195694,3546189.7,-0.0045776367,-0.0045776367,-0.0045776367,-0.0045776367,-0.0045776367,-0.0045776367,-0.0045776367,-0.0045776367,-0.0045776367,-0.0045776367,-0.0045776367,-0.0045776367,-0.0045776367,-0.38909912,-6.39505,0.26092529,-0.39825439,0.16937256,-0.0045776367,-0.0045776367,-0.0045776367,-0.0045776367,-0.0045776367,-0.0045776367,3546189.7
3636949181440,16.75938,0,34.756241,33.126572,32.517738,30.865189,32.343788,33.117416,34.138245,33.497368,32.961777,30.297554,32.655067,32.508583,37.397575,39.686424,35.763336,33.543144,32.334633,32.279701,38.473335,34.481575,33.685051,33.547722,32.659645,38.633553,3546209.7,31.876862,29.885559,29.446098,28.84642,29.194321,29.354546,31.492332,30.32502,29.803162,28.233002,29.711601,29.230942,35.072098,38.171204,36.152435,31.876862,30.865189,30.242615,35.191116,32.096588,30.49897,31.483177,30.512703,35.186539,3546209.7,-0.0045776367,-0.0045776367,-0.0045776367,-0.0045776367,-0.0045776367,-0.0045776367,-0.0045776367,-0.0045776367,-0.0045776367,-0.0045776367,-0.0045776367,-0.0045776367,-0.0045776367,-1.8356628,-8.317688,-0.92010498,-0.050354004,0.21514893,-0.0045776367,-0.0045776367,-0.0045776367,-0.0045776367,-0.0045776367,-0.0045776367,3546209.7
3636968983680,16.779182,0,34.751663,33.126572,32.517738,30.865189,32.334633,33.117416,34.142822,33.497368,32.966354,30.297554,32.645912,32.508583,37.397575,39.686424,35.763336,33.538567,32.339211,32.270546,38.482491,34.486153,33.694206,33.543144,32.655067,38.628975,3546229.7,31.886017,29.880981,29.441521,28.841843,29.203476,29.372856,31.510643,30.320442,29.803162,28.233002,29.711601,29.240097,35.026321,38.180359,36.134125,31.867706,30.846878,30.219727,35.181961,32.105743,30.503548,31.455711,30.521858,35.195694,3546229.7,-0.0045776367,-0.0045776367,-0.0045776367,-0.0045776367,-0.0045776367,-0.0045776367,-0.0045776367,-0.0045776367,-0.0045776367,-0.0045776367,-0.0045776367,-0.0045776367,-0.0045776367,-0.45318604,-9.1600037,-1.5884705,-0.21514893,0.032043457,-0.0045776367,-0.0045776367,-0.0045776367,-0.0045776367,-0.0045776367,-0.0045776367,3546229.7
3636988963616,16.799162,0,34.760818,33.131149,32.513161,30.860611,32.343788,33.112839,34.138245,33.497368,32.957199,30.292976,32.645912,32.513161,37.402153,39.681847,35.758759,33.529411,32.334633,32.275124,38.477913,34.481575,33.689629,33.552299,32.655067,38.63813,3546249.7,31.895172,29.880981,29.436943,28.850998,29.189743,29.368279,31.501488,30.320442,29.789429,28.242157,29.711601,29.230942,35.04921,38.152893,36.161591,31.858551,30.869766,30.224304,35.172806,32.110321,30.49897,31.4786,30.512703,35.200272,3546249.7,-0.0045776367,-0.0045776367,-0.0045776367,-0.0045776367,-0.0045776367,-0.0045776367,-0.0045776367,-0.0045776367,-0.0045776367,-0.0045776367,-0.0045776367,-0.0045776367,-0.0045776367,-2.7511902,-9.6452332,-2.174408,-0.24261475,0.032043457,-0.0045776367,-0.0045776367,-0.0045776367,-0.0045776367,-0.0045776367,-0.0045776367,3546249.7
3637009017440,16.819216,0,34.760818,33.126572,32.513161,30.865189,32.343788,33.121994,34.133667,33.506523,32.957199,30.297554,32.645912,32.499428,37.392998,39.686424,35.758759,33.538567,32.334633,32.275124,38.477913,34.481575,33.689629,33.552299,32.65049,38.628975,3546269.7,31.890594,29.885559,29.441521,28.841843,29.185165,29.368279,31.515221,30.32502,29.798584,28.223846,29.716179,29.226364,35.06752,38.198669,36.129547,31.876862,30.860611,30.247192,35.195694,32.114899,30.49897,31.446556,30.531013,35.181961,3546269.7,-0.0045776367,-0.0045776367,-0.0045776367,-0.0045776367,-0.0045776367,-0.0045776367,-0.0045776367,-0.0045776367,-0.0045776367,-0.0045776367,-0.0045776367,-0.0045776367,-0.0045776367,-3.0899658,-10.249481,-2.1560974,-0.24261475,-0.16021729,-0.0045776367,-0.0045776367,-0.0045776367,-0.0045776367,-0.0045776367,-0.0045776367,3546269.7
3637028997568,16.839196,0,34.756241,33.131149,32.522316,30.865189,32.343788,33.121994,34.142822,33.501945,32.957199,30.297554,32.645912,32.508583,37.397575,39.691002,35.758759,33.543144,32.330055,32.279701,38.473335,34.481575,33.685051,33.547722,32.659645,38.633553,3546289.7,31.886017,29.876404,29.446098,28.84642,29.180588,29.349968,31.487755,30.320442,29.798584,28.233002,29.707024,29.235519,35.062943,38.175781,36.134125,31.863129,30.856033,30.233459,35.204849,32.119476,30.480659,31.4786,30.512703,35.191116,3546289.7,-0.0045776367,-0.0045776367,-0.0045776367,-0.0045776367,-0.0045776367,-0.0045776367,-0.0045776367,-0.0045776367,-0.0045776367,-0.0045776367,-0.0045776367,-0.0045776367,-0.0045776367,-3.9414062,-10.341034,-2.6687927,-0.43487549,-0.13275146,-0.0045776367,-0.0045776367,-0.0045776367,-0.0045776367,-0.0045776367,-0.0045776367,3546289.7
3637048949984,16.859149,0,34.751663,33.131149,32.517738,30.869766,32.352943,33.121994,34.142822,33.501945,32.961777,30.297554,32.641335,32.508583,37.392998,39.681847,35.763336,33.538567,32.330055,32.275124,38.477913,34.476997,33.689629,33.552299,32.655067,38.628975,3546309.7,31.890594,29.880981,29.432365,28.832687,29.194321,29.391167,31.492332,30.320442,29.798584,28.233002,29.720757,29.235519,35.076675,38.198669,36.134125,31.881439,30.8423,30.238037,35.177383,32.096588,30.49897,31.464867,30.512703,35.214005,3546309.7,-0.0045776367,-0.0045776367,-0.0045776367,-0.0045776367,-0.0045776367,-0.0045776367,-0.0045776367,-0.0045776367,-0.0045776367,-0.0045776367,-0.0045776367,-0.0045776367,-0.0045776367,-4.7104492,-9.9565125,-3.6484375,-0.33416748,-0.28839111,-0.0045776367,-0.0045776367,-0.0045776367,-0.0045776367,-0.0045776367,-0.0045776367,3546309.7
3637068971520,16.87917,0,34.756241,33.131149,32.522316,30.865189,32.343788,33.121994,34.142822,33.497368,32.961777,30.297554,32.641335,32.504005,37.397575,39.686424,35.763336,33.533989,32.334633,32.275124,38.473335,34.476997,33.694206,33.543144,32.65049,38.628975,3546329.7,31.886017,29.862671,29.450676,28.841843,29.194321,29.368279,31.510643,30.315865,29.780273,28.237579,29.711601,29.230942,35.072098,38.171204,36.14328,31.881439,30.8423,30.238037,35.204849,32.101166,30.485237,31.4786,30.49897,35.168228,3546329.7,-0.0045776367,-0.0045776367,-0.0045776367,-0.0045776367,-0.0045776367,-0.0045776367,-0.0045776367,-0.0045776367,-0.0045776367,-0.0045776367,-0.0045776367,-0.0045776367,-0.0045776367,-4.4724121,-9.370575,-3.7033691,-0.85601807,-0.050354004,-0.0045776367,-0.0045776367,-0.0045776367,-0.0045776367,-0.0045776367,-0.0045776367,3546329.7
3637088956960,16.899156,0,34.751663,33.126572,32.517738,30.860611,32.343788,33.126572,34.138245,33.511101,32.961777,30.297554,32.645912,32.504005,37.402153,39.686424,35.763336,33.547722,32.339211,32.275124,38.473335,34.486153,33.689629,33.547722,32.65049,38.633553,3546349.7,31.890594,29.880981,29.436943,28.84642,29.180588,29.363701,31.501488,30.315865,29.798584,28.228424,29.702446,29.230942,35.06752,38.180359,36.138702,31.886017,30.860611,30.238037,35.195694,32.110321,30.489815,31.483177,30.531013,35.200272,3546349.7,-0.0045776367,-0.0045776367,-0.0045776367,-0.0045776367,-0.0045776367,-0.0045776367,-0.0045776367,-0.0045776367,-0.0045776367,-0.0045776367,-0.0045776367,-0.0045776367,-0.0045776367,-4.637207,-9.3797302,-3.7949219,-1.2680359,-0.01373291,-0.0045776367,-0.0045776367,-0.0045776367,-0.0045776367,-0.0045776367,-0.0045776367,3546349.7
3637108961312,16.91916,0,34.751663,33.121994,32.522316,30.865189,32.334633,33.112839,34.138245,33.501945,32.961777,30.302132,32.641335,32.504005,37.402153,39.691002,35.758759,33.538567,32.330055,32.275124,38.473335,34.476997,33.689629,33.543144,32.655067,38.633553,3546369.7,31.876862,29.876404,29.441521,28.84642,29.185165,29.377434,31.492332,30.329597,29.784851,28.228424,29.720757,29.226364,35.058365,38.180359,36.134125,31.886017,30.860611,30.242615,35.218582,32.087433,30.508125,31.455711,30.508125,35.181961,3546369.7,-0.0045776367,-0.0045776367,-0.0045776367,-0.0045776367,-0.0045776367,-0.0045776367,-0.0045776367,-0.0045776367,-0.0045776367,-0.0045776367,-0.0045776367,-0.0045776367,-0.0045776367,-5.122467,-9.2790222,-3.3280029,-1.4602966,-0.46234131,-0.0045776367,-0.0045776367,-0.0045776367,-0.0045776367,-0.0045776367,-0.0045776367,3546369.7
3637129066912,16.939266,0,34.756241,33.126572,32.517738,30.865189,32.348366,33.117416,34.133667,33.497368,32.957199,30.302132,32.65049,32.508583,37.397575,39.686424,35.758759,33.543144,32.330055,32.279701,38.473335,34.481575,33.689629,33.547722,32.659645,38.63813,3546389.7,31.886017,29.885559,29.432365,28.850998,29.171432,29.363701,31.501488,30.329597,29.784851,28.219269,29.711601,29.226364,35.058365,38.171204,36.129547,31.890594,30.856033,30.242615,35.195694,32.114899,30.480659,31.469444,30.517281,35.181961,3546389.7,-0.0045776367,-0.0045776367,-0.0045776367,-0.0045776367,-0.0045776367,-0.0045776367,-0.0045776367,-0.0045776367,-0.0045776367,-0.0045776367,-0.0045776367,-0.0045776367,-0.0045776367,-4.7104492,-8.7296753,-3.4470215,-1.4145203,-0.3616333,-0.0045776367,-0.0045776367,-0.0045776367,-0.0045776367,-0.0045776367,-0.0045776367,3546389.7
3637149156160,16.959355,0,34.756241,33.126572,32.513161,30.860611,32.348366,33.121994,34.138245,33.511101,32.961777,30.297554,32.641335,32.504005,37.397575,39.691002,35.767914,33.543144,32.339211,32.275124,38.473335,34.481575,33.694206,33.552299,32.645912,38.633553,3546409.7,31.890594,29.880981,29.432365,28.837265,29.180588,29.359123,31.515221,30.329597,29.794006,28.228424,29.702446,29.226364,35.072098,38.189514,36.120392,31.890594,30.837723,30.233459,35.191116,32.105743,30.503548,31.464867,30.508125,35.209427,3546409.7,-0.0045776367,-0.0045776367,-0.0045776367,-0.0045776367,-0.0045776367,-0.0045776367,-0.0045776367,-0.0045776367,-0.0045776367,-0.0045776367,-0.0045776367,-0.0045776367,-0.0045776367,-4.4998779,-7.7409058,-3.1082764,-1.8631287,-0.32501221,-0.0045776367,-0.0045776367,-0.0045776367,-0.0045776367,-0.0045776367,-0.0045776367,3546409.7
3637168951328,16.97915,0,34.756241,33.126572,32.522316,30.865189,32.339211,33.121994,34.138245,33.497368,32.961777,30.297554,32.645912,32.508583,37.397575,39.691002,35.758759,33.538567,32.339211,32.275124,38.473335,34.481575,33.694206,33.547722,32.655067,38.628975,3546429.7,31.890594,29.880981,29.446098,28.84642,29.185165,29.363701,31.515221,30.306709,29.803162,28.233002,29.720757,29.235519,35.062943,38.189514,36.124969,31.886017,30.860611,30.242615,35.209427,32.105743,30.494392,31.451134,30.489815,35.186539,3546429.7,-0.0045776367,-0.0045776367,-0.0045776367,-0.0045776367,-0.0045776367,-0.0045776367,-0.0045776367,-0.0045776367,-0.0045776367,-0.0045776367,-0.0045776367,-0.0045776367,-0.0045776367,-4.0146484,-7.1549683,-2.8702087,-1.8448181,0.11444092,-0.0045776367,-0.0045776367,-0.0045776367,-0.0045776367,-0.0045776367,-0.0045776367,3546429.7
3637188978496,16.999177,0,34.751663,33.126572,32.522316,30.860611,32.343788,33.117416,34.138245,33.501945,32.961777,30.297554,32.65049,32.504005,37.397575,39.691002,35.763336,33.547722,32.334633,32.270546,38.477913,34.481575,33.689629,33.547722,32.655067,38.624397,3546449.7,31.872284,29.876404,29.446098,28.841843,29.171432,29.368279,31.492332,30.338753,29.794006,28.228424,29.716179,29.235519,35.053787,38.198669,36.138702,31.890594,30.865189,30.247192,35.214005,32.105743,30.503548,31.451134,30.517281,35.191116,3546449.7,-0.0045776367,-0.0045776367,-0.0045776367,-0.0045776367,-0.0045776367,-0.0045776367,-0.0045776367,-0.0045776367,-0.0045776367,-0.0045776367,-0.0045776367,-0.0045776367,-0.0045776367,-3.5019531,-6.2851868,-2.2568054,-1.9363708,-0.46234131,-0.0045776367,-0.0045776367,-0.0045776367,-0.0045776367,-0.0045776367,-0.0045776367,3546449.7
3637208956800,17.019155,0,34.751663,33.126572,32.513161,30.860611,32.339211,33.121994,34.1474,33.497368,32.961777,30.292976,32.645912,32.513161,37.397575,39.691002,35.763336,33.547722,32.334633,32.270546,38.477913,34.486153,33.694206,33.547722,32.655067,38.633553,3546469.7,31.886017,29.880981,29.450676,28.837265,29.17601,29.359123,31.506065,30.315865,29.784851,28.242157,29.729912,29.230942,35.06752,38.189514,36.120392,31.890594,30.865189,30.247192,35.195694,32.119476,30.503548,31.464867,30.503548,35.209427,3546469.7,-0.0045776367,-0.0045776367,-0.0045776367,-0.0045776367,-0.0045776367,-0.0045776367,-0.0045776367,-0.0045776367,-0.0045776367,-0.0045776367,-0.0045776367,-0.0045776367,-0.0045776367,-2.3849792,-5.6626282,-2.3666687,-1.6983337,-0.28839111,-0.0045776367,-0.0045776367,-0.0045776367,-0.0045776367,-0.0045776367,-0.0045776367,3546469.7
3637228947136,17.039146,0,34.751663,33.131149,32.517738,30.865189,32.343788,33.121994,34.138245,33.497368,32.952621,30.297554,32.65049,32.508583,37.402153,39.686424,35.763336,33.547722,32.334633,32.270546,38.473335,34.481575,33.685051,33.538567,32.65049,38.628975,3546489.7,31.886017,29.890137,29.432365,28.84642,29.198898,29.377434,31.510643,30.320442,29.798584,28.233002,29.720757,29.226364,35.04921,38.194092,36.097504,31.895172,30.860611,30.242615,35.186539,32.110321,30.485237,31.474022,30.517281,35.186539,3546489.7,-0.0045776367,-0.0045776367,-0.0045776367,-0.0045776367,-0.0045776367,-0.0045776367,-0.0045776367,-0.0045776367,-0.0045776367,-0.0045776367,-0.0045776367,-0.0045776367,-0.0045776367,-1.103241,-5.7724915,-2.0462341,-1.8539734,-0.13275146,-0.0045776367,-0.0045776367,-0.0045776367,-0.0045776367,-0.0045776367,-0.0045776367,3546489.7
3637248970624,17.059169,0,34.756241,33.131149,32.513161,30.860611,32.343788,33.117416,34.133667,33.501945,32.957199,30.302132,32.645912,32.504005,37.392998,39.691002,35.763336,33.547722,32.334633,32.270546,38.482491,34.476997,33.689629,33.552299,32.65049,38.633553,3546509.7,31.895172,29.885559,29.441521,28.837265,29.198898,29.363701,31.501488,30.329597,29.784851,28.228424,29.716179,29.249252,35.058365,38.203247,36.111237,31.886017,30.865189,30.247192,35.177383,32.09201,30.508125,31.4786,30.521858,35.186539,3546509.7,-0.0045776367,-0.0045776367,-0.0045776367,-0.0045776367,-0.0045776367,-0.0045776367,-0.0045776367,-0.0045776367,-0.0045776367,-0.0045776367,-0.0045776367,-0.0045776367,-0.0045776367,-0.85601807,-4.9210205,-1.9729919,-1.5701599,0.096130371,-0.0045776367,-0.0045776367,-0.0045776367,-0.0045776367,-0.0045776367,-0.0045776367,3546509.7
3637268955104,17.079154,0,34.756241,33.131149,32.508583,30.874344,32.343788,33.112839,34.138245,33.501945,32.961777,30.297554,32.645912,32.504005,37.397575,39.691002,35.763336,33.547722,32.325478,32.279701,38.473335,34.476997,33.694206,33.547722,32.65049,38.628975,3546529.7,31.886017,29.890137,29.427788,28.84642,29.185165,29.368279,31.49691,30.329597,29.789429,28.242157,29.711601,29.221786,35.053787,38.189514,36.120392,31.881439,30.874344,30.260933,35.218582,32.101166,30.494392,31.4786,30.521858,35.200272,3546529.7,-0.0045776367,-0.0045776367,-0.0045776367,-0.0045776367,-0.0045776367,-0.0045776367,-0.0045776367,-0.0045776367,-0.0045776367,-0.0045776367,-0.0045776367,-0.0045776367,-0.0045776367,-0.24261475,-4.9851074,-1.8814392,-1.5793152,-0.24261475,-0.0045776367,-0.0045776367,-0.0045776367,-0.0045776367,-0.0045776367,-0.0045776367,3546529.7
3637288980704,17.099179,0,34.756241,33.126572,32.517738,30.860611,32.348366,33.117416,34.138245,33.501945,32.961777,30.302132,32.645912,32.508583,37.402153,39.691002,35.763336,33.547722,32.339211,32.279701,38.468758,34.486153,33.694206,33.547722,32.655067,38.633553,3546549.7,31.895172,29.885559,29.450676,28.84642,29.189743,29.359123,31.515221,30.311287,29.794006,28.233002,29.707024,29.230942,35.053787,38.194092,36.115814,31.886017,30.865189,30.251778,35.209427,32.096588,30.494392,31.469444,30.512703,35.204849,3546549.7,-0.0045776367,-0.0045776367,-0.0045776367,-0.0045776367,-0.0045776367,-0.0045776367,-0.0045776367,-0.0045776367,-0.0045776367,-0.0045776367,-0.0045776367,-0.0045776367,-0.0045776367,0.086975098,-4.7287598,-2.0187683,-0.59967041,0.04119873,-0.0045776367,-0.0045776367,-0.0045776367,-0.0045776367,-0.0045776367,-0.0045776367,3546549.7
3637308969760,17.119168,0,34.756241,33.121994,32.513161,30.865189,32.339211,33.117416,34.138245,33.506523,32.957199,30.302132,32.65049,32.504005,37.402153,39.69558,35.763336,33.547722,32.330055,32.279701,38.473335,34.481575,33.694206,33.543144,32.655067,38.633553,3546569.7,31.890594,29.876404,29.446098,28.841843,29.17601,29.359123,31.506065,30.315865,29.789429,28.228424,29.725334,29.240097,35.058365,38.198669,36.129547,31.89975,30.856033,30.247192,35.200272,32.110321,30.485237,31.474022,30.521858,35.218582,3546569.7,-0.0045776367,-0.0045776367,-0.0045776367,-0.0045776367,-0.0045776367,-0.0045776367,-0.0045776367,-0.0045776367,-0.0045776367,-0.0045776367,-0.0045776367,-0.0045776367,-0.0045776367,-0.04119873,-5.021759,-1.5793152,-0.16937256,0.25177002,-0.0045776367,-0.0045776367,-0.0045776367,-0.0045776367,-0.0045776367,-0.0045776367,3546569.7
3637328954592,17.139153,0,34.751663,33.126572,32.513161,30.865189,32.343788,33.126572,34.142822,33.501945,32.957199,30.297554,32.655067,32.513161,37.397575,39.69558,35.763336,33.547722,32.334633,32.270546,38.477913,34.476997,33.689629,33.547722,32.655067,38.633553,3546589.7,31.881439,29.894714,29.446098,28.84642,29.185165,29.372856,31.510643,30.315865,29.784851,28.237579,29.725334,29.240097,35.058365,38.194092,36.129547,31.867706,30.865189,30.233459,35.181961,32.096588,30.49897,31.464867,30.540169,35.214005,3546589.7,-0.0045776367,-0.0045776367,-0.0045776367,-0.0045776367,-0.0045776367,-0.0045776367,-0.0045776367,-0.0045776367,-0.0045776367,-0.0045776367,-0.0045776367,-0.0045776367,-0.0045776367,-0.14190674,-4.3991699,-1.0666199,0.88348389,0.11444092,-0.0045776367,-0.0045776367,-0.0045776367,-0.0045776367,-0.0045776367,-0.0045776367,3546589.7
3637349186208,17.159385,0,34.756241,33.121994,32.517738,30.865189,32.339211,33.117416,34.138245,33.501945,32.957199,30.292976,32.655067,32.508583,37.402153,39.691002,35.772491,33.547722,32.330055,32.279701,38.477913,34.47242,33.689629,33.552299,32.655067,38.624397,3546609.7,31.895172,29.890137,29.436943,28.837265,29.180588,29.377434,31.510643,30.311287,29.780273,28.237579,29.711601,29.235519,35.06752,38.180359,36.129547,31.886017,30.846878,30.247192,35.195694,32.114899,30.508125,31.460289,30.508125,35.195694,3546609.7,-0.0045776367,-0.0045776367,-0.0045776367,-0.0045776367,-0.0045776367,-0.0045776367,-0.0045776367,-0.0045776367,-0.0045776367,-0.0045776367,-0.0045776367,-0.0045776367,-0.0045776367,0.23345947,-4.6463623,-1.1215515,1.0757751,0.0045776367,-0.0045776367,-0.0045776367,-0.0045776367,-0.0045776367,-0.0045776367,-0.0045776367,3546609.7
3637368954368,17.179153,0,34.765396,33.131149,32.517738,30.869766,32.334633,33.121994,34.138245,33.497368,32.957199,30.302132,32.645912,32.504005,37.402153,39.691002,35.758759,33.547722,32.330055,32.275124,38.477913,34.476997,33.689629,33.556877,32.659645,38.633553,3546629.7,31.872284,29.880981,29.441521,28.850998,29.185165,29.354546,31.515221,30.32502,29.798584,28.233002,29.725334,29.230942,35.06752,38.198669,36.134125,31.89975,30.860611,30.265511,35.200272,32.087433,30.480659,31.492332,30.531013,35.177383,3546629.7,-0.0045776367,-0.0045776367,-0.0045776367,-0.0045776367,-0.0045776367,-0.0045776367,-0.0045776367,-0.0045776367,-0.0045776367,-0.0045776367,-0.0045776367,-0.0045776367,-0.0045776367,-0.32501221,-4.2709961,-0.58135986,1.908905,0.25177002,-0.0045776367,-0.0045776367,-0.0045776367,-0.0045776367,-0.0045776367,-0.0045776367,3546629.7
3637388957760,17.199156,0,34.760818,33.126572,32.522316,30.874344,32.339211,33.121994,34.129089,33.501945,32.961777,30.297554,32.645912,32.504005,37.397575,39.681847,35.777069,33.543144,32.339211,32.279701,38.473335,34.481575,33.698784,33.547722,32.655067,38.628975,3546649.7,31.876862,29.880981,29.455254,28.841843,29.180588,29.377434,31.492332,30.320442,29.812317,28.228424,29.725334,29.240097,35.040054,38.166626,36.134125,31.895172,30.869766,30.256355,35.172806,32.101166,30.489815,31.464867,30.508125,35.186539,3546649.7,-0.0045776367,-0.0045776367,-0.0045776367,-0.0045776367,-0.0045776367,-0.0045776367,-0.0045776367,-0.0045776367,-0.0045776367,-0.0045776367,-0.0045776367,-0.0045776367,-0.0045776367,-1.0849304,-3.8590088,0.77362061,2.5314636,0.28839111,-0.0045776367,-0.0045776367,-0.0045776367,-0.0045776367,-0.0045776367,-0.0045776367,3546649.7
3637408965248,17.219164,0,34.760818,33.131149,32.513161,30.869766,32.343788,33.121994,34.138245,33.506523,32.961777,30.297554,32.641335,32.504005,37.397575,39.686424,35.777069,33.543144,32.330055,32.270546,38.477913,34.476997,33.689629,33.543144,32.655067,38.63813,3546669.7,31.895172,29.876404,29.468987,28.84642,29.17601,29.354546,31.501488,30.315865,29.803162,28.228424,29.716179,29.226364,35.081253,38.198669,36.129547,31.890594,30.856033,30.251778,35.195694,32.110321,30.503548,31.464867,30.508125,35.200272,3546669.7,-0.0045776367,-0.0045776367,-0.0045776367,-0.0045776367,-0.0045776367,-0.0045776367,-0.0045776367,-0.0045776367,-0.0045776367,-0.0045776367,-0.0045776367,-0.0045776367,-0.0045776367,-1.0299988,-3.8132324,-0.54473877,2.8976746,0.24261475,-0.0045776367,-0.0045776367,-0.0045776367,-0.0045776367,-0.0045776367,-0.0045776367,3546669.7
3637428968576,17.239167,0,34.756241,33.126572,32.517738,30.865189,32.343788,33.121994,34.142822,33.497368,32.961777,30.302132,32.65049,32.504005,37.397575,39.686424,35.777069,33.547722,32.334633,32.275124,38.477913,34.486153,33.694206,33.552299,32.65049,38.628975,3546689.7,31.89975,29.890137,29.455254,28.841843,29.185165,29.372856,31.49691,30.32502,29.789429,28.223846,29.716179,29.240097,35.06752,38.198669,36.14328,31.886017,30.865189,30.256355,35.195694,32.09201,30.480659,31.487755,30.526436,35.209427,3546689.7,-0.0045776367,-0.0045776367,-0.0045776367,-0.0045776367,-0.0045776367,-0.0045776367,-0.0045776367,-0.0045776367,-0.0045776367,-0.0045776367,-0.0045776367,-0.0045776367,-0.0045776367,-0.88348389,-3.2456055,0.15106201,2.8061218,0.39825439,-0.0045776367,-0.0045776367,-0.0045776367,-0.0045776367,-0.0045776367,-0.0045776367,3546689.7
3637448941152,17.25914,0,34.760818,33.121994,32.517738,30.865189,32.352943,33.117416,34.133667,33.501945,32.961777,30.297554,32.645912,32.508583,37.397575,39.681847,35.781647,33.547722,32.325478,32.265968,38.477913,34.481575,33.694206,33.547722,32.655067,38.624397,3546709.7,31.904327,29.885559,29.432365,28.841843,29.189743,29.382011,31.506065,30.315865,29.798584,28.214691,29.716179,29.235519,35.072098,38.212402,36.120392,31.881439,30.874344,30.247192,35.195694,32.110321,30.494392,31.474022,30.526436,35.181961,3546709.7,-0.0045776367,-0.0045776367,-0.0045776367,-0.0045776367,-0.0045776367,-0.0045776367,-0.0045776367,-0.0045776367,-0.0045776367,-0.0045776367,-0.0045776367,-0.0045776367,-0.0045776367,-1.0391541,-2.9892273,0.76446533,2.9251404,0.39825439,-0.0045776367,-0.0045776367,-0.0045776367,-0.0045776367,-0.0045776367,-0.0045776367,3546709.7
3637468967104,17.279166,0,34.751663,33.126572,32.517738,30.865189,32.348366,33.117416,34.138245,33.506523,32.957199,30.302132,32.641335,32.504005,37.397575,39.691002,35.781647,33.547722,32.330055,32.275124,38.477913,34.476997,33.694206,33.543144,32.655067,38.633553,3546729.7,31.890594,29.880981,29.427788,28.850998,29.185165,29.382011,31.506065,30.329597,29.789429,28.228424,29.711601,29.230942,35.058365,38.194092,36.138702,31.886017,30.865189,30.251778,35.191116,32.101166,30.489815,31.4786,30.517281,35.191116,3546729.7,-0.0045776367,-0.0045776367,-0.0045776367,-0.0045776367,-0.0045776367,-0.0045776367,-0.0045776367,-0.0045776367,-0.0045776367,-0.0045776367,-0.0045776367,-0.0045776367,-0.0045776367,-0.74615479,-1.405365,0.86517334,2.4490662,0.48980713,-0.0045776367,-0.0045776367,-0.0045776367,-0.0045776367,-0.0045776367,-0.0045776367,3546729.7
3637488949152,17.299148,0,34.751663,33.126572,32.517738,30.865189,32.348366,33.117416,34.142822,33.501945,32.957199,30.297554,32.645912,32.504005,37.402153,39.686424,35.790802,33.547722,32.334633,32.275124,38.473335,34.476997,33.689629,33.547722,32.655067,38.633553,3546749.7,31.890594,29.890137,29.436943,28.841843,29.180588,29.368279,31.510643,30.320442,29.780273,28.223846,29.716179,29.226364,35.053787,38.194092,36.147858,31.89975,30.869766,30.256355,35.214005,32.09201,30.489815,31.451134,30.535591,35.204849,3546749.7,-0.0045776367,-0.0045776367,-0.0045776367,-0.0045776367,-0.0045776367,-0.0045776367,-0.0045776367,-0.0045776367,-0.0045776367,-0.0045776367,-0.0045776367,-0.0045776367,-0.0045776367,-0.50811768,-0.6729126,1.3138123,1.8539734,-0.31585693,-0.0045776367,-0.0045776367,-0.0045776367,-0.0045776367,-0.0045776367,-0.0045776367,3546749.7
3637509129504,17.319328,0,34.756241,33.131149,32.517738,30.860611,32.334633,33.121994,34.138245,33.497368,32.957199,30.297554,32.645912,32.508583,37.397575,39.686424,35.790802,33.543144,32.334633,32.275124,38.477913,34.476997,33.694206,33.547722,32.655067,38.628975,3546771.7,31.881439,29.876404,29.436943,28.841843,29.185165,29.382011,31.501488,30.315865,29.784851,28.219269,29.707024,29.226364,35.053787,38.198669,36.14328,31.876862,30.856033,30.238037,35.200272,32.110321,30.485237,31.460289,30.508125,35.200272,3546771.7,-0.0045776367,-0.0045776367,-0.0045776367,-0.0045776367,-0.0045776367,-0.0045776367,-0.0045776367,-0.0045776367,-0.0045776367,-0.0045776367,-0.0045776367,-0.0045776367,-0.0045776367,0.27008057,-0.04119873,1.3595886,0.6729126,0.12359619,-0.0045776367,-0.0045776367,-0.0045776367,-0.0045776367,-0.0045776367,-0.0045776367,3546771.7
3637528980512,17.339179,0,34.756241,33.126572,32.513161,30.869766,32.343788,33.121994,34.138245,33.501945,32.957199,30.297554,32.645912,32.508583,37.406731,39.677269,35.790802,33.547722,32.325478,32.270546,38.482491,34.476997,33.689629,33.547722,32.65049,38.63813,3546789.7,31.886017,29.880981,29.441521,28.837265,29.17601,29.382011,31.506065,30.32502,29.784851,28.228424,29.725334,29.249252,35.053787,38.21698,36.147858,31.890594,30.865189,30.238037,35.209427,32.105743,30.494392,31.4786,30.540169,35.181961,3546789.7,-0.0045776367,-0.0045776367,-0.0045776367,-0.0045776367,-0.0045776367,-0.0045776367,-0.0045776367,-0.0045776367,-0.0045776367,-0.0045776367,-0.0045776367,-0.0045776367,-0.0045776367,0.21514893,0.98419189,1.2314148,0.45318604,0.0045776367,-0.0045776367,-0.0045776367,-0.0045776367,-0.0045776367,-0.0045776367,-0.0045776367,3546789.7
3637549131552,17.35933,0,34.751663,33.126572,32.522316,30.869766,32.339211,33.121994,34.138245,33.506523,32.961777,30.292976,32.641335,32.508583,37.397575,39.686424,35.790802,33.543144,32.334633,32.275124,38.473335,34.481575,33.689629,33.547722,32.645912,38.628975,3546809.7,31.872284,29.885559,29.441521,28.832687,29.185165,29.368279,31.501488,30.315865,29.798584,28.228424,29.697868,29.244675,35.06752,38.212402,36.147858,31.881439,30.865189,30.251778,35.204849,32.096588,30.494392,31.492332,30.526436,35.200272,3546809.7,-0.0045776367,-0.0045776367,-0.0045776367,-0.0045776367,-0.0045776367,-0.0045776367,-0.0045776367,-0.0045776367,-0.0045776367,-0.0045776367,-0.0045776367,-0.0045776367,-0.0045776367,0.91094971,1.506073,1.9729919,0.096130371,-0.11444092,-0.0045776367,-0.0045776367,-0.0045776367,-0.0045776367,-0.0045776367,-0.0045776367,3546809.7
3637568949504,17.379148,0,34.751663,33.117416,32.513161,30.874344,32.343788,33.121994,34.138245,33.501945,32.957199,30.297554,32.645912,32.508583,37.397575,39.681847,35.786224,33.543144,32.334633,32.270546,38.477913,34.481575,33.689629,33.543144,32.655067,38.628975,3546829.7,31.890594,29.885559,29.441521,28.84642,29.189743,29.372856,31.49691,30.320442,29.784851,28.237579,29.707024,29.240097,35.06752,38.198669,36.138702,31.886017,30.851456,30.238037,35.186539,32.105743,30.480659,31.469444,30.526436,35.204849,3546829.7,-0.0045776367,-0.0045776367,-0.0045776367,-0.0045776367,-0.0045776367,-0.0045776367,-0.0045776367,-0.0045776367,-0.0045776367,-0.0045776367,-0.0045776367,-0.0045776367,-0.0045776367,1.1673279,3.1723633,0.24261475,-1.3138123,0.13275146,-0.0045776367,-0.0045776367,-0.0045776367,-0.0045776367,-0.0045776367,-0.0045776367,3546829.7
3637588966464,17.399165,0,34.756241,33.121994,32.517738,30.865189,32.343788,33.121994,34.129089,33.501945,32.957199,30.297554,32.65049,32.508583,37.397575,39.691002,35.790802,33.543144,32.334633,32.279701,38.473335,34.486153,33.694206,33.547722,32.655067,38.628975,3546849.7,31.886017,29.880981,29.450676,28.837265,29.194321,29.363701,31.506065,30.320442,29.803162,28.233002,29.707024,29.221786,35.04921,38.189514,36.138702,31.872284,30.856033,30.247192,35.200272,32.105743,30.512703,31.469444,30.517281,35.195694,3546849.7,-0.0045776367,-0.0045776367,-0.0045776367,-0.0045776367,-0.0045776367,-0.0045776367,-0.0045776367,-0.0045776367,-0.0045776367,-0.0045776367,-0.0045776367,-0.0045776367,-0.0045776367,1.9729919,3.1540527,0.050354004,-1.8814392,0.068664551,-0.0045776367,-0.0045776367,-0.0045776367,-0.0045776367,-0.0045776367,-0.0045776367,3546849.7
3637608960320,17.419159,0,34.756241,33.131149,32.517738,30.856033,32.343788,33.117416,34.142822,33.497368,32.957199,30.297554,32.645912,32.517738,37.392998,39.681847,35.790802,33.538567,32.334633,32.279701,38.473335,34.486153,33.694206,33.543144,32.655067,38.624397,3546869.7,31.895172,29.880981,29.459831,28.837265,29.185165,29.363701,31.49691,30.32502,29.789429,28.219269,29.720757,29.240097,35.062943,38.207825,36.134125,31.886017,30.860611,30.260933,35.191116,32.114899,30.480659,31.487755,30.531013,35.218582,3546869.7,-0.0045776367,-0.0045776367,-0.0045776367,-0.0045776367,-0.0045776367,-0.0045776367,-0.0045776367,-0.0045776367,-0.0045776367,-0.0045776367,-0.0045776367,-0.0045776367,-0.0045776367,1.1398621,3.932251,-1.304657,-1.7715759,0.068664551,-0.0045776367,-0.0045776367,-0.0045776367,-0.0045776367,-0.0045776367,-0.0045776367,3546869.7
3637628962112,17.439161,0,34.756241,33.126572,32.513161,30.865189,32.339211,33.121994,34.142822,33.501945,32.961777,30.297554,32.641335,32.504005,37.402153,39.691002,35.799957,33.538567,32.339211,32.275124,38.477913,34.476997,33.694206,33.547722,32.655067,38.633553,3546889.7,31.876862,29.880981,29.441521,28.841843,29.180588,29.372856,31.510643,30.32502,29.807739,28.237579,29.707024,29.221786,35.062943,38.221558,36.138702,31.886017,30.8423,30.242615,35.186539,32.114899,30.485237,31.4786,30.503548,35.191116,3546889.7,-0.0045776367,-0.0045776367,-0.0045776367,-0.0045776367,-0.0045776367,-0.0045776367,-0.0045776367,-0.0045776367,-0.0045776367,-0.0045776367,-0.0045776367,-0.0045776367,-0.0045776367,2.2476501,4.4541016,-1.6983337,-1.808197,0.050354004,-0.0045776367,-0.0045776367,-0.0045776367,-0.0045776367,-0.0045776367,-0.0045776367,3546889.7
3637648956000,17.459155,0,34.756241,33.131149,32.517738,30.860611,32.352943,33.126572,34.142822,33.501945,32.966354,30.297554,32.645912,32.508583,37.392998,39.686424,35.790802,33.543144,32.330055,32.279701,38.473335,34.481575,33.689629,33.543144,32.655067,38.628975,3546909.7,31.890594,29.885559,29.427788,28.841843,29.194321,29.372856,31.515221,30.32502,29.794006,28.223846,29.729912,29.253838,35.062943,38.212402,36.152435,31.895172,30.837723,30.251778,35.200272,32.110321,30.503548,31.474022,30.540169,35.200272,3546909.7,-0.0045776367,-0.0045776367,-0.0045776367,-0.0045776367,-0.0045776367,-0.0045776367,-0.0045776367,-0.0045776367,-0.0045776367,-0.0045776367,-0.0045776367,-0.0045776367,-0.0045776367,1.9455261,4.8660889,-1.7990417,-1.1947937,0.37994385,-0.0045776367,-0.0045776367,-0.0045776367,-0.0045776367,-0.0045776367,-0.0045776367,3546909.7
3637668957248,17.479156,0,34.756241,33.126572,32.517738,30.865189,32.343788,33.117416,34.142822,33.506523,32.961777,30.297554,32.641335,32.499428,37.392998,39.686424,35.79538,33.552299,32.334633,32.275124,38.482491,34.476997,33.689629,33.543144,32.655067,38.633553,3546929.7,31.881439,29.862671,29.446098,28.832687,29.185165,29.382011,31.519798,30.32502,29.798584,28.233002,29.725334,29.240097,35.053787,38.207825,36.14328,31.890594,30.846878,30.270088,35.186539,32.105743,30.476082,31.483177,30.508125,35.191116,3546929.7,-0.0045776367,-0.0045776367,-0.0045776367,-0.0045776367,-0.0045776367,-0.0045776367,-0.0045776367,-0.0045776367,-0.0045776367,-0.0045776367,-0.0045776367,-0.0045776367,-0.0045776367,1.8722839,4.5731201,-1.4145203,-1.0116882,0.21514893,-0.0045776367,-0.0045776367,-0.0045776367,-0.0045776367,-0.0045776367,-0.0045776367,3546929.7
3637688930624,17.499129,0,34.760818,33.131149,32.522316,30.865189,32.352943,33.121994,34.138245,33.501945,32.957199,30.302132,32.65049,32.504005,37.402153,39.686424,35.79538,33.547722,32.339211,32.270546,38.482491,34.486153,33.689629,33.547722,32.659645,38.633553,3546949.7,31.876862,29.885559,29.450676,28.837265,29.189743,29.372856,31.492332,30.311287,29.784851,28.223846,29.720757,29.244675,35.072098,38.203247,36.152435,31.886017,30.856033,30.247192,35.191116,32.101166,30.485237,31.464867,30.517281,35.195694,3546949.7,-0.0045776367,-0.0045776367,-0.0045776367,-0.0045776367,-0.0045776367,-0.0045776367,-0.0045776367,-0.0045776367,-0.0045776367,-0.0045776367,-0.0045776367,-0.0045776367,-0.0045776367,1.3687439,4.1885986,-1.3595886,-0.3616333,-0.15106201,-0.0045776367,-0.0045776367,-0.0045776367,-0.0045776367,-0.0045776367,-0.0045776367,3546949.7
3637708969376,17.519168,0,34.751663,33.131149,32.517738,30.860611,32.348366,33.126572,34.138245,33.506523,32.966354,30.302132,32.65049,32.508583,37.392998,39.686424,35.79538,33.547722,32.330055,32.270546,38.468758,34.481575,33.694206,33.547722,32.655067,38.633553,3546969.7,31.886017,29.885559,29.432365,28.841843,29.198898,29.368279,31.501488,30.32502,29.780273,28.210114,29.720757,29.249252,35.062943,38.189514,36.161591,31.886017,30.851456,30.265511,35.191116,32.101166,30.480659,31.4786,30.508125,35.181961,3546969.7,-0.0045776367,-0.0045776367,-0.0045776367,-0.0045776367,-0.0045776367,-0.0045776367,-0.0045776367,-0.0045776367,-0.0045776367,-0.0045776367,-0.0045776367,-0.0045776367,-0.0045776367,1.2314148,4.0421143,-1.6159363,0.12359619,0.15106201,-0.0045776367,-0.0045776367,-0.0045776367,-0.0045776367,-0.0045776367,-0.0045776367,3546969.7
3637729001504,17.5392,0,34.756241,33.131149,32.513161,30.869766,32.339211,33.121994,34.138245,33.501945,32.957199,30.302132,32.645912,32.508583,37.406731,39.681847,35.790802,33.543144,32.330055,32.275124,38.477913,34.486153,33.689629,33.552299,32.655067,38.628975,3546991.7,31.881439,29.885559,29.441521,28.84642,29.203476,29.359123,31.501488,30.329597,29.784851,28.233002,29.716179,29.240097,35.040054,38.21698,36.161591,31.890594,30.851456,30.256355,35.195694,32.110321,30.494392,31.474022,30.531013,35.204849,3546991.7,-0.0045776367,-0.0045776367,-0.0045776367,-0.0045776367,-0.0045776367,-0.0045776367,-0.0045776367,-0.0045776367,-0.0045776367,-0.0045776367,-0.0045776367,-0.0045776367,-0.0045776367,0.55389404,3.9230957,-1.606781,0.62713623,0.086975098,-0.0045776367,-0.0045776367,-0.0045776367,-0.0045776367,-0.0045776367,-0.0045776367,3546991.7
3637749041408,17.55924,0,34.756241,33.126572,32.513161,30.860611,32.343788,33.131149,34.133667,33.497368,32.961777,30.297554,32.645912,32.508583,37.397575,39.686424,35.799957,33.547722,32.330055,32.270546,38.482491,34.476997,33.689629,33.543144,32.659645,38.63813,3547009.7,31.886017,29.876404,29.436943,28.841843,29.166855,29.368279,31.501488,30.315865,29.780273,28.214691,29.707024,29.230942,35.044632,38.212402,36.147858,31.890594,30.851456,30.247192,35.204849,32.119476,30.485237,31.469444,30.526436,35.195694,3547009.7,-0.0045776367,-0.0045776367,-0.0045776367,-0.0045776367,-0.0045776367,-0.0045776367,-0.0045776367,-0.0045776367,-0.0045776367,-0.0045776367,-0.0045776367,-0.0045776367,-0.0045776367,0.059509277,3.5019531,-1.0666199,0.52642822,0.12359619,-0.0045776367,-0.0045776367,-0.0045776367,-0.0045776367,-0.0045776367,-0.0045776367,3547009.7
3637768933024,17.579132,0,34.756241,33.126572,32.513161,30.860611,32.334633,33.126572,34.142822,33.497368,32.957199,30.302132,32.641335,32.508583,37.392998,39.69558,35.799957,33.547722,32.334633,32.270546,38.477913,34.476997,33.689629,33.543144,32.655067,38.624397,3547029.7,31.881439,29.876404,29.427788,28.837265,29.203476,29.368279,31.515221,30.315865,29.803162,28.210114,29.716179,29.235519,35.06752,38.198669,36.175323,31.895172,30.860611,30.247192,35.191116,32.110321,30.494392,31.460289,30.521858,35.227737,3547029.7,-0.0045776367,-0.0045776367,-0.0045776367,-0.0045776367,-0.0045776367,-0.0045776367,-0.0045776367,-0.0045776367,-0.0045776367,-0.0045776367,-0.0045776367,-0.0045776367,-0.0045776367,0.068664551,3.9047852,-0.64544678,0.4989624,0.01373291,-0.0045776367,-0.0045776367,-0.0045776367,-0.0045776367,-0.0045776367,-0.0045776367,3547029.7
3637788950464,17.599149,0,34.756241,33.126572,32.522316,30.860611,32.343788,33.126572,34.142822,33.501945,32.957199,30.302132,32.65049,32.508583,37.402153,39.691002,35.79538,33.552299,32.330055,32.275124,38.482491,34.481575,33.689629,33.547722,32.655067,38.633553,3547049.7,31.890594,29.867249,29.464409,28.832687,29.194321,29.368279,31.510643,30.320442,29.784851,28.228424,29.707024,29.235519,35.053787,38.21698,36.170746,31.89975,30.860611,30.251778,35.209427,32.114899,30.485237,31.474022,30.512703,35.191116,3547049.7,-0.0045776367,-0.0045776367,-0.0045776367,-0.0045776367,-0.0045776367,-0.0045776367,-0.0045776367,-0.0045776367,-0.0045776367,-0.0045776367,-0.0045776367,-0.0045776367,-0.0045776367,-0.4989624,3.3280029,-0.096130371,-0.19683838,0.24261475,-0.0045776367,-0.0045776367,-0.0045776367,-0.0045776367,-0.0045776367,-0.0045776367,3547049.7
3637808910848,17.619109,0,34.756241,33.135727,32.513161,30.869766,32.334633,33.117416,34.138245,33.506523,32.961777,30.302132,32.65049,32.499428,37.397575,39.681847,35.799957,33.552299,32.334633,32.270546,38.482491,34.476997,33.689629,33.552299,32.655067,38.628975,3547069.7,31.89975,29.880981,29.455254,28.823532,29.185165,29.377434,31.506065,30.320442,29.803162,28.233002,29.711601,29.235519,35.06752,38.184937,36.175323,31.904327,30.869766,30.274666,35.209427,32.105743,30.489815,31.474022,30.508125,35.209427,3547069.7,-0.0045776367,-0.0045776367,-0.0045776367,-0.0045776367,-0.0045776367,-0.0045776367,-0.0045776367,-0.0045776367,-0.0045776367,-0.0045776367,-0.0045776367,-0.0045776367,-0.0045776367,0.43487549,3.4012451,-0.01373291,-0.62713623,0.18768311,-0.0045776367,-0.0045776367,-0.0045776367,-0.0045776367,-0.0045776367,-0.0045776367,3547069.7
3637828937056,17.639136,0,34.751663,33.126572,32.517738,30.874344,32.343788,33.121994,34.138245,33.501945,32.957199,30.297554,32.65049,32.504005,37.402153,39.681847,35.804535,33.552299,32.339211,32.279701,38.473335,34.481575,33.698784,33.547722,32.659645,38.633553,3547089.7,31.895172,29.894714,29.441521,28.84642,29.189743,29.359123,31.49691,30.329597,29.803162,28.228424,29.711601,29.240097,35.044632,38.194092,36.166168,31.895172,30.860611,30.260933,35.186539,32.096588,30.494392,31.469444,30.526436,35.209427,3547089.7,-0.0045776367,-0.0045776367,-0.0045776367,-0.0045776367,-0.0045776367,-0.0045776367,-0.0045776367,-0.0045776367,-0.0045776367,-0.0045776367,-0.0045776367,-0.0045776367,-0.0045776367,-0.4989624,3.2181396,0.10528564,-0.73699951,-0.01373291,-0.0045776367,-0.0045776367,-0.0045776367,-0.0045776367,-0.0045776367,-0.0045776367,3547089.7
3637848928128,17.659127,0,34.756241,33.131149,32.522316,30.865189,32.339211,33.121994,34.142822,33.501945,32.961777,30.302132,32.645912,32.504005,37.392998,39.686424,35.79538,33.547722,32.334633,32.275124,38.477913,34.486153,33.685051,33.547722,32.655067,38.633553,3547109.7,31.881439,29.876404,29.441521,28.84642,29.180588,29.359123,31.510643,30.320442,29.798584,28.228424,29.716179,29.230942,35.058365,38.189514,36.184479,31.872284,30.865189,30.270088,35.209427,32.096588,30.485237,31.474022,30.535591,35.209427,3547109.7,-0.0045776367,-0.0045776367,-0.0045776367,-0.0045776367,-0.0045776367,-0.0045776367,-0.0045776367,-0.0045776367,-0.0045776367,-0.0045776367,-0.0045776367,-0.0045776367,-0.0045776367,0.13275146,1.5243835,0.60882568,-1.1581726,-0.16021729,-0.0045776367,-0.0045776367,-0.0045776367,-0.0045776367,-0.0045776367,-0.0045776367,3547109.7
3637868947488,17.679146,0,34.756241,33.126572,32.517738,30.865189,32.343788,33.121994,34.142822,33.501945,32.961777,30.297554,32.645912,32.499428,37.397575,39.686424,35.804535,33.547722,32.339211,32.275124,38.477913,34.481575,33.689629,33.547722,32.655067,38.633553,3547129.7,31.895172,29.885559,29.436943,28.84642,29.194321,29.382011,31.510643,30.334175,29.794006,28.237579,29.702446,29.235519,35.06752,38.203247,36.170746,31.904327,30.860611,30.270088,35.195694,32.101166,30.489815,31.4786,30.512703,35.191116,3547129.7,-0.0045776367,-0.0045776367,-0.0045776367,-0.0045776367,-0.0045776367,-0.0045776367,-0.0045776367,-0.0045776367,-0.0045776367,-0.0045776367,-0.0045776367,-0.0045776367,-0.0045776367,0.59967041,0.78277588,0.6362915,-1.5426941,0.13275146,-0.0045776367,-0.0045776367,-0.0045776367,-0.0045776367,-0.0045776367,-0.0045776367,3547129.7
3637888930656,17.699129,0,34.756241,33.126572,32.522316,30.860611,32.348366,33.117416,34.142822,33.501945,32.961777,30.306709,32.645912,32.508583,37.397575,39.686424,35.804535,33.552299,32.334633,32.270546,38.473335,34.486153,33.694206,33.547722,32.655067,38.628975,3547149.7,31.867706,29.858093,29.436943,28.837265,29.189743,29.368279,31.501488,30.320442,29.798584,28.228424,29.707024,29.226364,35.076675,38.189514,36.189056,31.886017,30.860611,30.265511,35.186539,32.105743,30.49897,31.474022,30.49897,35.204849,3547149.7,-0.0045776367,-0.0045776367,-0.0045776367,-0.0045776367,-0.0045776367,-0.0045776367,-0.0045776367,-0.0045776367,-0.0045776367,-0.0045776367,-0.0045776367,-0.0045776367,-0.0045776367,2.9251404,-0.55389404,0.24261475,-2.1835632,-1.3595886,-0.0045776367,-0.0045776367,-0.0045776367,-0.0045776367,-0.0045776367,-0.0045776367,3547149.7
3637908920896,17.719119,0,34.756241,33.131149,32.522316,30.860611,32.334633,33.121994,34.138245,33.497368,32.966354,30.302132,32.65049,32.513161,37.402153,39.691002,35.799957,33.552299,32.334633,32.270546,38.482491,34.481575,33.694206,33.552299,32.655067,38.624397,3547169.7,31.886017,29.871826,29.464409,28.832687,29.194321,29.372856,31.510643,30.329597,29.803162,28.214691,29.725334,29.244675,35.085831,38.207825,36.198212,31.872284,30.856033,30.265511,35.209427,32.09201,30.49897,31.4786,30.526436,35.214005,3547169.7,-0.0045776367,-0.0045776367,-0.0045776367,-0.0045776367,-0.0045776367,-0.0045776367,-0.0045776367,-0.0045776367,-0.0045776367,-0.0045776367,-0.0045776367,-0.0045776367,-0.0045776367,3.263916,-3.0625,0.74615479,-1.4877625,-1.7257996,-0.0045776367,-0.0045776367,-0.0045776367,-0.0045776367,-0.0045776367,-0.0045776367,3547169.7
3637928930816,17.739129,0,34.756241,33.131149,32.517738,30.869766,32.343788,33.121994,34.138245,33.501945,32.961777,30.297554,32.65049,32.513161,37.402153,39.677269,35.804535,33.547722,32.339211,32.270546,38.473335,34.486153,33.694206,33.547722,32.655067,38.628975,3547189.7,31.858551,29.885559,29.459831,28.850998,29.180588,29.368279,31.506065,30.320442,29.798584,28.223846,29.720757,29.230942,35.040054,38.230713,36.202789,31.904327,30.851456,30.256355,35.218582,32.105743,30.489815,31.464867,30.517281,35.204849,3547189.7,-0.0045776367,-0.0045776367,-0.0045776367,-0.0045776367,-0.0045776367,-0.0045776367,-0.0045776367,-0.0045776367,-0.0045776367,-0.0045776367,-0.0045776367,-0.0045776367,-0.0045776367,4.7470703,-4.4174805,0.35247803,-1.4877625,-0.28839111,-0.0045776367,-0.0045776367,-0.0045776367,-0.0045776367,-0.0045776367,-0.0045776367,3547189.7
3637949100768,17.759299,0,34.756241,33.126572,32.522316,30.869766,32.352943,33.126572,34.138245,33.501945,32.966354,30.297554,32.65049,32.513161,37.397575,39.681847,35.804535,33.552299,32.334633,32.270546,38.473335,34.481575,33.694206,33.547722,32.65049,38.628975,3547209.7,31.890594,29.871826,29.432365,28.84642,29.180588,29.377434,31.515221,30.32502,29.803162,28.233002,29.729912,29.226364,35.058365,38.221558,36.202789,31.904327,30.860611,30.274666,35.168228,32.124054,30.485237,31.4786,30.521858,35.209427,3547209.7,-0.0045776367,-0.0045776367,-0.0045776367,-0.0045776367,-0.0045776367,-0.0045776367,-0.0045776367,-0.0045776367,-0.0045776367,-0.0045776367,-0.0045776367,-0.0045776367,-0.0045776367,5.7175598,-5.6351624,0.60882568,-1.6525574,-0.42572021,-0.0045776367,-0.0045776367,-0.0045776367,-0.0045776367,-0.0045776367,-0.0045776367,3547209.7
3637968908608,17.779107,0,34.751663,33.126572,32.517738,30.865189,32.343788,33.121994,34.133667,33.501945,32.957199,30.302132,32.65049,32.508583,37.397575,39.681847,35.804535,33.552299,32.339211,32.261391,38.477913,34.481575,33.689629,33.552299,32.65049,38.63813,3547229.7,31.872284,29.890137,29.427788,28.850998,29.203476,29.377434,31.501488,30.320442,29.798584,28.233002,29.716179,29.235519,35.072098,38.21698,36.193634,31.91806,30.851456,30.265511,35.209427,32.101166,30.494392,31.464867,30.526436,35.204849,3547229.7,-0.0045776367,-0.0045776367,-0.0045776367,-0.0045776367,-0.0045776367,-0.0045776367,-0.0045776367,-0.0045776367,-0.0045776367,-0.0045776367,-0.0045776367,-0.0045776367,-0.0045776367,5.0492249,-6.0654602,0.92926025,-1.5335388,-0.16021729,-0.0045776367,-0.0045776367,-0.0045776367,-0.0045776367,-0.0045776367,-0.0045776367,3547229.7
3637988926016,17.799125,0,34.756241,33.126572,32.513161,30.860611,32.339211,33.121994,34.142822,33.501945,32.957199,30.302132,32.641335,32.504005,37.397575,39.691002,35.804535,33.547722,32.343788,32.270546,38.473335,34.476997,33.694206,33.552299,32.659645,38.633553,3547249.7,31.890594,29.885559,29.436943,28.841843,29.185165,29.368279,31.515221,30.32502,29.789429,28.223846,29.716179,29.221786,35.044632,38.221558,36.193634,31.890594,30.869766,30.274666,35.181961,32.105743,30.489815,31.455711,30.521858,35.22316,3547249.7,-0.0045776367,-0.0045776367,-0.0045776367,-0.0045776367,-0.0045776367,-0.0045776367,-0.0045776367,-0.0045776367,-0.0045776367,-0.0045776367,-0.0045776367,-0.0045776367,-0.0045776367,4.435791,-6.459137,0.32501221,-0.88348389,-0.18768311,-0.0045776367,-0.0045776367,-0.0045776367,-0.0045776367,-0.0045776367,-0.0045776367,3547249.7
3638008913120,17.819112,0,34.756241,33.126572,32.522316,30.856033,32.343788,33.121994,34.138245,33.49279,32.961777,30.297554,32.65049,32.499428,37.402153,39.677269,35.799957,33.543144,32.339211,32.270546,38.477913,34.481575,33.685051,33.543144,32.655067,38.628975,3547269.7,31.886017,29.876404,29.441521,28.837265,29.185165,29.363701,31.501488,30.306709,29.816895,28.242157,29.716179,29.226364,35.062943,38.221558,36.207367,31.895172,30.860611,30.270088,35.177383,32.105743,30.489815,31.469444,30.512703,35.200272,3547269.7,-0.0045776367,-0.0045776367,-0.0045776367,-0.0045776367,-0.0045776367,-0.0045776367,-0.0045776367,-0.0045776367,-0.0045776367,-0.0045776367,-0.0045776367,-0.0045776367,-0.0045776367,2.9983826,-6.4682922,0.50811768,-0.26092529,-0.29754639,-0.0045776367,-0.0045776367,-0.0045776367,-0.0045776367,-0.0045776367,-0.0045776367,3547269.7
3638028899968,17.839099,0,34.760818,33.126572,32.513161,30.869766,32.343788,33.121994,34.1474,33.506523,32.966354,30.302132,32.65049,32.508583,37.397575,39.686424,35.804535,33.547722,32.339211,32.270546,38.477913,34.481575,33.689629,33.552299,32.65049,38.633553,3547289.7,31.89975,29.890137,29.446098,28.841843,29.185165,29.377434,31.515221,30.329597,29.784851,28.223846,29.697868,29.240097,35.072098,38.207825,36.179901,31.886017,30.851456,30.270088,35.227737,32.114899,30.485237,31.464867,30.489815,35.191116,3547289.7,-0.0045776367,-0.0045776367,-0.0045776367,-0.0045776367,-0.0045776367,-0.0045776367,-0.0045776367,-0.0045776367,-0.0045776367,-0.0045776367,-0.0045776367,-0.0045776367,-0.0045776367,1.1215515,-5.6534729,0.26092529,0.18768311,-0.35247803,-0.0045776367,-0.0045776367,-0.0045776367,-0.0045776367,-0.0045776367,-0.0045776367,3547289.7
3638048946560,17.859145,0,34.756241,33.126572,32.517738,30.856033,32.348366,33.121994,34.1474,33.501945,32.966354,30.297554,32.641335,32.508583,37.402153,39.691002,35.809113,33.543144,32.348366,32.275124,38.477913,34.486153,33.694206,33.547722,32.65049,38.628975,3547309.7,31.876862,29.890137,29.432365,28.84642,29.180588,29.363701,31.515221,30.34333,29.807739,28.228424,29.711601,29.240097,35.062943,38.221558,36.216522,31.89975,30.856033,30.251778,35.22316,32.114899,30.485237,31.460289,30.508125,35.200272,3547309.7,-0.0045776367,-0.0045776367,-0.0045776367,-0.0045776367,-0.0045776367,-0.0045776367,-0.0045776367,-0.0045776367,-0.0045776367,-0.0045776367,-0.0045776367,-0.0045776367,-0.0045776367,-0.13275146,-5.4612122,-0.26092529,0.47149658,-0.43487549,-0.0045776367,-0.0045776367,-0.0045776367,-0.0045776367,-0.0045776367,-0.0045776367,3547309.7
3638068915520,17.879114,0,34.756241,33.126572,32.522316,30.856033,32.339211,33.126572,34.1474,33.506523,32.961777,30.302132,32.65049,32.508583,37.402153,39.691002,35.809113,33.547722,32.343788,32.275124,38.477913,34.486153,33.698784,33.543144,32.655067,38.628975,3547329.7,31.876862,29.876404,29.450676,28.850998,29.171432,29.363701,31.519798,30.329597,29.803162,28.233002,29.720757,29.226364,35.062943,38.21698,36.189056,31.89975,30.860611,30.274666,35.191116,32.110321,30.49897,31.469444,30.512703,35.191116,3547329.7,-0.0045776367,-0.0045776367,-0.0045776367,-0.0045776367,-0.0045776367,-0.0045776367,-0.0045776367,-0.0045776367,-0.0045776367,-0.0045776367,-0.0045776367,-0.0045776367,-0.0045776367,-4.0604248,-4.7836914,-0.32501221,0.81939697,-0.4989624,-0.0045776367,-0.0045776367,-0.0045776367,-0.0045776367,-0.0045776367,-0.0045776367,3547329.7
3638088901728,17.8991,0,34.765396,33.126572,32.517738,30.860611,32.352943,33.117416,34.1474,33.506523,32.957199,30.302132,32.655067,32.508583,37.406731,39.686424,35.822845,33.543144,32.339211,32.265968,38.477913,34.486153,33.694206,33.547722,32.655067,38.633553,3547349.7,31.876862,29.876404,29.450676,28.84642,29.198898,29.382011,31.492332,30.32502,29.798584,28.233002,29.711601,29.240097,35.062943,38.194092,36.211945,31.908905,30.846878,30.274666,35.195694,32.096588,30.480659,31.474022,30.526436,35.200272,3547349.7,-0.0045776367,-0.0045776367,-0.0045776367,-0.0045776367,-0.0045776367,-0.0045776367,-0.0045776367,-0.0045776367,-0.0045776367,-0.0045776367,-0.0045776367,-0.0045776367,-0.0045776367,-5.3788147,-4.3991699,-0.64544678,0.37994385,-0.45318604,-0.0045776367,-0.0045776367,-0.0045776367,-0.0045776367,-0.0045776367,-0.0045776367,3547349.7
3638108919264,17.919118,0,34.760818,33.126572,32.513161,30.865189,32.348366,33.121994,34.142822,33.506523,32.961777,30.297554,32.655067,32.508583,37.392998,39.686424,35.81369,33.547722,32.343788,32.275124,38.482491,34.481575,33.694206,33.547722,32.655067,38.63813,3547369.7,31.890594,29.876404,29.446098,28.84642,29.17601,29.368279,31.501488,30.320442,29.798584,28.228424,29.720757,29.226364,35.062943,38.207825,36.198212,31.895172,30.865189,30.256355,35.181961,32.105743,30.494392,31.469444,30.517281,35.204849,3547369.7,-0.0045776367,-0.0045776367,-0.0045776367,-0.0045776367,-0.0045776367,-0.0045776367,-0.0045776367,-0.0045776367,-0.0045776367,-0.0045776367,-0.0045776367,-0.0045776367,-0.0045776367,-5.9006653,-4.2160645,-0.85601807,0.60882568,-0.31585693,-0.0045776367,-0.0045776367,-0.0045776367,-0.0045776367,-0.0045776367,-0.0045776367,3547369.7
3638128935104,17.939134,0,34.756241,33.131149,32.522316,30.865189,32.343788,33.117416,34.138245,33.501945,32.961777,30.302132,32.65049,32.508583,37.406731,39.686424,35.809113,33.543144,32.334633,32.275124,38.473335,34.481575,33.689629,33.543144,32.65049,38.628975,3547389.7,31.895172,29.880981,29.446098,28.84642,29.162277,29.368279,31.501488,30.329597,29.803162,28.233002,29.711601,29.244675,35.053787,38.198669,36.216522,31.890594,30.846878,30.265511,35.200272,32.114899,30.503548,31.460289,30.517281,35.200272,3547389.7,-0.0045776367,-0.0045776367,-0.0045776367,-0.0045776367,-0.0045776367,-0.0045776367,-0.0045776367,-0.0045776367,-0.0045776367,-0.0045776367,-0.0045776367,-0.0045776367,-0.0045776367,-6.0196838,-3.6026611,-1.1398621,0.68206787,-0.32501221,-0.0045776367,-0.0045776367,-0.0045776367,-0.0045776367,-0.0045776367,-0.0045776367,3547389.7
3638149088512,17.959287,0,34.760818,33.126572,32.517738,30.869766,32.348366,33.117416,34.142822,33.506523,32.970932,30.302132,32.65049,32.504005,37.402153,39.681847,35.809113,33.547722,32.343788,32.270546,38.477913,34.481575,33.689629,33.543144,32.659645,38.628975,3547409.7,31.890594,29.885559,29.436943,28.837265,29.189743,29.354546,31.510643,30.329597,29.807739,28.233002,29.725334,29.221786,35.06752,38.189514,36.207367,31.895172,30.860611,30.265511,35.181961,32.101166,30.480659,31.4786,30.521858,35.218582,3547409.7,-0.0045776367,-0.0045776367,-0.0045776367,-0.0045776367,-0.0045776367,-0.0045776367,-0.0045776367,-0.0045776367,-0.0045776367,-0.0045776367,-0.0045776367,-0.0045776367,-0.0045776367,-4.90271,-3.6942139,-1.1398621,0.42572021,-0.29754639,-0.0045776367,-0.0045776367,-0.0045776367,-0.0045776367,-0.0045776367,-0.0045776367,3547409.7
3638168927424,17.979126,0,34.751663,33.126572,32.517738,30.860611,32.343788,33.126572,34.142822,33.501945,32.966354,30.297554,32.645912,32.513161,37.406731,39.691002,35.81369,33.543144,32.339211,32.270546,38.477913,34.486153,33.694206,33.547722,32.655067,38.633553,3547429.7,31.881439,29.880981,29.441521,28.855576,29.189743,29.377434,31.510643,30.315865,29.798584,28.233002,29.720757,29.226364,35.06752,38.221558,36.207367,31.890594,30.856033,30.256355,35.181961,32.096588,30.480659,31.4786,30.526436,35.191116,3547429.7,-0.0045776367,-0.0045776367,-0.0045776367,-0.0045776367,-0.0045776367,-0.0045776367,-0.0045776367,-0.0045776367,-0.0045776367,-0.0045776367,-0.0045776367,-0.0045776367,-0.0045776367,-4.8935547,-4.0604248,-1.7166443,0.57220459,0.14190674,-0.0045776367,-0.0045776367,-0.0045776367,-0.0045776367,-0.0045776367,-0.0045776367,3547429.7
3638188921792,17.99912,0,34.760818,33.131149,32.517738,30.865189,32.348366,33.126572,34.138245,33.501945,32.957199,30.302132,32.645912,32.508583,37.397575,39.691002,35.809113,33.547722,32.339211,32.275124,38.473335,34.476997,33.694206,33.547722,32.655067,38.628975,3547449.7,31.890594,29.894714,29.450676,28.82811,29.166855,29.368279,31.501488,30.329597,29.794006,28.228424,29.716179,29.235519,35.090408,38.21698,36.225677,31.91806,30.860611,30.247192,35.181961,32.105743,30.512703,31.474022,30.512703,35.195694,3547449.7,-0.0045776367,-0.0045776367,-0.0045776367,-0.0045776367,-0.0045776367,-0.0045776367,-0.0045776367,-0.0045776367,-0.0045776367,-0.0045776367,-0.0045776367,-0.0045776367,-0.0045776367,-4.1885986,-4.335083,-2.9892273,0.24261475,0.12359619,-0.0045776367,-0.0045776367,-0.0045776367,-0.0045776367,-0.0045776367,-0.0045776367,3547449.7
3638208897088,18.019096,0,34.760818,33.131149,32.513161,30.856033,32.348366,33.121994,34.142822,33.501945,32.961777,30.297554,32.65049,32.508583,37.402153,39.686424,35.818268,33.538567,32.343788,32.265968,38.477913,34.481575,33.694206,33.547722,32.655067,38.633553,3547469.7,31.895172,29.876404,29.450676,28.837265,29.203476,29.368279,31.487755,30.320442,29.798584,28.233002,29.729912,29.226364,35.058365,38.207825,36.234833,31.890594,30.851456,30.270088,35.214005,32.09201,30.494392,31.492332,30.517281,35.214005,3547469.7,-0.0045776367,-0.0045776367,-0.0045776367,-0.0045776367,-0.0045776367,-0.0045776367,-0.0045776367,-0.0045776367,-0.0045776367,-0.0045776367,-0.0045776367,-0.0045776367,-0.0045776367,-2.6596375,-5.1499329,-1.203949,0.14190674,0.15106201,-0.0045776367,-0.0045776367,-0.0045776367,-0.0045776367,-0.0045776367,-0.0045776367,3547469.7
3638228906016,18.039105,0,34.756241,33.126572,32.513161,30.860611,32.348366,33.126572,34.142822,33.501945,32.966354,30.302132,32.641335,32.508583,37.392998,39.681847,35.81369,33.543144,32.339211,32.275124,38.477913,34.486153,33.689629,33.552299,32.655067,38.628975,3547489.7,31.890594,29.890137,29.455254,28.841843,29.185165,29.359123,31.510643,30.320442,29.789429,28.233002,29.711601,29.221786,35.076675,38.207825,36.23941,31.89975,30.856033,30.270088,35.172806,32.105743,30.485237,31.460289,30.512703,35.195694,3547489.7,-0.0045776367,-0.0045776367,-0.0045776367,-0.0045776367,-0.0045776367,-0.0045776367,-0.0045776367,-0.0045776367,-0.0045776367,-0.0045776367,-0.0045776367,-0.0045776367,-0.0045776367,-2.4673767,-5.3788147,-1.4969177,0.2243042,0.050354004,-0.0045776367,-0.0045776367,-0.0045776367,-0.0045776367,-0.0045776367,-0.0045776367,3547489.7
3638248896384,18.059095,0,34.760818,33.126572,32.522316,30.865189,32.348366,33.117416,34.142822,33.497368,32.957199,30.292976,32.645912,32.517738,37.402153,39.686424,35.818268,33.547722,32.343788,32.270546,38.477913,34.486153,33.698784,33.547722,32.659645,38.624397,3547509.7,31.895172,29.867249,29.418633,28.860153,29.194321,29.377434,31.515221,30.329597,29.803162,28.219269,29.739067,29.244675,35.053787,38.207825,36.234833,31.895172,30.8423,30.251778,35.200272,32.110321,30.494392,31.4786,30.512703,35.191116,3547509.7,-0.0045776367,-0.0045776367,-0.0045776367,-0.0045776367,-0.0045776367,-0.0045776367,-0.0045776367,-0.0045776367,-0.0045776367,-0.0045776367,-0.0045776367,-0.0045776367,-0.0045776367,-1.2131042,-5.1957092,-1.4145203,-0.18768311,0.27008057,-0.0045776367,-0.0045776367,-0.0045776367,-0.0045776367,-0.0045776367,-0.0045776367,3547509.7
3638268875296,18.079074,0,34.756241,33.131149,32.513161,30.860611,32.343788,33.126572,34.142822,33.501945,32.966354,30.302132,32.65049,32.504005,37.402153,39.681847,35.818268,33.543144,32.343788,32.270546,38.473335,34.481575,33.694206,33.552299,32.655067,38.633553,3547529.7,31.895172,29.890137,29.459831,28.850998,29.180588,29.363701,31.519798,30.306709,29.798584,28.228424,29.725334,29.249252,35.06752,38.239868,36.211945,31.908905,30.856033,30.265511,35.191116,32.101166,30.508125,31.474022,30.535591,35.186539,3547529.7,-0.0045776367,-0.0045776367,-0.0045776367,-0.0045776367,-0.0045776367,-0.0045776367,-0.0045776367,-0.0045776367,-0.0045776367,-0.0045776367,-0.0045776367,-0.0045776367,-0.0045776367,-1.0483093,-4.6555176,-1.4969177,-0.5355835,0.10528564,-0.0045776367,-0.0045776367,-0.0045776367,-0.0045776367,-0.0045776367,-0.0045776367,3547529.7
3638288893024,18.099092,0,34.756241,33.131149,32.526894,30.865189,32.348366,33.126572,34.138245,33.501945,32.961777,30.306709,32.645912,32.508583,37.397575,39.686424,35.818268,33.547722,32.348366,32.265968,38.473335,34.476997,33.689629,33.547722,32.655067,38.633553,3547549.7,31.890594,29.871826,29.446098,28.84642,29.17601,29.363701,31.506065,30.32502,29.807739,28.219269,29.707024,29.221786,35.053787,38.221558,36.216522,31.908905,30.851456,30.270088,35.177383,32.096588,30.503548,31.469444,30.517281,35.200272,3547549.7,-0.0045776367,-0.0045776367,-0.0045776367,-0.0045776367,-0.0045776367,-0.0045776367,-0.0045776367,-0.0045776367,-0.0045776367,-0.0045776367,-0.0045776367,-0.0045776367,-0.0045776367,-1.2497253,-4.3808594,-1.3412781,-0.84686279,0.50811768,-0.0045776367,-0.0045776367,-0.0045776367,-0.0045776367,-0.0045776367,-0.0045776367,3547549.7
3638308900768,18.119099,0,34.751663,33.131149,32.522316,30.860611,32.348366,33.126572,34.142822,33.506523,32.952621,30.306709,32.65049,32.508583,37.402153,39.686424,35.818268,33.547722,32.343788,32.275124,38.473335,34.481575,33.694206,33.552299,32.659645,38.63813,3547569.7,31.881439,29.876404,29.432365,28.850998,29.180588,29.359123,31.510643,30.329597,29.789429,28.223846,29.725334,29.240097,35.062943,38.212402,36.234833,31.89975,30.860611,30.279243,35.209427,32.110321,30.508125,31.469444,30.512703,35.227737,3547569.7,-0.0045776367,-0.0045776367,-0.0045776367,-0.0045776367,-0.0045776367,-0.0045776367,-0.0045776367,-0.0045776367,-0.0045776367,-0.0045776367,-0.0045776367,-0.0045776367,-0.0045776367,-1.3321228,-3.3737793,-1.304657,-1.7349548,0.8102417,-0.0045776367,-0.0045776367,-0.0045776367,-0.0045776367,-0.0045776367,-0.0045776367,3547569.7
3638328891552,18.13909,0,34.760818,33.121994,32.522316,30.860611,32.343788,33.126572,34.142822,33.501945,32.966354,30.297554,32.641335,32.504005,37.406731,39.686424,35.818268,33.543144,32.348366,32.265968,38.477913,34.486153,33.694206,33.552299,32.659645,38.633553,3547589.7,31.876862,29.885559,29.436943,28.84642,29.17601,29.368279,31.510643,30.329597,29.803162,28.228424,29.725334,29.249252,35.06752,38.207825,36.234833,31.913483,30.860611,30.270088,35.195694,32.096588,30.489815,31.474022,30.540169,35.214005,3547589.7,-0.0045776367,-0.0045776367,-0.0045776367,-0.0045776367,-0.0045776367,-0.0045776367,-0.0045776367,-0.0045776367,-0.0045776367,-0.0045776367,-0.0045776367,-0.0045776367,-0.0045776367,-1.5976257,-3.3280029,-1.1215515,-2.2476501,0.16937256,-0.0045776367,-0.0045776367,-0.0045776367,-0.0045776367,-0.0045776367,-0.0045776367,3547589.7
3638349105056,18.159304,0,34.756241,33.131149,32.526894,30.860611,32.348366,33.126572,34.142822,33.501945,32.957199,30.297554,32.645912,32.508583,37.397575,39.681847,35.822845,33.543144,32.343788,32.270546,38.477913,34.481575,33.694206,33.552299,32.655067,38.628975,3547609.7,31.89975,29.876404,29.441521,28.832687,29.189743,29.377434,31.510643,30.334175,29.794006,28.242157,29.702446,29.240097,35.062943,38.21698,36.243988,31.895172,30.856033,30.270088,35.195694,32.119476,30.521858,31.455711,30.512703,35.181961,3547609.7,-0.0045776367,-0.0045776367,-0.0045776367,-0.0045776367,-0.0045776367,-0.0045776367,-0.0045776367,-0.0045776367,-0.0045776367,-0.0045776367,-0.0045776367,-0.0045776367,-0.0045776367,-1.6342468,-2.879364,-1.0849304,-2.7145691,0.21514893,-0.0045776367,-0.0045776367,-0.0045776367,-0.0045776367,-0.0045776367,-0.0045776367,3547609.7
3638368903328,18.179102,0,34.756241,33.126572,32.522316,30.865189,32.343788,33.121994,34.142822,33.506523,32.961777,30.302132,32.645912,32.513161,37.392998,39.691002,35.818268,33.543144,32.339211,32.270546,38.482491,34.49073,33.694206,33.547722,32.655067,38.628975,3547629.7,31.876862,29.862671,29.455254,28.837265,29.198898,29.377434,31.515221,30.320442,29.798584,28.237579,29.711601,29.226364,35.053787,38.21698,36.234833,31.904327,30.856033,30.260933,35.177383,32.101166,30.512703,31.483177,30.521858,35.186539,3547629.7,-0.0045776367,-0.0045776367,-0.0045776367,-0.0045776367,-0.0045776367,-0.0045776367,-0.0045776367,-0.0045776367,-0.0045776367,-0.0045776367,-0.0045776367,-0.0045776367,-0.0045776367,-1.6434021,-3.0167236,-1.0757751,-3.0075684,-0.059509277,-0.0045776367,-0.0045776367,-0.0045776367,-0.0045776367,-0.0045776367,-0.0045776367,3547629.7
3638388898176,18.199097,0,34.769974,33.126572,32.522316,30.865189,32.339211,33.126572,34.142822,33.497368,32.961777,30.302132,32.655067,32.508583,37.402153,39.686424,35.822845,33.543144,32.343788,32.270546,38.482491,34.481575,33.694206,33.547722,32.655067,38.633553,3547649.7,31.881439,29.876404,29.450676,28.837265,29.180588,29.372856,31.492332,30.329597,29.798584,28.237579,29.720757,29.244675,35.04921,38.21698,36.243988,31.913483,30.846878,30.260933,35.209427,32.101166,30.476082,31.4786,30.531013,35.209427,3547649.7,-0.0045776367,-0.0045776367,-0.0045776367,-0.0045776367,-0.0045776367,-0.0045776367,-0.0045776367,-0.0045776367,-0.0045776367,-0.0045776367,-0.0045776367,-0.0045776367,-0.0045776367,-0.48065186,-3.1448975,-0.95672607,-2.6687927,0.20599365,-0.0045776367,-0.0045776367,-0.0045776367,-0.0045776367,-0.0045776367,-0.0045776367,3547649.7
3638408883552,18.219082,0,34.756241,33.131149,32.517738,30.865189,32.343788,33.126572,34.138245,33.506523,32.961777,30.302132,32.645912,32.508583,37.397575,39.686424,35.822845,33.543144,32.348366,32.265968,38.477913,34.486153,33.689629,33.543144,32.659645,38.63813,3547669.7,31.890594,29.890137,29.432365,28.841843,29.203476,29.368279,31.519798,30.315865,29.798584,28.223846,29.707024,29.230942,35.06752,38.221558,36.257729,31.927216,30.869766,30.279243,35.200272,32.119476,30.485237,31.464867,30.503548,35.218582,3547669.7,-0.0045776367,-0.0045776367,-0.0045776367,-0.0045776367,-0.0045776367,-0.0045776367,-0.0045776367,-0.0045776367,-0.0045776367,-0.0045776367,-0.0045776367,-0.0045776367,-0.0045776367,-0.21514893,-4.2069092,-1.203949,-2.5680847,0.16937256,-0.0045776367,-0.0045776367,-0.0045776367,-0.0045776367,-0.0045776367,-0.0045776367,3547669.7
3638428872480,18.239071,0,34.756241,33.126572,32.513161,30.865189,32.348366,33.121994,34.1474,33.506523,32.961777,30.297554,32.65049,32.508583,37.397575,39.691002,35.827423,33.543144,32.343788,32.270546,38.473335,34.481575,33.689629,33.547722,32.659645,38.633553,3547689.7,31.890594,29.880981,29.441521,28.84642,29.189743,29.372856,31.510643,30.32502,29.803162,28.237579,29.702446,29.230942,35.062943,38.212402,36.253151,31.908905,30.856033,30.265511,35.227737,32.105743,30.489815,31.483177,30.521858,35.204849,3547689.7,-0.0045776367,-0.0045776367,-0.0045776367,-0.0045776367,-0.0045776367,-0.0045776367,-0.0045776367,-0.0045776367,-0.0045776367,-0.0045776367,-0.0045776367,-0.0045776367,-0.0045776367,0.16937256,-4.0787354,-1.203949,-2.6321716,0.33416748,-0.0045776367,-0.0045776367,-0.0045776367,-0.0045776367,-0.0045776367,-0.0045776367,3547689.7
3638448922752,18.259121,0,34.760818,33.131149,32.522316,30.860611,32.343788,33.117416,34.138245,33.501945,32.961777,30.297554,32.645912,32.504005,37.406731,39.691002,35.822845,33.538567,32.343788,32.261391,38.477913,34.481575,33.694206,33.543144,32.659645,38.628975,3547709.7,31.895172,29.871826,29.450676,28.855576,29.194321,29.363701,31.510643,30.329597,29.789429,28.242157,29.711601,29.235519,35.058365,38.230713,36.266884,31.922638,30.856033,30.274666,35.232315,32.110321,30.480659,31.469444,30.517281,35.209427,3547709.7,-0.0045776367,-0.0045776367,-0.0045776367,-0.0045776367,-0.0045776367,-0.0045776367,-0.0045776367,-0.0045776367,-0.0045776367,-0.0045776367,-0.0045776367,-0.0045776367,-0.0045776367,2.0828552,-5.3696594,-1.4602966,-1.5243835,0.33416748,-0.0045776367,-0.0045776367,-0.0045776367,-0.0045776367,-0.0045776367,-0.0045776367,3547709.7
3638468887072,18.279086,0,34.751663,33.121994,32.517738,30.860611,32.339211,33.121994,34.142822,33.506523,32.961777,30.292976,32.655067,32.504005,37.397575,39.686424,35.832001,33.547722,32.343788,32.270546,38.473335,34.481575,33.694206,33.547722,32.659645,38.63813,3547729.7,31.876862,29.885559,29.436943,28.850998,29.17601,29.372856,31.510643,30.329597,29.784851,28.233002,29.720757,29.240097,35.058365,38.189514,36.271461,31.913483,30.874344,30.265511,35.195694,32.096588,30.49897,31.469444,30.508125,35.204849,3547729.7,-0.0045776367,-0.0045776367,-0.0045776367,-0.0045776367,-0.0045776367,-0.0045776367,-0.0045776367,-0.0045776367,-0.0045776367,-0.0045776367,-0.0045776367,-0.0045776367,-0.0045776367,2.4399109,-5.1407776,-1.2863464,-1.203949,0.27008057,-0.0045776367,-0.0045776367,-0.0045776367,-0.0045776367,-0.0045776367,-0.0045776367,3547729.7
3638488878528,18.299077,0,34.760818,33.121994,32.522316,30.865189,32.343788,33.117416,34.142822,33.506523,32.957199,30.302132,32.645912,32.508583,37.397575,39.691002,35.822845,33.543144,32.343788,32.270546,38.482491,34.486153,33.689629,33.547722,32.655067,38.628975,3547749.7,31.890594,29.890137,29.436943,28.837265,29.180588,29.363701,31.510643,30.329597,29.789429,28.228424,29.716179,29.221786,35.062943,38.21698,36.257729,31.927216,30.869766,30.256355,35.177383,32.101166,30.494392,31.4786,30.512703,35.209427,3547749.7,-0.0045776367,-0.0045776367,-0.0045776367,-0.0045776367,-0.0045776367,-0.0045776367,-0.0045776367,-0.0045776367,-0.0045776367,-0.0045776367,-0.0045776367,-0.0045776367,-0.0045776367,1.4602966,-5.7084045,-1.1307068,-1.0391541,0.31585693,-0.0045776367,-0.0045776367,-0.0045776367,-0.0045776367,-0.0045776367,-0.0045776367,3547749.7
3638508892160,18.319091,0,34.765396,33.126572,32.517738,30.865189,32.343788,33.121994,34.138245,33.506523,32.961777,30.297554,32.65049,32.508583,37.392998,39.686424,35.827423,33.547722,32.339211,32.270546,38.473335,34.486153,33.698784,33.552299,32.655067,38.628975,3547769.7,31.886017,29.871826,29.450676,28.850998,29.185165,29.382011,31.510643,30.320442,29.798584,28.223846,29.711601,29.235519,35.058365,38.221558,36.29435,31.908905,30.865189,30.265511,35.181961,32.110321,30.49897,31.483177,30.517281,35.177383,3547769.7,-0.0045776367,-0.0045776367,-0.0045776367,-0.0045776367,-0.0045776367,-0.0045776367,-0.0045776367,-0.0045776367,-0.0045776367,-0.0045776367,-0.0045776367,-0.0045776367,-0.0045776367,1.9363708,-5.1133118,-0.74615479,-0.32501221,0.41656494,-0.0045776367,-0.0045776367,-0.0045776367,-0.0045776367,-0.0045776367,-0.0045776367,3547769.7
3638528887552,18.339086,0,34.756241,33.126572,32.522316,30.865189,32.343788,33.121994,34.142822,33.497368,32.957199,30.297554,32.65049,32.513161,37.406731,39.691002,35.822845,33.547722,32.348366,32.265968,38.473335,34.49073,33.685051,33.547722,32.655067,38.633553,3547789.7,31.872284,29.885559,29.450676,28.837265,29.180588,29.368279,31.506065,30.306709,29.794006,28.237579,29.711601,29.253838,35.06752,38.235291,36.289772,31.91806,30.865189,30.260933,35.214005,32.09201,30.494392,31.474022,30.526436,35.186539,3547789.7,-0.0045776367,-0.0045776367,-0.0045776367,-0.0045776367,-0.0045776367,-0.0045776367,-0.0045776367,-0.0045776367,-0.0045776367,-0.0045776367,-0.0045776367,-0.0045776367,-0.0045776367,0.45318604,-4.7836914,-0.37994385,-0.42572021,0.30670166,-0.0045776367,-0.0045776367,-0.0045776367,-0.0045776367,-0.0045776367,-0.0045776367,3547789.7
3638549165728,18.359364,0,34.760818,33.131149,32.517738,30.865189,32.348366,33.126572,34.133667,33.506523,32.957199,30.302132,32.65049,32.504005,37.397575,39.686424,35.832001,33.543144,32.343788,32.270546,38.477913,34.486153,33.689629,33.552299,32.655067,38.633553,3547809.7,31.89975,29.876404,29.436943,28.841843,29.198898,29.372856,31.492332,30.311287,29.816895,28.237579,29.711601,29.240097,35.058365,38.189514,36.276039,31.904327,30.869766,30.260933,35.186539,32.09201,30.49897,31.460289,30.503548,35.181961,3547809.7,-0.0045776367,-0.0045776367,-0.0045776367,-0.0045776367,-0.0045776367,-0.0045776367,-0.0045776367,-0.0045776367,-0.0045776367,-0.0045776367,-0.0045776367,-0.0045776367,-0.0045776367,0.70037842,-4.6097412,-0.21514893,-0.077819824,0.17852783,-0.0045776367,-0.0045776367,-0.0045776367,-0.0045776367,-0.0045776367,-0.0045776367,3547809.7
3638568905824,18.379104,0,34.760818,33.126572,32.517738,30.860611,32.352943,33.121994,34.138245,33.501945,32.961777,30.302132,32.65049,32.504005,37.397575,39.691002,35.827423,33.547722,32.348366,32.265968,38.482491,34.486153,33.698784,33.547722,32.659645,38.633553,3547829.7,31.886017,29.890137,29.450676,28.84642,29.171432,29.368279,31.501488,30.315865,29.794006,28.237579,29.716179,29.249252,35.06752,38.212402,36.29435,31.913483,30.856033,30.265511,35.181961,32.105743,30.503548,31.474022,30.512703,35.181961,3547829.7,-0.0045776367,-0.0045776367,-0.0045776367,-0.0045776367,-0.0045776367,-0.0045776367,-0.0045776367,-0.0045776367,-0.0045776367,-0.0045776367,-0.0045776367,-0.0045776367,-0.0045776367,0.3616333,-4.032959,-0.19683838,-0.077819824,0.096130371,-0.0045776367,-0.0045776367,-0.0045776367,-0.0045776367,-0.0045776367,-0.0045776367,3547829.7
3638588913920,18.399113,0,34.756241,33.131149,32.517738,30.860611,32.343788,33.126572,34.142822,33.506523,32.966354,30.306709,32.645912,32.508583,37.402153,39.686424,35.836578,33.543144,32.348366,32.275124,38.477913,34.476997,33.694206,33.547722,32.655067,38.633553,3547849.7,31.886017,29.885559,29.446098,28.850998,29.198898,29.377434,31.515221,30.315865,29.798584,28.237579,29.711601,29.226364,35.072098,38.194092,36.276039,31.936371,30.878922,30.283821,35.214005,32.087433,30.494392,31.4786,30.526436,35.204849,3547849.7,-0.0045776367,-0.0045776367,-0.0045776367,-0.0045776367,-0.0045776367,-0.0045776367,-0.0045776367,-0.0045776367,-0.0045776367,-0.0045776367,-0.0045776367,-0.0045776367,-0.0045776367,0.20599365,-3.163208,1.0666199,0.62713623,-0.077819824,-0.0045776367,-0.0045776367,-0.0045776367,-0.0045776367,-0.0045776367,-0.0045776367,3547849.7
3638608902496,18.419101,0,34.760818,33.131149,32.517738,30.860611,32.343788,33.121994,34.142822,33.501945,32.961777,30.302132,32.655067,32.508583,37.402153,39.691002,35.832001,33.543144,32.348366,32.261391,38.482491,34.486153,33.689629,33.552299,32.65049,38.628975,3547869.7,31.886017,29.876404,29.464409,28.850998,29.180588,29.382011,31.49691,30.320442,29.789429,28.237579,29.707024,29.235519,35.06752,38.230713,36.289772,31.913483,30.851456,30.265511,35.195694,32.119476,30.489815,31.460289,30.526436,35.200272,3547869.7,-0.0045776367,-0.0045776367,-0.0045776367,-0.0045776367,-0.0045776367,-0.0045776367,-0.0045776367,-0.0045776367,-0.0045776367,-0.0045776367,-0.0045776367,-0.0045776367,-0.0045776367,-0.20599365,-2.2384949,0.26092529,0.38909912,-0.18768311,-0.0045776367,-0.0045776367,-0.0045776367,-0.0045776367,-0.0045776367,-0.0045776367,3547869.7
3638628903456,18.439102,0,34.760818,33.131149,32.522316,30.865189,32.343788,33.121994,34.142822,33.497368,32.961777,30.302132,32.645912,32.504005,37.402153,39.691002,35.841156,33.543144,32.343788,32.265968,38.482491,34.481575,33.694206,33.547722,32.655067,38.63813,3547889.7,31.89975,29.890137,29.450676,28.84642,29.185165,29.368279,31.506065,30.315865,29.794006,28.228424,29.697868,29.249252,35.076675,38.21698,36.308083,31.927216,30.865189,30.256355,35.181961,32.114899,30.49897,31.469444,30.517281,35.195694,3547889.7,-0.0045776367,-0.0045776367,-0.0045776367,-0.0045776367,-0.0045776367,-0.0045776367,-0.0045776367,-0.0045776367,-0.0045776367,-0.0045776367,-0.0045776367,-0.0045776367,-0.0045776367,0.032043457,-1.6891785,0.16021729,0.48980713,-0.33416748,-0.0045776367,-0.0045776367,-0.0045776367,-0.0045776367,-0.0045776367,-0.0045776367,3547889.7
3638648885632,18.459084,0,34.760818,33.126572,32.522316,30.865189,32.343788,33.121994,34.138245,33.501945,32.961777,30.306709,32.645912,32.508583,37.402153,39.691002,35.845734,33.547722,32.348366,32.270546,38.477913,34.486153,33.694206,33.552299,32.645912,38.633553,3547909.7,31.881439,29.885559,29.441521,28.850998,29.208054,29.372856,31.501488,30.320442,29.780273,28.233002,29.720757,29.221786,35.053787,38.212402,36.303505,31.913483,30.869766,30.274666,35.214005,32.101166,30.49897,31.492332,30.517281,35.200272,3547909.7,-0.0045776367,-0.0045776367,-0.0045776367,-0.0045776367,-0.0045776367,-0.0045776367,-0.0045776367,-0.0045776367,-0.0045776367,-0.0045776367,-0.0045776367,-0.0045776367,-0.0045776367,0.13275146,-1.4145203,0.6729126,0.29754639,-0.23345947,-0.0045776367,-0.0045776367,-0.0045776367,-0.0045776367,-0.0045776367,-0.0045776367,3547909.7
3638668873600,18.479072,0,34.760818,33.126572,32.517738,30.865189,32.352943,33.121994,34.142822,33.506523,32.961777,30.302132,32.655067,32.513161,37.402153,39.686424,35.841156,33.547722,32.348366,32.265968,38.477913,34.481575,33.698784,33.543144,32.655067,38.633553,3547929.7,31.886017,29.890137,29.450676,28.850998,29.189743,29.363701,31.487755,30.32502,29.784851,28.223846,29.720757,29.244675,35.06752,38.221558,36.303505,31.908905,30.860611,30.270088,35.195694,32.105743,30.489815,31.474022,30.521858,35.200272,3547929.7,-0.0045776367,-0.0045776367,-0.0045776367,-0.0045776367,-0.0045776367,-0.0045776367,-0.0045776367,-0.0045776367,-0.0045776367,-0.0045776367,-0.0045776367,-0.0045776367,-0.0045776367,0.81939697,-0.84686279,0.18768311,0.11444092,-0.077819824,-0.0045776367,-0.0045776367,-0.0045776367,-0.0045776367,-0.0045776367,-0.0045776367,3547929.7
3638688941536,18.49914,0,34.751663,33.131149,32.517738,30.860611,32.348366,33.121994,34.142822,33.501945,32.957199,30.297554,32.636757,32.508583,37.397575,39.691002,35.845734,33.543144,32.348366,32.270546,38.473335,34.481575,33.689629,33.552299,32.655067,38.628975,3547949.7,31.886017,29.876404,29.450676,28.84642,29.189743,29.354546,31.492332,30.329597,29.789429,28.242157,29.711601,29.240097,35.062943,38.221558,36.308083,31.913483,30.856033,30.279243,35.191116,32.096588,30.480659,31.483177,30.503548,35.186539,3547949.7,-0.0045776367,-0.0045776367,-0.0045776367,-0.0045776367,-0.0045776367,-0.0045776367,-0.0045776367,-0.0045776367,-0.0045776367,-0.0045776367,-0.0045776367,-0.0045776367,-0.0045776367,0.68206787,0.086975098,0.3616333,-0.30670166,-0.21514893,-0.0045776367,-0.0045776367,-0.0045776367,-0.0045776367,-0.0045776367,-0.0045776367,3547949.7
3638708887456,18.519086,0,34.765396,33.135727,32.522316,30.869766,32.343788,33.126572,34.142822,33.501945,32.957199,30.292976,32.645912,32.504005,37.402153,39.691002,35.841156,33.543144,32.343788,32.270546,38.477913,34.481575,33.689629,33.547722,32.655067,38.624397,3547969.7,31.886017,29.885559,29.455254,28.837265,29.194321,29.377434,31.515221,30.32502,29.784851,28.233002,29.707024,29.221786,35.053787,38.230713,36.317238,31.89975,30.856033,30.260933,35.177383,32.119476,30.494392,31.487755,30.531013,35.214005,3547969.7,-0.0045776367,-0.0045776367,-0.0045776367,-0.0045776367,-0.0045776367,-0.0045776367,-0.0045776367,-0.0045776367,-0.0045776367,-0.0045776367,-0.0045776367,-0.0045776367,-0.0045776367,0.95672607,0.21514893,0.27008057,-0.4989624,-0.18768311,-0.0045776367,-0.0045776367,-0.0045776367,-0.0045776367,-0.0045776367,-0.0045776367,3547969.7
3638728886080,18.539085,0,34.751663,33.126572,32.522316,30.869766,32.343788,33.121994,34.142822,33.497368,32.957199,30.297554,32.655067,32.508583,37.397575,39.686424,35.850311,33.543144,32.348366,32.261391,38.468758,34.49073,33.694206,33.552299,32.659645,38.628975,3547989.7,31.886017,29.890137,29.42321,28.837265,29.194321,29.368279,31.501488,30.329597,29.789429,28.242157,29.702446,29.244675,35.053787,38.212402,36.317238,31.872284,30.856033,30.283821,35.177383,32.110321,30.503548,31.4786,30.49897,35.204849,3547989.7,-0.0045776367,-0.0045776367,-0.0045776367,-0.0045776367,-0.0045776367,-0.0045776367,-0.0045776367,-0.0045776367,-0.0045776367,-0.0045776367,-0.0045776367,-0.0045776367,-0.0045776367,1.1764832,0.31585693,0.10528564,-0.66375732,-0.26092529,-0.0045776367,-0.0045776367,-0.0045776367,-0.0045776367,-0.0045776367,-0.0045776367,3547989.7
3638749003648,18.559202,0,34.760818,33.131149,32.522316,30.865189,32.339211,33.121994,34.138245,33.506523,32.961777,30.302132,32.645912,32.513161,37.406731,39.681847,35.845734,33.543144,32.348366,32.261391,38.477913,34.486153,33.685051,33.552299,32.655067,38.628975,3548011.7,31.890594,29.880981,29.436943,28.841843,29.203476,29.377434,31.510643,30.320442,29.794006,28.228424,29.702446,29.240097,35.06752,38.221558,36.321815,31.908905,30.851456,30.260933,35.200272,32.110321,30.494392,31.474022,30.512703,35.200272,3548011.7,-0.0045776367,-0.0045776367,-0.0045776367,-0.0045776367,-0.0045776367,-0.0045776367,-0.0045776367,-0.0045776367,-0.0045776367,-0.0045776367,-0.0045776367,-0.0045776367,-0.0045776367,1.9546814,1.1307068,0.38909912,-0.92926025,-0.52642822,-0.0045776367,-0.0045776367,-0.0045776367,-0.0045776367,-0.0045776367,-0.0045776367,3548011.7
3638768875040,18.579074,0,34.756241,33.135727,32.517738,30.860611,32.348366,33.121994,34.142822,33.497368,32.961777,30.302132,32.645912,32.508583,37.397575,39.686424,35.845734,33.538567,32.343788,32.265968,38.473335,34.481575,33.689629,33.552299,32.655067,38.633553,3548029.7,31.881439,29.880981,29.446098,28.84642,29.189743,29.368279,31.506065,30.320442,29.789429,28.219269,29.720757,29.230942,35.062943,38.21698,36.29435,31.913483,30.878922,30.270088,35.181961,32.133209,30.480659,31.483177,30.512703,35.186539,3548029.7,-0.0045776367,-0.0045776367,-0.0045776367,-0.0045776367,-0.0045776367,-0.0045776367,-0.0045776367,-0.0045776367,-0.0045776367,-0.0045776367,-0.0045776367,-0.0045776367,-0.0045776367,2.0370789,0.95672607,-0.38909912,-1.0666199,-0.21514893,-0.0045776367,-0.0045776367,-0.0045776367,-0.0045776367,-0.0045776367,-0.0045776367,3548029.7
3638788883168,18.599082,0,34.756241,33.140305,32.517738,30.860611,32.348366,33.117416,34.142822,33.497368,32.957199,30.297554,32.645912,32.513161,37.392998,39.686424,35.845734,33.538567,32.339211,32.270546,38.473335,34.481575,33.698784,33.552299,32.655067,38.633553,3548049.7,31.890594,29.885559,29.464409,28.837265,29.189743,29.359123,31.510643,30.315865,29.807739,28.228424,29.711601,29.253838,35.058365,38.21698,36.308083,31.91806,30.865189,30.288399,35.200272,32.110321,30.485237,31.483177,30.512703,35.204849,3548049.7,-0.0045776367,-0.0045776367,-0.0045776367,-0.0045776367,-0.0045776367,-0.0045776367,-0.0045776367,-0.0045776367,-0.0045776367,-0.0045776367,-0.0045776367,-0.0045776367,-0.0045776367,2.0279236,0.58135986,-0.096130371,-1.1307068,-0.30670166,-0.0045776367,-0.0045776367,-0.0045776367,-0.0045776367,-0.0045776367,-0.0045776367,3548049.7
3638808890016,18.619089,0,34.760818,33.126572,32.513161,30.860611,32.348366,33.126572,34.138245,33.501945,32.966354,30.311287,32.645912,32.504005,37.397575,39.681847,35.845734,33.538567,32.352943,32.270546,38.477913,34.481575,33.694206,33.547722,32.655067,38.633553,3548069.7,31.872284,29.885559,29.441521,28.850998,29.189743,29.368279,31.501488,30.32502,29.807739,28.237579,29.711601,29.230942,35.062943,38.21698,36.321815,31.91806,30.851456,30.279243,35.204849,32.09201,30.49897,31.4786,30.512703,35.200272,3548069.7,-0.0045776367,-0.0045776367,-0.0045776367,-0.0045776367,-0.0045776367,-0.0045776367,-0.0045776367,-0.0045776367,-0.0045776367,-0.0045776367,-0.0045776367,-0.0045776367,-0.0045776367,1.7624207,0.70037842,-0.25177002,-1.1764832,-0.18768311,-0.0045776367,-0.0045776367,-0.0045776367,-0.0045776367,-0.0045776367,-0.0045776367,3548069.7
3638828876000,18.639075,0,34.756241,33.126572,32.517738,30.865189,32.348366,33.126572,34.138245,33.501945,32.961777,30.302132,32.641335,32.508583,37.397575,39.686424,35.854889,33.547722,32.348366,32.261391,38.477913,34.481575,33.689629,33.547722,32.659645,38.63813,3548089.7,31.890594,29.871826,29.446098,28.841843,29.171432,29.363701,31.510643,30.32502,29.789429,28.228424,29.720757,29.226364,35.058365,38.207825,36.31266,31.913483,30.874344,30.251778,35.186539,32.101166,30.476082,31.469444,30.508125,35.186539,3548089.7,-0.0045776367,-0.0045776367,-0.0045776367,-0.0045776367,-0.0045776367,-0.0045776367,-0.0045776367,-0.0045776367,-0.0045776367,-0.0045776367,-0.0045776367,-0.0045776367,-0.0045776367,1.7624207,1.4419861,-0.4989624,-1.4145203,-0.52642822,-0.0045776367,-0.0045776367,-0.0045776367,-0.0045776367,-0.0045776367,-0.0045776367,3548089.7
3638848899360,18.659098,0,34.760818,33.126572,32.522316,30.865189,32.343788,33.121994,34.142822,33.501945,32.957199,30.302132,32.645912,32.504005,37.402153,39.686424,35.850311,33.543144,32.352943,32.265968,38.477913,34.476997,33.689629,33.552299,32.65049,38.628975,3548109.7,31.890594,29.880981,29.446098,28.832687,29.180588,29.377434,31.515221,30.320442,29.780273,28.219269,29.711601,29.230942,35.06752,38.221558,36.330971,31.89975,30.869766,30.270088,35.218582,32.101166,30.489815,31.474022,30.521858,35.200272,3548109.7,-0.0045776367,-0.0045776367,-0.0045776367,-0.0045776367,-0.0045776367,-0.0045776367,-0.0045776367,-0.0045776367,-0.0045776367,-0.0045776367,-0.0045776367,-0.0045776367,-0.0045776367,2.0645447,1.2314148,-0.84686279,-1.606781,-0.21514893,-0.0045776367,-0.0045776367,-0.0045776367,-0.0045776367,-0.0045776367,-0.0045776367,3548109.7
3638868871744,18.67907,0,34.756241,33.126572,32.522316,30.865189,32.334633,33.126572,34.138245,33.501945,32.966354,30.297554,32.65049,32.508583,37.402153,39.691002,35.859467,33.538567,32.348366,32.261391,38.477913,34.486153,33.685051,33.552299,32.655067,38.63813,3548129.7,31.890594,29.885559,29.427788,28.841843,29.180588,29.372856,31.515221,30.311287,29.780273,28.223846,29.707024,29.235519,35.040054,38.221558,36.344704,31.922638,30.869766,30.260933,35.200272,32.114899,30.480659,31.4786,30.512703,35.204849,3548129.7,-0.0045776367,-0.0045776367,-0.0045776367,-0.0045776367,-0.0045776367,-0.0045776367,-0.0045776367,-0.0045776367,-0.0045776367,-0.0045776367,-0.0045776367,-0.0045776367,-0.0045776367,2.0828552,0.92926025,-1.3504333,-1.6250916,-0.16021729,-0.0045776367,-0.0045776367,-0.0045776367,-0.0045776367,-0.0045776367,-0.0045776367,3548129.7
3638888854336,18.699053,0,34.756241,33.126572,32.517738,30.865189,32.339211,33.121994,34.138245,33.501945,32.966354,30.292976,32.645912,32.513161,37.397575,39.69558,35.854889,33.547722,32.352943,32.270546,38.473335,34.481575,33.694206,33.547722,32.659645,38.633553,3548149.7,31.886017,29.894714,29.441521,28.855576,29.203476,29.363701,31.515221,30.32502,29.794006,28.219269,29.734489,29.240097,35.062943,38.21698,36.321815,31.890594,30.865189,30.279243,35.168228,32.101166,30.508125,31.469444,30.512703,35.209427,3548149.7,-0.0045776367,-0.0045776367,-0.0045776367,-0.0045776367,-0.0045776367,-0.0045776367,-0.0045776367,-0.0045776367,-0.0045776367,-0.0045776367,-0.0045776367,-0.0045776367,-0.0045776367,1.8173523,0.5355835,-1.2314148,-1.5426941,-0.25177002,-0.0045776367,-0.0045776367,-0.0045776367,-0.0045776367,-0.0045776367,-0.0045776367,3548149.7
3638908883904,18.719082,0,34.756241,33.126572,32.517738,30.860611,32.343788,33.117416,34.138245,33.501945,32.966354,30.292976,32.641335,32.508583,37.397575,39.686424,35.850311,33.547722,32.343788,32.270546,38.473335,34.481575,33.685051,33.547722,32.659645,38.633553,3548169.7,31.881439,29.862671,29.436943,28.841843,29.185165,29.377434,31.487755,30.315865,29.794006,28.228424,29.711601,29.230942,35.06752,38.212402,36.326393,31.913483,30.846878,30.274666,35.204849,32.105743,30.512703,31.474022,30.517281,35.191116,3548169.7,-0.0045776367,-0.0045776367,-0.0045776367,-0.0045776367,-0.0045776367,-0.0045776367,-0.0045776367,-0.0045776367,-0.0045776367,-0.0045776367,-0.0045776367,-0.0045776367,-0.0045776367,0.97503662,-0.10528564,-1.0208435,-1.2771912,-0.30670166,-0.0045776367,-0.0045776367,-0.0045776367,-0.0045776367,-0.0045776367,-0.0045776367,3548169.7
3638928884800,18.739083,0,34.756241,33.131149,32.517738,30.860611,32.339211,33.126572,34.138245,33.501945,32.957199,30.302132,32.641335,32.513161,37.402153,39.681847,35.845734,33.547722,32.352943,32.265968,38.468758,34.481575,33.689629,33.552299,32.65049,38.633553,3548189.7,31.890594,29.876404,29.432365,28.855576,29.17601,29.372856,31.506065,30.329597,29.789429,28.233002,29.707024,29.249252,35.062943,38.21698,36.358437,31.904327,30.851456,30.288399,35.200272,32.105743,30.466927,31.487755,30.540169,35.200272,3548189.7,-0.0045776367,-0.0045776367,-0.0045776367,-0.0045776367,-0.0045776367,-0.0045776367,-0.0045776367,-0.0045776367,-0.0045776367,-0.0045776367,-0.0045776367,-0.0045776367,-0.0045776367,0.92010498,-0.24261475,-1.3321228,-1.4419861,-0.21514893,-0.0045776367,-0.0045776367,-0.0045776367,-0.0045776367,-0.0045776367,-0.0045776367,3548189.7
3638949056704,18.759255,0,34.760818,33.131149,32.517738,30.860611,32.343788,33.121994,34.1474,33.501945,32.970932,30.306709,32.655067,32.513161,37.397575,39.681847,35.854889,33.547722,32.348366,32.270546,38.473335,34.49073,33.694206,33.552299,32.659645,38.63813,3548209.7,31.886017,29.862671,29.464409,28.837265,29.189743,29.368279,31.487755,30.315865,29.789429,28.237579,29.720757,29.249252,35.072098,38.221558,36.353859,31.922638,30.865189,30.274666,35.200272,32.114899,30.494392,31.455711,30.508125,35.209427,3548209.7,-0.0045776367,-0.0045776367,-0.0045776367,-0.0045776367,-0.0045776367,-0.0045776367,-0.0045776367,-0.0045776367,-0.0045776367,-0.0045776367,-0.0045776367,-0.0045776367,-0.0045776367,-0.28839111,-1.3321228,-1.1398621,-0.89263916,-0.40740967,-0.0045776367,-0.0045776367,-0.0045776367,-0.0045776367,-0.0045776367,-0.0045776367,3548209.7
3638968871712,18.77907,0,34.756241,33.131149,32.517738,30.869766,32.343788,33.121994,34.142822,33.497368,32.961777,30.302132,32.645912,32.508583,37.402153,39.686424,35.854889,33.543144,32.348366,32.275124,38.477913,34.49073,33.689629,33.547722,32.659645,38.633553,3548229.7,31.867706,29.880981,29.441521,28.84642,29.180588,29.382011,31.487755,30.311287,29.784851,28.223846,29.716179,29.230942,35.058365,38.203247,36.335548,31.908905,30.869766,30.279243,35.186539,32.105743,30.503548,31.460289,30.49897,35.204849,3548229.7,-0.0045776367,-0.0045776367,-0.0045776367,-0.0045776367,-0.0045776367,-0.0045776367,-0.0045776367,-0.0045776367,-0.0045776367,-0.0045776367,-0.0045776367,-0.0045776367,-0.0045776367,-0.31585693,-2.1469421,-1.7441101,-0.59051514,-0.21514893,-0.0045776367,-0.0045776367,-0.0045776367,-0.0045776367,-0.0045776367,-0.0045776367,3548229.7
3638988864544,18.799063,0,34.765396,33.131149,32.517738,30.860611,32.343788,33.126572,34.142822,33.501945,32.966354,30.292976,32.65049,32.504005,37.402153,39.691002,35.850311,33.547722,32.348366,32.261391,38.477913,34.481575,33.689629,33.547722,32.65049,38.628975,3548249.7,31.881439,29.880981,29.446098,28.837265,29.185165,29.382011,31.506065,30.334175,29.794006,28.233002,29.707024,29.249252,35.058365,38.212402,36.344704,31.922638,30.869766,30.270088,35.195694,32.119476,30.489815,31.4786,30.517281,35.195694,3548249.7,-0.0045776367,-0.0045776367,-0.0045776367,-0.0045776367,-0.0045776367,-0.0045776367,-0.0045776367,-0.0045776367,-0.0045776367,-0.0045776367,-0.0045776367,-0.0045776367,-0.0045776367,-0.3616333,-2.0004578,-1.4602966,-0.17852783,-0.3616333,-0.0045776367,-0.0045776367,-0.0045776367,-0.0045776367,-0.0045776367,-0.0045776367,3548249.7
3639008847136,18.819046,0,34.765396,33.121994,32.517738,30.865189,32.339211,33.117416,34.138245,33.497368,32.961777,30.302132,32.65049,32.504005,37.406731,39.686424,35.850311,33.543144,32.352943,32.261391,38.482491,34.481575,33.689629,33.547722,32.655067,38.633553,3548269.7,31.881439,29.880981,29.441521,28.841843,29.189743,29.382011,31.506065,30.34333,29.798584,28.228424,29.716179,29.226364,35.076675,38.221558,36.353859,31.922638,30.8423,30.283821,35.227737,32.110321,30.508125,31.474022,30.535591,35.200272,3548269.7,-0.0045776367,-0.0045776367,-0.0045776367,-0.0045776367,-0.0045776367,-0.0045776367,-0.0045776367,-0.0045776367,-0.0045776367,-0.0045776367,-0.0045776367,-0.0045776367,-0.0045776367,-1.2863464,-3.0441895,-2.3208923,-0.64544678,-0.33416748,-0.0045776367,-0.0045776367,-0.0045776367,-0.0045776367,-0.0045776367,-0.0045776367,3548269.7
3639028863584,18.839062,0,34.751663,33.131149,32.517738,30.865189,32.339211,33.126572,34.142822,33.501945,32.961777,30.297554,32.645912,32.504005,37.397575,39.681847,35.850311,33.547722,32.343788,32.261391,38.477913,34.486153,33.694206,33.547722,32.655067,38.628975,3548289.7,31.890594,29.890137,29.441521,28.850998,29.198898,29.372856,31.510643,30.32502,29.803162,28.233002,29.711601,29.230942,35.072098,38.194092,36.363014,31.904327,30.837723,30.288399,35.191116,32.114899,30.508125,31.474022,30.512703,35.200272,3548289.7,-0.0045776367,-0.0045776367,-0.0045776367,-0.0045776367,-0.0045776367,-0.0045776367,-0.0045776367,-0.0045776367,-0.0045776367,-0.0045776367,-0.0045776367,-0.0045776367,-0.0045776367,-1.7349548,-3.6850586,-1.5884705,-0.51727295,-0.34332275,-0.0045776367,-0.0045776367,-0.0045776367,-0.0045776367,-0.0045776367,-0.0045776367,3548289.7
3639048857440,18.859056,0,34.765396,33.131149,32.517738,30.869766,32.343788,33.112839,34.1474,33.501945,32.961777,30.297554,32.65049,32.504005,37.397575,39.686424,35.850311,33.543144,32.343788,32.265968,38.473335,34.486153,33.689629,33.543144,32.659645,38.633553,3548309.7,31.881439,29.880981,29.455254,28.84642,29.189743,29.377434,31.49691,30.32502,29.794006,28.242157,29.720757,29.235519,35.04921,38.221558,36.363014,31.91806,30.860611,30.292976,35.191116,32.110321,30.49897,31.469444,30.517281,35.204849,3548309.7,-0.0045776367,-0.0045776367,-0.0045776367,-0.0045776367,-0.0045776367,-0.0045776367,-0.0045776367,-0.0045776367,-0.0045776367,-0.0045776367,-0.0045776367,-0.0045776367,-0.0045776367,-1.9272156,-4.2069092,-2.0279236,-0.42572021,-0.15106201,-0.0045776367,-0.0045776367,-0.0045776367,-0.0045776367,-0.0045776367,-0.0045776367,3548309.7
3639068871072,18.87907,0,34.760818,33.131149,32.517738,30.865189,32.343788,33.126572,34.142822,33.497368,32.961777,30.306709,32.645912,32.513161,37.397575,39.691002,35.845734,33.552299,32.357521,32.270546,38.473335,34.486153,33.689629,33.547722,32.655067,38.63813,3548329.7,31.890594,29.885559,29.459831,28.850998,29.198898,29.377434,31.501488,30.32502,29.794006,28.233002,29.707024,29.240097,35.053787,38.207825,36.358437,31.913483,30.860611,30.279243,35.172806,32.110321,30.503548,31.464867,30.508125,35.209427,3548329.7,-0.0045776367,-0.0045776367,-0.0045776367,-0.0045776367,-0.0045776367,-0.0045776367,-0.0045776367,-0.0045776367,-0.0045776367,-0.0045776367,-0.0045776367,-0.0045776367,-0.0045776367,-1.6708679,-4.3533936,-2.2476501,-0.42572021,-0.12359619,-0.0045776367,-0.0045776367,-0.0045776367,-0.0045776367,-0.0045776367,-0.0045776367,3548329.7
3639088872384,18.899071,0,34.765396,33.126572,32.522316,30.869766,32.348366,33.121994,34.142822,33.506523,32.961777,30.297554,32.655067,32.504005,37.392998,39.691002,35.859467,33.543144,32.352943,32.270546,38.473335,34.481575,33.694206,33.547722,32.659645,38.628975,3548349.7,31.881439,29.890137,29.455254,28.850998,29.189743,29.372856,31.510643,30.32502,29.807739,28.237579,29.711601,29.244675,35.053787,38.212402,36.363014,31.913483,30.846878,30.279243,35.191116,32.105743,30.49897,31.474022,30.517281,35.186539,3548349.7,-0.0045776367,-0.0045776367,-0.0045776367,-0.0045776367,-0.0045776367,-0.0045776367,-0.0045776367,-0.0045776367,-0.0045776367,-0.0045776367,-0.0045776367,-0.0045776367,-0.0045776367,-2.6962585,-4.4541016,-2.1469421,-0.37078857,-0.059509277,-0.0045776367,-0.0045776367,-0.0045776367,-0.0045776367,-0.0045776367,-0.0045776367,3548349.7
3639108881824,18.91908,0,34.765396,33.126572,32.522316,30.869766,32.343788,33.121994,34.138245,33.497368,32.966354,30.297554,32.65049,32.508583,37.397575,39.691002,35.854889,33.543144,32.348366,32.265968,38.477913,34.481575,33.689629,33.543144,32.655067,38.63813,3548369.7,31.881439,29.885559,29.436943,28.837265,29.171432,29.372856,31.510643,30.34333,29.789429,28.214691,29.702446,29.244675,35.062943,38.21698,36.353859,31.922638,30.833145,30.288399,35.209427,32.110321,30.508125,31.455711,30.503548,35.232315,3548369.7,-0.0045776367,-0.0045776367,-0.0045776367,-0.0045776367,-0.0045776367,-0.0045776367,-0.0045776367,-0.0045776367,-0.0045776367,-0.0045776367,-0.0045776367,-0.0045776367,-0.0045776367,-2.5314636,-4.3808594,-2.4490662,-0.60882568,0.2243042,-0.0045776367,-0.0045776367,-0.0045776367,-0.0045776367,-0.0045776367,-0.0045776367,3548369.7
3639128852032,18.939051,0,34.756241,33.131149,32.522316,30.869766,32.339211,33.126572,34.142822,33.501945,32.961777,30.302132,32.65049,32.508583,37.397575,39.691002,35.854889,33.547722,32.352943,32.265968,38.473335,34.481575,33.698784,33.547722,32.655067,38.628975,3548389.7,31.872284,29.880981,29.459831,28.850998,29.189743,29.377434,31.483177,30.329597,29.794006,28.223846,29.702446,29.240097,35.058365,38.203247,36.381325,31.908905,30.851456,30.270088,35.177383,32.110321,30.49897,31.464867,30.512703,35.214005,3548389.7,-0.0045776367,-0.0045776367,-0.0045776367,-0.0045776367,-0.0045776367,-0.0045776367,-0.0045776367,-0.0045776367,-0.0045776367,-0.0045776367,-0.0045776367,-0.0045776367,-0.0045776367,-2.5589294,-4.2984619,-2.2293396,-0.6729126,0.16937256,-0.0045776367,-0.0045776367,-0.0045776367,-0.0045776367,-0.0045776367,-0.0045776367,3548389.7
3639149016224,18.959215,0,34.760818,33.131149,32.517738,30.865189,32.343788,33.121994,34.142822,33.506523,32.957199,30.302132,32.641335,32.508583,37.402153,39.686424,35.859467,33.552299,32.343788,32.265968,38.477913,34.481575,33.689629,33.552299,32.659645,38.628975,3548409.7,31.890594,29.876404,29.455254,28.84642,29.185165,29.368279,31.510643,30.329597,29.803162,28.237579,29.711601,29.244675,35.044632,38.198669,36.353859,31.922638,30.846878,30.297554,35.172806,32.124054,30.485237,31.455711,30.512703,35.200272,3548409.7,-0.0045776367,-0.0045776367,-0.0045776367,-0.0045776367,-0.0045776367,-0.0045776367,-0.0045776367,-0.0045776367,-0.0045776367,-0.0045776367,-0.0045776367,-0.0045776367,-0.0045776367,-2.8335876,-4.2893066,-2.0920105,-1.0574646,0.19683838,-0.0045776367,-0.0045776367,-0.0045776367,-0.0045776367,-0.0045776367,-0.0045776367,3548409.7
3639168854592,18.979053,0,34.756241,33.131149,32.522316,30.869766,32.334633,33.121994,34.142822,33.501945,32.966354,30.302132,32.641335,32.513161,37.397575,39.681847,35.850311,33.547722,32.357521,32.265968,38.477913,34.49073,33.689629,33.547722,32.664223,38.633553,3548429.7,31.872284,29.885559,29.427788,28.850998,29.185165,29.359123,31.515221,30.32502,29.780273,28.237579,29.711601,29.240097,35.06752,38.221558,36.363014,31.913483,30.856033,30.279243,35.209427,32.114899,30.494392,31.483177,30.503548,35.204849,3548429.7,-0.0045776367,-0.0045776367,-0.0045776367,-0.0045776367,-0.0045776367,-0.0045776367,-0.0045776367,-0.0045776367,-0.0045776367,-0.0045776367,-0.0045776367,-0.0045776367,-0.0045776367,-2.6504822,-4.2526855,-1.8173523,-0.8102417,0.068664551,-0.0045776367,-0.0045776367,-0.0045776367,-0.0045776367,-0.0045776367,-0.0045776367,3548429.7
3639188844224,18.999043,0,34.756241,33.131149,32.517738,30.869766,32.343788,33.121994,34.142822,33.501945,32.957199,30.302132,32.645912,32.517738,37.397575,39.686424,35.850311,33.543144,32.352943,32.265968,38.482491,34.486153,33.698784,33.547722,32.659645,38.628975,3548449.7,31.886017,29.880981,29.446098,28.837265,29.185165,29.377434,31.501488,30.32502,29.807739,28.223846,29.716179,29.226364,35.076675,38.212402,36.358437,31.908905,30.856033,30.283821,35.191116,32.101166,30.512703,31.483177,30.526436,35.191116,3548449.7,-0.0045776367,-0.0045776367,-0.0045776367,-0.0045776367,-0.0045776367,-0.0045776367,-0.0045776367,-0.0045776367,-0.0045776367,-0.0045776367,-0.0045776367,-0.0045776367,-0.0045776367,-3.5568848,-3.5568848,-1.5518494,-1.2497253,0.21514893,-0.0045776367,-0.0045776367,-0.0045776367,-0.0045776367,-0.0045776367,-0.0045776367,3548449.7
3639208869248,19.019068,0,34.760818,33.131149,32.517738,30.865189,32.348366,33.126572,34.142822,33.501945,32.961777,30.302132,32.645912,32.513161,37.402153,39.686424,35.850311,33.547722,32.348366,32.265968,38.482491,34.486153,33.689629,33.552299,32.659645,38.633553,3548469.7,31.867706,29.871826,29.459831,28.84642,29.189743,29.391167,31.510643,30.315865,29.798584,28.228424,29.711601,29.249252,35.06752,38.221558,36.395058,31.931793,30.865189,30.256355,35.191116,32.105743,30.489815,31.487755,30.521858,35.191116,3548469.7,-0.0045776367,-0.0045776367,-0.0045776367,-0.0045776367,-0.0045776367,-0.0045776367,-0.0045776367,-0.0045776367,-0.0045776367,-0.0045776367,-0.0045776367,-0.0045776367,-0.0045776367,-3.7766113,-3.5111084,-0.92926025,-1.2863464,0.18768311,-0.0045776367,-0.0045776367,-0.0045776367,-0.0045776367,-0.0045776367,-0.0045776367,3548469.7
3639228877024,19.039076,0,34.756241,33.131149,32.513161,30.869766,32.348366,33.126572,34.142822,33.501945,32.961777,30.297554,32.65049,32.513161,37.402153,39.686424,35.854889,33.547722,32.352943,32.265968,38.473335,34.495308,33.694206,33.547722,32.664223,38.63813,3548489.7,31.876862,29.871826,29.446098,28.84642,29.189743,29.359123,31.510643,30.338753,29.794006,28.237579,29.707024,29.244675,35.06752,38.198669,36.385902,31.936371,30.846878,30.265511,35.214005,32.105743,30.485237,31.464867,30.503548,35.195694,3548489.7,-0.0045776367,-0.0045776367,-0.0045776367,-0.0045776367,-0.0045776367,-0.0045776367,-0.0045776367,-0.0045776367,-0.0045776367,-0.0045776367,-0.0045776367,-0.0045776367,-0.0045776367,-3.9871826,-3.4561768,-1.0483093,-1.0299988,0.096130371,-0.0045776367,-0.0045776367,-0.0045776367,-0.0045776367,-0.0045776367,-0.0045776367,3548489.7
3639248842400,19.059041,0,34.760818,33.131149,32.522316,30.865189,32.348366,33.131149,34.138245,33.506523,32.961777,30.297554,32.645912,32.508583,37.397575,39.691002,35.854889,33.547722,32.348366,32.265968,38.482491,34.481575,33.689629,33.552299,32.664223,38.633553,3548509.7,31.904327,29.871826,29.441521,28.84642,29.198898,29.377434,31.519798,30.32502,29.780273,28.228424,29.711601,29.230942,35.072098,38.184937,36.385902,31.904327,30.851456,30.274666,35.200272,32.119476,30.503548,31.4786,30.517281,35.181961,3548509.7,-0.0045776367,-0.0045776367,-0.0045776367,-0.0045776367,-0.0045776367,-0.0045776367,-0.0045776367,-0.0045776367,-0.0045776367,-0.0045776367,-0.0045776367,-0.0045776367,-0.0045776367,-3.7399902,-3.163208,-0.84686279,-0.69122314,-0.022888184,-0.0045776367,-0.0045776367,-0.0045776367,-0.0045776367,-0.0045776367,-0.0045776367,3548509.7
3639268885152,19.079084,0,34.756241,33.126572,32.517738,30.860611,32.339211,33.121994,34.138245,33.501945,32.961777,30.302132,32.655067,32.508583,37.402153,39.686424,35.850311,33.552299,32.352943,32.270546,38.477913,34.486153,33.694206,33.547722,32.655067,38.628975,3548529.7,31.872284,29.871826,29.450676,28.84642,29.194321,29.386589,31.515221,30.320442,29.798584,28.228424,29.707024,29.235519,35.058365,38.21698,36.376747,31.931793,30.856033,30.283821,35.200272,32.105743,30.503548,31.4786,30.535591,35.218582,3548529.7,-0.0045776367,-0.0045776367,-0.0045776367,-0.0045776367,-0.0045776367,-0.0045776367,-0.0045776367,-0.0045776367,-0.0045776367,-0.0045776367,-0.0045776367,-0.0045776367,-0.0045776367,-4.0970459,-2.8885193,-0.65460205,-0.73699951,-0.096130371,-0.0045776367,-0.0045776367,-0.0045776367,-0.0045776367,-0.0045776367,-0.0045776367,3548529.7
3639288905760,19.099104,0,34.760818,33.126572,32.517738,30.860611,32.343788,33.121994,34.142822,33.506523,32.957199,30.297554,32.65049,32.508583,37.406731,39.681847,35.850311,33.547722,32.348366,32.270546,38.477913,34.49073,33.689629,33.552299,32.659645,38.628975,3548549.7,31.89975,29.880981,29.446098,28.850998,29.189743,29.372856,31.49691,30.334175,29.794006,28.223846,29.725334,29.253838,35.044632,38.221558,36.372169,31.927216,30.856033,30.288399,35.195694,32.110321,30.512703,31.464867,30.512703,35.195694,3548549.7,-0.0045776367,-0.0045776367,-0.0045776367,-0.0045776367,-0.0045776367,-0.0045776367,-0.0045776367,-0.0045776367,-0.0045776367,-0.0045776367,-0.0045776367,-0.0045776367,-0.0045776367,-4.1611328,-2.57724,-0.12359619,-0.99334717,-0.096130371,-0.0045776367,-0.0045776367,-0.0045776367,-0.0045776367,-0.0045776367,-0.0045776367,3548549.7
3639308858432,19.119057,0,34.751663,33.121994,32.522316,30.865189,32.348366,33.126572,34.142822,33.501945,32.961777,30.302132,32.645912,32.508583,37.406731,39.681847,35.859467,33.552299,32.352943,32.265968,38.482491,34.486153,33.694206,33.552299,32.65049,38.61982,3548569.7,31.876862,29.880981,29.459831,28.84642,29.180588,29.377434,31.506065,30.329597,29.784851,28.237579,29.711601,29.221786,35.06752,38.21698,36.39048,31.936371,30.865189,30.251778,35.195694,32.105743,30.503548,31.4786,30.503548,35.209427,3548569.7,-0.0045776367,-0.0045776367,-0.0045776367,-0.0045776367,-0.0045776367,-0.0045776367,-0.0045776367,-0.0045776367,-0.0045776367,-0.0045776367,-0.0045776367,-0.0045776367,-0.0045776367,-4.4449463,-2.5039978,-0.21514893,-0.55389404,-0.20599365,-0.0045776367,-0.0045776367,-0.0045776367,-0.0045776367,-0.0045776367,-0.0045776367,3548569.7
3639328886016,19.139085,0,34.756241,33.131149,32.517738,30.865189,32.343788,33.121994,34.138245,33.497368,32.961777,30.302132,32.645912,32.508583,37.397575,39.681847,35.854889,33.552299,32.352943,32.270546,38.473335,34.486153,33.689629,33.547722,32.659645,38.633553,3548589.7,31.890594,29.890137,29.427788,28.82811,29.180588,29.386589,31.515221,30.32502,29.789429,28.233002,29.707024,29.217209,35.081253,38.226135,36.381325,31.931793,30.860611,30.256355,35.218582,32.105743,30.485237,31.469444,30.512703,35.209427,3548589.7,-0.0045776367,-0.0045776367,-0.0045776367,-0.0045776367,-0.0045776367,-0.0045776367,-0.0045776367,-0.0045776367,-0.0045776367,-0.0045776367,-0.0045776367,-0.0045776367,-0.0045776367,-4.7836914,-1.7990417,0.37994385,-1.0483093,-0.29754639,-0.0045776367,-0.0045776367,-0.0045776367,-0.0045776367,-0.0045776367,-0.0045776367,3548589.7
3639349041472,19.15924,0,34.760818,33.126572,32.513161,30.869766,32.352943,33.121994,34.142822,33.501945,32.961777,30.302132,32.641335,32.513161,37.406731,39.677269,35.850311,33.547722,32.348366,32.265968,38.477913,34.486153,33.689629,33.552299,32.655067,38.633553,3548609.7,31.890594,29.867249,29.446098,28.84642,29.180588,29.386589,31.515221,30.329597,29.780273,28.219269,29.702446,29.217209,35.072098,38.207825,36.372169,31.913483,30.865189,30.265511,35.191116,32.101166,30.489815,31.474022,30.521858,35.200272,3548609.7,-0.0045776367,-0.0045776367,-0.0045776367,-0.0045776367,-0.0045776367,-0.0045776367,-0.0045776367,-0.0045776367,-0.0045776367,-0.0045776367,-0.0045776367,-0.0045776367,-0.0045776367,-4.9759521,-1.7624207,0.55389404,-1.2771912,-0.25177002,-0.0045776367,-0.0045776367,-0.0045776367,-0.0045776367,-0.0045776367,-0.0045776367,3548609.7
3639368903904,19.179102,0,34.760818,33.126572,32.522316,30.869766,32.343788,33.126572,34.142822,33.501945,32.961777,30.302132,32.65049,32.508583,37.397575,39.691002,35.854889,33.556877,32.357521,32.270546,38.477913,34.49073,33.694206,33.552299,32.655067,38.63813,3548629.7,31.872284,29.871826,29.446098,28.841843,29.185165,29.377434,31.506065,30.329597,29.780273,28.237579,29.707024,29.244675,35.062943,38.212402,36.376747,31.931793,30.860611,30.260933,35.209427,32.101166,30.480659,31.455711,30.512703,35.204849,3548629.7,-0.0045776367,-0.0045776367,-0.0045776367,-0.0045776367,-0.0045776367,-0.0045776367,-0.0045776367,-0.0045776367,-0.0045776367,-0.0045776367,-0.0045776367,-0.0045776367,-0.0045776367,-4.9393311,-1.7898865,0.91094971,-1.4511414,-0.10528564,-0.0045776367,-0.0045776367,-0.0045776367,-0.0045776367,-0.0045776367,-0.0045776367,3548629.7
3639388857024,19.199056,0,34.765396,33.131149,32.513161,30.865189,32.348366,33.121994,34.142822,33.511101,32.961777,30.297554,32.645912,32.513161,37.397575,39.681847,35.850311,33.543144,32.357521,32.270546,38.477913,34.481575,33.689629,33.547722,32.655067,38.633553,3548649.7,31.895172,29.880981,29.446098,28.84642,29.185165,29.372856,31.506065,30.32502,29.798584,28.237579,29.743645,29.221786,35.04921,38.207825,36.385902,31.931793,30.860611,30.265511,35.186539,32.105743,30.489815,31.474022,30.512703,35.200272,3548649.7,-0.0045776367,-0.0045776367,-0.0045776367,-0.0045776367,-0.0045776367,-0.0045776367,-0.0045776367,-0.0045776367,-0.0045776367,-0.0045776367,-0.0045776367,-0.0045776367,-0.0045776367,-4.5914307,-1.2222595,0.6362915,-1.2405701,-0.20599365,-0.0045776367,-0.0045776367,-0.0045776367,-0.0045776367,-0.0045776367,-0.0045776367,3548649.7
3639408832800,19.219031,0,34.756241,33.131149,32.517738,30.874344,32.348366,33.126572,34.142822,33.506523,32.957199,30.297554,32.655067,32.504005,37.402153,39.686424,35.854889,33.543144,32.357521,32.270546,38.477913,34.486153,33.694206,33.552299,32.659645,38.633553,3548669.7,31.886017,29.880981,29.446098,28.84642,29.185165,29.368279,31.506065,30.329597,29.794006,28.233002,29.707024,29.240097,35.085831,38.21698,36.39048,31.91806,30.851456,30.270088,35.191116,32.09201,30.485237,31.469444,30.526436,35.195694,3548669.7,-0.0045776367,-0.0045776367,-0.0045776367,-0.0045776367,-0.0045776367,-0.0045776367,-0.0045776367,-0.0045776367,-0.0045776367,-0.0045776367,-0.0045776367,-0.0045776367,-0.0045776367,-5.1133118,-1.0940857,0.75531006,-1.1490173,-0.2243042,-0.0045776367,-0.0045776367,-0.0045776367,-0.0045776367,-0.0045776367,-0.0045776367,3548669.7
3639428868192,19.239067,0,34.756241,33.131149,32.517738,30.869766,32.343788,33.126572,34.142822,33.501945,32.961777,30.302132,32.641335,32.508583,37.406731,39.681847,35.854889,33.552299,32.352943,32.265968,38.473335,34.486153,33.694206,33.547722,32.655067,38.628975,3548689.7,31.881439,29.871826,29.450676,28.84642,29.198898,29.377434,31.510643,30.329597,29.798584,28.228424,29.711601,29.217209,35.072098,38.221558,36.408791,31.922638,30.865189,30.265511,35.186539,32.105743,30.489815,31.4786,30.508125,35.195694,3548689.7,-0.0045776367,-0.0045776367,-0.0045776367,-0.0045776367,-0.0045776367,-0.0045776367,-0.0045776367,-0.0045776367,-0.0045776367,-0.0045776367,-0.0045776367,-0.0045776367,-0.0045776367,-4.6188965,-0.90179443,0.72784424,-0.97503662,-0.12359619,-0.0045776367,-0.0045776367,-0.0045776367,-0.0045776367,-0.0045776367,-0.0045776367,3548689.7
3639448844480,19.259043,0,34.756241,33.131149,32.517738,30.865189,32.348366,33.126572,34.138245,33.506523,32.961777,30.302132,32.65049,32.508583,37.397575,39.686424,35.864044,33.552299,32.352943,32.270546,38.477913,34.486153,33.689629,33.547722,32.659645,38.633553,3548709.7,31.886017,29.890137,29.436943,28.837265,29.212631,29.368279,31.519798,30.32502,29.794006,28.237579,29.725334,29.244675,35.058365,38.207825,36.376747,31.913483,30.874344,30.265511,35.227737,32.101166,30.489815,31.464867,30.517281,35.214005,3548709.7,-0.0045776367,-0.0045776367,-0.0045776367,-0.0045776367,-0.0045776367,-0.0045776367,-0.0045776367,-0.0045776367,-0.0045776367,-0.0045776367,-0.0045776367,-0.0045776367,-0.0045776367,-4.4632568,-0.83770752,0.70953369,-1.0666199,-0.5355835,-0.0045776367,-0.0045776367,-0.0045776367,-0.0045776367,-0.0045776367,-0.0045776367,3548709.7
3639468830016,19.279029,0,34.765396,33.135727,32.517738,30.865189,32.348366,33.126572,34.142822,33.506523,32.966354,30.302132,32.645912,32.504005,37.397575,39.677269,35.859467,33.552299,32.357521,32.265968,38.482491,34.481575,33.689629,33.552299,32.655067,38.63813,3548729.7,31.881439,29.871826,29.441521,28.841843,29.203476,29.377434,31.501488,30.329597,29.798584,28.214691,29.702446,29.249252,35.072098,38.21698,36.399635,31.922638,30.865189,30.265511,35.191116,32.105743,30.512703,31.4786,30.512703,35.200272,3548729.7,-0.0045776367,-0.0045776367,-0.0045776367,-0.0045776367,-0.0045776367,-0.0045776367,-0.0045776367,-0.0045776367,-0.0045776367,-0.0045776367,-0.0045776367,-0.0045776367,-0.0045776367,-4.1428223,-0.71868896,0.04119873,-0.41656494,-0.45318604,-0.0045776367,-0.0045776367,-0.0045776367,-0.0045776367,-0.0045776367,-0.0045776367,3548729.7
3639488856608,19.299055,0,34.756241,33.131149,32.517738,30.860611,32.339211,33.126572,34.142822,33.497368,32.957199,30.297554,32.655067,32.508583,37.402153,39.686424,35.850311,33.552299,32.357521,32.270546,38.473335,34.481575,33.689629,33.552299,32.655067,38.633553,3548749.7,31.895172,29.880981,29.436943,28.837265,29.189743,29.363701,31.49691,30.32502,29.789429,28.223846,29.720757,29.249252,35.058365,38.212402,36.39048,31.908905,30.869766,30.283821,35.214005,32.101166,30.480659,31.4786,30.503548,35.200272,3548749.7,-0.0045776367,-0.0045776367,-0.0045776367,-0.0045776367,-0.0045776367,-0.0045776367,-0.0045776367,-0.0045776367,-0.0045776367,-0.0045776367,-0.0045776367,-0.0045776367,-0.0045776367,-3.3463135,-0.60882568,0.068664551,-0.47149658,-0.2243042,-0.0045776367,-0.0045776367,-0.0045776367,-0.0045776367,-0.0045776367,-0.0045776367,3548749.7
3639508846592,19.319045,0,34.760818,33.131149,32.522316,30.869766,32.343788,33.121994,34.138245,33.506523,32.961777,30.297554,32.645912,32.504005,37.397575,39.681847,35.850311,33.547722,32.357521,32.270546,38.477913,34.481575,33.689629,33.547722,32.659645,38.63813,3548769.7,31.89975,29.880981,29.441521,28.84642,29.189743,29.377434,31.506065,30.306709,29.794006,28.233002,29.707024,29.240097,35.062943,38.21698,36.39048,31.908905,30.874344,30.260933,35.186539,32.114899,30.503548,31.483177,30.49897,35.200272,3548769.7,-0.0045776367,-0.0045776367,-0.0045776367,-0.0045776367,-0.0045776367,-0.0045776367,-0.0045776367,-0.0045776367,-0.0045776367,-0.0045776367,-0.0045776367,-0.0045776367,-0.0045776367,-3.3463135,-0.84686279,-0.14190674,-0.2243042,-0.30670166,-0.0045776367,-0.0045776367,-0.0045776367,-0.0045776367,-0.0045776367,-0.0045776367,3548769.7
3639528850688,19.339049,0,34.760818,33.131149,32.517738,30.865189,32.343788,33.121994,34.142822,33.497368,32.966354,30.297554,32.65049,32.513161,37.402153,39.681847,35.850311,33.556877,32.352943,32.275124,38.473335,34.486153,33.689629,33.547722,32.65049,38.633553,3548789.7,31.886017,29.890137,29.432365,28.84642,29.185165,29.372856,31.506065,30.329597,29.775696,28.237579,29.711601,29.240097,35.062943,38.212402,36.399635,31.922638,30.860611,30.265511,35.200272,32.110321,30.508125,31.483177,30.517281,35.214005,3548789.7,-0.0045776367,-0.0045776367,-0.0045776367,-0.0045776367,-0.0045776367,-0.0045776367,-0.0045776367,-0.0045776367,-0.0045776367,-0.0045776367,-0.0045776367,-0.0045776367,-0.0045776367,-3.465332,-1.1123962,-0.34332275,0.04119873,-0.34332275,-0.0045776367,-0.0045776367,-0.0045776367,-0.0045776367,-0.0045776367,-0.0045776367,3548789.7
3639549015328,19.359214,0,34.760818,33.131149,32.522316,30.869766,32.352943,33.121994,34.138245,33.501945,32.961777,30.302132,32.65049,32.508583,37.406731,39.681847,35.859467,33.543144,32.357521,32.270546,38.477913,34.49073,33.698784,33.552299,32.659645,38.633553,3548809.7,31.904327,29.890137,29.441521,28.841843,29.189743,29.372856,31.510643,30.315865,29.784851,28.223846,29.725334,29.221786,35.062943,38.235291,36.399635,31.927216,30.865189,30.283821,35.227737,32.101166,30.480659,31.460289,30.535591,35.191116,3548809.7,-0.0045776367,-0.0045776367,-0.0045776367,-0.0045776367,-0.0045776367,-0.0045776367,-0.0045776367,-0.0045776367,-0.0045776367,-0.0045776367,-0.0045776367,-0.0045776367,-0.0045776367,-3.1357422,-1.2955017,-0.13275146,-0.050354004,-0.086975098,-0.0045776367,-0.0045776367,-0.0045776367,-0.0045776367,-0.0045776367,-0.0045776367,3548809.7
3639568837792,19.379036,0,34.756241,33.131149,32.522316,30.869766,32.348366,33.121994,34.142822,33.501945,32.966354,30.302132,32.655067,32.504005,37.402153,39.686424,35.854889,33.547722,32.352943,32.275124,38.477913,34.476997,33.689629,33.552299,32.659645,38.633553,3548829.7,31.876862,29.894714,29.459831,28.84642,29.180588,29.372856,31.506065,30.334175,29.771118,28.233002,29.702446,29.230942,35.062943,38.21698,36.385902,31.931793,30.865189,30.274666,35.177383,32.110321,30.503548,31.4786,30.521858,35.218582,3548829.7,-0.0045776367,-0.0045776367,-0.0045776367,-0.0045776367,-0.0045776367,-0.0045776367,-0.0045776367,-0.0045776367,-0.0045776367,-0.0045776367,-0.0045776367,-0.0045776367,-0.0045776367,-3.0899658,-1.908905,-0.60882568,0.31585693,-0.60882568,-0.0045776367,-0.0045776367,-0.0045776367,-0.0045776367,-0.0045776367,-0.0045776367,3548829.7
3639588847776,19.399046,0,34.765396,33.135727,32.526894,30.865189,32.352943,33.121994,34.142822,33.506523,32.966354,30.302132,32.645912,32.513161,37.397575,39.686424,35.850311,33.556877,32.357521,32.270546,38.473335,34.486153,33.698784,33.552299,32.659645,38.633553,3548849.7,31.881439,29.890137,29.441521,28.850998,29.166855,29.377434,31.515221,30.311287,29.780273,28.237579,29.729912,29.230942,35.053787,38.194092,36.413368,31.908905,30.860611,30.279243,35.204849,32.114899,30.494392,31.464867,30.526436,35.22316,3548849.7,-0.0045776367,-0.0045776367,-0.0045776367,-0.0045776367,-0.0045776367,-0.0045776367,-0.0045776367,-0.0045776367,-0.0045776367,-0.0045776367,-0.0045776367,-0.0045776367,-0.0045776367,-3.1906738,-2.0920105,-0.59967041,0.20599365,-0.24261475,-0.0045776367,-0.0045776367,-0.0045776367,-0.0045776367,-0.0045776367,-0.0045776367,3548849.7
3639608844800,19.419043,0,34.760818,33.131149,32.522316,30.869766,32.343788,33.121994,34.138245,33.506523,32.966354,30.297554,32.65049,32.508583,37.397575,39.691002,35.859467,33.552299,32.362099,32.275124,38.473335,34.486153,33.698784,33.547722,32.659645,38.63813,3548869.7,31.895172,29.890137,29.446098,28.855576,29.189743,29.359123,31.515221,30.329597,29.794006,28.233002,29.711601,29.230942,35.058365,38.194092,36.413368,31.922638,30.851456,30.292976,35.181961,32.114899,30.508125,31.487755,30.508125,35.204849,3548869.7,-0.0045776367,-0.0045776367,-0.0045776367,-0.0045776367,-0.0045776367,-0.0045776367,-0.0045776367,-0.0045776367,-0.0045776367,-0.0045776367,-0.0045776367,-0.0045776367,-0.0045776367,-3.4927979,-2.3117371,-0.41656494,0.032043457,-0.30670166,-0.0045776367,-0.0045776367,-0.0045776367,-0.0045776367,-0.0045776367,-0.0045776367,3548869.7
3639628843584,19.439042,0,34.760818,33.135727,32.517738,30.869766,32.343788,33.126572,34.142822,33.501945,32.961777,30.302132,32.65049,32.508583,37.406731,39.681847,35.850311,33.552299,32.362099,32.270546,38.477913,34.486153,33.685051,33.552299,32.655067,38.633553,3548889.7,31.886017,29.885559,29.455254,28.82811,29.185165,29.395744,31.515221,30.32502,29.798584,28.233002,29.720757,29.235519,35.062943,38.21698,36.404213,31.931793,30.860611,30.274666,35.214005,32.101166,30.503548,31.469444,30.526436,35.191116,3548889.7,-0.0045776367,-0.0045776367,-0.0045776367,-0.0045776367,-0.0045776367,-0.0045776367,-0.0045776367,-0.0045776367,-0.0045776367,-0.0045776367,-0.0045776367,-0.0045776367,-0.0045776367,-3.7125244,-2.2934265,-0.25177002,-0.10528564,-0.19683838,-0.0045776367,-0.0045776367,-0.0045776367,-0.0045776367,-0.0045776367,-0.0045776367,3548889.7
3639649030784,19.459229,0,34.756241,33.131149,32.517738,30.874344,32.348366,33.126572,34.142822,33.511101,32.961777,30.297554,32.65049,32.504005,37.406731,39.691002,35.854889,33.543144,32.357521,32.270546,38.473335,34.486153,33.689629,33.552299,32.655067,38.63813,3548911.7,31.863129,29.894714,29.450676,28.850998,29.185165,29.363701,31.510643,30.315865,29.780273,28.233002,29.729912,29.221786,35.053787,38.207825,36.417946,31.936371,30.860611,30.274666,35.204849,32.101166,30.480659,31.455711,30.517281,35.22316,3548911.7,-0.0045776367,-0.0045776367,-0.0045776367,-0.0045776367,-0.0045776367,-0.0045776367,-0.0045776367,-0.0045776367,-0.0045776367,-0.0045776367,-0.0045776367,-0.0045776367,-0.0045776367,-4.5456543,-1.6983337,-0.17852783,-0.24261475,-0.2243042,-0.0045776367,-0.0045776367,-0.0045776367,-0.0045776367,-0.0045776367,-0.0045776367,3548911.7
3639668839616,19.479038,0,34.756241,33.131149,32.522316,30.869766,32.343788,33.121994,34.138245,33.506523,32.966354,30.302132,32.655067,32.504005,37.397575,39.69558,35.859467,33.552299,32.362099,32.275124,38.482491,34.486153,33.694206,33.547722,32.659645,38.633553,3548929.7,31.890594,29.894714,29.432365,28.841843,29.198898,29.386589,31.506065,30.32502,29.798584,28.237579,29.716179,29.235519,35.062943,38.194092,36.413368,31.91806,30.869766,30.274666,35.22316,32.119476,30.49897,31.469444,30.512703,35.204849,3548929.7,-0.0045776367,-0.0045776367,-0.0045776367,-0.0045776367,-0.0045776367,-0.0045776367,-0.0045776367,-0.0045776367,-0.0045776367,-0.0045776367,-0.0045776367,-0.0045776367,-0.0045776367,-4.5548096,-1.5610046,0.13275146,-0.15106201,-0.12359619,-0.0045776367,-0.0045776367,-0.0045776367,-0.0045776367,-0.0045776367,-0.0045776367,3548929.7
3639688820000,19.499019,0,34.756241,33.126572,32.522316,30.869766,32.343788,33.126572,34.138245,33.501945,32.961777,30.297554,32.645912,32.508583,37.397575,39.700157,35.850311,33.552299,32.352943,32.270546,38.473335,34.486153,33.694206,33.543144,32.659645,38.633553,3548949.7,31.881439,29.871826,29.441521,28.84642,29.189743,29.372856,31.515221,30.32502,29.812317,28.228424,29.711601,29.253838,35.06752,38.194092,36.399635,31.931793,30.865189,30.302132,35.214005,32.105743,30.49897,31.4786,30.521858,35.227737,3548949.7,-0.0045776367,-0.0045776367,-0.0045776367,-0.0045776367,-0.0045776367,-0.0045776367,-0.0045776367,-0.0045776367,-0.0045776367,-0.0045776367,-0.0045776367,-0.0045776367,-0.0045776367,-5.2964172,-1.0116882,0.059509277,-0.38909912,-0.24261475,-0.0045776367,-0.0045776367,-0.0045776367,-0.0045776367,-0.0045776367,-0.0045776367,3548949.7
3639708812448,19.519011,0,34.751663,33.140305,32.526894,30.865189,32.348366,33.126572,34.142822,33.497368,32.961777,30.302132,32.65049,32.513161,37.397575,39.691002,35.854889,33.547722,32.357521,32.279701,38.473335,34.481575,33.689629,33.547722,32.655067,38.633553,3548969.7,31.890594,29.890137,29.446098,28.832687,29.180588,29.363701,31.524376,30.329597,29.784851,28.233002,29.711601,29.240097,35.062943,38.189514,36.436256,31.945526,30.865189,30.265511,35.227737,32.105743,30.49897,31.487755,30.526436,35.204849,3548969.7,-0.0045776367,-0.0045776367,-0.0045776367,-0.0045776367,-0.0045776367,-0.0045776367,-0.0045776367,-0.0045776367,-0.0045776367,-0.0045776367,-0.0045776367,-0.0045776367,-0.0045776367,-5.1499329,-0.20599365,0.6362915,0.086975098,-0.3616333,-0.0045776367,-0.0045776367,-0.0045776367,-0.0045776367,-0.0045776367,-0.0045776367,3548969.7
3639728845728,19.539044,0,34.760818,33.126572,32.522316,30.869766,32.348366,33.121994,34.142822,33.501945,32.957199,30.306709,32.645912,32.508583,37.402153,39.686424,35.854889,33.538567,32.362099,32.275124,38.477913,34.486153,33.689629,33.552299,32.659645,38.633553,3548989.7,31.872284,29.894714,29.450676,28.850998,29.185165,29.382011,31.487755,30.315865,29.803162,28.233002,29.729912,29.235519,35.06752,38.198669,36.404213,31.927216,30.856033,30.274666,35.209427,32.105743,30.49897,31.487755,30.526436,35.200272,3548989.7,-0.0045776367,-0.0045776367,-0.0045776367,-0.0045776367,-0.0045776367,-0.0045776367,-0.0045776367,-0.0045776367,-0.0045776367,-0.0045776367,-0.0045776367,-0.0045776367,-0.0045776367,-5.5985413,-0.050354004,0.58135986,-0.17852783,-0.43487549,-0.0045776367,-0.0045776367,-0.0045776367,-0.0045776367,-0.0045776367,-0.0045776367,3548989.7
3639748989088,19.559188,0,34.756241,33.135727,32.517738,30.869766,32.348366,33.131149,34.1474,33.501945,32.97551,30.306709,32.65049,32.504005,37.397575,39.691002,35.854889,33.543144,32.371254,32.275124,38.482491,34.486153,33.694206,33.556877,32.659645,38.633553,3549009.7,31.881439,29.890137,29.450676,28.84642,29.189743,29.382011,31.506065,30.32502,29.798584,28.237579,29.711601,29.249252,35.04921,38.207825,36.417946,31.913483,30.874344,30.265511,35.200272,32.110321,30.503548,31.474022,30.526436,35.204849,3549009.7,-0.0045776367,-0.0045776367,-0.0045776367,-0.0045776367,-0.0045776367,-0.0045776367,-0.0045776367,-0.0045776367,-0.0045776367,-0.0045776367,-0.0045776367,-0.0045776367,-0.0045776367,-4.2801514,1.808197,0.82855225,-0.5355835,-0.48980713,-0.0045776367,-0.0045776367,-0.0045776367,-0.0045776367,-0.0045776367,-0.0045776367,3549009.7
3639768811776,19.57901,0,34.760818,33.131149,32.522316,30.869766,32.348366,33.126572,34.138245,33.497368,32.970932,30.302132,32.65049,32.504005,37.406731,39.686424,35.854889,33.547722,32.362099,32.279701,38.477913,34.486153,33.694206,33.552299,32.659645,38.63813,3549029.7,31.863129,29.890137,29.450676,28.82811,29.203476,29.372856,31.515221,30.320442,29.789429,28.237579,29.716179,29.230942,35.072098,38.212402,36.39048,31.904327,30.869766,30.279243,35.218582,32.096588,30.476082,31.487755,30.526436,35.209427,3549029.7,-0.0045776367,-0.0045776367,-0.0045776367,-0.0045776367,-0.0045776367,-0.0045776367,-0.0045776367,-0.0045776367,-0.0045776367,-0.0045776367,-0.0045776367,-0.0045776367,-0.0045776367,-4.1245117,2.1835632,0.4989624,-0.82855225,-0.51727295,-0.0045776367,-0.0045776367,-0.0045776367,-0.0045776367,-0.0045776367,-0.0045776367,3549029.7
3639788871136,19.59907,0,34.760818,33.131149,32.522316,30.869766,32.348366,33.121994,34.151978,33.501945,32.961777,30.302132,32.65049,32.508583,37.402153,39.691002,35.864044,33.552299,32.362099,32.275124,38.477913,34.486153,33.694206,33.547722,32.659645,38.63813,3549049.7,31.904327,29.890137,29.441521,28.84642,29.185165,29.363701,31.506065,30.338753,29.789429,28.237579,29.697868,29.226364,35.06752,38.203247,36.413368,31.931793,30.851456,30.260933,35.186539,32.114899,30.508125,31.487755,30.540169,35.227737,3549049.7,-0.0045776367,-0.0045776367,-0.0045776367,-0.0045776367,-0.0045776367,-0.0045776367,-0.0045776367,-0.0045776367,-0.0045776367,-0.0045776367,-0.0045776367,-0.0045776367,-0.0045776367,-3.163208,2.2384949,1.6800232,-0.56304932,-0.32501221,-0.0045776367,-0.0045776367,-0.0045776367,-0.0045776367,-0.0045776367,-0.0045776367,3549049.7
3639808828160,19.619027,0,34.760818,33.131149,32.522316,30.869766,32.343788,33.126572,34.142822,33.497368,32.966354,30.302132,32.645912,32.508583,37.402153,39.686424,35.850311,33.552299,32.362099,32.279701,38.477913,34.49073,33.694206,33.547722,32.659645,38.633553,3549069.7,31.895172,29.885559,29.427788,28.84642,29.203476,29.372856,31.506065,30.315865,29.812317,28.242157,29.716179,29.217209,35.058365,38.180359,36.408791,31.931793,30.869766,30.288399,35.214005,32.101166,30.49897,31.49691,30.526436,35.191116,3549069.7,-0.0045776367,-0.0045776367,-0.0045776367,-0.0045776367,-0.0045776367,-0.0045776367,-0.0045776367,-0.0045776367,-0.0045776367,-0.0045776367,-0.0045776367,-0.0045776367,-0.0045776367,-2.5406189,1.7624207,0.31585693,-0.19683838,0.11444092,-0.0045776367,-0.0045776367,-0.0045776367,-0.0045776367,-0.0045776367,-0.0045776367,3549069.7
3639828844384,19.639043,0,34.756241,33.131149,32.517738,30.869766,32.348366,33.126572,34.142822,33.497368,32.957199,30.302132,32.645912,32.508583,37.397575,39.69558,35.850311,33.543144,32.352943,32.270546,38.477913,34.481575,33.685051,33.552299,32.659645,38.63813,3549089.7,31.895172,29.871826,29.450676,28.841843,29.198898,29.382011,31.510643,30.329597,29.798584,28.242157,29.707024,29.244675,35.076675,38.203247,36.427101,31.904327,30.865189,30.288399,35.214005,32.09201,30.489815,31.474022,30.535591,35.204849,3549089.7,-0.0045776367,-0.0045776367,-0.0045776367,-0.0045776367,-0.0045776367,-0.0045776367,-0.0045776367,-0.0045776367,-0.0045776367,-0.0045776367,-0.0045776367,-0.0045776367,-0.0045776367,-1.6617126,1.4511414,0.23345947,-0.086975098,0.15106201,-0.0045776367,-0.0045776367,-0.0045776367,-0.0045776367,-0.0045776367,-0.0045776367,3549089.7
3639848828128,19.659027,0,34.756241,33.126572,32.517738,30.869766,32.343788,33.121994,34.138245,33.506523,32.961777,30.302132,32.65049,32.508583,37.402153,39.691002,35.859467,33.547722,32.352943,32.275124,38.477913,34.481575,33.694206,33.547722,32.659645,38.642708,3549109.7,31.881439,29.876404,29.450676,28.84642,29.180588,29.377434,31.515221,30.338753,29.789429,28.228424,29.720757,29.230942,35.06752,38.21698,36.39048,31.922638,30.869766,30.283821,35.200272,32.119476,30.508125,31.460289,30.508125,35.191116,3549109.7,-0.0045776367,-0.0045776367,-0.0045776367,-0.0045776367,-0.0045776367,-0.0045776367,-0.0045776367,-0.0045776367,-0.0045776367,-0.0045776367,-0.0045776367,-0.0045776367,-0.0045776367,-0.60882568,0.58135986,0.23345947,0.19683838,0.096130371,-0.0045776367,-0.0045776367,-0.0045776367,-0.0045776367,-0.0045776367,-0.0045776367,3549109.7
3639868817536,19.679016,0,34.756241,33.131149,32.522316,30.869766,32.348366,33.126572,34.142822,33.506523,32.966354,30.302132,32.645912,32.508583,37.406731,39.691002,35.854889,33.552299,32.362099,32.275124,38.477913,34.486153,33.694206,33.556877,32.655067,38.633553,3549129.7,31.890594,29.880981,29.450676,28.84642,29.194321,29.368279,31.510643,30.32502,29.798584,28.237579,29.720757,29.235519,35.076675,38.212402,36.413368,31.922638,30.874344,30.274666,35.195694,32.119476,30.494392,31.483177,30.512703,35.200272,3549129.7,-0.0045776367,-0.0045776367,-0.0045776367,-0.0045776367,-0.0045776367,-0.0045776367,-0.0045776367,-0.0045776367,-0.0045776367,-0.0045776367,-0.0045776367,-0.0045776367,-0.0045776367,-0.43487549,-0.077819824,0.059509277,-0.30670166,0.21514893,-0.0045776367,-0.0045776367,-0.0045776367,-0.0045776367,-0.0045776367,-0.0045776367,3549129.7
3639888825184,19.699024,0,34.751663,33.131149,32.526894,30.865189,32.343788,33.126572,34.142822,33.506523,32.966354,30.306709,32.645912,32.504005,37.406731,39.700157,35.859467,33.543144,32.362099,32.279701,38.477913,34.481575,33.698784,33.552299,32.655067,38.633553,3549149.7,31.890594,29.876404,29.455254,28.855576,29.171432,29.359123,31.506065,30.329597,29.794006,28.233002,29.707024,29.230942,35.076675,38.194092,36.417946,31.931793,30.856033,30.265511,35.204849,32.110321,30.508125,31.464867,30.512703,35.214005,3549149.7,-0.0045776367,-0.0045776367,-0.0045776367,-0.0045776367,-0.0045776367,-0.0045776367,-0.0045776367,-0.0045776367,-0.0045776367,-0.0045776367,-0.0045776367,-0.0045776367,-0.0045776367,0.38909912,-1.4602966,-0.04119873,-0.11444092,0.34332275,-0.0045776367,-0.0045776367,-0.0045776367,-0.0045776367,-0.0045776367,-0.0045776367,3549149.7
3639908839616,19.719038,0,34.760818,33.131149,32.522316,30.874344,32.348366,33.131149,34.142822,33.506523,32.961777,30.302132,32.645912,32.513161,37.397575,39.691002,35.854889,33.547722,32.362099,32.275124,38.482491,34.476997,33.698784,33.552299,32.655067,38.63813,3549169.7,31.895172,29.880981,29.436943,28.855576,29.185165,29.377434,31.515221,30.334175,29.789429,28.233002,29.716179,29.244675,35.06752,38.21698,36.417946,31.922638,30.865189,30.279243,35.200272,32.114899,30.489815,31.4786,30.508125,35.195694,3549169.7,-0.0045776367,-0.0045776367,-0.0045776367,-0.0045776367,-0.0045776367,-0.0045776367,-0.0045776367,-0.0045776367,-0.0045776367,-0.0045776367,-0.0045776367,-0.0045776367,-0.0045776367,1.8265076,-1.9363708,-0.27923584,0.17852783,0.47149658,-0.0045776367,-0.0045776367,-0.0045776367,-0.0045776367,-0.0045776367,-0.0045776367,3549169.7
3639929083296,19.739282,0,34.765396,33.126572,32.517738,30.869766,32.348366,33.126572,34.138245,33.506523,32.961777,30.302132,32.655067,32.504005,37.406731,39.704735,35.850311,33.547722,32.357521,32.275124,38.487068,34.476997,33.685051,33.552299,32.659645,38.633553,3549189.7,31.904327,29.876404,29.432365,28.850998,29.189743,29.372856,31.506065,30.32502,29.784851,28.233002,29.720757,29.240097,35.06752,38.221558,36.436256,31.936371,30.856033,30.283821,35.195694,32.096588,30.503548,31.487755,30.526436,35.209427,3549189.7,-0.0045776367,-0.0045776367,-0.0045776367,-0.0045776367,-0.0045776367,-0.0045776367,-0.0045776367,-0.0045776367,-0.0045776367,-0.0045776367,-0.0045776367,-0.0045776367,-0.0045776367,0.5355835,-2.4582214,0.2243042,0.032043457,0.40740967,-0.0045776367,-0.0045776367,-0.0045776367,-0.0045776367,-0.0045776367,-0.0045776367,3549189.7
3639949017344,19.759216,0,34.756241,33.131149,32.522316,30.865189,32.343788,33.131149,34.142822,33.506523,32.961777,30.306709,32.655067,32.508583,37.397575,39.700157,35.854889,33.552299,32.357521,32.270546,38.473335,34.49073,33.689629,33.547722,32.659645,38.633553,3549209.7,31.876862,29.890137,29.459831,28.850998,29.185165,29.368279,31.519798,30.320442,29.798584,28.233002,29.716179,29.230942,35.072098,38.207825,36.417946,31.927216,30.874344,30.270088,35.200272,32.096588,30.489815,31.464867,30.512703,35.209427,3549209.7,-0.0045776367,-0.0045776367,-0.0045776367,-0.0045776367,-0.0045776367,-0.0045776367,-0.0045776367,-0.0045776367,-0.0045776367,-0.0045776367,-0.0045776367,-0.0045776367,-0.0045776367,0.54473877,-2.8061218,-0.086975098,0.38909912,1.4145203,-0.0045776367,-0.0045776367,-0.0045776367,-0.0045776367,-0.0045776367,-0.0045776367,3549209.7
3639968854368,19.779053,0,34.760818,33.135727,32.517738,30.869766,32.348366,33.131149,34.142822,33.501945,32.961777,30.302132,32.645912,32.513161,37.406731,39.69558,35.850311,33.547722,32.362099,32.275124,38.473335,34.481575,33.703362,33.552299,32.655067,38.628975,3549229.7,31.890594,29.880981,29.450676,28.850998,29.198898,29.372856,31.519798,30.32502,29.803162,28.233002,29.711601,29.230942,35.062943,38.198669,36.427101,31.927216,30.869766,30.288399,35.209427,32.114899,30.503548,31.455711,30.517281,35.204849,3549229.7,-0.0045776367,-0.0045776367,-0.0045776367,-0.0045776367,-0.0045776367,-0.0045776367,-0.0045776367,-0.0045776367,-0.0045776367,-0.0045776367,-0.0045776367,-0.0045776367,-0.0045776367,-0.32501221,-2.9068298,0.35247803,0.57220459,0.29754639,-0.0045776367,-0.0045776367,-0.0045776367,-0.0045776367,-0.0045776367,-0.0045776367,3549229.7
3639988908256,19.799107,0,34.765396,33.126572,32.526894,30.874344,32.348366,33.121994,34.142822,33.501945,32.961777,30.292976,32.645912,32.513161,37.406731,39.700157,35.854889,33.552299,32.357521,32.275124,38.477913,34.486153,33.694206,33.552299,32.659645,38.63813,3549249.7,31.876862,29.890137,29.450676,28.84642,29.194321,29.377434,31.501488,30.311287,29.803162,28.237579,29.720757,29.235519,35.040054,38.21698,36.417946,31.922638,30.865189,30.283821,35.218582,32.105743,30.517281,31.487755,30.526436,35.195694,3549249.7,-0.0045776367,-0.0045776367,-0.0045776367,-0.0045776367,-0.0045776367,-0.0045776367,-0.0045776367,-0.0045776367,-0.0045776367,-0.0045776367,-0.0045776367,-0.0045776367,-0.0045776367,-0.69122314,-2.9526062,0.40740967,0.92926025,0.077819824,-0.0045776367,-0.0045776367,-0.0045776367,-0.0045776367,-0.0045776367,-0.0045776367,3549249.7
3640008846304,19.819045,0,34.756241,33.131149,32.517738,30.869766,32.352943,33.126572,34.142822,33.501945,32.966354,30.306709,32.641335,32.504005,37.397575,39.69558,35.854889,33.556877,32.357521,32.275124,38.482491,34.486153,33.694206,33.547722,32.655067,38.628975,3549269.7,31.895172,29.880981,29.446098,28.84642,29.198898,29.363701,31.506065,30.338753,29.803162,28.237579,29.725334,29.230942,35.062943,38.226135,36.408791,31.927216,30.860611,30.251778,35.200272,32.101166,30.489815,31.469444,30.512703,35.214005,3549269.7,-0.0045776367,-0.0045776367,-0.0045776367,-0.0045776367,-0.0045776367,-0.0045776367,-0.0045776367,-0.0045776367,-0.0045776367,-0.0045776367,-0.0045776367,-0.0045776367,-0.0045776367,-1.4236755,-2.3941345,0.23345947,0.69122314,0.21514893,-0.0045776367,-0.0045776367,-0.0045776367,-0.0045776367,-0.0045776367,-0.0045776367,3549269.7
3640028838688,19.839037,0,34.760818,33.131149,32.522316,30.865189,32.348366,33.126572,34.138245,33.506523,32.961777,30.302132,32.65049,32.504005,37.402153,39.700157,35.854889,33.552299,32.357521,32.275124,38.477913,34.486153,33.694206,33.552299,32.659645,38.63813,3549289.7,31.867706,29.880981,29.436943,28.841843,29.189743,29.372856,31.506065,30.315865,29.803162,28.233002,29.720757,29.244675,35.053787,38.198669,36.408791,31.931793,30.860611,30.274666,35.200272,32.114899,30.489815,31.4786,30.531013,35.214005,3549289.7,-0.0045776367,-0.0045776367,-0.0045776367,-0.0045776367,-0.0045776367,-0.0045776367,-0.0045776367,-0.0045776367,-0.0045776367,-0.0045776367,-0.0045776367,-0.0045776367,-0.0045776367,-2.5680847,-2.0737,0.50811768,1.0483093,0.29754639,-0.0045776367,-0.0045776367,-0.0045776367,-0.0045776367,-0.0045776367,-0.0045776367,3549289.7
3640048830624,19.859029,0,34.760818,33.135727,32.526894,30.869766,32.348366,33.126572,34.138245,33.501945,32.957199,30.297554,32.65049,32.508583,37.411308,39.69558,35.854889,33.552299,32.357521,32.279701,38.468758,34.486153,33.694206,33.547722,32.659645,38.63813,3549309.7,31.895172,29.885559,29.450676,28.84642,29.185165,29.359123,31.506065,30.32502,29.789429,28.233002,29.702446,29.249252,35.072098,38.207825,36.395058,31.922638,30.865189,30.265511,35.204849,32.101166,30.49897,31.483177,30.521858,35.200272,3549309.7,-0.0045776367,-0.0045776367,-0.0045776367,-0.0045776367,-0.0045776367,-0.0045776367,-0.0045776367,-0.0045776367,-0.0045776367,-0.0045776367,-0.0045776367,-0.0045776367,-0.0045776367,-2.5497742,-1.6159363,0.5355835,1.0208435,0.27008057,-0.0045776367,-0.0045776367,-0.0045776367,-0.0045776367,-0.0045776367,-0.0045776367,3549309.7
3640068835424,19.879034,0,34.756241,33.131149,32.517738,30.865189,32.343788,33.126572,34.142822,33.501945,32.966354,30.297554,32.641335,32.508583,37.397575,39.69558,35.854889,33.547722,32.362099,32.275124,38.477913,34.481575,33.694206,33.552299,32.659645,38.63813,3549329.7,31.890594,29.890137,29.436943,28.84642,29.194321,29.368279,31.510643,30.311287,29.789429,28.223846,29.711601,29.240097,35.076675,38.198669,36.417946,31.940948,30.860611,30.274666,35.195694,32.114899,30.494392,31.4786,30.508125,35.191116,3549329.7,-0.0045776367,-0.0045776367,-0.0045776367,-0.0045776367,-0.0045776367,-0.0045776367,-0.0045776367,-0.0045776367,-0.0045776367,-0.0045776367,-0.0045776367,-0.0045776367,-0.0045776367,-2.778656,-1.5152283,0.15106201,1.0849304,0.35247803,-0.0045776367,-0.0045776367,-0.0045776367,-0.0045776367,-0.0045776367,-0.0045776367,3549329.7
3640088832928,19.899032,0,34.756241,33.131149,32.517738,30.869766,32.343788,33.126572,34.133667,33.501945,32.957199,30.297554,32.645912,32.513161,37.406731,39.700157,35.854889,33.552299,32.362099,32.279701,38.473335,34.486153,33.689629,33.547722,32.659645,38.633553,3549349.7,31.886017,29.890137,29.427788,28.84642,29.17601,29.386589,31.519798,30.32502,29.784851,28.233002,29.707024,29.217209,35.053787,38.203247,36.422523,31.936371,30.860611,30.283821,35.195694,32.119476,30.485237,31.4786,30.521858,35.191116,3549349.7,-0.0045776367,-0.0045776367,-0.0045776367,-0.0045776367,-0.0045776367,-0.0045776367,-0.0045776367,-0.0045776367,-0.0045776367,-0.0045776367,-0.0045776367,-0.0045776367,-0.0045776367,-3.630127,-0.85601807,-0.48065186,0.78277588,0.10528564,-0.0045776367,-0.0045776367,-0.0045776367,-0.0045776367,-0.0045776367,-0.0045776367,3549349.7
3640108817472,19.919016,0,34.756241,33.131149,32.522316,30.869766,32.343788,33.126572,34.142822,33.501945,32.961777,30.297554,32.65049,32.513161,37.406731,39.700157,35.859467,33.547722,32.362099,32.279701,38.477913,34.486153,33.694206,33.552299,32.664223,38.628975,3549369.7,31.886017,29.885559,29.450676,28.850998,29.194321,29.377434,31.515221,30.32502,29.803162,28.223846,29.716179,29.230942,35.053787,38.189514,36.399635,31.931793,30.865189,30.288399,35.191116,32.105743,30.512703,31.492332,30.526436,35.218582,3549369.7,-0.0045776367,-0.0045776367,-0.0045776367,-0.0045776367,-0.0045776367,-0.0045776367,-0.0045776367,-0.0045776367,-0.0045776367,-0.0045776367,-0.0045776367,-0.0045776367,-0.0045776367,-4.032959,-0.82855225,-0.46234131,0.74615479,0.31585693,-0.0045776367,-0.0045776367,-0.0045776367,-0.0045776367,-0.0045776367,-0.0045776367,3549369.7
3640128841952,19.939041,0,34.756241,33.131149,32.517738,30.865189,32.348366,33.126572,34.142822,33.497368,32.966354,30.306709,32.65049,32.508583,37.402153,39.704735,35.859467,33.556877,32.352943,32.270546,38.477913,34.49073,33.689629,33.552299,32.6688,38.63813,3549389.7,31.886017,29.885559,29.441521,28.850998,29.171432,29.359123,31.510643,30.338753,29.794006,28.228424,29.702446,29.217209,35.04921,38.212402,36.395058,31.945526,30.869766,30.288399,35.204849,32.101166,30.489815,31.474022,30.521858,35.214005,3549389.7,-0.0045776367,-0.0045776367,-0.0045776367,-0.0045776367,-0.0045776367,-0.0045776367,-0.0045776367,-0.0045776367,-0.0045776367,-0.0045776367,-0.0045776367,-0.0045776367,-0.0045776367,-4.4632568,-0.51727295,-0.48980713,0.96588135,-0.2243042,-0.0045776367,-0.0045776367,-0.0045776367,-0.0045776367,-0.0045776367,-0.0045776367,3549389.7
3640149054976,19.959254,0,34.756241,33.131149,32.517738,30.869766,32.352943,33.121994,34.142822,33.511101,32.957199,30.302132,32.65049,32.508583,37.406731,39.700157,35.854889,33.547722,32.357521,32.279701,38.482491,34.49073,33.694206,33.552299,32.659645,38.63813,3549409.7,31.890594,29.880981,29.441521,28.841843,29.203476,29.372856,31.515221,30.334175,29.794006,28.223846,29.729912,29.226364,35.062943,38.189514,36.408791,31.913483,30.869766,30.279243,35.191116,32.101166,30.489815,31.464867,30.517281,35.200272,3549409.7,-0.0045776367,-0.0045776367,-0.0045776367,-0.0045776367,-0.0045776367,-0.0045776367,-0.0045776367,-0.0045776367,-0.0045776367,-0.0045776367,-0.0045776367,-0.0045776367,-0.0045776367,-4.3900146,-0.5355835,-1.0391541,0.48980713,0.27008057,-0.0045776367,-0.0045776367,-0.0045776367,-0.0045776367,-0.0045776367,-0.0045776367,3549409.7
3640168808192,19.979007,0,34.756241,33.126572,32.522316,30.869766,32.348366,33.121994,34.138245,33.501945,32.966354,30.306709,32.655067,32.513161,37.402153,39.700157,35.854889,33.547722,32.362099,32.275124,38.482491,34.49073,33.698784,33.543144,32.659645,38.633553,3549429.7,31.876862,29.885559,29.464409,28.864731,29.171432,29.372856,31.510643,30.320442,29.798584,28.237579,29.729912,29.240097,35.06752,38.203247,36.422523,31.940948,30.860611,30.288399,35.204849,32.105743,30.485237,31.464867,30.535591,35.22316,3549429.7,-0.0045776367,-0.0045776367,-0.0045776367,-0.0045776367,-0.0045776367,-0.0045776367,-0.0045776367,-0.0045776367,-0.0045776367,-0.0045776367,-0.0045776367,-0.0045776367,-0.0045776367,-4.6829834,-0.96588135,-1.7807312,0.059509277,0.32501221,-0.0045776367,-0.0045776367,-0.0045776367,-0.0045776367,-0.0045776367,-0.0045776367,3549429.7
3640189020000,19.999219,0,34.751663,33.135727,32.517738,30.865189,32.348366,33.126572,34.138245,33.497368,32.966354,30.297554,32.645912,32.508583,37.406731,39.700157,35.845734,33.552299,32.362099,32.284279,38.477913,34.49073,33.689629,33.552299,32.659645,38.63813,3549451.7,31.886017,29.890137,29.441521,28.850998,29.198898,29.372856,31.510643,30.334175,29.803162,28.228424,29.707024,29.235519,35.062943,38.207825,36.404213,31.931793,30.874344,30.288399,35.191116,32.110321,30.49897,31.469444,30.517281,35.209427,3549451.7,-0.0045776367,-0.0045776367,-0.0045776367,-0.0045776367,-0.0045776367,-0.0045776367,-0.0045776367,-0.0045776367,-0.0045776367,-0.0045776367,-0.0045776367,-0.0045776367,-0.0045776367,-4.7012939,-1.4236755,-1.7257996,-0.022888184,0.17852783,-0.0045776367,-0.0045776367,-0.0045776367,-0.0045776367,-0.0045776367,-0.0045776367,3549451.7
3640208825376,20.019024,0,34.760818,33.131149,32.513161,30.874344,32.352943,33.121994,34.142822,33.506523,32.961777,30.302132,32.65049,32.508583,37.397575,39.704735,35.854889,33.552299,32.357521,32.275124,38.477913,34.486153,33.689629,33.547722,32.659645,38.633553,3549469.7,31.904327,29.890137,29.446098,28.841843,29.189743,29.372856,31.506065,30.320442,29.798584,28.228424,29.707024,29.217209,35.062943,38.21698,36.404213,31.931793,30.874344,30.265511,35.214005,32.105743,30.489815,31.474022,30.521858,35.218582,3549469.7,-0.0045776367,-0.0045776367,-0.0045776367,-0.0045776367,-0.0045776367,-0.0045776367,-0.0045776367,-0.0045776367,-0.0045776367,-0.0045776367,-0.0045776367,-0.0045776367,-0.0045776367,-4.6738281,-1.6708679,-1.0391541,0.27008057,0.27923584,-0.0045776367,-0.0045776367,-0.0045776367,-0.0045776367,-0.0045776367,-0.0045776367,3549469.7
3640228798080,20.038997,0,34.760818,33.131149,32.517738,30.869766,32.348366,33.126572,34.142822,33.501945,32.961777,30.292976,32.645912,32.508583,37.397575,39.700157,35.854889,33.552299,32.352943,32.275124,38.477913,34.486153,33.694206,33.556877,32.659645,38.63813,3549489.7,31.890594,29.880981,29.446098,28.850998,29.194321,29.359123,31.506065,30.32502,29.794006,28.242157,29.707024,29.249252,35.076675,38.207825,36.417946,31.927216,30.878922,30.283821,35.181961,32.105743,30.521858,31.4786,30.521858,35.191116,3549489.7,-0.0045776367,-0.0045776367,-0.0045776367,-0.0045776367,-0.0045776367,-0.0045776367,-0.0045776367,-0.0045776367,-0.0045776367,-0.0045776367,-0.0045776367,-0.0045776367,-0.0045776367,-4.1062012,-2.0279236,-1.0849304,-0.14190674,0.35247803,-0.0045776367,-0.0045776367,-0.0045776367,-0.0045776367,-0.0045776367,-0.0045776367,3549489.7
3640248836096,20.059035,0,34.751663,33.131149,32.522316,30.869766,32.348366,33.121994,34.142822,33.501945,32.957199,30.297554,32.65049,32.508583,37.402153,39.700157,35.854889,33.552299,32.352943,32.275124,38.477913,34.481575,33.694206,33.552299,32.659645,38.63813,3549509.7,31.886017,29.885559,29.455254,28.837265,29.198898,29.386589,31.501488,30.32502,29.803162,28.233002,29.711601,29.235519,35.072098,38.21698,36.413368,31.927216,30.869766,30.265511,35.204849,32.096588,30.503548,31.474022,30.517281,35.195694,3549509.7,-0.0045776367,-0.0045776367,-0.0045776367,-0.0045776367,-0.0045776367,-0.0045776367,-0.0045776367,-0.0045776367,-0.0045776367,-0.0045776367,-0.0045776367,-0.0045776367,-0.0045776367,-4.3167725,-2.1194763,-0.83770752,0.11444092,0.41656494,-0.0045776367,-0.0045776367,-0.0045776367,-0.0045776367,-0.0045776367,-0.0045776367,3549509.7
3640268803744,20.079002,0,34.765396,33.140305,32.517738,30.869766,32.348366,33.131149,34.142822,33.506523,32.961777,30.302132,32.65049,32.504005,37.402153,39.700157,35.850311,33.552299,32.352943,32.275124,38.482491,34.481575,33.694206,33.552299,32.659645,38.63813,3549529.7,31.890594,29.890137,29.450676,28.84642,29.185165,29.382011,31.510643,30.334175,29.798584,28.242157,29.716179,29.244675,35.058365,38.212402,36.417946,31.940948,30.851456,30.283821,35.195694,32.096588,30.489815,31.487755,30.512703,35.209427,3549529.7,-0.0045776367,-0.0045776367,-0.0045776367,-0.0045776367,-0.0045776367,-0.0045776367,-0.0045776367,-0.0045776367,-0.0045776367,-0.0045776367,-0.0045776367,-0.0045776367,-0.0045776367,-2.677948,-2.0645447,-0.85601807,-1.0299988,0.18768311,-0.0045776367,-0.0045776367,-0.0045776367,-0.0045776367,-0.0045776367,-0.0045776367,3549529.7
3640288866720,20.099065,0,34.765396,33.135727,32.513161,30.874344,32.348366,33.126572,34.142822,33.501945,32.966354,30.306709,32.645912,32.508583,37.402153,39.69558,35.854889,33.543144,32.352943,32.279701,38.482491,34.486153,33.694206,33.552299,32.664223,38.642708,3549549.7,31.895172,29.890137,29.436943,28.841843,29.180588,29.382011,31.515221,30.320442,29.789429,28.233002,29.707024,29.244675,35.072098,38.198669,36.39048,31.936371,30.874344,30.265511,35.209427,32.096588,30.494392,31.487755,30.521858,35.227737,3549549.7,-0.0045776367,-0.0045776367,-0.0045776367,-0.0045776367,-0.0045776367,-0.0045776367,-0.0045776367,-0.0045776367,-0.0045776367,-0.0045776367,-0.0045776367,-0.0045776367,-0.0045776367,-2.7695007,-1.9546814,-0.76446533,-1.3138123,0.39825439,-0.0045776367,-0.0045776367,-0.0045776367,-0.0045776367,-0.0045776367,-0.0045776367,3549549.7
3640308805312,20.119004,0,34.760818,33.140305,32.522316,30.869766,32.348366,33.121994,34.142822,33.501945,32.966354,30.302132,32.655067,32.508583,37.397575,39.704735,35.850311,33.547722,32.357521,32.279701,38.477913,34.486153,33.694206,33.552299,32.664223,38.647285,3549569.7,31.886017,29.871826,29.450676,28.841843,29.194321,29.377434,31.519798,30.329597,29.784851,28.228424,29.720757,29.230942,35.06752,38.221558,36.417946,31.913483,30.860611,30.283821,35.214005,32.096588,30.508125,31.469444,30.49897,35.209427,3549569.7,-0.0045776367,-0.0045776367,-0.0045776367,-0.0045776367,-0.0045776367,-0.0045776367,-0.0045776367,-0.0045776367,-0.0045776367,-0.0045776367,-0.0045776367,-0.0045776367,-0.0045776367,-2.0462341,-1.606781,-0.69122314,-1.7898865,0.38909912,-0.0045776367,-0.0045776367,-0.0045776367,-0.0045776367,-0.0045776367,-0.0045776367,3549569.7
3640328806176,20.139005,0,34.760818,33.131149,32.517738,30.865189,32.352943,33.121994,34.138245,33.501945,32.961777,30.297554,32.645912,32.508583,37.406731,39.700157,35.854889,33.547722,32.352943,32.279701,38.482491,34.481575,33.694206,33.556877,32.664223,38.63813,3549589.7,31.881439,29.885559,29.441521,28.850998,29.185165,29.382011,31.515221,30.338753,29.807739,28.242157,29.716179,29.230942,35.06752,38.212402,36.413368,31.922638,30.878922,30.260933,35.191116,32.105743,30.485237,31.483177,30.512703,35.214005,3549589.7,-0.0045776367,-0.0045776367,-0.0045776367,-0.0045776367,-0.0045776367,-0.0045776367,-0.0045776367,-0.0045776367,-0.0045776367,-0.0045776367,-0.0045776367,-0.0045776367,-0.0045776367,-3.0625,-1.4328308,-0.78277588,-1.8539734,0.46234131,-0.0045776367,-0.0045776367,-0.0045776367,-0.0045776367,-0.0045776367,-0.0045776367,3549589.7
3640349043200,20.159242,0,34.760818,33.131149,32.522316,30.869766,32.352943,33.126572,34.142822,33.506523,32.957199,30.306709,32.65049,32.513161,37.406731,39.704735,35.850311,33.547722,32.352943,32.279701,38.482491,34.486153,33.694206,33.556877,32.659645,38.63813,3549609.7,31.890594,29.885559,29.441521,28.850998,29.180588,29.368279,31.501488,30.329597,29.798584,28.228424,29.725334,29.235519,35.062943,38.212402,36.399635,31.940948,30.878922,30.283821,35.195694,32.096588,30.49897,31.474022,30.526436,35.209427,3549609.7,-0.0045776367,-0.0045776367,-0.0045776367,-0.0045776367,-0.0045776367,-0.0045776367,-0.0045776367,-0.0045776367,-0.0045776367,-0.0045776367,-0.0045776367,-0.0045776367,-0.0045776367,-2.009613,-1.8265076,-0.60882568,-1.9821472,0.37994385,-0.0045776367,-0.0045776367,-0.0045776367,-0.0045776367,-0.0045776367,-0.0045776367,3549609.7
3640368813280,20.179012,0,34.756241,33.131149,32.522316,30.869766,32.343788,33.131149,34.138245,33.501945,32.961777,30.302132,32.65049,32.504005,37.402153,39.704735,35.854889,33.547722,32.357521,32.284279,38.473335,34.49073,33.694206,33.552299,32.655067,38.63813,3549629.7,31.886017,29.890137,29.446098,28.855576,29.198898,29.372856,31.506065,30.334175,29.794006,28.233002,29.720757,29.230942,35.06752,38.221558,36.399635,31.936371,30.869766,30.274666,35.214005,32.110321,30.480659,31.455711,30.526436,35.204849,3549629.7,-0.0045776367,-0.0045776367,-0.0045776367,-0.0045776367,-0.0045776367,-0.0045776367,-0.0045776367,-0.0045776367,-0.0045776367,-0.0045776367,-0.0045776367,-0.0045776367,-0.0045776367,-2.1286316,-1.6891785,-0.50811768,-2.476532,0.43487549,-0.0045776367,-0.0045776367,-0.0045776367,-0.0045776367,-0.0045776367,-0.0045776367,3549629.7
3640388799776,20.198998,0,34.760818,33.131149,32.517738,30.869766,32.348366,33.126572,34.142822,33.501945,32.961777,30.297554,32.65049,32.508583,37.406731,39.700157,35.850311,33.552299,32.362099,32.279701,38.482491,34.486153,33.694206,33.547722,32.659645,38.63813,3549649.7,31.890594,29.880981,29.436943,28.850998,29.203476,29.363701,31.510643,30.315865,29.798584,28.233002,29.711601,29.226364,35.062943,38.189514,36.408791,31.931793,30.874344,30.270088,35.200272,32.114899,30.508125,31.483177,30.521858,35.186539,3549649.7,-0.0045776367,-0.0045776367,-0.0045776367,-0.0045776367,-0.0045776367,-0.0045776367,-0.0045776367,-0.0045776367,-0.0045776367,-0.0045776367,-0.0045776367,-0.0045776367,-0.0045776367,-1.8448181,-1.2771912,-0.62713623,-2.2476501,0.29754639,-0.0045776367,-0.0045776367,-0.0045776367,-0.0045776367,-0.0045776367,-0.0045776367,3549649.7
3640408811328,20.21901,0,34.765396,33.131149,32.522316,30.869766,32.348366,33.126572,34.142822,33.506523,32.966354,30.302132,32.645912,32.508583,37.402153,39.704735,35.850311,33.543144,32.362099,32.284279,38.477913,34.486153,33.698784,33.552299,32.655067,38.633553,3549669.7,31.890594,29.885559,29.446098,28.841843,29.208054,29.354546,31.515221,30.320442,29.780273,28.237579,29.702446,29.221786,35.072098,38.194092,36.413368,31.950104,30.874344,30.265511,35.191116,32.105743,30.503548,31.455711,30.521858,35.209427,3549669.7,-0.0045776367,-0.0045776367,-0.0045776367,-0.0045776367,-0.0045776367,-0.0045776367,-0.0045776367,-0.0045776367,-0.0045776367,-0.0045776367,-0.0045776367,-0.0045776367,-0.0045776367,-1.9638367,-1.0299988,-1.0299988,-2.5863953,-0.17852783,-0.0045776367,-0.0045776367,-0.0045776367,-0.0045776367,-0.0045776367,-0.0045776367,3549669.7
3640428809888,20.239008,0,34.756241,33.131149,32.517738,30.874344,32.348366,33.126572,34.138245,33.506523,32.966354,30.306709,32.65049,32.499428,37.402153,39.709312,35.845734,33.547722,32.348366,32.284279,38.477913,34.486153,33.694206,33.552299,32.664223,38.642708,3549689.7,31.886017,29.880981,29.441521,28.84642,29.194321,29.382011,31.519798,30.329597,29.784851,28.237579,29.734489,29.240097,35.076675,38.21698,36.404213,31.927216,30.865189,30.297554,35.191116,32.124054,30.489815,31.474022,30.531013,35.204849,3549689.7,-0.0045776367,-0.0045776367,-0.0045776367,-0.0045776367,-0.0045776367,-0.0045776367,-0.0045776367,-0.0045776367,-0.0045776367,-0.0045776367,-0.0045776367,-0.0045776367,-0.0045776367,-2.4032898,-2.0187683,-1.2222595,-2.1652527,-0.032043457,-0.0045776367,-0.0045776367,-0.0045776367,-0.0045776367,-0.0045776367,-0.0045776367,3549689.7
3640448805056,20.259004,0,34.760818,33.131149,32.522316,30.865189,32.348366,33.131149,34.138245,33.501945,32.961777,30.306709,32.65049,32.508583,37.406731,39.700157,35.850311,33.543144,32.352943,32.279701,38.473335,34.481575,33.694206,33.552299,32.655067,38.63813,3549709.7,31.881439,29.876404,29.450676,28.841843,29.189743,29.368279,31.515221,30.32502,29.812317,28.223846,29.711601,29.240097,35.081253,38.221558,36.395058,31.945526,30.874344,30.279243,35.191116,32.096588,30.480659,31.474022,30.521858,35.195694,3549709.7,-0.0045776367,-0.0045776367,-0.0045776367,-0.0045776367,-0.0045776367,-0.0045776367,-0.0045776367,-0.0045776367,-0.0045776367,-0.0045776367,-0.0045776367,-0.0045776367,-0.0045776367,-2.3117371,-1.7898865,-0.95672607,-1.6250916,-0.050354004,-0.0045776367,-0.0045776367,-0.0045776367,-0.0045776367,-0.0045776367,-0.0045776367,3549709.7
3640468817568,20.279016,0,34.756241,33.131149,32.522316,30.865189,32.343788,33.126572,34.1474,33.497368,32.966354,30.306709,32.645912,32.508583,37.406731,39.704735,35.850311,33.543144,32.348366,32.275124,38.482491,34.486153,33.694206,33.547722,32.664223,38.633553,3549729.7,31.895172,29.880981,29.459831,28.860153,29.194321,29.372856,31.506065,30.302132,29.789429,28.233002,29.720757,29.230942,35.06752,38.239868,36.385902,31.931793,30.869766,30.279243,35.177383,32.105743,30.521858,31.483177,30.531013,35.214005,3549729.7,-0.0045776367,-0.0045776367,-0.0045776367,-0.0045776367,-0.0045776367,-0.0045776367,-0.0045776367,-0.0045776367,-0.0045776367,-0.0045776367,-0.0045776367,-0.0045776367,-0.0045776367,-2.2293396,-2.2201843,-0.99334717,-1.1673279,-0.10528564,-0.0045776367,-0.0045776367,-0.0045776367,-0.0045776367,-0.0045776367,-0.0045776367,3549729.7
3640488803680,20.299002,0,34.760818,33.126572,32.517738,30.869766,32.348366,33.126572,34.142822,33.501945,32.961777,30.306709,32.655067,32.508583,37.402153,39.704735,35.854889,33.543144,32.362099,32.284279,38.477913,34.486153,33.685051,33.552299,32.664223,38.647285,3549749.7,31.895172,29.880981,29.436943,28.860153,29.194321,29.372856,31.510643,30.32502,29.789429,28.237579,29.707024,29.244675,35.062943,38.21698,36.413368,31.936371,30.878922,30.283821,35.209427,32.119476,30.503548,31.464867,30.512703,35.204849,3549749.7,-0.0045776367,-0.0045776367,-0.0045776367,-0.0045776367,-0.0045776367,-0.0045776367,-0.0045776367,-0.0045776367,-0.0045776367,-0.0045776367,-0.0045776367,-0.0045776367,-0.0045776367,-2.6871033,-2.275116,-1.0574646,-0.92926025,-0.17852783,-0.0045776367,-0.0045776367,-0.0045776367,-0.0045776367,-0.0045776367,-0.0045776367,3549749.7
3640508779712,20.318978,0,34.760818,33.131149,32.522316,30.869766,32.348366,33.121994,34.142822,33.511101,32.957199,30.297554,32.655067,32.508583,37.397575,39.71389,35.845734,33.547722,32.357521,32.288857,38.473335,34.486153,33.694206,33.552299,32.659645,38.63813,3549769.7,31.895172,29.890137,29.459831,28.832687,29.203476,29.372856,31.506065,30.329597,29.789429,28.237579,29.707024,29.221786,35.06752,38.198669,36.39048,31.922638,30.865189,30.288399,35.204849,32.105743,30.49897,31.469444,30.526436,35.218582,3549769.7,-0.0045776367,-0.0045776367,-0.0045776367,-0.0045776367,-0.0045776367,-0.0045776367,-0.0045776367,-0.0045776367,-0.0045776367,-0.0045776367,-0.0045776367,-0.0045776367,-0.0045776367,-2.5680847,-2.1560974,-0.88348389,0.17852783,-0.25177002,-0.0045776367,-0.0045776367,-0.0045776367,-0.0045776367,-0.0045776367,-0.0045776367,3549769.7
3640528811296,20.33901,0,34.756241,33.135727,32.522316,30.869766,32.357521,33.121994,34.142822,33.501945,32.970932,30.306709,32.655067,32.513161,37.411308,39.709312,35.845734,33.538567,32.352943,32.284279,38.482491,34.481575,33.689629,33.547722,32.659645,38.63813,3549789.7,31.89975,29.885559,29.450676,28.841843,29.194321,29.377434,31.510643,30.320442,29.794006,28.237579,29.707024,29.226364,35.058365,38.21698,36.39048,31.940948,30.874344,30.270088,35.218582,32.105743,30.485237,31.469444,30.535591,35.214005,3549789.7,-0.0045776367,-0.0045776367,-0.0045776367,-0.0045776367,-0.0045776367,-0.0045776367,-0.0045776367,-0.0045776367,-0.0045776367,-0.0045776367,-0.0045776367,-0.0045776367,-0.0045776367,-2.5955505,-2.4124451,-0.83770752,-0.61798096,-0.16937256,-0.0045776367,-0.0045776367,-0.0045776367,-0.0045776367,-0.0045776367,-0.0045776367,3549789.7
3640548959136,20.359158,0,34.756241,33.126572,32.522316,30.865189,32.343788,33.126572,34.142822,33.501945,32.961777,30.297554,32.65049,32.508583,37.406731,39.709312,35.845734,33.543144,32.348366,32.284279,38.482491,34.486153,33.694206,33.552299,32.655067,38.642708,3549809.7,31.890594,29.880981,29.450676,28.84642,29.189743,29.368279,31.515221,30.306709,29.794006,28.223846,29.720757,29.244675,35.058365,38.21698,36.395058,31.922638,30.874344,30.274666,35.195694,32.105743,30.512703,31.469444,30.521858,35.209427,3549809.7,-0.0045776367,-0.0045776367,-0.0045776367,-0.0045776367,-0.0045776367,-0.0045776367,-0.0045776367,-0.0045776367,-0.0045776367,-0.0045776367,-0.0045776367,-0.0045776367,-0.0045776367,-2.778656,-2.4032898,-0.95672607,-0.12359619,-0.28839111,-0.0045776367,-0.0045776367,-0.0045776367,-0.0045776367,-0.0045776367,-0.0045776367,3549809.7
3640568809504,20.379008,0,34.756241,33.126572,32.522316,30.869766,32.348366,33.121994,34.142822,33.501945,32.961777,30.306709,32.645912,32.508583,37.402153,39.709312,35.845734,33.543144,32.352943,32.279701,38.482491,34.481575,33.689629,33.547722,32.655067,38.63813,3549829.7,31.881439,29.890137,29.441521,28.84642,29.180588,29.359123,31.515221,30.311287,29.803162,28.233002,29.720757,29.235519,35.072098,38.198669,36.399635,31.945526,30.874344,30.274666,35.177383,32.09201,30.494392,31.469444,30.517281,35.204849,3549829.7,-0.0045776367,-0.0045776367,-0.0045776367,-0.0045776367,-0.0045776367,-0.0045776367,-0.0045776367,-0.0045776367,-0.0045776367,-0.0045776367,-0.0045776367,-0.0045776367,-0.0045776367,-2.4307556,-2.4032898,-0.91094971,-0.21514893,-0.30670166,-0.0045776367,-0.0045776367,-0.0045776367,-0.0045776367,-0.0045776367,-0.0045776367,3549829.7
3640588804032,20.399003,0,34.760818,33.126572,32.517738,30.869766,32.348366,33.121994,34.1474,33.506523,32.966354,30.306709,32.645912,32.508583,37.406731,39.71389,35.845734,33.538567,32.348366,32.279701,38.477913,34.486153,33.698784,33.552299,32.659645,38.63813,3549849.7,31.890594,29.890137,29.455254,28.855576,29.203476,29.372856,31.510643,30.32502,29.798584,28.246735,29.729912,29.240097,35.044632,38.207825,36.399635,31.940948,30.869766,30.288399,35.191116,32.110321,30.49897,31.483177,30.526436,35.22316,3549849.7,-0.0045776367,-0.0045776367,-0.0045776367,-0.0045776367,-0.0045776367,-0.0045776367,-0.0045776367,-0.0045776367,-0.0045776367,-0.0045776367,-0.0045776367,-0.0045776367,-0.0045776367,-2.3392029,-1.7898865,-0.62713623,-0.077819824,-0.01373291,-0.0045776367,-0.0045776367,-0.0045776367,-0.0045776367,-0.0045776367,-0.0045776367,3549849.7
3640608799840,20.418998,0,34.760818,33.126572,32.517738,30.869766,32.348366,33.131149,34.142822,33.511101,32.957199,30.306709,32.645912,32.508583,37.402153,39.71389,35.850311,33.538567,32.352943,32.275124,38.482491,34.49073,33.703362,33.556877,32.664223,38.642708,3549869.7,31.890594,29.885559,29.441521,28.850998,29.180588,29.377434,31.506065,30.32502,29.816895,28.237579,29.725334,29.235519,35.090408,38.212402,36.395058,31.931793,30.878922,30.270088,35.200272,32.101166,30.503548,31.474022,30.526436,35.191116,3549869.7,-0.0045776367,-0.0045776367,-0.0045776367,-0.0045776367,-0.0045776367,-0.0045776367,-0.0045776367,-0.0045776367,-0.0045776367,-0.0045776367,-0.0045776367,-0.0045776367,-0.0045776367,-2.375824,-1.808197,-0.54473877,-0.077819824,-0.27923584,-0.0045776367,-0.0045776367,-0.0045776367,-0.0045776367,-0.0045776367,-0.0045776367,3549869.7
3640628800224,20.438999,0,34.756241,33.131149,32.526894,30.869766,32.348366,33.126572,34.142822,33.501945,32.966354,30.302132,32.65049,32.513161,37.406731,39.709312,35.854889,33.538567,32.352943,32.284279,38.477913,34.486153,33.698784,33.552299,32.659645,38.633553,3549889.7,31.858551,29.885559,29.450676,28.850998,29.212631,29.368279,31.492332,30.329597,29.789429,28.246735,29.720757,29.240097,35.076675,38.198669,36.399635,31.936371,30.856033,30.279243,35.22316,32.096588,30.489815,31.4786,30.526436,35.204849,3549889.7,-0.0045776367,-0.0045776367,-0.0045776367,-0.0045776367,-0.0045776367,-0.0045776367,-0.0045776367,-0.0045776367,-0.0045776367,-0.0045776367,-0.0045776367,-0.0045776367,-0.0045776367,-2.1286316,-1.5793152,-0.6362915,0.18768311,-0.10528564,-0.0045776367,-0.0045776367,-0.0045776367,-0.0045776367,-0.0045776367,-0.0045776367,3549889.7
3640648810432,20.459009,0,34.756241,33.131149,32.522316,30.874344,32.348366,33.121994,34.142822,33.506523,32.966354,30.302132,32.645912,32.513161,37.402153,39.709312,35.845734,33.547722,32.352943,32.279701,38.477913,34.486153,33.689629,33.552299,32.659645,38.642708,3549909.7,31.881439,29.880981,29.446098,28.850998,29.208054,29.372856,31.510643,30.329597,29.798584,28.237579,29.711601,29.240097,35.062943,38.221558,36.404213,31.940948,30.878922,30.283821,35.191116,32.119476,30.485237,31.483177,30.535591,35.195694,3549909.7,-0.0045776367,-0.0045776367,-0.0045776367,-0.0045776367,-0.0045776367,-0.0045776367,-0.0045776367,-0.0045776367,-0.0045776367,-0.0045776367,-0.0045776367,-0.0045776367,-0.0045776367,-2.2293396,-1.2314148,-0.37994385,0.15106201,-0.21514893,-0.0045776367,-0.0045776367,-0.0045776367,-0.0045776367,-0.0045776367,-0.0045776367,3549909.7
3640668996416,20.479195,0,34.756241,33.131149,32.522316,30.865189,32.348366,33.126572,34.142822,33.506523,32.966354,30.302132,32.65049,32.508583,37.406731,39.709312,35.841156,33.547722,32.348366,32.284279,38.473335,34.486153,33.694206,33.547722,32.664223,38.642708,3549931.7,31.890594,29.894714,29.436943,28.837265,29.189743,29.382011,31.483177,30.32502,29.780273,28.233002,29.707024,29.217209,35.06752,38.21698,36.372169,31.945526,30.878922,30.288399,35.172806,32.110321,30.476082,31.464867,30.521858,35.195694,3549931.7,-0.0045776367,-0.0045776367,-0.0045776367,-0.0045776367,-0.0045776367,-0.0045776367,-0.0045776367,-0.0045776367,-0.0045776367,-0.0045776367,-0.0045776367,-0.0045776367,-0.0045776367,-2.5497742,-0.82855225,-0.19683838,-0.2243042,-0.35247803,-0.0045776367,-0.0045776367,-0.0045776367,-0.0045776367,-0.0045776367,-0.0045776367,3549931.7
3640688787072,20.498986,0,34.760818,33.135727,32.522316,30.865189,32.343788,33.121994,34.1474,33.506523,32.966354,30.306709,32.641335,32.508583,37.406731,39.704735,35.841156,33.547722,32.352943,32.284279,38.482491,34.486153,33.698784,33.552299,32.664223,38.63813,3549949.7,31.876862,29.871826,29.441521,28.860153,29.180588,29.359123,31.515221,30.320442,29.798584,28.242157,29.697868,29.249252,35.06752,38.21698,36.399635,31.931793,30.883499,30.283821,35.209427,32.114899,30.49897,31.464867,30.526436,35.218582,3549949.7,-0.0045776367,-0.0045776367,-0.0045776367,-0.0045776367,-0.0045776367,-0.0045776367,-0.0045776367,-0.0045776367,-0.0045776367,-0.0045776367,-0.0045776367,-0.0045776367,-0.0045776367,-2.6230164,-0.61798096,-0.24261475,0.059509277,-0.3616333,-0.0045776367,-0.0045776367,-0.0045776367,-0.0045776367,-0.0045776367,-0.0045776367,3549949.7
3640708816096,20.519015,0,34.765396,33.131149,32.522316,30.865189,32.348366,33.126572,34.138245,33.506523,32.966354,30.297554,32.645912,32.504005,37.397575,39.709312,35.841156,33.552299,32.348366,32.275124,38.477913,34.49073,33.689629,33.552299,32.659645,38.633553,3549969.7,31.886017,29.871826,29.432365,28.84642,29.185165,29.377434,31.515221,30.329597,29.807739,28.228424,29.725334,29.235519,35.062943,38.198669,36.39048,31.950104,30.860611,30.283821,35.204849,32.101166,30.508125,31.469444,30.526436,35.200272,3549969.7,-0.0045776367,-0.0045776367,-0.0045776367,-0.0045776367,-0.0045776367,-0.0045776367,-0.0045776367,-0.0045776367,-0.0045776367,-0.0045776367,-0.0045776367,-0.0045776367,-0.0045776367,-2.8518982,-0.35247803,0.10528564,-0.059509277,-0.022888184,-0.0045776367,-0.0045776367,-0.0045776367,-0.0045776367,-0.0045776367,-0.0045776367,3549969.7
3640728783168,20.538982,0,34.765396,33.135727,32.517738,30.860611,32.348366,33.126572,34.142822,33.501945,32.966354,30.302132,32.65049,32.499428,37.406731,39.709312,35.845734,33.547722,32.352943,32.279701,38.477913,34.49073,33.689629,33.547722,32.659645,38.63813,3549989.7,31.895172,29.885559,29.450676,28.841843,29.189743,29.386589,31.506065,30.334175,29.803162,28.233002,29.725334,29.230942,35.085831,38.207825,36.395058,31.922638,30.860611,30.270088,35.195694,32.124054,30.485237,31.474022,30.535591,35.195694,3549989.7,-0.0045776367,-0.0045776367,-0.0045776367,-0.0045776367,-0.0045776367,-0.0045776367,-0.0045776367,-0.0045776367,-0.0045776367,-0.0045776367,-0.0045776367,-0.0045776367,-0.0045776367,-2.8061218,0.28839111,-0.41656494,-0.16021729,-0.66375732,-0.0045776367,-0.0045776367,-0.0045776367,-0.0045776367,-0.0045776367,-0.0045776367,3549989.7
3640748929152,20.559128,0,34.760818,33.131149,32.517738,30.869766,32.352943,33.126572,34.142822,33.501945,32.966354,30.302132,32.65049,32.508583,37.402153,39.718468,35.845734,33.547722,32.343788,32.284279,38.477913,34.49073,33.694206,33.556877,32.664223,38.642708,3550011.7,31.895172,29.876404,29.432365,28.837265,29.194321,29.368279,31.501488,30.334175,29.807739,28.237579,29.702446,29.244675,35.058365,38.21698,36.381325,31.945526,30.883499,30.256355,35.181961,32.110321,30.517281,31.4786,30.526436,35.200272,3550011.7,-0.0045776367,-0.0045776367,-0.0045776367,-0.0045776367,-0.0045776367,-0.0045776367,-0.0045776367,-0.0045776367,-0.0045776367,-0.0045776367,-0.0045776367,-0.0045776367,-0.0045776367,-2.6230164,0.24261475,-0.39825439,-0.16937256,-0.43487549,-0.0045776367,-0.0045776367,-0.0045776367,-0.0045776367,-0.0045776367,-0.0045776367,3550011.7
3640768795552,20.578994,0,34.760818,33.126572,32.517738,30.865189,32.348366,33.121994,34.142822,33.501945,32.957199,30.306709,32.65049,32.517738,37.406731,39.723045,35.841156,33.543144,32.348366,32.279701,38.477913,34.49073,33.694206,33.561455,32.664223,38.633553,3550029.7,31.881439,29.880981,29.446098,28.855576,29.198898,29.359123,31.510643,30.315865,29.789429,28.242157,29.711601,29.235519,35.062943,38.21698,36.381325,31.936371,30.878922,30.288399,35.204849,32.124054,30.480659,31.469444,30.517281,35.204849,3550029.7,-0.0045776367,-0.0045776367,-0.0045776367,-0.0045776367,-0.0045776367,-0.0045776367,-0.0045776367,-0.0045776367,-0.0045776367,-0.0045776367,-0.0045776367,-0.0045776367,-0.0045776367,-2.7603455,0.90179443,-0.28839111,-0.43487549,-0.096130371,-0.0045776367,-0.0045776367,-0.0045776367,-0.0045776367,-0.0045776367,-0.0045776367,3550029.7
3640788799744,20.598998,0,34.765396,33.126572,32.522316,30.865189,32.352943,33.131149,34.1474,33.506523,32.961777,30.302132,32.65049,32.517738,37.415886,39.718468,35.845734,33.547722,32.348366,32.279701,38.487068,34.486153,33.694206,33.556877,32.664223,38.633553,3550049.7,31.89975,29.885559,29.450676,28.850998,29.185165,29.372856,31.515221,30.334175,29.789429,28.237579,29.711601,29.249252,35.06752,38.203247,36.376747,31.940948,30.874344,30.283821,35.214005,32.110321,30.485237,31.483177,30.521858,35.195694,3550049.7,-0.0045776367,-0.0045776367,-0.0045776367,-0.0045776367,-0.0045776367,-0.0045776367,-0.0045776367,-0.0045776367,-0.0045776367,-0.0045776367,-0.0045776367,-0.0045776367,-0.0045776367,-2.8152771,0.83770752,-0.41656494,-0.23345947,-0.2243042,-0.0045776367,-0.0045776367,-0.0045776367,-0.0045776367,-0.0045776367,-0.0045776367,3550049.7
3640808801728,20.619,0,34.760818,33.135727,32.517738,30.874344,32.352943,33.126572,34.1474,33.501945,32.961777,30.302132,32.655067,32.513161,37.402153,39.71389,35.845734,33.552299,32.343788,32.279701,38.477913,34.481575,33.694206,33.552299,32.664223,38.63813,3550069.7,31.895172,29.885559,29.441521,28.855576,29.185165,29.363701,31.515221,30.334175,29.807739,28.223846,29.716179,29.230942,35.072098,38.203247,36.395058,31.91806,30.878922,30.279243,35.172806,32.110321,30.494392,31.483177,30.517281,35.204849,3550069.7,-0.0045776367,-0.0045776367,-0.0045776367,-0.0045776367,-0.0045776367,-0.0045776367,-0.0045776367,-0.0045776367,-0.0045776367,-0.0045776367,-0.0045776367,-0.0045776367,-0.0045776367,-3.0441895,0.8102417,-0.29754639,-0.37078857,-0.54473877,-0.0045776367,-0.0045776367,-0.0045776367,-0.0045776367,-0.0045776367,-0.0045776367,3550069.7
3640828793664,20.638992,0,34.756241,33.131149,32.517738,30.869766,32.343788,33.121994,34.142822,33.501945,32.961777,30.302132,32.65049,32.508583,37.402153,39.71389,35.845734,33.543144,32.352943,32.288857,38.477913,34.49073,33.689629,33.547722,32.659645,38.63813,3550089.7,31.876862,29.894714,29.450676,28.837265,29.180588,29.363701,31.510643,30.320442,29.789429,28.237579,29.711601,29.244675,35.062943,38.21698,36.381325,31.940948,30.865189,30.283821,35.218582,32.114899,30.508125,31.4786,30.535591,35.209427,3550089.7,-0.0045776367,-0.0045776367,-0.0045776367,-0.0045776367,-0.0045776367,-0.0045776367,-0.0045776367,-0.0045776367,-0.0045776367,-0.0045776367,-0.0045776367,-0.0045776367,-0.0045776367,-3.5477295,0.82855225,-0.068664551,-0.25177002,-0.25177002,-0.0045776367,-0.0045776367,-0.0045776367,-0.0045776367,-0.0045776367,-0.0045776367,3550089.7
3640848796672,20.658995,0,34.756241,33.131149,32.517738,30.869766,32.348366,33.121994,34.142822,33.501945,32.966354,30.297554,32.645912,32.504005,37.406731,39.718468,35.845734,33.547722,32.352943,32.288857,38.477913,34.49073,33.694206,33.552299,32.659645,38.642708,3550109.7,31.876862,29.880981,29.459831,28.850998,29.198898,29.372856,31.515221,30.329597,29.807739,28.237579,29.716179,29.244675,35.062943,38.189514,36.376747,31.922638,30.892654,30.265511,35.209427,32.114899,30.503548,31.464867,30.526436,35.195694,3550109.7,-0.0045776367,-0.0045776367,-0.0045776367,-0.0045776367,-0.0045776367,-0.0045776367,-0.0045776367,-0.0045776367,-0.0045776367,-0.0045776367,-0.0045776367,-0.0045776367,-0.0045776367,-2.5314636,0.79193115,-0.29754639,0.13275146,-0.19683838,-0.0045776367,-0.0045776367,-0.0045776367,-0.0045776367,-0.0045776367,-0.0045776367,3550109.7
3640868789056,20.678988,0,34.760818,33.131149,32.517738,30.869766,32.348366,33.131149,34.151978,33.506523,32.961777,30.297554,32.65049,32.508583,37.406731,39.718468,35.836578,33.552299,32.348366,32.288857,38.482491,34.486153,33.694206,33.552299,32.659645,38.642708,3550129.7,31.890594,29.885559,29.441521,28.841843,29.189743,29.382011,31.515221,30.334175,29.784851,28.233002,29.693291,29.235519,35.062943,38.21698,36.372169,31.936371,30.869766,30.279243,35.204849,32.119476,30.512703,31.4786,30.503548,35.218582,3550129.7,-0.0045776367,-0.0045776367,-0.0045776367,-0.0045776367,-0.0045776367,-0.0045776367,-0.0045776367,-0.0045776367,-0.0045776367,-0.0045776367,-0.0045776367,-0.0045776367,-0.0045776367,-3.1723633,0.50811768,-0.29754639,0.0045776367,-0.39825439,-0.0045776367,-0.0045776367,-0.0045776367,-0.0045776367,-0.0045776367,-0.0045776367,3550129.7
3640888986880,20.699185,0,34.765396,33.131149,32.522316,30.874344,32.352943,33.121994,34.142822,33.506523,32.961777,30.306709,32.645912,32.513161,37.402153,39.718468,35.845734,33.543144,32.348366,32.279701,38.482491,34.486153,33.698784,33.543144,32.664223,38.647285,3550151.7,31.89975,29.880981,29.446098,28.855576,29.189743,29.359123,31.506065,30.334175,29.789429,28.228424,29.716179,29.240097,35.072098,38.212402,36.376747,31.927216,30.883499,30.283821,35.200272,32.114899,30.517281,31.464867,30.521858,35.214005,3550151.7,-0.0045776367,-0.0045776367,-0.0045776367,-0.0045776367,-0.0045776367,-0.0045776367,-0.0045776367,-0.0045776367,-0.0045776367,-0.0045776367,-0.0045776367,-0.0045776367,-0.0045776367,-3.3188477,0.45318604,-0.51727295,0.19683838,-0.47149658,-0.0045776367,-0.0045776367,-0.0045776367,-0.0045776367,-0.0045776367,-0.0045776367,3550151.7
3640908773728,20.718972,0,34.760818,33.135727,32.522316,30.865189,32.348366,33.121994,34.138245,33.506523,32.966354,30.306709,32.655067,32.508583,37.406731,39.718468,35.845734,33.547722,32.348366,32.288857,38.477913,34.49073,33.698784,33.552299,32.664223,38.642708,3550169.7,31.881439,29.885559,29.436943,28.84642,29.189743,29.377434,31.506065,30.329597,29.798584,28.228424,29.702446,29.253838,35.058365,38.207825,36.381325,31.945526,30.883499,30.288399,35.186539,32.110321,30.485237,31.464867,30.531013,35.195694,3550169.7,-0.0045776367,-0.0045776367,-0.0045776367,-0.0045776367,-0.0045776367,-0.0045776367,-0.0045776367,-0.0045776367,-0.0045776367,-0.0045776367,-0.0045776367,-0.0045776367,-0.0045776367,-2.8610535,0.5355835,-0.57220459,0.23345947,-0.27923584,-0.0045776367,-0.0045776367,-0.0045776367,-0.0045776367,-0.0045776367,-0.0045776367,3550169.7
3640928791808,20.73899,0,34.760818,33.135727,32.517738,30.869766,32.343788,33.121994,34.1474,33.497368,32.961777,30.302132,32.65049,32.513161,37.402153,39.723045,35.845734,33.543144,32.343788,32.284279,38.477913,34.49073,33.698784,33.552299,32.659645,38.633553,3550189.7,31.895172,29.885559,29.441521,28.850998,29.194321,29.382011,31.519798,30.329597,29.794006,28.237579,29.711601,29.217209,35.058365,38.203247,36.363014,31.936371,30.883499,30.283821,35.204849,32.114899,30.503548,31.4786,30.531013,35.191116,3550189.7,-0.0045776367,-0.0045776367,-0.0045776367,-0.0045776367,-0.0045776367,-0.0045776367,-0.0045776367,-0.0045776367,-0.0045776367,-0.0045776367,-0.0045776367,-0.0045776367,-0.0045776367,-3.1357422,0.72784424,-0.50811768,0.24261475,0.086975098,-0.0045776367,-0.0045776367,-0.0045776367,-0.0045776367,-0.0045776367,-0.0045776367,3550189.7
3640948943968,20.759143,0,34.765396,33.135727,32.517738,30.874344,32.343788,33.126572,34.142822,33.501945,32.961777,30.306709,32.65049,32.504005,37.406731,39.723045,35.850311,33.543144,32.348366,32.288857,38.482491,34.49073,33.689629,33.556877,32.664223,38.63813,3550209.7,31.904327,29.876404,29.459831,28.841843,29.203476,29.368279,31.506065,30.32502,29.798584,28.233002,29.725334,29.226364,35.062943,38.207825,36.363014,31.931793,30.869766,30.279243,35.191116,32.105743,30.489815,31.483177,30.521858,35.200272,3550209.7,-0.0045776367,-0.0045776367,-0.0045776367,-0.0045776367,-0.0045776367,-0.0045776367,-0.0045776367,-0.0045776367,-0.0045776367,-0.0045776367,-0.0045776367,-0.0045776367,-0.0045776367,-3.0991211,0.54473877,-0.56304932,0.43487549,0.096130371,-0.0045776367,-0.0045776367,-0.0045776367,-0.0045776367,-0.0045776367,-0.0045776367,3550209.7
3640968803680,20.779002,0,34.756241,33.135727,32.517738,30.869766,32.348366,33.126572,34.142822,33.506523,32.961777,30.306709,32.65049,32.513161,37.411308,39.718468,35.845734,33.547722,32.348366,32.279701,38.477913,34.486153,33.698784,33.552299,32.659645,38.63813,3550229.7,31.904327,29.871826,29.432365,28.850998,29.194321,29.372856,31.510643,30.311287,29.798584,28.233002,29.739067,29.244675,35.04921,38.21698,36.363014,31.940948,30.883499,30.274666,35.200272,32.09201,30.485237,31.4786,30.512703,35.218582,3550229.7,-0.0045776367,-0.0045776367,-0.0045776367,-0.0045776367,-0.0045776367,-0.0045776367,-0.0045776367,-0.0045776367,-0.0045776367,-0.0045776367,-0.0045776367,-0.0045776367,-0.0045776367,-3.2547607,0.25177002,-0.75531006,-0.11444092,-0.10528564,-0.0045776367,-0.0045776367,-0.0045776367,-0.0045776367,-0.0045776367,-0.0045776367,3550229.7
3640988805888,20.799004,0,34.760818,33.131149,32.517738,30.869766,32.348366,33.131149,34.138245,33.506523,32.966354,30.302132,32.641335,32.508583,37.406731,39.718468,35.845734,33.543144,32.343788,32.284279,38.473335,34.486153,33.694206,33.552299,32.664223,38.647285,3550249.7,31.867706,29.890137,29.455254,28.84642,29.189743,29.377434,31.506065,30.338753,29.807739,28.233002,29.716179,29.230942,35.072098,38.21698,36.358437,31.936371,30.874344,30.274666,35.209427,32.110321,30.480659,31.483177,30.531013,35.218582,3550249.7,-0.0045776367,-0.0045776367,-0.0045776367,-0.0045776367,-0.0045776367,-0.0045776367,-0.0045776367,-0.0045776367,-0.0045776367,-0.0045776367,-0.0045776367,-0.0045776367,-0.0045776367,-3.2181396,0.15106201,-0.65460205,-0.16937256,0.27923584,-0.0045776367,-0.0045776367,-0.0045776367,-0.0045776367,-0.0045776367,-0.0045776367,3550249.7
3641008793280,20.818992,0,34.760818,33.131149,32.517738,30.865189,32.357521,33.126572,34.133667,33.506523,32.966354,30.302132,32.65049,32.513161,37.402153,39.723045,35.841156,33.547722,32.348366,32.288857,38.477913,34.486153,33.694206,33.552299,32.659645,38.642708,3550269.7,31.89975,29.890137,29.441521,28.837265,29.189743,29.368279,31.501488,30.334175,29.803162,28.233002,29.720757,29.244675,35.062943,38.221558,36.372169,31.908905,30.883499,30.279243,35.204849,32.133209,30.480659,31.492332,30.531013,35.209427,3550269.7,-0.0045776367,-0.0045776367,-0.0045776367,-0.0045776367,-0.0045776367,-0.0045776367,-0.0045776367,-0.0045776367,-0.0045776367,-0.0045776367,-0.0045776367,-0.0045776367,-0.0045776367,-4.1977539,0.38909912,-0.74615479,-0.38909912,0.0045776367,-0.0045776367,-0.0045776367,-0.0045776367,-0.0045776367,-0.0045776367,-0.0045776367,3550269.7
3641028762976,20.838962,0,34.760818,33.131149,32.522316,30.874344,32.348366,33.121994,34.142822,33.506523,32.966354,30.306709,32.65049,32.508583,37.402153,39.727623,35.836578,33.547722,32.343788,32.288857,38.477913,34.486153,33.694206,33.556877,32.664223,38.63813,3550289.7,31.895172,29.894714,29.441521,28.850998,29.185165,29.363701,31.515221,30.329597,29.798584,28.228424,29.711601,29.244675,35.06752,38.226135,36.363014,31.922638,30.860611,30.283821,35.200272,32.105743,30.508125,31.460289,30.521858,35.204849,3550289.7,-0.0045776367,-0.0045776367,-0.0045776367,-0.0045776367,-0.0045776367,-0.0045776367,-0.0045776367,-0.0045776367,-0.0045776367,-0.0045776367,-0.0045776367,-0.0045776367,-0.0045776367,-4.3259277,-0.25177002,-0.83770752,-0.18768311,-0.10528564,-0.0045776367,-0.0045776367,-0.0045776367,-0.0045776367,-0.0045776367,-0.0045776367,3550289.7
3641048818464,20.859017,0,34.760818,33.135727,32.522316,30.865189,32.348366,33.126572,34.142822,33.506523,32.966354,30.302132,32.65049,32.513161,37.402153,39.718468,35.850311,33.547722,32.348366,32.284279,38.482491,34.486153,33.698784,33.547722,32.6688,38.642708,3550309.7,31.904327,29.885559,29.455254,28.860153,29.194321,29.368279,31.515221,30.329597,29.82605,28.233002,29.702446,29.249252,35.076675,38.21698,36.340126,31.936371,30.883499,30.288399,35.191116,32.101166,30.49897,31.474022,30.535591,35.209427,3550309.7,-0.0045776367,-0.0045776367,-0.0045776367,-0.0045776367,-0.0045776367,-0.0045776367,-0.0045776367,-0.0045776367,-0.0045776367,-0.0045776367,-0.0045776367,-0.0045776367,-0.0045776367,-4.7012939,-0.41656494,-0.92926025,-0.38909912,0.050354004,-0.0045776367,-0.0045776367,-0.0045776367,-0.0045776367,-0.0045776367,-0.0045776367,3550309.7
3641068784512,20.878983,0,34.765396,33.135727,32.513161,30.856033,32.348366,33.131149,34.1474,33.511101,32.966354,30.302132,32.65049,32.508583,37.411308,39.718468,35.850311,33.543144,32.339211,32.284279,38.477913,34.486153,33.698784,33.543144,32.659645,38.642708,3550329.7,31.895172,29.871826,29.450676,28.837265,29.185165,29.368279,31.506065,30.338753,29.807739,28.237579,29.725334,29.235519,35.053787,38.212402,36.353859,31.936371,30.874344,30.256355,35.209427,32.110321,30.485237,31.474022,30.512703,35.218582,3550329.7,-0.0045776367,-0.0045776367,-0.0045776367,-0.0045776367,-0.0045776367,-0.0045776367,-0.0045776367,-0.0045776367,-0.0045776367,-0.0045776367,-0.0045776367,-0.0045776367,-0.0045776367,-4.6738281,-1.3138123,-1.103241,-0.17852783,0.33416748,-0.0045776367,-0.0045776367,-0.0045776367,-0.0045776367,-0.0045776367,-0.0045776367,3550329.7
