t_recv_ns,t_s,t_stamp_ns,frame_id,hardware_connected,analog_states_0,analog_states_1,analog_states_2,analog_states_3,analog_states_4,analog_states_5,digital_states_0,digital_states_1,digital_states_2,digital_states_3,digital_states_4,digital_states_5,digital_states_6,digital_states_7,digital_states_8,digital_states_9,digital_states_10,digital_states_11
4665899944128,0,1788966204867110764,,0,0,0,0,0,0,0,0,0,0,0,0,0,0,0,0,0,0,0
4665920082912,0.020138784,1788966204887111745,,0,0,0,0,0,0,0,0,0,0,0,0,0,0,0,0,0,0,0
4665940099040,0.040154912,1788966204907111236,,0,0,0,0,0,0,0,0,0,0,0,0,0,0,0,0,0,0,0
4665960056960,0.060112832,1788966204927110959,,0,0,0,0,0,0,0,0,0,0,0,0,0,0,0,0,0,0,0
4665980143072,0.080198944,1788966204947111318,,0,0,0,0,0,0,0,0,0,0,0,0,0,0,0,0,0,0,0
4666000149888,0.10020576,1788966204967110992,,0,0,0,0,0,0,0,0,0,0,0,0,0,0,0,0,0,0,0
4666020046784,0.12010266,1788966204987110720,,0,0,0,0,0,0,0,0,0,0,0,0,0,0,0,0,0,0,0
4666040139360,0.14019523,1788966205007110956,,0,0,0,0,0,0,0,0,0,0,0,0,0,0,0,0,0,0,0
4666060053984,0.16010986,1788966205027111160,,0,0,0,0,0,0,0,0,0,0,0,0,0,0,0,0,0,0,0
4666080247296,0.18030317,1788966205047111036,,0,0,0,0,0,0,0,0,0,0,0,0,0,0,0,0,0,0,0
4666099930528,0.1999864,1788966205067110675,,0,0,0,0,0,0,0,0,0,0,0,0,0,0,0,0,0,0,0
4666120070912,0.22012678,1788966205087110926,,0,0,0,0,0,0,0,0,0,0,0,0,0,0,0,0,0,0,0
4666140118016,0.24017389,1788966205107110890,,0,0,0,0,0,0,0,0,0,0,0,0,0,0,0,0,0,0,0
4666160089792,0.26014566,1788966205127110184,,0,0,0,0,0,0,0,0,0,0,0,0,0,0,0,0,0,0,0
4666180064736,0.28012061,1788966205147111513,,0,0,0,0,0,0,0,0,0,0,0,0,0,0,0,0,0,0,0
4666200077216,0.30013309,1788966205167110589,,0,0,0,0,0,0,0,0,0,0,0,0,0,0,0,0,0,0,0
4666220056640,0.32011251,1788966205187110983,,0,0,0,0,0,0,0,0,0,0,0,0,0,0,0,0,0,0,0
4666240199712,0.34025558,1788966205207110900,,0,0,0,0,0,0,0,0,0,0,0,0,0,0,0,0,0,0,0
4666260096512,0.36015238,1788966205227111058,,0,0,0,0,0,0,0,0,0,0,0,0,0,0,0,0,0,0,0
4666280126016,0.38018189,1788966205247110707,,0,0,0,0,0,0,0,0,0,0,0,0,0,0,0,0,0,0,0
4666299923680,0.39997955,1788966205267110714,,0,0,0,0,0,0,0,0,0,0,0,0,0,0,0,0,0,0,0
4666320062432,0.4201183,1788966205287110835,,0,0,0,0,0,0,0,0,0,0,0,0,0,0,0,0,0,0,0
4666340034784,0.44009066,1788966205307110046,,0,0,0,0,0,0,0,0,0,0,0,0,0,0,0,0,0,0,0
4666360024480,0.46008035,1788966205327110753,,0,0,0,0,0,0,0,0,0,0,0,0,0,0,0,0,0,0,0
4666380123840,0.48017971,1788966205347110830,,0,0,0,0,0,0,0,0,0,0,0,0,0,0,0,0,0,0,0
4666400030400,0.50008627,1788966205367110772,,0,0,0,0,0,0,0,0,0,0,0,0,0,0,0,0,0,0,0
4666420057664,0.52011354,1788966205387110938,,0,0,0,0,0,0,0,0,0,0,0,0,0,0,0,0,0,0,0
4666440037056,0.54009293,1788966205407110719,,0,0,0,0,0,0,0,0,0,0,0,0,0,0,0,0,0,0,0
4666460056992,0.56011286,1788966205427117028,,0,0,0,0,0,0,0,0,0,0,0,0,0,0,0,0,0,0,0
4666480204000,0.58025987,1788966205447113977,,0,0,0,0,0,0,0,0,0,0,0,0,0,0,0,0,0,0,0
4666499904928,0.5999608,1788966205467110547,,0,0,0,0,0,0,0,0,0,0,0,0,0,0,0,0,0,0,0
4666520037888,0.62009376,1788966205487110996,,0,0,0,0,0,0,0,0,0,0,0,0,0,0,0,0,0,0,0
4666540065600,0.64012147,1788966205507110691,,0,0,0,0,0,0,0,0,0,0,0,0,0,0,0,0,0,0,0
4666560041536,0.66009741,1788966205527110643,,0,0,0,0,0,0,0,0,0,0,0,0,0,0,0,0,0,0,0
4666580102592,0.68015846,1788966205547110622,,0,0,0,0,0,0,0,0,0,0,0,0,0,0,0,0,0,0,0
4666600039360,0.70009523,1788966205567110783,,0,0,0,0,0,0,0,0,0,0,0,0,0,0,0,0,0,0,0
4666620039456,0.72009533,1788966205587110696,,0,0,0,0,0,0,0,0,0,0,0,0,0,0,0,0,0,0,0
4666640020896,0.74007677,1788966205607110570,,0,0,0,0,0,0,0,0,0,0,0,0,0,0,0,0,0,0,0
4666660054720,0.76011059,1788966205627110720,,0,0,0,0,0,0,0,0,0,0,0,0,0,0,0,0,0,0,0
4666680080896,0.78013677,1788966205647111794,,0,0,0,0,0,0,0,0,0,0,0,0,0,0,0,0,0,0,0
4666699931904,0.79998778,1788966205667111237,,0,0,0,0,0,0,0,0,0,0,0,0,0,0,0,0,0,0,0
4666720040192,0.82009606,1788966205687110594,,0,0,0,0,0,0,0,0,0,0,0,0,0,0,0,0,0,0,0
4666740017152,0.84007302,1788966205707110535,,0,0,0,0,0,0,0,0,0,0,0,0,0,0,0,0,0,0,0
4666760039840,0.86009571,1788966205727110929,,0,0,0,0,0,0,0,0,0,0,0,0,0,0,0,0,0,0,0
4666780080704,0.88013658,1788966205747110372,,0,0,0,0,0,0,0,0,0,0,0,0,0,0,0,0,0,0,0
4666800010400,0.90006627,1788966205767111371,,0,0,0,0,0,0,0,0,0,0,0,0,0,0,0,0,0,0,0
4666820005600,0.92006147,1788966205787110783,,0,0,0,0,0,0,0,0,0,0,0,0,0,0,0,0,0,0,0
4666840036064,0.94009194,1788966205807110694,,0,0,0,0,0,0,0,0,0,0,0,0,0,0,0,0,0,0,0
4666860033344,0.96008922,1788966205827111454,,0,0,0,0,0,0,0,0,0,0,0,0,0,0,0,0,0,0,0
4666880110464,0.98016634,1788966205847114522,,0,0,0,0,0,0,0,0,0,0,0,0,0,0,0,0,0,0,0
4666899894400,0.99995027,1788966205867110596,,0,0,0,0,0,0,0,0,0,0,0,0,0,0,0,0,0,0,0
4666920021728,1.0200776,1788966205887110651,,0,0,0,0,0,0,0,0,0,0,0,0,0,0,0,0,0,0,0
4666939997120,1.040053,1788966205907111592,,0,0,0,0,0,0,0,0,0,0,0,0,0,0,0,0,0,0,0
4666960043776,1.0600996,1788966205927110954,,0,0,0,0,0,0,0,0,0,0,0,0,0,0,0,0,0,0,0
4666980019424,1.0800753,1788966205947110667,,0,0,0,0,0,0,0,0,0,0,0,0,0,0,0,0,0,0,0
4666999984864,1.1000407,1788966205967110303,,0,0,0,0,0,0,0,0,0,0,0,0,0,0,0,0,0,0,0
4667020038720,1.1200946,1788966205987110853,,0,0,0,0,0,0,0,0,0,0,0,0,0,0,0,0,0,0,0
4667040006784,1.1400627,1788966206007110748,,0,0,0,0,0,0,0,0,0,0,0,0,0,0,0,0,0,0,0
4667060048064,1.1601039,1788966206027111076,,0,0,0,0,0,0,0,0,0,0,0,0,0,0,0,0,0,0,0
4667080469312,1.1805252,1788966206047111167,,0,0,0,0,0,0,0,0,0,0,0,0,0,0,0,0,0,0,0
4667099931072,1.1999869,1788966206067110959,,0,0,0,0,0,0,0,0,0,0,0,0,0,0,0,0,0,0,0
4667120021024,1.2200769,1788966206087110650,,0,0,0,0,0,0,0,0,0,0,0,0,0,0,0,0,0,0,0
4667140004768,1.2400606,1788966206107110669,,0,0,0,0,0,0,0,0,0,0,0,0,0,0,0,0,0,0,0
4667159989888,1.2600458,1788966206127110462,,0,0,0,0,0,0,0,0,0,0,0,0,0,0,0,0,0,0,0
4667180078592,1.2801345,1788966206147125488,,0,0,0,0,0,0,0,0,0,0,0,0,0,0,0,0,0,0,0
4667199989504,1.3000454,1788966206167110946,,0,0,0,0,0,0,0,0,0,0,0,0,0,0,0,0,0,0,0
4667219989408,1.3200453,1788966206187110518,,0,0,0,0,0,0,0,0,0,0,0,0,0,0,0,0,0,0,0
4667239999712,1.3400556,1788966206207111272,,0,0,0,0,0,0,0,0,0,0,0,0,0,0,0,0,0,0,0
4667260009856,1.3600657,1788966206227110558,,0,0,0,0,0,0,0,0,0,0,0,0,0,0,0,0,0,0,0
4667280130368,1.3801862,1788966206247110290,,0,0,0,0,0,0,0,0,0,0,0,0,0,0,0,0,0,0,0
4667299925824,1.3999817,1788966206267110640,,0,0,0,0,0,0,0,0,0,0,0,0,0,0,0,0,0,0,0
4667320010880,1.4200668,1788966206287110819,,0,0,0,0,0,0,0,0,0,0,0,0,0,0,0,0,0,0,0
4667340003648,1.4400595,1788966206307110619,,0,0,0,0,0,0,0,0,0,0,0,0,0,0,0,0,0,0,0
4667360017056,1.4600729,1788966206327110915,,0,0,0,0,0,0,0,0,0,0,0,0,0,0,0,0,0,0,0
4667380062656,1.4801185,1788966206347110741,,0,0,0,0,0,0,0,0,0,0,0,0,0,0,0,0,0,0,0
4667399963520,1.5000194,1788966206367110422,,0,0,0,0,0,0,0,0,0,0,0,0,0,0,0,0,0,0,0
4667419994688,1.5200506,1788966206387110316,,0,0,0,0,0,0,0,0,0,0,0,0,0,0,0,0,0,0,0
4667439969088,1.540025,1788966206407110582,,0,0,0,0,0,0,0,0,0,0,0,0,0,0,0,0,0,0,0
4667459990464,1.5600463,1788966206427110038,,0,0,0,0,0,0,0,0,0,0,0,0,0,0,0,0,0,0,0
4667480115712,1.5801716,1788966206447113865,,0,0,0,0,0,0,0,0,0,0,0,0,0,0,0,0,0,0,0
4667499862816,1.5999187,1788966206467110333,,0,0,0,0,0,0,0,0,0,0,0,0,0,0,0,0,0,0,0
4667520018688,1.6200746,1788966206487110451,,0,0,0,0,0,0,0,0,0,0,0,0,0,0,0,0,0,0,0
4667540002112,1.640058,1788966206507119521,,0,0,0,0,0,0,0,0,0,0,0,0,0,0,0,0,0,0,0
4667559974176,1.66003,1788966206527111063,,0,0,0,0,0,0,0,0,0,0,0,0,0,0,0,0,0,0,0
4667580081536,1.6801374,1788966206547112721,,0,0,0,0,0,0,0,0,0,0,0,0,0,0,0,0,0,0,0
4667599961184,1.7000171,1788966206567110733,,0,0,0,0,0,0,0,0,0,0,0,0,0,0,0,0,0,0,0
4667619980608,1.7200365,1788966206587110625,,0,0,0,0,0,0,0,0,0,0,0,0,0,0,0,0,0,0,0
4667640015104,1.740071,1788966206607110761,,0,0,0,0,0,0,0,0,0,0,0,0,0,0,0,0,0,0,0
4667660008224,1.7600641,1788966206627111042,,0,0,0,0,0,0,0,0,0,0,0,0,0,0,0,0,0,0,0
4667680127712,1.7801836,1788966206647111049,,0,0,0,0,0,0,0,0,0,0,0,0,0,0,0,0,0,0,0
4667699949088,1.800005,1788966206667110535,,0,0,0,0,0,0,0,0,0,0,0,0,0,0,0,0,0,0,0
4667719974976,1.8200308,1788966206687110706,,0,0,0,0,0,0,0,0,0,0,0,0,0,0,0,0,0,0,0
4667739953600,1.8400095,1788966206707110944,,0,0,0,0,0,0,0,0,0,0,0,0,0,0,0,0,0,0,0
4667760001056,1.8600569,1788966206727111262,,0,0,0,0,0,0,0,0,0,0,0,0,0,0,0,0,0,0,0
4667780020288,1.8800762,1788966206747110767,,0,0,0,0,0,0,0,0,0,0,0,0,0,0,0,0,0,0,0
4667799960416,1.9000163,1788966206767111023,,0,0,0,0,0,0,0,0,0,0,0,0,0,0,0,0,0,0,0
4667819987968,1.9200438,1788966206787110929,,0,0,0,0,0,0,0,0,0,0,0,0,0,0,0,0,0,0,0
4667839959712,1.9400156,1788966206807110168,,0,0,0,0,0,0,0,0,0,0,0,0,0,0,0,0,0,0,0
4667859985504,1.9600414,1788966206827110332,,0,0,0,0,0,0,0,0,0,0,0,0,0,0,0,0,0,0,0
4667880031968,1.9800878,1788966206847110347,,0,0,0,0,0,0,0,0,0,0,0,0,0,0,0,0,0,0,0
4667899848416,1.9999043,1788966206867110956,,0,0,0,0,0,0,0,0,0,0,0,0,0,0,0,0,0,0,0
4667919959296,2.0200152,1788966206887111629,,0,0,0,0,0,0,0,0,0,0,0,0,0,0,0,0,0,0,0
4667939985728,2.0400416,1788966206907111873,,0,0,0,0,0,0,0,0,0,0,0,0,0,0,0,0,0,0,0
4667959962784,2.0600187,1788966206927110982,,0,0,0,0,0,0,0,0,0,0,0,0,0,0,0,0,0,0,0
4667979990496,2.0800464,1788966206947111508,,0,0,0,0,0,0,0,0,0,0,0,0,0,0,0,0,0,0,0
4667999972960,2.1000288,1788966206967110944,,0,0,0,0,0,0,0,0,0,0,0,0,0,0,0,0,0,0,0
4668019955392,2.1200113,1788966206987110841,,0,0,0,0,0,0,0,0,0,0,0,0,0,0,0,0,0,0,0
4668039965696,2.1400216,1788966207007110886,,0,0,0,0,0,0,0,0,0,0,0,0,0,0,0,0,0,0,0
4668059969280,2.1600252,1788966207027110629,,0,0,0,0,0,0,0,0,0,0,0,0,0,0,0,0,0,0,0
4668079998464,2.1800543,1788966207047110451,,0,0,0,0,0,0,0,0,0,0,0,0,0,0,0,0,0,0,0
4668099837344,2.1998932,1788966207067111059,,0,0,0,0,0,0,0,0,0,0,0,0,0,0,0,0,0,0,0
4668119964352,2.2200202,1788966207087111408,,0,0,0,0,0,0,0,0,0,0,0,0,0,0,0,0,0,0,0
4668139952544,2.2400084,1788966207107111054,,0,0,0,0,0,0,0,0,0,0,0,0,0,0,0,0,0,0,0
4668159979040,2.2600349,1788966207127111029,,0,0,0,0,0,0,0,0,0,0,0,0,0,0,0,0,0,0,0
4668179971040,2.2800269,1788966207147111812,,0,0,0,0,0,0,0,0,0,0,0,0,0,0,0,0,0,0,0
4668199939616,2.2999955,1788966207167111042,,0,0,0,0,0,0,0,0,0,0,0,0,0,0,0,0,0,0,0
4668220000832,2.3200567,1788966207187110999,,0,0,0,0,0,0,0,0,0,0,0,0,0,0,0,0,0,0,0
4668239969984,2.3400259,1788966207207110961,,0,0,0,0,0,0,0,0,0,0,0,0,0,0,0,0,0,0,0
4668259968064,2.3600239,1788966207227110708,,0,0,0,0,0,0,0,0,0,0,0,0,0,0,0,0,0,0,0
4668280057920,2.3801138,1788966207247110651,,0,0,0,0,0,0,0,0,0,0,0,0,0,0,0,0,0,0,0
4668299827008,2.3998829,1788966207267111207,,0,0,0,0,0,0,0,0,0,0,0,0,0,0,0,0,0,0,0
4668320214144,2.42027,1788966207287110987,,0,0,0,0,0,0,0,0,0,0,0,0,0,0,0,0,0,0,0
4668339952448,2.4400083,1788966207307110792,,0,0,0,0,0,0,0,0,0,0,0,0,0,0,0,0,0,0,0
4668359952704,2.4600086,1788966207327110754,,0,0,0,0,0,0,0,0,0,0,0,0,0,0,0,0,0,0,0
4668380062880,2.4801188,1788966207347110744,,0,0,0,0,0,0,0,0,0,0,0,0,0,0,0,0,0,0,0
4668399975552,2.5000314,1788966207367111352,,0,0,0,0,0,0,0,0,0,0,0,0,0,0,0,0,0,0,0
4668419953856,2.5200097,1788966207387110861,,0,0,0,0,0,0,0,0,0,0,0,0,0,0,0,0,0,0,0
4668439924192,2.5399801,1788966207407110827,,0,0,0,0,0,0,0,0,0,0,0,0,0,0,0,0,0,0,0
4668459974816,2.5600307,1788966207427110074,,0,0,0,0,0,0,0,0,0,0,0,0,0,0,0,0,0,0,0
4668480036832,2.5800927,1788966207447110960,,0,0,0,0,0,0,0,0,0,0,0,0,0,0,0,0,0,0,0
4668499807264,2.5998631,1788966207467110008,,0,0,0,0,0,0,0,0,0,0,0,0,0,0,0,0,0,0,0
4668519933216,2.6199891,1788966207487124432,,0,0,0,0,0,0,0,0,0,0,0,0,0,0,0,0,0,0,0
4668539923456,2.6399793,1788966207507110229,,0,0,0,0,0,0,0,0,0,0,0,0,0,0,0,0,0,0,0
4668559991872,2.6600477,1788966207527110372,,0,0,0,0,0,0,0,0,0,0,0,0,0,0,0,0,0,0,0
4668579956512,2.6800124,1788966207547110348,,0,0,0,0,0,0,0,0,0,0,0,0,0,0,0,0,0,0,0
4668599958336,2.7000142,1788966207567110357,,0,0,0,0,0,0,0,0,0,0,0,0,0,0,0,0,0,0,0
4668619962528,2.7200184,1788966207587119470,,0,0,0,0,0,0,0,0,0,0,0,0,0,0,0,0,0,0,0
4668639939296,2.7399952,1788966207607110721,,0,0,0,0,0,0,0,0,0,0,0,0,0,0,0,0,0,0,0
4668659943680,2.7599996,1788966207627112966,,0,0,0,0,0,0,0,0,0,0,0,0,0,0,0,0,0,0,0
4668680024128,2.78008,1788966207647110033,,0,0,0,0,0,0,0,0,0,0,0,0,0,0,0,0,0,0,0
4668699801888,2.7998578,1788966207667110854,,0,0,0,0,0,0,0,0,0,0,0,0,0,0,0,0,0,0,0
4668719935040,2.8199909,1788966207687111393,,0,0,0,0,0,0,0,0,0,0,0,0,0,0,0,0,0,0,0
4668739936320,2.8399922,1788966207707110731,,0,0,0,0,0,0,0,0,0,0,0,0,0,0,0,0,0,0,0
4668759941696,2.8599976,1788966207727110896,,0,0,0,0,0,0,0,0,0,0,0,0,0,0,0,0,0,0,0
4668779968448,2.8800243,1788966207747110889,,0,0,0,0,0,0,0,0,0,0,0,0,0,0,0,0,0,0,0
4668799976128,2.900032,1788966207767111026,,0,0,0,0,0,0,0,0,0,0,0,0,0,0,0,0,0,0,0
4668819921216,2.9199771,1788966207787110850,,0,0,0,0,0,0,0,0,0,0,0,0,0,0,0,0,0,0,0
4668839953152,2.940009,1788966207807110488,,0,0,0,0,0,0,0,0,0,0,0,0,0,0,0,0,0,0,0
4668859945184,2.9600011,1788966207827111767,,0,0,0,0,0,0,0,0,0,0,0,0,0,0,0,0,0,0,0
4668879968576,2.9800244,1788966207847110750,,0,0,0,0,0,0,0,0,0,0,0,0,0,0,0,0,0,0,0
4668899804672,2.9998605,1788966207867111043,,0,0,0,0,0,0,0,0,0,0,0,0,0,0,0,0,0,0,0
4668919924608,3.0199805,1788966207887110920,,0,0,0,0,0,0,0,0,0,0,0,0,0,0,0,0,0,0,0
4668939920768,3.0399766,1788966207907110590,,0,0,0,0,0,0,0,0,0,0,0,0,0,0,0,0,0,0,0
4668959978592,3.0600345,1788966207927110962,,0,0,0,0,0,0,0,0,0,0,0,0,0,0,0,0,0,0,0
4668979996928,3.0800528,1788966207947110690,,0,0,0,0,0,0,0,0,0,0,0,0,0,0,0,0,0,0,0
4668999932928,3.0999888,1788966207967110576,,0,0,0,0,0,0,0,0,0,0,0,0,0,0,0,0,0,0,0
4669019932672,3.1199885,1788966207987110799,,0,0,0,0,0,0,0,0,0,0,0,0,0,0,0,0,0,0,0
4669039943872,3.1399997,1788966208007110914,,0,0,0,0,0,0,0,0,0,0,0,0,0,0,0,0,0,0,0
4669059919904,3.1599758,1788966208027110685,,0,0,0,0,0,0,0,0,0,0,0,0,0,0,0,0,0,0,0
4669080041792,3.1800977,1788966208047110978,,0,0,0,0,0,0,0,0,0,0,0,0,0,0,0,0,0,0,0
4669099838176,3.199894,1788966208067110183,,0,0,0,0,0,0,0,0,0,0,0,0,0,0,0,0,0,0,0
4669119908896,3.2199648,1788966208087110913,,0,0,0,0,0,0,0,0,0,0,0,0,0,0,0,0,0,0,0
4669139942816,3.2399987,1788966208107110625,,0,0,0,0,0,0,0,0,0,0,0,0,0,0,0,0,0,0,0
4669159923136,3.259979,1788966208127110631,,0,0,0,0,0,0,0,0,0,0,0,0,0,0,0,0,0,0,0
4669179958400,3.2800143,1788966208147111417,,0,0,0,0,0,0,0,0,0,0,0,0,0,0,0,0,0,0,0
4669199913984,3.2999699,1788966208167110402,,0,0,0,0,0,0,0,0,0,0,0,0,0,0,0,0,0,0,0
4669219918688,3.3199746,1788966208187110722,,0,0,0,0,0,0,0,0,0,0,0,0,0,0,0,0,0,0,0
4669239889760,3.3399456,1788966208207110729,,0,0,0,0,0,0,0,0,0,0,0,0,0,0,0,0,0,0,0
4669259920576,3.3599764,1788966208227109647,,0,0,0,0,0,0,0,0,0,0,0,0,0,0,0,0,0,0,0
4669279993568,3.3800494,1788966208247110979,,0,0,0,0,0,0,0,0,0,0,0,0,0,0,0,0,0,0,0
4669299788832,3.3998447,1788966208267110850,,0,0,0,0,0,0,0,0,0,0,0,0,0,0,0,0,0,0,0
4669319917568,3.4199734,1788966208287110294,,0,0,0,0,0,0,0,0,0,0,0,0,0,0,0,0,0,0,0
4669339898368,3.4399542,1788966208307110440,,0,0,0,0,0,0,0,0,0,0,0,0,0,0,0,0,0,0,0
4669359892160,3.459948,1788966208327110626,,0,0,0,0,0,0,0,0,0,0,0,0,0,0,0,0,0,0,0
4669379978752,3.4800346,1788966208347110188,,0,0,0,0,0,0,0,0,0,0,0,0,0,0,0,0,0,0,0
4669399894976,3.4999508,1788966208367110670,,0,0,0,0,0,0,0,0,0,0,0,0,0,0,0,0,0,0,0
4669419892064,3.5199479,1788966208387111046,,0,0,0,0,0,0,0,0,0,0,0,0,0,0,0,0,0,0,0
4669439904512,3.5399604,1788966208407110090,,0,0,0,0,0,0,0,0,0,0,0,0,0,0,0,0,0,0,0
4669459904768,3.5599606,1788966208427109394,,0,0,0,0,0,0,0,0,0,0,0,0,0,0,0,0,0,0,0
4669479959456,3.5800153,1788966208447110730,,0,0,0,0,0,0,0,0,0,0,0,0,0,0,0,0,0,0,0
4669499778112,3.599834,1788966208467110541,,0,0,0,0,0,0,0,0,0,0,0,0,0,0,0,0,0,0,0
4669519906592,3.6199625,1788966208487110746,,0,0,0,0,0,0,0,0,0,0,0,0,0,0,0,0,0,0,0
4669539914240,3.6399701,1788966208507110502,,0,0,0,0,0,0,0,0,0,0,0,0,0,0,0,0,0,0,0
4669559891264,3.6599471,1788966208527110777,,0,0,0,0,0,0,0,0,0,0,0,0,0,0,0,0,0,0,0
4669579879136,3.679935,1788966208547110950,,0,0,0,0,0,0,0,0,0,0,0,0,0,0,0,0,0,0,0
4669599903936,3.6999598,1788966208567110471,,0,0,0,0,0,0,0,0,0,0,0,0,0,0,0,0,0,0,0
4669619880608,3.7199365,1788966208587110405,,0,0,0,0,0,0,0,0,0,0,0,0,0,0,0,0,0,0,0
4669639875968,3.7399318,1788966208607109894,,0,0,0,0,0,0,0,0,0,0,0,0,0,0,0,0,0,0,0
4669659918688,3.7599746,1788966208627109543,,0,0,0,0,0,0,0,0,0,0,0,0,0,0,0,0,0,0,0
4669679928384,3.7799843,1788966208647110627,,0,0,0,0,0,0,0,0,0,0,0,0,0,0,0,0,0,0,0
4669699814816,3.7998707,1788966208667116684,,0,0,0,0,0,0,0,0,0,0,0,0,0,0,0,0,0,0,0
4669719889408,3.8199453,1788966208687111145,,0,0,0,0,0,0,0,0,0,0,0,0,0,0,0,0,0,0,0
4669739884416,3.8399403,1788966208707112760,,0,0,0,0,0,0,0,0,0,0,0,0,0,0,0,0,0,0,0
4669759882976,3.8599388,1788966208727110812,,0,0,0,0,0,0,0,0,0,0,0,0,0,0,0,0,0,0,0
4669779893856,3.8799497,1788966208747110738,,0,0,0,0,0,0,0,0,0,0,0,0,0,0,0,0,0,0,0
4669799876608,3.8999325,1788966208767110966,,0,0,0,0,0,0,0,0,0,0,0,0,0,0,0,0,0,0,0
4669819879680,3.9199356,1788966208787110639,,0,0,0,0,0,0,0,0,0,0,0,0,0,0,0,0,0,0,0
4669839896064,3.9399519,1788966208807111113,,0,0,0,0,0,0,0,0,0,0,0,0,0,0,0,0,0,0,0
4669859886688,3.9599426,1788966208827109462,,0,0,0,0,0,0,0,0,0,0,0,0,0,0,0,0,0,0,0
4669879876800,3.9799327,1788966208847110724,,0,0,0,0,0,0,0,0,0,0,0,0,0,0,0,0,0,0,0
4669899752864,3.9998087,1788966208867110519,,0,0,0,0,0,0,0,0,0,0,0,0,0,0,0,0,0,0,0
4669919864640,4.0199205,1788966208887110455,,0,0,0,0,0,0,0,0,0,0,0,0,0,0,0,0,0,0,0
4669939892672,4.0399485,1788966208907110981,,0,0,0,0,0,0,0,0,0,0,0,0,0,0,0,0,0,0,0
4669959888544,4.0599444,1788966208927109839,,0,0,0,0,0,0,0,0,0,0,0,0,0,0,0,0,0,0,0
4669979924416,4.0799803,1788966208947110993,,0,0,0,0,0,0,0,0,0,0,0,0,0,0,0,0,0,0,0
4669999897824,4.0999537,1788966208967110617,,0,0,0,0,0,0,0,0,0,0,0,0,0,0,0,0,0,0,0
4670019882944,4.1199388,1788966208987110532,,0,0,0,0,0,0,0,0,0,0,0,0,0,0,0,0,0,0,0
4670039866176,4.139922,1788966209007110609,,0,0,0,0,0,0,0,0,0,0,0,0,0,0,0,0,0,0,0
4670059892736,4.1599486,1788966209027109590,,0,0,0,0,0,0,0,0,0,0,0,0,0,0,0,0,0,0,0
4670079876320,4.1799322,1788966209047110499,,0,0,0,0,0,0,0,0,0,0,0,0,0,0,0,0,0,0,0
4670099734976,4.1997908,1788966209067110948,,0,0,0,0,0,0,0,0,0,0,0,0,0,0,0,0,0,0,0
4670119876096,4.219932,1788966209087110715,,0,0,0,0,0,0,0,0,0,0,0,0,0,0,0,0,0,0,0
4670139868384,4.2399243,1788966209107110783,,0,0,0,0,0,0,0,0,0,0,0,0,0,0,0,0,0,0,0
4670159849120,4.259905,1788966209127110903,,0,0,0,0,0,0,0,0,0,0,0,0,0,0,0,0,0,0,0
4670179927808,4.2799837,1788966209147121192,,0,0,0,0,0,0,0,0,0,0,0,0,0,0,0,0,0,0,0
4670199858944,4.2999148,1788966209167111060,,0,0,0,0,0,0,0,0,0,0,0,0,0,0,0,0,0,0,0
4670219847072,4.3199029,1788966209187110602,,0,0,0,0,0,0,0,0,0,0,0,0,0,0,0,0,0,0,0
4670239859552,4.3399154,1788966209207110830,,0,0,0,0,0,0,0,0,0,0,0,0,0,0,0,0,0,0,0
4670259854816,4.3599107,1788966209227109401,,0,0,0,0,0,0,0,0,0,0,0,0,0,0,0,0,0,0,0
4670279855520,4.3799114,1788966209247110596,,0,0,0,0,0,0,0,0,0,0,0,0,0,0,0,0,0,0,0
4670299786016,4.3998419,1788966209267111031,,0,0,0,0,0,0,0,0,0,0,0,0,0,0,0,0,0,0,0
4670319851680,4.4199076,1788966209287111182,,0,0,0,0,0,0,0,0,0,0,0,0,0,0,0,0,0,0,0
4670339835712,4.4398916,1788966209307110377,,0,0,0,0,0,0,0,0,0,0,0,0,0,0,0,0,0,0,0
4670359877056,4.4599329,1788966209327111135,,0,0,0,0,0,0,0,0,0,0,0,0,0,0,0,0,0,0,0
4670379890976,4.4799468,1788966209347111151,,0,0,0,0,0,0,0,0,0,0,0,0,0,0,0,0,0,0,0
4670399868256,4.4999241,1788966209367111394,,0,0,0,0,0,0,0,0,0,0,0,0,0,0,0,0,0,0,0
4670419856000,4.5199119,1788966209387110677,,0,0,0,0,0,0,0,0,0,0,0,0,0,0,0,0,0,0,0
4670439836800,4.5398927,1788966209407110923,,0,0,0,0,0,0,0,0,0,0,0,0,0,0,0,0,0,0,0
4670459897632,4.5599535,1788966209427110659,,0,0,0,0,0,0,0,0,0,0,0,0,0,0,0,0,0,0,0
4670479974848,4.5800307,1788966209447110701,,0,0,0,0,0,0,0,0,0,0,0,0,0,0,0,0,0,0,0
4670499727296,4.5997832,1788966209467110584,,0,0,0,0,0,0,0,0,0,0,0,0,0,0,0,0,0,0,0
4670519876640,4.6199325,1788966209487110678,,0,0,0,0,0,0,0,0,0,0,0,0,0,0,0,0,0,0,0
4670539855680,4.6399116,1788966209507110888,,0,0,0,0,0,0,0,0,0,0,0,0,0,0,0,0,0,0,0
4670559852448,4.6599083,1788966209527110860,,0,0,0,0,0,0,0,0,0,0,0,0,0,0,0,0,0,0,0
4670579927392,4.6799833,1788966209547110759,,0,0,0,0,0,0,0,0,0,0,0,0,0,0,0,0,0,0,0
4670599838112,4.699894,1788966209567111037,,0,0,0,0,0,0,0,0,0,0,0,0,0,0,0,0,0,0,0
4670619830880,4.7198868,1788966209587110729,,0,0,0,0,0,0,0,0,0,0,0,0,0,0,0,0,0,0,0
4670639858304,4.7399142,1788966209607110725,,0,0,0,0,0,0,0,0,0,0,0,0,0,0,0,0,0,0,0
4670659849632,4.7599055,1788966209627110735,,0,0,0,0,0,0,0,0,0,0,0,0,0,0,0,0,0,0,0
4670679812448,4.7798683,1788966209647112037,,0,0,0,0,0,0,0,0,0,0,0,0,0,0,0,0,0,0,0
4670699708672,4.7997645,1788966209667110685,,0,0,0,0,0,0,0,0,0,0,0,0,0,0,0,0,0,0,0
4670719835648,4.8198915,1788966209687114049,,0,0,0,0,0,0,0,0,0,0,0,0,0,0,0,0,0,0,0
4670739822432,4.8398783,1788966209707110265,,0,0,0,0,0,0,0,0,0,0,0,0,0,0,0,0,0,0,0
4670759844480,4.8599004,1788966209727110316,,0,0,0,0,0,0,0,0,0,0,0,0,0,0,0,0,0,0,0
4670779835904,4.8798918,1788966209747118626,,0,0,0,0,0,0,0,0,0,0,0,0,0,0,0,0,0,0,0
4670799810496,4.8998664,1788966209767110428,,0,0,0,0,0,0,0,0,0,0,0,0,0,0,0,0,0,0,0
4670819850368,4.9199062,1788966209787110416,,0,0,0,0,0,0,0,0,0,0,0,0,0,0,0,0,0,0,0
4670839815872,4.9398717,1788966209807110743,,0,0,0,0,0,0,0,0,0,0,0,0,0,0,0,0,0,0,0
4670859878336,4.9599342,1788966209827111140,,0,0,0,0,0,0,0,0,0,0,0,0,0,0,0,0,0,0,0
4670879894784,4.9799507,1788966209847110343,,0,0,0,0,0,0,0,0,0,0,0,0,0,0,0,0,0,0,0
4670899829952,4.9998858,1788966209867110428,,0,0,0,0,0,0,0,0,0,0,0,0,0,0,0,0,0,0,0
4670919847424,5.0199033,1788966209887110866,,0,0,0,0,0,0,0,0,0,0,0,0,0,0,0,0,0,0,0
4670940046016,5.0401019,1788966209907111189,,0,0,0,0,0,0,0,0,0,0,0,0,0,0,0,0,0,0,0
4670959825344,5.0598812,1788966209927109635,,0,0,0,0,0,0,0,0,0,0,0,0,0,0,0,0,0,0,0
4670979878496,5.0799344,1788966209947110533,,0,0,0,0,0,0,0,0,0,0,0,0,0,0,0,0,0,0,0
4670999814112,5.09987,1788966209967111029,,0,0,0,0,0,0,0,0,0,0,0,0,0,0,0,0,0,0,0
4671019817216,5.1198731,1788966209987110942,,0,0,0,0,0,0,0,0,0,0,0,0,0,0,0,0,0,0,0
4671039831872,5.1398877,1788966210007111444,,0,0,0,0,0,0,0,0,0,0,0,0,0,0,0,0,0,0,0
4671059839648,5.1598955,1788966210027109173,,0,0,0,0,0,0,0,0,0,0,0,0,0,0,0,0,0,0,0
4671079822016,5.1798779,1788966210047110234,,0,0,0,0,0,0,0,0,0,0,0,0,0,0,0,0,0,0,0
4671099708448,5.1997643,1788966210067110299,,0,0,0,0,0,0,0,0,0,0,0,0,0,0,0,0,0,0,0
4671119821088,5.219877,1788966210087110814,,0,0,0,0,0,0,0,0,0,0,0,0,0,0,0,0,0,0,0
4671139804736,5.2398606,1788966210107110968,,0,0,0,0,0,0,0,0,0,0,0,0,0,0,0,0,0,0,0
4671159869056,5.2599249,1788966210127109681,,0,0,0,0,0,0,0,0,0,0,0,0,0,0,0,0,0,0,0
4671179833568,5.2798894,1788966210147111742,,0,0,0,0,0,0,0,0,0,0,0,0,0,0,0,0,0,0,0
4671199808768,5.2998646,1788966210167111239,,0,0,0,0,0,0,0,0,0,0,0,0,0,0,0,0,0,0,0
4671219854560,5.3199104,1788966210187110633,,0,0,0,0,0,0,0,0,0,0,0,0,0,0,0,0,0,0,0
4671239809472,5.3398653,1788966210207110548,,0,0,0,0,0,0,0,0,0,0,0,0,0,0,0,0,0,0,0
4671259824480,5.3598804,1788966210227111296,,0,0,0,0,0,0,0,0,0,0,0,0,0,0,0,0,0,0,0
4671279868128,5.379924,1788966210247111175,,0,0,0,0,0,0,0,0,0,0,0,0,0,0,0,0,0,0,0
4671299733312,5.3997892,1788966210267110575,,0,0,0,0,0,0,0,0,0,0,0,0,0,0,0,0,0,0,0
4671319800320,5.4198562,1788966210287110824,,0,0,0,0,0,0,0,0,0,0,0,0,0,0,0,0,0,0,0
4671339809344,5.4398652,1788966210307110965,,0,0,0,0,0,0,0,0,0,0,0,0,0,0,0,0,0,0,0
4671359815360,5.4598712,1788966210327111340,,0,0,0,0,0,0,0,0,0,0,0,0,0,0,0,0,0,0,0
4671379857152,5.479913,1788966210347110793,,0,0,0,0,0,0,0,0,0,0,0,0,0,0,0,0,0,0,0
4671399801120,5.499857,1788966210367110963,,0,0,0,0,0,0,0,0,0,0,0,0,0,0,0,0,0,0,0
4671419781856,5.5198377,1788966210387110516,,0,0,0,0,0,0,0,0,0,0,0,0,0,0,0,0,0,0,0
4671439820832,5.5398767,1788966210407111152,,0,0,0,0,0,0,0,0,0,0,0,0,0,0,0,0,0,0,0
4671459836320,5.5598922,1788966210427110013,,0,0,0,0,0,0,0,0,0,0,0,0,0,0,0,0,0,0,0
4671479841696,5.5798976,1788966210447111113,,0,0,0,0,0,0,0,0,0,0,0,0,0,0,0,0,0,0,0
4671499723520,5.5997794,1788966210467110470,,0,0,0,0,0,0,0,0,0,0,0,0,0,0,0,0,0,0,0
4671519802240,5.6198581,1788966210487110813,,0,0,0,0,0,0,0,0,0,0,0,0,0,0,0,0,0,0,0
4671539787360,5.6398432,1788966210507111210,,0,0,0,0,0,0,0,0,0,0,0,0,0,0,0,0,0,0,0
4671559831552,5.6598874,1788966210527110482,,0,0,0,0,0,0,0,0,0,0,0,0,0,0,0,0,0,0,0
4671579818944,5.6798748,1788966210547110311,,0,0,0,0,0,0,0,0,0,0,0,0,0,0,0,0,0,0,0
4671599784768,5.6998406,1788966210567111057,,0,0,0,0,0,0,0,0,0,0,0,0,0,0,0,0,0,0,0
4671619845920,5.7199018,1788966210587110971,,0,0,0,0,0,0,0,0,0,0,0,0,0,0,0,0,0,0,0
4671639788352,5.7398442,1788966210607110550,,0,0,0,0,0,0,0,0,0,0,0,0,0,0,0,0,0,0,0
4671659787264,5.7598431,1788966210627110812,,0,0,0,0,0,0,0,0,0,0,0,0,0,0,0,0,0,0,0
4671679805728,5.7798616,1788966210647112091,,0,0,0,0,0,0,0,0,0,0,0,0,0,0,0,0,0,0,0
4671699719520,5.7997754,1788966210667111291,,0,0,0,0,0,0,0,0,0,0,0,0,0,0,0,0,0,0,0
4671719771040,5.8198269,1788966210687111418,,0,0,0,0,0,0,0,0,0,0,0,0,0,0,0,0,0,0,0
4671739789984,5.8398459,1788966210707110460,,0,0,0,0,0,0,0,0,0,0,0,0,0,0,0,0,0,0,0
4671759823744,5.8598796,1788966210727109304,,0,0,0,0,0,0,0,0,0,0,0,0,0,0,0,0,0,0,0
4671779789248,5.8798451,1788966210747110836,,0,0,0,0,0,0,0,0,0,0,0,0,0,0,0,0,0,0,0
4671799795552,5.8998514,1788966210767110828,,0,0,0,0,0,0,0,0,0,0,0,0,0,0,0,0,0,0,0
4671819780480,5.9198364,1788966210787110686,,0,0,0,0,0,0,0,0,0,0,0,0,0,0,0,0,0,0,0
4671839787168,5.939843,1788966210807110153,,0,0,0,0,0,0,0,0,0,0,0,0,0,0,0,0,0,0,0
4671859776352,5.9598322,1788966210827120231,,0,0,0,0,0,0,0,0,0,0,0,0,0,0,0,0,0,0,0
4671879822528,5.9798784,1788966210847113881,,0,0,0,0,0,0,0,0,0,0,0,0,0,0,0,0,0,0,0
4671899712768,5.9997686,1788966210867110357,,0,0,0,0,0,0,0,0,0,0,0,0,0,0,0,0,0,0,0
4671919807104,6.019863,1788966210887111145,,0,0,0,0,0,0,0,0,0,0,0,0,0,0,0,0,0,0,0
4671939767424,6.0398233,1788966210907111220,,0,0,0,0,0,0,0,0,0,0,0,0,0,0,0,0,0,0,0
4671959793088,6.059849,1788966210927109823,,0,0,0,0,0,0,0,0,0,0,0,0,0,0,0,0,0,0,0
4671979775296,6.0798312,1788966210947110935,,0,0,0,0,0,0,0,0,0,0,0,0,0,0,0,0,0,0,0
4671999757344,6.0998132,1788966210967111199,,0,0,0,0,0,0,0,0,0,0,0,0,0,0,0,0,0,0,0
4672019801504,6.1198574,1788966210987111049,,0,0,0,0,0,0,0,0,0,0,0,0,0,0,0,0,0,0,0
4672039778464,6.1398343,1788966211007111195,,0,0,0,0,0,0,0,0,0,0,0,0,0,0,0,0,0,0,0
4672059765760,6.1598216,1788966211027110914,,0,0,0,0,0,0,0,0,0,0,0,0,0,0,0,0,0,0,0
4672080050944,6.1801068,1788966211047110492,,0,0,0,0,0,0,0,0,0,0,0,0,0,0,0,0,0,0,0
4672099706176,6.199762,1788966211067111424,,0,0,0,0,0,0,0,0,0,0,0,0,0,0,0,0,0,0,0
4672119771904,6.2198278,1788966211087111290,,0,0,0,0,0,0,0,0,0,0,0,0,0,0,0,0,0,0,0
4672139771616,6.2398275,1788966211107110691,,0,0,0,0,0,0,0,0,0,0,0,0,0,0,0,0,0,0,0
4672159784320,6.2598402,1788966211127110889,,0,0,0,0,0,0,0,0,0,0,0,0,0,0,0,0,0,0,0
4672179753248,6.2798091,1788966211147111579,,0,0,0,0,0,0,0,0,0,0,0,0,0,0,0,0,0,0,0
4672199773472,6.2998293,1788966211167110987,,0,0,0,0,0,0,0,0,0,0,0,0,0,0,0,0,0,0,0
4672219786208,6.3198421,1788966211187111085,,0,0,0,0,0,0,0,0,0,0,0,0,0,0,0,0,0,0,0
4672239743872,6.3397997,1788966211207111085,,0,0,0,0,0,0,0,0,0,0,0,0,0,0,0,0,0,0,0
4672259780768,6.3598366,1788966211227111035,,0,0,0,0,0,0,0,0,0,0,0,0,0,0,0,0,0,0,0
4672279798848,6.3798547,1788966211247111216,,0,0,0,0,0,0,0,0,0,0,0,0,0,0,0,0,0,0,0
4672299688544,6.3997444,1788966211267110994,,0,0,0,0,0,0,0,0,0,0,0,0,0,0,0,0,0,0,0
4672319826368,6.4198822,1788966211287109985,,0,0,0,0,0,0,0,0,0,0,0,0,0,0,0,0,0,0,0
4672339750240,6.4398061,1788966211307110475,,0,0,0,0,0,0,0,0,0,0,0,0,0,0,0,0,0,0,0
4672359797696,6.4598536,1788966211327111279,,0,0,0,0,0,0,0,0,0,0,0,0,0,0,0,0,0,0,0
4672379779168,6.479835,1788966211347110956,,0,0,0,0,0,0,0,0,0,0,0,0,0,0,0,0,0,0,0
4672399781536,6.4998374,1788966211367111116,,0,0,0,0,0,0,0,0,0,0,0,0,0,0,0,0,0,0,0
4672419792768,6.5198486,1788966211387111036,,0,0,0,0,0,0,0,0,0,0,0,0,0,0,0,0,0,0,0
4672439791296,6.5398472,1788966211407111332,,0,0,0,0,0,0,0,0,0,0,0,0,0,0,0,0,0,0,0
4672459746016,6.5598019,1788966211427109514,,0,0,0,0,0,0,0,0,0,0,0,0,0,0,0,0,0,0,0
4672479834656,6.5798905,1788966211447110683,,0,0,0,0,0,0,0,0,0,0,0,0,0,0,0,0,0,0,0
4672499681280,6.5997372,1788966211467110662,,0,0,0,0,0,0,0,0,0,0,0,0,0,0,0,0,0,0,0
4672519760768,6.6198166,1788966211487110697,,0,0,0,0,0,0,0,0,0,0,0,0,0,0,0,0,0,0,0
4672539773568,6.6398294,1788966211507110965,,0,0,0,0,0,0,0,0,0,0,0,0,0,0,0,0,0,0,0
4672559771520,6.6598274,1788966211527111081,,0,0,0,0,0,0,0,0,0,0,0,0,0,0,0,0,0,0,0
4672579729856,6.6797857,1788966211547110406,,0,0,0,0,0,0,0,0,0,0,0,0,0,0,0,0,0,0,0
4672599771040,6.6998269,1788966211567110537,,0,0,0,0,0,0,0,0,0,0,0,0,0,0,0,0,0,0,0
4672619751040,6.7198069,1788966211587110904,,0,0,0,0,0,0,0,0,0,0,0,0,0,0,0,0,0,0,0
4672639725088,6.739781,1788966211607125122,,0,0,0,0,0,0,0,0,0,0,0,0,0,0,0,0,0,0,0
4672659736320,6.7597922,1788966211627110988,,0,0,0,0,0,0,0,0,0,0,0,0,0,0,0,0,0,0,0
4672679755456,6.7798113,1788966211647111924,,0,0,0,0,0,0,0,0,0,0,0,0,0,0,0,0,0,0,0
4672699612608,6.7996685,1788966211667110891,,0,0,0,0,0,0,0,0,0,0,0,0,0,0,0,0,0,0,0
4672719758016,6.8198139,1788966211687110636,,0,0,0,0,0,0,0,0,0,0,0,0,0,0,0,0,0,0,0
4672739708960,6.8397648,1788966211707110965,,0,0,0,0,0,0,0,0,0,0,0,0,0,0,0,0,0,0,0
4672759723648,6.8597795,1788966211727110792,,0,0,0,0,0,0,0,0,0,0,0,0,0,0,0,0,0,0,0
4672779741792,6.8797977,1788966211747110293,,0,0,0,0,0,0,0,0,0,0,0,0,0,0,0,0,0,0,0
4672799732256,6.8997881,1788966211767111411,,0,0,0,0,0,0,0,0,0,0,0,0,0,0,0,0,0,0,0
4672819724704,6.9197806,1788966211787110644,,0,0,0,0,0,0,0,0,0,0,0,0,0,0,0,0,0,0,0
4672839725056,6.9397809,1788966211807110276,,0,0,0,0,0,0,0,0,0,0,0,0,0,0,0,0,0,0,0
4672859727232,6.9597831,1788966211827109715,,0,0,0,0,0,0,0,0,0,0,0,0,0,0,0,0,0,0,0
4672879753856,6.9798097,1788966211847110650,,0,0,0,0,0,0,0,0,0,0,0,0,0,0,0,0,0,0,0
4672899631360,6.9996872,1788966211867110382,,0,0,0,0,0,0,0,0,0,0,0,0,0,0,0,0,0,0,0
4672919710464,7.0197663,1788966211887111135,,0,0,0,0,0,0,0,0,0,0,0,0,0,0,0,0,0,0,0
4672939737056,7.0397929,1788966211907110558,,0,0,0,0,0,0,0,0,0,0,0,0,0,0,0,0,0,0,0
4672959987392,7.0600433,1788966211927113547,,0,0,0,0,0,0,0,0,0,0,0,0,0,0,0,0,0,0,0
4672979716032,7.0797719,1788966211947114018,,0,0,0,0,0,0,0,0,0,0,0,0,0,0,0,0,0,0,0
4672999729504,7.0997854,1788966211967111140,,0,0,0,0,0,0,0,0,0,0,0,0,0,0,0,0,0,0,0
4673019737856,7.1197937,1788966211987111041,,0,0,0,0,0,0,0,0,0,0,0,0,0,0,0,0,0,0,0
4673039696352,7.1397522,1788966212007110558,,0,0,0,0,0,0,0,0,0,0,0,0,0,0,0,0,0,0,0
4673059728640,7.1597845,1788966212027110784,,0,0,0,0,0,0,0,0,0,0,0,0,0,0,0,0,0,0,0
4673079763360,7.1798192,1788966212047110829,,0,0,0,0,0,0,0,0,0,0,0,0,0,0,0,0,0,0,0
4673099599104,7.199655,1788966212067110689,,0,0,0,0,0,0,0,0,0,0,0,0,0,0,0,0,0,0,0
4673119733216,7.2197891,1788966212087110723,,0,0,0,0,0,0,0,0,0,0,0,0,0,0,0,0,0,0,0
4673139734272,7.2397901,1788966212107109955,,0,0,0,0,0,0,0,0,0,0,0,0,0,0,0,0,0,0,0
4673159702080,7.259758,1788966212127110625,,0,0,0,0,0,0,0,0,0,0,0,0,0,0,0,0,0,0,0
4673179721792,7.2797777,1788966212147111865,,0,0,0,0,0,0,0,0,0,0,0,0,0,0,0,0,0,0,0
4673199701248,7.2997571,1788966212167111128,,0,0,0,0,0,0,0,0,0,0,0,0,0,0,0,0,0,0,0
4673219699264,7.3197551,1788966212187110846,,0,0,0,0,0,0,0,0,0,0,0,0,0,0,0,0,0,0,0
4673239709792,7.3397657,1788966212207111037,,0,0,0,0,0,0,0,0,0,0,0,0,0,0,0,0,0,0,0
4673259703968,7.3597598,1788966212227111300,,0,0,0,0,0,0,0,0,0,0,0,0,0,0,0,0,0,0,0
4673279730848,7.3797867,1788966212247110609,,0,0,0,0,0,0,0,0,0,0,0,0,0,0,0,0,0,0,0
4673299574912,7.3996308,1788966212267111064,,0,0,0,0,0,0,0,0,0,0,0,0,0,0,0,0,0,0,0
4673319697600,7.4197535,1788966212287110947,,0,0,0,0,0,0,0,0,0,0,0,0,0,0,0,0,0,0,0
4673339751488,7.4398074,1788966212307111089,,0,0,0,0,0,0,0,0,0,0,0,0,0,0,0,0,0,0,0
4673359718304,7.4597742,1788966212327111018,,0,0,0,0,0,0,0,0,0,0,0,0,0,0,0,0,0,0,0
4673379718976,7.4797748,1788966212347111109,,0,0,0,0,0,0,0,0,0,0,0,0,0,0,0,0,0,0,0
4673399720480,7.4997764,1788966212367110670,,0,0,0,0,0,0,0,0,0,0,0,0,0,0,0,0,0,0,0
4673419733504,7.5197894,1788966212387110444,,0,0,0,0,0,0,0,0,0,0,0,0,0,0,0,0,0,0,0
4673439685504,7.5397414,1788966212407110849,,0,0,0,0,0,0,0,0,0,0,0,0,0,0,0,0,0,0,0
4673459719040,7.5597749,1788966212427110896,,0,0,0,0,0,0,0,0,0,0,0,0,0,0,0,0,0,0,0
4673479740736,7.5797966,1788966212447110834,,0,0,0,0,0,0,0,0,0,0,0,0,0,0,0,0,0,0,0
4673499576224,7.5996321,1788966212467110497,,0,0,0,0,0,0,0,0,0,0,0,0,0,0,0,0,0,0,0
4673519713568,7.6197694,1788966212487110585,,0,0,0,0,0,0,0,0,0,0,0,0,0,0,0,0,0,0,0
4673539697760,7.6397536,1788966212507110619,,0,0,0,0,0,0,0,0,0,0,0,0,0,0,0,0,0,0,0
4673559680864,7.6597367,1788966212527110803,,0,0,0,0,0,0,0,0,0,0,0,0,0,0,0,0,0,0,0
4673579761664,7.6798175,1788966212547111118,,0,0,0,0,0,0,0,0,0,0,0,0,0,0,0,0,0,0,0
4673599687264,7.6997431,1788966212567110622,,0,0,0,0,0,0,0,0,0,0,0,0,0,0,0,0,0,0,0
4673619712832,7.7197687,1788966212587110302,,0,0,0,0,0,0,0,0,0,0,0,0,0,0,0,0,0,0,0
4673639709376,7.7397652,1788966212607111079,,0,0,0,0,0,0,0,0,0,0,0,0,0,0,0,0,0,0,0
4673659704512,7.7597604,1788966212627111144,,0,0,0,0,0,0,0,0,0,0,0,0,0,0,0,0,0,0,0
4673679696480,7.7797524,1788966212647111017,,0,0,0,0,0,0,0,0,0,0,0,0,0,0,0,0,0,0,0
4673699670976,7.7997268,1788966212667110736,,0,0,0,0,0,0,0,0,0,0,0,0,0,0,0,0,0,0,0
4673719688128,7.819744,1788966212687110688,,0,0,0,0,0,0,0,0,0,0,0,0,0,0,0,0,0,0,0
4673739682784,7.8397387,1788966212707110684,,0,0,0,0,0,0,0,0,0,0,0,0,0,0,0,0,0,0,0
4673759700704,7.8597566,1788966212727110568,,0,0,0,0,0,0,0,0,0,0,0,0,0,0,0,0,0,0,0
4673779689408,7.8797453,1788966212747110498,,0,0,0,0,0,0,0,0,0,0,0,0,0,0,0,0,0,0,0
4673799697120,7.899753,1788966212767110975,,0,0,0,0,0,0,0,0,0,0,0,0,0,0,0,0,0,0,0
4673819676768,7.9197326,1788966212787110476,,0,0,0,0,0,0,0,0,0,0,0,0,0,0,0,0,0,0,0
4673839660640,7.9397165,1788966212807110591,,0,0,0,0,0,0,0,0,0,0,0,0,0,0,0,0,0,0,0
4673859681504,7.9597374,1788966212827110753,,0,0,0,0,0,0,0,0,0,0,0,0,0,0,0,0,0,0,0
4673879698944,7.9797548,1788966212847110856,,0,0,0,0,0,0,0,0,0,0,0,0,0,0,0,0,0,0,0
4673899657216,7.9997131,1788966212867111056,,0,0,0,0,0,0,0,0,0,0,0,0,0,0,0,0,0,0,0
4673919701824,8.0197577,1788966212887110565,,0,0,0,0,0,0,0,0,0,0,0,0,0,0,0,0,0,0,0
4673939678880,8.0397348,1788966212907111037,,0,0,0,0,0,0,0,0,0,0,0,0,0,0,0,0,0,0,0
4673959668352,8.0597242,1788966212927110631,,0,0,0,0,0,0,0,0,0,0,0,0,0,0,0,0,0,0,0
4673979737664,8.0797935,1788966212947110874,,0,0,0,0,0,0,0,0,0,0,0,0,0,0,0,0,0,0,0
4673999672032,8.0997279,1788966212967110250,,0,0,0,0,0,0,0,0,0,0,0,0,0,0,0,0,0,0,0
4674019672256,8.1197281,1788966212987110209,,0,0,0,0,0,0,0,0,0,0,0,0,0,0,0,0,0,0,0
4674039686592,8.1397425,1788966213007119948,,0,0,0,0,0,0,0,0,0,0,0,0,0,0,0,0,0,0,0
4674059679328,8.1597352,1788966213027113365,,0,0,0,0,0,0,0,0,0,0,0,0,0,0,0,0,0,0,0
4674079722112,8.179778,1788966213047113373,,0,0,0,0,0,0,0,0,0,0,0,0,0,0,0,0,0,0,0
4674099549152,8.199605,1788966213067110843,,0,0,0,0,0,0,0,0,0,0,0,0,0,0,0,0,0,0,0
4674119662176,8.219718,1788966213087110562,,0,0,0,0,0,0,0,0,0,0,0,0,0,0,0,0,0,0,0
4674139649760,8.2397056,1788966213107110744,,0,0,0,0,0,0,0,0,0,0,0,0,0,0,0,0,0,0,0
4674159677696,8.2597336,1788966213127110703,,0,0,0,0,0,0,0,0,0,0,0,0,0,0,0,0,0,0,0
4674179681344,8.2797372,1788966213147111791,,0,0,0,0,0,0,0,0,0,0,0,0,0,0,0,0,0,0,0
4674199643488,8.2996994,1788966213167110631,,0,0,0,0,0,0,0,0,0,0,0,0,0,0,0,0,0,0,0
4674219667680,8.3197236,1788966213187110758,,0,0,0,0,0,0,0,0,0,0,0,0,0,0,0,0,0,0,0
4674239656896,8.3397128,1788966213207111089,,0,0,0,0,0,0,0,0,0,0,0,0,0,0,0,0,0,0,0
4674259701728,8.3597576,1788966213227111022,,0,0,0,0,0,0,0,0,0,0,0,0,0,0,0,0,0,0,0
4674279689504,8.3797454,1788966213247110741,,0,0,0,0,0,0,0,0,0,0,0,0,0,0,0,0,0,0,0
4674299592672,8.3996485,1788966213267110795,,0,0,0,0,0,0,0,0,0,0,0,0,0,0,0,0,0,0,0
4674319730976,8.4197868,1788966213287110894,,0,0,0,0,0,0,0,0,0,0,0,0,0,0,0,0,0,0,0
4674339673152,8.439729,1788966213307110829,,0,0,0,0,0,0,0,0,0,0,0,0,0,0,0,0,0,0,0
4674359655424,8.4597113,1788966213327111289,,0,0,0,0,0,0,0,0,0,0,0,0,0,0,0,0,0,0,0
4674379714144,8.47977,1788966213347111275,,0,0,0,0,0,0,0,0,0,0,0,0,0,0,0,0,0,0,0
4674399740544,8.4997964,1788966213367109683,,0,0,0,0,0,0,0,0,0,0,0,0,0,0,0,0,0,0,0
4674419660960,8.5197168,1788966213387111068,,0,0,0,0,0,0,0,0,0,0,0,0,0,0,0,0,0,0,0
4674439680192,8.5397361,1788966213407111359,,0,0,0,0,0,0,0,0,0,0,0,0,0,0,0,0,0,0,0
4674459662304,8.5597182,1788966213427111273,,0,0,0,0,0,0,0,0,0,0,0,0,0,0,0,0,0,0,0
4674479708384,8.5797643,1788966213447111226,,0,0,0,0,0,0,0,0,0,0,0,0,0,0,0,0,0,0,0
4674499587840,8.5996437,1788966213467111098,,0,0,0,0,0,0,0,0,0,0,0,0,0,0,0,0,0,0,0
4674519668384,8.6197243,1788966213487110508,,0,0,0,0,0,0,0,0,0,0,0,0,0,0,0,0,0,0,0
4674539658816,8.6397147,1788966213507110813,,0,0,0,0,0,0,0,0,0,0,0,0,0,0,0,0,0,0,0
4674559685184,8.6597411,1788966213527110652,,0,0,0,0,0,0,0,0,0,0,0,0,0,0,0,0,0,0,0
4674579685824,8.6797417,1788966213547109550,,0,0,0,0,0,0,0,0,0,0,0,0,0,0,0,0,0,0,0
4674599743488,8.6997994,1788966213567110752,,0,0,0,0,0,0,0,0,0,0,0,0,0,0,0,0,0,0,0
4674619682432,8.7197383,1788966213587110375,,0,0,0,0,0,0,0,0,0,0,0,0,0,0,0,0,0,0,0
4674639656032,8.7397119,1788966213607110518,,0,0,0,0,0,0,0,0,0,0,0,0,0,0,0,0,0,0,0
4674659641248,8.7596971,1788966213627110530,,0,0,0,0,0,0,0,0,0,0,0,0,0,0,0,0,0,0,0
4674679703328,8.7797592,1788966213647110965,,0,0,0,0,0,0,0,0,0,0,0,0,0,0,0,0,0,0,0
4674699532640,8.7995885,1788966213667110986,,0,0,0,0,0,0,0,0,0,0,0,0,0,0,0,0,0,0,0
4674719633280,8.8196892,1788966213687111118,,0,0,0,0,0,0,0,0,0,0,0,0,0,0,0,0,0,0,0
4674739647744,8.8397036,1788966213707110382,,0,0,0,0,0,0,0,0,0,0,0,0,0,0,0,0,0,0,0
4674759652000,8.8597079,1788966213727110753,,0,0,0,0,0,0,0,0,0,0,0,0,0,0,0,0,0,0,0
4674779690784,8.8797467,1788966213747110645,,0,0,0,0,0,0,0,0,0,0,0,0,0,0,0,0,0,0,0
4674799685472,8.8997413,1788966213767110477,,0,0,0,0,0,0,0,0,0,0,0,0,0,0,0,0,0,0,0
4674819630592,8.9196865,1788966213787110785,,0,0,0,0,0,0,0,0,0,0,0,0,0,0,0,0,0,0,0
4674839672864,8.9397287,1788966213807110780,,0,0,0,0,0,0,0,0,0,0,0,0,0,0,0,0,0,0,0
4674859660000,8.9597159,1788966213827110975,,0,0,0,0,0,0,0,0,0,0,0,0,0,0,0,0,0,0,0
4674879667552,8.9797234,1788966213847111494,,0,0,0,0,0,0,0,0,0,0,0,0,0,0,0,0,0,0,0
4674899507200,8.9995631,1788966213867111067,,0,0,0,0,0,0,0,0,0,0,0,0,0,0,0,0,0,0,0
4674919649792,9.0197057,1788966213887111616,,0,0,0,0,0,0,0,0,0,0,0,0,0,0,0,0,0,0,0
4674939622784,9.0396787,1788966213907110426,,0,0,0,0,0,0,0,0,0,0,0,0,0,0,0,0,0,0,0
4674959671904,9.0597278,1788966213927110846,,0,0,0,0,0,0,0,0,0,0,0,0,0,0,0,0,0,0,0
4674979666720,9.0797226,1788966213947110526,,0,0,0,0,0,0,0,0,0,0,0,0,0,0,0,0,0,0,0
4674999626080,9.099682,1788966213967110693,,0,0,0,0,0,0,0,0,0,0,0,0,0,0,0,0,0,0,0
4675019649696,9.1197056,1788966213987110600,,0,0,0,0,0,0,0,0,0,0,0,0,0,0,0,0,0,0,0
4675039636128,9.139692,1788966214007110733,,0,0,0,0,0,0,0,0,0,0,0,0,0,0,0,0,0,0,0
4675059611840,9.1596677,1788966214027110526,,0,0,0,0,0,0,0,0,0,0,0,0,0,0,0,0,0,0,0
4675079702592,9.1797585,1788966214047109256,,0,0,0,0,0,0,0,0,0,0,0,0,0,0,0,0,0,0,0
4675099494880,9.1995508,1788966214067110591,,0,0,0,0,0,0,0,0,0,0,0,0,0,0,0,0,0,0,0
4675119653920,9.2197098,1788966214087117037,,0,0,0,0,0,0,0,0,0,0,0,0,0,0,0,0,0,0,0
4675139638208,9.2396941,1788966214107111307,,0,0,0,0,0,0,0,0,0,0,0,0,0,0,0,0,0,0,0
4675159637504,9.2596934,1788966214127110963,,0,0,0,0,0,0,0,0,0,0,0,0,0,0,0,0,0,0,0
4675179699008,9.2797549,1788966214147111855,,0,0,0,0,0,0,0,0,0,0,0,0,0,0,0,0,0,0,0
4675199624480,9.2996804,1788966214167110567,,0,0,0,0,0,0,0,0,0,0,0,0,0,0,0,0,0,0,0
4675219627904,9.3196838,1788966214187111224,,0,0,0,0,0,0,0,0,0,0,0,0,0,0,0,0,0,0,0
4675239638560,9.3396944,1788966214207111120,,0,0,0,0,0,0,0,0,0,0,0,0,0,0,0,0,0,0,0
4675259623232,9.3596791,1788966214227111293,,0,0,0,0,0,0,0,0,0,0,0,0,0,0,0,0,0,0,0
4675279673152,9.379729,1788966214247113899,,0,0,0,0,0,0,0,0,0,0,0,0,0,0,0,0,0,0,0
4675299512416,9.3995683,1788966214267110843,,0,0,0,0,0,0,0,0,0,0,0,0,0,0,0,0,0,0,0
4675319619296,9.4196752,1788966214287110787,,0,0,0,0,0,0,0,0,0,0,0,0,0,0,0,0,0,0,0
4675339601952,9.4396578,1788966214307111414,,0,0,0,0,0,0,0,0,0,0,0,0,0,0,0,0,0,0,0
4675359656320,9.4597122,1788966214327110902,,0,0,0,0,0,0,0,0,0,0,0,0,0,0,0,0,0,0,0
4675379642944,9.4796988,1788966214347111183,,0,0,0,0,0,0,0,0,0,0,0,0,0,0,0,0,0,0,0
4675399598048,9.4996539,1788966214367110713,,0,0,0,0,0,0,0,0,0,0,0,0,0,0,0,0,0,0,0
4675419624448,9.5196803,1788966214387111213,,0,0,0,0,0,0,0,0,0,0,0,0,0,0,0,0,0,0,0
4675439615168,9.539671,1788966214407111409,,0,0,0,0,0,0,0,0,0,0,0,0,0,0,0,0,0,0,0
4675459600544,9.5596564,1788966214427110833,,0,0,0,0,0,0,0,0,0,0,0,0,0,0,0,0,0,0,0
4675479654368,9.5797102,1788966214447111016,,0,0,0,0,0,0,0,0,0,0,0,0,0,0,0,0,0,0,0
4675499480288,9.5995362,1788966214467114108,,0,0,0,0,0,0,0,0,0,0,0,0,0,0,0,0,0,0,0
4675519591072,9.6196469,1788966214487110844,,0,0,0,0,0,0,0,0,0,0,0,0,0,0,0,0,0,0,0
4675539623104,9.639679,1788966214507111020,,0,0,0,0,0,0,0,0,0,0,0,0,0,0,0,0,0,0,0
4675559615936,9.6596718,1788966214527111794,,0,0,0,0,0,0,0,0,0,0,0,0,0,0,0,0,0,0,0
4675579622912,9.6796788,1788966214547110816,,0,0,0,0,0,0,0,0,0,0,0,0,0,0,0,0,0,0,0
4675599675104,9.699731,1788966214567110966,,0,0,0,0,0,0,0,0,0,0,0,0,0,0,0,0,0,0,0
4675619620352,9.7196762,1788966214587111476,,0,0,0,0,0,0,0,0,0,0,0,0,0,0,0,0,0,0,0
4675639624288,9.7396802,1788966214607111043,,0,0,0,0,0,0,0,0,0,0,0,0,0,0,0,0,0,0,0
4675659607584,9.7596635,1788966214627111091,,0,0,0,0,0,0,0,0,0,0,0,0,0,0,0,0,0,0,0
4675679753728,9.7798096,1788966214647110898,,0,0,0,0,0,0,0,0,0,0,0,0,0,0,0,0,0,0,0
4675699481056,9.7995369,1788966214667110635,,0,0,0,0,0,0,0,0,0,0,0,0,0,0,0,0,0,0,0
4675719615616,9.8196715,1788966214687109351,,0,0,0,0,0,0,0,0,0,0,0,0,0,0,0,0,0,0,0
4675739593728,9.8396496,1788966214707110152,,0,0,0,0,0,0,0,0,0,0,0,0,0,0,0,0,0,0,0
4675759654880,9.8597108,1788966214727110160,,0,0,0,0,0,0,0,0,0,0,0,0,0,0,0,0,0,0,0
4675779613440,9.8796693,1788966214747110251,,0,0,0,0,0,0,0,0,0,0,0,0,0,0,0,0,0,0,0
4675799586016,9.8996419,1788966214767111501,,0,0,0,0,0,0,0,0,0,0,0,0,0,0,0,0,0,0,0
4675819616448,9.9196723,1788966214787111640,,0,0,0,0,0,0,0,0,0,0,0,0,0,0,0,0,0,0,0
4675839593728,9.9396496,1788966214807111425,,0,0,0,0,0,0,0,0,0,0,0,0,0,0,0,0,0,0,0
4675859582592,9.9596385,1788966214827111105,,0,0,0,0,0,0,0,0,0,0,0,0,0,0,0,0,0,0,0
4675879641088,9.979697,1788966214847109783,,0,0,0,0,0,0,0,0,0,0,0,0,0,0,0,0,0,0,0
4675899462208,9.9995181,1788966214867110910,,0,0,0,0,0,0,0,0,0,0,0,0,0,0,0,0,0,0,0
4675919580608,10.019636,1788966214887110465,,0,0,0,0,0,0,0,0,0,0,0,0,0,0,0,0,0,0,0
4675939600224,10.039656,1788966214907111426,,0,0,0,0,0,0,0,0,0,0,0,0,0,0,0,0,0,0,0
4675959604128,10.05966,1788966214927110088,,0,0,0,0,0,0,0,0,0,0,0,0,0,0,0,0,0,0,0
4675979598784,10.079655,1788966214947109763,,0,0,0,0,0,0,0,0,0,0,0,0,0,0,0,0,0,0,0
4675999633024,10.099689,1788966214967109563,,0,0,0,0,0,0,0,0,0,0,0,0,0,0,0,0,0,0,0
4676019635808,10.119692,1788966214987109573,,0,0,0,0,0,0,0,0,0,0,0,0,0,0,0,0,0,0,0
4676039593568,10.139649,1788966215007109481,,0,0,0,0,0,0,0,0,0,0,0,0,0,0,0,0,0,0,0
4676059613984,10.15967,1788966215027110249,,0,0,0,0,0,0,0,0,0,0,0,0,0,0,0,0,0,0,0
4676079650880,10.179707,1788966215047109702,,0,0,0,0,0,0,0,0,0,0,0,0,0,0,0,0,0,0,0
4676099456736,10.199513,1788966215067109551,,0,0,0,0,0,0,0,0,0,0,0,0,0,0,0,0,0,0,0
4676119600064,10.219656,1788966215087109208,,0,0,0,0,0,0,0,0,0,0,0,0,0,0,0,0,0,0,0
4676139593088,10.239649,1788966215107109390,,0,0,0,0,0,0,0,0,0,0,0,0,0,0,0,0,0,0,0
4676159585088,10.259641,1788966215127109808,,0,0,0,0,0,0,0,0,0,0,0,0,0,0,0,0,0,0,0
4676179626144,10.279682,1788966215147109947,,0,0,0,0,0,0,0,0,0,0,0,0,0,0,0,0,0,0,0
4676199596064,10.299652,1788966215167116181,,0,0,0,0,0,0,0,0,0,0,0,0,0,0,0,0,0,0,0
4676219597344,10.319653,1788966215187109800,,0,0,0,0,0,0,0,0,0,0,0,0,0,0,0,0,0,0,0
4676239587296,10.339643,1788966215207112160,,0,0,0,0,0,0,0,0,0,0,0,0,0,0,0,0,0,0,0
4676259575968,10.359632,1788966215227109904,,0,0,0,0,0,0,0,0,0,0,0,0,0,0,0,0,0,0,0
4676279578048,10.379634,1788966215247109474,,0,0,0,0,0,0,0,0,0,0,0,0,0,0,0,0,0,0,0
4676299450912,10.399507,1788966215267109759,,0,0,0,0,0,0,0,0,0,0,0,0,0,0,0,0,0,0,0
4676319584768,10.419641,1788966215287109786,,0,0,0,0,0,0,0,0,0,0,0,0,0,0,0,0,0,0,0
4676339547680,10.439604,1788966215307109622,,0,0,0,0,0,0,0,0,0,0,0,0,0,0,0,0,0,0,0
4676359598880,10.459655,1788966215327109751,,0,0,0,0,0,0,0,0,0,0,0,0,0,0,0,0,0,0,0
4676379604480,10.47966,1788966215347109692,,0,0,0,0,0,0,0,0,0,0,0,0,0,0,0,0,0,0,0
4676399603776,10.49966,1788966215367110062,,0,0,0,0,0,0,0,0,0,0,0,0,0,0,0,0,0,0,0
4676419585888,10.519642,1788966215387110069,,0,0,0,0,0,0,0,0,0,0,0,0,0,0,0,0,0,0,0
4676439562912,10.539619,1788966215407109552,,0,0,0,0,0,0,0,0,0,0,0,0,0,0,0,0,0,0,0
4676459612192,10.559668,1788966215427109880,,0,0,0,0,0,0,0,0,0,0,0,0,0,0,0,0,0,0,0
4676479607264,10.579663,1788966215447109454,,0,0,0,0,0,0,0,0,0,0,0,0,0,0,0,0,0,0,0
4676499449504,10.599505,1788966215467110171,,0,0,0,0,0,0,0,0,0,0,0,0,0,0,0,0,0,0,0
4676519578880,10.619635,1788966215487109932,,0,0,0,0,0,0,0,0,0,0,0,0,0,0,0,0,0,0,0
4676539580160,10.639636,1788966215507109614,,0,0,0,0,0,0,0,0,0,0,0,0,0,0,0,0,0,0,0
4676559562752,10.659619,1788966215527110600,,0,0,0,0,0,0,0,0,0,0,0,0,0,0,0,0,0,0,0
4676579589824,10.679646,1788966215547109781,,0,0,0,0,0,0,0,0,0,0,0,0,0,0,0,0,0,0,0
4676599573056,10.699629,1788966215567110056,,0,0,0,0,0,0,0,0,0,0,0,0,0,0,0,0,0,0,0
4676619573472,10.719629,1788966215587110459,,0,0,0,0,0,0,0,0,0,0,0,0,0,0,0,0,0,0,0
4676639556544,10.739612,1788966215607110174,,0,0,0,0,0,0,0,0,0,0,0,0,0,0,0,0,0,0,0
4676659553600,10.759609,1788966215627110186,,0,0,0,0,0,0,0,0,0,0,0,0,0,0,0,0,0,0,0
4676679608352,10.779664,1788966215647111590,,0,0,0,0,0,0,0,0,0,0,0,0,0,0,0,0,0,0,0
4676699424608,10.79948,1788966215667109846,,0,0,0,0,0,0,0,0,0,0,0,0,0,0,0,0,0,0,0
4676719560960,10.819617,1788966215687109705,,0,0,0,0,0,0,0,0,0,0,0,0,0,0,0,0,0,0,0
4676739557824,10.839614,1788966215707110276,,0,0,0,0,0,0,0,0,0,0,0,0,0,0,0,0,0,0,0
4676759556160,10.859612,1788966215727110759,,0,0,0,0,0,0,0,0,0,0,0,0,0,0,0,0,0,0,0
4676779547968,10.879604,1788966215747109481,,0,0,0,0,0,0,0,0,0,0,0,0,0,0,0,0,0,0,0
4676799572736,10.899629,1788966215767110209,,0,0,0,0,0,0,0,0,0,0,0,0,0,0,0,0,0,0,0
4676819543552,10.919599,1788966215787110054,,0,0,0,0,0,0,0,0,0,0,0,0,0,0,0,0,0,0,0
4676839542624,10.939598,1788966215807110772,,0,0,0,0,0,0,0,0,0,0,0,0,0,0,0,0,0,0,0
4676859564864,10.959621,1788966215827109925,,0,0,0,0,0,0,0,0,0,0,0,0,0,0,0,0,0,0,0
4676879574272,10.97963,1788966215847109366,,0,0,0,0,0,0,0,0,0,0,0,0,0,0,0,0,0,0,0
4676899551936,10.999608,1788966215867110015,,0,0,0,0,0,0,0,0,0,0,0,0,0,0,0,0,0,0,0
4676919563552,11.019619,1788966215887110294,,0,0,0,0,0,0,0,0,0,0,0,0,0,0,0,0,0,0,0
4676939544768,11.039601,1788966215907109586,,0,0,0,0,0,0,0,0,0,0,0,0,0,0,0,0,0,0,0
4676959534816,11.059591,1788966215927110200,,0,0,0,0,0,0,0,0,0,0,0,0,0,0,0,0,0,0,0
4676979564928,11.079621,1788966215947109282,,0,0,0,0,0,0,0,0,0,0,0,0,0,0,0,0,0,0,0
4676999535936,11.099592,1788966215967109663,,0,0,0,0,0,0,0,0,0,0,0,0,0,0,0,0,0,0,0
4677019531200,11.119587,1788966215987109929,,0,0,0,0,0,0,0,0,0,0,0,0,0,0,0,0,0,0,0
4677039568000,11.139624,1788966216007110558,,0,0,0,0,0,0,0,0,0,0,0,0,0,0,0,0,0,0,0
4677059533504,11.159589,1788966216027109961,,0,0,0,0,0,0,0,0,0,0,0,0,0,0,0,0,0,0,0
4677079561856,11.179618,1788966216047109404,,0,0,0,0,0,0,0,0,0,0,0,0,0,0,0,0,0,0,0
4677099400416,11.199456,1788966216067109550,,0,0,0,0,0,0,0,0,0,0,0,0,0,0,0,0,0,0,0
4677119529888,11.219586,1788966216087109627,,0,0,0,0,0,0,0,0,0,0,0,0,0,0,0,0,0,0,0
4677139522112,11.239578,1788966216107109867,,0,0,0,0,0,0,0,0,0,0,0,0,0,0,0,0,0,0,0
4677159553024,11.259609,1788966216127109846,,0,0,0,0,0,0,0,0,0,0,0,0,0,0,0,0,0,0,0
4677179563008,11.279619,1788966216147110272,,0,0,0,0,0,0,0,0,0,0,0,0,0,0,0,0,0,0,0
4677199510528,11.299566,1788966216167109443,,0,0,0,0,0,0,0,0,0,0,0,0,0,0,0,0,0,0,0
4677219549376,11.319605,1788966216187109506,,0,0,0,0,0,0,0,0,0,0,0,0,0,0,0,0,0,0,0
4677239531904,11.339588,1788966216207109606,,0,0,0,0,0,0,0,0,0,0,0,0,0,0,0,0,0,0,0
4677259546144,11.359602,1788966216227109448,,0,0,0,0,0,0,0,0,0,0,0,0,0,0,0,0,0,0,0
4677279529024,11.379585,1788966216247128451,,0,0,0,0,0,0,0,0,0,0,0,0,0,0,0,0,0,0,0
4677299399328,11.399455,1788966216267110472,,0,0,0,0,0,0,0,0,0,0,0,0,0,0,0,0,0,0,0
4677319510272,11.419566,1788966216287119524,,0,0,0,0,0,0,0,0,0,0,0,0,0,0,0,0,0,0,0
4677339527072,11.439583,1788966216307110788,,0,0,0,0,0,0,0,0,0,0,0,0,0,0,0,0,0,0,0
4677359517216,11.459573,1788966216327109859,,0,0,0,0,0,0,0,0,0,0,0,0,0,0,0,0,0,0,0
4677379538400,11.479594,1788966216347109337,,0,0,0,0,0,0,0,0,0,0,0,0,0,0,0,0,0,0,0
4677399512384,11.499568,1788966216367109918,,0,0,0,0,0,0,0,0,0,0,0,0,0,0,0,0,0,0,0
4677419517056,11.519573,1788966216387110566,,0,0,0,0,0,0,0,0,0,0,0,0,0,0,0,0,0,0,0
4677439533024,11.539589,1788966216407110920,,0,0,0,0,0,0,0,0,0,0,0,0,0,0,0,0,0,0,0
4677459527840,11.559584,1788966216427109417,,0,0,0,0,0,0,0,0,0,0,0,0,0,0,0,0,0,0,0
4677479531104,11.579587,1788966216447110366,,0,0,0,0,0,0,0,0,0,0,0,0,0,0,0,0,0,0,0
4677499432480,11.599488,1788966216467109600,,0,0,0,0,0,0,0,0,0,0,0,0,0,0,0,0,0,0,0
4677519508672,11.619565,1788966216487109974,,0,0,0,0,0,0,0,0,0,0,0,0,0,0,0,0,0,0,0
4677539499648,11.639556,1788966216507109820,,0,0,0,0,0,0,0,0,0,0,0,0,0,0,0,0,0,0,0
4677559520832,11.659577,1788966216527111125,,0,0,0,0,0,0,0,0,0,0,0,0,0,0,0,0,0,0,0
4677579509920,11.679566,1788966216547109942,,0,0,0,0,0,0,0,0,0,0,0,0,0,0,0,0,0,0,0
4677599522272,11.699578,1788966216567124874,,0,0,0,0,0,0,0,0,0,0,0,0,0,0,0,0,0,0,0
4677619550496,11.719606,1788966216587110248,,0,0,0,0,0,0,0,0,0,0,0,0,0,0,0,0,0,0,0
4677639507488,11.739563,1788966216607110846,,0,0,0,0,0,0,0,0,0,0,0,0,0,0,0,0,0,0,0
4677659533024,11.759589,1788966216627110131,,0,0,0,0,0,0,0,0,0,0,0,0,0,0,0,0,0,0,0
4677679539232,11.779595,1788966216647110221,,0,0,0,0,0,0,0,0,0,0,0,0,0,0,0,0,0,0,0
4677699391424,11.799447,1788966216667109601,,0,0,0,0,0,0,0,0,0,0,0,0,0,0,0,0,0,0,0
4677719519840,11.819576,1788966216687111744,,0,0,0,0,0,0,0,0,0,0,0,0,0,0,0,0,0,0,0
4677739500512,11.839556,1788966216707110135,,0,0,0,0,0,0,0,0,0,0,0,0,0,0,0,0,0,0,0
4677759496832,11.859553,1788966216727110215,,0,0,0,0,0,0,0,0,0,0,0,0,0,0,0,0,0,0,0
4677779551392,11.879607,1788966216747109593,,0,0,0,0,0,0,0,0,0,0,0,0,0,0,0,0,0,0,0
4677799499104,11.899555,1788966216767110290,,0,0,0,0,0,0,0,0,0,0,0,0,0,0,0,0,0,0,0
4677819490720,11.919547,1788966216787110437,,0,0,0,0,0,0,0,0,0,0,0,0,0,0,0,0,0,0,0
4677839515616,11.939571,1788966216807110074,,0,0,0,0,0,0,0,0,0,0,0,0,0,0,0,0,0,0,0
4677859500768,11.959557,1788966216827111379,,0,0,0,0,0,0,0,0,0,0,0,0,0,0,0,0,0,0,0
4677879511872,11.979568,1788966216847109268,,0,0,0,0,0,0,0,0,0,0,0,0,0,0,0,0,0,0,0
4677899367936,11.999424,1788966216867110117,,0,0,0,0,0,0,0,0,0,0,0,0,0,0,0,0,0,0,0
4677919497888,12.019554,1788966216887110290,,0,0,0,0,0,0,0,0,0,0,0,0,0,0,0,0,0,0,0
4677939471360,12.039527,1788966216907109833,,0,0,0,0,0,0,0,0,0,0,0,0,0,0,0,0,0,0,0
4677959522240,12.059578,1788966216927111030,,0,0,0,0,0,0,0,0,0,0,0,0,0,0,0,0,0,0,0
4677979498880,12.079555,1788966216947110026,,0,0,0,0,0,0,0,0,0,0,0,0,0,0,0,0,0,0,0
4677999516480,12.099572,1788966216967111543,,0,0,0,0,0,0,0,0,0,0,0,0,0,0,0,0,0,0,0
4678019507008,12.119563,1788966216987110382,,0,0,0,0,0,0,0,0,0,0,0,0,0,0,0,0,0,0,0
4678039511968,12.139568,1788966217007111827,,0,0,0,0,0,0,0,0,0,0,0,0,0,0,0,0,0,0,0
4678059481760,12.159538,1788966217027110191,,0,0,0,0,0,0,0,0,0,0,0,0,0,0,0,0,0,0,0
4678079516768,12.179573,1788966217047110277,,0,0,0,0,0,0,0,0,0,0,0,0,0,0,0,0,0,0,0
4678099400288,12.199456,1788966217067110786,,0,0,0,0,0,0,0,0,0,0,0,0,0,0,0,0,0,0,0
4678119479872,12.219536,1788966217087110707,,0,0,0,0,0,0,0,0,0,0,0,0,0,0,0,0,0,0,0
4678139485600,12.239541,1788966217107110916,,0,0,0,0,0,0,0,0,0,0,0,0,0,0,0,0,0,0,0
4678159491360,12.259547,1788966217127111048,,0,0,0,0,0,0,0,0,0,0,0,0,0,0,0,0,0,0,0
4678179506944,12.279563,1788966217147111016,,0,0,0,0,0,0,0,0,0,0,0,0,0,0,0,0,0,0,0
4678199481152,12.299537,1788966217167111194,,0,0,0,0,0,0,0,0,0,0,0,0,0,0,0,0,0,0,0
4678219453440,12.319509,1788966217187110400,,0,0,0,0,0,0,0,0,0,0,0,0,0,0,0,0,0,0,0
4678239503648,12.33956,1788966217207109911,,0,0,0,0,0,0,0,0,0,0,0,0,0,0,0,0,0,0,0
4678259490176,12.359546,1788966217227110709,,0,0,0,0,0,0,0,0,0,0,0,0,0,0,0,0,0,0,0
4678279496928,12.379553,1788966217247110288,,0,0,0,0,0,0,0,0,0,0,0,0,0,0,0,0,0,0,0
4678299392256,12.399448,1788966217267109915,,0,0,0,0,0,0,0,0,0,0,0,0,0,0,0,0,0,0,0
4678319492928,12.419549,1788966217287110032,,0,0,0,0,0,0,0,0,0,0,0,0,0,0,0,0,0,0,0
4678339459616,12.439515,1788966217307110373,,0,0,0,0,0,0,0,0,0,0,0,0,0,0,0,0,0,0,0
4678359493984,12.45955,1788966217327111317,,0,0,0,0,0,0,0,0,0,0,0,0,0,0,0,0,0,0,0
4678379532320,12.479588,1788966217347112385,,0,0,0,0,0,0,0,0,0,0,0,0,0,0,0,0,0,0,0
4678399495488,12.499551,1788966217367113073,,0,0,0,0,0,0,0,0,0,0,0,0,0,0,0,0,0,0,0
4678419492960,12.519549,1788966217387110313,,0,0,0,0,0,0,0,0,0,0,0,0,0,0,0,0,0,0,0
4678439494688,12.539551,1788966217407110356,,0,0,0,0,0,0,0,0,0,0,0,0,0,0,0,0,0,0,0
4678459468064,12.559524,1788966217427110270,,0,0,0,0,0,0,0,0,0,0,0,0,0,0,0,0,0,0,0
4678479505984,12.579562,1788966217447110574,,0,0,0,0,0,0,0,0,0,0,0,0,0,0,0,0,0,0,0
4678499360544,12.599416,1788966217467110527,,0,0,0,0,0,0,0,0,0,0,0,0,0,0,0,0,0,0,0
4678519447200,12.619503,1788966217487110596,,0,0,0,0,0,0,0,0,0,0,0,0,0,0,0,0,0,0,0
4678539488224,12.639544,1788966217507110795,,0,0,0,0,0,0,0,0,0,0,0,0,0,0,0,0,0,0,0
4678559477312,12.659533,1788966217527110538,,0,0,0,0,0,0,0,0,0,0,0,0,0,0,0,0,0,0,0
4678579464448,12.67952,1788966217547110008,,0,0,0,0,0,0,0,0,0,0,0,0,0,0,0,0,0,0,0
4678599479840,12.699536,1788966217567110910,,0,0,0,0,0,0,0,0,0,0,0,0,0,0,0,0,0,0,0
4678619483424,12.719539,1788966217587110470,,0,0,0,0,0,0,0,0,0,0,0,0,0,0,0,0,0,0,0
4678639478240,12.739534,1788966217607110342,,0,0,0,0,0,0,0,0,0,0,0,0,0,0,0,0,0,0,0
4678659473984,12.75953,1788966217627110550,,0,0,0,0,0,0,0,0,0,0,0,0,0,0,0,0,0,0,0
4678679497184,12.779553,1788966217647111519,,0,0,0,0,0,0,0,0,0,0,0,0,0,0,0,0,0,0,0
4678699368832,12.799425,1788966217667110091,,0,0,0,0,0,0,0,0,0,0,0,0,0,0,0,0,0,0,0
4678719458240,12.819514,1788966217687110641,,0,0,0,0,0,0,0,0,0,0,0,0,0,0,0,0,0,0,0
4678739463520,12.839519,1788966217707110377,,0,0,0,0,0,0,0,0,0,0,0,0,0,0,0,0,0,0,0
4678759466624,12.859522,1788966217727113638,,0,0,0,0,0,0,0,0,0,0,0,0,0,0,0,0,0,0,0
4678779467776,12.879524,1788966217747110341,,0,0,0,0,0,0,0,0,0,0,0,0,0,0,0,0,0,0,0
4678799439008,12.899495,1788966217767110153,,0,0,0,0,0,0,0,0,0,0,0,0,0,0,0,0,0,0,0
4678819443104,12.919499,1788966217787124086,,0,0,0,0,0,0,0,0,0,0,0,0,0,0,0,0,0,0,0
4678839461376,12.939517,1788966217807110079,,0,0,0,0,0,0,0,0,0,0,0,0,0,0,0,0,0,0,0
4678859443008,12.959499,1788966217827110417,,0,0,0,0,0,0,0,0,0,0,0,0,0,0,0,0,0,0,0
4678879466752,12.979523,1788966217847110033,,0,0,0,0,0,0,0,0,0,0,0,0,0,0,0,0,0,0,0
4678899496544,12.999552,1788966217867110137,,0,0,0,0,0,0,0,0,0,0,0,0,0,0,0,0,0,0,0
4678919425760,13.019482,1788966217887110661,,0,0,0,0,0,0,0,0,0,0,0,0,0,0,0,0,0,0,0
4678939464128,13.03952,1788966217907110784,,0,0,0,0,0,0,0,0,0,0,0,0,0,0,0,0,0,0,0
4678959446368,13.059502,1788966217927110110,,0,0,0,0,0,0,0,0,0,0,0,0,0,0,0,0,0,0,0
4678979456608,13.079512,1788966217947124352,,0,0,0,0,0,0,0,0,0,0,0,0,0,0,0,0,0,0,0
4678999448256,13.099504,1788966217967110350,,0,0,0,0,0,0,0,0,0,0,0,0,0,0,0,0,0,0,0
4679019461120,13.119517,1788966217987110096,,0,0,0,0,0,0,0,0,0,0,0,0,0,0,0,0,0,0,0
4679039412704,13.139469,1788966218007110230,,0,0,0,0,0,0,0,0,0,0,0,0,0,0,0,0,0,0,0
4679059467072,13.159523,1788966218027110045,,0,0,0,0,0,0,0,0,0,0,0,0,0,0,0,0,0,0,0
4679079403904,13.17946,1788966218047110410,,0,0,0,0,0,0,0,0,0,0,0,0,0,0,0,0,0,0,0
4679099362656,13.199419,1788966218067110517,,0,0,0,0,0,0,0,0,0,0,0,0,0,0,0,0,0,0,0
4679119460704,13.219517,1788966218087110427,,0,0,0,0,0,0,0,0,0,0,0,0,0,0,0,0,0,0,0
4679139404992,13.239461,1788966218107110636,,0,0,0,0,0,0,0,0,0,0,0,0,0,0,0,0,0,0,0
4679159462400,13.259518,1788966218127110305,,0,0,0,0,0,0,0,0,0,0,0,0,0,0,0,0,0,0,0
4679179439520,13.279495,1788966218147118211,,0,0,0,0,0,0,0,0,0,0,0,0,0,0,0,0,0,0,0
4679199434528,13.29949,1788966218167110334,,0,0,0,0,0,0,0,0,0,0,0,0,0,0,0,0,0,0,0
4679219439456,13.319495,1788966218187110698,,0,0,0,0,0,0,0,0,0,0,0,0,0,0,0,0,0,0,0
4679239437152,13.339493,1788966218207110433,,0,0,0,0,0,0,0,0,0,0,0,0,0,0,0,0,0,0,0
4679259432032,13.359488,1788966218227109934,,0,0,0,0,0,0,0,0,0,0,0,0,0,0,0,0,0,0,0
4679279487008,13.379543,1788966218247110773,,0,0,0,0,0,0,0,0,0,0,0,0,0,0,0,0,0,0,0
4679299305632,13.399362,1788966218267110566,,0,0,0,0,0,0,0,0,0,0,0,0,0,0,0,0,0,0,0
4679319419520,13.419475,1788966218287110249,,0,0,0,0,0,0,0,0,0,0,0,0,0,0,0,0,0,0,0
4679339430144,13.439486,1788966218307110250,,0,0,0,0,0,0,0,0,0,0,0,0,0,0,0,0,0,0,0
4679359439136,13.459495,1788966218327110217,,0,0,0,0,0,0,0,0,0,0,0,0,0,0,0,0,0,0,0
4679379433632,13.47949,1788966218347110410,,0,0,0,0,0,0,0,0,0,0,0,0,0,0,0,0,0,0,0
4679399428576,13.499484,1788966218367110199,,0,0,0,0,0,0,0,0,0,0,0,0,0,0,0,0,0,0,0
4679419425536,13.519481,1788966218387110099,,0,0,0,0,0,0,0,0,0,0,0,0,0,0,0,0,0,0,0
4679439415680,13.539472,1788966218407110041,,0,0,0,0,0,0,0,0,0,0,0,0,0,0,0,0,0,0,0
4679459432864,13.559489,1788966218427110004,,0,0,0,0,0,0,0,0,0,0,0,0,0,0,0,0,0,0,0
4679479451936,13.579508,1788966218447110098,,0,0,0,0,0,0,0,0,0,0,0,0,0,0,0,0,0,0,0
4679499307328,13.599363,1788966218467122382,,0,0,0,0,0,0,0,0,0,0,0,0,0,0,0,0,0,0,0
4679519439232,13.619495,1788966218487110108,,0,0,0,0,0,0,0,0,0,0,0,0,0,0,0,0,0,0,0
4679539414176,13.63947,1788966218507110097,,0,0,0,0,0,0,0,0,0,0,0,0,0,0,0,0,0,0,0
4679559424512,13.65948,1788966218527110636,,0,0,0,0,0,0,0,0,0,0,0,0,0,0,0,0,0,0,0
4679579439104,13.679495,1788966218547110188,,0,0,0,0,0,0,0,0,0,0,0,0,0,0,0,0,0,0,0
4679599408384,13.699464,1788966218567110333,,0,0,0,0,0,0,0,0,0,0,0,0,0,0,0,0,0,0,0
4679619411296,13.719467,1788966218587110042,,0,0,0,0,0,0,0,0,0,0,0,0,0,0,0,0,0,0,0
4679639414304,13.73947,1788966218607110097,,0,0,0,0,0,0,0,0,0,0,0,0,0,0,0,0,0,0,0
4679659422592,13.759478,1788966218627110081,,0,0,0,0,0,0,0,0,0,0,0,0,0,0,0,0,0,0,0
4679679459904,13.779516,1788966218647110940,,0,0,0,0,0,0,0,0,0,0,0,0,0,0,0,0,0,0,0
4679699280960,13.799337,1788966218667110371,,0,0,0,0,0,0,0,0,0,0,0,0,0,0,0,0,0,0,0
4679719402464,13.819458,1788966218687111169,,0,0,0,0,0,0,0,0,0,0,0,0,0,0,0,0,0,0,0
4679739412224,13.839468,1788966218707110223,,0,0,0,0,0,0,0,0,0,0,0,0,0,0,0,0,0,0,0
4679759429248,13.859485,1788966218727110593,,0,0,0,0,0,0,0,0,0,0,0,0,0,0,0,0,0,0,0
4679779438304,13.879494,1788966218747110420,,0,0,0,0,0,0,0,0,0,0,0,0,0,0,0,0,0,0,0
4679799424256,13.89948,1788966218767110466,,0,0,0,0,0,0,0,0,0,0,0,0,0,0,0,0,0,0,0
4679819423104,13.919479,1788966218787110416,,0,0,0,0,0,0,0,0,0,0,0,0,0,0,0,0,0,0,0
4679839419616,13.939475,1788966218807110350,,0,0,0,0,0,0,0,0,0,0,0,0,0,0,0,0,0,0,0
4679859456480,13.959512,1788966218827109873,,0,0,0,0,0,0,0,0,0,0,0,0,0,0,0,0,0,0,0
4679879443264,13.979499,1788966218847109819,,0,0,0,0,0,0,0,0,0,0,0,0,0,0,0,0,0,0,0
4679899406976,13.999463,1788966218867110238,,0,0,0,0,0,0,0,0,0,0,0,0,0,0,0,0,0,0,0
4679919422560,14.019478,1788966218887110548,,0,0,0,0,0,0,0,0,0,0,0,0,0,0,0,0,0,0,0
4679939403200,14.039459,1788966218907110007,,0,0,0,0,0,0,0,0,0,0,0,0,0,0,0,0,0,0,0
4679959424640,14.059481,1788966218927110758,,0,0,0,0,0,0,0,0,0,0,0,0,0,0,0,0,0,0,0
4679979431680,14.079488,1788966218947110454,,0,0,0,0,0,0,0,0,0,0,0,0,0,0,0,0,0,0,0
4679999419648,14.099476,1788966218967110688,,0,0,0,0,0,0,0,0,0,0,0,0,0,0,0,0,0,0,0
4680019416448,14.119472,1788966218987110660,,0,0,0,0,0,0,0,0,0,0,0,0,0,0,0,0,0,0,0
4680039446592,14.139502,1788966219007110367,,0,0,0,0,0,0,0,0,0,0,0,0,0,0,0,0,0,0,0
4680059439584,14.159495,1788966219027110139,,0,0,0,0,0,0,0,0,0,0,0,0,0,0,0,0,0,0,0
4680079430816,14.179487,1788966219047110607,,0,0,0,0,0,0,0,0,0,0,0,0,0,0,0,0,0,0,0
4680099292672,14.199349,1788966219067110248,,0,0,0,0,0,0,0,0,0,0,0,0,0,0,0,0,0,0,0
4680119417088,14.219473,1788966219087110215,,0,0,0,0,0,0,0,0,0,0,0,0,0,0,0,0,0,0,0
4680139440672,14.239497,1788966219107110315,,0,0,0,0,0,0,0,0,0,0,0,0,0,0,0,0,0,0,0
4680159443232,14.259499,1788966219127110054,,0,0,0,0,0,0,0,0,0,0,0,0,0,0,0,0,0,0,0
4680179456640,14.279513,1788966219147111295,,0,0,0,0,0,0,0,0,0,0,0,0,0,0,0,0,0,0,0
4680199432704,14.299489,1788966219167110215,,0,0,0,0,0,0,0,0,0,0,0,0,0,0,0,0,0,0,0
4680219421952,14.319478,1788966219187110526,,0,0,0,0,0,0,0,0,0,0,0,0,0,0,0,0,0,0,0
4680239382144,14.339438,1788966219207113919,,0,0,0,0,0,0,0,0,0,0,0,0,0,0,0,0,0,0,0
4680259407680,14.359464,1788966219227110396,,0,0,0,0,0,0,0,0,0,0,0,0,0,0,0,0,0,0,0
4680279450208,14.379506,1788966219247110316,,0,0,0,0,0,0,0,0,0,0,0,0,0,0,0,0,0,0,0
4680299267552,14.399323,1788966219267110397,,0,0,0,0,0,0,0,0,0,0,0,0,0,0,0,0,0,0,0
4680319424448,14.41948,1788966219287109913,,0,0,0,0,0,0,0,0,0,0,0,0,0,0,0,0,0,0,0
4680339392320,14.439448,1788966219307109978,,0,0,0,0,0,0,0,0,0,0,0,0,0,0,0,0,0,0,0
4680359388480,14.459444,1788966219327110781,,0,0,0,0,0,0,0,0,0,0,0,0,0,0,0,0,0,0,0
4680379446304,14.479502,1788966219347109966,,0,0,0,0,0,0,0,0,0,0,0,0,0,0,0,0,0,0,0
4680399382240,14.499438,1788966219367110133,,0,0,0,0,0,0,0,0,0,0,0,0,0,0,0,0,0,0,0
4680419427456,14.519483,1788966219387110858,,0,0,0,0,0,0,0,0,0,0,0,0,0,0,0,0,0,0,0
4680439409600,14.539465,1788966219407110215,,0,0,0,0,0,0,0,0,0,0,0,0,0,0,0,0,0,0,0
4680459193248,14.559249,1788966219427110244,,0,0,0,0,0,0,0,0,0,0,0,0,0,0,0,0,0,0,0
4680479398048,14.579454,1788966219447110554,,0,0,0,0,0,0,0,0,0,0,0,0,0,0,0,0,0,0,0
4680499238016,14.599294,1788966219467110172,,0,0,0,0,0,0,0,0,0,0,0,0,0,0,0,0,0,0,0
4680519393312,14.619449,1788966219487110017,,0,0,0,0,0,0,0,0,0,0,0,0,0,0,0,0,0,0,0
4680539394560,14.63945,1788966219507116064,,0,0,0,0,0,0,0,0,0,0,0,0,0,0,0,0,0,0,0
4680559399456,14.659455,1788966219527110915,,0,0,0,0,0,0,0,0,0,0,0,0,0,0,0,0,0,0,0
4680579359584,14.679415,1788966219547111956,,0,0,0,0,0,0,0,0,0,0,0,0,0,0,0,0,0,0,0
4680599403520,14.699459,1788966219567110170,,0,0,0,0,0,0,0,0,0,0,0,0,0,0,0,0,0,0,0
4680619381632,14.719438,1788966219587110917,,0,0,0,0,0,0,0,0,0,0,0,0,0,0,0,0,0,0,0
4680639386720,14.739443,1788966219607110054,,0,0,0,0,0,0,0,0,0,0,0,0,0,0,0,0,0,0,0
4680659422112,14.759478,1788966219627110140,,0,0,0,0,0,0,0,0,0,0,0,0,0,0,0,0,0,0,0
4680679440864,14.779497,1788966219647111349,,0,0,0,0,0,0,0,0,0,0,0,0,0,0,0,0,0,0,0
4680699233568,14.799289,1788966219667110025,,0,0,0,0,0,0,0,0,0,0,0,0,0,0,0,0,0,0,0
4680719432928,14.819489,1788966219687111554,,0,0,0,0,0,0,0,0,0,0,0,0,0,0,0,0,0,0,0
4680739377760,14.839434,1788966219707110952,,0,0,0,0,0,0,0,0,0,0,0,0,0,0,0,0,0,0,0
4680759371872,14.859428,1788966219727110290,,0,0,0,0,0,0,0,0,0,0,0,0,0,0,0,0,0,0,0
4680779438080,14.879494,1788966219747110534,,0,0,0,0,0,0,0,0,0,0,0,0,0,0,0,0,0,0,0
4680799361408,14.899417,1788966219767110385,,0,0,0,0,0,0,0,0,0,0,0,0,0,0,0,0,0,0,0
4680819351584,14.919407,1788966219787110104,,0,0,0,0,0,0,0,0,0,0,0,0,0,0,0,0,0,0,0
4680839393440,14.939449,1788966219807110357,,0,0,0,0,0,0,0,0,0,0,0,0,0,0,0,0,0,0,0
4680859364480,14.95942,1788966219827110745,,0,0,0,0,0,0,0,0,0,0,0,0,0,0,0,0,0,0,0
4680879399136,14.979455,1788966219847110299,,0,0,0,0,0,0,0,0,0,0,0,0,0,0,0,0,0,0,0
4680899228608,14.999284,1788966219867110207,,0,0,0,0,0,0,0,0,0,0,0,0,0,0,0,0,0,0,0
4680919351168,15.019407,1788966219887110354,,0,0,0,0,0,0,0,0,0,0,0,0,0,0,0,0,0,0,0
4680939354784,15.039411,1788966219907110482,,0,0,0,0,0,0,0,0,0,0,0,0,0,0,0,0,0,0,0
4680959368704,15.059425,1788966219927110055,,0,0,0,0,0,0,0,0,0,0,0,0,0,0,0,0,0,0,0
4680979380608,15.079436,1788966219947110668,,0,0,0,0,0,0,0,0,0,0,0,0,0,0,0,0,0,0,0
4680999324064,15.09938,1788966219967110376,,0,0,0,0,0,0,0,0,0,0,0,0,0,0,0,0,0,0,0
4681019384224,15.11944,1788966219987110385,,0,0,0,0,0,0,0,0,0,0,0,0,0,0,0,0,0,0,0
4681039343872,15.1394,1788966220007110290,,0,0,0,0,0,0,0,0,0,0,0,0,0,0,0,0,0,0,0
4681059319872,15.159376,1788966220027110065,,0,0,0,0,0,0,0,0,0,0,0,0,0,0,0,0,0,0,0
4681079419552,15.179475,1788966220047110451,,0,0,0,0,0,0,0,0,0,0,0,0,0,0,0,0,0,0,0
4681099246912,15.199303,1788966220067110154,,0,0,0,0,0,0,0,0,0,0,0,0,0,0,0,0,0,0,0
4681119398752,15.219455,1788966220087110318,,0,0,0,0,0,0,0,0,0,0,0,0,0,0,0,0,0,0,0
4681139341696,15.239398,1788966220107110275,,0,0,0,0,0,0,0,0,0,0,0,0,0,0,0,0,0,0,0
4681159387776,15.259444,1788966220127121545,,0,0,0,0,0,0,0,0,0,0,0,0,0,0,0,0,0,0,0
4681179408352,15.279464,1788966220147111485,,0,0,0,0,0,0,0,0,0,0,0,0,0,0,0,0,0,0,0
4681199374240,15.29943,1788966220167110620,,0,0,0,0,0,0,0,0,0,0,0,0,0,0,0,0,0,0,0
4681219333536,15.319389,1788966220187110653,,0,0,0,0,0,0,0,0,0,0,0,0,0,0,0,0,0,0,0
4681239372480,15.339428,1788966220207110418,,0,0,0,0,0,0,0,0,0,0,0,0,0,0,0,0,0,0,0
4681259350912,15.359407,1788966220227110399,,0,0,0,0,0,0,0,0,0,0,0,0,0,0,0,0,0,0,0
4681279451264,15.379507,1788966220247110767,,0,0,0,0,0,0,0,0,0,0,0,0,0,0,0,0,0,0,0
4681299208224,15.399264,1788966220267110367,,0,0,0,0,0,0,0,0,0,0,0,0,0,0,0,0,0,0,0
4681319343424,15.419399,1788966220287110627,,0,0,0,0,0,0,0,0,0,0,0,0,0,0,0,0,0,0,0
4681339321696,15.439378,1788966220307110575,,0,0,0,0,0,0,0,0,0,0,0,0,0,0,0,0,0,0,0
4681359197504,15.459253,1788966220327110343,,0,0,0,0,0,0,0,0,0,0,0,0,0,0,0,0,0,0,0
4681379372224,15.479428,1788966220347110174,,0,0,0,0,0,0,0,0,0,0,0,0,0,0,0,0,0,0,0
4681399322912,15.499379,1788966220367110412,,0,0,0,0,0,0,0,0,0,0,0,0,0,0,0,0,0,0,0
4681419398048,15.519454,1788966220387110153,,0,0,0,0,0,0,0,0,0,0,0,0,0,0,0,0,0,0,0
4681439328992,15.539385,1788966220407110185,,0,0,0,0,0,0,0,0,0,0,0,0,0,0,0,0,0,0,0
4681459319584,15.559375,1788966220427110712,,0,0,0,0,0,0,0,0,0,0,0,0,0,0,0,0,0,0,0
4681479326624,15.579382,1788966220447110344,,0,0,0,0,0,0,0,0,0,0,0,0,0,0,0,0,0,0,0
4681499194144,15.59925,1788966220467109667,,0,0,0,0,0,0,0,0,0,0,0,0,0,0,0,0,0,0,0
4681519320160,15.619376,1788966220487109975,,0,0,0,0,0,0,0,0,0,0,0,0,0,0,0,0,0,0,0
4681539328384,15.639384,1788966220507109894,,0,0,0,0,0,0,0,0,0,0,0,0,0,0,0,0,0,0,0
4681559326016,15.659382,1788966220527110127,,0,0,0,0,0,0,0,0,0,0,0,0,0,0,0,0,0,0,0
4681579349856,15.679406,1788966220547109788,,0,0,0,0,0,0,0,0,0,0,0,0,0,0,0,0,0,0,0
4681599323776,15.69938,1788966220567110149,,0,0,0,0,0,0,0,0,0,0,0,0,0,0,0,0,0,0,0
4681619316000,15.719372,1788966220587110512,,0,0,0,0,0,0,0,0,0,0,0,0,0,0,0,0,0,0,0
4681639329248,15.739385,1788966220607112856,,0,0,0,0,0,0,0,0,0,0,0,0,0,0,0,0,0,0,0
4681659339200,15.759395,1788966220627109944,,0,0,0,0,0,0,0,0,0,0,0,0,0,0,0,0,0,0,0
4681679331872,15.779388,1788966220647111347,,0,0,0,0,0,0,0,0,0,0,0,0,0,0,0,0,0,0,0
4681699215104,15.799271,1788966220667110875,,0,0,0,0,0,0,0,0,0,0,0,0,0,0,0,0,0,0,0
4681719318688,15.819375,1788966220687110510,,0,0,0,0,0,0,0,0,0,0,0,0,0,0,0,0,0,0,0
4681739303328,15.839359,1788966220707110061,,0,0,0,0,0,0,0,0,0,0,0,0,0,0,0,0,0,0,0
4681759339328,15.859395,1788966220727110539,,0,0,0,0,0,0,0,0,0,0,0,0,0,0,0,0,0,0,0
4681779343552,15.879399,1788966220747110564,,0,0,0,0,0,0,0,0,0,0,0,0,0,0,0,0,0,0,0
4681799299168,15.899355,1788966220767111134,,0,0,0,0,0,0,0,0,0,0,0,0,0,0,0,0,0,0,0
4681819328832,15.919385,1788966220787110041,,0,0,0,0,0,0,0,0,0,0,0,0,0,0,0,0,0,0,0
4681839310624,15.939366,1788966220807110817,,0,0,0,0,0,0,0,0,0,0,0,0,0,0,0,0,0,0,0
4681859302816,15.959359,1788966220827110334,,0,0,0,0,0,0,0,0,0,0,0,0,0,0,0,0,0,0,0
4681879357984,15.979414,1788966220847110488,,0,0,0,0,0,0,0,0,0,0,0,0,0,0,0,0,0,0,0
4681899183744,15.99924,1788966220867110237,,0,0,0,0,0,0,0,0,0,0,0,0,0,0,0,0,0,0,0
4681919299040,16.019355,1788966220887110289,,0,0,0,0,0,0,0,0,0,0,0,0,0,0,0,0,0,0,0
4681939301888,16.039358,1788966220907110493,,0,0,0,0,0,0,0,0,0,0,0,0,0,0,0,0,0,0,0
4681959311296,16.059367,1788966220927110783,,0,0,0,0,0,0,0,0,0,0,0,0,0,0,0,0,0,0,0
4681979297376,16.079353,1788966220947109814,,0,0,0,0,0,0,0,0,0,0,0,0,0,0,0,0,0,0,0
4681999308192,16.099364,1788966220967110104,,0,0,0,0,0,0,0,0,0,0,0,0,0,0,0,0,0,0,0
4682019303072,16.119359,1788966220987110834,,0,0,0,0,0,0,0,0,0,0,0,0,0,0,0,0,0,0,0
4682039344192,16.1394,1788966221007110727,,0,0,0,0,0,0,0,0,0,0,0,0,0,0,0,0,0,0,0
4682059300640,16.159357,1788966221027110147,,0,0,0,0,0,0,0,0,0,0,0,0,0,0,0,0,0,0,0
4682079315104,16.179371,1788966221047110245,,0,0,0,0,0,0,0,0,0,0,0,0,0,0,0,0,0,0,0
4682099172992,16.199229,1788966221067110741,,0,0,0,0,0,0,0,0,0,0,0,0,0,0,0,0,0,0,0
4682119314592,16.21937,1788966221087111072,,0,0,0,0,0,0,0,0,0,0,0,0,0,0,0,0,0,0,0
4682139279168,16.239335,1788966221107110367,,0,0,0,0,0,0,0,0,0,0,0,0,0,0,0,0,0,0,0
4682159330080,16.259386,1788966221127110192,,0,0,0,0,0,0,0,0,0,0,0,0,0,0,0,0,0,0,0
4682179340768,16.279397,1788966221147111674,,0,0,0,0,0,0,0,0,0,0,0,0,0,0,0,0,0,0,0
4682199276256,16.299332,1788966221167110586,,0,0,0,0,0,0,0,0,0,0,0,0,0,0,0,0,0,0,0
4682219323200,16.319379,1788966221187110412,,0,0,0,0,0,0,0,0,0,0,0,0,0,0,0,0,0,0,0
4682239293280,16.339349,1788966221207110590,,0,0,0,0,0,0,0,0,0,0,0,0,0,0,0,0,0,0,0
4682259278592,16.359334,1788966221227110602,,0,0,0,0,0,0,0,0,0,0,0,0,0,0,0,0,0,0,0
4682279316224,16.379372,1788966221247110129,,0,0,0,0,0,0,0,0,0,0,0,0,0,0,0,0,0,0,0
4682299199328,16.399255,1788966221267109931,,0,0,0,0,0,0,0,0,0,0,0,0,0,0,0,0,0,0,0
4682319290016,16.419346,1788966221287110378,,0,0,0,0,0,0,0,0,0,0,0,0,0,0,0,0,0,0,0
4682339291232,16.439347,1788966221307110076,,0,0,0,0,0,0,0,0,0,0,0,0,0,0,0,0,0,0,0
4682359169664,16.459226,1788966221327110408,,0,0,0,0,0,0,0,0,0,0,0,0,0,0,0,0,0,0,0
4682379276416,16.479332,1788966221347110578,,0,0,0,0,0,0,0,0,0,0,0,0,0,0,0,0,0,0,0
4682399296096,16.499352,1788966221367113889,,0,0,0,0,0,0,0,0,0,0,0,0,0,0,0,0,0,0,0
4682419278368,16.519334,1788966221387110609,,0,0,0,0,0,0,0,0,0,0,0,0,0,0,0,0,0,0,0
4682439259136,16.539315,1788966221407110436,,0,0,0,0,0,0,0,0,0,0,0,0,0,0,0,0,0,0,0
4682459293280,16.559349,1788966221427110320,,0,0,0,0,0,0,0,0,0,0,0,0,0,0,0,0,0,0,0
4682479330400,16.579386,1788966221447110454,,0,0,0,0,0,0,0,0,0,0,0,0,0,0,0,0,0,0,0
4682499202496,16.599258,1788966221467110558,,0,0,0,0,0,0,0,0,0,0,0,0,0,0,0,0,0,0,0
4682519290144,16.619346,1788966221487110716,,0,0,0,0,0,0,0,0,0,0,0,0,0,0,0,0,0,0,0
4682539270816,16.639327,1788966221507110173,,0,0,0,0,0,0,0,0,0,0,0,0,0,0,0,0,0,0,0
4682559149024,16.659205,1788966221527110000,,0,0,0,0,0,0,0,0,0,0,0,0,0,0,0,0,0,0,0
4682579325472,16.679381,1788966221547109903,,0,0,0,0,0,0,0,0,0,0,0,0,0,0,0,0,0,0,0
4682599268672,16.699325,1788966221567109900,,0,0,0,0,0,0,0,0,0,0,0,0,0,0,0,0,0,0,0
4682619294272,16.71935,1788966221587113684,,0,0,0,0,0,0,0,0,0,0,0,0,0,0,0,0,0,0,0
4682639269920,16.739326,1788966221607111021,,0,0,0,0,0,0,0,0,0,0,0,0,0,0,0,0,0,0,0
4682659271840,16.759328,1788966221627110679,,0,0,0,0,0,0,0,0,0,0,0,0,0,0,0,0,0,0,0
4682679270976,16.779327,1788966221647124755,,0,0,0,0,0,0,0,0,0,0,0,0,0,0,0,0,0,0,0
4682699137760,16.799194,1788966221667110929,,0,0,0,0,0,0,0,0,0,0,0,0,0,0,0,0,0,0,0
4682719265024,16.819321,1788966221687116133,,0,0,0,0,0,0,0,0,0,0,0,0,0,0,0,0,0,0,0
4682739279136,16.839335,1788966221707112857,,0,0,0,0,0,0,0,0,0,0,0,0,0,0,0,0,0,0,0
4682759315136,16.859371,1788966221727110147,,0,0,0,0,0,0,0,0,0,0,0,0,0,0,0,0,0,0,0
4682779311968,16.879368,1788966221747110334,,0,0,0,0,0,0,0,0,0,0,0,0,0,0,0,0,0,0,0
4682799291904,16.899348,1788966221767110213,,0,0,0,0,0,0,0,0,0,0,0,0,0,0,0,0,0,0,0
4682819275104,16.919331,1788966221787110208,,0,0,0,0,0,0,0,0,0,0,0,0,0,0,0,0,0,0,0
4682839172736,16.939229,1788966221807110679,,0,0,0,0,0,0,0,0,0,0,0,0,0,0,0,0,0,0,0
4682859217536,16.959273,1788966221827110499,,0,0,0,0,0,0,0,0,0,0,0,0,0,0,0,0,0,0,0
4682879266080,16.979322,1788966221847110239,,0,0,0,0,0,0,0,0,0,0,0,0,0,0,0,0,0,0,0
4682899267136,16.999323,1788966221867110402,,0,0,0,0,0,0,0,0,0,0,0,0,0,0,0,0,0,0,0
4682919264736,17.019321,1788966221887110786,,0,0,0,0,0,0,0,0,0,0,0,0,0,0,0,0,0,0,0
4682939245696,17.039302,1788966221907110938,,0,0,0,0,0,0,0,0,0,0,0,0,0,0,0,0,0,0,0
4682959260896,17.059317,1788966221927110446,,0,0,0,0,0,0,0,0,0,0,0,0,0,0,0,0,0,0,0
4682979277760,17.079334,1788966221947110315,,0,0,0,0,0,0,0,0,0,0,0,0,0,0,0,0,0,0,0
4682999244768,17.099301,1788966221967110945,,0,0,0,0,0,0,0,0,0,0,0,0,0,0,0,0,0,0,0
4683019293344,17.119349,1788966221987110984,,0,0,0,0,0,0,0,0,0,0,0,0,0,0,0,0,0,0,0
4683039256064,17.139312,1788966222007110284,,0,0,0,0,0,0,0,0,0,0,0,0,0,0,0,0,0,0,0
4683059249792,17.159306,1788966222027110375,,0,0,0,0,0,0,0,0,0,0,0,0,0,0,0,0,0,0,0
4683079300736,17.179357,1788966222047110697,,0,0,0,0,0,0,0,0,0,0,0,0,0,0,0,0,0,0,0
4683099174272,17.19923,1788966222067110256,,0,0,0,0,0,0,0,0,0,0,0,0,0,0,0,0,0,0,0
4683119237696,17.219294,1788966222087110709,,0,0,0,0,0,0,0,0,0,0,0,0,0,0,0,0,0,0,0
4683139276928,17.239333,1788966222107110296,,0,0,0,0,0,0,0,0,0,0,0,0,0,0,0,0,0,0,0
4683159231456,17.259287,1788966222127111022,,0,0,0,0,0,0,0,0,0,0,0,0,0,0,0,0,0,0,0
4683179300992,17.279357,1788966222147111312,,0,0,0,0,0,0,0,0,0,0,0,0,0,0,0,0,0,0,0
4683199273024,17.299329,1788966222167110747,,0,0,0,0,0,0,0,0,0,0,0,0,0,0,0,0,0,0,0
4683219249856,17.319306,1788966222187110837,,0,0,0,0,0,0,0,0,0,0,0,0,0,0,0,0,0,0,0
4683239244736,17.339301,1788966222207110660,,0,0,0,0,0,0,0,0,0,0,0,0,0,0,0,0,0,0,0
4683259266912,17.359323,1788966222227110444,,0,0,0,0,0,0,0,0,0,0,0,0,0,0,0,0,0,0,0
4683279275552,17.379331,1788966222247110540,,0,0,0,0,0,0,0,0,0,0,0,0,0,0,0,0,0,0,0
4683299133184,17.399189,1788966222267110724,,0,0,0,0,0,0,0,0,0,0,0,0,0,0,0,0,0,0,0
4683319241344,17.419297,1788966222287110581,,0,0,0,0,0,0,0,0,0,0,0,0,0,0,0,0,0,0,0
4683339216064,17.439272,1788966222307110569,,0,0,0,0,0,0,0,0,0,0,0,0,0,0,0,0,0,0,0
4683359245248,17.459301,1788966222327110598,,0,0,0,0,0,0,0,0,0,0,0,0,0,0,0,0,0,0,0
4683379295520,17.479351,1788966222347109891,,0,0,0,0,0,0,0,0,0,0,0,0,0,0,0,0,0,0,0
4683399236512,17.499292,1788966222367110479,,0,0,0,0,0,0,0,0,0,0,0,0,0,0,0,0,0,0,0
4683419233376,17.519289,1788966222387110365,,0,0,0,0,0,0,0,0,0,0,0,0,0,0,0,0,0,0,0
4683439241536,17.539297,1788966222407110232,,0,0,0,0,0,0,0,0,0,0,0,0,0,0,0,0,0,0,0
4683459232768,17.559289,1788966222427110513,,0,0,0,0,0,0,0,0,0,0,0,0,0,0,0,0,0,0,0
4683479260672,17.579317,1788966222447110698,,0,0,0,0,0,0,0,0,0,0,0,0,0,0,0,0,0,0,0
4683499126176,17.599182,1788966222467110593,,0,0,0,0,0,0,0,0,0,0,0,0,0,0,0,0,0,0,0
4683519214720,17.619271,1788966222487110234,,0,0,0,0,0,0,0,0,0,0,0,0,0,0,0,0,0,0,0
4683539240960,17.639297,1788966222507110840,,0,0,0,0,0,0,0,0,0,0,0,0,0,0,0,0,0,0,0
4683559206592,17.659262,1788966222527110213,,0,0,0,0,0,0,0,0,0,0,0,0,0,0,0,0,0,0,0
4683579222368,17.679278,1788966222547109864,,0,0,0,0,0,0,0,0,0,0,0,0,0,0,0,0,0,0,0
4683599266592,17.699322,1788966222567110203,,0,0,0,0,0,0,0,0,0,0,0,0,0,0,0,0,0,0,0
4683619235296,17.719291,1788966222587110678,,0,0,0,0,0,0,0,0,0,0,0,0,0,0,0,0,0,0,0
4683639243360,17.739299,1788966222607110433,,0,0,0,0,0,0,0,0,0,0,0,0,0,0,0,0,0,0,0
4683659245376,17.759301,1788966222627110201,,0,0,0,0,0,0,0,0,0,0,0,0,0,0,0,0,0,0,0
4683679279520,17.779335,1788966222647110988,,0,0,0,0,0,0,0,0,0,0,0,0,0,0,0,0,0,0,0
4683699113248,17.799169,1788966222667110087,,0,0,0,0,0,0,0,0,0,0,0,0,0,0,0,0,0,0,0
4683719231488,17.819287,1788966222687111555,,0,0,0,0,0,0,0,0,0,0,0,0,0,0,0,0,0,0,0
4683739202496,17.839258,1788966222707110172,,0,0,0,0,0,0,0,0,0,0,0,0,0,0,0,0,0,0,0
4683759208544,17.859264,1788966222727109870,,0,0,0,0,0,0,0,0,0,0,0,0,0,0,0,0,0,0,0
4683779289344,17.879345,1788966222747110077,,0,0,0,0,0,0,0,0,0,0,0,0,0,0,0,0,0,0,0
4683799222656,17.899279,1788966222767110348,,0,0,0,0,0,0,0,0,0,0,0,0,0,0,0,0,0,0,0
4683819215584,17.919271,1788966222787109778,,0,0,0,0,0,0,0,0,0,0,0,0,0,0,0,0,0,0,0
4683839227328,17.939283,1788966222807110431,,0,0,0,0,0,0,0,0,0,0,0,0,0,0,0,0,0,0,0
4683859221440,17.959277,1788966222827122819,,0,0,0,0,0,0,0,0,0,0,0,0,0,0,0,0,0,0,0
4683879210304,17.979266,1788966222847111245,,0,0,0,0,0,0,0,0,0,0,0,0,0,0,0,0,0,0,0
4683899136640,17.999193,1788966222867110330,,0,0,0,0,0,0,0,0,0,0,0,0,0,0,0,0,0,0,0
4683919213152,18.019269,1788966222887110112,,0,0,0,0,0,0,0,0,0,0,0,0,0,0,0,0,0,0,0
4683939180160,18.039236,1788966222907110750,,0,0,0,0,0,0,0,0,0,0,0,0,0,0,0,0,0,0,0
4683959225376,18.059281,1788966222927110580,,0,0,0,0,0,0,0,0,0,0,0,0,0,0,0,0,0,0,0
4683979242272,18.079298,1788966222947110667,,0,0,0,0,0,0,0,0,0,0,0,0,0,0,0,0,0,0,0
4683999221472,18.099277,1788966222967110607,,0,0,0,0,0,0,0,0,0,0,0,0,0,0,0,0,0,0,0
4684019206848,18.119263,1788966222987110675,,0,0,0,0,0,0,0,0,0,0,0,0,0,0,0,0,0,0,0
4684039182656,18.139239,1788966223007110566,,0,0,0,0,0,0,0,0,0,0,0,0,0,0,0,0,0,0,0
4684059193024,18.159249,1788966223027124320,,0,0,0,0,0,0,0,0,0,0,0,0,0,0,0,0,0,0,0
4684079205536,18.179261,1788966223047109791,,0,0,0,0,0,0,0,0,0,0,0,0,0,0,0,0,0,0,0
4684099067968,18.199124,1788966223067110211,,0,0,0,0,0,0,0,0,0,0,0,0,0,0,0,0,0,0,0
4684119195232,18.219251,1788966223087110757,,0,0,0,0,0,0,0,0,0,0,0,0,0,0,0,0,0,0,0
4684139186048,18.239242,1788966223107110060,,0,0,0,0,0,0,0,0,0,0,0,0,0,0,0,0,0,0,0
4684159178944,18.259235,1788966223127111025,,0,0,0,0,0,0,0,0,0,0,0,0,0,0,0,0,0,0,0
4684179217920,18.279274,1788966223147111161,,0,0,0,0,0,0,0,0,0,0,0,0,0,0,0,0,0,0,0
4684199195264,18.299251,1788966223167110621,,0,0,0,0,0,0,0,0,0,0,0,0,0,0,0,0,0,0,0
4684219170656,18.319227,1788966223187110319,,0,0,0,0,0,0,0,0,0,0,0,0,0,0,0,0,0,0,0
4684239185824,18.339242,1788966223207110511,,0,0,0,0,0,0,0,0,0,0,0,0,0,0,0,0,0,0,0
4684259188544,18.359244,1788966223227110514,,0,0,0,0,0,0,0,0,0,0,0,0,0,0,0,0,0,0,0
4684279221600,18.379277,1788966223247110565,,0,0,0,0,0,0,0,0,0,0,0,0,0,0,0,0,0,0,0
4684299061760,18.399118,1788966223267110459,,0,0,0,0,0,0,0,0,0,0,0,0,0,0,0,0,0,0,0
4684319172128,18.419228,1788966223287110323,,0,0,0,0,0,0,0,0,0,0,0,0,0,0,0,0,0,0,0
4684339158848,18.439215,1788966223307109830,,0,0,0,0,0,0,0,0,0,0,0,0,0,0,0,0,0,0,0
4684359216992,18.459273,1788966223327110057,,0,0,0,0,0,0,0,0,0,0,0,0,0,0,0,0,0,0,0
4684379189920,18.479246,1788966223347109953,,0,0,0,0,0,0,0,0,0,0,0,0,0,0,0,0,0,0,0
4684399237856,18.499294,1788966223367113469,,0,0,0,0,0,0,0,0,0,0,0,0,0,0,0,0,0,0,0
4684419170144,18.519226,1788966223387110205,,0,0,0,0,0,0,0,0,0,0,0,0,0,0,0,0,0,0,0
4684439198048,18.539254,1788966223407110427,,0,0,0,0,0,0,0,0,0,0,0,0,0,0,0,0,0,0,0
4684459205888,18.559262,1788966223427110623,,0,0,0,0,0,0,0,0,0,0,0,0,0,0,0,0,0,0,0
4684479218592,18.579274,1788966223447110201,,0,0,0,0,0,0,0,0,0,0,0,0,0,0,0,0,0,0,0
4684499073152,18.599129,1788966223467110091,,0,0,0,0,0,0,0,0,0,0,0,0,0,0,0,0,0,0,0
4684519257504,18.619313,1788966223487110192,,0,0,0,0,0,0,0,0,0,0,0,0,0,0,0,0,0,0,0
4684539176256,18.639232,1788966223507110100,,0,0,0,0,0,0,0,0,0,0,0,0,0,0,0,0,0,0,0
4684559179968,18.659236,1788966223527110429,,0,0,0,0,0,0,0,0,0,0,0,0,0,0,0,0,0,0,0
4684579170816,18.679227,1788966223547110437,,0,0,0,0,0,0,0,0,0,0,0,0,0,0,0,0,0,0,0
4684599185600,18.699241,1788966223567110267,,0,0,0,0,0,0,0,0,0,0,0,0,0,0,0,0,0,0,0
4684619175104,18.719231,1788966223587110505,,0,0,0,0,0,0,0,0,0,0,0,0,0,0,0,0,0,0,0
4684639186912,18.739243,1788966223607110540,,0,0,0,0,0,0,0,0,0,0,0,0,0,0,0,0,0,0,0
4684659179584,18.759235,1788966223627110714,,0,0,0,0,0,0,0,0,0,0,0,0,0,0,0,0,0,0,0
4684679169760,18.779226,1788966223647111753,,0,0,0,0,0,0,0,0,0,0,0,0,0,0,0,0,0,0,0
4684699041216,18.799097,1788966223667110124,,0,0,0,0,0,0,0,0,0,0,0,0,0,0,0,0,0,0,0
4684719184768,18.819241,1788966223687109974,,0,0,0,0,0,0,0,0,0,0,0,0,0,0,0,0,0,0,0
4684739164512,18.83922,1788966223707110147,,0,0,0,0,0,0,0,0,0,0,0,0,0,0,0,0,0,0,0
4684759206368,18.859262,1788966223727110099,,0,0,0,0,0,0,0,0,0,0,0,0,0,0,0,0,0,0,0
4684779176832,18.879233,1788966223747109773,,0,0,0,0,0,0,0,0,0,0,0,0,0,0,0,0,0,0,0
4684799164384,18.89922,1788966223767109968,,0,0,0,0,0,0,0,0,0,0,0,0,0,0,0,0,0,0,0
4684819177632,18.919234,1788966223787110475,,0,0,0,0,0,0,0,0,0,0,0,0,0,0,0,0,0,0,0
4684839200288,18.939256,1788966223807109657,,0,0,0,0,0,0,0,0,0,0,0,0,0,0,0,0,0,0,0
4684859172704,18.959229,1788966223827109898,,0,0,0,0,0,0,0,0,0,0,0,0,0,0,0,0,0,0,0
4684879169408,18.979225,1788966223847109924,,0,0,0,0,0,0,0,0,0,0,0,0,0,0,0,0,0,0,0
4684899035968,18.999092,1788966223867116758,,0,0,0,0,0,0,0,0,0,0,0,0,0,0,0,0,0,0,0
4684919187296,19.019243,1788966223887112872,,0,0,0,0,0,0,0,0,0,0,0,0,0,0,0,0,0,0,0
4684939164608,19.03922,1788966223907110215,,0,0,0,0,0,0,0,0,0,0,0,0,0,0,0,0,0,0,0
4684959153440,19.059209,1788966223927110673,,0,0,0,0,0,0,0,0,0,0,0,0,0,0,0,0,0,0,0
4684979167744,19.079224,1788966223947110424,,0,0,0,0,0,0,0,0,0,0,0,0,0,0,0,0,0,0,0
4684999158080,19.099214,1788966223967110539,,0,0,0,0,0,0,0,0,0,0,0,0,0,0,0,0,0,0,0
4685019177792,19.119234,1788966223987110555,,0,0,0,0,0,0,0,0,0,0,0,0,0,0,0,0,0,0,0
4685039216416,19.139272,1788966224007109840,,0,0,0,0,0,0,0,0,0,0,0,0,0,0,0,0,0,0,0
4685059162240,19.159218,1788966224027110474,,0,0,0,0,0,0,0,0,0,0,0,0,0,0,0,0,0,0,0
4685079154976,19.179211,1788966224047110604,,0,0,0,0,0,0,0,0,0,0,0,0,0,0,0,0,0,0,0
4685099032384,19.199088,1788966224067110660,,0,0,0,0,0,0,0,0,0,0,0,0,0,0,0,0,0,0,0
4685119193120,19.219249,1788966224087110531,,0,0,0,0,0,0,0,0,0,0,0,0,0,0,0,0,0,0,0
4685139154656,19.239211,1788966224107110369,,0,0,0,0,0,0,0,0,0,0,0,0,0,0,0,0,0,0,0
4685159157440,19.259213,1788966224127110636,,0,0,0,0,0,0,0,0,0,0,0,0,0,0,0,0,0,0,0
4685179148480,19.279204,1788966224147110800,,0,0,0,0,0,0,0,0,0,0,0,0,0,0,0,0,0,0,0
4685199136800,19.299193,1788966224167110438,,0,0,0,0,0,0,0,0,0,0,0,0,0,0,0,0,0,0,0
4685219143296,19.319199,1788966224187110234,,0,0,0,0,0,0,0,0,0,0,0,0,0,0,0,0,0,0,0
4685239158176,19.339214,1788966224207110284,,0,0,0,0,0,0,0,0,0,0,0,0,0,0,0,0,0,0,0
4685259155680,19.359212,1788966224227110663,,0,0,0,0,0,0,0,0,0,0,0,0,0,0,0,0,0,0,0
4685279179616,19.379235,1788966224247110983,,0,0,0,0,0,0,0,0,0,0,0,0,0,0,0,0,0,0,0
4685299030336,19.399086,1788966224267110868,,0,0,0,0,0,0,0,0,0,0,0,0,0,0,0,0,0,0,0
4685319124032,19.41918,1788966224287110677,,0,0,0,0,0,0,0,0,0,0,0,0,0,0,0,0,0,0,0
4685339137888,19.439194,1788966224307110110,,0,0,0,0,0,0,0,0,0,0,0,0,0,0,0,0,0,0,0
4685359135264,19.459191,1788966224327110447,,0,0,0,0,0,0,0,0,0,0,0,0,0,0,0,0,0,0,0
4685379114752,19.479171,1788966224347110427,,0,0,0,0,0,0,0,0,0,0,0,0,0,0,0,0,0,0,0
4685399176672,19.499233,1788966224367110519,,0,0,0,0,0,0,0,0,0,0,0,0,0,0,0,0,0,0,0
4685419148384,19.519204,1788966224387109926,,0,0,0,0,0,0,0,0,0,0,0,0,0,0,0,0,0,0,0
4685439169664,19.539226,1788966224407110341,,0,0,0,0,0,0,0,0,0,0,0,0,0,0,0,0,0,0,0
4685459203776,19.55926,1788966224427110394,,0,0,0,0,0,0,0,0,0,0,0,0,0,0,0,0,0,0,0
4685479121568,19.579177,1788966224447110433,,0,0,0,0,0,0,0,0,0,0,0,0,0,0,0,0,0,0,0
4685499000576,19.599056,1788966224467110481,,0,0,0,0,0,0,0,0,0,0,0,0,0,0,0,0,0,0,0
4685518986560,19.619042,1788966224487110246,,0,0,0,0,0,0,0,0,0,0,0,0,0,0,0,0,0,0,0
4685539112608,19.639168,1788966224507110946,,0,0,0,0,0,0,0,0,0,0,0,0,0,0,0,0,0,0,0
4685559186720,19.659243,1788966224527110569,,0,0,0,0,0,0,0,0,0,0,0,0,0,0,0,0,0,0,0
4685579171136,19.679227,1788966224547110409,,0,0,0,0,0,0,0,0,0,0,0,0,0,0,0,0,0,0,0
4685599135264,19.699191,1788966224567110286,,0,0,0,0,0,0,0,0,0,0,0,0,0,0,0,0,0,0,0
4685619165952,19.719222,1788966224587110356,,0,0,0,0,0,0,0,0,0,0,0,0,0,0,0,0,0,0,0
4685639151104,19.739207,1788966224607110021,,0,0,0,0,0,0,0,0,0,0,0,0,0,0,0,0,0,0,0
4685659147552,19.759203,1788966224627113490,,0,0,0,0,0,0,0,0,0,0,0,0,0,0,0,0,0,0,0
4685679152448,19.779208,1788966224647111099,,0,0,0,0,0,0,0,0,0,0,0,0,0,0,0,0,0,0,0
4685699018048,19.799074,1788966224667110275,,0,0,0,0,0,0,0,0,0,0,0,0,0,0,0,0,0,0,0
4685719136928,19.819193,1788966224687110099,,0,0,0,0,0,0,0,0,0,0,0,0,0,0,0,0,0,0,0
4685739120864,19.839177,1788966224707110113,,0,0,0,0,0,0,0,0,0,0,0,0,0,0,0,0,0,0,0
4685759120160,19.859176,1788966224727110591,,0,0,0,0,0,0,0,0,0,0,0,0,0,0,0,0,0,0,0
4685779097728,19.879154,1788966224747110204,,0,0,0,0,0,0,0,0,0,0,0,0,0,0,0,0,0,0,0
4685799143968,19.8992,1788966224767109839,,0,0,0,0,0,0,0,0,0,0,0,0,0,0,0,0,0,0,0
4685819110432,19.919166,1788966224787110415,,0,0,0,0,0,0,0,0,0,0,0,0,0,0,0,0,0,0,0
4685839138176,19.939194,1788966224807110975,,0,0,0,0,0,0,0,0,0,0,0,0,0,0,0,0,0,0,0
4685859155360,19.959211,1788966224827110128,,0,0,0,0,0,0,0,0,0,0,0,0,0,0,0,0,0,0,0
4685879147424,19.979203,1788966224847109997,,0,0,0,0,0,0,0,0,0,0,0,0,0,0,0,0,0,0,0
4685899101696,19.999158,1788966224867110239,,0,0,0,0,0,0,0,0,0,0,0,0,0,0,0,0,0,0,0
4685919181856,20.019238,1788966224887109796,,0,0,0,0,0,0,0,0,0,0,0,0,0,0,0,0,0,0,0
4685939096256,20.039152,1788966224907110332,,0,0,0,0,0,0,0,0,0,0,0,0,0,0,0,0,0,0,0
4685959156672,20.059213,1788966224927110267,,0,0,0,0,0,0,0,0,0,0,0,0,0,0,0,0,0,0,0
4685979119456,20.079175,1788966224947109827,,0,0,0,0,0,0,0,0,0,0,0,0,0,0,0,0,0,0,0
4685999150784,20.099207,1788966224967116387,,0,0,0,0,0,0,0,0,0,0,0,0,0,0,0,0,0,0,0
4686019130688,20.119187,1788966224987113060,,0,0,0,0,0,0,0,0,0,0,0,0,0,0,0,0,0,0,0
4686039129088,20.139185,1788966225007112466,,0,0,0,0,0,0,0,0,0,0,0,0,0,0,0,0,0,0,0
4686059111712,20.159168,1788966225027110374,,0,0,0,0,0,0,0,0,0,0,0,0,0,0,0,0,0,0,0
4686079143040,20.179199,1788966225047110569,,0,0,0,0,0,0,0,0,0,0,0,0,0,0,0,0,0,0,0
4686098999616,20.199055,1788966225067110380,,0,0,0,0,0,0,0,0,0,0,0,0,0,0,0,0,0,0,0
4686118961440,20.219017,1788966225087110434,,0,0,0,0,0,0,0,0,0,0,0,0,0,0,0,0,0,0,0
4686139145792,20.239202,1788966225107110530,,0,0,0,0,0,0,0,0,0,0,0,0,0,0,0,0,0,0,0
4686159100832,20.259157,1788966225127110450,,0,0,0,0,0,0,0,0,0,0,0,0,0,0,0,0,0,0,0
4686179079328,20.279135,1788966225147111234,,0,0,0,0,0,0,0,0,0,0,0,0,0,0,0,0,0,0,0
4686199109440,20.299165,1788966225167110346,,0,0,0,0,0,0,0,0,0,0,0,0,0,0,0,0,0,0,0
4686219089216,20.319145,1788966225187110162,,0,0,0,0,0,0,0,0,0,0,0,0,0,0,0,0,0,0,0
4686239107712,20.339164,1788966225207110482,,0,0,0,0,0,0,0,0,0,0,0,0,0,0,0,0,0,0,0
4686259123776,20.35918,1788966225227110178,,0,0,0,0,0,0,0,0,0,0,0,0,0,0,0,0,0,0,0
4686279110208,20.379166,1788966225247110405,,0,0,0,0,0,0,0,0,0,0,0,0,0,0,0,0,0,0,0
4686298992576,20.399048,1788966225267110214,,0,0,0,0,0,0,0,0,0,0,0,0,0,0,0,0,0,0,0
4686319094880,20.419151,1788966225287111248,,0,0,0,0,0,0,0,0,0,0,0,0,0,0,0,0,0,0,0
4686339101472,20.439157,1788966225307110367,,0,0,0,0,0,0,0,0,0,0,0,0,0,0,0,0,0,0,0
4686359092000,20.459148,1788966225327110537,,0,0,0,0,0,0,0,0,0,0,0,0,0,0,0,0,0,0,0
4686379101312,20.479157,1788966225347110201,,0,0,0,0,0,0,0,0,0,0,0,0,0,0,0,0,0,0,0
4686399095168,20.499151,1788966225367110126,,0,0,0,0,0,0,0,0,0,0,0,0,0,0,0,0,0,0,0
4686419088576,20.519144,1788966225387124183,,0,0,0,0,0,0,0,0,0,0,0,0,0,0,0,0,0,0,0
4686439138048,20.539194,1788966225407110803,,0,0,0,0,0,0,0,0,0,0,0,0,0,0,0,0,0,0,0
4686459093536,20.559149,1788966225427110662,,0,0,0,0,0,0,0,0,0,0,0,0,0,0,0,0,0,0,0
4686479124000,20.57918,1788966225447110097,,0,0,0,0,0,0,0,0,0,0,0,0,0,0,0,0,0,0,0
4686498958880,20.599015,1788966225467110288,,0,0,0,0,0,0,0,0,0,0,0,0,0,0,0,0,0,0,0
4686519088704,20.619145,1788966225487110287,,0,0,0,0,0,0,0,0,0,0,0,0,0,0,0,0,0,0,0
4686539121504,20.639177,1788966225507109965,,0,0,0,0,0,0,0,0,0,0,0,0,0,0,0,0,0,0,0
4686559111456,20.659167,1788966225527110391,,0,0,0,0,0,0,0,0,0,0,0,0,0,0,0,0,0,0,0
4686579069088,20.679125,1788966225547110445,,0,0,0,0,0,0,0,0,0,0,0,0,0,0,0,0,0,0,0
4686599129632,20.699186,1788966225567110008,,0,0,0,0,0,0,0,0,0,0,0,0,0,0,0,0,0,0,0
4686619098208,20.719154,1788966225587111212,,0,0,0,0,0,0,0,0,0,0,0,0,0,0,0,0,0,0,0
4686639106624,20.739162,1788966225607110152,,0,0,0,0,0,0,0,0,0,0,0,0,0,0,0,0,0,0,0
4686659100224,20.759156,1788966225627110444,,0,0,0,0,0,0,0,0,0,0,0,0,0,0,0,0,0,0,0
4686678922528,20.778978,1788966225647111056,,0,0,0,0,0,0,0,0,0,0,0,0,0,0,0,0,0,0,0
4686698996224,20.799052,1788966225667110150,,0,0,0,0,0,0,0,0,0,0,0,0,0,0,0,0,0,0,0
4686719072960,20.819129,1788966225687110985,,0,0,0,0,0,0,0,0,0,0,0,0,0,0,0,0,0,0,0
4686739065664,20.839122,1788966225707110115,,0,0,0,0,0,0,0,0,0,0,0,0,0,0,0,0,0,0,0
4686759065472,20.859121,1788966225727110803,,0,0,0,0,0,0,0,0,0,0,0,0,0,0,0,0,0,0,0
4686779072288,20.879128,1788966225747110318,,0,0,0,0,0,0,0,0,0,0,0,0,0,0,0,0,0,0,0
4686799093248,20.899149,1788966225767110754,,0,0,0,0,0,0,0,0,0,0,0,0,0,0,0,0,0,0,0
4686819045664,20.919102,1788966225787110392,,0,0,0,0,0,0,0,0,0,0,0,0,0,0,0,0,0,0,0
4686838980576,20.939036,1788966225807110370,,0,0,0,0,0,0,0,0,0,0,0,0,0,0,0,0,0,0,0
4686859110944,20.959167,1788966225827110252,,0,0,0,0,0,0,0,0,0,0,0,0,0,0,0,0,0,0,0
4686879040608,20.979096,1788966225847110177,,0,0,0,0,0,0,0,0,0,0,0,0,0,0,0,0,0,0,0
4686898962656,20.999019,1788966225867110478,,0,0,0,0,0,0,0,0,0,0,0,0,0,0,0,0,0,0,0
4686919105216,21.019161,1788966225887110043,,0,0,0,0,0,0,0,0,0,0,0,0,0,0,0,0,0,0,0
4686939091040,21.039147,1788966225907110429,,0,0,0,0,0,0,0,0,0,0,0,0,0,0,0,0,0,0,0
4686959081536,21.059137,1788966225927110219,,0,0,0,0,0,0,0,0,0,0,0,0,0,0,0,0,0,0,0
4686979035744,21.079092,1788966225947109766,,0,0,0,0,0,0,0,0,0,0,0,0,0,0,0,0,0,0,0
4686999085504,21.099141,1788966225967110065,,0,0,0,0,0,0,0,0,0,0,0,0,0,0,0,0,0,0,0
4687019056544,21.119112,1788966225987110439,,0,0,0,0,0,0,0,0,0,0,0,0,0,0,0,0,0,0,0
4687039084064,21.13914,1788966226007110486,,0,0,0,0,0,0,0,0,0,0,0,0,0,0,0,0,0,0,0
4687059093408,21.159149,1788966226027110291,,0,0,0,0,0,0,0,0,0,0,0,0,0,0,0,0,0,0,0
4687078897216,21.178953,1788966226047110259,,0,0,0,0,0,0,0,0,0,0,0,0,0,0,0,0,0,0,0
4687098931936,21.198988,1788966226067112937,,0,0,0,0,0,0,0,0,0,0,0,0,0,0,0,0,0,0,0
4687119088800,21.219145,1788966226087113378,,0,0,0,0,0,0,0,0,0,0,0,0,0,0,0,0,0,0,0
4687139047904,21.239104,1788966226107110525,,0,0,0,0,0,0,0,0,0,0,0,0,0,0,0,0,0,0,0
4687158893728,21.25895,1788966226127110399,,0,0,0,0,0,0,0,0,0,0,0,0,0,0,0,0,0,0,0
4687179048928,21.279105,1788966226147110776,,0,0,0,0,0,0,0,0,0,0,0,0,0,0,0,0,0,0,0
4687198953664,21.29901,1788966226167113673,,0,0,0,0,0,0,0,0,0,0,0,0,0,0,0,0,0,0,0
4687219029536,21.319085,1788966226187110319,,0,0,0,0,0,0,0,0,0,0,0,0,0,0,0,0,0,0,0
4687238912032,21.338968,1788966226207110648,,0,0,0,0,0,0,0,0,0,0,0,0,0,0,0,0,0,0,0
4687259052160,21.359108,1788966226227110447,,0,0,0,0,0,0,0,0,0,0,0,0,0,0,0,0,0,0,0
4687278907680,21.378964,1788966226247110208,,0,0,0,0,0,0,0,0,0,0,0,0,0,0,0,0,0,0,0
4687298909184,21.398965,1788966226267110721,,0,0,0,0,0,0,0,0,0,0,0,0,0,0,0,0,0,0,0
4687319024928,21.419081,1788966226287110299,,0,0,0,0,0,0,0,0,0,0,0,0,0,0,0,0,0,0,0
4687339014624,21.43907,1788966226307109963,,0,0,0,0,0,0,0,0,0,0,0,0,0,0,0,0,0,0,0
4687359048128,21.459104,1788966226327110558,,0,0,0,0,0,0,0,0,0,0,0,0,0,0,0,0,0,0,0
4687379027968,21.479084,1788966226347110411,,0,0,0,0,0,0,0,0,0,0,0,0,0,0,0,0,0,0,0
4687399074016,21.49913,1788966226367110845,,0,0,0,0,0,0,0,0,0,0,0,0,0,0,0,0,0,0,0
4687419060000,21.519116,1788966226387110353,,0,0,0,0,0,0,0,0,0,0,0,0,0,0,0,0,0,0,0
4687439028800,21.539085,1788966226407110475,,0,0,0,0,0,0,0,0,0,0,0,0,0,0,0,0,0,0,0
4687459107712,21.559164,1788966226427110500,,0,0,0,0,0,0,0,0,0,0,0,0,0,0,0,0,0,0,0
4687479029376,21.579085,1788966226447110293,,0,0,0,0,0,0,0,0,0,0,0,0,0,0,0,0,0,0,0
4687498906592,21.598962,1788966226467110853,,0,0,0,0,0,0,0,0,0,0,0,0,0,0,0,0,0,0,0
4687519178752,21.619235,1788966226487110883,,0,0,0,0,0,0,0,0,0,0,0,0,0,0,0,0,0,0,0
4687539045248,21.639101,1788966226507110261,,0,0,0,0,0,0,0,0,0,0,0,0,0,0,0,0,0,0,0
4687559040032,21.659096,1788966226527110511,,0,0,0,0,0,0,0,0,0,0,0,0,0,0,0,0,0,0,0
4687579042816,21.679099,1788966226547109891,,0,0,0,0,0,0,0,0,0,0,0,0,0,0,0,0,0,0,0
4687599020896,21.699077,1788966226567110615,,0,0,0,0,0,0,0,0,0,0,0,0,0,0,0,0,0,0,0
4687619014464,21.71907,1788966226587110768,,0,0,0,0,0,0,0,0,0,0,0,0,0,0,0,0,0,0,0
4687639028672,21.739085,1788966226607110255,,0,0,0,0,0,0,0,0,0,0,0,0,0,0,0,0,0,0,0
4687659038848,21.759095,1788966226627110026,,0,0,0,0,0,0,0,0,0,0,0,0,0,0,0,0,0,0,0
4687679023712,21.77908,1788966226647110814,,0,0,0,0,0,0,0,0,0,0,0,0,0,0,0,0,0,0,0
4687698898144,21.798954,1788966226667110855,,0,0,0,0,0,0,0,0,0,0,0,0,0,0,0,0,0,0,0
4687719055360,21.819111,1788966226687110442,,0,0,0,0,0,0,0,0,0,0,0,0,0,0,0,0,0,0,0
4687739019712,21.839076,1788966226707110281,,0,0,0,0,0,0,0,0,0,0,0,0,0,0,0,0,0,0,0
4687759047232,21.859103,1788966226727110129,,0,0,0,0,0,0,0,0,0,0,0,0,0,0,0,0,0,0,0
4687779021344,21.879077,1788966226747110285,,0,0,0,0,0,0,0,0,0,0,0,0,0,0,0,0,0,0,0
4687799000256,21.899056,1788966226767110325,,0,0,0,0,0,0,0,0,0,0,0,0,0,0,0,0,0,0,0
4687818845472,21.918901,1788966226787110590,,0,0,0,0,0,0,0,0,0,0,0,0,0,0,0,0,0,0,0
4687838996352,21.939052,1788966226807110194,,0,0,0,0,0,0,0,0,0,0,0,0,0,0,0,0,0,0,0
4687859057920,21.959114,1788966226827111059,,0,0,0,0,0,0,0,0,0,0,0,0,0,0,0,0,0,0,0
4687879018176,21.979074,1788966226847110642,,0,0,0,0,0,0,0,0,0,0,0,0,0,0,0,0,0,0,0
4687898885600,21.998941,1788966226867110437,,0,0,0,0,0,0,0,0,0,0,0,0,0,0,0,0,0,0,0
4687918906592,22.018962,1788966226887110358,,0,0,0,0,0,0,0,0,0,0,0,0,0,0,0,0,0,0,0
4687939003488,22.039059,1788966226907110755,,0,0,0,0,0,0,0,0,0,0,0,0,0,0,0,0,0,0,0
4687958992352,22.059048,1788966226927110402,,0,0,0,0,0,0,0,0,0,0,0,0,0,0,0,0,0,0,0
4687979056160,22.079112,1788966226947110023,,0,0,0,0,0,0,0,0,0,0,0,0,0,0,0,0,0,0,0
4687999008512,22.099064,1788966226967110410,,0,0,0,0,0,0,0,0,0,0,0,0,0,0,0,0,0,0,0
4688019037632,22.119094,1788966226987110509,,0,0,0,0,0,0,0,0,0,0,0,0,0,0,0,0,0,0,0
4688039029632,22.139086,1788966227007110239,,0,0,0,0,0,0,0,0,0,0,0,0,0,0,0,0,0,0,0
4688058849856,22.158906,1788966227027110572,,0,0,0,0,0,0,0,0,0,0,0,0,0,0,0,0,0,0,0
4688078862400,22.178918,1788966227047113698,,0,0,0,0,0,0,0,0,0,0,0,0,0,0,0,0,0,0,0
4688098878208,22.198934,1788966227067110035,,0,0,0,0,0,0,0,0,0,0,0,0,0,0,0,0,0,0,0
4688118861216,22.218917,1788966227087110160,,0,0,0,0,0,0,0,0,0,0,0,0,0,0,0,0,0,0,0
4688139000224,22.239056,1788966227107109935,,0,0,0,0,0,0,0,0,0,0,0,0,0,0,0,0,0,0,0
4688159014528,22.25907,1788966227127110111,,0,0,0,0,0,0,0,0,0,0,0,0,0,0,0,0,0,0,0
4688178995328,22.279051,1788966227147117255,,0,0,0,0,0,0,0,0,0,0,0,0,0,0,0,0,0,0,0
4688198988544,22.299044,1788966227167110619,,0,0,0,0,0,0,0,0,0,0,0,0,0,0,0,0,0,0,0
4688219052064,22.319108,1788966227187112397,,0,0,0,0,0,0,0,0,0,0,0,0,0,0,0,0,0,0,0
4688238816288,22.338872,1788966227207110055,,0,0,0,0,0,0,0,0,0,0,0,0,0,0,0,0,0,0,0
4688258991616,22.359047,1788966227227110369,,0,0,0,0,0,0,0,0,0,0,0,0,0,0,0,0,0,0,0
4688279007264,22.379063,1788966227247110935,,0,0,0,0,0,0,0,0,0,0,0,0,0,0,0,0,0,0,0
4688298868384,22.398924,1788966227267110800,,0,0,0,0,0,0,0,0,0,0,0,0,0,0,0,0,0,0,0
4688318994336,22.41905,1788966227287110637,,0,0,0,0,0,0,0,0,0,0,0,0,0,0,0,0,0,0,0
4688339013344,22.439069,1788966227307110259,,0,0,0,0,0,0,0,0,0,0,0,0,0,0,0,0,0,0,0
4688358832160,22.458888,1788966227327110342,,0,0,0,0,0,0,0,0,0,0,0,0,0,0,0,0,0,0,0
4688378906208,22.478962,1788966227347110253,,0,0,0,0,0,0,0,0,0,0,0,0,0,0,0,0,0,0,0
4688398828736,22.498885,1788966227367113260,,0,0,0,0,0,0,0,0,0,0,0,0,0,0,0,0,0,0,0
4688418818464,22.518874,1788966227387110606,,0,0,0,0,0,0,0,0,0,0,0,0,0,0,0,0,0,0,0
4688438872736,22.538929,1788966227407110225,,0,0,0,0,0,0,0,0,0,0,0,0,0,0,0,0,0,0,0
4688458836672,22.558893,1788966227427110173,,0,0,0,0,0,0,0,0,0,0,0,0,0,0,0,0,0,0,0
4688478822400,22.578878,1788966227447110400,,0,0,0,0,0,0,0,0,0,0,0,0,0,0,0,0,0,0,0
4688498857824,22.598914,1788966227467110217,,0,0,0,0,0,0,0,0,0,0,0,0,0,0,0,0,0,0,0
4688518934016,22.61899,1788966227487110413,,0,0,0,0,0,0,0,0,0,0,0,0,0,0,0,0,0,0,0
4688538969024,22.639025,1788966227507110130,,0,0,0,0,0,0,0,0,0,0,0,0,0,0,0,0,0,0,0
4688558997440,22.659053,1788966227527110617,,0,0,0,0,0,0,0,0,0,0,0,0,0,0,0,0,0,0,0
4688578792512,22.678848,1788966227547110110,,0,0,0,0,0,0,0,0,0,0,0,0,0,0,0,0,0,0,0
4688598975520,22.699031,1788966227567109948,,0,0,0,0,0,0,0,0,0,0,0,0,0,0,0,0,0,0,0
4688618824352,22.71888,1788966227587110765,,0,0,0,0,0,0,0,0,0,0,0,0,0,0,0,0,0,0,0
4688638810240,22.738866,1788966227607110484,,0,0,0,0,0,0,0,0,0,0,0,0,0,0,0,0,0,0,0
4688658829248,22.758885,1788966227627110015,,0,0,0,0,0,0,0,0,0,0,0,0,0,0,0,0,0,0,0
4688678832064,22.778888,1788966227647111304,,0,0,0,0,0,0,0,0,0,0,0,0,0,0,0,0,0,0,0
4688698781952,22.798838,1788966227667110211,,0,0,0,0,0,0,0,0,0,0,0,0,0,0,0,0,0,0,0
4688718846592,22.818902,1788966227687110463,,0,0,0,0,0,0,0,0,0,0,0,0,0,0,0,0,0,0,0
4688738792128,22.838848,1788966227707110679,,0,0,0,0,0,0,0,0,0,0,0,0,0,0,0,0,0,0,0
4688758854528,22.85891,1788966227727110227,,0,0,0,0,0,0,0,0,0,0,0,0,0,0,0,0,0,0,0
4688778801696,22.878858,1788966227747110250,,0,0,0,0,0,0,0,0,0,0,0,0,0,0,0,0,0,0,0
4688798791744,22.898848,1788966227767110272,,0,0,0,0,0,0,0,0,0,0,0,0,0,0,0,0,0,0,0
4688818848960,22.918905,1788966227787110265,,0,0,0,0,0,0,0,0,0,0,0,0,0,0,0,0,0,0,0
4688838877408,22.938933,1788966227807110509,,0,0,0,0,0,0,0,0,0,0,0,0,0,0,0,0,0,0,0
4688858929312,22.958985,1788966227827110316,,0,0,0,0,0,0,0,0,0,0,0,0,0,0,0,0,0,0,0
4688878834048,22.97889,1788966227847110764,,0,0,0,0,0,0,0,0,0,0,0,0,0,0,0,0,0,0,0
4688898802880,22.998859,1788966227867110434,,0,0,0,0,0,0,0,0,0,0,0,0,0,0,0,0,0,0,0
4688918873440,23.018929,1788966227887110735,,0,0,0,0,0,0,0,0,0,0,0,0,0,0,0,0,0,0,0
4688938809760,23.038866,1788966227907110216,,0,0,0,0,0,0,0,0,0,0,0,0,0,0,0,0,0,0,0
4688958819584,23.058875,1788966227927110666,,0,0,0,0,0,0,0,0,0,0,0,0,0,0,0,0,0,0,0
4688978775200,23.078831,1788966227947110357,,0,0,0,0,0,0,0,0,0,0,0,0,0,0,0,0,0,0,0
4688998842912,23.098899,1788966227967110207,,0,0,0,0,0,0,0,0,0,0,0,0,0,0,0,0,0,0,0
4689018792448,23.118848,1788966227987110408,,0,0,0,0,0,0,0,0,0,0,0,0,0,0,0,0,0,0,0
4689038786848,23.138843,1788966228007110448,,0,0,0,0,0,0,0,0,0,0,0,0,0,0,0,0,0,0,0
4689058820480,23.158876,1788966228027110311,,0,0,0,0,0,0,0,0,0,0,0,0,0,0,0,0,0,0,0
4689078819552,23.178875,1788966228047110196,,0,0,0,0,0,0,0,0,0,0,0,0,0,0,0,0,0,0,0
4689098802144,23.198858,1788966228067110023,,0,0,0,0,0,0,0,0,0,0,0,0,0,0,0,0,0,0,0
4689118789312,23.218845,1788966228087110021,,0,0,0,0,0,0,0,0,0,0,0,0,0,0,0,0,0,0,0
4689138773376,23.238829,1788966228107110037,,0,0,0,0,0,0,0,0,0,0,0,0,0,0,0,0,0,0,0
4689158826112,23.258882,1788966228127109870,,0,0,0,0,0,0,0,0,0,0,0,0,0,0,0,0,0,0,0
4689178792800,23.278849,1788966228147111222,,0,0,0,0,0,0,0,0,0,0,0,0,0,0,0,0,0,0,0
4689198797888,23.298854,1788966228167110556,,0,0,0,0,0,0,0,0,0,0,0,0,0,0,0,0,0,0,0
4689218828800,23.318885,1788966228187110500,,0,0,0,0,0,0,0,0,0,0,0,0,0,0,0,0,0,0,0
4689238799168,23.338855,1788966228207109784,,0,0,0,0,0,0,0,0,0,0,0,0,0,0,0,0,0,0,0
4689258822912,23.358879,1788966228227110099,,0,0,0,0,0,0,0,0,0,0,0,0,0,0,0,0,0,0,0
4689278809248,23.378865,1788966228247114241,,0,0,0,0,0,0,0,0,0,0,0,0,0,0,0,0,0,0,0
4689298772576,23.398828,1788966228267113006,,0,0,0,0,0,0,0,0,0,0,0,0,0,0,0,0,0,0,0
4689318800832,23.418857,1788966228287110690,,0,0,0,0,0,0,0,0,0,0,0,0,0,0,0,0,0,0,0
4689338796544,23.438852,1788966228307110121,,0,0,0,0,0,0,0,0,0,0,0,0,0,0,0,0,0,0,0
4689358860480,23.458916,1788966228327110878,,0,0,0,0,0,0,0,0,0,0,0,0,0,0,0,0,0,0,0
4689378801376,23.478857,1788966228347110268,,0,0,0,0,0,0,0,0,0,0,0,0,0,0,0,0,0,0,0
4689398776480,23.498832,1788966228367110363,,0,0,0,0,0,0,0,0,0,0,0,0,0,0,0,0,0,0,0
4689418893312,23.518949,1788966228387110682,,0,0,0,0,0,0,0,0,0,0,0,0,0,0,0,0,0,0,0
4689438790144,23.538846,1788966228407110416,,0,0,0,0,0,0,0,0,0,0,0,0,0,0,0,0,0,0,0
4689458822304,23.558878,1788966228427110608,,0,0,0,0,0,0,0,0,0,0,0,0,0,0,0,0,0,0,0
4689478822240,23.578878,1788966228447110883,,0,0,0,0,0,0,0,0,0,0,0,0,0,0,0,0,0,0,0
4689498789216,23.598845,1788966228467110336,,0,0,0,0,0,0,0,0,0,0,0,0,0,0,0,0,0,0,0
4689518792352,23.618848,1788966228487110443,,0,0,0,0,0,0,0,0,0,0,0,0,0,0,0,0,0,0,0
4689538800928,23.638857,1788966228507110417,,0,0,0,0,0,0,0,0,0,0,0,0,0,0,0,0,0,0,0
4689558815072,23.658871,1788966228527110577,,0,0,0,0,0,0,0,0,0,0,0,0,0,0,0,0,0,0,0
4689578783744,23.67884,1788966228547110284,,0,0,0,0,0,0,0,0,0,0,0,0,0,0,0,0,0,0,0
4689598785312,23.698841,1788966228567110303,,0,0,0,0,0,0,0,0,0,0,0,0,0,0,0,0,0,0,0
4689618941664,23.718998,1788966228587111023,,0,0,0,0,0,0,0,0,0,0,0,0,0,0,0,0,0,0,0
4689638807040,23.738863,1788966228607110441,,0,0,0,0,0,0,0,0,0,0,0,0,0,0,0,0,0,0,0
4689658818944,23.758875,1788966228627110692,,0,0,0,0,0,0,0,0,0,0,0,0,0,0,0,0,0,0,0
4689678823456,23.778879,1788966228647110844,,0,0,0,0,0,0,0,0,0,0,0,0,0,0,0,0,0,0,0
4689698829376,23.798885,1788966228667110858,,0,0,0,0,0,0,0,0,0,0,0,0,0,0,0,0,0,0,0
4689718828128,23.818884,1788966228687111489,,0,0,0,0,0,0,0,0,0,0,0,0,0,0,0,0,0,0,0
4689738812640,23.838869,1788966228707110585,,0,0,0,0,0,0,0,0,0,0,0,0,0,0,0,0,0,0,0
4689758858112,23.858914,1788966228727110433,,0,0,0,0,0,0,0,0,0,0,0,0,0,0,0,0,0,0,0
4689778778624,23.878834,1788966228747110251,,0,0,0,0,0,0,0,0,0,0,0,0,0,0,0,0,0,0,0
4689798798752,23.898855,1788966228767110197,,0,0,0,0,0,0,0,0,0,0,0,0,0,0,0,0,0,0,0
4689818930112,23.918986,1788966228787110311,,0,0,0,0,0,0,0,0,0,0,0,0,0,0,0,0,0,0,0
4689838860128,23.938916,1788966228807111072,,0,0,0,0,0,0,0,0,0,0,0,0,0,0,0,0,0,0,0
4689858815680,23.958872,1788966228827110006,,0,0,0,0,0,0,0,0,0,0,0,0,0,0,0,0,0,0,0
4689878777696,23.978834,1788966228847110259,,0,0,0,0,0,0,0,0,0,0,0,0,0,0,0,0,0,0,0
4689898802336,23.998858,1788966228867110183,,0,0,0,0,0,0,0,0,0,0,0,0,0,0,0,0,0,0,0
4689918830880,24.018887,1788966228887110327,,0,0,0,0,0,0,0,0,0,0,0,0,0,0,0,0,0,0,0
4689938817792,24.038874,1788966228907110442,,0,0,0,0,0,0,0,0,0,0,0,0,0,0,0,0,0,0,0
4689958924896,24.058981,1788966228927110405,,0,0,0,0,0,0,0,0,0,0,0,0,0,0,0,0,0,0,0
4689978795680,24.078852,1788966228947110769,,0,0,0,0,0,0,0,0,0,0,0,0,0,0,0,0,0,0,0
4689998820640,24.098877,1788966228967110954,,0,0,0,0,0,0,0,0,0,0,0,0,0,0,0,0,0,0,0
4690018897632,24.118954,1788966228987110291,,0,0,0,0,0,0,0,0,0,0,0,0,0,0,0,0,0,0,0
4690038793600,24.138849,1788966229007110311,,0,0,0,0,0,0,0,0,0,0,0,0,0,0,0,0,0,0,0
4690058819872,24.158876,1788966229027110102,,0,0,0,0,0,0,0,0,0,0,0,0,0,0,0,0,0,0,0
4690078814208,24.17887,1788966229047110702,,0,0,0,0,0,0,0,0,0,0,0,0,0,0,0,0,0,0,0
4690098841696,24.198898,1788966229067110387,,0,0,0,0,0,0,0,0,0,0,0,0,0,0,0,0,0,0,0
4690118819552,24.218875,1788966229087110407,,0,0,0,0,0,0,0,0,0,0,0,0,0,0,0,0,0,0,0
4690138798176,24.238854,1788966229107110154,,0,0,0,0,0,0,0,0,0,0,0,0,0,0,0,0,0,0,0
4690158919584,24.258975,1788966229127110567,,0,0,0,0,0,0,0,0,0,0,0,0,0,0,0,0,0,0,0
4690178816128,24.278872,1788966229147110812,,0,0,0,0,0,0,0,0,0,0,0,0,0,0,0,0,0,0,0
4690198853440,24.298909,1788966229167110457,,0,0,0,0,0,0,0,0,0,0,0,0,0,0,0,0,0,0,0
4690218902592,24.318958,1788966229187110828,,0,0,0,0,0,0,0,0,0,0,0,0,0,0,0,0,0,0,0
4690238827456,24.338883,1788966229207110187,,0,0,0,0,0,0,0,0,0,0,0,0,0,0,0,0,0,0,0
4690258788544,24.358844,1788966229227109915,,0,0,0,0,0,0,0,0,0,0,0,0,0,0,0,0,0,0,0
4690278867072,24.378923,1788966229247110245,,0,0,0,0,0,0,0,0,0,0,0,0,0,0,0,0,0,0,0
4690298775520,24.398831,1788966229267110128,,0,0,0,0,0,0,0,0,0,0,0,0,0,0,0,0,0,0,0
4690318899072,24.418955,1788966229287110623,,0,0,0,0,0,0,0,0,0,0,0,0,0,0,0,0,0,0,0
4690338821728,24.438878,1788966229307110027,,0,0,0,0,0,0,0,0,0,0,0,0,0,0,0,0,0,0,0
4690358800896,24.458857,1788966229327113536,,0,0,0,0,0,0,0,0,0,0,0,0,0,0,0,0,0,0,0
4690378802368,24.478858,1788966229347112826,,0,0,0,0,0,0,0,0,0,0,0,0,0,0,0,0,0,0,0
4690398849824,24.498906,1788966229367112673,,0,0,0,0,0,0,0,0,0,0,0,0,0,0,0,0,0,0,0
4690418844960,24.518901,1788966229387110632,,0,0,0,0,0,0,0,0,0,0,0,0,0,0,0,0,0,0,0
4690438867552,24.538923,1788966229407110846,,0,0,0,0,0,0,0,0,0,0,0,0,0,0,0,0,0,0,0
4690458912608,24.558968,1788966229427110525,,0,0,0,0,0,0,0,0,0,0,0,0,0,0,0,0,0,0,0
4690478898752,24.578955,1788966229447110556,,0,0,0,0,0,0,0,0,0,0,0,0,0,0,0,0,0,0,0
4690498773856,24.59883,1788966229467110704,,0,0,0,0,0,0,0,0,0,0,0,0,0,0,0,0,0,0,0
4690518922944,24.618979,1788966229487110718,,0,0,0,0,0,0,0,0,0,0,0,0,0,0,0,0,0,0,0
4690538769408,24.638825,1788966229507110025,,0,0,0,0,0,0,0,0,0,0,0,0,0,0,0,0,0,0,0
4690558826432,24.658882,1788966229527110728,,0,0,0,0,0,0,0,0,0,0,0,0,0,0,0,0,0,0,0
4690578849824,24.678906,1788966229547110274,,0,0,0,0,0,0,0,0,0,0,0,0,0,0,0,0,0,0,0
4690598847680,24.698904,1788966229567109970,,0,0,0,0,0,0,0,0,0,0,0,0,0,0,0,0,0,0,0
4690618883168,24.718939,1788966229587111060,,0,0,0,0,0,0,0,0,0,0,0,0,0,0,0,0,0,0,0
4690638865504,24.738921,1788966229607110952,,0,0,0,0,0,0,0,0,0,0,0,0,0,0,0,0,0,0,0
4690658889344,24.758945,1788966229627110446,,0,0,0,0,0,0,0,0,0,0,0,0,0,0,0,0,0,0,0
4690678881952,24.778938,1788966229647111418,,0,0,0,0,0,0,0,0,0,0,0,0,0,0,0,0,0,0,0
4690698768928,24.798825,1788966229667110564,,0,0,0,0,0,0,0,0,0,0,0,0,0,0,0,0,0,0,0
4690718988096,24.819044,1788966229687110782,,0,0,0,0,0,0,0,0,0,0,0,0,0,0,0,0,0,0,0
4690738876608,24.838932,1788966229707110261,,0,0,0,0,0,0,0,0,0,0,0,0,0,0,0,0,0,0,0
4690758896832,24.858953,1788966229727110452,,0,0,0,0,0,0,0,0,0,0,0,0,0,0,0,0,0,0,0
4690778789632,24.878846,1788966229747110274,,0,0,0,0,0,0,0,0,0,0,0,0,0,0,0,0,0,0,0
4690798783936,24.89884,1788966229767110087,,0,0,0,0,0,0,0,0,0,0,0,0,0,0,0,0,0,0,0
4690818893472,24.918949,1788966229787110732,,0,0,0,0,0,0,0,0,0,0,0,0,0,0,0,0,0,0,0
4690838854816,24.938911,1788966229807110405,,0,0,0,0,0,0,0,0,0,0,0,0,0,0,0,0,0,0,0
4690858855456,24.958911,1788966229827112999,,0,0,0,0,0,0,0,0,0,0,0,0,0,0,0,0,0,0,0
4690878835680,24.978892,1788966229847110861,,0,0,0,0,0,0,0,0,0,0,0,0,0,0,0,0,0,0,0
4690898822272,24.998878,1788966229867110237,,0,0,0,0,0,0,0,0,0,0,0,0,0,0,0,0,0,0,0
4690918854592,25.01891,1788966229887110319,,0,0,0,0,0,0,0,0,0,0,0,0,0,0,0,0,0,0,0
4690938828832,25.038885,1788966229907110278,,0,0,0,0,0,0,0,0,0,0,0,0,0,0,0,0,0,0,0
4690958810272,25.058866,1788966229927110875,,0,0,0,0,0,0,0,0,0,0,0,0,0,0,0,0,0,0,0
4690978847328,25.078903,1788966229947110579,,0,0,0,0,0,0,0,0,0,0,0,0,0,0,0,0,0,0,0
4690998775872,25.098832,1788966229967110328,,0,0,0,0,0,0,0,0,0,0,0,0,0,0,0,0,0,0,0
4691018861472,25.118917,1788966229987110593,,0,0,0,0,0,0,0,0,0,0,0,0,0,0,0,0,0,0,0
4691038809184,25.138865,1788966230007110305,,0,0,0,0,0,0,0,0,0,0,0,0,0,0,0,0,0,0,0
4691058814592,25.15887,1788966230027110553,,0,0,0,0,0,0,0,0,0,0,0,0,0,0,0,0,0,0,0
4691078845056,25.178901,1788966230047110732,,0,0,0,0,0,0,0,0,0,0,0,0,0,0,0,0,0,0,0
4691098789920,25.198846,1788966230067110423,,0,0,0,0,0,0,0,0,0,0,0,0,0,0,0,0,0,0,0
4691118838496,25.218894,1788966230087110479,,0,0,0,0,0,0,0,0,0,0,0,0,0,0,0,0,0,0,0
4691138821504,25.238877,1788966230107110048,,0,0,0,0,0,0,0,0,0,0,0,0,0,0,0,0,0,0,0
4691158917984,25.258974,1788966230127110289,,0,0,0,0,0,0,0,0,0,0,0,0,0,0,0,0,0,0,0
4691178834624,25.27889,1788966230147111423,,0,0,0,0,0,0,0,0,0,0,0,0,0,0,0,0,0,0,0
4691198834112,25.29889,1788966230167110124,,0,0,0,0,0,0,0,0,0,0,0,0,0,0,0,0,0,0,0
4691218889664,25.318946,1788966230187110128,,0,0,0,0,0,0,0,0,0,0,0,0,0,0,0,0,0,0,0
4691238851872,25.338908,1788966230207110555,,0,0,0,0,0,0,0,0,0,0,0,0,0,0,0,0,0,0,0
4691259058336,25.359114,1788966230227111011,,0,0,0,0,0,0,0,0,0,0,0,0,0,0,0,0,0,0,0
4691278866240,25.378922,1788966230247110326,,0,0,0,0,0,0,0,0,0,0,0,0,0,0,0,0,0,0,0
4691298795648,25.398852,1788966230267110616,,0,0,0,0,0,0,0,0,0,0,0,0,0,0,0,0,0,0,0
4691318847680,25.418904,1788966230287110097,,0,0,0,0,0,0,0,0,0,0,0,0,0,0,0,0,0,0,0
4691338812160,25.438868,1788966230307124025,,0,0,0,0,0,0,0,0,0,0,0,0,0,0,0,0,0,0,0
4691358867200,25.458923,1788966230327110386,,0,0,0,0,0,0,0,0,0,0,0,0,0,0,0,0,0,0,0
4691378823264,25.478879,1788966230347110138,,0,0,0,0,0,0,0,0,0,0,0,0,0,0,0,0,0,0,0
4691398843648,25.4989,1788966230367110203,,0,0,0,0,0,0,0,0,0,0,0,0,0,0,0,0,0,0,0
4691418840960,25.518897,1788966230387110425,,0,0,0,0,0,0,0,0,0,0,0,0,0,0,0,0,0,0,0
4691438808832,25.538865,1788966230407110179,,0,0,0,0,0,0,0,0,0,0,0,0,0,0,0,0,0,0,0
4691458919456,25.558975,1788966230427109853,,0,0,0,0,0,0,0,0,0,0,0,0,0,0,0,0,0,0,0
4691478853376,25.578909,1788966230447110761,,0,0,0,0,0,0,0,0,0,0,0,0,0,0,0,0,0,0,0
4691498793856,25.59885,1788966230467122726,,0,0,0,0,0,0,0,0,0,0,0,0,0,0,0,0,0,0,0
4691518829920,25.618886,1788966230487110139,,0,0,0,0,0,0,0,0,0,0,0,0,0,0,0,0,0,0,0
4691538930368,25.638986,1788966230507110280,,0,0,0,0,0,0,0,0,0,0,0,0,0,0,0,0,0,0,0
4691558829408,25.658885,1788966230527110603,,0,0,0,0,0,0,0,0,0,0,0,0,0,0,0,0,0,0,0
4691578876256,25.678932,1788966230547124338,,0,0,0,0,0,0,0,0,0,0,0,0,0,0,0,0,0,0,0
4691598816224,25.698872,1788966230567110662,,0,0,0,0,0,0,0,0,0,0,0,0,0,0,0,0,0,0,0
4691618857632,25.718914,1788966230587110491,,0,0,0,0,0,0,0,0,0,0,0,0,0,0,0,0,0,0,0
4691638834336,25.73889,1788966230607110328,,0,0,0,0,0,0,0,0,0,0,0,0,0,0,0,0,0,0,0
4691658849792,25.758906,1788966230627110654,,0,0,0,0,0,0,0,0,0,0,0,0,0,0,0,0,0,0,0
4691678818336,25.778874,1788966230647111294,,0,0,0,0,0,0,0,0,0,0,0,0,0,0,0,0,0,0,0
4691698751616,25.798807,1788966230667110715,,0,0,0,0,0,0,0,0,0,0,0,0,0,0,0,0,0,0,0
4691718819040,25.818875,1788966230687110714,,0,0,0,0,0,0,0,0,0,0,0,0,0,0,0,0,0,0,0
4691738814720,25.838871,1788966230707110441,,0,0,0,0,0,0,0,0,0,0,0,0,0,0,0,0,0,0,0
4691758833280,25.858889,1788966230727110287,,0,0,0,0,0,0,0,0,0,0,0,0,0,0,0,0,0,0,0
4691778804352,25.87886,1788966230747110311,,0,0,0,0,0,0,0,0,0,0,0,0,0,0,0,0,0,0,0
4691798804064,25.89886,1788966230767110690,,0,0,0,0,0,0,0,0,0,0,0,0,0,0,0,0,0,0,0
4691818831168,25.918887,1788966230787110318,,0,0,0,0,0,0,0,0,0,0,0,0,0,0,0,0,0,0,0
4691838851648,25.938908,1788966230807110530,,0,0,0,0,0,0,0,0,0,0,0,0,0,0,0,0,0,0,0
4691858818336,25.958874,1788966230827110444,,0,0,0,0,0,0,0,0,0,0,0,0,0,0,0,0,0,0,0
4691878828480,25.978884,1788966230847113381,,0,0,0,0,0,0,0,0,0,0,0,0,0,0,0,0,0,0,0
4691898812064,25.998868,1788966230867110767,,0,0,0,0,0,0,0,0,0,0,0,0,0,0,0,0,0,0,0
4691918841440,26.018897,1788966230887110522,,0,0,0,0,0,0,0,0,0,0,0,0,0,0,0,0,0,0,0
4691938813152,26.038869,1788966230907110857,,0,0,0,0,0,0,0,0,0,0,0,0,0,0,0,0,0,0,0
4691958827552,26.058883,1788966230927110603,,0,0,0,0,0,0,0,0,0,0,0,0,0,0,0,0,0,0,0
4691978826208,26.078882,1788966230947110525,,0,0,0,0,0,0,0,0,0,0,0,0,0,0,0,0,0,0,0
4691998821376,26.098877,1788966230967109714,,0,0,0,0,0,0,0,0,0,0,0,0,0,0,0,0,0,0,0
4692018841568,26.118897,1788966230987110634,,0,0,0,0,0,0,0,0,0,0,0,0,0,0,0,0,0,0,0
4692038816448,26.138872,1788966231007110660,,0,0,0,0,0,0,0,0,0,0,0,0,0,0,0,0,0,0,0
4692058813792,26.15887,1788966231027110081,,0,0,0,0,0,0,0,0,0,0,0,0,0,0,0,0,0,0,0
4692078818048,26.178874,1788966231047110504,,0,0,0,0,0,0,0,0,0,0,0,0,0,0,0,0,0,0,0
4692098694816,26.198751,1788966231067110624,,0,0,0,0,0,0,0,0,0,0,0,0,0,0,0,0,0,0,0
4692118835008,26.218891,1788966231087110479,,0,0,0,0,0,0,0,0,0,0,0,0,0,0,0,0,0,0,0
4692138829536,26.238885,1788966231107110650,,0,0,0,0,0,0,0,0,0,0,0,0,0,0,0,0,0,0,0
4692158833472,26.258889,1788966231127110814,,0,0,0,0,0,0,0,0,0,0,0,0,0,0,0,0,0,0,0
4692178806976,26.278863,1788966231147126830,,0,0,0,0,0,0,0,0,0,0,0,0,0,0,0,0,0,0,0
4692198826816,26.298883,1788966231167127541,,0,0,0,0,0,0,0,0,0,0,0,0,0,0,0,0,0,0,0
4692218867232,26.318923,1788966231187116342,,0,0,0,0,0,0,0,0,0,0,0,0,0,0,0,0,0,0,0
4692238818240,26.338874,1788966231207116572,,0,0,0,0,0,0,0,0,0,0,0,0,0,0,0,0,0,0,0
4692258922656,26.358979,1788966231227126183,,0,0,0,0,0,0,0,0,0,0,0,0,0,0,0,0,0,0,0
4692278844640,26.378901,1788966231247111342,,0,0,0,0,0,0,0,0,0,0,0,0,0,0,0,0,0,0,0
4692298732864,26.398789,1788966231267110488,,0,0,0,0,0,0,0,0,0,0,0,0,0,0,0,0,0,0,0
4692318805440,26.418861,1788966231287110308,,0,0,0,0,0,0,0,0,0,0,0,0,0,0,0,0,0,0,0
4692338810336,26.438866,1788966231307110288,,0,0,0,0,0,0,0,0,0,0,0,0,0,0,0,0,0,0,0
4692358856192,26.458912,1788966231327110736,,0,0,0,0,0,0,0,0,0,0,0,0,0,0,0,0,0,0,0
4692378793536,26.478849,1788966231347110547,,0,0,0,0,0,0,0,0,0,0,0,0,0,0,0,0,0,0,0
4692398833440,26.498889,1788966231367110666,,0,0,0,0,0,0,0,0,0,0,0,0,0,0,0,0,0,0,0
4692418855552,26.518911,1788966231387110591,,0,0,0,0,0,0,0,0,0,0,0,0,0,0,0,0,0,0,0
4692438809440,26.538865,1788966231407109999,,0,0,0,0,0,0,0,0,0,0,0,0,0,0,0,0,0,0,0
4692458898560,26.558954,1788966231427110183,,0,0,0,0,0,0,0,0,0,0,0,0,0,0,0,0,0,0,0
4692478856384,26.578912,1788966231447109825,,0,0,0,0,0,0,0,0,0,0,0,0,0,0,0,0,0,0,0
4692498756416,26.598812,1788966231467109972,,0,0,0,0,0,0,0,0,0,0,0,0,0,0,0,0,0,0,0
4692518787392,26.618843,1788966231487110011,,0,0,0,0,0,0,0,0,0,0,0,0,0,0,0,0,0,0,0
4692538782496,26.638838,1788966231507110399,,0,0,0,0,0,0,0,0,0,0,0,0,0,0,0,0,0,0,0
4692558807712,26.658864,1788966231527110657,,0,0,0,0,0,0,0,0,0,0,0,0,0,0,0,0,0,0,0
4692578804192,26.67886,1788966231547109993,,0,0,0,0,0,0,0,0,0,0,0,0,0,0,0,0,0,0,0
4692598803392,26.698859,1788966231567110220,,0,0,0,0,0,0,0,0,0,0,0,0,0,0,0,0,0,0,0
4692618780640,26.718837,1788966231587110119,,0,0,0,0,0,0,0,0,0,0,0,0,0,0,0,0,0,0,0
4692638764192,26.73882,1788966231607110495,,0,0,0,0,0,0,0,0,0,0,0,0,0,0,0,0,0,0,0
4692658841824,26.758898,1788966231627110088,,0,0,0,0,0,0,0,0,0,0,0,0,0,0,0,0,0,0,0
4692678798816,26.778855,1788966231647111151,,0,0,0,0,0,0,0,0,0,0,0,0,0,0,0,0,0,0,0
4692698661472,26.798717,1788966231667110392,,0,0,0,0,0,0,0,0,0,0,0,0,0,0,0,0,0,0,0
4692718799232,26.818855,1788966231687110200,,0,0,0,0,0,0,0,0,0,0,0,0,0,0,0,0,0,0,0
4692738784192,26.83884,1788966231707110292,,0,0,0,0,0,0,0,0,0,0,0,0,0,0,0,0,0,0,0
4692758836512,26.858892,1788966231727110171,,0,0,0,0,0,0,0,0,0,0,0,0,0,0,0,0,0,0,0
4692778814272,26.87887,1788966231747110584,,0,0,0,0,0,0,0,0,0,0,0,0,0,0,0,0,0,0,0
4692798785056,26.898841,1788966231767110884,,0,0,0,0,0,0,0,0,0,0,0,0,0,0,0,0,0,0,0
4692818837376,26.918893,1788966231787110276,,0,0,0,0,0,0,0,0,0,0,0,0,0,0,0,0,0,0,0
4692838789248,26.938845,1788966231807110569,,0,0,0,0,0,0,0,0,0,0,0,0,0,0,0,0,0,0,0
4692858817216,26.958873,1788966231827110573,,0,0,0,0,0,0,0,0,0,0,0,0,0,0,0,0,0,0,0
4692878792256,26.978848,1788966231847110260,,0,0,0,0,0,0,0,0,0,0,0,0,0,0,0,0,0,0,0
4692898726016,26.998782,1788966231867110401,,0,0,0,0,0,0,0,0,0,0,0,0,0,0,0,0,0,0,0
4692918777280,27.018833,1788966231887110710,,0,0,0,0,0,0,0,0,0,0,0,0,0,0,0,0,0,0,0
4692938797312,27.038853,1788966231907110484,,0,0,0,0,0,0,0,0,0,0,0,0,0,0,0,0,0,0,0
4692958879904,27.058936,1788966231927124353,,0,0,0,0,0,0,0,0,0,0,0,0,0,0,0,0,0,0,0
4692978786880,27.078843,1788966231947111100,,0,0,0,0,0,0,0,0,0,0,0,0,0,0,0,0,0,0,0
4692998813824,27.09887,1788966231967110936,,0,0,0,0,0,0,0,0,0,0,0,0,0,0,0,0,0,0,0
4693018787904,27.118844,1788966231987110620,,0,0,0,0,0,0,0,0,0,0,0,0,0,0,0,0,0,0,0
4693038764192,27.13882,1788966232007110252,,0,0,0,0,0,0,0,0,0,0,0,0,0,0,0,0,0,0,0
4693058841472,27.158897,1788966232027110223,,0,0,0,0,0,0,0,0,0,0,0,0,0,0,0,0,0,0,0
4693078783360,27.178839,1788966232047110768,,0,0,0,0,0,0,0,0,0,0,0,0,0,0,0,0,0,0,0
4693098652128,27.198708,1788966232067110511,,0,0,0,0,0,0,0,0,0,0,0,0,0,0,0,0,0,0,0
4693118798080,27.218854,1788966232087110212,,0,0,0,0,0,0,0,0,0,0,0,0,0,0,0,0,0,0,0
4693138760544,27.238816,1788966232107110514,,0,0,0,0,0,0,0,0,0,0,0,0,0,0,0,0,0,0,0
4693158802944,27.258859,1788966232127110504,,0,0,0,0,0,0,0,0,0,0,0,0,0,0,0,0,0,0,0
4693178771264,27.278827,1788966232147111194,,0,0,0,0,0,0,0,0,0,0,0,0,0,0,0,0,0,0,0
4693198785728,27.298842,1788966232167110516,,0,0,0,0,0,0,0,0,0,0,0,0,0,0,0,0,0,0,0
4693218777216,27.318833,1788966232187110555,,0,0,0,0,0,0,0,0,0,0,0,0,0,0,0,0,0,0,0
4693238796384,27.338852,1788966232207110678,,0,0,0,0,0,0,0,0,0,0,0,0,0,0,0,0,0,0,0
4693258836160,27.358892,1788966232227110374,,0,0,0,0,0,0,0,0,0,0,0,0,0,0,0,0,0,0,0
4693278789056,27.378845,1788966232247110767,,0,0,0,0,0,0,0,0,0,0,0,0,0,0,0,0,0,0,0
4693298699712,27.398756,1788966232267110310,,0,0,0,0,0,0,0,0,0,0,0,0,0,0,0,0,0,0,0
4693318752480,27.418808,1788966232287110113,,0,0,0,0,0,0,0,0,0,0,0,0,0,0,0,0,0,0,0
4693338810208,27.438866,1788966232307110641,,0,0,0,0,0,0,0,0,0,0,0,0,0,0,0,0,0,0,0
4693358803264,27.458859,1788966232327110397,,0,0,0,0,0,0,0,0,0,0,0,0,0,0,0,0,0,0,0
4693378815776,27.478872,1788966232347110826,,0,0,0,0,0,0,0,0,0,0,0,0,0,0,0,0,0,0,0
4693398790496,27.498846,1788966232367110364,,0,0,0,0,0,0,0,0,0,0,0,0,0,0,0,0,0,0,0
4693418766496,27.518822,1788966232387110801,,0,0,0,0,0,0,0,0,0,0,0,0,0,0,0,0,0,0,0
4693438736384,27.538792,1788966232407110527,,0,0,0,0,0,0,0,0,0,0,0,0,0,0,0,0,0,0,0
4693458808704,27.558865,1788966232427110148,,0,0,0,0,0,0,0,0,0,0,0,0,0,0,0,0,0,0,0
4693478752032,27.578808,1788966232447110061,,0,0,0,0,0,0,0,0,0,0,0,0,0,0,0,0,0,0,0
4693498623456,27.598679,1788966232467110576,,0,0,0,0,0,0,0,0,0,0,0,0,0,0,0,0,0,0,0
4693518779552,27.618835,1788966232487110475,,0,0,0,0,0,0,0,0,0,0,0,0,0,0,0,0,0,0,0
4693538748992,27.638805,1788966232507110169,,0,0,0,0,0,0,0,0,0,0,0,0,0,0,0,0,0,0,0
4693558806944,27.658863,1788966232527109895,,0,0,0,0,0,0,0,0,0,0,0,0,0,0,0,0,0,0,0
4693578753824,27.67881,1788966232547110231,,0,0,0,0,0,0,0,0,0,0,0,0,0,0,0,0,0,0,0
4693598724192,27.69878,1788966232567110141,,0,0,0,0,0,0,0,0,0,0,0,0,0,0,0,0,0,0,0
4693618781472,27.718837,1788966232587113144,,0,0,0,0,0,0,0,0,0,0,0,0,0,0,0,0,0,0,0
4693638738752,27.738795,1788966232607110729,,0,0,0,0,0,0,0,0,0,0,0,0,0,0,0,0,0,0,0
4693658831392,27.758887,1788966232627110911,,0,0,0,0,0,0,0,0,0,0,0,0,0,0,0,0,0,0,0
4693678772320,27.778828,1788966232647111988,,0,0,0,0,0,0,0,0,0,0,0,0,0,0,0,0,0,0,0
4693698617632,27.798674,1788966232667110873,,0,0,0,0,0,0,0,0,0,0,0,0,0,0,0,0,0,0,0
4693718788544,27.818844,1788966232687110716,,0,0,0,0,0,0,0,0,0,0,0,0,0,0,0,0,0,0,0
4693738780608,27.838836,1788966232707110285,,0,0,0,0,0,0,0,0,0,0,0,0,0,0,0,0,0,0,0
4693758913568,27.858969,1788966232727110493,,0,0,0,0,0,0,0,0,0,0,0,0,0,0,0,0,0,0,0
4693778757504,27.878813,1788966232747110317,,0,0,0,0,0,0,0,0,0,0,0,0,0,0,0,0,0,0,0
4693798775968,27.898832,1788966232767110810,,0,0,0,0,0,0,0,0,0,0,0,0,0,0,0,0,0,0,0
4693818737120,27.918793,1788966232787114332,,0,0,0,0,0,0,0,0,0,0,0,0,0,0,0,0,0,0,0
4693838731360,27.938787,1788966232807110947,,0,0,0,0,0,0,0,0,0,0,0,0,0,0,0,0,0,0,0
4693858808320,27.958864,1788966232827110638,,0,0,0,0,0,0,0,0,0,0,0,0,0,0,0,0,0,0,0
4693878770304,27.978826,1788966232847110287,,0,0,0,0,0,0,0,0,0,0,0,0,0,0,0,0,0,0,0
4693898648160,27.998704,1788966232867110636,,0,0,0,0,0,0,0,0,0,0,0,0,0,0,0,0,0,0,0
4693918741344,28.018797,1788966232887110863,,0,0,0,0,0,0,0,0,0,0,0,0,0,0,0,0,0,0,0
4693938721536,28.038777,1788966232907110841,,0,0,0,0,0,0,0,0,0,0,0,0,0,0,0,0,0,0,0
4693958785024,28.058841,1788966232927124544,,0,0,0,0,0,0,0,0,0,0,0,0,0,0,0,0,0,0,0
4693978797184,28.078853,1788966232947110531,,0,0,0,0,0,0,0,0,0,0,0,0,0,0,0,0,0,0,0
4693998732032,28.098788,1788966232967110809,,0,0,0,0,0,0,0,0,0,0,0,0,0,0,0,0,0,0,0
4694018718944,28.118775,1788966232987110375,,0,0,0,0,0,0,0,0,0,0,0,0,0,0,0,0,0,0,0
4694038734400,28.13879,1788966233007110600,,0,0,0,0,0,0,0,0,0,0,0,0,0,0,0,0,0,0,0
4694058835712,28.158892,1788966233027110710,,0,0,0,0,0,0,0,0,0,0,0,0,0,0,0,0,0,0,0
4694078705152,28.178761,1788966233047110436,,0,0,0,0,0,0,0,0,0,0,0,0,0,0,0,0,0,0,0
4694098680288,28.198736,1788966233067111272,,0,0,0,0,0,0,0,0,0,0,0,0,0,0,0,0,0,0,0
4694118706144,28.218762,1788966233087110314,,0,0,0,0,0,0,0,0,0,0,0,0,0,0,0,0,0,0,0
4694138698944,28.238755,1788966233107111073,,0,0,0,0,0,0,0,0,0,0,0,0,0,0,0,0,0,0,0
4694158784192,28.25884,1788966233127110407,,0,0,0,0,0,0,0,0,0,0,0,0,0,0,0,0,0,0,0
4694178726976,28.278783,1788966233147110912,,0,0,0,0,0,0,0,0,0,0,0,0,0,0,0,0,0,0,0
4694198764448,28.29882,1788966233167110394,,0,0,0,0,0,0,0,0,0,0,0,0,0,0,0,0,0,0,0
4694218722592,28.318778,1788966233187110715,,0,0,0,0,0,0,0,0,0,0,0,0,0,0,0,0,0,0,0
4694238714400,28.33877,1788966233207110456,,0,0,0,0,0,0,0,0,0,0,0,0,0,0,0,0,0,0,0
4694258799584,28.358855,1788966233227110790,,0,0,0,0,0,0,0,0,0,0,0,0,0,0,0,0,0,0,0
4694278720192,28.378776,1788966233247110528,,0,0,0,0,0,0,0,0,0,0,0,0,0,0,0,0,0,0,0
4694298604544,28.39866,1788966233267110569,,0,0,0,0,0,0,0,0,0,0,0,0,0,0,0,0,0,0,0
4694318733408,28.418789,1788966233287111316,,0,0,0,0,0,0,0,0,0,0,0,0,0,0,0,0,0,0,0
4694338715680,28.438772,1788966233307110515,,0,0,0,0,0,0,0,0,0,0,0,0,0,0,0,0,0,0,0
4694358857728,28.458914,1788966233327110826,,0,0,0,0,0,0,0,0,0,0,0,0,0,0,0,0,0,0,0
4694378728032,28.478784,1788966233347110290,,0,0,0,0,0,0,0,0,0,0,0,0,0,0,0,0,0,0,0
4694398719168,28.498775,1788966233367110381,,0,0,0,0,0,0,0,0,0,0,0,0,0,0,0,0,0,0,0
4694418706144,28.518762,1788966233387110078,,0,0,0,0,0,0,0,0,0,0,0,0,0,0,0,0,0,0,0
4694438729344,28.538785,1788966233407110297,,0,0,0,0,0,0,0,0,0,0,0,0,0,0,0,0,0,0,0
4694458868128,28.558924,1788966233427110624,,0,0,0,0,0,0,0,0,0,0,0,0,0,0,0,0,0,0,0
4694478702336,28.578758,1788966233447110276,,0,0,0,0,0,0,0,0,0,0,0,0,0,0,0,0,0,0,0
4694498605376,28.598661,1788966233467110686,,0,0,0,0,0,0,0,0,0,0,0,0,0,0,0,0,0,0,0
4694518704416,28.61876,1788966233487110865,,0,0,0,0,0,0,0,0,0,0,0,0,0,0,0,0,0,0,0
4694538683808,28.63874,1788966233507110602,,0,0,0,0,0,0,0,0,0,0,0,0,0,0,0,0,0,0,0
4694558724480,28.65878,1788966233527110253,,0,0,0,0,0,0,0,0,0,0,0,0,0,0,0,0,0,0,0
4694578731456,28.678787,1788966233547109932,,0,0,0,0,0,0,0,0,0,0,0,0,0,0,0,0,0,0,0
4694598683200,28.698739,1788966233567110370,,0,0,0,0,0,0,0,0,0,0,0,0,0,0,0,0,0,0,0
4694618710368,28.718766,1788966233587110360,,0,0,0,0,0,0,0,0,0,0,0,0,0,0,0,0,0,0,0
4694638699616,28.738755,1788966233607110048,,0,0,0,0,0,0,0,0,0,0,0,0,0,0,0,0,0,0,0
4694658694464,28.75875,1788966233627110001,,0,0,0,0,0,0,0,0,0,0,0,0,0,0,0,0,0,0,0
4694678695072,28.778751,1788966233647116672,,0,0,0,0,0,0,0,0,0,0,0,0,0,0,0,0,0,0,0
4694698691904,28.798748,1788966233667113341,,0,0,0,0,0,0,0,0,0,0,0,0,0,0,0,0,0,0,0
4694718755072,28.818811,1788966233687112342,,0,0,0,0,0,0,0,0,0,0,0,0,0,0,0,0,0,0,0
4694738693472,28.838749,1788966233707110273,,0,0,0,0,0,0,0,0,0,0,0,0,0,0,0,0,0,0,0
4694758670976,28.858727,1788966233727110417,,0,0,0,0,0,0,0,0,0,0,0,0,0,0,0,0,0,0,0
4694778727136,28.878783,1788966233747110437,,0,0,0,0,0,0,0,0,0,0,0,0,0,0,0,0,0,0,0
4694798706336,28.898762,1788966233767110415,,0,0,0,0,0,0,0,0,0,0,0,0,0,0,0,0,0,0,0
4694818669664,28.918726,1788966233787110806,,0,0,0,0,0,0,0,0,0,0,0,0,0,0,0,0,0,0,0
4694838699296,28.938755,1788966233807110026,,0,0,0,0,0,0,0,0,0,0,0,0,0,0,0,0,0,0,0
4694858698784,28.958755,1788966233827113928,,0,0,0,0,0,0,0,0,0,0,0,0,0,0,0,0,0,0,0
4694878952032,28.979008,1788966233847110888,,0,0,0,0,0,0,0,0,0,0,0,0,0,0,0,0,0,0,0
4694898706656,28.998763,1788966233867110505,,0,0,0,0,0,0,0,0,0,0,0,0,0,0,0,0,0,0,0
4694918677088,29.018733,1788966233887111307,,0,0,0,0,0,0,0,0,0,0,0,0,0,0,0,0,0,0,0
4694938665248,29.038721,1788966233907110379,,0,0,0,0,0,0,0,0,0,0,0,0,0,0,0,0,0,0,0
4694958697856,29.058754,1788966233927110119,,0,0,0,0,0,0,0,0,0,0,0,0,0,0,0,0,0,0,0
4694978674656,29.078731,1788966233947110573,,0,0,0,0,0,0,0,0,0,0,0,0,0,0,0,0,0,0,0
4694998660064,29.098716,1788966233967111209,,0,0,0,0,0,0,0,0,0,0,0,0,0,0,0,0,0,0,0
4695018670784,29.118727,1788966233987110610,,0,0,0,0,0,0,0,0,0,0,0,0,0,0,0,0,0,0,0
4695038677248,29.138733,1788966234007110058,,0,0,0,0,0,0,0,0,0,0,0,0,0,0,0,0,0,0,0
4695058682304,29.158738,1788966234027110325,,0,0,0,0,0,0,0,0,0,0,0,0,0,0,0,0,0,0,0
4695078790560,29.178846,1788966234047110221,,0,0,0,0,0,0,0,0,0,0,0,0,0,0,0,0,0,0,0
4695098547392,29.198603,1788966234067110662,,0,0,0,0,0,0,0,0,0,0,0,0,0,0,0,0,0,0,0
4695118691328,29.218747,1788966234087110698,,0,0,0,0,0,0,0,0,0,0,0,0,0,0,0,0,0,0,0
4695138687136,29.238743,1788966234107110599,,0,0,0,0,0,0,0,0,0,0,0,0,0,0,0,0,0,0,0
4695158676832,29.258733,1788966234127110560,,0,0,0,0,0,0,0,0,0,0,0,0,0,0,0,0,0,0,0
4695178736128,29.278792,1788966234147111149,,0,0,0,0,0,0,0,0,0,0,0,0,0,0,0,0,0,0,0
4695198658272,29.298714,1788966234167110417,,0,0,0,0,0,0,0,0,0,0,0,0,0,0,0,0,0,0,0
4695218657376,29.318713,1788966234187110365,,0,0,0,0,0,0,0,0,0,0,0,0,0,0,0,0,0,0,0
4695238684128,29.33874,1788966234207110234,,0,0,0,0,0,0,0,0,0,0,0,0,0,0,0,0,0,0,0
4695258666528,29.358722,1788966234227110711,,0,0,0,0,0,0,0,0,0,0,0,0,0,0,0,0,0,0,0
4695278674784,29.378731,1788966234247110119,,0,0,0,0,0,0,0,0,0,0,0,0,0,0,0,0,0,0,0
4695298579584,29.398635,1788966234267110645,,0,0,0,0,0,0,0,0,0,0,0,0,0,0,0,0,0,0,0
4695318666112,29.418722,1788966234287110373,,0,0,0,0,0,0,0,0,0,0,0,0,0,0,0,0,0,0,0
4695338639456,29.438695,1788966234307111169,,0,0,0,0,0,0,0,0,0,0,0,0,0,0,0,0,0,0,0
4695358673664,29.45873,1788966234327110813,,0,0,0,0,0,0,0,0,0,0,0,0,0,0,0,0,0,0,0
4695378933120,29.478989,1788966234347110485,,0,0,0,0,0,0,0,0,0,0,0,0,0,0,0,0,0,0,0
4695398672544,29.498728,1788966234367110210,,0,0,0,0,0,0,0,0,0,0,0,0,0,0,0,0,0,0,0
4695418682400,29.518738,1788966234387110689,,0,0,0,0,0,0,0,0,0,0,0,0,0,0,0,0,0,0,0
4695438665632,29.538722,1788966234407110663,,0,0,0,0,0,0,0,0,0,0,0,0,0,0,0,0,0,0,0
4695458659616,29.558715,1788966234427110702,,0,0,0,0,0,0,0,0,0,0,0,0,0,0,0,0,0,0,0
4695478718528,29.578774,1788966234447110675,,0,0,0,0,0,0,0,0,0,0,0,0,0,0,0,0,0,0,0
4695498605824,29.598662,1788966234467110658,,0,0,0,0,0,0,0,0,0,0,0,0,0,0,0,0,0,0,0
4695518640608,29.618696,1788966234487110179,,0,0,0,0,0,0,0,0,0,0,0,0,0,0,0,0,0,0,0
4695538649504,29.638705,1788966234507110172,,0,0,0,0,0,0,0,0,0,0,0,0,0,0,0,0,0,0,0
4695558675040,29.658731,1788966234527110515,,0,0,0,0,0,0,0,0,0,0,0,0,0,0,0,0,0,0,0
4695578634368,29.67869,1788966234547110779,,0,0,0,0,0,0,0,0,0,0,0,0,0,0,0,0,0,0,0
4695598666048,29.698722,1788966234567110330,,0,0,0,0,0,0,0,0,0,0,0,0,0,0,0,0,0,0,0
4695618557088,29.718613,1788966234587109863,,0,0,0,0,0,0,0,0,0,0,0,0,0,0,0,0,0,0,0
4695638655808,29.738712,1788966234607110448,,0,0,0,0,0,0,0,0,0,0,0,0,0,0,0,0,0,0,0
4695658716416,29.758772,1788966234627110127,,0,0,0,0,0,0,0,0,0,0,0,0,0,0,0,0,0,0,0
4695678666944,29.778723,1788966234647111270,,0,0,0,0,0,0,0,0,0,0,0,0,0,0,0,0,0,0,0
4695698600608,29.798656,1788966234667110358,,0,0,0,0,0,0,0,0,0,0,0,0,0,0,0,0,0,0,0
4695718668448,29.818724,1788966234687110548,,0,0,0,0,0,0,0,0,0,0,0,0,0,0,0,0,0,0,0
4695738649824,29.838706,1788966234707109737,,0,0,0,0,0,0,0,0,0,0,0,0,0,0,0,0,0,0,0
4695758662272,29.858718,1788966234727117938,,0,0,0,0,0,0,0,0,0,0,0,0,0,0,0,0,0,0,0
4695778699680,29.878756,1788966234747110326,,0,0,0,0,0,0,0,0,0,0,0,0,0,0,0,0,0,0,0
4695798650976,29.898707,1788966234767112602,,0,0,0,0,0,0,0,0,0,0,0,0,0,0,0,0,0,0,0
4695818651232,29.918707,1788966234787110775,,0,0,0,0,0,0,0,0,0,0,0,0,0,0,0,0,0,0,0
4695838646400,29.938702,1788966234807110338,,0,0,0,0,0,0,0,0,0,0,0,0,0,0,0,0,0,0,0
4695858616352,29.958672,1788966234827110444,,0,0,0,0,0,0,0,0,0,0,0,0,0,0,0,0,0,0,0
4695878668736,29.978725,1788966234847110932,,0,0,0,0,0,0,0,0,0,0,0,0,0,0,0,0,0,0,0
4695898553376,29.998609,1788966234867111090,,0,0,0,0,0,0,0,0,0,0,0,0,0,0,0,0,0,0,0
4695918613664,30.01867,1788966234887110405,,0,0,0,0,0,0,0,0,0,0,0,0,0,0,0,0,0,0,0
4695938635392,30.038691,1788966234907110623,,0,0,0,0,0,0,0,0,0,0,0,0,0,0,0,0,0,0,0
4695958613280,30.058669,1788966234927110757,,0,0,0,0,0,0,0,0,0,0,0,0,0,0,0,0,0,0,0
4695978698848,30.078755,1788966234947110492,,0,0,0,0,0,0,0,0,0,0,0,0,0,0,0,0,0,0,0
4695998629632,30.098686,1788966234967110735,,0,0,0,0,0,0,0,0,0,0,0,0,0,0,0,0,0,0,0
4696018630208,30.118686,1788966234987110773,,0,0,0,0,0,0,0,0,0,0,0,0,0,0,0,0,0,0,0
4696038609056,30.138665,1788966235007110581,,0,0,0,0,0,0,0,0,0,0,0,0,0,0,0,0,0,0,0
4696058664608,30.15872,1788966235027110631,,0,0,0,0,0,0,0,0,0,0,0,0,0,0,0,0,0,0,0
4696078649504,30.178705,1788966235047110787,,0,0,0,0,0,0,0,0,0,0,0,0,0,0,0,0,0,0,0
4696098533792,30.19859,1788966235067111049,,0,0,0,0,0,0,0,0,0,0,0,0,0,0,0,0,0,0,0
4696118656512,30.218712,1788966235087110825,,0,0,0,0,0,0,0,0,0,0,0,0,0,0,0,0,0,0,0
4696138634208,30.23869,1788966235107110499,,0,0,0,0,0,0,0,0,0,0,0,0,0,0,0,0,0,0,0
4696158673760,30.25873,1788966235127110334,,0,0,0,0,0,0,0,0,0,0,0,0,0,0,0,0,0,0,0
4696178654880,30.278711,1788966235147111705,,0,0,0,0,0,0,0,0,0,0,0,0,0,0,0,0,0,0,0
4696198617440,30.298673,1788966235167110650,,0,0,0,0,0,0,0,0,0,0,0,0,0,0,0,0,0,0,0
4696218643584,30.318699,1788966235187111457,,0,0,0,0,0,0,0,0,0,0,0,0,0,0,0,0,0,0,0
4696238626112,30.338682,1788966235207110739,,0,0,0,0,0,0,0,0,0,0,0,0,0,0,0,0,0,0,0
4696258687360,30.358743,1788966235227110748,,0,0,0,0,0,0,0,0,0,0,0,0,0,0,0,0,0,0,0
4696278656512,30.378712,1788966235247110995,,0,0,0,0,0,0,0,0,0,0,0,0,0,0,0,0,0,0,0
4696298554784,30.398611,1788966235267110405,,0,0,0,0,0,0,0,0,0,0,0,0,0,0,0,0,0,0,0
4696318614080,30.41867,1788966235287110595,,0,0,0,0,0,0,0,0,0,0,0,0,0,0,0,0,0,0,0
4696338783232,30.438839,1788966235307110805,,0,0,0,0,0,0,0,0,0,0,0,0,0,0,0,0,0,0,0
4696358640288,30.458696,1788966235327110297,,0,0,0,0,0,0,0,0,0,0,0,0,0,0,0,0,0,0,0
4696378731584,30.478787,1788966235347110459,,0,0,0,0,0,0,0,0,0,0,0,0,0,0,0,0,0,0,0
4696398642496,30.498698,1788966235367110775,,0,0,0,0,0,0,0,0,0,0,0,0,0,0,0,0,0,0,0
4696418665888,30.518722,1788966235387110770,,0,0,0,0,0,0,0,0,0,0,0,0,0,0,0,0,0,0,0
4696438605920,30.538662,1788966235407110624,,0,0,0,0,0,0,0,0,0,0,0,0,0,0,0,0,0,0,0
4696458675520,30.558731,1788966235427110688,,0,0,0,0,0,0,0,0,0,0,0,0,0,0,0,0,0,0,0
4696478627328,30.578683,1788966235447110586,,0,0,0,0,0,0,0,0,0,0,0,0,0,0,0,0,0,0,0
4696498574816,30.598631,1788966235467111053,,0,0,0,0,0,0,0,0,0,0,0,0,0,0,0,0,0,0,0
4696518619712,30.618676,1788966235487110024,,0,0,0,0,0,0,0,0,0,0,0,0,0,0,0,0,0,0,0
4696538621472,30.638677,1788966235507110615,,0,0,0,0,0,0,0,0,0,0,0,0,0,0,0,0,0,0,0
4696558588544,30.658644,1788966235527110320,,0,0,0,0,0,0,0,0,0,0,0,0,0,0,0,0,0,0,0
4696578674080,30.67873,1788966235547110032,,0,0,0,0,0,0,0,0,0,0,0,0,0,0,0,0,0,0,0
4696598603648,30.69866,1788966235567110776,,0,0,0,0,0,0,0,0,0,0,0,0,0,0,0,0,0,0,0
4696618600832,30.718657,1788966235587110084,,0,0,0,0,0,0,0,0,0,0,0,0,0,0,0,0,0,0,0
4696638613120,30.738669,1788966235607110290,,0,0,0,0,0,0,0,0,0,0,0,0,0,0,0,0,0,0,0
4696658617856,30.758674,1788966235627110509,,0,0,0,0,0,0,0,0,0,0,0,0,0,0,0,0,0,0,0
4696678836320,30.778892,1788966235647110850,,0,0,0,0,0,0,0,0,0,0,0,0,0,0,0,0,0,0,0
4696698499040,30.798555,1788966235667110304,,0,0,0,0,0,0,0,0,0,0,0,0,0,0,0,0,0,0,0
4696718601600,30.818657,1788966235687110679,,0,0,0,0,0,0,0,0,0,0,0,0,0,0,0,0,0,0,0
4696738624832,30.838681,1788966235707110320,,0,0,0,0,0,0,0,0,0,0,0,0,0,0,0,0,0,0,0
4696758630208,30.858686,1788966235727110139,,0,0,0,0,0,0,0,0,0,0,0,0,0,0,0,0,0,0,0
4696778610720,30.878667,1788966235747110517,,0,0,0,0,0,0,0,0,0,0,0,0,0,0,0,0,0,0,0
4696798613952,30.89867,1788966235767110562,,0,0,0,0,0,0,0,0,0,0,0,0,0,0,0,0,0,0,0
4696818613312,30.918669,1788966235787110089,,0,0,0,0,0,0,0,0,0,0,0,0,0,0,0,0,0,0,0
4696838675808,30.938732,1788966235807116960,,0,0,0,0,0,0,0,0,0,0,0,0,0,0,0,0,0,0,0
4696858616064,30.958672,1788966235827113294,,0,0,0,0,0,0,0,0,0,0,0,0,0,0,0,0,0,0,0
4696878634688,30.978691,1788966235847111063,,0,0,0,0,0,0,0,0,0,0,0,0,0,0,0,0,0,0,0
4696898541888,30.998598,1788966235867110501,,0,0,0,0,0,0,0,0,0,0,0,0,0,0,0,0,0,0,0
4696918608384,31.018664,1788966235887110535,,0,0,0,0,0,0,0,0,0,0,0,0,0,0,0,0,0,0,0
4696938604448,31.03866,1788966235907111336,,0,0,0,0,0,0,0,0,0,0,0,0,0,0,0,0,0,0,0
4696958583712,31.05864,1788966235927110595,,0,0,0,0,0,0,0,0,0,0,0,0,0,0,0,0,0,0,0
4696978643104,31.078699,1788966235947110549,,0,0,0,0,0,0,0,0,0,0,0,0,0,0,0,0,0,0,0
4696998605888,31.098662,1788966235967110527,,0,0,0,0,0,0,0,0,0,0,0,0,0,0,0,0,0,0,0
4697018577120,31.118633,1788966235987110859,,0,0,0,0,0,0,0,0,0,0,0,0,0,0,0,0,0,0,0
4697038588672,31.138645,1788966236007114424,,0,0,0,0,0,0,0,0,0,0,0,0,0,0,0,0,0,0,0
4697058603008,31.158659,1788966236027110696,,0,0,0,0,0,0,0,0,0,0,0,0,0,0,0,0,0,0,0
4697078663072,31.178719,1788966236047110804,,0,0,0,0,0,0,0,0,0,0,0,0,0,0,0,0,0,0,0
4697098486016,31.198542,1788966236067110444,,0,0,0,0,0,0,0,0,0,0,0,0,0,0,0,0,0,0,0
4697118575264,31.218631,1788966236087111428,,0,0,0,0,0,0,0,0,0,0,0,0,0,0,0,0,0,0,0
4697138620288,31.238676,1788966236107110646,,0,0,0,0,0,0,0,0,0,0,0,0,0,0,0,0,0,0,0
4697158593728,31.25865,1788966236127110328,,0,0,0,0,0,0,0,0,0,0,0,0,0,0,0,0,0,0,0
4697178620640,31.278677,1788966236147111577,,0,0,0,0,0,0,0,0,0,0,0,0,0,0,0,0,0,0,0
4697198609280,31.298665,1788966236167110848,,0,0,0,0,0,0,0,0,0,0,0,0,0,0,0,0,0,0,0
4697218592544,31.318648,1788966236187110468,,0,0,0,0,0,0,0,0,0,0,0,0,0,0,0,0,0,0,0
4697238560448,31.338616,1788966236207110478,,0,0,0,0,0,0,0,0,0,0,0,0,0,0,0,0,0,0,0
4697258598272,31.358654,1788966236227110582,,0,0,0,0,0,0,0,0,0,0,0,0,0,0,0,0,0,0,0
4697278614272,31.37867,1788966236247110513,,0,0,0,0,0,0,0,0,0,0,0,0,0,0,0,0,0,0,0
4697298508992,31.398565,1788966236267110625,,0,0,0,0,0,0,0,0,0,0,0,0,0,0,0,0,0,0,0
4697318587808,31.418644,1788966236287110550,,0,0,0,0,0,0,0,0,0,0,0,0,0,0,0,0,0,0,0
4697338610624,31.438666,1788966236307110425,,0,0,0,0,0,0,0,0,0,0,0,0,0,0,0,0,0,0,0
4697358585408,31.458641,1788966236327110595,,0,0,0,0,0,0,0,0,0,0,0,0,0,0,0,0,0,0,0
4697378592064,31.478648,1788966236347110541,,0,0,0,0,0,0,0,0,0,0,0,0,0,0,0,0,0,0,0
4697398564384,31.49862,1788966236367110774,,0,0,0,0,0,0,0,0,0,0,0,0,0,0,0,0,0,0,0
4697418573472,31.518629,1788966236387110862,,0,0,0,0,0,0,0,0,0,0,0,0,0,0,0,0,0,0,0
4697438567648,31.538624,1788966236407111145,,0,0,0,0,0,0,0,0,0,0,0,0,0,0,0,0,0,0,0
4697458563616,31.558619,1788966236427110331,,0,0,0,0,0,0,0,0,0,0,0,0,0,0,0,0,0,0,0
4697478567360,31.578623,1788966236447124303,,0,0,0,0,0,0,0,0,0,0,0,0,0,0,0,0,0,0,0
4697498435232,31.598491,1788966236467110393,,0,0,0,0,0,0,0,0,0,0,0,0,0,0,0,0,0,0,0
4697518562368,31.618618,1788966236487110860,,0,0,0,0,0,0,0,0,0,0,0,0,0,0,0,0,0,0,0
4697538556768,31.638613,1788966236507110804,,0,0,0,0,0,0,0,0,0,0,0,0,0,0,0,0,0,0,0
4697558570944,31.658627,1788966236527111461,,0,0,0,0,0,0,0,0,0,0,0,0,0,0,0,0,0,0,0
4697578646528,31.678702,1788966236547124670,,0,0,0,0,0,0,0,0,0,0,0,0,0,0,0,0,0,0,0
4697598628672,31.698685,1788966236567110429,,0,0,0,0,0,0,0,0,0,0,0,0,0,0,0,0,0,0,0
4697618560192,31.718616,1788966236587110655,,0,0,0,0,0,0,0,0,0,0,0,0,0,0,0,0,0,0,0
4697638535968,31.738592,1788966236607110708,,0,0,0,0,0,0,0,0,0,0,0,0,0,0,0,0,0,0,0
4697658585120,31.758641,1788966236627110310,,0,0,0,0,0,0,0,0,0,0,0,0,0,0,0,0,0,0,0
4697678624224,31.77868,1788966236647112106,,0,0,0,0,0,0,0,0,0,0,0,0,0,0,0,0,0,0,0
4697698447328,31.798503,1788966236667110376,,0,0,0,0,0,0,0,0,0,0,0,0,0,0,0,0,0,0,0
4697718567744,31.818624,1788966236687110916,,0,0,0,0,0,0,0,0,0,0,0,0,0,0,0,0,0,0,0
4697738568672,31.838625,1788966236707110787,,0,0,0,0,0,0,0,0,0,0,0,0,0,0,0,0,0,0,0
4697758547360,31.858603,1788966236727110254,,0,0,0,0,0,0,0,0,0,0,0,0,0,0,0,0,0,0,0
4697778604736,31.878661,1788966236747110893,,0,0,0,0,0,0,0,0,0,0,0,0,0,0,0,0,0,0,0
4697798563808,31.89862,1788966236767110332,,0,0,0,0,0,0,0,0,0,0,0,0,0,0,0,0,0,0,0
4697818547968,31.918604,1788966236787110402,,0,0,0,0,0,0,0,0,0,0,0,0,0,0,0,0,0,0,0
4697838554848,31.938611,1788966236807110731,,0,0,0,0,0,0,0,0,0,0,0,0,0,0,0,0,0,0,0
4697858554176,31.95861,1788966236827110560,,0,0,0,0,0,0,0,0,0,0,0,0,0,0,0,0,0,0,0
4697878549920,31.978606,1788966236847110557,,0,0,0,0,0,0,0,0,0,0,0,0,0,0,0,0,0,0,0
4697898556000,31.998612,1788966236867110112,,0,0,0,0,0,0,0,0,0,0,0,0,0,0,0,0,0,0,0
4697918540832,32.018597,1788966236887116437,,0,0,0,0,0,0,0,0,0,0,0,0,0,0,0,0,0,0,0
4697938542336,32.038598,1788966236907110728,,0,0,0,0,0,0,0,0,0,0,0,0,0,0,0,0,0,0,0
4697958543488,32.058599,1788966236927113058,,0,0,0,0,0,0,0,0,0,0,0,0,0,0,0,0,0,0,0
4697978545120,32.078601,1788966236947110485,,0,0,0,0,0,0,0,0,0,0,0,0,0,0,0,0,0,0,0
4697998510688,32.098567,1788966236967110457,,0,0,0,0,0,0,0,0,0,0,0,0,0,0,0,0,0,0,0
4698018555552,32.118611,1788966236987111117,,0,0,0,0,0,0,0,0,0,0,0,0,0,0,0,0,0,0,0
4698038522912,32.138579,1788966237007110790,,0,0,0,0,0,0,0,0,0,0,0,0,0,0,0,0,0,0,0
4698058573088,32.158629,1788966237027110654,,0,0,0,0,0,0,0,0,0,0,0,0,0,0,0,0,0,0,0
4698078558880,32.178615,1788966237047110870,,0,0,0,0,0,0,0,0,0,0,0,0,0,0,0,0,0,0,0
4698098465024,32.198521,1788966237067110684,,0,0,0,0,0,0,0,0,0,0,0,0,0,0,0,0,0,0,0
4698118559136,32.218615,1788966237087111168,,0,0,0,0,0,0,0,0,0,0,0,0,0,0,0,0,0,0,0
4698138559424,32.238615,1788966237107110455,,0,0,0,0,0,0,0,0,0,0,0,0,0,0,0,0,0,0,0
4698158526496,32.258582,1788966237127110757,,0,0,0,0,0,0,0,0,0,0,0,0,0,0,0,0,0,0,0
4698178590656,32.278647,1788966237147111676,,0,0,0,0,0,0,0,0,0,0,0,0,0,0,0,0,0,0,0
4698198533568,32.298589,1788966237167110679,,0,0,0,0,0,0,0,0,0,0,0,0,0,0,0,0,0,0,0
4698218601376,32.318657,1788966237187110912,,0,0,0,0,0,0,0,0,0,0,0,0,0,0,0,0,0,0,0
4698238525952,32.338582,1788966237207110696,,0,0,0,0,0,0,0,0,0,0,0,0,0,0,0,0,0,0,0
4698258560512,32.358616,1788966237227110653,,0,0,0,0,0,0,0,0,0,0,0,0,0,0,0,0,0,0,0
4698278531328,32.378587,1788966237247110460,,0,0,0,0,0,0,0,0,0,0,0,0,0,0,0,0,0,0,0
4698298518752,32.398575,1788966237267110794,,0,0,0,0,0,0,0,0,0,0,0,0,0,0,0,0,0,0,0
4698318524960,32.418581,1788966237287110829,,0,0,0,0,0,0,0,0,0,0,0,0,0,0,0,0,0,0,0
4698338553152,32.438609,1788966237307110676,,0,0,0,0,0,0,0,0,0,0,0,0,0,0,0,0,0,0,0
4698358531808,32.458588,1788966237327124955,,0,0,0,0,0,0,0,0,0,0,0,0,0,0,0,0,0,0,0
4698378561600,32.478617,1788966237347110506,,0,0,0,0,0,0,0,0,0,0,0,0,0,0,0,0,0,0,0
4698398492032,32.498548,1788966237367110723,,0,0,0,0,0,0,0,0,0,0,0,0,0,0,0,0,0,0,0
4698418533472,32.518589,1788966237387111018,,0,0,0,0,0,0,0,0,0,0,0,0,0,0,0,0,0,0,0
4698438515552,32.538571,1788966237407110897,,0,0,0,0,0,0,0,0,0,0,0,0,0,0,0,0,0,0,0
4698458507360,32.558563,1788966237427110762,,0,0,0,0,0,0,0,0,0,0,0,0,0,0,0,0,0,0,0
4698478541952,32.578598,1788966237447110361,,0,0,0,0,0,0,0,0,0,0,0,0,0,0,0,0,0,0,0
4698498388416,32.598444,1788966237467110586,,0,0,0,0,0,0,0,0,0,0,0,0,0,0,0,0,0,0,0
4698518512032,32.618568,1788966237487111266,,0,0,0,0,0,0,0,0,0,0,0,0,0,0,0,0,0,0,0
4698538515424,32.638571,1788966237507110425,,0,0,0,0,0,0,0,0,0,0,0,0,0,0,0,0,0,0,0
4698558513600,32.658569,1788966237527110846,,0,0,0,0,0,0,0,0,0,0,0,0,0,0,0,0,0,0,0
4698578572800,32.678629,1788966237547110693,,0,0,0,0,0,0,0,0,0,0,0,0,0,0,0,0,0,0,0
4698598494400,32.69855,1788966237567111216,,0,0,0,0,0,0,0,0,0,0,0,0,0,0,0,0,0,0,0
4698618535040,32.718591,1788966237587110913,,0,0,0,0,0,0,0,0,0,0,0,0,0,0,0,0,0,0,0
4698638546592,32.738602,1788966237607110984,,0,0,0,0,0,0,0,0,0,0,0,0,0,0,0,0,0,0,0
4698658531200,32.758587,1788966237627110800,,0,0,0,0,0,0,0,0,0,0,0,0,0,0,0,0,0,0,0
4698678519168,32.778575,1788966237647111385,,0,0,0,0,0,0,0,0,0,0,0,0,0,0,0,0,0,0,0
4698698432704,32.798489,1788966237667110430,,0,0,0,0,0,0,0,0,0,0,0,0,0,0,0,0,0,0,0
4698718323744,32.81838,1788966237687111108,,0,0,0,0,0,0,0,0,0,0,0,0,0,0,0,0,0,0,0
4698738486304,32.838542,1788966237707110500,,0,0,0,0,0,0,0,0,0,0,0,0,0,0,0,0,0,0,0
4698758507136,32.858563,1788966237727110954,,0,0,0,0,0,0,0,0,0,0,0,0,0,0,0,0,0,0,0
4698778495968,32.878552,1788966237747110326,,0,0,0,0,0,0,0,0,0,0,0,0,0,0,0,0,0,0,0
4698798467264,32.898523,1788966237767110761,,0,0,0,0,0,0,0,0,0,0,0,0,0,0,0,0,0,0,0
4698818500608,32.918556,1788966237787110256,,0,0,0,0,0,0,0,0,0,0,0,0,0,0,0,0,0,0,0
4698838516736,32.938573,1788966237807110495,,0,0,0,0,0,0,0,0,0,0,0,0,0,0,0,0,0,0,0
4698858474976,32.958531,1788966237827111149,,0,0,0,0,0,0,0,0,0,0,0,0,0,0,0,0,0,0,0
4698878541120,32.978597,1788966237847110410,,0,0,0,0,0,0,0,0,0,0,0,0,0,0,0,0,0,0,0
4698898372704,32.998429,1788966237867110605,,0,0,0,0,0,0,0,0,0,0,0,0,0,0,0,0,0,0,0
4698918502784,33.018559,1788966237887110351,,0,0,0,0,0,0,0,0,0,0,0,0,0,0,0,0,0,0,0
4698938494912,33.038551,1788966237907110290,,0,0,0,0,0,0,0,0,0,0,0,0,0,0,0,0,0,0,0
4698958507904,33.058564,1788966237927124138,,0,0,0,0,0,0,0,0,0,0,0,0,0,0,0,0,0,0,0
4698978473856,33.07853,1788966237947110383,,0,0,0,0,0,0,0,0,0,0,0,0,0,0,0,0,0,0,0
4698998500992,33.098557,1788966237967116466,,0,0,0,0,0,0,0,0,0,0,0,0,0,0,0,0,0,0,0
4699018481600,33.118537,1788966237987113045,,0,0,0,0,0,0,0,0,0,0,0,0,0,0,0,0,0,0,0
4699038510496,33.138566,1788966238007112809,,0,0,0,0,0,0,0,0,0,0,0,0,0,0,0,0,0,0,0
4699058504704,33.158561,1788966238027110543,,0,0,0,0,0,0,0,0,0,0,0,0,0,0,0,0,0,0,0
4699078491488,33.178547,1788966238047110496,,0,0,0,0,0,0,0,0,0,0,0,0,0,0,0,0,0,0,0
4699098426624,33.198482,1788966238067110467,,0,0,0,0,0,0,0,0,0,0,0,0,0,0,0,0,0,0,0
4699118487168,33.218543,1788966238087111173,,0,0,0,0,0,0,0,0,0,0,0,0,0,0,0,0,0,0,0
4699138491968,33.238548,1788966238107110426,,0,0,0,0,0,0,0,0,0,0,0,0,0,0,0,0,0,0,0
4699158489280,33.258545,1788966238127110363,,0,0,0,0,0,0,0,0,0,0,0,0,0,0,0,0,0,0,0
4699178494144,33.27855,1788966238147111088,,0,0,0,0,0,0,0,0,0,0,0,0,0,0,0,0,0,0,0
4699198457632,33.298514,1788966238167111225,,0,0,0,0,0,0,0,0,0,0,0,0,0,0,0,0,0,0,0
4699218501376,33.318557,1788966238187111149,,0,0,0,0,0,0,0,0,0,0,0,0,0,0,0,0,0,0,0
4699238470976,33.338527,1788966238207110638,,0,0,0,0,0,0,0,0,0,0,0,0,0,0,0,0,0,0,0
4699258468832,33.358525,1788966238227110993,,0,0,0,0,0,0,0,0,0,0,0,0,0,0,0,0,0,0,0
4699278516800,33.378573,1788966238247111390,,0,0,0,0,0,0,0,0,0,0,0,0,0,0,0,0,0,0,0
4699298466240,33.398522,1788966238267110589,,0,0,0,0,0,0,0,0,0,0,0,0,0,0,0,0,0,0,0
4699318466240,33.418522,1788966238287110949,,0,0,0,0,0,0,0,0,0,0,0,0,0,0,0,0,0,0,0
4699338492448,33.438548,1788966238307110692,,0,0,0,0,0,0,0,0,0,0,0,0,0,0,0,0,0,0,0
4699358477248,33.458533,1788966238327110340,,0,0,0,0,0,0,0,0,0,0,0,0,0,0,0,0,0,0,0
4699378471136,33.478527,1788966238347110837,,0,0,0,0,0,0,0,0,0,0,0,0,0,0,0,0,0,0,0
4699398474688,33.498531,1788966238367110168,,0,0,0,0,0,0,0,0,0,0,0,0,0,0,0,0,0,0,0
4699418474272,33.51853,1788966238387110704,,0,0,0,0,0,0,0,0,0,0,0,0,0,0,0,0,0,0,0
4699438451008,33.538507,1788966238407110862,,0,0,0,0,0,0,0,0,0,0,0,0,0,0,0,0,0,0,0
4699458462080,33.558518,1788966238427111243,,0,0,0,0,0,0,0,0,0,0,0,0,0,0,0,0,0,0,0
4699478463232,33.578519,1788966238447110801,,0,0,0,0,0,0,0,0,0,0,0,0,0,0,0,0,0,0,0
4699498359680,33.598416,1788966238467110515,,0,0,0,0,0,0,0,0,0,0,0,0,0,0,0,0,0,0,0
4699518483968,33.61854,1788966238487110586,,0,0,0,0,0,0,0,0,0,0,0,0,0,0,0,0,0,0,0
4699538483776,33.63854,1788966238507110985,,0,0,0,0,0,0,0,0,0,0,0,0,0,0,0,0,0,0,0
4699558492000,33.658548,1788966238527110927,,0,0,0,0,0,0,0,0,0,0,0,0,0,0,0,0,0,0,0
4699578469792,33.678526,1788966238547110646,,0,0,0,0,0,0,0,0,0,0,0,0,0,0,0,0,0,0,0
4699598473440,33.698529,1788966238567110639,,0,0,0,0,0,0,0,0,0,0,0,0,0,0,0,0,0,0,0
4699618466016,33.718522,1788966238587110572,,0,0,0,0,0,0,0,0,0,0,0,0,0,0,0,0,0,0,0
4699638449984,33.738506,1788966238607110983,,0,0,0,0,0,0,0,0,0,0,0,0,0,0,0,0,0,0,0
4699658440928,33.758497,1788966238627110666,,0,0,0,0,0,0,0,0,0,0,0,0,0,0,0,0,0,0,0
4699678620480,33.778676,1788966238647111660,,0,0,0,0,0,0,0,0,0,0,0,0,0,0,0,0,0,0,0
4699698339104,33.798395,1788966238667110777,,0,0,0,0,0,0,0,0,0,0,0,0,0,0,0,0,0,0,0
4699718457600,33.818513,1788966238687111097,,0,0,0,0,0,0,0,0,0,0,0,0,0,0,0,0,0,0,0
4699738450944,33.838507,1788966238707110683,,0,0,0,0,0,0,0,0,0,0,0,0,0,0,0,0,0,0,0
4699758478208,33.858534,1788966238727110327,,0,0,0,0,0,0,0,0,0,0,0,0,0,0,0,0,0,0,0
4699778438016,33.878494,1788966238747110215,,0,0,0,0,0,0,0,0,0,0,0,0,0,0,0,0,0,0,0
4699798430400,33.898486,1788966238767124940,,0,0,0,0,0,0,0,0,0,0,0,0,0,0,0,0,0,0,0
4699818445504,33.918501,1788966238787110864,,0,0,0,0,0,0,0,0,0,0,0,0,0,0,0,0,0,0,0
4699838415392,33.938471,1788966238807110453,,0,0,0,0,0,0,0,0,0,0,0,0,0,0,0,0,0,0,0
4699858485504,33.958541,1788966238827110773,,0,0,0,0,0,0,0,0,0,0,0,0,0,0,0,0,0,0,0
4699878492576,33.978548,1788966238847111449,,0,0,0,0,0,0,0,0,0,0,0,0,0,0,0,0,0,0,0
4699898391936,33.998448,1788966238867110579,,0,0,0,0,0,0,0,0,0,0,0,0,0,0,0,0,0,0,0
4699918487328,34.018543,1788966238887110138,,0,0,0,0,0,0,0,0,0,0,0,0,0,0,0,0,0,0,0
4699938428608,34.038484,1788966238907111164,,0,0,0,0,0,0,0,0,0,0,0,0,0,0,0,0,0,0,0
4699958431808,34.058488,1788966238927110991,,0,0,0,0,0,0,0,0,0,0,0,0,0,0,0,0,0,0,0
4699978448448,34.078504,1788966238947110953,,0,0,0,0,0,0,0,0,0,0,0,0,0,0,0,0,0,0,0
4699998444416,34.0985,1788966238967110800,,0,0,0,0,0,0,0,0,0,0,0,0,0,0,0,0,0,0,0
4700018466880,34.118523,1788966238987110304,,0,0,0,0,0,0,0,0,0,0,0,0,0,0,0,0,0,0,0
4700038424800,34.138481,1788966239007110193,,0,0,0,0,0,0,0,0,0,0,0,0,0,0,0,0,0,0,0
4700058436416,34.158492,1788966239027110243,,0,0,0,0,0,0,0,0,0,0,0,0,0,0,0,0,0,0,0
4700078458048,34.178514,1788966239047111091,,0,0,0,0,0,0,0,0,0,0,0,0,0,0,0,0,0,0,0
4700098314816,34.198371,1788966239067110965,,0,0,0,0,0,0,0,0,0,0,0,0,0,0,0,0,0,0,0
4700118481824,34.218538,1788966239087118311,,0,0,0,0,0,0,0,0,0,0,0,0,0,0,0,0,0,0,0
4700138491552,34.238547,1788966239107110501,,0,0,0,0,0,0,0,0,0,0,0,0,0,0,0,0,0,0,0
4700158439456,34.258495,1788966239127111082,,0,0,0,0,0,0,0,0,0,0,0,0,0,0,0,0,0,0,0
4700178436224,34.278492,1788966239147110942,,0,0,0,0,0,0,0,0,0,0,0,0,0,0,0,0,0,0,0
4700198438720,34.298495,1788966239167111329,,0,0,0,0,0,0,0,0,0,0,0,0,0,0,0,0,0,0,0
4700218439616,34.318495,1788966239187110431,,0,0,0,0,0,0,0,0,0,0,0,0,0,0,0,0,0,0,0
4700238411424,34.338467,1788966239207110621,,0,0,0,0,0,0,0,0,0,0,0,0,0,0,0,0,0,0,0
4700258458304,34.358514,1788966239227110930,,0,0,0,0,0,0,0,0,0,0,0,0,0,0,0,0,0,0,0
4700278450496,34.378506,1788966239247110621,,0,0,0,0,0,0,0,0,0,0,0,0,0,0,0,0,0,0,0
4700298322336,34.398378,1788966239267110355,,0,0,0,0,0,0,0,0,0,0,0,0,0,0,0,0,0,0,0
4700318443264,34.418499,1788966239287111590,,0,0,0,0,0,0,0,0,0,0,0,0,0,0,0,0,0,0,0
4700338464000,34.43852,1788966239307110772,,0,0,0,0,0,0,0,0,0,0,0,0,0,0,0,0,0,0,0
4700358409792,34.458466,1788966239327111290,,0,0,0,0,0,0,0,0,0,0,0,0,0,0,0,0,0,0,0
4700378451808,34.478508,1788966239347110662,,0,0,0,0,0,0,0,0,0,0,0,0,0,0,0,0,0,0,0
4700398419872,34.498476,1788966239367110917,,0,0,0,0,0,0,0,0,0,0,0,0,0,0,0,0,0,0,0
4700418413152,34.518469,1788966239387110792,,0,0,0,0,0,0,0,0,0,0,0,0,0,0,0,0,0,0,0
4700438437920,34.538494,1788966239407110769,,0,0,0,0,0,0,0,0,0,0,0,0,0,0,0,0,0,0,0
4700458419552,34.558475,1788966239427110474,,0,0,0,0,0,0,0,0,0,0,0,0,0,0,0,0,0,0,0
4700478463488,34.578519,1788966239447110703,,0,0,0,0,0,0,0,0,0,0,0,0,0,0,0,0,0,0,0
4700498314400,34.59837,1788966239467110948,,0,0,0,0,0,0,0,0,0,0,0,0,0,0,0,0,0,0,0
4700518416096,34.618472,1788966239487110346,,0,0,0,0,0,0,0,0,0,0,0,0,0,0,0,0,0,0,0
4700538460736,34.638517,1788966239507110061,,0,0,0,0,0,0,0,0,0,0,0,0,0,0,0,0,0,0,0
4700558424768,34.658481,1788966239527110448,,0,0,0,0,0,0,0,0,0,0,0,0,0,0,0,0,0,0,0
4700578411904,34.678468,1788966239547110627,,0,0,0,0,0,0,0,0,0,0,0,0,0,0,0,0,0,0,0
4700598423616,34.698479,1788966239567110603,,0,0,0,0,0,0,0,0,0,0,0,0,0,0,0,0,0,0,0
4700618416224,34.718472,1788966239587110697,,0,0,0,0,0,0,0,0,0,0,0,0,0,0,0,0,0,0,0
4700638502816,34.738559,1788966239607110884,,0,0,0,0,0,0,0,0,0,0,0,0,0,0,0,0,0,0,0
4700658429600,34.758485,1788966239627110865,,0,0,0,0,0,0,0,0,0,0,0,0,0,0,0,0,0,0,0
4700678454720,34.778511,1788966239647111599,,0,0,0,0,0,0,0,0,0,0,0,0,0,0,0,0,0,0,0
4700698292608,34.798348,1788966239667110813,,0,0,0,0,0,0,0,0,0,0,0,0,0,0,0,0,0,0,0
4700718426496,34.818482,1788966239687110785,,0,0,0,0,0,0,0,0,0,0,0,0,0,0,0,0,0,0,0
4700738413152,34.838469,1788966239707110458,,0,0,0,0,0,0,0,0,0,0,0,0,0,0,0,0,0,0,0
4700758410432,34.858466,1788966239727110572,,0,0,0,0,0,0,0,0,0,0,0,0,0,0,0,0,0,0,0
4700778417632,34.878474,1788966239747110759,,0,0,0,0,0,0,0,0,0,0,0,0,0,0,0,0,0,0,0
4700798406752,34.898463,1788966239767111073,,0,0,0,0,0,0,0,0,0,0,0,0,0,0,0,0,0,0,0
4700818406080,34.918462,1788966239787110805,,0,0,0,0,0,0,0,0,0,0,0,0,0,0,0,0,0,0,0
4700838443488,34.938499,1788966239807110684,,0,0,0,0,0,0,0,0,0,0,0,0,0,0,0,0,0,0,0
4700858409312,34.958465,1788966239827110564,,0,0,0,0,0,0,0,0,0,0,0,0,0,0,0,0,0,0,0
4700878434112,34.97849,1788966239847110481,,0,0,0,0,0,0,0,0,0,0,0,0,0,0,0,0,0,0,0
4700898426272,34.998482,1788966239867110680,,0,0,0,0,0,0,0,0,0,0,0,0,0,0,0,0,0,0,0
4700918425088,35.018481,1788966239887110963,,0,0,0,0,0,0,0,0,0,0,0,0,0,0,0,0,0,0,0
4700938432224,35.038488,1788966239907111014,,0,0,0,0,0,0,0,0,0,0,0,0,0,0,0,0,0,0,0
4700958407552,35.058463,1788966239927110562,,0,0,0,0,0,0,0,0,0,0,0,0,0,0,0,0,0,0,0
4700978410560,35.078466,1788966239947110632,,0,0,0,0,0,0,0,0,0,0,0,0,0,0,0,0,0,0,0
4700998424832,35.098481,1788966239967110643,,0,0,0,0,0,0,0,0,0,0,0,0,0,0,0,0,0,0,0
4701018441728,35.118498,1788966239987111292,,0,0,0,0,0,0,0,0,0,0,0,0,0,0,0,0,0,0,0
4701038402720,35.138459,1788966240007110459,,0,0,0,0,0,0,0,0,0,0,0,0,0,0,0,0,0,0,0
4701058422752,35.158479,1788966240027110528,,0,0,0,0,0,0,0,0,0,0,0,0,0,0,0,0,0,0,0
4701078424096,35.17848,1788966240047110749,,0,0,0,0,0,0,0,0,0,0,0,0,0,0,0,0,0,0,0
4701098282816,35.198339,1788966240067110563,,0,0,0,0,0,0,0,0,0,0,0,0,0,0,0,0,0,0,0
4701118428832,35.218485,1788966240087110309,,0,0,0,0,0,0,0,0,0,0,0,0,0,0,0,0,0,0,0
4701138422048,35.238478,1788966240107110715,,0,0,0,0,0,0,0,0,0,0,0,0,0,0,0,0,0,0,0
4701158436128,35.258492,1788966240127119355,,0,0,0,0,0,0,0,0,0,0,0,0,0,0,0,0,0,0,0
4701178446720,35.278503,1788966240147111602,,0,0,0,0,0,0,0,0,0,0,0,0,0,0,0,0,0,0,0
4701198419168,35.298475,1788966240167110586,,0,0,0,0,0,0,0,0,0,0,0,0,0,0,0,0,0,0,0
4701218388128,35.318444,1788966240187110573,,0,0,0,0,0,0,0,0,0,0,0,0,0,0,0,0,0,0,0
4701238415488,35.338471,1788966240207110685,,0,0,0,0,0,0,0,0,0,0,0,0,0,0,0,0,0,0,0
4701258437152,35.358493,1788966240227111000,,0,0,0,0,0,0,0,0,0,0,0,0,0,0,0,0,0,0,0
4701278432800,35.378489,1788966240247110749,,0,0,0,0,0,0,0,0,0,0,0,0,0,0,0,0,0,0,0
4701298259168,35.398315,1788966240267110912,,0,0,0,0,0,0,0,0,0,0,0,0,0,0,0,0,0,0,0
4701318390528,35.418446,1788966240287111270,,0,0,0,0,0,0,0,0,0,0,0,0,0,0,0,0,0,0,0
4701338388192,35.438444,1788966240307110997,,0,0,0,0,0,0,0,0,0,0,0,0,0,0,0,0,0,0,0
4701358448608,35.458504,1788966240327111366,,0,0,0,0,0,0,0,0,0,0,0,0,0,0,0,0,0,0,0
4701378427104,35.478483,1788966240347110981,,0,0,0,0,0,0,0,0,0,0,0,0,0,0,0,0,0,0,0
4701398360288,35.498416,1788966240367110451,,0,0,0,0,0,0,0,0,0,0,0,0,0,0,0,0,0,0,0
4701418465568,35.518521,1788966240387110801,,0,0,0,0,0,0,0,0,0,0,0,0,0,0,0,0,0,0,0
4701438378560,35.538434,1788966240407110623,,0,0,0,0,0,0,0,0,0,0,0,0,0,0,0,0,0,0,0
4701458407136,35.558463,1788966240427110971,,0,0,0,0,0,0,0,0,0,0,0,0,0,0,0,0,0,0,0
4701478445184,35.578501,1788966240447110572,,0,0,0,0,0,0,0,0,0,0,0,0,0,0,0,0,0,0,0
4701498246336,35.598302,1788966240467110945,,0,0,0,0,0,0,0,0,0,0,0,0,0,0,0,0,0,0,0
4701518408896,35.618465,1788966240487110764,,0,0,0,0,0,0,0,0,0,0,0,0,0,0,0,0,0,0,0
4701538401312,35.638457,1788966240507110807,,0,0,0,0,0,0,0,0,0,0,0,0,0,0,0,0,0,0,0
4701558390944,35.658447,1788966240527110995,,0,0,0,0,0,0,0,0,0,0,0,0,0,0,0,0,0,0,0
4701578407296,35.678463,1788966240547110939,,0,0,0,0,0,0,0,0,0,0,0,0,0,0,0,0,0,0,0
4701598419232,35.698475,1788966240567110623,,0,0,0,0,0,0,0,0,0,0,0,0,0,0,0,0,0,0,0
4701618363648,35.71842,1788966240587110824,,0,0,0,0,0,0,0,0,0,0,0,0,0,0,0,0,0,0,0
4701638409472,35.738465,1788966240607110986,,0,0,0,0,0,0,0,0,0,0,0,0,0,0,0,0,0,0,0
4701658380832,35.758437,1788966240627110921,,0,0,0,0,0,0,0,0,0,0,0,0,0,0,0,0,0,0,0
4701678414560,35.77847,1788966240647111046,,0,0,0,0,0,0,0,0,0,0,0,0,0,0,0,0,0,0,0
4701698239616,35.798295,1788966240667111003,,0,0,0,0,0,0,0,0,0,0,0,0,0,0,0,0,0,0,0
4701718498976,35.818555,1788966240687110922,,0,0,0,0,0,0,0,0,0,0,0,0,0,0,0,0,0,0,0
4701738368832,35.838425,1788966240707110802,,0,0,0,0,0,0,0,0,0,0,0,0,0,0,0,0,0,0,0
4701758383680,35.85844,1788966240727110548,,0,0,0,0,0,0,0,0,0,0,0,0,0,0,0,0,0,0,0
4701778383744,35.87844,1788966240747110239,,0,0,0,0,0,0,0,0,0,0,0,0,0,0,0,0,0,0,0
4701798362208,35.898418,1788966240767110710,,0,0,0,0,0,0,0,0,0,0,0,0,0,0,0,0,0,0,0
4701818377856,35.918434,1788966240787110915,,0,0,0,0,0,0,0,0,0,0,0,0,0,0,0,0,0,0,0
4701838347840,35.938404,1788966240807111308,,0,0,0,0,0,0,0,0,0,0,0,0,0,0,0,0,0,0,0
4701858385600,35.958441,1788966240827110591,,0,0,0,0,0,0,0,0,0,0,0,0,0,0,0,0,0,0,0
4701878408256,35.978464,1788966240847110636,,0,0,0,0,0,0,0,0,0,0,0,0,0,0,0,0,0,0,0
4701898287200,35.998343,1788966240867110982,,0,0,0,0,0,0,0,0,0,0,0,0,0,0,0,0,0,0,0
4701918331616,36.018387,1788966240887110856,,0,0,0,0,0,0,0,0,0,0,0,0,0,0,0,0,0,0,0
4701938355520,36.038411,1788966240907110716,,0,0,0,0,0,0,0,0,0,0,0,0,0,0,0,0,0,0,0
4701958341728,36.058398,1788966240927110983,,0,0,0,0,0,0,0,0,0,0,0,0,0,0,0,0,0,0,0
4701978383072,36.078439,1788966240947110333,,0,0,0,0,0,0,0,0,0,0,0,0,0,0,0,0,0,0,0
4701998345152,36.098401,1788966240967111033,,0,0,0,0,0,0,0,0,0,0,0,0,0,0,0,0,0,0,0
4702018369920,36.118426,1788966240987110132,,0,0,0,0,0,0,0,0,0,0,0,0,0,0,0,0,0,0,0
4702038380160,36.138436,1788966241007110725,,0,0,0,0,0,0,0,0,0,0,0,0,0,0,0,0,0,0,0
4702058344480,36.1584,1788966241027110625,,0,0,0,0,0,0,0,0,0,0,0,0,0,0,0,0,0,0,0
4702078356096,36.178412,1788966241047110845,,0,0,0,0,0,0,0,0,0,0,0,0,0,0,0,0,0,0,0
4702098239360,36.198295,1788966241067110848,,0,0,0,0,0,0,0,0,0,0,0,0,0,0,0,0,0,0,0
4702118340832,36.218397,1788966241087110687,,0,0,0,0,0,0,0,0,0,0,0,0,0,0,0,0,0,0,0
4702138336736,36.238393,1788966241107110254,,0,0,0,0,0,0,0,0,0,0,0,0,0,0,0,0,0,0,0
4702158336864,36.258393,1788966241127110456,,0,0,0,0,0,0,0,0,0,0,0,0,0,0,0,0,0,0,0
4702178398336,36.278454,1788966241147111337,,0,0,0,0,0,0,0,0,0,0,0,0,0,0,0,0,0,0,0
4702198316192,36.298372,1788966241167110348,,0,0,0,0,0,0,0,0,0,0,0,0,0,0,0,0,0,0,0
4702218350560,36.318406,1788966241187110216,,0,0,0,0,0,0,0,0,0,0,0,0,0,0,0,0,0,0,0
4702238331104,36.338387,1788966241207110326,,0,0,0,0,0,0,0,0,0,0,0,0,0,0,0,0,0,0,0
4702258334304,36.35839,1788966241227110669,,0,0,0,0,0,0,0,0,0,0,0,0,0,0,0,0,0,0,0
4702278450944,36.378507,1788966241247110781,,0,0,0,0,0,0,0,0,0,0,0,0,0,0,0,0,0,0,0
4702298239136,36.398295,1788966241267110692,,0,0,0,0,0,0,0,0,0,0,0,0,0,0,0,0,0,0,0
4702318328160,36.418384,1788966241287110604,,0,0,0,0,0,0,0,0,0,0,0,0,0,0,0,0,0,0,0
4702338361792,36.438418,1788966241307110408,,0,0,0,0,0,0,0,0,0,0,0,0,0,0,0,0,0,0,0
4702358338208,36.458394,1788966241327110829,,0,0,0,0,0,0,0,0,0,0,0,0,0,0,0,0,0,0,0
4702378325376,36.478381,1788966241347110711,,0,0,0,0,0,0,0,0,0,0,0,0,0,0,0,0,0,0,0
4702398345376,36.498401,1788966241367110526,,0,0,0,0,0,0,0,0,0,0,0,0,0,0,0,0,0,0,0
4702418350624,36.518406,1788966241387110713,,0,0,0,0,0,0,0,0,0,0,0,0,0,0,0,0,0,0,0
4702438346112,36.538402,1788966241407110735,,0,0,0,0,0,0,0,0,0,0,0,0,0,0,0,0,0,0,0
4702458339648,36.558396,1788966241427110279,,0,0,0,0,0,0,0,0,0,0,0,0,0,0,0,0,0,0,0
4702478334560,36.57839,1788966241447110409,,0,0,0,0,0,0,0,0,0,0,0,0,0,0,0,0,0,0,0
4702498256032,36.598312,1788966241467110963,,0,0,0,0,0,0,0,0,0,0,0,0,0,0,0,0,0,0,0
4702518398848,36.618455,1788966241487110940,,0,0,0,0,0,0,0,0,0,0,0,0,0,0,0,0,0,0,0
4702538322112,36.638378,1788966241507110858,,0,0,0,0,0,0,0,0,0,0,0,0,0,0,0,0,0,0,0
4702558381888,36.658438,1788966241527110868,,0,0,0,0,0,0,0,0,0,0,0,0,0,0,0,0,0,0,0
4702578325952,36.678382,1788966241547110345,,0,0,0,0,0,0,0,0,0,0,0,0,0,0,0,0,0,0,0
4702598365408,36.698421,1788966241567110016,,0,0,0,0,0,0,0,0,0,0,0,0,0,0,0,0,0,0,0
4702618351488,36.718407,1788966241587110588,,0,0,0,0,0,0,0,0,0,0,0,0,0,0,0,0,0,0,0
4702638319904,36.738376,1788966241607110734,,0,0,0,0,0,0,0,0,0,0,0,0,0,0,0,0,0,0,0
4702658307744,36.758364,1788966241627110406,,0,0,0,0,0,0,0,0,0,0,0,0,0,0,0,0,0,0,0
4702678366336,36.778422,1788966241647111420,,0,0,0,0,0,0,0,0,0,0,0,0,0,0,0,0,0,0,0
4702698185632,36.798242,1788966241667110435,,0,0,0,0,0,0,0,0,0,0,0,0,0,0,0,0,0,0,0
4702718304352,36.81836,1788966241687110896,,0,0,0,0,0,0,0,0,0,0,0,0,0,0,0,0,0,0,0
4702738321696,36.838378,1788966241707110785,,0,0,0,0,0,0,0,0,0,0,0,0,0,0,0,0,0,0,0
4702758342496,36.858398,1788966241727110738,,0,0,0,0,0,0,0,0,0,0,0,0,0,0,0,0,0,0,0
4702778300224,36.878356,1788966241747111106,,0,0,0,0,0,0,0,0,0,0,0,0,0,0,0,0,0,0,0
4702798315936,36.898372,1788966241767110545,,0,0,0,0,0,0,0,0,0,0,0,0,0,0,0,0,0,0,0
4702818311200,36.918367,1788966241787110521,,0,0,0,0,0,0,0,0,0,0,0,0,0,0,0,0,0,0,0
4702838293888,36.93835,1788966241807111397,,0,0,0,0,0,0,0,0,0,0,0,0,0,0,0,0,0,0,0
4702858324064,36.95838,1788966241827110587,,0,0,0,0,0,0,0,0,0,0,0,0,0,0,0,0,0,0,0
4702878340704,36.978397,1788966241847110659,,0,0,0,0,0,0,0,0,0,0,0,0,0,0,0,0,0,0,0
4702898178848,36.998235,1788966241867111170,,0,0,0,0,0,0,0,0,0,0,0,0,0,0,0,0,0,0,0
4702918342336,37.018398,1788966241887110887,,0,0,0,0,0,0,0,0,0,0,0,0,0,0,0,0,0,0,0
4702938303840,37.03836,1788966241907110740,,0,0,0,0,0,0,0,0,0,0,0,0,0,0,0,0,0,0,0
4702958331712,37.058388,1788966241927111071,,0,0,0,0,0,0,0,0,0,0,0,0,0,0,0,0,0,0,0
4702978313440,37.078369,1788966241947110466,,0,0,0,0,0,0,0,0,0,0,0,0,0,0,0,0,0,0,0
4702998311392,37.098367,1788966241967110761,,0,0,0,0,0,0,0,0,0,0,0,0,0,0,0,0,0,0,0
4703018351392,37.118407,1788966241987110325,,0,0,0,0,0,0,0,0,0,0,0,0,0,0,0,0,0,0,0
4703038303136,37.138359,1788966242007110840,,0,0,0,0,0,0,0,0,0,0,0,0,0,0,0,0,0,0,0
4703058300768,37.158357,1788966242027111397,,0,0,0,0,0,0,0,0,0,0,0,0,0,0,0,0,0,0,0
4703078417920,37.178474,1788966242047111062,,0,0,0,0,0,0,0,0,0,0,0,0,0,0,0,0,0,0,0
4703098215712,37.198272,1788966242067111037,,0,0,0,0,0,0,0,0,0,0,0,0,0,0,0,0,0,0,0
4703118292352,37.218348,1788966242087110824,,0,0,0,0,0,0,0,0,0,0,0,0,0,0,0,0,0,0,0
4703138311040,37.238367,1788966242107110744,,0,0,0,0,0,0,0,0,0,0,0,0,0,0,0,0,0,0,0
4703158313408,37.258369,1788966242127110599,,0,0,0,0,0,0,0,0,0,0,0,0,0,0,0,0,0,0,0
4703178295616,37.278351,1788966242147111221,,0,0,0,0,0,0,0,0,0,0,0,0,0,0,0,0,0,0,0
4703198314048,37.29837,1788966242167110600,,0,0,0,0,0,0,0,0,0,0,0,0,0,0,0,0,0,0,0
4703218294336,37.31835,1788966242187110465,,0,0,0,0,0,0,0,0,0,0,0,0,0,0,0,0,0,0,0
4703238297728,37.338354,1788966242207110192,,0,0,0,0,0,0,0,0,0,0,0,0,0,0,0,0,0,0,0
4703258324800,37.358381,1788966242227110594,,0,0,0,0,0,0,0,0,0,0,0,0,0,0,0,0,0,0,0
4703278322528,37.378378,1788966242247110765,,0,0,0,0,0,0,0,0,0,0,0,0,0,0,0,0,0,0,0
4703298159936,37.398216,1788966242267110704,,0,0,0,0,0,0,0,0,0,0,0,0,0,0,0,0,0,0,0
4703318310592,37.418366,1788966242287113367,,0,0,0,0,0,0,0,0,0,0,0,0,0,0,0,0,0,0,0
4703338293408,37.438349,1788966242307113647,,0,0,0,0,0,0,0,0,0,0,0,0,0,0,0,0,0,0,0
4703358546432,37.458602,1788966242327110699,,0,0,0,0,0,0,0,0,0,0,0,0,0,0,0,0,0,0,0
4703378295840,37.478352,1788966242347111084,,0,0,0,0,0,0,0,0,0,0,0,0,0,0,0,0,0,0,0
4703398269248,37.498325,1788966242367111161,,0,0,0,0,0,0,0,0,0,0,0,0,0,0,0,0,0,0,0
4703418312864,37.518369,1788966242387110811,,0,0,0,0,0,0,0,0,0,0,0,0,0,0,0,0,0,0,0
4703438289440,37.538345,1788966242407110704,,0,0,0,0,0,0,0,0,0,0,0,0,0,0,0,0,0,0,0
4703458275584,37.558331,1788966242427110939,,0,0,0,0,0,0,0,0,0,0,0,0,0,0,0,0,0,0,0
4703478314464,37.57837,1788966242447110287,,0,0,0,0,0,0,0,0,0,0,0,0,0,0,0,0,0,0,0
4703498161184,37.598217,1788966242467110784,,0,0,0,0,0,0,0,0,0,0,0,0,0,0,0,0,0,0,0
4703518303360,37.618359,1788966242487110767,,0,0,0,0,0,0,0,0,0,0,0,0,0,0,0,0,0,0,0
4703538326848,37.638383,1788966242507111107,,0,0,0,0,0,0,0,0,0,0,0,0,0,0,0,0,0,0,0
4703558278848,37.658335,1788966242527110696,,0,0,0,0,0,0,0,0,0,0,0,0,0,0,0,0,0,0,0
4703578284320,37.67834,1788966242547110875,,0,0,0,0,0,0,0,0,0,0,0,0,0,0,0,0,0,0,0
4703598354560,37.69841,1788966242567110816,,0,0,0,0,0,0,0,0,0,0,0,0,0,0,0,0,0,0,0
4703618286432,37.718342,1788966242587110857,,0,0,0,0,0,0,0,0,0,0,0,0,0,0,0,0,0,0,0
4703638265632,37.738322,1788966242607110695,,0,0,0,0,0,0,0,0,0,0,0,0,0,0,0,0,0,0,0
4703658295232,37.758351,1788966242627110561,,0,0,0,0,0,0,0,0,0,0,0,0,0,0,0,0,0,0,0
4703678339968,37.778396,1788966242647111770,,0,0,0,0,0,0,0,0,0,0,0,0,0,0,0,0,0,0,0
4703698146464,37.798202,1788966242667110739,,0,0,0,0,0,0,0,0,0,0,0,0,0,0,0,0,0,0,0
4703718287904,37.818344,1788966242687110379,,0,0,0,0,0,0,0,0,0,0,0,0,0,0,0,0,0,0,0
4703738277472,37.838333,1788966242707110709,,0,0,0,0,0,0,0,0,0,0,0,0,0,0,0,0,0,0,0
4703758263456,37.858319,1788966242727111395,,0,0,0,0,0,0,0,0,0,0,0,0,0,0,0,0,0,0,0
4703778290112,37.878346,1788966242747110582,,0,0,0,0,0,0,0,0,0,0,0,0,0,0,0,0,0,0,0
4703798255936,37.898312,1788966242767110735,,0,0,0,0,0,0,0,0,0,0,0,0,0,0,0,0,0,0,0
4703818260224,37.918316,1788966242787110774,,0,0,0,0,0,0,0,0,0,0,0,0,0,0,0,0,0,0,0
4703838265792,37.938322,1788966242807111024,,0,0,0,0,0,0,0,0,0,0,0,0,0,0,0,0,0,0,0
4703858250976,37.958307,1788966242827110946,,0,0,0,0,0,0,0,0,0,0,0,0,0,0,0,0,0,0,0
4703878335104,37.978391,1788966242847110569,,0,0,0,0,0,0,0,0,0,0,0,0,0,0,0,0,0,0,0
4703898241120,37.998297,1788966242867111110,,0,0,0,0,0,0,0,0,0,0,0,0,0,0,0,0,0,0,0
4703918255808,38.018312,1788966242887110833,,0,0,0,0,0,0,0,0,0,0,0,0,0,0,0,0,0,0,0
4703938260352,38.038316,1788966242907125040,,0,0,0,0,0,0,0,0,0,0,0,0,0,0,0,0,0,0,0
4703958269856,38.058326,1788966242927110779,,0,0,0,0,0,0,0,0,0,0,0,0,0,0,0,0,0,0,0
4703978255744,38.078312,1788966242947111078,,0,0,0,0,0,0,0,0,0,0,0,0,0,0,0,0,0,0,0
4703998262432,38.098318,1788966242967111030,,0,0,0,0,0,0,0,0,0,0,0,0,0,0,0,0,0,0,0
4704018259712,38.118316,1788966242987110964,,0,0,0,0,0,0,0,0,0,0,0,0,0,0,0,0,0,0,0
4704038243200,38.138299,1788966243007111211,,0,0,0,0,0,0,0,0,0,0,0,0,0,0,0,0,0,0,0
4704058269568,38.158325,1788966243027110527,,0,0,0,0,0,0,0,0,0,0,0,0,0,0,0,0,0,0,0
4704078262592,38.178318,1788966243047110664,,0,0,0,0,0,0,0,0,0,0,0,0,0,0,0,0,0,0,0
4704098174016,38.19823,1788966243067110881,,0,0,0,0,0,0,0,0,0,0,0,0,0,0,0,0,0,0,0
4704118260896,38.218317,1788966243087110904,,0,0,0,0,0,0,0,0,0,0,0,0,0,0,0,0,0,0,0
4704138259104,38.238315,1788966243107111070,,0,0,0,0,0,0,0,0,0,0,0,0,0,0,0,0,0,0,0
4704158245472,38.258301,1788966243127110958,,0,0,0,0,0,0,0,0,0,0,0,0,0,0,0,0,0,0,0
4704178227520,38.278283,1788966243147125678,,0,0,0,0,0,0,0,0,0,0,0,0,0,0,0,0,0,0,0
4704198230656,38.298287,1788966243167110862,,0,0,0,0,0,0,0,0,0,0,0,0,0,0,0,0,0,0,0
4704218250080,38.318306,1788966243187110868,,0,0,0,0,0,0,0,0,0,0,0,0,0,0,0,0,0,0,0
4704238248992,38.338305,1788966243207110943,,0,0,0,0,0,0,0,0,0,0,0,0,0,0,0,0,0,0,0
4704258228064,38.358284,1788966243227110812,,0,0,0,0,0,0,0,0,0,0,0,0,0,0,0,0,0,0,0
4704278220704,38.378277,1788966243247110483,,0,0,0,0,0,0,0,0,0,0,0,0,0,0,0,0,0,0,0
4704298118816,38.398175,1788966243267110637,,0,0,0,0,0,0,0,0,0,0,0,0,0,0,0,0,0,0,0
4704318224608,38.41828,1788966243287110587,,0,0,0,0,0,0,0,0,0,0,0,0,0,0,0,0,0,0,0
4704338208704,38.438265,1788966243307110615,,0,0,0,0,0,0,0,0,0,0,0,0,0,0,0,0,0,0,0
4704358262272,38.458318,1788966243327110593,,0,0,0,0,0,0,0,0,0,0,0,0,0,0,0,0,0,0,0
4704378213152,38.478269,1788966243347115394,,0,0,0,0,0,0,0,0,0,0,0,0,0,0,0,0,0,0,0
4704398233984,38.49829,1788966243367113617,,0,0,0,0,0,0,0,0,0,0,0,0,0,0,0,0,0,0,0
4704418217760,38.518274,1788966243387111362,,0,0,0,0,0,0,0,0,0,0,0,0,0,0,0,0,0,0,0
4704438210080,38.538266,1788966243407110806,,0,0,0,0,0,0,0,0,0,0,0,0,0,0,0,0,0,0,0
4704458280416,38.558336,1788966243427111003,,0,0,0,0,0,0,0,0,0,0,0,0,0,0,0,0,0,0,0
4704478302080,38.578358,1788966243447110750,,0,0,0,0,0,0,0,0,0,0,0,0,0,0,0,0,0,0,0
4704498115520,38.598171,1788966243467111098,,0,0,0,0,0,0,0,0,0,0,0,0,0,0,0,0,0,0,0
4704518278656,38.618335,1788966243487110613,,0,0,0,0,0,0,0,0,0,0,0,0,0,0,0,0,0,0,0
4704538247360,38.638303,1788966243507110371,,0,0,0,0,0,0,0,0,0,0,0,0,0,0,0,0,0,0,0
4704558264032,38.65832,1788966243527110623,,0,0,0,0,0,0,0,0,0,0,0,0,0,0,0,0,0,0,0
4704578278752,38.678335,1788966243547110669,,0,0,0,0,0,0,0,0,0,0,0,0,0,0,0,0,0,0,0
4704598249504,38.698305,1788966243567110487,,0,0,0,0,0,0,0,0,0,0,0,0,0,0,0,0,0,0,0
4704618228384,38.718284,1788966243587111454,,0,0,0,0,0,0,0,0,0,0,0,0,0,0,0,0,0,0,0
4704638243040,38.738299,1788966243607110551,,0,0,0,0,0,0,0,0,0,0,0,0,0,0,0,0,0,0,0
4704658253760,38.75831,1788966243627110538,,0,0,0,0,0,0,0,0,0,0,0,0,0,0,0,0,0,0,0
4704678226464,38.778282,1788966243647111794,,0,0,0,0,0,0,0,0,0,0,0,0,0,0,0,0,0,0,0
4704698135712,38.798192,1788966243667111114,,0,0,0,0,0,0,0,0,0,0,0,0,0,0,0,0,0,0,0
4704718239584,38.818295,1788966243687110536,,0,0,0,0,0,0,0,0,0,0,0,0,0,0,0,0,0,0,0
4704738223840,38.83828,1788966243707124116,,0,0,0,0,0,0,0,0,0,0,0,0,0,0,0,0,0,0,0
4704758252928,38.858309,1788966243727110761,,0,0,0,0,0,0,0,0,0,0,0,0,0,0,0,0,0,0,0
4704778226464,38.878282,1788966243747110882,,0,0,0,0,0,0,0,0,0,0,0,0,0,0,0,0,0,0,0
4704798202080,38.898258,1788966243767110823,,0,0,0,0,0,0,0,0,0,0,0,0,0,0,0,0,0,0,0
4704818226528,38.918282,1788966243787110613,,0,0,0,0,0,0,0,0,0,0,0,0,0,0,0,0,0,0,0
4704838212448,38.938268,1788966243807110819,,0,0,0,0,0,0,0,0,0,0,0,0,0,0,0,0,0,0,0
4704858274304,38.95833,1788966243827110939,,0,0,0,0,0,0,0,0,0,0,0,0,0,0,0,0,0,0,0
4704878241312,38.978297,1788966243847111079,,0,0,0,0,0,0,0,0,0,0,0,0,0,0,0,0,0,0,0
4704898146848,38.998203,1788966243867110776,,0,0,0,0,0,0,0,0,0,0,0,0,0,0,0,0,0,0,0
4704918251040,39.018307,1788966243887111510,,0,0,0,0,0,0,0,0,0,0,0,0,0,0,0,0,0,0,0
4704938235904,39.038292,1788966243907111093,,0,0,0,0,0,0,0,0,0,0,0,0,0,0,0,0,0,0,0
4704958225728,39.058282,1788966243927110420,,0,0,0,0,0,0,0,0,0,0,0,0,0,0,0,0,0,0,0
4704978238720,39.078295,1788966243947110931,,0,0,0,0,0,0,0,0,0,0,0,0,0,0,0,0,0,0,0
4704998223328,39.098279,1788966243967110712,,0,0,0,0,0,0,0,0,0,0,0,0,0,0,0,0,0,0,0
4705018208480,39.118264,1788966243987111323,,0,0,0,0,0,0,0,0,0,0,0,0,0,0,0,0,0,0,0
4705038246496,39.138302,1788966244007110708,,0,0,0,0,0,0,0,0,0,0,0,0,0,0,0,0,0,0,0
4705058226720,39.158283,1788966244027110718,,0,0,0,0,0,0,0,0,0,0,0,0,0,0,0,0,0,0,0
4705078210176,39.178266,1788966244047111205,,0,0,0,0,0,0,0,0,0,0,0,0,0,0,0,0,0,0,0
4705098092160,39.198148,1788966244067110588,,0,0,0,0,0,0,0,0,0,0,0,0,0,0,0,0,0,0,0
4705118209248,39.218265,1788966244087110691,,0,0,0,0,0,0,0,0,0,0,0,0,0,0,0,0,0,0,0
4705138207744,39.238264,1788966244107110769,,0,0,0,0,0,0,0,0,0,0,0,0,0,0,0,0,0,0,0
4705158198272,39.258254,1788966244127110843,,0,0,0,0,0,0,0,0,0,0,0,0,0,0,0,0,0,0,0
4705178204160,39.27826,1788966244147112451,,0,0,0,0,0,0,0,0,0,0,0,0,0,0,0,0,0,0,0
4705198172992,39.298229,1788966244167110729,,0,0,0,0,0,0,0,0,0,0,0,0,0,0,0,0,0,0,0
4705218216512,39.318272,1788966244187110812,,0,0,0,0,0,0,0,0,0,0,0,0,0,0,0,0,0,0,0
4705238236800,39.338293,1788966244207125271,,0,0,0,0,0,0,0,0,0,0,0,0,0,0,0,0,0,0,0
4705258258464,39.358314,1788966244227111409,,0,0,0,0,0,0,0,0,0,0,0,0,0,0,0,0,0,0,0
4705278214400,39.37827,1788966244247110769,,0,0,0,0,0,0,0,0,0,0,0,0,0,0,0,0,0,0,0
4705298070080,39.398126,1788966244267110925,,0,0,0,0,0,0,0,0,0,0,0,0,0,0,0,0,0,0,0
4705318177536,39.418233,1788966244287110682,,0,0,0,0,0,0,0,0,0,0,0,0,0,0,0,0,0,0,0
4705338196416,39.438252,1788966244307110246,,0,0,0,0,0,0,0,0,0,0,0,0,0,0,0,0,0,0,0
4705358261120,39.458317,1788966244327110879,,0,0,0,0,0,0,0,0,0,0,0,0,0,0,0,0,0,0,0
4705378221920,39.478278,1788966244347110115,,0,0,0,0,0,0,0,0,0,0,0,0,0,0,0,0,0,0,0
4705398196800,39.498253,1788966244367110506,,0,0,0,0,0,0,0,0,0,0,0,0,0,0,0,0,0,0,0
4705418178592,39.518234,1788966244387110793,,0,0,0,0,0,0,0,0,0,0,0,0,0,0,0,0,0,0,0
4705438225216,39.538281,1788966244407110180,,0,0,0,0,0,0,0,0,0,0,0,0,0,0,0,0,0,0,0
4705458180832,39.558237,1788966244427114332,,0,0,0,0,0,0,0,0,0,0,0,0,0,0,0,0,0,0,0
4705478144576,39.5782,1788966244447110759,,0,0,0,0,0,0,0,0,0,0,0,0,0,0,0,0,0,0,0
4705498081248,39.598137,1788966244467111008,,0,0,0,0,0,0,0,0,0,0,0,0,0,0,0,0,0,0,0
4705518173216,39.618229,1788966244487110994,,0,0,0,0,0,0,0,0,0,0,0,0,0,0,0,0,0,0,0
4705538174400,39.63823,1788966244507111436,,0,0,0,0,0,0,0,0,0,0,0,0,0,0,0,0,0,0,0
4705558258368,39.658314,1788966244527110922,,0,0,0,0,0,0,0,0,0,0,0,0,0,0,0,0,0,0,0
4705578172160,39.678228,1788966244547111145,,0,0,0,0,0,0,0,0,0,0,0,0,0,0,0,0,0,0,0
4705598173888,39.69823,1788966244567110744,,0,0,0,0,0,0,0,0,0,0,0,0,0,0,0,0,0,0,0
4705618185984,39.718242,1788966244587110459,,0,0,0,0,0,0,0,0,0,0,0,0,0,0,0,0,0,0,0
4705638179360,39.738235,1788966244607110330,,0,0,0,0,0,0,0,0,0,0,0,0,0,0,0,0,0,0,0
4705658150912,39.758207,1788966244627110495,,0,0,0,0,0,0,0,0,0,0,0,0,0,0,0,0,0,0,0
4705678183680,39.77824,1788966244647110967,,0,0,0,0,0,0,0,0,0,0,0,0,0,0,0,0,0,0,0
4705698047008,39.798103,1788966244667110825,,0,0,0,0,0,0,0,0,0,0,0,0,0,0,0,0,0,0,0
4705718146400,39.818202,1788966244687111097,,0,0,0,0,0,0,0,0,0,0,0,0,0,0,0,0,0,0,0
4705738175904,39.838232,1788966244707110713,,0,0,0,0,0,0,0,0,0,0,0,0,0,0,0,0,0,0,0
4705758163168,39.858219,1788966244727111051,,0,0,0,0,0,0,0,0,0,0,0,0,0,0,0,0,0,0,0
4705778145920,39.878202,1788966244747111198,,0,0,0,0,0,0,0,0,0,0,0,0,0,0,0,0,0,0,0
4705798164288,39.89822,1788966244767111424,,0,0,0,0,0,0,0,0,0,0,0,0,0,0,0,0,0,0,0
4705818157824,39.918214,1788966244787111332,,0,0,0,0,0,0,0,0,0,0,0,0,0,0,0,0,0,0,0
4705838199296,39.938255,1788966244807110601,,0,0,0,0,0,0,0,0,0,0,0,0,0,0,0,0,0,0,0
4705858184576,39.95824,1788966244827110727,,0,0,0,0,0,0,0,0,0,0,0,0,0,0,0,0,0,0,0
4705878193440,39.978249,1788966244847111023,,0,0,0,0,0,0,0,0,0,0,0,0,0,0,0,0,0,0,0
4705898092096,39.998148,1788966244867110680,,0,0,0,0,0,0,0,0,0,0,0,0,0,0,0,0,0,0,0
4705918176128,40.018232,1788966244887110411,,0,0,0,0,0,0,0,0,0,0,0,0,0,0,0,0,0,0,0
4705938156512,40.038212,1788966244907110807,,0,0,0,0,0,0,0,0,0,0,0,0,0,0,0,0,0,0,0
4705958182848,40.058239,1788966244927111131,,0,0,0,0,0,0,0,0,0,0,0,0,0,0,0,0,0,0,0
4705978151264,40.078207,1788966244947110542,,0,0,0,0,0,0,0,0,0,0,0,0,0,0,0,0,0,0,0
4705998141952,40.098198,1788966244967110783,,0,0,0,0,0,0,0,0,0,0,0,0,0,0,0,0,0,0,0
4706018165408,40.118221,1788966244987110768,,0,0,0,0,0,0,0,0,0,0,0,0,0,0,0,0,0,0,0
4706038157888,40.138214,1788966245007110825,,0,0,0,0,0,0,0,0,0,0,0,0,0,0,0,0,0,0,0
4706058140608,40.158196,1788966245027111108,,0,0,0,0,0,0,0,0,0,0,0,0,0,0,0,0,0,0,0
4706078169600,40.178225,1788966245047111140,,0,0,0,0,0,0,0,0,0,0,0,0,0,0,0,0,0,0,0
4706098114208,40.19817,1788966245067110996,,0,0,0,0,0,0,0,0,0,0,0,0,0,0,0,0,0,0,0
4706118166080,40.218222,1788966245087110674,,0,0,0,0,0,0,0,0,0,0,0,0,0,0,0,0,0,0,0
4706138158976,40.238215,1788966245107110620,,0,0,0,0,0,0,0,0,0,0,0,0,0,0,0,0,0,0,0
4706158237536,40.258293,1788966245127111064,,0,0,0,0,0,0,0,0,0,0,0,0,0,0,0,0,0,0,0
4706178138752,40.278195,1788966245147111080,,0,0,0,0,0,0,0,0,0,0,0,0,0,0,0,0,0,0,0
4706198171328,40.298227,1788966245167111364,,0,0,0,0,0,0,0,0,0,0,0,0,0,0,0,0,0,0,0
4706218139040,40.318195,1788966245187110719,,0,0,0,0,0,0,0,0,0,0,0,0,0,0,0,0,0,0,0
4706238136704,40.338193,1788966245207110985,,0,0,0,0,0,0,0,0,0,0,0,0,0,0,0,0,0,0,0
4706258137568,40.358193,1788966245227124453,,0,0,0,0,0,0,0,0,0,0,0,0,0,0,0,0,0,0,0
4706278146176,40.378202,1788966245247110691,,0,0,0,0,0,0,0,0,0,0,0,0,0,0,0,0,0,0,0
4706298074496,40.39813,1788966245267111433,,0,0,0,0,0,0,0,0,0,0,0,0,0,0,0,0,0,0,0
4706318140864,40.418197,1788966245287125851,,0,0,0,0,0,0,0,0,0,0,0,0,0,0,0,0,0,0,0
4706338134816,40.438191,1788966245307110941,,0,0,0,0,0,0,0,0,0,0,0,0,0,0,0,0,0,0,0
4706358184768,40.458241,1788966245327110609,,0,0,0,0,0,0,0,0,0,0,0,0,0,0,0,0,0,0,0
4706378196992,40.478253,1788966245347110706,,0,0,0,0,0,0,0,0,0,0,0,0,0,0,0,0,0,0,0
4706398130496,40.498186,1788966245367110811,,0,0,0,0,0,0,0,0,0,0,0,0,0,0,0,0,0,0,0
4706418159808,40.518216,1788966245387110720,,0,0,0,0,0,0,0,0,0,0,0,0,0,0,0,0,0,0,0
4706438180416,40.538236,1788966245407110761,,0,0,0,0,0,0,0,0,0,0,0,0,0,0,0,0,0,0,0
4706458121536,40.558177,1788966245427110944,,0,0,0,0,0,0,0,0,0,0,0,0,0,0,0,0,0,0,0
4706478150624,40.578206,1788966245447110702,,0,0,0,0,0,0,0,0,0,0,0,0,0,0,0,0,0,0,0
4706498002560,40.598058,1788966245467110254,,0,0,0,0,0,0,0,0,0,0,0,0,0,0,0,0,0,0,0
4706518106752,40.618163,1788966245487110334,,0,0,0,0,0,0,0,0,0,0,0,0,0,0,0,0,0,0,0
4706538126816,40.638183,1788966245507119684,,0,0,0,0,0,0,0,0,0,0,0,0,0,0,0,0,0,0,0
4706558132672,40.658189,1788966245527111174,,0,0,0,0,0,0,0,0,0,0,0,0,0,0,0,0,0,0,0
4706578113472,40.678169,1788966245547113839,,0,0,0,0,0,0,0,0,0,0,0,0,0,0,0,0,0,0,0
4706598128640,40.698185,1788966245567111599,,0,0,0,0,0,0,0,0,0,0,0,0,0,0,0,0,0,0,0
4706618107264,40.718163,1788966245587110627,,0,0,0,0,0,0,0,0,0,0,0,0,0,0,0,0,0,0,0
4706638126720,40.738183,1788966245607110849,,0,0,0,0,0,0,0,0,0,0,0,0,0,0,0,0,0,0,0
4706658154816,40.758211,1788966245627110818,,0,0,0,0,0,0,0,0,0,0,0,0,0,0,0,0,0,0,0
4706678170688,40.778227,1788966245647111563,,0,0,0,0,0,0,0,0,0,0,0,0,0,0,0,0,0,0,0
4706697999296,40.798055,1788966245667110417,,0,0,0,0,0,0,0,0,0,0,0,0,0,0,0,0,0,0,0
4706718137568,40.818193,1788966245687110507,,0,0,0,0,0,0,0,0,0,0,0,0,0,0,0,0,0,0,0
4706738126816,40.838183,1788966245707111147,,0,0,0,0,0,0,0,0,0,0,0,0,0,0,0,0,0,0,0
4706758131552,40.858187,1788966245727110644,,0,0,0,0,0,0,0,0,0,0,0,0,0,0,0,0,0,0,0
4706778136800,40.878193,1788966245747110571,,0,0,0,0,0,0,0,0,0,0,0,0,0,0,0,0,0,0,0
4706798116960,40.898173,1788966245767110583,,0,0,0,0,0,0,0,0,0,0,0,0,0,0,0,0,0,0,0
4706818152480,40.918208,1788966245787111183,,0,0,0,0,0,0,0,0,0,0,0,0,0,0,0,0,0,0,0
4706838129952,40.938186,1788966245807111216,,0,0,0,0,0,0,0,0,0,0,0,0,0,0,0,0,0,0,0
4706858127648,40.958184,1788966245827110783,,0,0,0,0,0,0,0,0,0,0,0,0,0,0,0,0,0,0,0
4706878138336,40.978194,1788966245847110695,,0,0,0,0,0,0,0,0,0,0,0,0,0,0,0,0,0,0,0
4706898099968,40.998156,1788966245867110408,,0,0,0,0,0,0,0,0,0,0,0,0,0,0,0,0,0,0,0
4706918097184,41.018153,1788966245887111953,,0,0,0,0,0,0,0,0,0,0,0,0,0,0,0,0,0,0,0
4706938139744,41.038196,1788966245907110833,,0,0,0,0,0,0,0,0,0,0,0,0,0,0,0,0,0,0,0
4706958147232,41.058203,1788966245927111297,,0,0,0,0,0,0,0,0,0,0,0,0,0,0,0,0,0,0,0
4706978103936,41.07816,1788966245947110858,,0,0,0,0,0,0,0,0,0,0,0,0,0,0,0,0,0,0,0
4706998129152,41.098185,1788966245967111020,,0,0,0,0,0,0,0,0,0,0,0,0,0,0,0,0,0,0,0
4707018090496,41.118146,1788966245987110930,,0,0,0,0,0,0,0,0,0,0,0,0,0,0,0,0,0,0,0
4707038107648,41.138164,1788966246007110797,,0,0,0,0,0,0,0,0,0,0,0,0,0,0,0,0,0,0,0
4707058136544,41.158192,1788966246027110754,,0,0,0,0,0,0,0,0,0,0,0,0,0,0,0,0,0,0,0
4707078109600,41.178165,1788966246047110636,,0,0,0,0,0,0,0,0,0,0,0,0,0,0,0,0,0,0,0
4707097990496,41.198046,1788966246067111086,,0,0,0,0,0,0,0,0,0,0,0,0,0,0,0,0,0,0,0
4707118102080,41.218158,1788966246087110645,,0,0,0,0,0,0,0,0,0,0,0,0,0,0,0,0,0,0,0
4707138093216,41.238149,1788966246107110962,,0,0,0,0,0,0,0,0,0,0,0,0,0,0,0,0,0,0,0
4707158077536,41.258133,1788966246127110849,,0,0,0,0,0,0,0,0,0,0,0,0,0,0,0,0,0,0,0
4707178113024,41.278169,1788966246147121424,,0,0,0,0,0,0,0,0,0,0,0,0,0,0,0,0,0,0,0
4707198089120,41.298145,1788966246167110966,,0,0,0,0,0,0,0,0,0,0,0,0,0,0,0,0,0,0,0
4707218079328,41.318135,1788966246187111091,,0,0,0,0,0,0,0,0,0,0,0,0,0,0,0,0,0,0,0
4707238102688,41.338159,1788966246207110936,,0,0,0,0,0,0,0,0,0,0,0,0,0,0,0,0,0,0,0
4707258100224,41.358156,1788966246227111277,,0,0,0,0,0,0,0,0,0,0,0,0,0,0,0,0,0,0,0
4707278094752,41.378151,1788966246247125248,,0,0,0,0,0,0,0,0,0,0,0,0,0,0,0,0,0,0,0
4707297974688,41.398031,1788966246267111336,,0,0,0,0,0,0,0,0,0,0,0,0,0,0,0,0,0,0,0
4707318091744,41.418148,1788966246287110627,,0,0,0,0,0,0,0,0,0,0,0,0,0,0,0,0,0,0,0
4707338130688,41.438187,1788966246307111116,,0,0,0,0,0,0,0,0,0,0,0,0,0,0,0,0,0,0,0
4707358158624,41.458214,1788966246327111038,,0,0,0,0,0,0,0,0,0,0,0,0,0,0,0,0,0,0,0
4707378114912,41.478171,1788966246347110410,,0,0,0,0,0,0,0,0,0,0,0,0,0,0,0,0,0,0,0
4707398100416,41.498156,1788966246367110770,,0,0,0,0,0,0,0,0,0,0,0,0,0,0,0,0,0,0,0
4707418087424,41.518143,1788966246387111305,,0,0,0,0,0,0,0,0,0,0,0,0,0,0,0,0,0,0,0
4707438080480,41.538136,1788966246407111224,,0,0,0,0,0,0,0,0,0,0,0,0,0,0,0,0,0,0,0
4707458195488,41.558251,1788966246427110592,,0,0,0,0,0,0,0,0,0,0,0,0,0,0,0,0,0,0,0
4707478100032,41.578156,1788966246447111241,,0,0,0,0,0,0,0,0,0,0,0,0,0,0,0,0,0,0,0
4707497955456,41.598011,1788966246467110834,,0,0,0,0,0,0,0,0,0,0,0,0,0,0,0,0,0,0,0
4707518076928,41.618133,1788966246487110731,,0,0,0,0,0,0,0,0,0,0,0,0,0,0,0,0,0,0,0
4707538093632,41.63815,1788966246507110510,,0,0,0,0,0,0,0,0,0,0,0,0,0,0,0,0,0,0,0
4707558137440,41.658193,1788966246527110356,,0,0,0,0,0,0,0,0,0,0,0,0,0,0,0,0,0,0,0
4707578098912,41.678155,1788966246547110681,,0,0,0,0,0,0,0,0,0,0,0,0,0,0,0,0,0,0,0
4707598067936,41.698124,1788966246567110574,,0,0,0,0,0,0,0,0,0,0,0,0,0,0,0,0,0,0,0
4707618078336,41.718134,1788966246587117183,,0,0,0,0,0,0,0,0,0,0,0,0,0,0,0,0,0,0,0
4707638094944,41.738151,1788966246607110849,,0,0,0,0,0,0,0,0,0,0,0,0,0,0,0,0,0,0,0
4707658143680,41.7582,1788966246627110794,,0,0,0,0,0,0,0,0,0,0,0,0,0,0,0,0,0,0,0
4707678075008,41.778131,1788966246647110990,,0,0,0,0,0,0,0,0,0,0,0,0,0,0,0,0,0,0,0
4707697946656,41.798003,1788966246667110743,,0,0,0,0,0,0,0,0,0,0,0,0,0,0,0,0,0,0,0
4707718057760,41.818114,1788966246687111391,,0,0,0,0,0,0,0,0,0,0,0,0,0,0,0,0,0,0,0
4707738057696,41.838114,1788966246707110935,,0,0,0,0,0,0,0,0,0,0,0,0,0,0,0,0,0,0,0
4707758221120,41.858277,1788966246727110527,,0,0,0,0,0,0,0,0,0,0,0,0,0,0,0,0,0,0,0
4707778062944,41.878119,1788966246747110856,,0,0,0,0,0,0,0,0,0,0,0,0,0,0,0,0,0,0,0
4707798099808,41.898156,1788966246767110389,,0,0,0,0,0,0,0,0,0,0,0,0,0,0,0,0,0,0,0
4707818063264,41.918119,1788966246787110341,,0,0,0,0,0,0,0,0,0,0,0,0,0,0,0,0,0,0,0
4707838094624,41.93815,1788966246807124157,,0,0,0,0,0,0,0,0,0,0,0,0,0,0,0,0,0,0,0
4707858253280,41.958309,1788966246827110877,,0,0,0,0,0,0,0,0,0,0,0,0,0,0,0,0,0,0,0
4707878068160,41.978124,1788966246847110577,,0,0,0,0,0,0,0,0,0,0,0,0,0,0,0,0,0,0,0
4707897939552,41.997995,1788966246867110599,,0,0,0,0,0,0,0,0,0,0,0,0,0,0,0,0,0,0,0
4707918094272,42.01815,1788966246887110793,,0,0,0,0,0,0,0,0,0,0,0,0,0,0,0,0,0,0,0
4707938078752,42.038135,1788966246907111143,,0,0,0,0,0,0,0,0,0,0,0,0,0,0,0,0,0,0,0
4707958136192,42.058192,1788966246927125702,,0,0,0,0,0,0,0,0,0,0,0,0,0,0,0,0,0,0,0
4707978083776,42.07814,1788966246947110884,,0,0,0,0,0,0,0,0,0,0,0,0,0,0,0,0,0,0,0
4707998063552,42.098119,1788966246967111196,,0,0,0,0,0,0,0,0,0,0,0,0,0,0,0,0,0,0,0
4708018039264,42.118095,1788966246987110719,,0,0,0,0,0,0,0,0,0,0,0,0,0,0,0,0,0,0,0
4708038061056,42.138117,1788966247007110957,,0,0,0,0,0,0,0,0,0,0,0,0,0,0,0,0,0,0,0
4708058246592,42.158302,1788966247027110408,,0,0,0,0,0,0,0,0,0,0,0,0,0,0,0,0,0,0,0
4708078054016,42.17811,1788966247047110690,,0,0,0,0,0,0,0,0,0,0,0,0,0,0,0,0,0,0,0
4708097953248,42.198009,1788966247067111080,,0,0,0,0,0,0,0,0,0,0,0,0,0,0,0,0,0,0,0
4708118045184,42.218101,1788966247087110821,,0,0,0,0,0,0,0,0,0,0,0,0,0,0,0,0,0,0,0
4708138036544,42.238092,1788966247107110591,,0,0,0,0,0,0,0,0,0,0,0,0,0,0,0,0,0,0,0
4708158189184,42.258245,1788966247127110378,,0,0,0,0,0,0,0,0,0,0,0,0,0,0,0,0,0,0,0
4708178046016,42.278102,1788966247147111908,,0,0,0,0,0,0,0,0,0,0,0,0,0,0,0,0,0,0,0
4708198039872,42.298096,1788966247167111151,,0,0,0,0,0,0,0,0,0,0,0,0,0,0,0,0,0,0,0
4708218051904,42.318108,1788966247187110884,,0,0,0,0,0,0,0,0,0,0,0,0,0,0,0,0,0,0,0
4708238065152,42.338121,1788966247207111015,,0,0,0,0,0,0,0,0,0,0,0,0,0,0,0,0,0,0,0
4708258126432,42.358182,1788966247227111266,,0,0,0,0,0,0,0,0,0,0,0,0,0,0,0,0,0,0,0
4708278078848,42.378135,1788966247247110644,,0,0,0,0,0,0,0,0,0,0,0,0,0,0,0,0,0,0,0
4708297935808,42.397992,1788966247267110688,,0,0,0,0,0,0,0,0,0,0,0,0,0,0,0,0,0,0,0
4708318100160,42.418156,1788966247287110494,,0,0,0,0,0,0,0,0,0,0,0,0,0,0,0,0,0,0,0
4708338023232,42.438079,1788966247307124855,,0,0,0,0,0,0,0,0,0,0,0,0,0,0,0,0,0,0,0
4708358099904,42.458156,1788966247327110759,,0,0,0,0,0,0,0,0,0,0,0,0,0,0,0,0,0,0,0
4708378077120,42.478133,1788966247347110599,,0,0,0,0,0,0,0,0,0,0,0,0,0,0,0,0,0,0,0
4708398054848,42.498111,1788966247367110976,,0,0,0,0,0,0,0,0,0,0,0,0,0,0,0,0,0,0,0
4708418025888,42.518082,1788966247387110669,,0,0,0,0,0,0,0,0,0,0,0,0,0,0,0,0,0,0,0
4708438056704,42.538113,1788966247407111082,,0,0,0,0,0,0,0,0,0,0,0,0,0,0,0,0,0,0,0
4708458104960,42.558161,1788966247427110676,,0,0,0,0,0,0,0,0,0,0,0,0,0,0,0,0,0,0,0
4708478027136,42.578083,1788966247447111146,,0,0,0,0,0,0,0,0,0,0,0,0,0,0,0,0,0,0,0
4708497967424,42.598023,1788966247467110858,,0,0,0,0,0,0,0,0,0,0,0,0,0,0,0,0,0,0,0
4708518056032,42.618112,1788966247487110763,,0,0,0,0,0,0,0,0,0,0,0,0,0,0,0,0,0,0,0
4708538013408,42.638069,1788966247507111217,,0,0,0,0,0,0,0,0,0,0,0,0,0,0,0,0,0,0,0
4708558299008,42.658355,1788966247527110153,,0,0,0,0,0,0,0,0,0,0,0,0,0,0,0,0,0,0,0
4708578048032,42.678104,1788966247547110644,,0,0,0,0,0,0,0,0,0,0,0,0,0,0,0,0,0,0,0
4708598037280,42.698093,1788966247567110476,,0,0,0,0,0,0,0,0,0,0,0,0,0,0,0,0,0,0,0
4708618034176,42.71809,1788966247587111043,,0,0,0,0,0,0,0,0,0,0,0,0,0,0,0,0,0,0,0
4708638019360,42.738075,1788966247607110628,,0,0,0,0,0,0,0,0,0,0,0,0,0,0,0,0,0,0,0
4708658017920,42.758074,1788966247627111766,,0,0,0,0,0,0,0,0,0,0,0,0,0,0,0,0,0,0,0
4708678049568,42.778105,1788966247647111012,,0,0,0,0,0,0,0,0,0,0,0,0,0,0,0,0,0,0,0
4708697911040,42.797967,1788966247667117490,,0,0,0,0,0,0,0,0,0,0,0,0,0,0,0,0,0,0,0
4708717999680,42.818056,1788966247687110772,,0,0,0,0,0,0,0,0,0,0,0,0,0,0,0,0,0,0,0
4708738052960,42.838109,1788966247707110092,,0,0,0,0,0,0,0,0,0,0,0,0,0,0,0,0,0,0,0
4708758171584,42.858227,1788966247727111233,,0,0,0,0,0,0,0,0,0,0,0,0,0,0,0,0,0,0,0
4708778050720,42.878107,1788966247747111166,,0,0,0,0,0,0,0,0,0,0,0,0,0,0,0,0,0,0,0
4708798021696,42.898078,1788966247767111080,,0,0,0,0,0,0,0,0,0,0,0,0,0,0,0,0,0,0,0
4708818025408,42.918081,1788966247787110915,,0,0,0,0,0,0,0,0,0,0,0,0,0,0,0,0,0,0,0
4708838045408,42.938101,1788966247807110389,,0,0,0,0,0,0,0,0,0,0,0,0,0,0,0,0,0,0,0
4708858054400,42.95811,1788966247827110135,,0,0,0,0,0,0,0,0,0,0,0,0,0,0,0,0,0,0,0
4708878016224,42.978072,1788966247847110632,,0,0,0,0,0,0,0,0,0,0,0,0,0,0,0,0,0,0,0
4708897889088,42.997945,1788966247867110930,,0,0,0,0,0,0,0,0,0,0,0,0,0,0,0,0,0,0,0
4708917996032,43.018052,1788966247887110682,,0,0,0,0,0,0,0,0,0,0,0,0,0,0,0,0,0,0,0
4708938016512,43.038072,1788966247907111027,,0,0,0,0,0,0,0,0,0,0,0,0,0,0,0,0,0,0,0
4708958151584,43.058207,1788966247927110442,,0,0,0,0,0,0,0,0,0,0,0,0,0,0,0,0,0,0,0
4708978012736,43.078069,1788966247947110874,,0,0,0,0,0,0,0,0,0,0,0,0,0,0,0,0,0,0,0
4708998005728,43.098062,1788966247967110741,,0,0,0,0,0,0,0,0,0,0,0,0,0,0,0,0,0,0,0
4709018022496,43.118078,1788966247987111206,,0,0,0,0,0,0,0,0,0,0,0,0,0,0,0,0,0,0,0
4709038010560,43.138066,1788966248007110888,,0,0,0,0,0,0,0,0,0,0,0,0,0,0,0,0,0,0,0
4709058100832,43.158157,1788966248027110770,,0,0,0,0,0,0,0,0,0,0,0,0,0,0,0,0,0,0,0
4709078015072,43.178071,1788966248047111110,,0,0,0,0,0,0,0,0,0,0,0,0,0,0,0,0,0,0,0
4709097896608,43.197952,1788966248067110907,,0,0,0,0,0,0,0,0,0,0,0,0,0,0,0,0,0,0,0
4709117981696,43.218038,1788966248087110187,,0,0,0,0,0,0,0,0,0,0,0,0,0,0,0,0,0,0,0
4709138022016,43.238078,1788966248107110668,,0,0,0,0,0,0,0,0,0,0,0,0,0,0,0,0,0,0,0
4709158207968,43.258264,1788966248127125537,,0,0,0,0,0,0,0,0,0,0,0,0,0,0,0,0,0,0,0
4709178051200,43.278107,1788966248147111535,,0,0,0,0,0,0,0,0,0,0,0,0,0,0,0,0,0,0,0
4709198037536,43.298093,1788966248167109371,,0,0,0,0,0,0,0,0,0,0,0,0,0,0,0,0,0,0,0
4709218060640,43.318117,1788966248187111147,,0,0,0,0,0,0,0,0,0,0,0,0,0,0,0,0,0,0,0
4709238038368,43.338094,1788966248207111522,,0,0,0,0,0,0,0,0,0,0,0,0,0,0,0,0,0,0,0
4709258156320,43.358212,1788966248227111402,,0,0,0,0,0,0,0,0,0,0,0,0,0,0,0,0,0,0,0
4709278010368,43.378066,1788966248247110881,,0,0,0,0,0,0,0,0,0,0,0,0,0,0,0,0,0,0,0
4709297887552,43.397943,1788966248267111177,,0,0,0,0,0,0,0,0,0,0,0,0,0,0,0,0,0,0,0
4709318009408,43.418065,1788966248287111020,,0,0,0,0,0,0,0,0,0,0,0,0,0,0,0,0,0,0,0
4709338032736,43.438089,1788966248307111023,,0,0,0,0,0,0,0,0,0,0,0,0,0,0,0,0,0,0,0
4709358146208,43.458202,1788966248327111119,,0,0,0,0,0,0,0,0,0,0,0,0,0,0,0,0,0,0,0
4709378032864,43.478089,1788966248347110841,,0,0,0,0,0,0,0,0,0,0,0,0,0,0,0,0,0,0,0
4709397996832,43.498053,1788966248367110567,,0,0,0,0,0,0,0,0,0,0,0,0,0,0,0,0,0,0,0
4709418060192,43.518116,1788966248387110965,,0,0,0,0,0,0,0,0,0,0,0,0,0,0,0,0,0,0,0
4709438007104,43.538063,1788966248407110880,,0,0,0,0,0,0,0,0,0,0,0,0,0,0,0,0,0,0,0
4709458029504,43.558085,1788966248427110933,,0,0,0,0,0,0,0,0,0,0,0,0,0,0,0,0,0,0,0
4709478021952,43.578078,1788966248447111450,,0,0,0,0,0,0,0,0,0,0,0,0,0,0,0,0,0,0,0
4709497874720,43.597931,1788966248467111151,,0,0,0,0,0,0,0,0,0,0,0,0,0,0,0,0,0,0,0
4709518000160,43.618056,1788966248487110909,,0,0,0,0,0,0,0,0,0,0,0,0,0,0,0,0,0,0,0
4709538011232,43.638067,1788966248507110955,,0,0,0,0,0,0,0,0,0,0,0,0,0,0,0,0,0,0,0
4709558048160,43.658104,1788966248527110932,,0,0,0,0,0,0,0,0,0,0,0,0,0,0,0,0,0,0,0
4709577994432,43.67805,1788966248547111089,,0,0,0,0,0,0,0,0,0,0,0,0,0,0,0,0,0,0,0
4709598013376,43.698069,1788966248567111166,,0,0,0,0,0,0,0,0,0,0,0,0,0,0,0,0,0,0,0
4709618002912,43.718059,1788966248587111067,,0,0,0,0,0,0,0,0,0,0,0,0,0,0,0,0,0,0,0
4709638022656,43.738079,1788966248607114246,,0,0,0,0,0,0,0,0,0,0,0,0,0,0,0,0,0,0,0
4709658031616,43.758087,1788966248627110780,,0,0,0,0,0,0,0,0,0,0,0,0,0,0,0,0,0,0,0
4709678015904,43.778072,1788966248647111212,,0,0,0,0,0,0,0,0,0,0,0,0,0,0,0,0,0,0,0
4709697868960,43.797925,1788966248667110660,,0,0,0,0,0,0,0,0,0,0,0,0,0,0,0,0,0,0,0
4709717994144,43.81805,1788966248687110790,,0,0,0,0,0,0,0,0,0,0,0,0,0,0,0,0,0,0,0
4709737989696,43.838046,1788966248707110777,,0,0,0,0,0,0,0,0,0,0,0,0,0,0,0,0,0,0,0
4709758045472,43.858101,1788966248727110615,,0,0,0,0,0,0,0,0,0,0,0,0,0,0,0,0,0,0,0
4709777968384,43.878024,1788966248747111311,,0,0,0,0,0,0,0,0,0,0,0,0,0,0,0,0,0,0,0
4709797973984,43.89803,1788966248767111116,,0,0,0,0,0,0,0,0,0,0,0,0,0,0,0,0,0,0,0
4709817982400,43.918038,1788966248787123100,,0,0,0,0,0,0,0,0,0,0,0,0,0,0,0,0,0,0,0
4709837988544,43.938044,1788966248807110383,,0,0,0,0,0,0,0,0,0,0,0,0,0,0,0,0,0,0,0
4709858097312,43.958153,1788966248827110776,,0,0,0,0,0,0,0,0,0,0,0,0,0,0,0,0,0,0,0
4709878017472,43.978073,1788966248847111145,,0,0,0,0,0,0,0,0,0,0,0,0,0,0,0,0,0,0,0
4709898002176,43.998058,1788966248867111167,,0,0,0,0,0,0,0,0,0,0,0,0,0,0,0,0,0,0,0
4709917965056,44.018021,1788966248887110351,,0,0,0,0,0,0,0,0,0,0,0,0,0,0,0,0,0,0,0
4709937985408,44.038041,1788966248907110706,,0,0,0,0,0,0,0,0,0,0,0,0,0,0,0,0,0,0,0
4709957982816,44.058039,1788966248927110365,,0,0,0,0,0,0,0,0,0,0,0,0,0,0,0,0,0,0,0
4709977961632,44.078018,1788966248947111247,,0,0,0,0,0,0,0,0,0,0,0,0,0,0,0,0,0,0,0
4709997995936,44.098052,1788966248967110549,,0,0,0,0,0,0,0,0,0,0,0,0,0,0,0,0,0,0,0
4710018014816,44.118071,1788966248987110565,,0,0,0,0,0,0,0,0,0,0,0,0,0,0,0,0,0,0,0
4710037963936,44.13802,1788966249007110913,,0,0,0,0,0,0,0,0,0,0,0,0,0,0,0,0,0,0,0
4710058056640,44.158113,1788966249027110268,,0,0,0,0,0,0,0,0,0,0,0,0,0,0,0,0,0,0,0
4710077983200,44.178039,1788966249047110597,,0,0,0,0,0,0,0,0,0,0,0,0,0,0,0,0,0,0,0
4710097899584,44.197955,1788966249067110950,,0,0,0,0,0,0,0,0,0,0,0,0,0,0,0,0,0,0,0
4710117974272,44.21803,1788966249087110882,,0,0,0,0,0,0,0,0,0,0,0,0,0,0,0,0,0,0,0
4710137965184,44.238021,1788966249107110704,,0,0,0,0,0,0,0,0,0,0,0,0,0,0,0,0,0,0,0
4710157979296,44.258035,1788966249127111125,,0,0,0,0,0,0,0,0,0,0,0,0,0,0,0,0,0,0,0
4710177983840,44.27804,1788966249147111541,,0,0,0,0,0,0,0,0,0,0,0,0,0,0,0,0,0,0,0
4710197967072,44.298023,1788966249167110892,,0,0,0,0,0,0,0,0,0,0,0,0,0,0,0,0,0,0,0
4710217995264,44.318051,1788966249187111020,,0,0,0,0,0,0,0,0,0,0,0,0,0,0,0,0,0,0,0
4710237968576,44.338024,1788966249207111440,,0,0,0,0,0,0,0,0,0,0,0,0,0,0,0,0,0,0,0
4710258000992,44.358057,1788966249227111816,,0,0,0,0,0,0,0,0,0,0,0,0,0,0,0,0,0,0,0
4710278003648,44.37806,1788966249247111018,,0,0,0,0,0,0,0,0,0,0,0,0,0,0,0,0,0,0,0
4710297897920,44.397954,1788966249267110640,,0,0,0,0,0,0,0,0,0,0,0,0,0,0,0,0,0,0,0
4710317959904,44.418016,1788966249287111144,,0,0,0,0,0,0,0,0,0,0,0,0,0,0,0,0,0,0,0
4710337984416,44.43804,1788966249307110755,,0,0,0,0,0,0,0,0,0,0,0,0,0,0,0,0,0,0,0
4710358002976,44.458059,1788966249327110578,,0,0,0,0,0,0,0,0,0,0,0,0,0,0,0,0,0,0,0
4710377942528,44.477998,1788966249347110726,,0,0,0,0,0,0,0,0,0,0,0,0,0,0,0,0,0,0,0
4710397970272,44.498026,1788966249367110968,,0,0,0,0,0,0,0,0,0,0,0,0,0,0,0,0,0,0,0
4710417938880,44.517995,1788966249387111195,,0,0,0,0,0,0,0,0,0,0,0,0,0,0,0,0,0,0,0
4710437945024,44.538001,1788966249407110642,,0,0,0,0,0,0,0,0,0,0,0,0,0,0,0,0,0,0,0
4710457973824,44.55803,1788966249427110733,,0,0,0,0,0,0,0,0,0,0,0,0,0,0,0,0,0,0,0
4710477949696,44.578006,1788966249447111226,,0,0,0,0,0,0,0,0,0,0,0,0,0,0,0,0,0,0,0
4710497834720,44.597891,1788966249467110985,,0,0,0,0,0,0,0,0,0,0,0,0,0,0,0,0,0,0,0
4710517967552,44.618023,1788966249487111329,,0,0,0,0,0,0,0,0,0,0,0,0,0,0,0,0,0,0,0
4710537946304,44.638002,1788966249507110807,,0,0,0,0,0,0,0,0,0,0,0,0,0,0,0,0,0,0,0
4710557956992,44.658013,1788966249527110906,,0,0,0,0,0,0,0,0,0,0,0,0,0,0,0,0,0,0,0
4710577955104,44.678011,1788966249547110505,,0,0,0,0,0,0,0,0,0,0,0,0,0,0,0,0,0,0,0
4710597949696,44.698006,1788966249567110837,,0,0,0,0,0,0,0,0,0,0,0,0,0,0,0,0,0,0,0
4710617938752,44.717995,1788966249587111215,,0,0,0,0,0,0,0,0,0,0,0,0,0,0,0,0,0,0,0
4710637956032,44.738012,1788966249607110827,,0,0,0,0,0,0,0,0,0,0,0,0,0,0,0,0,0,0,0
4710657983232,44.758039,1788966249627111228,,0,0,0,0,0,0,0,0,0,0,0,0,0,0,0,0,0,0,0
4710677973664,44.77803,1788966249647111796,,0,0,0,0,0,0,0,0,0,0,0,0,0,0,0,0,0,0,0
4710697879968,44.797936,1788966249667111249,,0,0,0,0,0,0,0,0,0,0,0,0,0,0,0,0,0,0,0
4710717925056,44.817981,1788966249687110557,,0,0,0,0,0,0,0,0,0,0,0,0,0,0,0,0,0,0,0
4710737961152,44.838017,1788966249707110596,,0,0,0,0,0,0,0,0,0,0,0,0,0,0,0,0,0,0,0
4710757959456,44.858015,1788966249727110628,,0,0,0,0,0,0,0,0,0,0,0,0,0,0,0,0,0,0,0
4710777919296,44.877975,1788966249747110601,,0,0,0,0,0,0,0,0,0,0,0,0,0,0,0,0,0,0,0
4710797925312,44.897981,1788966249767110866,,0,0,0,0,0,0,0,0,0,0,0,0,0,0,0,0,0,0,0
4710817908992,44.917965,1788966249787110656,,0,0,0,0,0,0,0,0,0,0,0,0,0,0,0,0,0,0,0
4710837916672,44.937973,1788966249807110302,,0,0,0,0,0,0,0,0,0,0,0,0,0,0,0,0,0,0,0
4710857924320,44.95798,1788966249827117573,,0,0,0,0,0,0,0,0,0,0,0,0,0,0,0,0,0,0,0
4710877919200,44.977975,1788966249847111572,,0,0,0,0,0,0,0,0,0,0,0,0,0,0,0,0,0,0,0
4710897805472,44.997861,1788966249867113618,,0,0,0,0,0,0,0,0,0,0,0,0,0,0,0,0,0,0,0
4710917929024,45.017985,1788966249887111518,,0,0,0,0,0,0,0,0,0,0,0,0,0,0,0,0,0,0,0
4710937925888,45.037982,1788966249907110966,,0,0,0,0,0,0,0,0,0,0,0,0,0,0,0,0,0,0,0
4710957915808,45.057972,1788966249927110443,,0,0,0,0,0,0,0,0,0,0,0,0,0,0,0,0,0,0,0
4710977922048,45.077978,1788966249947111386,,0,0,0,0,0,0,0,0,0,0,0,0,0,0,0,0,0,0,0
4710997917216,45.097973,1788966249967111010,,0,0,0,0,0,0,0,0,0,0,0,0,0,0,0,0,0,0,0
4711017899328,45.117955,1788966249987111214,,0,0,0,0,0,0,0,0,0,0,0,0,0,0,0,0,0,0,0
4711037930592,45.137986,1788966250007110873,,0,0,0,0,0,0,0,0,0,0,0,0,0,0,0,0,0,0,0
4711057928064,45.157984,1788966250027110675,,0,0,0,0,0,0,0,0,0,0,0,0,0,0,0,0,0,0,0
4711077901696,45.177958,1788966250047111087,,0,0,0,0,0,0,0,0,0,0,0,0,0,0,0,0,0,0,0
4711097797760,45.197854,1788966250067111116,,0,0,0,0,0,0,0,0,0,0,0,0,0,0,0,0,0,0,0
4711117889632,45.217946,1788966250087111273,,0,0,0,0,0,0,0,0,0,0,0,0,0,0,0,0,0,0,0
4711137883936,45.23794,1788966250107110678,,0,0,0,0,0,0,0,0,0,0,0,0,0,0,0,0,0,0,0
4711157927840,45.257984,1788966250127110356,,0,0,0,0,0,0,0,0,0,0,0,0,0,0,0,0,0,0,0
4711177884480,45.27794,1788966250147111095,,0,0,0,0,0,0,0,0,0,0,0,0,0,0,0,0,0,0,0
4711197919488,45.297975,1788966250167111265,,0,0,0,0,0,0,0,0,0,0,0,0,0,0,0,0,0,0,0
4711217890176,45.317946,1788966250187111451,,0,0,0,0,0,0,0,0,0,0,0,0,0,0,0,0,0,0,0
4711237894816,45.337951,1788966250207110980,,0,0,0,0,0,0,0,0,0,0,0,0,0,0,0,0,0,0,0
4711258068416,45.358124,1788966250227110827,,0,0,0,0,0,0,0,0,0,0,0,0,0,0,0,0,0,0,0
4711277914240,45.37797,1788966250247110914,,0,0,0,0,0,0,0,0,0,0,0,0,0,0,0,0,0,0,0
4711297797376,45.397853,1788966250267110723,,0,0,0,0,0,0,0,0,0,0,0,0,0,0,0,0,0,0,0
4711317933152,45.417989,1788966250287111037,,0,0,0,0,0,0,0,0,0,0,0,0,0,0,0,0,0,0,0
4711337903040,45.437959,1788966250307110488,,0,0,0,0,0,0,0,0,0,0,0,0,0,0,0,0,0,0,0
4711357879552,45.457935,1788966250327110786,,0,0,0,0,0,0,0,0,0,0,0,0,0,0,0,0,0,0,0
4711377894976,45.477951,1788966250347111020,,0,0,0,0,0,0,0,0,0,0,0,0,0,0,0,0,0,0,0
4711397898528,45.497954,1788966250367110831,,0,0,0,0,0,0,0,0,0,0,0,0,0,0,0,0,0,0,0
4711417877952,45.517934,1788966250387110230,,0,0,0,0,0,0,0,0,0,0,0,0,0,0,0,0,0,0,0
4711437902656,45.537959,1788966250407111073,,0,0,0,0,0,0,0,0,0,0,0,0,0,0,0,0,0,0,0
4711457941888,45.557998,1788966250427110459,,0,0,0,0,0,0,0,0,0,0,0,0,0,0,0,0,0,0,0
4711477878400,45.577934,1788966250447114109,,0,0,0,0,0,0,0,0,0,0,0,0,0,0,0,0,0,0,0
4711497777408,45.597833,1788966250467110653,,0,0,0,0,0,0,0,0,0,0,0,0,0,0,0,0,0,0,0
4711517883488,45.617939,1788966250487111286,,0,0,0,0,0,0,0,0,0,0,0,0,0,0,0,0,0,0,0
4711537871584,45.637927,1788966250507110786,,0,0,0,0,0,0,0,0,0,0,0,0,0,0,0,0,0,0,0
4711557950784,45.658007,1788966250527111101,,0,0,0,0,0,0,0,0,0,0,0,0,0,0,0,0,0,0,0
4711577908672,45.677965,1788966250547110970,,0,0,0,0,0,0,0,0,0,0,0,0,0,0,0,0,0,0,0
4711597886912,45.697943,1788966250567110911,,0,0,0,0,0,0,0,0,0,0,0,0,0,0,0,0,0,0,0
4711617881568,45.717937,1788966250587111037,,0,0,0,0,0,0,0,0,0,0,0,0,0,0,0,0,0,0,0
4711637879776,45.737936,1788966250607110211,,0,0,0,0,0,0,0,0,0,0,0,0,0,0,0,0,0,0,0
4711657874144,45.75793,1788966250627110502,,0,0,0,0,0,0,0,0,0,0,0,0,0,0,0,0,0,0,0
4711677900384,45.777956,1788966250647111311,,0,0,0,0,0,0,0,0,0,0,0,0,0,0,0,0,0,0,0
4711697805184,45.797861,1788966250667110856,,0,0,0,0,0,0,0,0,0,0,0,0,0,0,0,0,0,0,0
4711717884896,45.817941,1788966250687111094,,0,0,0,0,0,0,0,0,0,0,0,0,0,0,0,0,0,0,0
4711737911744,45.837968,1788966250707110165,,0,0,0,0,0,0,0,0,0,0,0,0,0,0,0,0,0,0,0
4711757860672,45.857917,1788966250727110446,,0,0,0,0,0,0,0,0,0,0,0,0,0,0,0,0,0,0,0
4711777967360,45.878023,1788966250747110991,,0,0,0,0,0,0,0,0,0,0,0,0,0,0,0,0,0,0,0
4711797902240,45.897958,1788966250767110907,,0,0,0,0,0,0,0,0,0,0,0,0,0,0,0,0,0,0,0
4711817961888,45.918018,1788966250787113879,,0,0,0,0,0,0,0,0,0,0,0,0,0,0,0,0,0,0,0
4711837918944,45.937975,1788966250807110686,,0,0,0,0,0,0,0,0,0,0,0,0,0,0,0,0,0,0,0
4711857977888,45.958034,1788966250827110159,,0,0,0,0,0,0,0,0,0,0,0,0,0,0,0,0,0,0,0
4711877897120,45.977953,1788966250847110368,,0,0,0,0,0,0,0,0,0,0,0,0,0,0,0,0,0,0,0
4711897866592,45.997922,1788966250867110596,,0,0,0,0,0,0,0,0,0,0,0,0,0,0,0,0,0,0,0
4711917893408,46.017949,1788966250887110278,,0,0,0,0,0,0,0,0,0,0,0,0,0,0,0,0,0,0,0
4711937943616,46.037999,1788966250907119964,,0,0,0,0,0,0,0,0,0,0,0,0,0,0,0,0,0,0,0
4711957945408,46.058001,1788966250927111000,,0,0,0,0,0,0,0,0,0,0,0,0,0,0,0,0,0,0,0
4711977873984,46.07793,1788966250947112942,,0,0,0,0,0,0,0,0,0,0,0,0,0,0,0,0,0,0,0
4711997862272,46.097918,1788966250967110692,,0,0,0,0,0,0,0,0,0,0,0,0,0,0,0,0,0,0,0
4712017890912,46.117947,1788966250987110796,,0,0,0,0,0,0,0,0,0,0,0,0,0,0,0,0,0,0,0
4712037878336,46.137934,1788966251007111096,,0,0,0,0,0,0,0,0,0,0,0,0,0,0,0,0,0,0,0
4712057892448,46.157948,1788966251027111419,,0,0,0,0,0,0,0,0,0,0,0,0,0,0,0,0,0,0,0
4712077879552,46.177935,1788966251047110663,,0,0,0,0,0,0,0,0,0,0,0,0,0,0,0,0,0,0,0
4712097751264,46.197807,1788966251067110945,,0,0,0,0,0,0,0,0,0,0,0,0,0,0,0,0,0,0,0
4712117896192,46.217952,1788966251087111153,,0,0,0,0,0,0,0,0,0,0,0,0,0,0,0,0,0,0,0
4712137881184,46.237937,1788966251107110774,,0,0,0,0,0,0,0,0,0,0,0,0,0,0,0,0,0,0,0
4712157880640,46.257937,1788966251127110405,,0,0,0,0,0,0,0,0,0,0,0,0,0,0,0,0,0,0,0
4712177907744,46.277964,1788966251147111086,,0,0,0,0,0,0,0,0,0,0,0,0,0,0,0,0,0,0,0
4712197878592,46.297934,1788966251167111017,,0,0,0,0,0,0,0,0,0,0,0,0,0,0,0,0,0,0,0
4712217871424,46.317927,1788966251187110853,,0,0,0,0,0,0,0,0,0,0,0,0,0,0,0,0,0,0,0
4712237890432,46.337946,1788966251207110933,,0,0,0,0,0,0,0,0,0,0,0,0,0,0,0,0,0,0,0
4712257919296,46.357975,1788966251227110703,,0,0,0,0,0,0,0,0,0,0,0,0,0,0,0,0,0,0,0
4712277847232,46.377903,1788966251247111298,,0,0,0,0,0,0,0,0,0,0,0,0,0,0,0,0,0,0,0
4712297764992,46.397821,1788966251267110539,,0,0,0,0,0,0,0,0,0,0,0,0,0,0,0,0,0,0,0
4712317835936,46.417892,1788966251287110871,,0,0,0,0,0,0,0,0,0,0,0,0,0,0,0,0,0,0,0
4712337847168,46.437903,1788966251307111017,,0,0,0,0,0,0,0,0,0,0,0,0,0,0,0,0,0,0,0
4712357883072,46.457939,1788966251327110659,,0,0,0,0,0,0,0,0,0,0,0,0,0,0,0,0,0,0,0
4712377853280,46.477909,1788966251347111251,,0,0,0,0,0,0,0,0,0,0,0,0,0,0,0,0,0,0,0
4712397838240,46.497894,1788966251367110710,,0,0,0,0,0,0,0,0,0,0,0,0,0,0,0,0,0,0,0
4712417935776,46.517992,1788966251387110577,,0,0,0,0,0,0,0,0,0,0,0,0,0,0,0,0,0,0,0
4712437846272,46.537902,1788966251407111118,,0,0,0,0,0,0,0,0,0,0,0,0,0,0,0,0,0,0,0
4712457928512,46.557984,1788966251427110845,,0,0,0,0,0,0,0,0,0,0,0,0,0,0,0,0,0,0,0
4712477862560,46.577918,1788966251447110787,,0,0,0,0,0,0,0,0,0,0,0,0,0,0,0,0,0,0,0
4712497782816,46.597839,1788966251467110593,,0,0,0,0,0,0,0,0,0,0,0,0,0,0,0,0,0,0,0
4712517815392,46.617871,1788966251487110697,,0,0,0,0,0,0,0,0,0,0,0,0,0,0,0,0,0,0,0
4712537853568,46.637909,1788966251507110823,,0,0,0,0,0,0,0,0,0,0,0,0,0,0,0,0,0,0,0
4712557849664,46.657906,1788966251527110854,,0,0,0,0,0,0,0,0,0,0,0,0,0,0,0,0,0,0,0
4712577850688,46.677907,1788966251547111118,,0,0,0,0,0,0,0,0,0,0,0,0,0,0,0,0,0,0,0
4712597855680,46.697912,1788966251567111253,,0,0,0,0,0,0,0,0,0,0,0,0,0,0,0,0,0,0,0
4712617843584,46.717899,1788966251587110955,,0,0,0,0,0,0,0,0,0,0,0,0,0,0,0,0,0,0,0
4712637849088,46.737905,1788966251607113916,,0,0,0,0,0,0,0,0,0,0,0,0,0,0,0,0,0,0,0
4712658012288,46.758068,1788966251627110812,,0,0,0,0,0,0,0,0,0,0,0,0,0,0,0,0,0,0,0
4712677832672,46.777889,1788966251647110669,,0,0,0,0,0,0,0,0,0,0,0,0,0,0,0,0,0,0,0
4712697832736,46.797889,1788966251667110777,,0,0,0,0,0,0,0,0,0,0,0,0,0,0,0,0,0,0,0
4712717849600,46.817905,1788966251687110252,,0,0,0,0,0,0,0,0,0,0,0,0,0,0,0,0,0,0,0
4712737844608,46.8379,1788966251707111547,,0,0,0,0,0,0,0,0,0,0,0,0,0,0,0,0,0,0,0
4712757848608,46.857904,1788966251727110826,,0,0,0,0,0,0,0,0,0,0,0,0,0,0,0,0,0,0,0
4712777829600,46.877885,1788966251747110683,,0,0,0,0,0,0,0,0,0,0,0,0,0,0,0,0,0,0,0
4712797833088,46.897889,1788966251767111081,,0,0,0,0,0,0,0,0,0,0,0,0,0,0,0,0,0,0,0
4712817854816,46.917911,1788966251787110895,,0,0,0,0,0,0,0,0,0,0,0,0,0,0,0,0,0,0,0
4712837847840,46.937904,1788966251807110661,,0,0,0,0,0,0,0,0,0,0,0,0,0,0,0,0,0,0,0
4712857910944,46.957967,1788966251827111488,,0,0,0,0,0,0,0,0,0,0,0,0,0,0,0,0,0,0,0
4712877845568,46.977901,1788966251847110905,,0,0,0,0,0,0,0,0,0,0,0,0,0,0,0,0,0,0,0
4712897808992,46.997865,1788966251867110852,,0,0,0,0,0,0,0,0,0,0,0,0,0,0,0,0,0,0,0
4712917822272,47.017878,1788966251887110531,,0,0,0,0,0,0,0,0,0,0,0,0,0,0,0,0,0,0,0
4712937848672,47.037905,1788966251907110611,,0,0,0,0,0,0,0,0,0,0,0,0,0,0,0,0,0,0,0
4712957854592,47.05791,1788966251927110570,,0,0,0,0,0,0,0,0,0,0,0,0,0,0,0,0,0,0,0
4712977810208,47.077866,1788966251947110124,,0,0,0,0,0,0,0,0,0,0,0,0,0,0,0,0,0,0,0
4712997815552,47.097871,1788966251967110484,,0,0,0,0,0,0,0,0,0,0,0,0,0,0,0,0,0,0,0
4713017839072,47.117895,1788966251987110474,,0,0,0,0,0,0,0,0,0,0,0,0,0,0,0,0,0,0,0
4713037831936,47.137888,1788966252007111045,,0,0,0,0,0,0,0,0,0,0,0,0,0,0,0,0,0,0,0
4713057849504,47.157905,1788966252027123245,,0,0,0,0,0,0,0,0,0,0,0,0,0,0,0,0,0,0,0
4713077831904,47.177888,1788966252047110666,,0,0,0,0,0,0,0,0,0,0,0,0,0,0,0,0,0,0,0
4713097786240,47.197842,1788966252067111328,,0,0,0,0,0,0,0,0,0,0,0,0,0,0,0,0,0,0,0
4713117832192,47.217888,1788966252087110837,,0,0,0,0,0,0,0,0,0,0,0,0,0,0,0,0,0,0,0
4713137833888,47.23789,1788966252107111091,,0,0,0,0,0,0,0,0,0,0,0,0,0,0,0,0,0,0,0
4713157898144,47.257954,1788966252127111029,,0,0,0,0,0,0,0,0,0,0,0,0,0,0,0,0,0,0,0
4713177834272,47.27789,1788966252147114518,,0,0,0,0,0,0,0,0,0,0,0,0,0,0,0,0,0,0,0
4713197814112,47.29787,1788966252167110442,,0,0,0,0,0,0,0,0,0,0,0,0,0,0,0,0,0,0,0
4713217822400,47.317878,1788966252187110726,,0,0,0,0,0,0,0,0,0,0,0,0,0,0,0,0,0,0,0
4713237802400,47.337858,1788966252207125179,,0,0,0,0,0,0,0,0,0,0,0,0,0,0,0,0,0,0,0
4713257790240,47.357846,1788966252227111077,,0,0,0,0,0,0,0,0,0,0,0,0,0,0,0,0,0,0,0
4713277819104,47.377875,1788966252247111093,,0,0,0,0,0,0,0,0,0,0,0,0,0,0,0,0,0,0,0
4713297750304,47.397806,1788966252267110619,,0,0,0,0,0,0,0,0,0,0,0,0,0,0,0,0,0,0,0
4713317805536,47.417861,1788966252287110786,,0,0,0,0,0,0,0,0,0,0,0,0,0,0,0,0,0,0,0
4713337828608,47.437884,1788966252307110695,,0,0,0,0,0,0,0,0,0,0,0,0,0,0,0,0,0,0,0
4713357836160,47.457892,1788966252327111330,,0,0,0,0,0,0,0,0,0,0,0,0,0,0,0,0,0,0,0
4713377856768,47.477913,1788966252347111009,,0,0,0,0,0,0,0,0,0,0,0,0,0,0,0,0,0,0,0
4713397814624,47.49787,1788966252367110375,,0,0,0,0,0,0,0,0,0,0,0,0,0,0,0,0,0,0,0
4713417801056,47.517857,1788966252387110526,,0,0,0,0,0,0,0,0,0,0,0,0,0,0,0,0,0,0,0
4713437823616,47.537879,1788966252407110938,,0,0,0,0,0,0,0,0,0,0,0,0,0,0,0,0,0,0,0
4713457832128,47.557888,1788966252427125026,,0,0,0,0,0,0,0,0,0,0,0,0,0,0,0,0,0,0,0
4713477819680,47.577876,1788966252447110384,,0,0,0,0,0,0,0,0,0,0,0,0,0,0,0,0,0,0,0
4713497793344,47.597849,1788966252467110448,,0,0,0,0,0,0,0,0,0,0,0,0,0,0,0,0,0,0,0
4713517796640,47.617853,1788966252487110621,,0,0,0,0,0,0,0,0,0,0,0,0,0,0,0,0,0,0,0
4713537799936,47.637856,1788966252507110677,,0,0,0,0,0,0,0,0,0,0,0,0,0,0,0,0,0,0,0
4713557777824,47.657834,1788966252527110616,,0,0,0,0,0,0,0,0,0,0,0,0,0,0,0,0,0,0,0
4713577817408,47.677873,1788966252547110720,,0,0,0,0,0,0,0,0,0,0,0,0,0,0,0,0,0,0,0
4713597803360,47.697859,1788966252567110626,,0,0,0,0,0,0,0,0,0,0,0,0,0,0,0,0,0,0,0
4713617915520,47.717971,1788966252587110974,,0,0,0,0,0,0,0,0,0,0,0,0,0,0,0,0,0,0,0
4713637801376,47.737857,1788966252607111297,,0,0,0,0,0,0,0,0,0,0,0,0,0,0,0,0,0,0,0
4713657818752,47.757875,1788966252627111212,,0,0,0,0,0,0,0,0,0,0,0,0,0,0,0,0,0,0,0
4713677806176,47.777862,1788966252647111594,,0,0,0,0,0,0,0,0,0,0,0,0,0,0,0,0,0,0,0
4713697735264,47.797791,1788966252667110958,,0,0,0,0,0,0,0,0,0,0,0,0,0,0,0,0,0,0,0
4713717777312,47.817833,1788966252687110278,,0,0,0,0,0,0,0,0,0,0,0,0,0,0,0,0,0,0,0
4713737813568,47.837869,1788966252707110931,,0,0,0,0,0,0,0,0,0,0,0,0,0,0,0,0,0,0,0
4713757825888,47.857882,1788966252727110666,,0,0,0,0,0,0,0,0,0,0,0,0,0,0,0,0,0,0,0
4713777770784,47.877827,1788966252747110777,,0,0,0,0,0,0,0,0,0,0,0,0,0,0,0,0,0,0,0
4713797797664,47.897854,1788966252767110806,,0,0,0,0,0,0,0,0,0,0,0,0,0,0,0,0,0,0,0
4713817801408,47.917857,1788966252787110437,,0,0,0,0,0,0,0,0,0,0,0,0,0,0,0,0,0,0,0
4713837776096,47.937832,1788966252807110556,,0,0,0,0,0,0,0,0,0,0,0,0,0,0,0,0,0,0,0
4713857847264,47.957903,1788966252827110681,,0,0,0,0,0,0,0,0,0,0,0,0,0,0,0,0,0,0,0
4713877796352,47.977852,1788966252847110659,,0,0,0,0,0,0,0,0,0,0,0,0,0,0,0,0,0,0,0
4713897651840,47.997708,1788966252867110973,,0,0,0,0,0,0,0,0,0,0,0,0,0,0,0,0,0,0,0
4713917771936,48.017828,1788966252887111121,,0,0,0,0,0,0,0,0,0,0,0,0,0,0,0,0,0,0,0
4713937829056,48.037885,1788966252907110998,,0,0,0,0,0,0,0,0,0,0,0,0,0,0,0,0,0,0,0
4713957764736,48.057821,1788966252927111052,,0,0,0,0,0,0,0,0,0,0,0,0,0,0,0,0,0,0,0
4713977833600,48.077889,1788966252947110806,,0,0,0,0,0,0,0,0,0,0,0,0,0,0,0,0,0,0,0
4713997789952,48.097846,1788966252967110606,,0,0,0,0,0,0,0,0,0,0,0,0,0,0,0,0,0,0,0
4714017763680,48.11782,1788966252987110591,,0,0,0,0,0,0,0,0,0,0,0,0,0,0,0,0,0,0,0
4714037794880,48.137851,1788966253007110835,,0,0,0,0,0,0,0,0,0,0,0,0,0,0,0,0,0,0,0
4714057774944,48.157831,1788966253027110600,,0,0,0,0,0,0,0,0,0,0,0,0,0,0,0,0,0,0,0
4714077769504,48.177825,1788966253047110288,,0,0,0,0,0,0,0,0,0,0,0,0,0,0,0,0,0,0,0
4714097755392,48.197811,1788966253067110658,,0,0,0,0,0,0,0,0,0,0,0,0,0,0,0,0,0,0,0
4714117759488,48.217815,1788966253087111840,,0,0,0,0,0,0,0,0,0,0,0,0,0,0,0,0,0,0,0
4714137780064,48.237836,1788966253107122983,,0,0,0,0,0,0,0,0,0,0,0,0,0,0,0,0,0,0,0
4714157817568,48.257873,1788966253127110704,,0,0,0,0,0,0,0,0,0,0,0,0,0,0,0,0,0,0,0
4714177757056,48.277813,1788966253147111654,,0,0,0,0,0,0,0,0,0,0,0,0,0,0,0,0,0,0,0
4714197770912,48.297827,1788966253167111121,,0,0,0,0,0,0,0,0,0,0,0,0,0,0,0,0,0,0,0
4714217774816,48.317831,1788966253187111007,,0,0,0,0,0,0,0,0,0,0,0,0,0,0,0,0,0,0,0
4714237754016,48.33781,1788966253207111463,,0,0,0,0,0,0,0,0,0,0,0,0,0,0,0,0,0,0,0
4714257798592,48.357854,1788966253227110669,,0,0,0,0,0,0,0,0,0,0,0,0,0,0,0,0,0,0,0
4714277764768,48.377821,1788966253247110706,,0,0,0,0,0,0,0,0,0,0,0,0,0,0,0,0,0,0,0
4714297635904,48.397692,1788966253267110995,,0,0,0,0,0,0,0,0,0,0,0,0,0,0,0,0,0,0,0
4714317762400,48.417818,1788966253287110770,,0,0,0,0,0,0,0,0,0,0,0,0,0,0,0,0,0,0,0
4714337761824,48.437818,1788966253307110499,,0,0,0,0,0,0,0,0,0,0,0,0,0,0,0,0,0,0,0
4714357753216,48.457809,1788966253327111014,,0,0,0,0,0,0,0,0,0,0,0,0,0,0,0,0,0,0,0
4714377767040,48.477823,1788966253347110426,,0,0,0,0,0,0,0,0,0,0,0,0,0,0,0,0,0,0,0
4714397761408,48.497817,1788966253367110810,,0,0,0,0,0,0,0,0,0,0,0,0,0,0,0,0,0,0,0
4714417747424,48.517803,1788966253387110481,,0,0,0,0,0,0,0,0,0,0,0,0,0,0,0,0,0,0,0
4714437762816,48.537819,1788966253407111305,,0,0,0,0,0,0,0,0,0,0,0,0,0,0,0,0,0,0,0
4714457795392,48.557851,1788966253427110685,,0,0,0,0,0,0,0,0,0,0,0,0,0,0,0,0,0,0,0
4714477717952,48.577774,1788966253447110701,,0,0,0,0,0,0,0,0,0,0,0,0,0,0,0,0,0,0,0
4714497640512,48.597696,1788966253467110447,,0,0,0,0,0,0,0,0,0,0,0,0,0,0,0,0,0,0,0
4714517782432,48.617838,1788966253487110452,,0,0,0,0,0,0,0,0,0,0,0,0,0,0,0,0,0,0,0
4714537762496,48.637818,1788966253507111091,,0,0,0,0,0,0,0,0,0,0,0,0,0,0,0,0,0,0,0
4714557781312,48.657837,1788966253527110999,,0,0,0,0,0,0,0,0,0,0,0,0,0,0,0,0,0,0,0
4714577768768,48.677825,1788966253547110077,,0,0,0,0,0,0,0,0,0,0,0,0,0,0,0,0,0,0,0
4714597786144,48.697842,1788966253567110957,,0,0,0,0,0,0,0,0,0,0,0,0,0,0,0,0,0,0,0
4714617779744,48.717836,1788966253587110749,,0,0,0,0,0,0,0,0,0,0,0,0,0,0,0,0,0,0,0
4714637746400,48.737802,1788966253607110987,,0,0,0,0,0,0,0,0,0,0,0,0,0,0,0,0,0,0,0
4714657811136,48.757867,1788966253627110876,,0,0,0,0,0,0,0,0,0,0,0,0,0,0,0,0,0,0,0
4714677771136,48.777827,1788966253647111787,,0,0,0,0,0,0,0,0,0,0,0,0,0,0,0,0,0,0,0
4714697623584,48.797679,1788966253667110753,,0,0,0,0,0,0,0,0,0,0,0,0,0,0,0,0,0,0,0
4714717808928,48.817865,1788966253687110570,,0,0,0,0,0,0,0,0,0,0,0,0,0,0,0,0,0,0,0
4714737767840,48.837824,1788966253707111715,,0,0,0,0,0,0,0,0,0,0,0,0,0,0,0,0,0,0,0
4714757785728,48.857842,1788966253727124778,,0,0,0,0,0,0,0,0,0,0,0,0,0,0,0,0,0,0,0
4714777781792,48.877838,1788966253747110762,,0,0,0,0,0,0,0,0,0,0,0,0,0,0,0,0,0,0,0
4714797747264,48.897803,1788966253767110507,,0,0,0,0,0,0,0,0,0,0,0,0,0,0,0,0,0,0,0
4714817782240,48.917838,1788966253787110926,,0,0,0,0,0,0,0,0,0,0,0,0,0,0,0,0,0,0,0
4714837760320,48.937816,1788966253807110421,,0,0,0,0,0,0,0,0,0,0,0,0,0,0,0,0,0,0,0
4714857756640,48.957813,1788966253827110915,,0,0,0,0,0,0,0,0,0,0,0,0,0,0,0,0,0,0,0
4714877747584,48.977803,1788966253847110204,,0,0,0,0,0,0,0,0,0,0,0,0,0,0,0,0,0,0,0
4714897629984,48.997686,1788966253867111144,,0,0,0,0,0,0,0,0,0,0,0,0,0,0,0,0,0,0,0
4714917741184,49.017797,1788966253887110790,,0,0,0,0,0,0,0,0,0,0,0,0,0,0,0,0,0,0,0
4714937745248,49.037801,1788966253907110928,,0,0,0,0,0,0,0,0,0,0,0,0,0,0,0,0,0,0,0
4714957763232,49.057819,1788966253927110576,,0,0,0,0,0,0,0,0,0,0,0,0,0,0,0,0,0,0,0
4714977824064,49.07788,1788966253947110692,,0,0,0,0,0,0,0,0,0,0,0,0,0,0,0,0,0,0,0
4714997736736,49.097793,1788966253967110250,,0,0,0,0,0,0,0,0,0,0,0,0,0,0,0,0,0,0,0
