t_recv_ns,t_s,t_stamp_ns,frame_id,hardware_connected,analog_states_0,analog_states_1,analog_states_2,analog_states_3,analog_states_4,analog_states_5,digital_states_0,digital_states_1,digital_states_2,digital_states_3,digital_states_4,digital_states_5,digital_states_6,digital_states_7,digital_states_8,digital_states_9,digital_states_10,digital_states_11
21448400263424,0,1786372905916528918,,0,0,0,0,0,0,0,0,0,0,0,0,0,0,0,0,0,0,0
21448420245472,0.019982048,1786372905936523745,,0,0,0,0,0,0,0,0,0,0,0,0,0,0,0,0,0,0,0
21448440228544,0.03996512,1786372905956507206,,0,0,0,0,0,0,0,0,0,0,0,0,0,0,0,0,0,0,0
21448460116640,0.059853216,1786372905976511916,,0,0,0,0,0,0,0,0,0,0,0,0,0,0,0,0,0,0,0
21448480244192,0.079980768,1786372905996504940,,0,0,0,0,0,0,0,0,0,0,0,0,0,0,0,0,0,0,0
21448500244768,0.099981344,1786372906016511609,,0,0,0,0,0,0,0,0,0,0,0,0,0,0,0,0,0,0,0
21448520234432,0.11997101,1786372906036532750,,0,0,0,0,0,0,0,0,0,0,0,0,0,0,0,0,0,0,0
21448540244992,0.13998157,1786372906056528195,,0,0,0,0,0,0,0,0,0,0,0,0,0,0,0,0,0,0,0
21448560273152,0.16000973,1786372906076525203,,0,0,0,0,0,0,0,0,0,0,0,0,0,0,0,0,0,0,0
21448580242304,0.17997888,1786372906096510906,,0,0,0,0,0,0,0,0,0,0,0,0,0,0,0,0,0,0,0
21448600237088,0.19997366,1786372906116512301,,0,0,0,0,0,0,0,0,0,0,0,0,0,0,0,0,0,0,0
21448620216000,0.21995258,1786372906136505438,,0,0,0,0,0,0,0,0,0,0,0,0,0,0,0,0,0,0,0
21448640248000,0.23998458,1786372906156511430,,0,0,0,0,0,0,0,0,0,0,0,0,0,0,0,0,0,0,0
21448660112608,0.25984918,1786372906176532434,,0,0,0,0,0,0,0,0,0,0,0,0,0,0,0,0,0,0,0
21448680250368,0.27998694,1786372906196527116,,0,0,0,0,0,0,0,0,0,0,0,0,0,0,0,0,0,0,0
21448700256096,0.29999267,1786372906216524496,,0,0,0,0,0,0,0,0,0,0,0,0,0,0,0,0,0,0,0
21448720243456,0.31998003,1786372906236506765,,0,0,0,0,0,0,0,0,0,0,0,0,0,0,0,0,0,0,0
21448740213024,0.3399496,1786372906256511976,,0,0,0,0,0,0,0,0,0,0,0,0,0,0,0,0,0,0,0
21448760238816,0.35997539,1786372906276505602,,0,0,0,0,0,0,0,0,0,0,0,0,0,0,0,0,0,0,0
21448780212384,0.37994896,1786372906296512134,,0,0,0,0,0,0,0,0,0,0,0,0,0,0,0,0,0,0,0
21448800242432,0.39997901,1786372906316532779,,0,0,0,0,0,0,0,0,0,0,0,0,0,0,0,0,0,0,0
21448820227936,0.41996451,1786372906336527463,,0,0,0,0,0,0,0,0,0,0,0,0,0,0,0,0,0,0,0
21448840219328,0.4399559,1786372906356523202,,0,0,0,0,0,0,0,0,0,0,0,0,0,0,0,0,0,0,0
21448860081728,0.4598183,1786372906376507573,,0,0,0,0,0,0,0,0,0,0,0,0,0,0,0,0,0,0,0
21448880214464,0.47995104,1786372906396511522,,0,0,0,0,0,0,0,0,0,0,0,0,0,0,0,0,0,0,0
21448900231552,0.49996813,1786372906416504241,,0,0,0,0,0,0,0,0,0,0,0,0,0,0,0,0,0,0,0
21448920230784,0.51996736,1786372906436511397,,0,0,0,0,0,0,0,0,0,0,0,0,0,0,0,0,0,0,0
21448940249856,0.53998643,1786372906456538254,,0,0,0,0,0,0,0,0,0,0,0,0,0,0,0,0,0,0,0
21448960236064,0.55997264,1786372906476527084,,0,0,0,0,0,0,0,0,0,0,0,0,0,0,0,0,0,0,0
21448980223168,0.57995974,1786372906496523385,,0,0,0,0,0,0,0,0,0,0,0,0,0,0,0,0,0,0,0
21449000217600,0.59995418,1786372906516506165,,0,0,0,0,0,0,0,0,0,0,0,0,0,0,0,0,0,0,0
21449020178272,0.61991485,1786372906536511500,,0,0,0,0,0,0,0,0,0,0,0,0,0,0,0,0,0,0,0
21449040201920,0.6399385,1786372906556505838,,0,0,0,0,0,0,0,0,0,0,0,0,0,0,0,0,0,0,0
21449060079936,0.65981651,1786372906576509888,,0,0,0,0,0,0,0,0,0,0,0,0,0,0,0,0,0,0,0
21449080226112,0.67996269,1786372906596533630,,0,0,0,0,0,0,0,0,0,0,0,0,0,0,0,0,0,0,0
21449100331584,0.70006816,1786372906616528877,,0,0,0,0,0,0,0,0,0,0,0,0,0,0,0,0,0,0,0
21449120206592,0.71994317,1786372906636523103,,0,0,0,0,0,0,0,0,0,0,0,0,0,0,0,0,0,0,0
21449140189952,0.73992653,1786372906656506220,,0,0,0,0,0,0,0,0,0,0,0,0,0,0,0,0,0,0,0
21449160216672,0.75995325,1786372906676511706,,0,0,0,0,0,0,0,0,0,0,0,0,0,0,0,0,0,0,0
21449180199264,0.77993584,1786372906696504430,,0,0,0,0,0,0,0,0,0,0,0,0,0,0,0,0,0,0,0
21449200205184,0.79994176,1786372906716510281,,0,0,0,0,0,0,0,0,0,0,0,0,0,0,0,0,0,0,0
21449220196928,0.8199335,1786372906736531595,,0,0,0,0,0,0,0,0,0,0,0,0,0,0,0,0,0,0,0
21449240225024,0.8399616,1786372906756527172,,0,0,0,0,0,0,0,0,0,0,0,0,0,0,0,0,0,0,0
21449260155680,0.85989226,1786372906776524121,,0,0,0,0,0,0,0,0,0,0,0,0,0,0,0,0,0,0,0
21449280201312,0.87993789,1786372906796506571,,0,0,0,0,0,0,0,0,0,0,0,0,0,0,0,0,0,0,0
21449300412416,0.90014899,1786372906816510210,,0,0,0,0,0,0,0,0,0,0,0,0,0,0,0,0,0,0,0
21449320169984,0.91990656,1786372906836504041,,0,0,0,0,0,0,0,0,0,0,0,0,0,0,0,0,0,0,0
21449340206752,0.93994333,1786372906856510530,,0,0,0,0,0,0,0,0,0,0,0,0,0,0,0,0,0,0,0
21449360238880,0.95997546,1786372906876531756,,0,0,0,0,0,0,0,0,0,0,0,0,0,0,0,0,0,0,0
21449380203872,0.97994045,1786372906896527105,,0,0,0,0,0,0,0,0,0,0,0,0,0,0,0,0,0,0,0
21449400204640,0.99994122,1786372906916524514,,0,0,0,0,0,0,0,0,0,0,0,0,0,0,0,0,0,0,0
21449420175776,1.0199124,1786372906936507051,,0,0,0,0,0,0,0,0,0,0,0,0,0,0,0,0,0,0,0
21449440207552,1.0399441,1786372906956511309,,0,0,0,0,0,0,0,0,0,0,0,0,0,0,0,0,0,0,0
21449460052064,1.0597886,1786372906976504642,,0,0,0,0,0,0,0,0,0,0,0,0,0,0,0,0,0,0,0
21449480173088,1.0799097,1786372906996511578,,0,0,0,0,0,0,0,0,0,0,0,0,0,0,0,0,0,0,0
21449500225920,1.0999625,1786372907016531919,,0,0,0,0,0,0,0,0,0,0,0,0,0,0,0,0,0,0,0
21449520183232,1.1199198,1786372907036525001,,0,0,0,0,0,0,0,0,0,0,0,0,0,0,0,0,0,0,0
21449540215424,1.139952,1786372907056522697,,0,0,0,0,0,0,0,0,0,0,0,0,0,0,0,0,0,0,0
21449560206080,1.1599427,1786372907076507357,,0,0,0,0,0,0,0,0,0,0,0,0,0,0,0,0,0,0,0
21449580166976,1.1799036,1786372907096514677,,0,0,0,0,0,0,0,0,0,0,0,0,0,0,0,0,0,0,0
21449600184160,1.1999207,1786372907116505732,,0,0,0,0,0,0,0,0,0,0,0,0,0,0,0,0,0,0,0
21449620181728,1.2199183,1786372907136510704,,0,0,0,0,0,0,0,0,0,0,0,0,0,0,0,0,0,0,0
21449640225472,1.239962,1786372907156530400,,0,0,0,0,0,0,0,0,0,0,0,0,0,0,0,0,0,0,0
21449660058560,1.2597951,1786372907176527446,,0,0,0,0,0,0,0,0,0,0,0,0,0,0,0,0,0,0,0
21449680192928,1.2799295,1786372907196522782,,0,0,0,0,0,0,0,0,0,0,0,0,0,0,0,0,0,0,0
21449700242272,1.2999788,1786372907216506922,,0,0,0,0,0,0,0,0,0,0,0,0,0,0,0,0,0,0,0
21449720184448,1.319921,1786372907236511269,,0,0,0,0,0,0,0,0,0,0,0,0,0,0,0,0,0,0,0
21449740192512,1.3399291,1786372907256504145,,0,0,0,0,0,0,0,0,0,0,0,0,0,0,0,0,0,0,0
21449760193888,1.3599305,1786372907276510798,,0,0,0,0,0,0,0,0,0,0,0,0,0,0,0,0,0,0,0
21449780200160,1.3799367,1786372907296530418,,0,0,0,0,0,0,0,0,0,0,0,0,0,0,0,0,0,0,0
21449800095840,1.3998324,1786372907316526792,,0,0,0,0,0,0,0,0,0,0,0,0,0,0,0,0,0,0,0
21449820213888,1.4199505,1786372907336523093,,0,0,0,0,0,0,0,0,0,0,0,0,0,0,0,0,0,0,0
21449840159872,1.4398964,1786372907356506667,,0,0,0,0,0,0,0,0,0,0,0,0,0,0,0,0,0,0,0
21449860054848,1.4597914,1786372907376514135,,0,0,0,0,0,0,0,0,0,0,0,0,0,0,0,0,0,0,0
21449880166176,1.4799028,1786372907396505534,,0,0,0,0,0,0,0,0,0,0,0,0,0,0,0,0,0,0,0
21449900232192,1.4999688,1786372907416512176,,0,0,0,0,0,0,0,0,0,0,0,0,0,0,0,0,0,0,0
21449920218464,1.519955,1786372907436532033,,0,0,0,0,0,0,0,0,0,0,0,0,0,0,0,0,0,0,0
21449940219744,1.5399563,1786372907456527420,,0,0,0,0,0,0,0,0,0,0,0,0,0,0,0,0,0,0,0
21449960201152,1.5599377,1786372907476524181,,0,0,0,0,0,0,0,0,0,0,0,0,0,0,0,0,0,0,0
21449980169184,1.5799058,1786372907496507524,,0,0,0,0,0,0,0,0,0,0,0,0,0,0,0,0,0,0,0
21450000161952,1.5998985,1786372907516511502,,0,0,0,0,0,0,0,0,0,0,0,0,0,0,0,0,0,0,0
21450020143328,1.6198799,1786372907536504820,,0,0,0,0,0,0,0,0,0,0,0,0,0,0,0,0,0,0,0
21450040176224,1.6399128,1786372907556511887,,0,0,0,0,0,0,0,0,0,0,0,0,0,0,0,0,0,0,0
21450060036672,1.6597732,1786372907576532767,,0,0,0,0,0,0,0,0,0,0,0,0,0,0,0,0,0,0,0
21450080176576,1.6799132,1786372907596531005,,0,0,0,0,0,0,0,0,0,0,0,0,0,0,0,0,0,0,0
21450100224352,1.6999609,1786372907616524178,,0,0,0,0,0,0,0,0,0,0,0,0,0,0,0,0,0,0,0
21450120137504,1.7198741,1786372907636507716,,0,0,0,0,0,0,0,0,0,0,0,0,0,0,0,0,0,0,0
21450140174880,1.7399115,1786372907656511890,,0,0,0,0,0,0,0,0,0,0,0,0,0,0,0,0,0,0,0
21450160156480,1.7598931,1786372907676505741,,0,0,0,0,0,0,0,0,0,0,0,0,0,0,0,0,0,0,0
21450180139168,1.7798757,1786372907696512043,,0,0,0,0,0,0,0,0,0,0,0,0,0,0,0,0,0,0,0
21450200192736,1.7999293,1786372907716532511,,0,0,0,0,0,0,0,0,0,0,0,0,0,0,0,0,0,0,0
21450220182400,1.819919,1786372907736527499,,0,0,0,0,0,0,0,0,0,0,0,0,0,0,0,0,0,0,0
21450240170240,1.8399068,1786372907756524324,,0,0,0,0,0,0,0,0,0,0,0,0,0,0,0,0,0,0,0
21450260143840,1.8598804,1786372907776507767,,0,0,0,0,0,0,0,0,0,0,0,0,0,0,0,0,0,0,0
21450280152192,1.8798888,1786372907796510544,,0,0,0,0,0,0,0,0,0,0,0,0,0,0,0,0,0,0,0
21450300160096,1.8998967,1786372907816505459,,0,0,0,0,0,0,0,0,0,0,0,0,0,0,0,0,0,0,0
21450320146368,1.9198829,1786372907836511529,,0,0,0,0,0,0,0,0,0,0,0,0,0,0,0,0,0,0,0
21450340180864,1.9399174,1786372907856531860,,0,0,0,0,0,0,0,0,0,0,0,0,0,0,0,0,0,0,0
21450360143296,1.9598799,1786372907876528103,,0,0,0,0,0,0,0,0,0,0,0,0,0,0,0,0,0,0,0
21450380147936,1.9798845,1786372907896523564,,0,0,0,0,0,0,0,0,0,0,0,0,0,0,0,0,0,0,0
21450400159616,1.9998962,1786372907916507278,,0,0,0,0,0,0,0,0,0,0,0,0,0,0,0,0,0,0,0
21450420158752,2.0198953,1786372907936511482,,0,0,0,0,0,0,0,0,0,0,0,0,0,0,0,0,0,0,0
21450440138816,2.0398754,1786372907956503867,,0,0,0,0,0,0,0,0,0,0,0,0,0,0,0,0,0,0,0
21450460008064,2.0597446,1786372907976510297,,0,0,0,0,0,0,0,0,0,0,0,0,0,0,0,0,0,0,0
21450480151520,2.0798881,1786372907996532242,,0,0,0,0,0,0,0,0,0,0,0,0,0,0,0,0,0,0,0
21450500170240,2.0999068,1786372908016527382,,0,0,0,0,0,0,0,0,0,0,0,0,0,0,0,0,0,0,0
21450520160736,2.1198973,1786372908036524677,,0,0,0,0,0,0,0,0,0,0,0,0,0,0,0,0,0,0,0
21450540140160,2.1398767,1786372908056508165,,0,0,0,0,0,0,0,0,0,0,0,0,0,0,0,0,0,0,0
21450560131552,2.1598681,1786372908076512527,,0,0,0,0,0,0,0,0,0,0,0,0,0,0,0,0,0,0,0
21450580113856,2.1798504,1786372908096507515,,0,0,0,0,0,0,0,0,0,0,0,0,0,0,0,0,0,0,0
21450600159040,2.1998956,1786372908116512045,,0,0,0,0,0,0,0,0,0,0,0,0,0,0,0,0,0,0,0
21450620183712,2.2199203,1786372908136532693,,0,0,0,0,0,0,0,0,0,0,0,0,0,0,0,0,0,0,0
21450640166048,2.2399026,1786372908156527189,,0,0,0,0,0,0,0,0,0,0,0,0,0,0,0,0,0,0,0
21450660009536,2.2597461,1786372908176524244,,0,0,0,0,0,0,0,0,0,0,0,0,0,0,0,0,0,0,0
21450680138336,2.2798749,1786372908196507555,,0,0,0,0,0,0,0,0,0,0,0,0,0,0,0,0,0,0,0
21450700152864,2.2998894,1786372908216512082,,0,0,0,0,0,0,0,0,0,0,0,0,0,0,0,0,0,0,0
21450720130592,2.3198672,1786372908236505055,,0,0,0,0,0,0,0,0,0,0,0,0,0,0,0,0,0,0,0
21450740114624,2.3398512,1786372908256511652,,0,0,0,0,0,0,0,0,0,0,0,0,0,0,0,0,0,0,0
21450760144928,2.3598815,1786372908276532167,,0,0,0,0,0,0,0,0,0,0,0,0,0,0,0,0,0,0,0
21450780138752,2.3798753,1786372908296528537,,0,0,0,0,0,0,0,0,0,0,0,0,0,0,0,0,0,0,0
21450800151808,2.3998884,1786372908316524045,,0,0,0,0,0,0,0,0,0,0,0,0,0,0,0,0,0,0,0
21450820089056,2.4198256,1786372908336506767,,0,0,0,0,0,0,0,0,0,0,0,0,0,0,0,0,0,0,0
21450840142368,2.4398789,1786372908356511503,,0,0,0,0,0,0,0,0,0,0,0,0,0,0,0,0,0,0,0
21450859996096,2.4597327,1786372908376505686,,0,0,0,0,0,0,0,0,0,0,0,0,0,0,0,0,0,0,0
21450880147840,2.4798844,1786372908396511453,,0,0,0,0,0,0,0,0,0,0,0,0,0,0,0,0,0,0,0
21450900143424,2.49988,1786372908416532666,,0,0,0,0,0,0,0,0,0,0,0,0,0,0,0,0,0,0,0
21450920140448,2.519877,1786372908436527523,,0,0,0,0,0,0,0,0,0,0,0,0,0,0,0,0,0,0,0
21450940128544,2.5398651,1786372908456524395,,0,0,0,0,0,0,0,0,0,0,0,0,0,0,0,0,0,0,0
21450960147456,2.559884,1786372908476507429,,0,0,0,0,0,0,0,0,0,0,0,0,0,0,0,0,0,0,0
21450980099488,2.5798361,1786372908496513192,,0,0,0,0,0,0,0,0,0,0,0,0,0,0,0,0,0,0,0
21451000130016,2.5998666,1786372908516504912,,0,0,0,0,0,0,0,0,0,0,0,0,0,0,0,0,0,0,0
21451020104896,2.6198415,1786372908536511023,,0,0,0,0,0,0,0,0,0,0,0,0,0,0,0,0,0,0,0
21451040138784,2.6398754,1786372908556532947,,0,0,0,0,0,0,0,0,0,0,0,0,0,0,0,0,0,0,0
21451059996640,2.6597332,1786372908576526277,,0,0,0,0,0,0,0,0,0,0,0,0,0,0,0,0,0,0,0
21451080136704,2.6798733,1786372908596527356,,0,0,0,0,0,0,0,0,0,0,0,0,0,0,0,0,0,0,0
21451100143392,2.69988,1786372908616507321,,0,0,0,0,0,0,0,0,0,0,0,0,0,0,0,0,0,0,0
21451120125728,2.7198623,1786372908636511696,,0,0,0,0,0,0,0,0,0,0,0,0,0,0,0,0,0,0,0
21451140107904,2.7398445,1786372908656504124,,0,0,0,0,0,0,0,0,0,0,0,0,0,0,0,0,0,0,0
21451160090112,2.7598267,1786372908676510627,,0,0,0,0,0,0,0,0,0,0,0,0,0,0,0,0,0,0,0
21451180119744,2.7798563,1786372908696546248,,0,0,0,0,0,0,0,0,0,0,0,0,0,0,0,0,0,0,0
21451200162272,2.7998988,1786372908716528168,,0,0,0,0,0,0,0,0,0,0,0,0,0,0,0,0,0,0,0
21451220231168,2.8199677,1786372908736524079,,0,0,0,0,0,0,0,0,0,0,0,0,0,0,0,0,0,0,0
21451240369664,2.8401062,1786372908756521556,,0,0,0,0,0,0,0,0,0,0,0,0,0,0,0,0,0,0,0
21451260068416,2.859805,1786372908776511063,,0,0,0,0,0,0,0,0,0,0,0,0,0,0,0,0,0,0,0
21451280078464,2.879815,1786372908796504581,,0,0,0,0,0,0,0,0,0,0,0,0,0,0,0,0,0,0,0
21451300170560,2.8999071,1786372908816511174,,0,0,0,0,0,0,0,0,0,0,0,0,0,0,0,0,0,0,0
21451320120832,2.9198574,1786372908836532722,,0,0,0,0,0,0,0,0,0,0,0,0,0,0,0,0,0,0,0
21451340116256,2.9398528,1786372908856528507,,0,0,0,0,0,0,0,0,0,0,0,0,0,0,0,0,0,0,0
21451360107712,2.9598443,1786372908876523301,,0,0,0,0,0,0,0,0,0,0,0,0,0,0,0,0,0,0,0
21451380098112,2.9798347,1786372908896507302,,0,0,0,0,0,0,0,0,0,0,0,0,0,0,0,0,0,0,0
21451400136896,2.9998735,1786372908916511520,,0,0,0,0,0,0,0,0,0,0,0,0,0,0,0,0,0,0,0
21451420109856,3.0198464,1786372908936505176,,0,0,0,0,0,0,0,0,0,0,0,0,0,0,0,0,0,0,0
21451440094976,3.0398316,1786372908956511010,,0,0,0,0,0,0,0,0,0,0,0,0,0,0,0,0,0,0,0
21451460026240,3.0597628,1786372908976531223,,0,0,0,0,0,0,0,0,0,0,0,0,0,0,0,0,0,0,0
21451480141792,3.0798784,1786372908996527546,,0,0,0,0,0,0,0,0,0,0,0,0,0,0,0,0,0,0,0
21451500155200,3.0998918,1786372909016524133,,0,0,0,0,0,0,0,0,0,0,0,0,0,0,0,0,0,0,0
21451520121952,3.1198585,1786372909036507084,,0,0,0,0,0,0,0,0,0,0,0,0,0,0,0,0,0,0,0
21451540095392,3.139832,1786372909056511747,,0,0,0,0,0,0,0,0,0,0,0,0,0,0,0,0,0,0,0
21451560068000,3.1598046,1786372909076504469,,0,0,0,0,0,0,0,0,0,0,0,0,0,0,0,0,0,0,0
21451580093152,3.1798297,1786372909096514106,,0,0,0,0,0,0,0,0,0,0,0,0,0,0,0,0,0,0,0
21451600123712,3.1998603,1786372909116532153,,0,0,0,0,0,0,0,0,0,0,0,0,0,0,0,0,0,0,0
21451620124064,3.2198606,1786372909136528199,,0,0,0,0,0,0,0,0,0,0,0,0,0,0,0,0,0,0,0
21451640111648,3.2398482,1786372909156523917,,0,0,0,0,0,0,0,0,0,0,0,0,0,0,0,0,0,0,0
21451659950272,3.2596868,1786372909176507234,,0,0,0,0,0,0,0,0,0,0,0,0,0,0,0,0,0,0,0
21451680060640,3.2797972,1786372909196511617,,0,0,0,0,0,0,0,0,0,0,0,0,0,0,0,0,0,0,0
21451700134816,3.2998714,1786372909216504867,,0,0,0,0,0,0,0,0,0,0,0,0,0,0,0,0,0,0,0
21451720082816,3.3198194,1786372909236511779,,0,0,0,0,0,0,0,0,0,0,0,0,0,0,0,0,0,0,0
21451740129120,3.3398657,1786372909256533446,,0,0,0,0,0,0,0,0,0,0,0,0,0,0,0,0,0,0,0
21451760086176,3.3598228,1786372909276528263,,0,0,0,0,0,0,0,0,0,0,0,0,0,0,0,0,0,0,0
21451780133216,3.3798698,1786372909296524428,,0,0,0,0,0,0,0,0,0,0,0,0,0,0,0,0,0,0,0
21451800067104,3.3998037,1786372909316507337,,0,0,0,0,0,0,0,0,0,0,0,0,0,0,0,0,0,0,0
21451820116864,3.4198534,1786372909336510971,,0,0,0,0,0,0,0,0,0,0,0,0,0,0,0,0,0,0,0
21451840076128,3.4398127,1786372909356506246,,0,0,0,0,0,0,0,0,0,0,0,0,0,0,0,0,0,0,0
21451859975680,3.4597123,1786372909376512593,,0,0,0,0,0,0,0,0,0,0,0,0,0,0,0,0,0,0,0
21451880132160,3.4798687,1786372909396531994,,0,0,0,0,0,0,0,0,0,0,0,0,0,0,0,0,0,0,0
21451900123552,3.4998601,1786372909416527867,,0,0,0,0,0,0,0,0,0,0,0,0,0,0,0,0,0,0,0
21451920114400,3.519851,1786372909436524234,,0,0,0,0,0,0,0,0,0,0,0,0,0,0,0,0,0,0,0
21451940089216,3.5398258,1786372909456506755,,0,0,0,0,0,0,0,0,0,0,0,0,0,0,0,0,0,0,0
21451960071168,3.5598077,1786372909476511393,,0,0,0,0,0,0,0,0,0,0,0,0,0,0,0,0,0,0,0
21451980086304,3.5798229,1786372909496505549,,0,0,0,0,0,0,0,0,0,0,0,0,0,0,0,0,0,0,0
21452000073312,3.5998099,1786372909516511367,,0,0,0,0,0,0,0,0,0,0,0,0,0,0,0,0,0,0,0
21452020080864,3.6198174,1786372909536531849,,0,0,0,0,0,0,0,0,0,0,0,0,0,0,0,0,0,0,0
21452040088256,3.6398248,1786372909556527813,,0,0,0,0,0,0,0,0,0,0,0,0,0,0,0,0,0,0,0
21452060000736,3.6597373,1786372909576524742,,0,0,0,0,0,0,0,0,0,0,0,0,0,0,0,0,0,0,0
21452080048000,3.6797846,1786372909596509295,,0,0,0,0,0,0,0,0,0,0,0,0,0,0,0,0,0,0,0
21452100114560,3.6998511,1786372909616511986,,0,0,0,0,0,0,0,0,0,0,0,0,0,0,0,0,0,0,0
21452120062944,3.7197995,1786372909636505399,,0,0,0,0,0,0,0,0,0,0,0,0,0,0,0,0,0,0,0
21452140059744,3.7397963,1786372909656511923,,0,0,0,0,0,0,0,0,0,0,0,0,0,0,0,0,0,0,0
21452160068000,3.7598046,1786372909676532269,,0,0,0,0,0,0,0,0,0,0,0,0,0,0,0,0,0,0,0
21452180062528,3.7797991,1786372909696528110,,0,0,0,0,0,0,0,0,0,0,0,0,0,0,0,0,0,0,0
21452200066784,3.7998034,1786372909716524387,,0,0,0,0,0,0,0,0,0,0,0,0,0,0,0,0,0,0,0
21452220059168,3.8197957,1786372909736506586,,0,0,0,0,0,0,0,0,0,0,0,0,0,0,0,0,0,0,0
21452240061184,3.8397978,1786372909756511741,,0,0,0,0,0,0,0,0,0,0,0,0,0,0,0,0,0,0,0
21452259919744,3.8596563,1786372909776505133,,0,0,0,0,0,0,0,0,0,0,0,0,0,0,0,0,0,0,0
21452280042336,3.8797789,1786372909796511595,,0,0,0,0,0,0,0,0,0,0,0,0,0,0,0,0,0,0,0
21452300076320,3.8998129,1786372909816536657,,0,0,0,0,0,0,0,0,0,0,0,0,0,0,0,0,0,0,0
21452320087072,3.9198236,1786372909836527936,,0,0,0,0,0,0,0,0,0,0,0,0,0,0,0,0,0,0,0
21452340074848,3.9398114,1786372909856524053,,0,0,0,0,0,0,0,0,0,0,0,0,0,0,0,0,0,0,0
21452360039328,3.9597759,1786372909876506919,,0,0,0,0,0,0,0,0,0,0,0,0,0,0,0,0,0,0,0
21452380062560,3.9797991,1786372909896511097,,0,0,0,0,0,0,0,0,0,0,0,0,0,0,0,0,0,0,0
21452400042432,3.999779,1786372909916504861,,0,0,0,0,0,0,0,0,0,0,0,0,0,0,0,0,0,0,0
21452420037504,4.0197741,1786372909936511082,,0,0,0,0,0,0,0,0,0,0,0,0,0,0,0,0,0,0,0
21452440062528,4.0397991,1786372909956532105,,0,0,0,0,0,0,0,0,0,0,0,0,0,0,0,0,0,0,0
21452459972896,4.0597095,1786372909976527933,,0,0,0,0,0,0,0,0,0,0,0,0,0,0,0,0,0,0,0
21452480071456,4.079808,1786372909996523539,,0,0,0,0,0,0,0,0,0,0,0,0,0,0,0,0,0,0,0
21452500067776,4.0998044,1786372910016507538,,0,0,0,0,0,0,0,0,0,0,0,0,0,0,0,0,0,0,0
21452520067104,4.1198037,1786372910036511349,,0,0,0,0,0,0,0,0,0,0,0,0,0,0,0,0,0,0,0
21452540021472,4.139758,1786372910056504324,,0,0,0,0,0,0,0,0,0,0,0,0,0,0,0,0,0,0,0
21452560091072,4.1598276,1786372910076511222,,0,0,0,0,0,0,0,0,0,0,0,0,0,0,0,0,0,0,0
21452580092064,4.1798286,1786372910096534601,,0,0,0,0,0,0,0,0,0,0,0,0,0,0,0,0,0,0,0
21452600070304,4.1998069,1786372910116527495,,0,0,0,0,0,0,0,0,0,0,0,0,0,0,0,0,0,0,0
21452620097792,4.2198344,1786372910136524326,,0,0,0,0,0,0,0,0,0,0,0,0,0,0,0,0,0,0,0
21452640047392,4.239784,1786372910156507850,,0,0,0,0,0,0,0,0,0,0,0,0,0,0,0,0,0,0,0
21452659907616,4.2596442,1786372910176511667,,0,0,0,0,0,0,0,0,0,0,0,0,0,0,0,0,0,0,0
21452680056864,4.2797934,1786372910196504324,,0,0,0,0,0,0,0,0,0,0,0,0,0,0,0,0,0,0,0
21452700030816,4.2997674,1786372910216511052,,0,0,0,0,0,0,0,0,0,0,0,0,0,0,0,0,0,0,0
21452720058048,4.3197946,1786372910236531958,,0,0,0,0,0,0,0,0,0,0,0,0,0,0,0,0,0,0,0
21452740045568,4.3397821,1786372910256527709,,0,0,0,0,0,0,0,0,0,0,0,0,0,0,0,0,0,0,0
21452760086816,4.3598234,1786372910276524314,,0,0,0,0,0,0,0,0,0,0,0,0,0,0,0,0,0,0,0
21452780012320,4.3797489,1786372910296506893,,0,0,0,0,0,0,0,0,0,0,0,0,0,0,0,0,0,0,0
21452800039744,4.3997763,1786372910316511589,,0,0,0,0,0,0,0,0,0,0,0,0,0,0,0,0,0,0,0
21452820021152,4.4197577,1786372910336504608,,0,0,0,0,0,0,0,0,0,0,0,0,0,0,0,0,0,0,0
21452840034816,4.4397714,1786372910356511230,,0,0,0,0,0,0,0,0,0,0,0,0,0,0,0,0,0,0,0
21452859905120,4.4596417,1786372910376531995,,0,0,0,0,0,0,0,0,0,0,0,0,0,0,0,0,0,0,0
21452880208096,4.4799447,1786372910396527590,,0,0,0,0,0,0,0,0,0,0,0,0,0,0,0,0,0,0,0
21452900048320,4.4997849,1786372910416523614,,0,0,0,0,0,0,0,0,0,0,0,0,0,0,0,0,0,0,0
21452920058144,4.5197947,1786372910436508178,,0,0,0,0,0,0,0,0,0,0,0,0,0,0,0,0,0,0,0
21452939991136,4.5397277,1786372910456511366,,0,0,0,0,0,0,0,0,0,0,0,0,0,0,0,0,0,0,0
21452960096256,4.5598328,1786372910476506441,,0,0,0,0,0,0,0,0,0,0,0,0,0,0,0,0,0,0,0
21452980016800,4.5797534,1786372910496512256,,0,0,0,0,0,0,0,0,0,0,0,0,0,0,0,0,0,0,0
21453000045120,4.5997817,1786372910516533315,,0,0,0,0,0,0,0,0,0,0,0,0,0,0,0,0,0,0,0
21453020035648,4.6197722,1786372910536527512,,0,0,0,0,0,0,0,0,0,0,0,0,0,0,0,0,0,0,0
21453040084096,4.6398207,1786372910556524563,,0,0,0,0,0,0,0,0,0,0,0,0,0,0,0,0,0,0,0
21453059900864,4.6596374,1786372910576507734,,0,0,0,0,0,0,0,0,0,0,0,0,0,0,0,0,0,0,0
21453080124768,4.6798613,1786372910596513785,,0,0,0,0,0,0,0,0,0,0,0,0,0,0,0,0,0,0,0
21453100006496,4.6997431,1786372910616504515,,0,0,0,0,0,0,0,0,0,0,0,0,0,0,0,0,0,0,0
21453120010240,4.7197468,1786372910636511825,,0,0,0,0,0,0,0,0,0,0,0,0,0,0,0,0,0,0,0
21453140021952,4.7397585,1786372910656532000,,0,0,0,0,0,0,0,0,0,0,0,0,0,0,0,0,0,0,0
21453160043776,4.7597804,1786372910676527994,,0,0,0,0,0,0,0,0,0,0,0,0,0,0,0,0,0,0,0
21453180085568,4.7798221,1786372910696523327,,0,0,0,0,0,0,0,0,0,0,0,0,0,0,0,0,0,0,0
21453200026912,4.7997635,1786372910716506781,,0,0,0,0,0,0,0,0,0,0,0,0,0,0,0,0,0,0,0
21453220047680,4.8197843,1786372910736511164,,0,0,0,0,0,0,0,0,0,0,0,0,0,0,0,0,0,0,0
21453240037216,4.8397738,1786372910756508523,,0,0,0,0,0,0,0,0,0,0,0,0,0,0,0,0,0,0,0
21453259937760,4.8596743,1786372910776511765,,0,0,0,0,0,0,0,0,0,0,0,0,0,0,0,0,0,0,0
21453280054240,4.8797908,1786372910796532433,,0,0,0,0,0,0,0,0,0,0,0,0,0,0,0,0,0,0,0
21453300048960,4.8997855,1786372910816527751,,0,0,0,0,0,0,0,0,0,0,0,0,0,0,0,0,0,0,0
21453320121152,4.9198577,1786372910836523720,,0,0,0,0,0,0,0,0,0,0,0,0,0,0,0,0,0,0,0
21453340017632,4.9397542,1786372910856507343,,0,0,0,0,0,0,0,0,0,0,0,0,0,0,0,0,0,0,0
21453360063872,4.9598004,1786372910876511467,,0,0,0,0,0,0,0,0,0,0,0,0,0,0,0,0,0,0,0
21453380024544,4.9797611,1786372910896505352,,0,0,0,0,0,0,0,0,0,0,0,0,0,0,0,0,0,0,0
21453400009664,4.9997462,1786372910916511412,,0,0,0,0,0,0,0,0,0,0,0,0,0,0,0,0,0,0,0
21453420044000,5.0197806,1786372910936531645,,0,0,0,0,0,0,0,0,0,0,0,0,0,0,0,0,0,0,0
21453439991904,5.0397285,1786372910956527087,,0,0,0,0,0,0,0,0,0,0,0,0,0,0,0,0,0,0,0
21453460034848,5.0597714,1786372910976523416,,0,0,0,0,0,0,0,0,0,0,0,0,0,0,0,0,0,0,0
21453480043808,5.0797804,1786372910996507587,,0,0,0,0,0,0,0,0,0,0,0,0,0,0,0,0,0,0,0
21453499990368,5.0997269,1786372911016512400,,0,0,0,0,0,0,0,0,0,0,0,0,0,0,0,0,0,0,0
21453520003648,5.1197402,1786372911036505117,,0,0,0,0,0,0,0,0,0,0,0,0,0,0,0,0,0,0,0
21453540031264,5.1397678,1786372911056510825,,0,0,0,0,0,0,0,0,0,0,0,0,0,0,0,0,0,0,0
21453560057472,5.159794,1786372911076533211,,0,0,0,0,0,0,0,0,0,0,0,0,0,0,0,0,0,0,0
21453580023584,5.1797602,1786372911096530268,,0,0,0,0,0,0,0,0,0,0,0,0,0,0,0,0,0,0,0
21453599996256,5.1997328,1786372911116524483,,0,0,0,0,0,0,0,0,0,0,0,0,0,0,0,0,0,0,0
21453619997216,5.2197338,1786372911136521846,,0,0,0,0,0,0,0,0,0,0,0,0,0,0,0,0,0,0,0
21453640027648,5.2397642,1786372911156511744,,0,0,0,0,0,0,0,0,0,0,0,0,0,0,0,0,0,0,0
21453659922976,5.2596596,1786372911176504780,,0,0,0,0,0,0,0,0,0,0,0,0,0,0,0,0,0,0,0
21453680057312,5.2797939,1786372911196511547,,0,0,0,0,0,0,0,0,0,0,0,0,0,0,0,0,0,0,0
21453700015712,5.2997523,1786372911216531616,,0,0,0,0,0,0,0,0,0,0,0,0,0,0,0,0,0,0,0
21453720017088,5.3197537,1786372911236528165,,0,0,0,0,0,0,0,0,0,0,0,0,0,0,0,0,0,0,0
21453740008384,5.339745,1786372911256524251,,0,0,0,0,0,0,0,0,0,0,0,0,0,0,0,0,0,0,0
21453760014784,5.3597514,1786372911276507698,,0,0,0,0,0,0,0,0,0,0,0,0,0,0,0,0,0,0,0
21453779993696,5.3797303,1786372911296511197,,0,0,0,0,0,0,0,0,0,0,0,0,0,0,0,0,0,0,0
21453799977600,5.3997142,1786372911316505018,,0,0,0,0,0,0,0,0,0,0,0,0,0,0,0,0,0,0,0
21453820027200,5.4197638,1786372911336511726,,0,0,0,0,0,0,0,0,0,0,0,0,0,0,0,0,0,0,0
21453840042528,5.4397791,1786372911356531388,,0,0,0,0,0,0,0,0,0,0,0,0,0,0,0,0,0,0,0
21453859925440,5.459662,1786372911376527244,,0,0,0,0,0,0,0,0,0,0,0,0,0,0,0,0,0,0,0
21453880001440,5.479738,1786372911396524846,,0,0,0,0,0,0,0,0,0,0,0,0,0,0,0,0,0,0,0
21453900016384,5.499753,1786372911416507132,,0,0,0,0,0,0,0,0,0,0,0,0,0,0,0,0,0,0,0
21453920052416,5.519789,1786372911436512137,,0,0,0,0,0,0,0,0,0,0,0,0,0,0,0,0,0,0,0
21453940000128,5.5397367,1786372911456505363,,0,0,0,0,0,0,0,0,0,0,0,0,0,0,0,0,0,0,0
21453960106304,5.5598429,1786372911476511107,,0,0,0,0,0,0,0,0,0,0,0,0,0,0,0,0,0,0,0
21453979999200,5.5797358,1786372911496531800,,0,0,0,0,0,0,0,0,0,0,0,0,0,0,0,0,0,0,0
21454000065088,5.5998017,1786372911516527705,,0,0,0,0,0,0,0,0,0,0,0,0,0,0,0,0,0,0,0
21454019972480,5.6197091,1786372911536523249,,0,0,0,0,0,0,0,0,0,0,0,0,0,0,0,0,0,0,0
21454040033664,5.6397702,1786372911556506897,,0,0,0,0,0,0,0,0,0,0,0,0,0,0,0,0,0,0,0
21454059860512,5.6595971,1786372911576511459,,0,0,0,0,0,0,0,0,0,0,0,0,0,0,0,0,0,0,0
21454080045888,5.6797825,1786372911596506422,,0,0,0,0,0,0,0,0,0,0,0,0,0,0,0,0,0,0,0
21454100006528,5.6997431,1786372911616512142,,0,0,0,0,0,0,0,0,0,0,0,0,0,0,0,0,0,0,0
21454119993280,5.7197299,1786372911636532116,,0,0,0,0,0,0,0,0,0,0,0,0,0,0,0,0,0,0,0
21454140005344,5.7397419,1786372911656528238,,0,0,0,0,0,0,0,0,0,0,0,0,0,0,0,0,0,0,0
21454160019904,5.7597565,1786372911676524261,,0,0,0,0,0,0,0,0,0,0,0,0,0,0,0,0,0,0,0
21454179975904,5.7797125,1786372911696507537,,0,0,0,0,0,0,0,0,0,0,0,0,0,0,0,0,0,0,0
21454199998592,5.7997352,1786372911716512016,,0,0,0,0,0,0,0,0,0,0,0,0,0,0,0,0,0,0,0
21454219947712,5.8196843,1786372911736504214,,0,0,0,0,0,0,0,0,0,0,0,0,0,0,0,0,0,0,0
21454239981760,5.8397183,1786372911756512538,,0,0,0,0,0,0,0,0,0,0,0,0,0,0,0,0,0,0,0
21454259862528,5.8595991,1786372911776532519,,0,0,0,0,0,0,0,0,0,0,0,0,0,0,0,0,0,0,0
21454279971360,5.8797079,1786372911796528185,,0,0,0,0,0,0,0,0,0,0,0,0,0,0,0,0,0,0,0
21454299976736,5.8997133,1786372911816539117,,0,0,0,0,0,0,0,0,0,0,0,0,0,0,0,0,0,0,0
21454319949824,5.9196864,1786372911836516435,,0,0,0,0,0,0,0,0,0,0,0,0,0,0,0,0,0,0,0
21454339993056,5.9397296,1786372911856511447,,0,0,0,0,0,0,0,0,0,0,0,0,0,0,0,0,0,0,0
21454359989792,5.9597264,1786372911876504696,,0,0,0,0,0,0,0,0,0,0,0,0,0,0,0,0,0,0,0
21454379962336,5.9796989,1786372911896511097,,0,0,0,0,0,0,0,0,0,0,0,0,0,0,0,0,0,0,0
21454399973184,5.9997098,1786372911916532224,,0,0,0,0,0,0,0,0,0,0,0,0,0,0,0,0,0,0,0
21454419994880,6.0197315,1786372911936527722,,0,0,0,0,0,0,0,0,0,0,0,0,0,0,0,0,0,0,0
21454439987040,6.0397236,1786372911956524227,,0,0,0,0,0,0,0,0,0,0,0,0,0,0,0,0,0,0,0
21454459835392,6.059572,1786372911976506879,,0,0,0,0,0,0,0,0,0,0,0,0,0,0,0,0,0,0,0
21454479943648,6.0796802,1786372911996512193,,0,0,0,0,0,0,0,0,0,0,0,0,0,0,0,0,0,0,0
21454499945344,6.0996819,1786372912016504605,,0,0,0,0,0,0,0,0,0,0,0,0,0,0,0,0,0,0,0
21454519965600,6.1197022,1786372912036511368,,0,0,0,0,0,0,0,0,0,0,0,0,0,0,0,0,0,0,0
21454539990944,6.1397275,1786372912056534445,,0,0,0,0,0,0,0,0,0,0,0,0,0,0,0,0,0,0,0
21454559985280,6.1597219,1786372912076529389,,0,0,0,0,0,0,0,0,0,0,0,0,0,0,0,0,0,0,0
21454579974720,6.1797113,1786372912096527232,,0,0,0,0,0,0,0,0,0,0,0,0,0,0,0,0,0,0,0
21454599948960,6.1996855,1786372912116507254,,0,0,0,0,0,0,0,0,0,0,0,0,0,0,0,0,0,0,0
21454619990592,6.2197272,1786372912136512023,,0,0,0,0,0,0,0,0,0,0,0,0,0,0,0,0,0,0,0
21454639956640,6.2396932,1786372912156504743,,0,0,0,0,0,0,0,0,0,0,0,0,0,0,0,0,0,0,0
21454659825536,6.2595621,1786372912176511099,,0,0,0,0,0,0,0,0,0,0,0,0,0,0,0,0,0,0,0
21454680000960,6.2797375,1786372912196532510,,0,0,0,0,0,0,0,0,0,0,0,0,0,0,0,0,0,0,0
21454700061344,6.2997979,1786372912216527754,,0,0,0,0,0,0,0,0,0,0,0,0,0,0,0,0,0,0,0
21454720007264,6.3197438,1786372912236524309,,0,0,0,0,0,0,0,0,0,0,0,0,0,0,0,0,0,0,0
21454739984672,6.3397212,1786372912256507476,,0,0,0,0,0,0,0,0,0,0,0,0,0,0,0,0,0,0,0
21454760018752,6.3597553,1786372912276512013,,0,0,0,0,0,0,0,0,0,0,0,0,0,0,0,0,0,0,0
21454779955616,6.3796922,1786372912296504419,,0,0,0,0,0,0,0,0,0,0,0,0,0,0,0,0,0,0,0
21454800029440,6.399766,1786372912316511239,,0,0,0,0,0,0,0,0,0,0,0,0,0,0,0,0,0,0,0
21454820030944,6.4197675,1786372912336532180,,0,0,0,0,0,0,0,0,0,0,0,0,0,0,0,0,0,0,0
21454840005760,6.4397423,1786372912356528443,,0,0,0,0,0,0,0,0,0,0,0,0,0,0,0,0,0,0,0
21454859875680,6.4596123,1786372912376525371,,0,0,0,0,0,0,0,0,0,0,0,0,0,0,0,0,0,0,0
21454879942048,6.4796786,1786372912396508445,,0,0,0,0,0,0,0,0,0,0,0,0,0,0,0,0,0,0,0
21454899935136,6.4996717,1786372912416511569,,0,0,0,0,0,0,0,0,0,0,0,0,0,0,0,0,0,0,0
21454919978976,6.5197156,1786372912436503859,,0,0,0,0,0,0,0,0,0,0,0,0,0,0,0,0,0,0,0
21454939944864,6.5396814,1786372912456511672,,0,0,0,0,0,0,0,0,0,0,0,0,0,0,0,0,0,0,0
21454959976288,6.5597129,1786372912476546951,,0,0,0,0,0,0,0,0,0,0,0,0,0,0,0,0,0,0,0
21454979966592,6.5797032,1786372912496527638,,0,0,0,0,0,0,0,0,0,0,0,0,0,0,0,0,0,0,0
21454999970784,6.5997074,1786372912516524301,,0,0,0,0,0,0,0,0,0,0,0,0,0,0,0,0,0,0,0
21455019906016,6.6196426,1786372912536507110,,0,0,0,0,0,0,0,0,0,0,0,0,0,0,0,0,0,0,0
21455039996864,6.6397334,1786372912556512465,,0,0,0,0,0,0,0,0,0,0,0,0,0,0,0,0,0,0,0
21455059815552,6.6595521,1786372912576504703,,0,0,0,0,0,0,0,0,0,0,0,0,0,0,0,0,0,0,0
21455079955264,6.6796918,1786372912596514134,,0,0,0,0,0,0,0,0,0,0,0,0,0,0,0,0,0,0,0
21455099996960,6.6997335,1786372912616533582,,0,0,0,0,0,0,0,0,0,0,0,0,0,0,0,0,0,0,0
21455119959328,6.7196959,1786372912636527925,,0,0,0,0,0,0,0,0,0,0,0,0,0,0,0,0,0,0,0
21455139961792,6.7396984,1786372912656524579,,0,0,0,0,0,0,0,0,0,0,0,0,0,0,0,0,0,0,0
21455160050496,6.7597871,1786372912676507654,,0,0,0,0,0,0,0,0,0,0,0,0,0,0,0,0,0,0,0
21455179949280,6.7796859,1786372912696511742,,0,0,0,0,0,0,0,0,0,0,0,0,0,0,0,0,0,0,0
21455199962400,6.799699,1786372912716504059,,0,0,0,0,0,0,0,0,0,0,0,0,0,0,0,0,0,0,0
21455219958816,6.8196954,1786372912736511674,,0,0,0,0,0,0,0,0,0,0,0,0,0,0,0,0,0,0,0
21455239994112,6.8397307,1786372912756532333,,0,0,0,0,0,0,0,0,0,0,0,0,0,0,0,0,0,0,0
21455259816096,6.8595527,1786372912776528208,,0,0,0,0,0,0,0,0,0,0,0,0,0,0,0,0,0,0,0
21455279942944,6.8796795,1786372912796524063,,0,0,0,0,0,0,0,0,0,0,0,0,0,0,0,0,0,0,0
21455299939008,6.8996756,1786372912816508308,,0,0,0,0,0,0,0,0,0,0,0,0,0,0,0,0,0,0,0
21455319955776,6.9196924,1786372912836511725,,0,0,0,0,0,0,0,0,0,0,0,0,0,0,0,0,0,0,0
21455339924352,6.9396609,1786372912856504822,,0,0,0,0,0,0,0,0,0,0,0,0,0,0,0,0,0,0,0
21455359930464,6.959667,1786372912876511449,,0,0,0,0,0,0,0,0,0,0,0,0,0,0,0,0,0,0,0
21455379947232,6.9796838,1786372912896532207,,0,0,0,0,0,0,0,0,0,0,0,0,0,0,0,0,0,0,0
21455399960832,6.9996974,1786372912916528945,,0,0,0,0,0,0,0,0,0,0,0,0,0,0,0,0,0,0,0
21455419956096,7.0196927,1786372912936524371,,0,0,0,0,0,0,0,0,0,0,0,0,0,0,0,0,0,0,0
21455439939488,7.0396761,1786372912956507403,,0,0,0,0,0,0,0,0,0,0,0,0,0,0,0,0,0,0,0
21455459822976,7.0595596,1786372912976511329,,0,0,0,0,0,0,0,0,0,0,0,0,0,0,0,0,0,0,0
21455479942784,7.0796794,1786372912996504567,,0,0,0,0,0,0,0,0,0,0,0,0,0,0,0,0,0,0,0
21455499941184,7.0996778,1786372913016511283,,0,0,0,0,0,0,0,0,0,0,0,0,0,0,0,0,0,0,0
21455519955968,7.1196925,1786372913036532260,,0,0,0,0,0,0,0,0,0,0,0,0,0,0,0,0,0,0,0
21455539940160,7.1396767,1786372913056528576,,0,0,0,0,0,0,0,0,0,0,0,0,0,0,0,0,0,0,0
21455559939744,7.1596763,1786372913076524754,,0,0,0,0,0,0,0,0,0,0,0,0,0,0,0,0,0,0,0
21455579898688,7.1796353,1786372913096510878,,0,0,0,0,0,0,0,0,0,0,0,0,0,0,0,0,0,0,0
21455599931360,7.1996679,1786372913116511523,,0,0,0,0,0,0,0,0,0,0,0,0,0,0,0,0,0,0,0
21455619906816,7.2196434,1786372913136504391,,0,0,0,0,0,0,0,0,0,0,0,0,0,0,0,0,0,0,0
21455639916416,7.239653,1786372913156512095,,0,0,0,0,0,0,0,0,0,0,0,0,0,0,0,0,0,0,0
21455659794240,7.2595308,1786372913176531304,,0,0,0,0,0,0,0,0,0,0,0,0,0,0,0,0,0,0,0
21455679932672,7.2796692,1786372913196527417,,0,0,0,0,0,0,0,0,0,0,0,0,0,0,0,0,0,0,0
21455699927584,7.2996642,1786372913216524426,,0,0,0,0,0,0,0,0,0,0,0,0,0,0,0,0,0,0,0
21455720054144,7.3197907,1786372913236507145,,0,0,0,0,0,0,0,0,0,0,0,0,0,0,0,0,0,0,0
21455739896224,7.3396328,1786372913256512203,,0,0,0,0,0,0,0,0,0,0,0,0,0,0,0,0,0,0,0
21455759952544,7.3596891,1786372913276505762,,0,0,0,0,0,0,0,0,0,0,0,0,0,0,0,0,0,0,0
21455779918016,7.3796546,1786372913296512024,,0,0,0,0,0,0,0,0,0,0,0,0,0,0,0,0,0,0,0
21455799975328,7.3997119,1786372913316532007,,0,0,0,0,0,0,0,0,0,0,0,0,0,0,0,0,0,0,0
21455819933696,7.4196703,1786372913336527883,,0,0,0,0,0,0,0,0,0,0,0,0,0,0,0,0,0,0,0
21455839935872,7.4396724,1786372913356524808,,0,0,0,0,0,0,0,0,0,0,0,0,0,0,0,0,0,0,0
21455859780352,7.4595169,1786372913376507303,,0,0,0,0,0,0,0,0,0,0,0,0,0,0,0,0,0,0,0
21455879865024,7.4796016,1786372913396510625,,0,0,0,0,0,0,0,0,0,0,0,0,0,0,0,0,0,0,0
21455899907040,7.4996436,1786372913416505370,,0,0,0,0,0,0,0,0,0,0,0,0,0,0,0,0,0,0,0
21455919884512,7.5196211,1786372913436512152,,0,0,0,0,0,0,0,0,0,0,0,0,0,0,0,0,0,0,0
21455939900192,7.5396368,1786372913456532222,,0,0,0,0,0,0,0,0,0,0,0,0,0,0,0,0,0,0,0
21455959904416,7.559641,1786372913476527443,,0,0,0,0,0,0,0,0,0,0,0,0,0,0,0,0,0,0,0
21455979919712,7.5796563,1786372913496524874,,0,0,0,0,0,0,0,0,0,0,0,0,0,0,0,0,0,0,0
21455999874112,7.5996107,1786372913516507846,,0,0,0,0,0,0,0,0,0,0,0,0,0,0,0,0,0,0,0
21456019896000,7.6196326,1786372913536512813,,0,0,0,0,0,0,0,0,0,0,0,0,0,0,0,0,0,0,0
21456039885472,7.639622,1786372913556505335,,0,0,0,0,0,0,0,0,0,0,0,0,0,0,0,0,0,0,0
21456059765664,7.6595022,1786372913576512418,,0,0,0,0,0,0,0,0,0,0,0,0,0,0,0,0,0,0,0
21456079922464,7.679659,1786372913596535921,,0,0,0,0,0,0,0,0,0,0,0,0,0,0,0,0,0,0,0
21456099920960,7.6996575,1786372913616528098,,0,0,0,0,0,0,0,0,0,0,0,0,0,0,0,0,0,0,0
21456119902496,7.7196391,1786372913636524463,,0,0,0,0,0,0,0,0,0,0,0,0,0,0,0,0,0,0,0
21456139899072,7.7396356,1786372913656508645,,0,0,0,0,0,0,0,0,0,0,0,0,0,0,0,0,0,0,0
21456159898592,7.7596352,1786372913676511919,,0,0,0,0,0,0,0,0,0,0,0,0,0,0,0,0,0,0,0
21456179908096,7.7796447,1786372913696505323,,0,0,0,0,0,0,0,0,0,0,0,0,0,0,0,0,0,0,0
21456199895168,7.7996317,1786372913716512161,,0,0,0,0,0,0,0,0,0,0,0,0,0,0,0,0,0,0,0
21456219916864,7.8196534,1786372913736532160,,0,0,0,0,0,0,0,0,0,0,0,0,0,0,0,0,0,0,0
21456239895680,7.8396323,1786372913756527907,,0,0,0,0,0,0,0,0,0,0,0,0,0,0,0,0,0,0,0
21456259797440,7.859534,1786372913776524175,,0,0,0,0,0,0,0,0,0,0,0,0,0,0,0,0,0,0,0
21456279847136,7.8795837,1786372913796507520,,0,0,0,0,0,0,0,0,0,0,0,0,0,0,0,0,0,0,0
21456299892672,7.8996292,1786372913816513792,,0,0,0,0,0,0,0,0,0,0,0,0,0,0,0,0,0,0,0
21456319859968,7.9195965,1786372913836504051,,0,0,0,0,0,0,0,0,0,0,0,0,0,0,0,0,0,0,0
21456339858752,7.9395953,1786372913856512607,,0,0,0,0,0,0,0,0,0,0,0,0,0,0,0,0,0,0,0
21456359946560,7.9596831,1786372913876532360,,0,0,0,0,0,0,0,0,0,0,0,0,0,0,0,0,0,0,0
21456379900704,7.9796373,1786372913896527917,,0,0,0,0,0,0,0,0,0,0,0,0,0,0,0,0,0,0,0
21456399895712,7.9996323,1786372913916524720,,0,0,0,0,0,0,0,0,0,0,0,0,0,0,0,0,0,0,0
21456419888544,8.0196251,1786372913936506660,,0,0,0,0,0,0,0,0,0,0,0,0,0,0,0,0,0,0,0
21456439857504,8.0395941,1786372913956512269,,0,0,0,0,0,0,0,0,0,0,0,0,0,0,0,0,0,0,0
21456459898528,8.0596351,1786372913976523723,,0,0,0,0,0,0,0,0,0,0,0,0,0,0,0,0,0,0,0
21456479873760,8.0796103,1786372913996512618,,0,0,0,0,0,0,0,0,0,0,0,0,0,0,0,0,0,0,0
21456499934432,8.099671,1786372914016532151,,0,0,0,0,0,0,0,0,0,0,0,0,0,0,0,0,0,0,0
21456519880288,8.1196169,1786372914036527225,,0,0,0,0,0,0,0,0,0,0,0,0,0,0,0,0,0,0,0
21456539870944,8.1396075,1786372914056524174,,0,0,0,0,0,0,0,0,0,0,0,0,0,0,0,0,0,0,0
21456559862848,8.1595994,1786372914076507310,,0,0,0,0,0,0,0,0,0,0,0,0,0,0,0,0,0,0,0
21456579881216,8.1796178,1786372914096513627,,0,0,0,0,0,0,0,0,0,0,0,0,0,0,0,0,0,0,0
21456599856960,8.1995935,1786372914116505087,,0,0,0,0,0,0,0,0,0,0,0,0,0,0,0,0,0,0,0
21456619862592,8.2195992,1786372914136512725,,0,0,0,0,0,0,0,0,0,0,0,0,0,0,0,0,0,0,0
21456639889248,8.2396258,1786372914156531609,,0,0,0,0,0,0,0,0,0,0,0,0,0,0,0,0,0,0,0
21456659789728,8.2595263,1786372914176527824,,0,0,0,0,0,0,0,0,0,0,0,0,0,0,0,0,0,0,0
21456679886624,8.2796232,1786372914196523644,,0,0,0,0,0,0,0,0,0,0,0,0,0,0,0,0,0,0,0
21456699872480,8.2996091,1786372914216507465,,0,0,0,0,0,0,0,0,0,0,0,0,0,0,0,0,0,0,0
21456719851328,8.3195879,1786372914236512030,,0,0,0,0,0,0,0,0,0,0,0,0,0,0,0,0,0,0,0
21456739827328,8.3395639,1786372914256505229,,0,0,0,0,0,0,0,0,0,0,0,0,0,0,0,0,0,0,0
21456759876224,8.3596128,1786372914276511907,,0,0,0,0,0,0,0,0,0,0,0,0,0,0,0,0,0,0,0
21456779879744,8.3796163,1786372914296533293,,0,0,0,0,0,0,0,0,0,0,0,0,0,0,0,0,0,0,0
21456799877920,8.3996145,1786372914316528424,,0,0,0,0,0,0,0,0,0,0,0,0,0,0,0,0,0,0,0
21456819857152,8.4195937,1786372914336524453,,0,0,0,0,0,0,0,0,0,0,0,0,0,0,0,0,0,0,0
21456839856160,8.4395927,1786372914356508445,,0,0,0,0,0,0,0,0,0,0,0,0,0,0,0,0,0,0,0
21456859766720,8.4595033,1786372914376512359,,0,0,0,0,0,0,0,0,0,0,0,0,0,0,0,0,0,0,0
21456879851648,8.4795882,1786372914396504627,,0,0,0,0,0,0,0,0,0,0,0,0,0,0,0,0,0,0,0
21456899831776,8.4995684,1786372914416510534,,0,0,0,0,0,0,0,0,0,0,0,0,0,0,0,0,0,0,0
21456919893248,8.5196298,1786372914436531402,,0,0,0,0,0,0,0,0,0,0,0,0,0,0,0,0,0,0,0
21456939846944,8.5395835,1786372914456527577,,0,0,0,0,0,0,0,0,0,0,0,0,0,0,0,0,0,0,0
21456959862528,8.5595991,1786372914476523045,,0,0,0,0,0,0,0,0,0,0,0,0,0,0,0,0,0,0,0
21456979853760,8.5795903,1786372914496507836,,0,0,0,0,0,0,0,0,0,0,0,0,0,0,0,0,0,0,0
21456999867200,8.5996038,1786372914516511838,,0,0,0,0,0,0,0,0,0,0,0,0,0,0,0,0,0,0,0
21457019818752,8.6195553,1786372914536504995,,0,0,0,0,0,0,0,0,0,0,0,0,0,0,0,0,0,0,0
21457039880960,8.6396175,1786372914556511556,,0,0,0,0,0,0,0,0,0,0,0,0,0,0,0,0,0,0,0
21457059765344,8.6595019,1786372914576534369,,0,0,0,0,0,0,0,0,0,0,0,0,0,0,0,0,0,0,0
21457079904224,8.6796408,1786372914596529978,,0,0,0,0,0,0,0,0,0,0,0,0,0,0,0,0,0,0,0
21457099895680,8.6996323,1786372914616523240,,0,0,0,0,0,0,0,0,0,0,0,0,0,0,0,0,0,0,0
21457119891648,8.7196282,1786372914636507818,,0,0,0,0,0,0,0,0,0,0,0,0,0,0,0,0,0,0,0
21457139848704,8.7395853,1786372914656511286,,0,0,0,0,0,0,0,0,0,0,0,0,0,0,0,0,0,0,0
21457159926176,8.7596628,1786372914676504936,,0,0,0,0,0,0,0,0,0,0,0,0,0,0,0,0,0,0,0
21457179859904,8.7795965,1786372914696511047,,0,0,0,0,0,0,0,0,0,0,0,0,0,0,0,0,0,0,0
21457199857696,8.7995943,1786372914716531333,,0,0,0,0,0,0,0,0,0,0,0,0,0,0,0,0,0,0,0
21457219850208,8.8195868,1786372914736528629,,0,0,0,0,0,0,0,0,0,0,0,0,0,0,0,0,0,0,0
21457239854496,8.8395911,1786372914756538107,,0,0,0,0,0,0,0,0,0,0,0,0,0,0,0,0,0,0,0
21457259732288,8.8594689,1786372914776506364,,0,0,0,0,0,0,0,0,0,0,0,0,0,0,0,0,0,0,0
21457279832480,8.8795691,1786372914796511991,,0,0,0,0,0,0,0,0,0,0,0,0,0,0,0,0,0,0,0
21457299820320,8.8995569,1786372914816504477,,0,0,0,0,0,0,0,0,0,0,0,0,0,0,0,0,0,0,0
21457319808928,8.9195455,1786372914836512278,,0,0,0,0,0,0,0,0,0,0,0,0,0,0,0,0,0,0,0
21457339829856,8.9395664,1786372914856531165,,0,0,0,0,0,0,0,0,0,0,0,0,0,0,0,0,0,0,0
21457359853696,8.9595903,1786372914876527457,,0,0,0,0,0,0,0,0,0,0,0,0,0,0,0,0,0,0,0
21457379839456,8.979576,1786372914896523796,,0,0,0,0,0,0,0,0,0,0,0,0,0,0,0,0,0,0,0
21457399825824,8.9995624,1786372914916507146,,0,0,0,0,0,0,0,0,0,0,0,0,0,0,0,0,0,0,0
21457419804512,9.0195411,1786372914936512402,,0,0,0,0,0,0,0,0,0,0,0,0,0,0,0,0,0,0,0
21457439805728,9.0395423,1786372914956504499,,0,0,0,0,0,0,0,0,0,0,0,0,0,0,0,0,0,0,0
21457459710496,9.0594471,1786372914976511652,,0,0,0,0,0,0,0,0,0,0,0,0,0,0,0,0,0,0,0
21457479833216,9.0795698,1786372914996531562,,0,0,0,0,0,0,0,0,0,0,0,0,0,0,0,0,0,0,0
21457499861312,9.0995979,1786372915016527798,,0,0,0,0,0,0,0,0,0,0,0,0,0,0,0,0,0,0,0
21457519809792,9.1195464,1786372915036524935,,0,0,0,0,0,0,0,0,0,0,0,0,0,0,0,0,0,0,0
21457539800768,9.1395373,1786372915056513679,,0,0,0,0,0,0,0,0,0,0,0,0,0,0,0,0,0,0,0
21457559835264,9.1595718,1786372915076511366,,0,0,0,0,0,0,0,0,0,0,0,0,0,0,0,0,0,0,0
21457579817376,9.179554,1786372915096507324,,0,0,0,0,0,0,0,0,0,0,0,0,0,0,0,0,0,0,0
21457599814784,9.1995514,1786372915116511060,,0,0,0,0,0,0,0,0,0,0,0,0,0,0,0,0,0,0,0
21457619830752,9.2195673,1786372915136531391,,0,0,0,0,0,0,0,0,0,0,0,0,0,0,0,0,0,0,0
21457639813792,9.2395504,1786372915156526856,,0,0,0,0,0,0,0,0,0,0,0,0,0,0,0,0,0,0,0
21457659707680,9.2594443,1786372915176525061,,0,0,0,0,0,0,0,0,0,0,0,0,0,0,0,0,0,0,0
21457679801568,9.2795381,1786372915196506175,,0,0,0,0,0,0,0,0,0,0,0,0,0,0,0,0,0,0,0
21457699791904,9.2995285,1786372915216511955,,0,0,0,0,0,0,0,0,0,0,0,0,0,0,0,0,0,0,0
21457719805248,9.3195418,1786372915236504045,,0,0,0,0,0,0,0,0,0,0,0,0,0,0,0,0,0,0,0
21457739820128,9.3395567,1786372915256511329,,0,0,0,0,0,0,0,0,0,0,0,0,0,0,0,0,0,0,0
21457759858272,9.3595948,1786372915276531903,,0,0,0,0,0,0,0,0,0,0,0,0,0,0,0,0,0,0,0
21457779833824,9.3795704,1786372915296527771,,0,0,0,0,0,0,0,0,0,0,0,0,0,0,0,0,0,0,0
21457799805792,9.3995424,1786372915316524424,,0,0,0,0,0,0,0,0,0,0,0,0,0,0,0,0,0,0,0
21457819802144,9.4195387,1786372915336505944,,0,0,0,0,0,0,0,0,0,0,0,0,0,0,0,0,0,0,0
21457839798016,9.4395346,1786372915356510822,,0,0,0,0,0,0,0,0,0,0,0,0,0,0,0,0,0,0,0
21457859677984,9.4594146,1786372915376505119,,0,0,0,0,0,0,0,0,0,0,0,0,0,0,0,0,0,0,0
21457879778688,9.4795153,1786372915396510550,,0,0,0,0,0,0,0,0,0,0,0,0,0,0,0,0,0,0,0
21457899818656,9.4995552,1786372915416531427,,0,0,0,0,0,0,0,0,0,0,0,0,0,0,0,0,0,0,0
21457919790304,9.5195269,1786372915436527997,,0,0,0,0,0,0,0,0,0,0,0,0,0,0,0,0,0,0,0
21457939821152,9.5395577,1786372915456522493,,0,0,0,0,0,0,0,0,0,0,0,0,0,0,0,0,0,0,0
21457959776160,9.5595127,1786372915476506529,,0,0,0,0,0,0,0,0,0,0,0,0,0,0,0,0,0,0,0
21457979820800,9.5795574,1786372915496511564,,0,0,0,0,0,0,0,0,0,0,0,0,0,0,0,0,0,0,0
21457999788864,9.5995254,1786372915516504922,,0,0,0,0,0,0,0,0,0,0,0,0,0,0,0,0,0,0,0
21458019856512,9.6195931,1786372915536511064,,0,0,0,0,0,0,0,0,0,0,0,0,0,0,0,0,0,0,0
21458039821024,9.6395576,1786372915556532115,,0,0,0,0,0,0,0,0,0,0,0,0,0,0,0,0,0,0,0
21458059667424,9.659404,1786372915576527407,,0,0,0,0,0,0,0,0,0,0,0,0,0,0,0,0,0,0,0
21458079792032,9.6795286,1786372915596526470,,0,0,0,0,0,0,0,0,0,0,0,0,0,0,0,0,0,0,0
21458099777248,9.6995138,1786372915616507243,,0,0,0,0,0,0,0,0,0,0,0,0,0,0,0,0,0,0,0
21458119777856,9.7195144,1786372915636511923,,0,0,0,0,0,0,0,0,0,0,0,0,0,0,0,0,0,0,0
21458139805344,9.7395419,1786372915656504869,,0,0,0,0,0,0,0,0,0,0,0,0,0,0,0,0,0,0,0
21458159797792,9.7595344,1786372915676511365,,0,0,0,0,0,0,0,0,0,0,0,0,0,0,0,0,0,0,0
21458179629952,9.7793665,1786372915696531791,,0,0,0,0,0,0,0,0,0,0,0,0,0,0,0,0,0,0,0
21458199802464,9.799539,1786372915716527923,,0,0,0,0,0,0,0,0,0,0,0,0,0,0,0,0,0,0,0
21458219805792,9.8195424,1786372915736525515,,0,0,0,0,0,0,0,0,0,0,0,0,0,0,0,0,0,0,0
21458239786400,9.839523,1786372915756507465,,0,0,0,0,0,0,0,0,0,0,0,0,0,0,0,0,0,0,0
21458259682048,9.8594186,1786372915776511791,,0,0,0,0,0,0,0,0,0,0,0,0,0,0,0,0,0,0,0
21458279785344,9.8795219,1786372915796504258,,0,0,0,0,0,0,0,0,0,0,0,0,0,0,0,0,0,0,0
21458299827808,9.8995644,1786372915816512919,,0,0,0,0,0,0,0,0,0,0,0,0,0,0,0,0,0,0,0
21458319816864,9.9195534,1786372915836531471,,0,0,0,0,0,0,0,0,0,0,0,0,0,0,0,0,0,0,0
21458339809376,9.939546,1786372915856528692,,0,0,0,0,0,0,0,0,0,0,0,0,0,0,0,0,0,0,0
21458359833600,9.9595702,1786372915876524141,,0,0,0,0,0,0,0,0,0,0,0,0,0,0,0,0,0,0,0
21458379773152,9.9795097,1786372915896507176,,0,0,0,0,0,0,0,0,0,0,0,0,0,0,0,0,0,0,0
21458399771168,9.9995077,1786372915916512422,,0,0,0,0,0,0,0,0,0,0,0,0,0,0,0,0,0,0,0
21458419753600,10.01949,1786372915936503952,,0,0,0,0,0,0,0,0,0,0,0,0,0,0,0,0,0,0,0
21458439793728,10.03953,1786372915956511173,,0,0,0,0,0,0,0,0,0,0,0,0,0,0,0,0,0,0,0
21458459793440,10.05953,1786372915976545886,,0,0,0,0,0,0,0,0,0,0,0,0,0,0,0,0,0,0,0
21458479850080,10.079587,1786372915996527221,,0,0,0,0,0,0,0,0,0,0,0,0,0,0,0,0,0,0,0
21458499780448,10.099517,1786372916016523728,,0,0,0,0,0,0,0,0,0,0,0,0,0,0,0,0,0,0,0
21458519833728,10.11957,1786372916036506278,,0,0,0,0,0,0,0,0,0,0,0,0,0,0,0,0,0,0,0
21458539784224,10.139521,1786372916056512239,,0,0,0,0,0,0,0,0,0,0,0,0,0,0,0,0,0,0,0
21458559790368,10.159527,1786372916076504794,,0,0,0,0,0,0,0,0,0,0,0,0,0,0,0,0,0,0,0
21458579772256,10.179509,1786372916096514623,,0,0,0,0,0,0,0,0,0,0,0,0,0,0,0,0,0,0,0
21458599784288,10.199521,1786372916116532036,,0,0,0,0,0,0,0,0,0,0,0,0,0,0,0,0,0,0,0
21458619811328,10.219548,1786372916136526578,,0,0,0,0,0,0,0,0,0,0,0,0,0,0,0,0,0,0,0
21458639838368,10.239575,1786372916156523938,,0,0,0,0,0,0,0,0,0,0,0,0,0,0,0,0,0,0,0
21458659642272,10.259379,1786372916176507214,,0,0,0,0,0,0,0,0,0,0,0,0,0,0,0,0,0,0,0
21458679783872,10.27952,1786372916196511276,,0,0,0,0,0,0,0,0,0,0,0,0,0,0,0,0,0,0,0
21458699742592,10.299479,1786372916216504521,,0,0,0,0,0,0,0,0,0,0,0,0,0,0,0,0,0,0,0
21458719838272,10.319575,1786372916236511081,,0,0,0,0,0,0,0,0,0,0,0,0,0,0,0,0,0,0,0
21458739802080,10.339539,1786372916256531921,,0,0,0,0,0,0,0,0,0,0,0,0,0,0,0,0,0,0,0
21458759801152,10.359538,1786372916276529061,,0,0,0,0,0,0,0,0,0,0,0,0,0,0,0,0,0,0,0
21458779764896,10.379501,1786372916296524046,,0,0,0,0,0,0,0,0,0,0,0,0,0,0,0,0,0,0,0
21458799773216,10.39951,1786372916316507446,,0,0,0,0,0,0,0,0,0,0,0,0,0,0,0,0,0,0,0
21458819732256,10.419469,1786372916336511122,,0,0,0,0,0,0,0,0,0,0,0,0,0,0,0,0,0,0,0
21458839757056,10.439494,1786372916356504592,,0,0,0,0,0,0,0,0,0,0,0,0,0,0,0,0,0,0,0
21458859679136,10.459416,1786372916376511619,,0,0,0,0,0,0,0,0,0,0,0,0,0,0,0,0,0,0,0
21458879764320,10.479501,1786372916396531041,,0,0,0,0,0,0,0,0,0,0,0,0,0,0,0,0,0,0,0
21458899770976,10.499508,1786372916416528180,,0,0,0,0,0,0,0,0,0,0,0,0,0,0,0,0,0,0,0
21458919780640,10.519517,1786372916436524164,,0,0,0,0,0,0,0,0,0,0,0,0,0,0,0,0,0,0,0
21458939781440,10.539518,1786372916456506430,,0,0,0,0,0,0,0,0,0,0,0,0,0,0,0,0,0,0,0
21458959785632,10.559522,1786372916476511410,,0,0,0,0,0,0,0,0,0,0,0,0,0,0,0,0,0,0,0
21458979741440,10.579478,1786372916496503789,,0,0,0,0,0,0,0,0,0,0,0,0,0,0,0,0,0,0,0
21458999776352,10.599513,1786372916516511121,,0,0,0,0,0,0,0,0,0,0,0,0,0,0,0,0,0,0,0
21459019771616,10.619508,1786372916536531550,,0,0,0,0,0,0,0,0,0,0,0,0,0,0,0,0,0,0,0
21459039757568,10.639494,1786372916556528175,,0,0,0,0,0,0,0,0,0,0,0,0,0,0,0,0,0,0,0
21459059673184,10.65941,1786372916576523857,,0,0,0,0,0,0,0,0,0,0,0,0,0,0,0,0,0,0,0
21459079730048,10.679467,1786372916596509472,,0,0,0,0,0,0,0,0,0,0,0,0,0,0,0,0,0,0,0
21459099752928,10.69949,1786372916616511140,,0,0,0,0,0,0,0,0,0,0,0,0,0,0,0,0,0,0,0
21459119762688,10.719499,1786372916636504475,,0,0,0,0,0,0,0,0,0,0,0,0,0,0,0,0,0,0,0
21459139751904,10.739488,1786372916656511589,,0,0,0,0,0,0,0,0,0,0,0,0,0,0,0,0,0,0,0
21459159799712,10.759536,1786372916676531597,,0,0,0,0,0,0,0,0,0,0,0,0,0,0,0,0,0,0,0
21459179764224,10.779501,1786372916696526948,,0,0,0,0,0,0,0,0,0,0,0,0,0,0,0,0,0,0,0
21459199756544,10.799493,1786372916716538968,,0,0,0,0,0,0,0,0,0,0,0,0,0,0,0,0,0,0,0
21459219728000,10.819465,1786372916736506881,,0,0,0,0,0,0,0,0,0,0,0,0,0,0,0,0,0,0,0
21459239767648,10.839504,1786372916756511728,,0,0,0,0,0,0,0,0,0,0,0,0,0,0,0,0,0,0,0
21459259673760,10.85941,1786372916776504155,,0,0,0,0,0,0,0,0,0,0,0,0,0,0,0,0,0,0,0
21459279740352,10.879477,1786372916796511900,,0,0,0,0,0,0,0,0,0,0,0,0,0,0,0,0,0,0,0
21459299740768,10.899477,1786372916816532262,,0,0,0,0,0,0,0,0,0,0,0,0,0,0,0,0,0,0,0
21459319797792,10.919534,1786372916836527240,,0,0,0,0,0,0,0,0,0,0,0,0,0,0,0,0,0,0,0
21459339741760,10.939478,1786372916856524790,,0,0,0,0,0,0,0,0,0,0,0,0,0,0,0,0,0,0,0
21459359757568,10.959494,1786372916876506470,,0,0,0,0,0,0,0,0,0,0,0,0,0,0,0,0,0,0,0
21459379740928,10.979478,1786372916896511570,,0,0,0,0,0,0,0,0,0,0,0,0,0,0,0,0,0,0,0
21459399721184,10.999458,1786372916916505540,,0,0,0,0,0,0,0,0,0,0,0,0,0,0,0,0,0,0,0
21459419736512,11.019473,1786372916936511205,,0,0,0,0,0,0,0,0,0,0,0,0,0,0,0,0,0,0,0
21459439754368,11.039491,1786372916956532387,,0,0,0,0,0,0,0,0,0,0,0,0,0,0,0,0,0,0,0
21459459753472,11.05949,1786372916976527197,,0,0,0,0,0,0,0,0,0,0,0,0,0,0,0,0,0,0,0
21459479711360,11.079448,1786372916996524206,,0,0,0,0,0,0,0,0,0,0,0,0,0,0,0,0,0,0,0
21459499728544,11.099465,1786372917016507110,,0,0,0,0,0,0,0,0,0,0,0,0,0,0,0,0,0,0,0
21459519747904,11.119484,1786372917036511441,,0,0,0,0,0,0,0,0,0,0,0,0,0,0,0,0,0,0,0
21459539740256,11.139477,1786372917056504963,,0,0,0,0,0,0,0,0,0,0,0,0,0,0,0,0,0,0,0
21459559725696,11.159462,1786372917076511064,,0,0,0,0,0,0,0,0,0,0,0,0,0,0,0,0,0,0,0
21459579749984,11.179487,1786372917096533170,,0,0,0,0,0,0,0,0,0,0,0,0,0,0,0,0,0,0,0
21459599760064,11.199497,1786372917116527592,,0,0,0,0,0,0,0,0,0,0,0,0,0,0,0,0,0,0,0
21459619739360,11.219476,1786372917136524388,,0,0,0,0,0,0,0,0,0,0,0,0,0,0,0,0,0,0,0
21459639728576,11.239465,1786372917156507912,,0,0,0,0,0,0,0,0,0,0,0,0,0,0,0,0,0,0,0
21459659591520,11.259328,1786372917176512195,,0,0,0,0,0,0,0,0,0,0,0,0,0,0,0,0,0,0,0
21459679688544,11.279425,1786372917196507565,,0,0,0,0,0,0,0,0,0,0,0,0,0,0,0,0,0,0,0
21459699721536,11.299458,1786372917216510622,,0,0,0,0,0,0,0,0,0,0,0,0,0,0,0,0,0,0,0
21459719759040,11.319496,1786372917236530469,,0,0,0,0,0,0,0,0,0,0,0,0,0,0,0,0,0,0,0
21459739727168,11.339464,1786372917256527999,,0,0,0,0,0,0,0,0,0,0,0,0,0,0,0,0,0,0,0
21459759740320,11.359477,1786372917276524124,,0,0,0,0,0,0,0,0,0,0,0,0,0,0,0,0,0,0,0
21459779726176,11.379463,1786372917296505775,,0,0,0,0,0,0,0,0,0,0,0,0,0,0,0,0,0,0,0
21459799671072,11.399408,1786372917316512362,,0,0,0,0,0,0,0,0,0,0,0,0,0,0,0,0,0,0,0
21459819700992,11.419438,1786372917336504015,,0,0,0,0,0,0,0,0,0,0,0,0,0,0,0,0,0,0,0
21459839721152,11.439458,1786372917356511362,,0,0,0,0,0,0,0,0,0,0,0,0,0,0,0,0,0,0,0
21459859640832,11.459377,1786372917376530617,,0,0,0,0,0,0,0,0,0,0,0,0,0,0,0,0,0,0,0
21459879712064,11.479449,1786372917396526563,,0,0,0,0,0,0,0,0,0,0,0,0,0,0,0,0,0,0,0
21459899729952,11.499467,1786372917416523792,,0,0,0,0,0,0,0,0,0,0,0,0,0,0,0,0,0,0,0
21459919724608,11.519461,1786372917436507170,,0,0,0,0,0,0,0,0,0,0,0,0,0,0,0,0,0,0,0
21459939727008,11.539464,1786372917456511736,,0,0,0,0,0,0,0,0,0,0,0,0,0,0,0,0,0,0,0
21459959712320,11.559449,1786372917476504598,,0,0,0,0,0,0,0,0,0,0,0,0,0,0,0,0,0,0,0
21459979727872,11.579464,1786372917496511828,,0,0,0,0,0,0,0,0,0,0,0,0,0,0,0,0,0,0,0
21459999760128,11.599497,1786372917516532019,,0,0,0,0,0,0,0,0,0,0,0,0,0,0,0,0,0,0,0
21460019739520,11.619476,1786372917536528190,,0,0,0,0,0,0,0,0,0,0,0,0,0,0,0,0,0,0,0
21460039706528,11.639443,1786372917556524650,,0,0,0,0,0,0,0,0,0,0,0,0,0,0,0,0,0,0,0
21460059630112,11.659367,1786372917576506698,,0,0,0,0,0,0,0,0,0,0,0,0,0,0,0,0,0,0,0
21460079737472,11.679474,1786372917596514843,,0,0,0,0,0,0,0,0,0,0,0,0,0,0,0,0,0,0,0
21460099729536,11.699466,1786372917616504567,,0,0,0,0,0,0,0,0,0,0,0,0,0,0,0,0,0,0,0
21460119711264,11.719448,1786372917636511702,,0,0,0,0,0,0,0,0,0,0,0,0,0,0,0,0,0,0,0
21460139737760,11.739474,1786372917656531181,,0,0,0,0,0,0,0,0,0,0,0,0,0,0,0,0,0,0,0
21460159762944,11.7595,1786372917676528456,,0,0,0,0,0,0,0,0,0,0,0,0,0,0,0,0,0,0,0
21460179754656,11.779491,1786372917696524681,,0,0,0,0,0,0,0,0,0,0,0,0,0,0,0,0,0,0,0
21460199695424,11.799432,1786372917716506920,,0,0,0,0,0,0,0,0,0,0,0,0,0,0,0,0,0,0,0
21460219712448,11.819449,1786372917736511834,,0,0,0,0,0,0,0,0,0,0,0,0,0,0,0,0,0,0,0
21460239679264,11.839416,1786372917756504495,,0,0,0,0,0,0,0,0,0,0,0,0,0,0,0,0,0,0,0
21460259619584,11.859356,1786372917776512263,,0,0,0,0,0,0,0,0,0,0,0,0,0,0,0,0,0,0,0
21460279698432,11.879435,1786372917796531643,,0,0,0,0,0,0,0,0,0,0,0,0,0,0,0,0,0,0,0
21460299734432,11.899471,1786372917816529442,,0,0,0,0,0,0,0,0,0,0,0,0,0,0,0,0,0,0,0
21460319719904,11.919456,1786372917836523527,,0,0,0,0,0,0,0,0,0,0,0,0,0,0,0,0,0,0,0
21460339695200,11.939432,1786372917856508028,,0,0,0,0,0,0,0,0,0,0,0,0,0,0,0,0,0,0,0
21460359739968,11.959477,1786372917876511571,,0,0,0,0,0,0,0,0,0,0,0,0,0,0,0,0,0,0,0
21460379671104,11.979408,1786372917896519573,,0,0,0,0,0,0,0,0,0,0,0,0,0,0,0,0,0,0,0
21460399706112,11.999443,1786372917916511263,,0,0,0,0,0,0,0,0,0,0,0,0,0,0,0,0,0,0,0
21460419724288,12.019461,1786372917936531059,,0,0,0,0,0,0,0,0,0,0,0,0,0,0,0,0,0,0,0
21460439717376,12.039454,1786372917956527455,,0,0,0,0,0,0,0,0,0,0,0,0,0,0,0,0,0,0,0
21460459614464,12.059351,1786372917976524223,,0,0,0,0,0,0,0,0,0,0,0,0,0,0,0,0,0,0,0
21460479664512,12.079401,1786372917996507131,,0,0,0,0,0,0,0,0,0,0,0,0,0,0,0,0,0,0,0
21460499677824,12.099414,1786372918016510870,,0,0,0,0,0,0,0,0,0,0,0,0,0,0,0,0,0,0,0
21460519680448,12.119417,1786372918036503495,,0,0,0,0,0,0,0,0,0,0,0,0,0,0,0,0,0,0,0
21460539657760,12.139394,1786372918056511163,,0,0,0,0,0,0,0,0,0,0,0,0,0,0,0,0,0,0,0
21460559682176,12.159419,1786372918076533704,,0,0,0,0,0,0,0,0,0,0,0,0,0,0,0,0,0,0,0
21460579705344,12.179442,1786372918096529290,,0,0,0,0,0,0,0,0,0,0,0,0,0,0,0,0,0,0,0
21460599701120,12.199438,1786372918116522784,,0,0,0,0,0,0,0,0,0,0,0,0,0,0,0,0,0,0,0
21460619683008,12.21942,1786372918136506669,,0,0,0,0,0,0,0,0,0,0,0,0,0,0,0,0,0,0,0
21460639684384,12.239421,1786372918156511449,,0,0,0,0,0,0,0,0,0,0,0,0,0,0,0,0,0,0,0
21460659598912,12.259335,1786372918176504571,,0,0,0,0,0,0,0,0,0,0,0,0,0,0,0,0,0,0,0
21460679689184,12.279426,1786372918196510769,,0,0,0,0,0,0,0,0,0,0,0,0,0,0,0,0,0,0,0
21460699716288,12.299453,1786372918216531783,,0,0,0,0,0,0,0,0,0,0,0,0,0,0,0,0,0,0,0
21460719703584,12.31944,1786372918236526715,,0,0,0,0,0,0,0,0,0,0,0,0,0,0,0,0,0,0,0
21460739689952,12.339427,1786372918256524454,,0,0,0,0,0,0,0,0,0,0,0,0,0,0,0,0,0,0,0
21460759677376,12.359414,1786372918276507786,,0,0,0,0,0,0,0,0,0,0,0,0,0,0,0,0,0,0,0
21460779682272,12.379419,1786372918296511477,,0,0,0,0,0,0,0,0,0,0,0,0,0,0,0,0,0,0,0
21460799661760,12.399398,1786372918316505139,,0,0,0,0,0,0,0,0,0,0,0,0,0,0,0,0,0,0,0
21460819686176,12.419423,1786372918336510785,,0,0,0,0,0,0,0,0,0,0,0,0,0,0,0,0,0,0,0
21460839713024,12.43945,1786372918356531372,,0,0,0,0,0,0,0,0,0,0,0,0,0,0,0,0,0,0,0
21460859565056,12.459302,1786372918376528682,,0,0,0,0,0,0,0,0,0,0,0,0,0,0,0,0,0,0,0
21460879695968,12.479433,1786372918396523652,,0,0,0,0,0,0,0,0,0,0,0,0,0,0,0,0,0,0,0
21460899698240,12.499435,1786372918416507583,,0,0,0,0,0,0,0,0,0,0,0,0,0,0,0,0,0,0,0
21460919681824,12.519418,1786372918436510988,,0,0,0,0,0,0,0,0,0,0,0,0,0,0,0,0,0,0,0
21460939675648,12.539412,1786372918456503197,,0,0,0,0,0,0,0,0,0,0,0,0,0,0,0,0,0,0,0
21460959745280,12.559482,1786372918476511636,,0,0,0,0,0,0,0,0,0,0,0,0,0,0,0,0,0,0,0
21460979705504,12.579442,1786372918496531247,,0,0,0,0,0,0,0,0,0,0,0,0,0,0,0,0,0,0,0
21460999703104,12.59944,1786372918516527544,,0,0,0,0,0,0,0,0,0,0,0,0,0,0,0,0,0,0,0
21461019671424,12.619408,1786372918536524269,,0,0,0,0,0,0,0,0,0,0,0,0,0,0,0,0,0,0,0
21461039667840,12.639404,1786372918556507518,,0,0,0,0,0,0,0,0,0,0,0,0,0,0,0,0,0,0,0
21461059573408,12.65931,1786372918576511841,,0,0,0,0,0,0,0,0,0,0,0,0,0,0,0,0,0,0,0
21461079674560,12.679411,1786372918596506585,,0,0,0,0,0,0,0,0,0,0,0,0,0,0,0,0,0,0,0
21461099667840,12.699404,1786372918616511297,,0,0,0,0,0,0,0,0,0,0,0,0,0,0,0,0,0,0,0
21461119743328,12.71948,1786372918636533809,,0,0,0,0,0,0,0,0,0,0,0,0,0,0,0,0,0,0,0
21461139698336,12.739435,1786372918656526909,,0,0,0,0,0,0,0,0,0,0,0,0,0,0,0,0,0,0,0
21461159683232,12.75942,1786372918676522722,,0,0,0,0,0,0,0,0,0,0,0,0,0,0,0,0,0,0,0
21461179680736,12.779417,1786372918696506456,,0,0,0,0,0,0,0,0,0,0,0,0,0,0,0,0,0,0,0
21461199643104,12.79938,1786372918716510081,,0,0,0,0,0,0,0,0,0,0,0,0,0,0,0,0,0,0,0
21461219645600,12.819382,1786372918736505675,,0,0,0,0,0,0,0,0,0,0,0,0,0,0,0,0,0,0,0
21461239681664,12.839418,1786372918756510673,,0,0,0,0,0,0,0,0,0,0,0,0,0,0,0,0,0,0,0
21461259547424,12.859284,1786372918776531393,,0,0,0,0,0,0,0,0,0,0,0,0,0,0,0,0,0,0,0
21461279691456,12.879428,1786372918796527698,,0,0,0,0,0,0,0,0,0,0,0,0,0,0,0,0,0,0,0
21461299652352,12.899389,1786372918816523162,,0,0,0,0,0,0,0,0,0,0,0,0,0,0,0,0,0,0,0
21461319669184,12.919406,1786372918836507198,,0,0,0,0,0,0,0,0,0,0,0,0,0,0,0,0,0,0,0
21461339657920,12.939394,1786372918856512689,,0,0,0,0,0,0,0,0,0,0,0,0,0,0,0,0,0,0,0
21461359788288,12.959525,1786372918876506470,,0,0,0,0,0,0,0,0,0,0,0,0,0,0,0,0,0,0,0
21461379677600,12.979414,1786372918896510619,,0,0,0,0,0,0,0,0,0,0,0,0,0,0,0,0,0,0,0
21461399660800,12.999397,1786372918916531928,,0,0,0,0,0,0,0,0,0,0,0,0,0,0,0,0,0,0,0
21461419662464,13.019399,1786372918936527050,,0,0,0,0,0,0,0,0,0,0,0,0,0,0,0,0,0,0,0
21461439651776,13.039388,1786372918956524185,,0,0,0,0,0,0,0,0,0,0,0,0,0,0,0,0,0,0,0
21461459576384,13.059313,1786372918976506902,,0,0,0,0,0,0,0,0,0,0,0,0,0,0,0,0,0,0,0
21461479657856,13.079394,1786372918996511457,,0,0,0,0,0,0,0,0,0,0,0,0,0,0,0,0,0,0,0
21461499665216,13.099402,1786372919016504248,,0,0,0,0,0,0,0,0,0,0,0,0,0,0,0,0,0,0,0
21461519613792,13.11935,1786372919036512717,,0,0,0,0,0,0,0,0,0,0,0,0,0,0,0,0,0,0,0
21461539664064,13.139401,1786372919056531814,,0,0,0,0,0,0,0,0,0,0,0,0,0,0,0,0,0,0,0
21461559761984,13.159499,1786372919076527333,,0,0,0,0,0,0,0,0,0,0,0,0,0,0,0,0,0,0,0
21461579637536,13.179374,1786372919096528200,,0,0,0,0,0,0,0,0,0,0,0,0,0,0,0,0,0,0,0
21461599658752,13.199395,1786372919116506984,,0,0,0,0,0,0,0,0,0,0,0,0,0,0,0,0,0,0,0
21461619644544,13.219381,1786372919136512306,,0,0,0,0,0,0,0,0,0,0,0,0,0,0,0,0,0,0,0
21461639622592,13.239359,1786372919156504415,,0,0,0,0,0,0,0,0,0,0,0,0,0,0,0,0,0,0,0
21461659562720,13.259299,1786372919176511456,,0,0,0,0,0,0,0,0,0,0,0,0,0,0,0,0,0,0,0
21461679677376,13.279414,1786372919196530266,,0,0,0,0,0,0,0,0,0,0,0,0,0,0,0,0,0,0,0
21461699662944,13.2994,1786372919216527258,,0,0,0,0,0,0,0,0,0,0,0,0,0,0,0,0,0,0,0
21461719645824,13.319382,1786372919236524422,,0,0,0,0,0,0,0,0,0,0,0,0,0,0,0,0,0,0,0
21461739619072,13.339356,1786372919256507354,,0,0,0,0,0,0,0,0,0,0,0,0,0,0,0,0,0,0,0
21461759704224,13.359441,1786372919276511339,,0,0,0,0,0,0,0,0,0,0,0,0,0,0,0,0,0,0,0
21461779659872,13.379396,1786372919296504075,,0,0,0,0,0,0,0,0,0,0,0,0,0,0,0,0,0,0,0
21461799626656,13.399363,1786372919316511296,,0,0,0,0,0,0,0,0,0,0,0,0,0,0,0,0,0,0,0
21461819642816,13.419379,1786372919336535182,,0,0,0,0,0,0,0,0,0,0,0,0,0,0,0,0,0,0,0
21461839649056,13.439386,1786372919356528569,,0,0,0,0,0,0,0,0,0,0,0,0,0,0,0,0,0,0,0
21461859509280,13.459246,1786372919376524488,,0,0,0,0,0,0,0,0,0,0,0,0,0,0,0,0,0,0,0
21461879637504,13.479374,1786372919396507037,,0,0,0,0,0,0,0,0,0,0,0,0,0,0,0,0,0,0,0
21461899623936,13.499361,1786372919416511267,,0,0,0,0,0,0,0,0,0,0,0,0,0,0,0,0,0,0,0
21461919605056,13.519342,1786372919436505213,,0,0,0,0,0,0,0,0,0,0,0,0,0,0,0,0,0,0,0
21461939638048,13.539375,1786372919456510366,,0,0,0,0,0,0,0,0,0,0,0,0,0,0,0,0,0,0,0
21461959674848,13.559411,1786372919476531483,,0,0,0,0,0,0,0,0,0,0,0,0,0,0,0,0,0,0,0
21461979657024,13.579394,1786372919496528412,,0,0,0,0,0,0,0,0,0,0,0,0,0,0,0,0,0,0,0
21461999613824,13.59935,1786372919516524035,,0,0,0,0,0,0,0,0,0,0,0,0,0,0,0,0,0,0,0
21462019621760,13.619358,1786372919536507507,,0,0,0,0,0,0,0,0,0,0,0,0,0,0,0,0,0,0,0
21462039600160,13.639337,1786372919556512084,,0,0,0,0,0,0,0,0,0,0,0,0,0,0,0,0,0,0,0
21462059482368,13.659219,1786372919576504194,,0,0,0,0,0,0,0,0,0,0,0,0,0,0,0,0,0,0,0
21462079604416,13.679341,1786372919596513453,,0,0,0,0,0,0,0,0,0,0,0,0,0,0,0,0,0,0,0
21462099636512,13.699373,1786372919616532475,,0,0,0,0,0,0,0,0,0,0,0,0,0,0,0,0,0,0,0
21462119620832,13.719357,1786372919636528058,,0,0,0,0,0,0,0,0,0,0,0,0,0,0,0,0,0,0,0
21462139660192,13.739397,1786372919656525113,,0,0,0,0,0,0,0,0,0,0,0,0,0,0,0,0,0,0,0
21462159639392,13.759376,1786372919676508567,,0,0,0,0,0,0,0,0,0,0,0,0,0,0,0,0,0,0,0
21462179615712,13.779352,1786372919696511748,,0,0,0,0,0,0,0,0,0,0,0,0,0,0,0,0,0,0,0
21462199569504,13.799306,1786372919716518550,,0,0,0,0,0,0,0,0,0,0,0,0,0,0,0,0,0,0,0
21462219601568,13.819338,1786372919736509947,,0,0,0,0,0,0,0,0,0,0,0,0,0,0,0,0,0,0,0
21462239641664,13.839378,1786372919756532012,,0,0,0,0,0,0,0,0,0,0,0,0,0,0,0,0,0,0,0
21462259480704,13.859217,1786372919776527212,,0,0,0,0,0,0,0,0,0,0,0,0,0,0,0,0,0,0,0
21462279611776,13.879348,1786372919796523337,,0,0,0,0,0,0,0,0,0,0,0,0,0,0,0,0,0,0,0
21462299605056,13.899342,1786372919816510007,,0,0,0,0,0,0,0,0,0,0,0,0,0,0,0,0,0,0,0
21462319595072,13.919332,1786372919836511991,,0,0,0,0,0,0,0,0,0,0,0,0,0,0,0,0,0,0,0
21462339614368,13.939351,1786372919856505159,,0,0,0,0,0,0,0,0,0,0,0,0,0,0,0,0,0,0,0
21462359598080,13.959335,1786372919876511267,,0,0,0,0,0,0,0,0,0,0,0,0,0,0,0,0,0,0,0
21462379634400,13.979371,1786372919896533250,,0,0,0,0,0,0,0,0,0,0,0,0,0,0,0,0,0,0,0
21462399600000,13.999337,1786372919916527995,,0,0,0,0,0,0,0,0,0,0,0,0,0,0,0,0,0,0,0
21462419582944,14.01932,1786372919936523986,,0,0,0,0,0,0,0,0,0,0,0,0,0,0,0,0,0,0,0
21462439554624,14.039291,1786372919956507959,,0,0,0,0,0,0,0,0,0,0,0,0,0,0,0,0,0,0,0
21462459675040,14.059412,1786372919976512007,,0,0,0,0,0,0,0,0,0,0,0,0,0,0,0,0,0,0,0
21462479593856,14.07933,1786372919996504717,,0,0,0,0,0,0,0,0,0,0,0,0,0,0,0,0,0,0,0
21462499562400,14.099299,1786372920016511886,,0,0,0,0,0,0,0,0,0,0,0,0,0,0,0,0,0,0,0
21462519581536,14.119318,1786372920036532304,,0,0,0,0,0,0,0,0,0,0,0,0,0,0,0,0,0,0,0
21462539616480,14.139353,1786372920056528338,,0,0,0,0,0,0,0,0,0,0,0,0,0,0,0,0,0,0,0
21462559626560,14.159363,1786372920076526348,,0,0,0,0,0,0,0,0,0,0,0,0,0,0,0,0,0,0,0
21462579624928,14.179362,1786372920096509873,,0,0,0,0,0,0,0,0,0,0,0,0,0,0,0,0,0,0,0
21462599568032,14.199305,1786372920116512232,,0,0,0,0,0,0,0,0,0,0,0,0,0,0,0,0,0,0,0
21462619554560,14.219291,1786372920136504237,,0,0,0,0,0,0,0,0,0,0,0,0,0,0,0,0,0,0,0
21462639608128,14.239345,1786372920156511642,,0,0,0,0,0,0,0,0,0,0,0,0,0,0,0,0,0,0,0
21462659488544,14.259225,1786372920176532240,,0,0,0,0,0,0,0,0,0,0,0,0,0,0,0,0,0,0,0
21462679594208,14.279331,1786372920196526092,,0,0,0,0,0,0,0,0,0,0,0,0,0,0,0,0,0,0,0
21462699574784,14.299311,1786372920216523904,,0,0,0,0,0,0,0,0,0,0,0,0,0,0,0,0,0,0,0
21462719600608,14.319337,1786372920236507037,,0,0,0,0,0,0,0,0,0,0,0,0,0,0,0,0,0,0,0
21462739608000,14.339345,1786372920256512154,,0,0,0,0,0,0,0,0,0,0,0,0,0,0,0,0,0,0,0
21462759578112,14.359315,1786372920276504392,,0,0,0,0,0,0,0,0,0,0,0,0,0,0,0,0,0,0,0
21462779583328,14.37932,1786372920296511069,,0,0,0,0,0,0,0,0,0,0,0,0,0,0,0,0,0,0,0
21462799594432,14.399331,1786372920316531700,,0,0,0,0,0,0,0,0,0,0,0,0,0,0,0,0,0,0,0
21462819607040,14.419344,1786372920336527876,,0,0,0,0,0,0,0,0,0,0,0,0,0,0,0,0,0,0,0
21462839624288,14.439361,1786372920356525136,,0,0,0,0,0,0,0,0,0,0,0,0,0,0,0,0,0,0,0
21462859455552,14.459192,1786372920376506756,,0,0,0,0,0,0,0,0,0,0,0,0,0,0,0,0,0,0,0
21462879633120,14.47937,1786372920396512125,,0,0,0,0,0,0,0,0,0,0,0,0,0,0,0,0,0,0,0
21462899569888,14.499306,1786372920416505272,,0,0,0,0,0,0,0,0,0,0,0,0,0,0,0,0,0,0,0
21462919606048,14.519343,1786372920436511200,,0,0,0,0,0,0,0,0,0,0,0,0,0,0,0,0,0,0,0
21462939651808,14.539388,1786372920456533384,,0,0,0,0,0,0,0,0,0,0,0,0,0,0,0,0,0,0,0
21462959608544,14.559345,1786372920476527684,,0,0,0,0,0,0,0,0,0,0,0,0,0,0,0,0,0,0,0
21462979592768,14.579329,1786372920496525213,,0,0,0,0,0,0,0,0,0,0,0,0,0,0,0,0,0,0,0
21462999588128,14.599325,1786372920516507090,,0,0,0,0,0,0,0,0,0,0,0,0,0,0,0,0,0,0,0
21463019558944,14.619296,1786372920536510796,,0,0,0,0,0,0,0,0,0,0,0,0,0,0,0,0,0,0,0
21463039604128,14.639341,1786372920556506171,,0,0,0,0,0,0,0,0,0,0,0,0,0,0,0,0,0,0,0
21463059441344,14.659178,1786372920576511727,,0,0,0,0,0,0,0,0,0,0,0,0,0,0,0,0,0,0,0
21463079587680,14.679324,1786372920596534200,,0,0,0,0,0,0,0,0,0,0,0,0,0,0,0,0,0,0,0
21463099561472,14.699298,1786372920616526628,,0,0,0,0,0,0,0,0,0,0,0,0,0,0,0,0,0,0,0
21463119615072,14.719352,1786372920636523518,,0,0,0,0,0,0,0,0,0,0,0,0,0,0,0,0,0,0,0
21463139619264,14.739356,1786372920656508265,,0,0,0,0,0,0,0,0,0,0,0,0,0,0,0,0,0,0,0
21463159571296,14.759308,1786372920676511498,,0,0,0,0,0,0,0,0,0,0,0,0,0,0,0,0,0,0,0
21463179555264,14.779292,1786372920696505009,,0,0,0,0,0,0,0,0,0,0,0,0,0,0,0,0,0,0,0
21463199544704,14.799281,1786372920716511174,,0,0,0,0,0,0,0,0,0,0,0,0,0,0,0,0,0,0,0
21463219637888,14.819374,1786372920736531224,,0,0,0,0,0,0,0,0,0,0,0,0,0,0,0,0,0,0,0
21463239638336,14.839375,1786372920756527813,,0,0,0,0,0,0,0,0,0,0,0,0,0,0,0,0,0,0,0
21463259497376,14.859234,1786372920776523826,,0,0,0,0,0,0,0,0,0,0,0,0,0,0,0,0,0,0,0
21463279559296,14.879296,1786372920796506995,,0,0,0,0,0,0,0,0,0,0,0,0,0,0,0,0,0,0,0
21463299537056,14.899274,1786372920816510729,,0,0,0,0,0,0,0,0,0,0,0,0,0,0,0,0,0,0,0
21463319593440,14.91933,1786372920836504171,,0,0,0,0,0,0,0,0,0,0,0,0,0,0,0,0,0,0,0
21463339531360,14.939268,1786372920856509912,,0,0,0,0,0,0,0,0,0,0,0,0,0,0,0,0,0,0,0
21463359569120,14.959306,1786372920876531985,,0,0,0,0,0,0,0,0,0,0,0,0,0,0,0,0,0,0,0
21463379591168,14.979328,1786372920896527493,,0,0,0,0,0,0,0,0,0,0,0,0,0,0,0,0,0,0,0
21463399548096,14.999285,1786372920916523206,,0,0,0,0,0,0,0,0,0,0,0,0,0,0,0,0,0,0,0
21463419536960,15.019274,1786372920936506635,,0,0,0,0,0,0,0,0,0,0,0,0,0,0,0,0,0,0,0
21463439571872,15.039308,1786372920956511176,,0,0,0,0,0,0,0,0,0,0,0,0,0,0,0,0,0,0,0
21463459435904,15.059172,1786372920976505085,,0,0,0,0,0,0,0,0,0,0,0,0,0,0,0,0,0,0,0
21463479550560,15.079287,1786372920996511870,,0,0,0,0,0,0,0,0,0,0,0,0,0,0,0,0,0,0,0
21463499561824,15.099298,1786372921016533453,,0,0,0,0,0,0,0,0,0,0,0,0,0,0,0,0,0,0,0
21463519576128,15.119313,1786372921036528904,,0,0,0,0,0,0,0,0,0,0,0,0,0,0,0,0,0,0,0
21463539585504,15.139322,1786372921056524705,,0,0,0,0,0,0,0,0,0,0,0,0,0,0,0,0,0,0,0
21463559552576,15.159289,1786372921076507832,,0,0,0,0,0,0,0,0,0,0,0,0,0,0,0,0,0,0,0
21463579544160,15.179281,1786372921096516168,,0,0,0,0,0,0,0,0,0,0,0,0,0,0,0,0,0,0,0
21463599522944,15.19926,1786372921116504933,,0,0,0,0,0,0,0,0,0,0,0,0,0,0,0,0,0,0,0
21463619548544,15.219285,1786372921136511911,,0,0,0,0,0,0,0,0,0,0,0,0,0,0,0,0,0,0,0
21463639598496,15.239335,1786372921156531323,,0,0,0,0,0,0,0,0,0,0,0,0,0,0,0,0,0,0,0
21463659409952,15.259147,1786372921176528304,,0,0,0,0,0,0,0,0,0,0,0,0,0,0,0,0,0,0,0
21463679551904,15.279288,1786372921196525234,,0,0,0,0,0,0,0,0,0,0,0,0,0,0,0,0,0,0,0
21463699518272,15.299255,1786372921216507523,,0,0,0,0,0,0,0,0,0,0,0,0,0,0,0,0,0,0,0
21463719543520,15.31928,1786372921236511570,,0,0,0,0,0,0,0,0,0,0,0,0,0,0,0,0,0,0,0
21463739556096,15.339293,1786372921256505074,,0,0,0,0,0,0,0,0,0,0,0,0,0,0,0,0,0,0,0
21463759527616,15.359264,1786372921276510676,,0,0,0,0,0,0,0,0,0,0,0,0,0,0,0,0,0,0,0
21463779543360,15.37928,1786372921296531512,,0,0,0,0,0,0,0,0,0,0,0,0,0,0,0,0,0,0,0
21463799604448,15.399341,1786372921316527890,,0,0,0,0,0,0,0,0,0,0,0,0,0,0,0,0,0,0,0
21463819546880,15.419283,1786372921336524364,,0,0,0,0,0,0,0,0,0,0,0,0,0,0,0,0,0,0,0
21463839562848,15.439299,1786372921356507760,,0,0,0,0,0,0,0,0,0,0,0,0,0,0,0,0,0,0,0
21463859445472,15.459182,1786372921376512011,,0,0,0,0,0,0,0,0,0,0,0,0,0,0,0,0,0,0,0
21463879521152,15.479258,1786372921396505493,,0,0,0,0,0,0,0,0,0,0,0,0,0,0,0,0,0,0,0
21463899521632,15.499258,1786372921416511047,,0,0,0,0,0,0,0,0,0,0,0,0,0,0,0,0,0,0,0
21463919573376,15.51931,1786372921436532470,,0,0,0,0,0,0,0,0,0,0,0,0,0,0,0,0,0,0,0
21463939543936,15.539281,1786372921456527535,,0,0,0,0,0,0,0,0,0,0,0,0,0,0,0,0,0,0,0
21463959536768,15.559273,1786372921476527930,,0,0,0,0,0,0,0,0,0,0,0,0,0,0,0,0,0,0,0
21463979512448,15.579249,1786372921496507584,,0,0,0,0,0,0,0,0,0,0,0,0,0,0,0,0,0,0,0
21463999534432,15.599271,1786372921516513247,,0,0,0,0,0,0,0,0,0,0,0,0,0,0,0,0,0,0,0
21464019527104,15.619264,1786372921536504209,,0,0,0,0,0,0,0,0,0,0,0,0,0,0,0,0,0,0,0
21464039508064,15.639245,1786372921556511257,,0,0,0,0,0,0,0,0,0,0,0,0,0,0,0,0,0,0,0
21464059447136,15.659184,1786372921576532723,,0,0,0,0,0,0,0,0,0,0,0,0,0,0,0,0,0,0,0
21464079533024,15.67927,1786372921596545787,,0,0,0,0,0,0,0,0,0,0,0,0,0,0,0,0,0,0,0
21464099531776,15.699268,1786372921616524079,,0,0,0,0,0,0,0,0,0,0,0,0,0,0,0,0,0,0,0
21464119554848,15.719291,1786372921636507389,,0,0,0,0,0,0,0,0,0,0,0,0,0,0,0,0,0,0,0
21464139576544,15.739313,1786372921656512214,,0,0,0,0,0,0,0,0,0,0,0,0,0,0,0,0,0,0,0
21464159512096,15.759249,1786372921676519961,,0,0,0,0,0,0,0,0,0,0,0,0,0,0,0,0,0,0,0
21464179536896,15.779273,1786372921696510186,,0,0,0,0,0,0,0,0,0,0,0,0,0,0,0,0,0,0,0
21464199612096,15.799349,1786372921716531179,,0,0,0,0,0,0,0,0,0,0,0,0,0,0,0,0,0,0,0
21464219549440,15.819286,1786372921736526995,,0,0,0,0,0,0,0,0,0,0,0,0,0,0,0,0,0,0,0
21464239536096,15.839273,1786372921756521619,,0,0,0,0,0,0,0,0,0,0,0,0,0,0,0,0,0,0,0
21464259384640,15.859121,1786372921776506828,,0,0,0,0,0,0,0,0,0,0,0,0,0,0,0,0,0,0,0
21464279509184,15.879246,1786372921796512390,,0,0,0,0,0,0,0,0,0,0,0,0,0,0,0,0,0,0,0
21464299527136,15.899264,1786372921816505665,,0,0,0,0,0,0,0,0,0,0,0,0,0,0,0,0,0,0,0
21464319506112,15.919243,1786372921836510782,,0,0,0,0,0,0,0,0,0,0,0,0,0,0,0,0,0,0,0
21464339527712,15.939264,1786372921856535227,,0,0,0,0,0,0,0,0,0,0,0,0,0,0,0,0,0,0,0
21464359539648,15.959276,1786372921876529123,,0,0,0,0,0,0,0,0,0,0,0,0,0,0,0,0,0,0,0
21464379520832,15.979257,1786372921896522865,,0,0,0,0,0,0,0,0,0,0,0,0,0,0,0,0,0,0,0
21464399499136,15.999236,1786372921916507613,,0,0,0,0,0,0,0,0,0,0,0,0,0,0,0,0,0,0,0
21464419509760,16.019246,1786372921936511426,,0,0,0,0,0,0,0,0,0,0,0,0,0,0,0,0,0,0,0
21464439511872,16.039248,1786372921956505371,,0,0,0,0,0,0,0,0,0,0,0,0,0,0,0,0,0,0,0
21464459381280,16.059118,1786372921976510517,,0,0,0,0,0,0,0,0,0,0,0,0,0,0,0,0,0,0,0
21464479540256,16.079277,1786372921996531121,,0,0,0,0,0,0,0,0,0,0,0,0,0,0,0,0,0,0,0
21464499541664,16.099278,1786372922016527242,,0,0,0,0,0,0,0,0,0,0,0,0,0,0,0,0,0,0,0
21464519526592,16.119263,1786372922036523493,,0,0,0,0,0,0,0,0,0,0,0,0,0,0,0,0,0,0,0
21464539525344,16.139262,1786372922056507298,,0,0,0,0,0,0,0,0,0,0,0,0,0,0,0,0,0,0,0
21464559482528,16.159219,1786372922076511759,,0,0,0,0,0,0,0,0,0,0,0,0,0,0,0,0,0,0,0
21464579507840,16.179244,1786372922096507727,,0,0,0,0,0,0,0,0,0,0,0,0,0,0,0,0,0,0,0
21464599492224,16.199229,1786372922116511167,,0,0,0,0,0,0,0,0,0,0,0,0,0,0,0,0,0,0,0
21464619528672,16.219265,1786372922136530903,,0,0,0,0,0,0,0,0,0,0,0,0,0,0,0,0,0,0,0
21464639508480,16.239245,1786372922156525689,,0,0,0,0,0,0,0,0,0,0,0,0,0,0,0,0,0,0,0
21464659380512,16.259117,1786372922176525954,,0,0,0,0,0,0,0,0,0,0,0,0,0,0,0,0,0,0,0
21464679485280,16.279222,1786372922196506961,,0,0,0,0,0,0,0,0,0,0,0,0,0,0,0,0,0,0,0
21464699520160,16.299257,1786372922216511297,,0,0,0,0,0,0,0,0,0,0,0,0,0,0,0,0,0,0,0
21464719497024,16.319234,1786372922236504634,,0,0,0,0,0,0,0,0,0,0,0,0,0,0,0,0,0,0,0
21464739493792,16.33923,1786372922256509316,,0,0,0,0,0,0,0,0,0,0,0,0,0,0,0,0,0,0,0
21464759496384,16.359233,1786372922276531303,,0,0,0,0,0,0,0,0,0,0,0,0,0,0,0,0,0,0,0
21464779515616,16.379252,1786372922296526836,,0,0,0,0,0,0,0,0,0,0,0,0,0,0,0,0,0,0,0
21464799510688,16.399247,1786372922316524820,,0,0,0,0,0,0,0,0,0,0,0,0,0,0,0,0,0,0,0
21464819519168,16.419256,1786372922336507079,,0,0,0,0,0,0,0,0,0,0,0,0,0,0,0,0,0,0,0
21464839486816,16.439223,1786372922356511182,,0,0,0,0,0,0,0,0,0,0,0,0,0,0,0,0,0,0,0
21464859404544,16.459141,1786372922376504213,,0,0,0,0,0,0,0,0,0,0,0,0,0,0,0,0,0,0,0
21464879504320,16.479241,1786372922396511295,,0,0,0,0,0,0,0,0,0,0,0,0,0,0,0,0,0,0,0
21464899512608,16.499249,1786372922416531820,,0,0,0,0,0,0,0,0,0,0,0,0,0,0,0,0,0,0,0
21464919531232,16.519268,1786372922436542717,,0,0,0,0,0,0,0,0,0,0,0,0,0,0,0,0,0,0,0
21464939494816,16.539231,1786372922456525344,,0,0,0,0,0,0,0,0,0,0,0,0,0,0,0,0,0,0,0
21464959467712,16.559204,1786372922476507384,,0,0,0,0,0,0,0,0,0,0,0,0,0,0,0,0,0,0,0
21464979491424,16.579228,1786372922496511927,,0,0,0,0,0,0,0,0,0,0,0,0,0,0,0,0,0,0,0
21464999471712,16.599208,1786372922516504612,,0,0,0,0,0,0,0,0,0,0,0,0,0,0,0,0,0,0,0
21465019480864,16.619217,1786372922536510883,,0,0,0,0,0,0,0,0,0,0,0,0,0,0,0,0,0,0,0
21465039512320,16.639249,1786372922556531368,,0,0,0,0,0,0,0,0,0,0,0,0,0,0,0,0,0,0,0
21465059348704,16.659085,1786372922576527688,,0,0,0,0,0,0,0,0,0,0,0,0,0,0,0,0,0,0,0
21465079546464,16.679283,1786372922596527337,,0,0,0,0,0,0,0,0,0,0,0,0,0,0,0,0,0,0,0
21465099500576,16.699237,1786372922616506845,,0,0,0,0,0,0,0,0,0,0,0,0,0,0,0,0,0,0,0
21465119508320,16.719245,1786372922636509668,,0,0,0,0,0,0,0,0,0,0,0,0,0,0,0,0,0,0,0
21465139484608,16.739221,1786372922656505253,,0,0,0,0,0,0,0,0,0,0,0,0,0,0,0,0,0,0,0
21465159523392,16.75926,1786372922676510652,,0,0,0,0,0,0,0,0,0,0,0,0,0,0,0,0,0,0,0
21465179518624,16.779255,1786372922696531462,,0,0,0,0,0,0,0,0,0,0,0,0,0,0,0,0,0,0,0
21465199489760,16.799226,1786372922716528545,,0,0,0,0,0,0,0,0,0,0,0,0,0,0,0,0,0,0,0
21465219480864,16.819217,1786372922736525339,,0,0,0,0,0,0,0,0,0,0,0,0,0,0,0,0,0,0,0
21465239481376,16.839218,1786372922756507643,,0,0,0,0,0,0,0,0,0,0,0,0,0,0,0,0,0,0,0
21465259343552,16.85908,1786372922776511192,,0,0,0,0,0,0,0,0,0,0,0,0,0,0,0,0,0,0,0
21465279501632,16.879238,1786372922796505302,,0,0,0,0,0,0,0,0,0,0,0,0,0,0,0,0,0,0,0
21465299484928,16.899222,1786372922816512294,,0,0,0,0,0,0,0,0,0,0,0,0,0,0,0,0,0,0,0
21465319492640,16.919229,1786372922836531470,,0,0,0,0,0,0,0,0,0,0,0,0,0,0,0,0,0,0,0
21465339487008,16.939224,1786372922856528484,,0,0,0,0,0,0,0,0,0,0,0,0,0,0,0,0,0,0,0
21465359489408,16.959226,1786372922876523994,,0,0,0,0,0,0,0,0,0,0,0,0,0,0,0,0,0,0,0
21465379476896,16.979213,1786372922896507205,,0,0,0,0,0,0,0,0,0,0,0,0,0,0,0,0,0,0,0
21465399464288,16.999201,1786372922916511461,,0,0,0,0,0,0,0,0,0,0,0,0,0,0,0,0,0,0,0
21465419465024,17.019202,1786372922936504561,,0,0,0,0,0,0,0,0,0,0,0,0,0,0,0,0,0,0,0
21465439465312,17.039202,1786372922956509280,,0,0,0,0,0,0,0,0,0,0,0,0,0,0,0,0,0,0,0
21465459447456,17.059184,1786372922976531886,,0,0,0,0,0,0,0,0,0,0,0,0,0,0,0,0,0,0,0
21465479503552,17.07924,1786372922996527895,,0,0,0,0,0,0,0,0,0,0,0,0,0,0,0,0,0,0,0
21465499476832,17.099213,1786372923016524581,,0,0,0,0,0,0,0,0,0,0,0,0,0,0,0,0,0,0,0
21465519468064,17.119205,1786372923036506592,,0,0,0,0,0,0,0,0,0,0,0,0,0,0,0,0,0,0,0
21465539467328,17.139204,1786372923056511708,,0,0,0,0,0,0,0,0,0,0,0,0,0,0,0,0,0,0,0
21465559482272,17.159219,1786372923076504565,,0,0,0,0,0,0,0,0,0,0,0,0,0,0,0,0,0,0,0
21465579472256,17.179209,1786372923096520235,,0,0,0,0,0,0,0,0,0,0,0,0,0,0,0,0,0,0,0
21465599471776,17.199208,1786372923116531342,,0,0,0,0,0,0,0,0,0,0,0,0,0,0,0,0,0,0,0
21465619486656,17.219223,1786372923136528558,,0,0,0,0,0,0,0,0,0,0,0,0,0,0,0,0,0,0,0
21465639494976,17.239232,1786372923156524037,,0,0,0,0,0,0,0,0,0,0,0,0,0,0,0,0,0,0,0
21465659375872,17.259112,1786372923176507788,,0,0,0,0,0,0,0,0,0,0,0,0,0,0,0,0,0,0,0
21465679460384,17.279197,1786372923196511246,,0,0,0,0,0,0,0,0,0,0,0,0,0,0,0,0,0,0,0
21465699465888,17.299202,1786372923216505757,,0,0,0,0,0,0,0,0,0,0,0,0,0,0,0,0,0,0,0
21465719452256,17.319189,1786372923236511687,,0,0,0,0,0,0,0,0,0,0,0,0,0,0,0,0,0,0,0
21465739487232,17.339224,1786372923256533032,,0,0,0,0,0,0,0,0,0,0,0,0,0,0,0,0,0,0,0
21465759479328,17.359216,1786372923276527806,,0,0,0,0,0,0,0,0,0,0,0,0,0,0,0,0,0,0,0
21465779499776,17.379236,1786372923296524481,,0,0,0,0,0,0,0,0,0,0,0,0,0,0,0,0,0,0,0
21465799453504,17.39919,1786372923316506971,,0,0,0,0,0,0,0,0,0,0,0,0,0,0,0,0,0,0,0
21465819449632,17.419186,1786372923336512053,,0,0,0,0,0,0,0,0,0,0,0,0,0,0,0,0,0,0,0
21465839463648,17.4392,1786372923356505807,,0,0,0,0,0,0,0,0,0,0,0,0,0,0,0,0,0,0,0
21465859310784,17.459047,1786372923376511916,,0,0,0,0,0,0,0,0,0,0,0,0,0,0,0,0,0,0,0
21465879500928,17.479238,1786372923396532134,,0,0,0,0,0,0,0,0,0,0,0,0,0,0,0,0,0,0,0
21465899456320,17.499193,1786372923416528432,,0,0,0,0,0,0,0,0,0,0,0,0,0,0,0,0,0,0,0
21465919453312,17.51919,1786372923436524500,,0,0,0,0,0,0,0,0,0,0,0,0,0,0,0,0,0,0,0
21465939452576,17.539189,1786372923456506485,,0,0,0,0,0,0,0,0,0,0,0,0,0,0,0,0,0,0,0
21465959469536,17.559206,1786372923476510983,,0,0,0,0,0,0,0,0,0,0,0,0,0,0,0,0,0,0,0
21465979451072,17.579188,1786372923496504341,,0,0,0,0,0,0,0,0,0,0,0,0,0,0,0,0,0,0,0
21465999415584,17.599152,1786372923516511618,,0,0,0,0,0,0,0,0,0,0,0,0,0,0,0,0,0,0,0
21466019438848,17.619175,1786372923536531405,,0,0,0,0,0,0,0,0,0,0,0,0,0,0,0,0,0,0,0
21466039443936,17.639181,1786372923556528402,,0,0,0,0,0,0,0,0,0,0,0,0,0,0,0,0,0,0,0
21466059351328,17.659088,1786372923576523969,,0,0,0,0,0,0,0,0,0,0,0,0,0,0,0,0,0,0,0
21466079458912,17.679195,1786372923596510304,,0,0,0,0,0,0,0,0,0,0,0,0,0,0,0,0,0,0,0
21466099420256,17.699157,1786372923616511125,,0,0,0,0,0,0,0,0,0,0,0,0,0,0,0,0,0,0,0
21466119423232,17.71916,1786372923636504846,,0,0,0,0,0,0,0,0,0,0,0,0,0,0,0,0,0,0,0
21466139460032,17.739197,1786372923656511149,,0,0,0,0,0,0,0,0,0,0,0,0,0,0,0,0,0,0,0
21466159452608,17.759189,1786372923676532124,,0,0,0,0,0,0,0,0,0,0,0,0,0,0,0,0,0,0,0
21466179452064,17.779189,1786372923696527729,,0,0,0,0,0,0,0,0,0,0,0,0,0,0,0,0,0,0,0
21466199436512,17.799173,1786372923716525477,,0,0,0,0,0,0,0,0,0,0,0,0,0,0,0,0,0,0,0
21466219431904,17.819168,1786372923736506561,,0,0,0,0,0,0,0,0,0,0,0,0,0,0,0,0,0,0,0
21466239451744,17.839188,1786372923756510808,,0,0,0,0,0,0,0,0,0,0,0,0,0,0,0,0,0,0,0
21466259299168,17.859036,1786372923776505531,,0,0,0,0,0,0,0,0,0,0,0,0,0,0,0,0,0,0,0
21466279426592,17.879163,1786372923796511292,,0,0,0,0,0,0,0,0,0,0,0,0,0,0,0,0,0,0,0
21466299423296,17.89916,1786372923816531501,,0,0,0,0,0,0,0,0,0,0,0,0,0,0,0,0,0,0,0
21466319424000,17.919161,1786372923836527410,,0,0,0,0,0,0,0,0,0,0,0,0,0,0,0,0,0,0,0
21466339457216,17.939194,1786372923856523455,,0,0,0,0,0,0,0,0,0,0,0,0,0,0,0,0,0,0,0
21466359403520,17.95914,1786372923876506558,,0,0,0,0,0,0,0,0,0,0,0,0,0,0,0,0,0,0,0
21466379427168,17.979164,1786372923896512041,,0,0,0,0,0,0,0,0,0,0,0,0,0,0,0,0,0,0,0
21466399398336,17.999135,1786372923916504348,,0,0,0,0,0,0,0,0,0,0,0,0,0,0,0,0,0,0,0
21466419441792,18.019178,1786372923936510914,,0,0,0,0,0,0,0,0,0,0,0,0,0,0,0,0,0,0,0
21466439492320,18.039229,1786372923956532772,,0,0,0,0,0,0,0,0,0,0,0,0,0,0,0,0,0,0,0
21466459331360,18.059068,1786372923976528242,,0,0,0,0,0,0,0,0,0,0,0,0,0,0,0,0,0,0,0
21466479436128,18.079173,1786372923996523989,,0,0,0,0,0,0,0,0,0,0,0,0,0,0,0,0,0,0,0
21466499401472,18.099138,1786372924016507499,,0,0,0,0,0,0,0,0,0,0,0,0,0,0,0,0,0,0,0
21466519403136,18.11914,1786372924036513666,,0,0,0,0,0,0,0,0,0,0,0,0,0,0,0,0,0,0,0
21466539437984,18.139175,1786372924056505809,,0,0,0,0,0,0,0,0,0,0,0,0,0,0,0,0,0,0,0
21466559391072,18.159128,1786372924076512069,,0,0,0,0,0,0,0,0,0,0,0,0,0,0,0,0,0,0,0
21466579423104,18.17916,1786372924096536122,,0,0,0,0,0,0,0,0,0,0,0,0,0,0,0,0,0,0,0
21466599400672,18.199137,1786372924116527723,,0,0,0,0,0,0,0,0,0,0,0,0,0,0,0,0,0,0,0
21466619456832,18.219193,1786372924136524544,,0,0,0,0,0,0,0,0,0,0,0,0,0,0,0,0,0,0,0
21466639439584,18.239176,1786372924156506763,,0,0,0,0,0,0,0,0,0,0,0,0,0,0,0,0,0,0,0
21466659355360,18.259092,1786372924176512676,,0,0,0,0,0,0,0,0,0,0,0,0,0,0,0,0,0,0,0
21466679408352,18.279145,1786372924196505245,,0,0,0,0,0,0,0,0,0,0,0,0,0,0,0,0,0,0,0
21466699401504,18.299138,1786372924216512333,,0,0,0,0,0,0,0,0,0,0,0,0,0,0,0,0,0,0,0
21466719424480,18.319161,1786372924236533773,,0,0,0,0,0,0,0,0,0,0,0,0,0,0,0,0,0,0,0
21466739514944,18.339252,1786372924256527408,,0,0,0,0,0,0,0,0,0,0,0,0,0,0,0,0,0,0,0
21466759396032,18.359133,1786372924276525458,,0,0,0,0,0,0,0,0,0,0,0,0,0,0,0,0,0,0,0
21466779420896,18.379157,1786372924296508713,,0,0,0,0,0,0,0,0,0,0,0,0,0,0,0,0,0,0,0
21466799387712,18.399124,1786372924316512048,,0,0,0,0,0,0,0,0,0,0,0,0,0,0,0,0,0,0,0
21466819371616,18.419108,1786372924336506206,,0,0,0,0,0,0,0,0,0,0,0,0,0,0,0,0,0,0,0
21466839400448,18.439137,1786372924356509695,,0,0,0,0,0,0,0,0,0,0,0,0,0,0,0,0,0,0,0
21466859332064,18.459069,1786372924376534058,,0,0,0,0,0,0,0,0,0,0,0,0,0,0,0,0,0,0,0
21466879413152,18.47915,1786372924396528297,,0,0,0,0,0,0,0,0,0,0,0,0,0,0,0,0,0,0,0
21466899376352,18.499113,1786372924416523300,,0,0,0,0,0,0,0,0,0,0,0,0,0,0,0,0,0,0,0
21466919357984,18.519095,1786372924436508742,,0,0,0,0,0,0,0,0,0,0,0,0,0,0,0,0,0,0,0
21466939412544,18.539149,1786372924456510341,,0,0,0,0,0,0,0,0,0,0,0,0,0,0,0,0,0,0,0
21466959389664,18.559126,1786372924476505197,,0,0,0,0,0,0,0,0,0,0,0,0,0,0,0,0,0,0,0
21466979382624,18.579119,1786372924496513181,,0,0,0,0,0,0,0,0,0,0,0,0,0,0,0,0,0,0,0
21466999399776,18.599136,1786372924516533502,,0,0,0,0,0,0,0,0,0,0,0,0,0,0,0,0,0,0,0
21467019420800,18.619157,1786372924536530042,,0,0,0,0,0,0,0,0,0,0,0,0,0,0,0,0,0,0,0
21467039408896,18.639145,1786372924556525264,,0,0,0,0,0,0,0,0,0,0,0,0,0,0,0,0,0,0,0
21467059341152,18.659078,1786372924576507837,,0,0,0,0,0,0,0,0,0,0,0,0,0,0,0,0,0,0,0
21467079396512,18.679133,1786372924596515188,,0,0,0,0,0,0,0,0,0,0,0,0,0,0,0,0,0,0,0
21467099372064,18.699109,1786372924616505338,,0,0,0,0,0,0,0,0,0,0,0,0,0,0,0,0,0,0,0
21467119407552,18.719144,1786372924636512355,,0,0,0,0,0,0,0,0,0,0,0,0,0,0,0,0,0,0,0
21467139428704,18.739165,1786372924656531437,,0,0,0,0,0,0,0,0,0,0,0,0,0,0,0,0,0,0,0
21467159444928,18.759182,1786372924676528220,,0,0,0,0,0,0,0,0,0,0,0,0,0,0,0,0,0,0,0
21467179401824,18.779138,1786372924696532510,,0,0,0,0,0,0,0,0,0,0,0,0,0,0,0,0,0,0,0
21467199388896,18.799125,1786372924716508356,,0,0,0,0,0,0,0,0,0,0,0,0,0,0,0,0,0,0,0
21467219366464,18.819103,1786372924736512267,,0,0,0,0,0,0,0,0,0,0,0,0,0,0,0,0,0,0,0
21467239431200,18.839168,1786372924756503560,,0,0,0,0,0,0,0,0,0,0,0,0,0,0,0,0,0,0,0
21467259327424,18.859064,1786372924776511971,,0,0,0,0,0,0,0,0,0,0,0,0,0,0,0,0,0,0,0
21467279405600,18.879142,1786372924796532402,,0,0,0,0,0,0,0,0,0,0,0,0,0,0,0,0,0,0,0
21467299381408,18.899118,1786372924816530523,,0,0,0,0,0,0,0,0,0,0,0,0,0,0,0,0,0,0,0
21467319396672,18.919133,1786372924836524258,,0,0,0,0,0,0,0,0,0,0,0,0,0,0,0,0,0,0,0
21467339388192,18.939125,1786372924856506155,,0,0,0,0,0,0,0,0,0,0,0,0,0,0,0,0,0,0,0
21467359381696,18.959118,1786372924876512642,,0,0,0,0,0,0,0,0,0,0,0,0,0,0,0,0,0,0,0
21467379356288,18.979093,1786372924896505952,,0,0,0,0,0,0,0,0,0,0,0,0,0,0,0,0,0,0,0
21467399360544,18.999097,1786372924916512758,,0,0,0,0,0,0,0,0,0,0,0,0,0,0,0,0,0,0,0
21467419419424,19.019156,1786372924936532346,,0,0,0,0,0,0,0,0,0,0,0,0,0,0,0,0,0,0,0
21467439411808,19.039148,1786372924956528487,,0,0,0,0,0,0,0,0,0,0,0,0,0,0,0,0,0,0,0
21467459302016,19.059039,1786372924976526427,,0,0,0,0,0,0,0,0,0,0,0,0,0,0,0,0,0,0,0
21467479363040,19.0791,1786372924996508469,,0,0,0,0,0,0,0,0,0,0,0,0,0,0,0,0,0,0,0
21467499341216,19.099078,1786372925016513392,,0,0,0,0,0,0,0,0,0,0,0,0,0,0,0,0,0,0,0
21467519391648,19.119128,1786372925036506369,,0,0,0,0,0,0,0,0,0,0,0,0,0,0,0,0,0,0,0
21467539376416,19.139113,1786372925056509226,,0,0,0,0,0,0,0,0,0,0,0,0,0,0,0,0,0,0,0
21467559380608,19.159117,1786372925076532675,,0,0,0,0,0,0,0,0,0,0,0,0,0,0,0,0,0,0,0
21467579387872,19.179124,1786372925096531595,,0,0,0,0,0,0,0,0,0,0,0,0,0,0,0,0,0,0,0
21467599358048,19.199095,1786372925116525504,,0,0,0,0,0,0,0,0,0,0,0,0,0,0,0,0,0,0,0
21467619338624,19.219075,1786372925136507063,,0,0,0,0,0,0,0,0,0,0,0,0,0,0,0,0,0,0,0
21467639368800,19.239105,1786372925156510653,,0,0,0,0,0,0,0,0,0,0,0,0,0,0,0,0,0,0,0
21467659290304,19.259027,1786372925176504983,,0,0,0,0,0,0,0,0,0,0,0,0,0,0,0,0,0,0,0
21467679352672,19.279089,1786372925196512521,,0,0,0,0,0,0,0,0,0,0,0,0,0,0,0,0,0,0,0
21467699376384,19.299113,1786372925216532900,,0,0,0,0,0,0,0,0,0,0,0,0,0,0,0,0,0,0,0
21467719384768,19.319121,1786372925236527777,,0,0,0,0,0,0,0,0,0,0,0,0,0,0,0,0,0,0,0
21467739365600,19.339102,1786372925256524635,,0,0,0,0,0,0,0,0,0,0,0,0,0,0,0,0,0,0,0
21467759380288,19.359117,1786372925276507486,,0,0,0,0,0,0,0,0,0,0,0,0,0,0,0,0,0,0,0
21467779383200,19.37912,1786372925296512272,,0,0,0,0,0,0,0,0,0,0,0,0,0,0,0,0,0,0,0
21467799342176,19.399079,1786372925316505206,,0,0,0,0,0,0,0,0,0,0,0,0,0,0,0,0,0,0,0
21467819366176,19.419103,1786372925336511567,,0,0,0,0,0,0,0,0,0,0,0,0,0,0,0,0,0,0,0
21467839384640,19.439121,1786372925356530804,,0,0,0,0,0,0,0,0,0,0,0,0,0,0,0,0,0,0,0
21467859221920,19.458958,1786372925376530895,,0,0,0,0,0,0,0,0,0,0,0,0,0,0,0,0,0,0,0
21467879349824,19.479086,1786372925396526035,,0,0,0,0,0,0,0,0,0,0,0,0,0,0,0,0,0,0,0
21467899344000,19.499081,1786372925416507788,,0,0,0,0,0,0,0,0,0,0,0,0,0,0,0,0,0,0,0
21467919371360,19.519108,1786372925436512916,,0,0,0,0,0,0,0,0,0,0,0,0,0,0,0,0,0,0,0
21467939403392,19.53914,1786372925456504322,,0,0,0,0,0,0,0,0,0,0,0,0,0,0,0,0,0,0,0
21467959335168,19.559072,1786372925476512760,,0,0,0,0,0,0,0,0,0,0,0,0,0,0,0,0,0,0,0
21467979359136,19.579096,1786372925496533219,,0,0,0,0,0,0,0,0,0,0,0,0,0,0,0,0,0,0,0
21467999363744,19.5991,1786372925516529578,,0,0,0,0,0,0,0,0,0,0,0,0,0,0,0,0,0,0,0
21468019362272,19.619099,1786372925536525182,,0,0,0,0,0,0,0,0,0,0,0,0,0,0,0,0,0,0,0
21468039364064,19.639101,1786372925556506008,,0,0,0,0,0,0,0,0,0,0,0,0,0,0,0,0,0,0,0
21468059211232,19.658948,1786372925576512825,,0,0,0,0,0,0,0,0,0,0,0,0,0,0,0,0,0,0,0
21468079332896,19.679069,1786372925596508309,,0,0,0,0,0,0,0,0,0,0,0,0,0,0,0,0,0,0,0
21468099346592,19.699083,1786372925616513059,,0,0,0,0,0,0,0,0,0,0,0,0,0,0,0,0,0,0,0
21468119388448,19.719125,1786372925636532693,,0,0,0,0,0,0,0,0,0,0,0,0,0,0,0,0,0,0,0
21468139369536,19.739106,1786372925656526585,,0,0,0,0,0,0,0,0,0,0,0,0,0,0,0,0,0,0,0
21468159354880,19.759091,1786372925676525550,,0,0,0,0,0,0,0,0,0,0,0,0,0,0,0,0,0,0,0
21468179358208,19.779095,1786372925696505811,,0,0,0,0,0,0,0,0,0,0,0,0,0,0,0,0,0,0,0
21468199377280,19.799114,1786372925716511705,,0,0,0,0,0,0,0,0,0,0,0,0,0,0,0,0,0,0,0
21468219342112,19.819079,1786372925736505126,,0,0,0,0,0,0,0,0,0,0,0,0,0,0,0,0,0,0,0
21468239349376,19.839086,1786372925756510858,,0,0,0,0,0,0,0,0,0,0,0,0,0,0,0,0,0,0,0
21468259272224,19.859009,1786372925776532776,,0,0,0,0,0,0,0,0,0,0,0,0,0,0,0,0,0,0,0
21468279359936,19.879097,1786372925796526030,,0,0,0,0,0,0,0,0,0,0,0,0,0,0,0,0,0,0,0
21468299358560,19.899095,1786372925816523670,,0,0,0,0,0,0,0,0,0,0,0,0,0,0,0,0,0,0,0
21468319330176,19.919067,1786372925836506729,,0,0,0,0,0,0,0,0,0,0,0,0,0,0,0,0,0,0,0
21468339347744,19.939084,1786372925856510615,,0,0,0,0,0,0,0,0,0,0,0,0,0,0,0,0,0,0,0
21468359332160,19.959069,1786372925876503913,,0,0,0,0,0,0,0,0,0,0,0,0,0,0,0,0,0,0,0
21468379352480,19.979089,1786372925896510523,,0,0,0,0,0,0,0,0,0,0,0,0,0,0,0,0,0,0,0
21468399361728,19.999098,1786372925916533535,,0,0,0,0,0,0,0,0,0,0,0,0,0,0,0,0,0,0,0
21468419342144,20.019079,1786372925936528816,,0,0,0,0,0,0,0,0,0,0,0,0,0,0,0,0,0,0,0
21468439352448,20.039089,1786372925956523389,,0,0,0,0,0,0,0,0,0,0,0,0,0,0,0,0,0,0,0
21468459326048,20.059063,1786372925976506342,,0,0,0,0,0,0,0,0,0,0,0,0,0,0,0,0,0,0,0
21468479322048,20.079059,1786372925996511544,,0,0,0,0,0,0,0,0,0,0,0,0,0,0,0,0,0,0,0
21468499294368,20.099031,1786372926016505212,,0,0,0,0,0,0,0,0,0,0,0,0,0,0,0,0,0,0,0
21468519327200,20.119064,1786372926036510561,,0,0,0,0,0,0,0,0,0,0,0,0,0,0,0,0,0,0,0
21468539411648,20.139148,1786372926056529874,,0,0,0,0,0,0,0,0,0,0,0,0,0,0,0,0,0,0,0
21468559322112,20.159059,1786372926076527892,,0,0,0,0,0,0,0,0,0,0,0,0,0,0,0,0,0,0,0
21468579352256,20.179089,1786372926096527466,,0,0,0,0,0,0,0,0,0,0,0,0,0,0,0,0,0,0,0
21468599370944,20.199108,1786372926116506042,,0,0,0,0,0,0,0,0,0,0,0,0,0,0,0,0,0,0,0
21468619339744,20.219076,1786372926136510790,,0,0,0,0,0,0,0,0,0,0,0,0,0,0,0,0,0,0,0
21468639341600,20.239078,1786372926156504692,,0,0,0,0,0,0,0,0,0,0,0,0,0,0,0,0,0,0,0
21468659263520,20.259,1786372926176509711,,0,0,0,0,0,0,0,0,0,0,0,0,0,0,0,0,0,0,0
21468679306496,20.279043,1786372926196529984,,0,0,0,0,0,0,0,0,0,0,0,0,0,0,0,0,0,0,0
21468699362912,20.299099,1786372926216528122,,0,0,0,0,0,0,0,0,0,0,0,0,0,0,0,0,0,0,0
21468719357856,20.319094,1786372926236523454,,0,0,0,0,0,0,0,0,0,0,0,0,0,0,0,0,0,0,0
21468739358240,20.339095,1786372926256505920,,0,0,0,0,0,0,0,0,0,0,0,0,0,0,0,0,0,0,0
21468759336288,20.359073,1786372926276510367,,0,0,0,0,0,0,0,0,0,0,0,0,0,0,0,0,0,0,0
21468779315776,20.379052,1786372926296503093,,0,0,0,0,0,0,0,0,0,0,0,0,0,0,0,0,0,0,0
21468799346784,20.399083,1786372926316510889,,0,0,0,0,0,0,0,0,0,0,0,0,0,0,0,0,0,0,0
21468819343232,20.41908,1786372926336531653,,0,0,0,0,0,0,0,0,0,0,0,0,0,0,0,0,0,0,0
21468839303360,20.43904,1786372926356527914,,0,0,0,0,0,0,0,0,0,0,0,0,0,0,0,0,0,0,0
21468859215936,20.458953,1786372926376522959,,0,0,0,0,0,0,0,0,0,0,0,0,0,0,0,0,0,0,0
21468879317632,20.479054,1786372926396507621,,0,0,0,0,0,0,0,0,0,0,0,0,0,0,0,0,0,0,0
21468899350592,20.499087,1786372926416510287,,0,0,0,0,0,0,0,0,0,0,0,0,0,0,0,0,0,0,0
21468919337664,20.519074,1786372926436504351,,0,0,0,0,0,0,0,0,0,0,0,0,0,0,0,0,0,0,0
21468939322752,20.539059,1786372926456510892,,0,0,0,0,0,0,0,0,0,0,0,0,0,0,0,0,0,0,0
21468959314976,20.559052,1786372926476529944,,0,0,0,0,0,0,0,0,0,0,0,0,0,0,0,0,0,0,0
21468979319328,20.579056,1786372926496527480,,0,0,0,0,0,0,0,0,0,0,0,0,0,0,0,0,0,0,0
21468999372608,20.599109,1786372926516524166,,0,0,0,0,0,0,0,0,0,0,0,0,0,0,0,0,0,0,0
21469019317280,20.619054,1786372926536505922,,0,0,0,0,0,0,0,0,0,0,0,0,0,0,0,0,0,0,0
21469039298304,20.639035,1786372926556510784,,0,0,0,0,0,0,0,0,0,0,0,0,0,0,0,0,0,0,0
21469059152768,20.658889,1786372926576504115,,0,0,0,0,0,0,0,0,0,0,0,0,0,0,0,0,0,0,0
21469079311328,20.679048,1786372926596513945,,0,0,0,0,0,0,0,0,0,0,0,0,0,0,0,0,0,0,0
21469099311488,20.699048,1786372926616532626,,0,0,0,0,0,0,0,0,0,0,0,0,0,0,0,0,0,0,0
21469119325920,20.719062,1786372926636528583,,0,0,0,0,0,0,0,0,0,0,0,0,0,0,0,0,0,0,0
21469139304512,20.739041,1786372926656523309,,0,0,0,0,0,0,0,0,0,0,0,0,0,0,0,0,0,0,0
21469159367584,20.759104,1786372926676505428,,0,0,0,0,0,0,0,0,0,0,0,0,0,0,0,0,0,0,0
21469179324896,20.779061,1786372926696510189,,0,0,0,0,0,0,0,0,0,0,0,0,0,0,0,0,0,0,0
21469199371616,20.799108,1786372926716502704,,0,0,0,0,0,0,0,0,0,0,0,0,0,0,0,0,0,0,0
21469219316992,20.819054,1786372926736510158,,0,0,0,0,0,0,0,0,0,0,0,0,0,0,0,0,0,0,0
21469239400512,20.839137,1786372926756530679,,0,0,0,0,0,0,0,0,0,0,0,0,0,0,0,0,0,0,0
21469259160032,20.858897,1786372926776527181,,0,0,0,0,0,0,0,0,0,0,0,0,0,0,0,0,0,0,0
21469279351968,20.879089,1786372926796523531,,0,0,0,0,0,0,0,0,0,0,0,0,0,0,0,0,0,0,0
21469299287584,20.899024,1786372926816505957,,0,0,0,0,0,0,0,0,0,0,0,0,0,0,0,0,0,0,0
21469319291360,20.919028,1786372926836510388,,0,0,0,0,0,0,0,0,0,0,0,0,0,0,0,0,0,0,0
21469339282976,20.93902,1786372926856504769,,0,0,0,0,0,0,0,0,0,0,0,0,0,0,0,0,0,0,0
21469359308640,20.959045,1786372926876510105,,0,0,0,0,0,0,0,0,0,0,0,0,0,0,0,0,0,0,0
21469379349632,20.979086,1786372926896531778,,0,0,0,0,0,0,0,0,0,0,0,0,0,0,0,0,0,0,0
21469399342688,20.999079,1786372926916527824,,0,0,0,0,0,0,0,0,0,0,0,0,0,0,0,0,0,0,0
21469419317728,21.019054,1786372926936523244,,0,0,0,0,0,0,0,0,0,0,0,0,0,0,0,0,0,0,0
21469439307872,21.039044,1786372926956508722,,0,0,0,0,0,0,0,0,0,0,0,0,0,0,0,0,0,0,0
21469459247552,21.058984,1786372926976510265,,0,0,0,0,0,0,0,0,0,0,0,0,0,0,0,0,0,0,0
21469479305696,21.079042,1786372926996503570,,0,0,0,0,0,0,0,0,0,0,0,0,0,0,0,0,0,0,0
21469499281120,21.099018,1786372927016510849,,0,0,0,0,0,0,0,0,0,0,0,0,0,0,0,0,0,0,0
21469519320800,21.119057,1786372927036530915,,0,0,0,0,0,0,0,0,0,0,0,0,0,0,0,0,0,0,0
21469539369120,21.139106,1786372927056525706,,0,0,0,0,0,0,0,0,0,0,0,0,0,0,0,0,0,0,0
21469559299264,21.159036,1786372927076523509,,0,0,0,0,0,0,0,0,0,0,0,0,0,0,0,0,0,0,0
21469579310944,21.179048,1786372927096508605,,0,0,0,0,0,0,0,0,0,0,0,0,0,0,0,0,0,0,0
21469599401152,21.199138,1786372927116511732,,0,0,0,0,0,0,0,0,0,0,0,0,0,0,0,0,0,0,0
21469619243392,21.21898,1786372927136503208,,0,0,0,0,0,0,0,0,0,0,0,0,0,0,0,0,0,0,0
21469639257056,21.238994,1786372927156511025,,0,0,0,0,0,0,0,0,0,0,0,0,0,0,0,0,0,0,0
21469659171520,21.258908,1786372927176530311,,0,0,0,0,0,0,0,0,0,0,0,0,0,0,0,0,0,0,0
21469679286304,21.279023,1786372927196527612,,0,0,0,0,0,0,0,0,0,0,0,0,0,0,0,0,0,0,0
21469699276096,21.299013,1786372927216522276,,0,0,0,0,0,0,0,0,0,0,0,0,0,0,0,0,0,0,0
21469719270272,21.319007,1786372927236506277,,0,0,0,0,0,0,0,0,0,0,0,0,0,0,0,0,0,0,0
21469739292064,21.339029,1786372927256510932,,0,0,0,0,0,0,0,0,0,0,0,0,0,0,0,0,0,0,0
21469759278688,21.359015,1786372927276503384,,0,0,0,0,0,0,0,0,0,0,0,0,0,0,0,0,0,0,0
21469779263936,21.379001,1786372927296512627,,0,0,0,0,0,0,0,0,0,0,0,0,0,0,0,0,0,0,0
21469799286688,21.399023,1786372927316530830,,0,0,0,0,0,0,0,0,0,0,0,0,0,0,0,0,0,0,0
21469819260576,21.418997,1786372927336526727,,0,0,0,0,0,0,0,0,0,0,0,0,0,0,0,0,0,0,0
21469839254880,21.438991,1786372927356523533,,0,0,0,0,0,0,0,0,0,0,0,0,0,0,0,0,0,0,0
21469859168832,21.458905,1786372927376506457,,0,0,0,0,0,0,0,0,0,0,0,0,0,0,0,0,0,0,0
21469879265056,21.479002,1786372927396510542,,0,0,0,0,0,0,0,0,0,0,0,0,0,0,0,0,0,0,0
21469899248736,21.498985,1786372927416503280,,0,0,0,0,0,0,0,0,0,0,0,0,0,0,0,0,0,0,0
21469919287648,21.519024,1786372927436511247,,0,0,0,0,0,0,0,0,0,0,0,0,0,0,0,0,0,0,0
21469939285184,21.539022,1786372927456532416,,0,0,0,0,0,0,0,0,0,0,0,0,0,0,0,0,0,0,0
21469959260128,21.558997,1786372927476526984,,0,0,0,0,0,0,0,0,0,0,0,0,0,0,0,0,0,0,0
21469979284032,21.579021,1786372927496522779,,0,0,0,0,0,0,0,0,0,0,0,0,0,0,0,0,0,0,0
21469999272640,21.599009,1786372927516507107,,0,0,0,0,0,0,0,0,0,0,0,0,0,0,0,0,0,0,0
21470019259456,21.618996,1786372927536511748,,0,0,0,0,0,0,0,0,0,0,0,0,0,0,0,0,0,0,0
21470039244192,21.638981,1786372927556518187,,0,0,0,0,0,0,0,0,0,0,0,0,0,0,0,0,0,0,0
21470059136896,21.658873,1786372927576510270,,0,0,0,0,0,0,0,0,0,0,0,0,0,0,0,0,0,0,0
21470079278464,21.679015,1786372927596533982,,0,0,0,0,0,0,0,0,0,0,0,0,0,0,0,0,0,0,0
21470099241952,21.698979,1786372927616525927,,0,0,0,0,0,0,0,0,0,0,0,0,0,0,0,0,0,0,0
21470119254560,21.718991,1786372927636522697,,0,0,0,0,0,0,0,0,0,0,0,0,0,0,0,0,0,0,0
21470139236672,21.738973,1786372927656505621,,0,0,0,0,0,0,0,0,0,0,0,0,0,0,0,0,0,0,0
21470159223648,21.75896,1786372927676510395,,0,0,0,0,0,0,0,0,0,0,0,0,0,0,0,0,0,0,0
21470179250720,21.778987,1786372927696505446,,0,0,0,0,0,0,0,0,0,0,0,0,0,0,0,0,0,0,0
21470199266784,21.799003,1786372927716510493,,0,0,0,0,0,0,0,0,0,0,0,0,0,0,0,0,0,0,0
21470219272000,21.819009,1786372927736531136,,0,0,0,0,0,0,0,0,0,0,0,0,0,0,0,0,0,0,0
21470239275712,21.839012,1786372927756527019,,0,0,0,0,0,0,0,0,0,0,0,0,0,0,0,0,0,0,0
21470259163072,21.8589,1786372927776524579,,0,0,0,0,0,0,0,0,0,0,0,0,0,0,0,0,0,0,0
21470279259904,21.878996,1786372927796506848,,0,0,0,0,0,0,0,0,0,0,0,0,0,0,0,0,0,0,0
21470299241760,21.898978,1786372927816510376,,0,0,0,0,0,0,0,0,0,0,0,0,0,0,0,0,0,0,0
21470319212320,21.918949,1786372927836503819,,0,0,0,0,0,0,0,0,0,0,0,0,0,0,0,0,0,0,0
21470339264256,21.939001,1786372927856511452,,0,0,0,0,0,0,0,0,0,0,0,0,0,0,0,0,0,0,0
21470359274080,21.959011,1786372927876531747,,0,0,0,0,0,0,0,0,0,0,0,0,0,0,0,0,0,0,0
21470379274560,21.979011,1786372927896527002,,0,0,0,0,0,0,0,0,0,0,0,0,0,0,0,0,0,0,0
21470399278752,21.999015,1786372927916522189,,0,0,0,0,0,0,0,0,0,0,0,0,0,0,0,0,0,0,0
21470419245920,22.018982,1786372927936504640,,0,0,0,0,0,0,0,0,0,0,0,0,0,0,0,0,0,0,0
21470439246880,22.038983,1786372927956510065,,0,0,0,0,0,0,0,0,0,0,0,0,0,0,0,0,0,0,0
21470459147584,22.058884,1786372927976502950,,0,0,0,0,0,0,0,0,0,0,0,0,0,0,0,0,0,0,0
21470479215648,22.078952,1786372927996510864,,0,0,0,0,0,0,0,0,0,0,0,0,0,0,0,0,0,0,0
21470499235136,22.098972,1786372928016531126,,0,0,0,0,0,0,0,0,0,0,0,0,0,0,0,0,0,0,0
21470519264448,22.119001,1786372928036527394,,0,0,0,0,0,0,0,0,0,0,0,0,0,0,0,0,0,0,0
21470539240224,22.138977,1786372928056522839,,0,0,0,0,0,0,0,0,0,0,0,0,0,0,0,0,0,0,0
21470559200640,22.158937,1786372928076505419,,0,0,0,0,0,0,0,0,0,0,0,0,0,0,0,0,0,0,0
21470579225376,22.178962,1786372928096513603,,0,0,0,0,0,0,0,0,0,0,0,0,0,0,0,0,0,0,0
21470599250080,22.198987,1786372928116503418,,0,0,0,0,0,0,0,0,0,0,0,0,0,0,0,0,0,0,0
21470619294496,22.219031,1786372928136509874,,0,0,0,0,0,0,0,0,0,0,0,0,0,0,0,0,0,0,0
21470639261568,22.238998,1786372928156531616,,0,0,0,0,0,0,0,0,0,0,0,0,0,0,0,0,0,0,0
21470659143104,22.25888,1786372928176526877,,0,0,0,0,0,0,0,0,0,0,0,0,0,0,0,0,0,0,0
21470679238304,22.278975,1786372928196523420,,0,0,0,0,0,0,0,0,0,0,0,0,0,0,0,0,0,0,0
21470699215264,22.298952,1786372928216506309,,0,0,0,0,0,0,0,0,0,0,0,0,0,0,0,0,0,0,0
21470719215744,22.318952,1786372928236510827,,0,0,0,0,0,0,0,0,0,0,0,0,0,0,0,0,0,0,0
21470739278080,22.339015,1786372928256503971,,0,0,0,0,0,0,0,0,0,0,0,0,0,0,0,0,0,0,0
21470759198752,22.358935,1786372928276510844,,0,0,0,0,0,0,0,0,0,0,0,0,0,0,0,0,0,0,0
21470779259008,22.378996,1786372928296532227,,0,0,0,0,0,0,0,0,0,0,0,0,0,0,0,0,0,0,0
21470799218752,22.398955,1786372928316526514,,0,0,0,0,0,0,0,0,0,0,0,0,0,0,0,0,0,0,0
21470819241824,22.418978,1786372928336523038,,0,0,0,0,0,0,0,0,0,0,0,0,0,0,0,0,0,0,0
21470839211072,22.438948,1786372928356507045,,0,0,0,0,0,0,0,0,0,0,0,0,0,0,0,0,0,0,0
21470859103104,22.45884,1786372928376510967,,0,0,0,0,0,0,0,0,0,0,0,0,0,0,0,0,0,0,0
21470879200576,22.478937,1786372928396504147,,0,0,0,0,0,0,0,0,0,0,0,0,0,0,0,0,0,0,0
21470899188192,22.498925,1786372928416511467,,0,0,0,0,0,0,0,0,0,0,0,0,0,0,0,0,0,0,0
21470919253280,22.51899,1786372928436529638,,0,0,0,0,0,0,0,0,0,0,0,0,0,0,0,0,0,0,0
21470939271488,22.539008,1786372928456527726,,0,0,0,0,0,0,0,0,0,0,0,0,0,0,0,0,0,0,0
21470959217056,22.558954,1786372928476522628,,0,0,0,0,0,0,0,0,0,0,0,0,0,0,0,0,0,0,0
21470979224704,22.578961,1786372928496507029,,0,0,0,0,0,0,0,0,0,0,0,0,0,0,0,0,0,0,0
21470999211200,22.598948,1786372928516523780,,0,0,0,0,0,0,0,0,0,0,0,0,0,0,0,0,0,0,0
21471019206400,22.618943,1786372928536504329,,0,0,0,0,0,0,0,0,0,0,0,0,0,0,0,0,0,0,0
21471039249536,22.638986,1786372928556509673,,0,0,0,0,0,0,0,0,0,0,0,0,0,0,0,0,0,0,0
21471059120032,22.658857,1786372928576531064,,0,0,0,0,0,0,0,0,0,0,0,0,0,0,0,0,0,0,0
21471079222432,22.678959,1786372928596529658,,0,0,0,0,0,0,0,0,0,0,0,0,0,0,0,0,0,0,0
21471099192896,22.698929,1786372928616524748,,0,0,0,0,0,0,0,0,0,0,0,0,0,0,0,0,0,0,0
21471119211008,22.718948,1786372928636507501,,0,0,0,0,0,0,0,0,0,0,0,0,0,0,0,0,0,0,0
21471139216832,22.738953,1786372928656511920,,0,0,0,0,0,0,0,0,0,0,0,0,0,0,0,0,0,0,0
21471159201760,22.758938,1786372928676502934,,0,0,0,0,0,0,0,0,0,0,0,0,0,0,0,0,0,0,0
21471179169600,22.778906,1786372928696510511,,0,0,0,0,0,0,0,0,0,0,0,0,0,0,0,0,0,0,0
21471199197728,22.798934,1786372928716531887,,0,0,0,0,0,0,0,0,0,0,0,0,0,0,0,0,0,0,0
21471219196640,22.818933,1786372928736526928,,0,0,0,0,0,0,0,0,0,0,0,0,0,0,0,0,0,0,0
21471239210816,22.838947,1786372928756524175,,0,0,0,0,0,0,0,0,0,0,0,0,0,0,0,0,0,0,0
21471259082048,22.858819,1786372928776506511,,0,0,0,0,0,0,0,0,0,0,0,0,0,0,0,0,0,0,0
21471279203776,22.87894,1786372928796511996,,0,0,0,0,0,0,0,0,0,0,0,0,0,0,0,0,0,0,0
21471299180000,22.898917,1786372928816504126,,0,0,0,0,0,0,0,0,0,0,0,0,0,0,0,0,0,0,0
21471319186944,22.918924,1786372928836524563,,0,0,0,0,0,0,0,0,0,0,0,0,0,0,0,0,0,0,0
21471339306304,22.939043,1786372928856531548,,0,0,0,0,0,0,0,0,0,0,0,0,0,0,0,0,0,0,0
21471359238368,22.958975,1786372928876526854,,0,0,0,0,0,0,0,0,0,0,0,0,0,0,0,0,0,0,0
21471379212224,22.978949,1786372928896524333,,0,0,0,0,0,0,0,0,0,0,0,0,0,0,0,0,0,0,0
21471399198304,22.998935,1786372928916506811,,0,0,0,0,0,0,0,0,0,0,0,0,0,0,0,0,0,0,0
21471419147552,23.018884,1786372928936511856,,0,0,0,0,0,0,0,0,0,0,0,0,0,0,0,0,0,0,0
21471439208128,23.038945,1786372928956503922,,0,0,0,0,0,0,0,0,0,0,0,0,0,0,0,0,0,0,0
21471459198560,23.058935,1786372928976511121,,0,0,0,0,0,0,0,0,0,0,0,0,0,0,0,0,0,0,0
21471479200288,23.078937,1786372928996530949,,0,0,0,0,0,0,0,0,0,0,0,0,0,0,0,0,0,0,0
21471499169920,23.098906,1786372929016527338,,0,0,0,0,0,0,0,0,0,0,0,0,0,0,0,0,0,0,0
21471519194464,23.118931,1786372929036522879,,0,0,0,0,0,0,0,0,0,0,0,0,0,0,0,0,0,0,0
21471539185344,23.138922,1786372929056506581,,0,0,0,0,0,0,0,0,0,0,0,0,0,0,0,0,0,0,0
21471559158496,23.158895,1786372929076510673,,0,0,0,0,0,0,0,0,0,0,0,0,0,0,0,0,0,0,0
21471579184160,23.178921,1786372929096506948,,0,0,0,0,0,0,0,0,0,0,0,0,0,0,0,0,0,0,0
21471599178816,23.198915,1786372929116510805,,0,0,0,0,0,0,0,0,0,0,0,0,0,0,0,0,0,0,0
21471619422688,23.219159,1786372929136531600,,0,0,0,0,0,0,0,0,0,0,0,0,0,0,0,0,0,0,0
21471639220832,23.238957,1786372929156527184,,0,0,0,0,0,0,0,0,0,0,0,0,0,0,0,0,0,0,0
21471659113600,23.25885,1786372929176523423,,0,0,0,0,0,0,0,0,0,0,0,0,0,0,0,0,0,0,0
21471679141312,23.278878,1786372929196507121,,0,0,0,0,0,0,0,0,0,0,0,0,0,0,0,0,0,0,0
21471699166496,23.298903,1786372929216510950,,0,0,0,0,0,0,0,0,0,0,0,0,0,0,0,0,0,0,0
21471719167104,23.318904,1786372929236504382,,0,0,0,0,0,0,0,0,0,0,0,0,0,0,0,0,0,0,0
21471739202400,23.338939,1786372929256510761,,0,0,0,0,0,0,0,0,0,0,0,0,0,0,0,0,0,0,0
21471759197504,23.358934,1786372929276531693,,0,0,0,0,0,0,0,0,0,0,0,0,0,0,0,0,0,0,0
21471779188640,23.378925,1786372929296527439,,0,0,0,0,0,0,0,0,0,0,0,0,0,0,0,0,0,0,0
21471799171904,23.398908,1786372929316523397,,0,0,0,0,0,0,0,0,0,0,0,0,0,0,0,0,0,0,0
21471819175680,23.418912,1786372929336506891,,0,0,0,0,0,0,0,0,0,0,0,0,0,0,0,0,0,0,0
21471839180640,23.438917,1786372929356510890,,0,0,0,0,0,0,0,0,0,0,0,0,0,0,0,0,0,0,0
21471859079232,23.458816,1786372929376505126,,0,0,0,0,0,0,0,0,0,0,0,0,0,0,0,0,0,0,0
21471879130464,23.478867,1786372929396511245,,0,0,0,0,0,0,0,0,0,0,0,0,0,0,0,0,0,0,0
21471899234432,23.498971,1786372929416531579,,0,0,0,0,0,0,0,0,0,0,0,0,0,0,0,0,0,0,0
21471919179328,23.518916,1786372929436526978,,0,0,0,0,0,0,0,0,0,0,0,0,0,0,0,0,0,0,0
21471939289344,23.539026,1786372929456522960,,0,0,0,0,0,0,0,0,0,0,0,0,0,0,0,0,0,0,0
21471959186592,23.558923,1786372929476506519,,0,0,0,0,0,0,0,0,0,0,0,0,0,0,0,0,0,0,0
21471979176864,23.578913,1786372929496510977,,0,0,0,0,0,0,0,0,0,0,0,0,0,0,0,0,0,0,0
21471999131456,23.598868,1786372929516504491,,0,0,0,0,0,0,0,0,0,0,0,0,0,0,0,0,0,0,0
21472019151200,23.618888,1786372929536510850,,0,0,0,0,0,0,0,0,0,0,0,0,0,0,0,0,0,0,0
21472039228288,23.638965,1786372929556532559,,0,0,0,0,0,0,0,0,0,0,0,0,0,0,0,0,0,0,0
21472059026624,23.658763,1786372929576528175,,0,0,0,0,0,0,0,0,0,0,0,0,0,0,0,0,0,0,0
21472079152512,23.678889,1786372929596526846,,0,0,0,0,0,0,0,0,0,0,0,0,0,0,0,0,0,0,0
21472099134176,23.698871,1786372929616506499,,0,0,0,0,0,0,0,0,0,0,0,0,0,0,0,0,0,0,0
21472119188128,23.718925,1786372929636510500,,0,0,0,0,0,0,0,0,0,0,0,0,0,0,0,0,0,0,0
21472139153856,23.73889,1786372929656505120,,0,0,0,0,0,0,0,0,0,0,0,0,0,0,0,0,0,0,0
21472159124512,23.758861,1786372929676511340,,0,0,0,0,0,0,0,0,0,0,0,0,0,0,0,0,0,0,0
21472179170464,23.778907,1786372929696531956,,0,0,0,0,0,0,0,0,0,0,0,0,0,0,0,0,0,0,0
21472199154944,23.798892,1786372929716527004,,0,0,0,0,0,0,0,0,0,0,0,0,0,0,0,0,0,0,0
21472219209952,23.818947,1786372929736523665,,0,0,0,0,0,0,0,0,0,0,0,0,0,0,0,0,0,0,0
21472239155552,23.838892,1786372929756507129,,0,0,0,0,0,0,0,0,0,0,0,0,0,0,0,0,0,0,0
21472259010752,23.858747,1786372929776511382,,0,0,0,0,0,0,0,0,0,0,0,0,0,0,0,0,0,0,0
21472279111616,23.878848,1786372929796503706,,0,0,0,0,0,0,0,0,0,0,0,0,0,0,0,0,0,0,0
21472299134720,23.898871,1786372929816514202,,0,0,0,0,0,0,0,0,0,0,0,0,0,0,0,0,0,0,0
21472319175808,23.918912,1786372929836532254,,0,0,0,0,0,0,0,0,0,0,0,0,0,0,0,0,0,0,0
21472339169792,23.938906,1786372929856527042,,0,0,0,0,0,0,0,0,0,0,0,0,0,0,0,0,0,0,0
21472359139168,23.958876,1786372929876523359,,0,0,0,0,0,0,0,0,0,0,0,0,0,0,0,0,0,0,0
21472379134208,23.978871,1786372929896506734,,0,0,0,0,0,0,0,0,0,0,0,0,0,0,0,0,0,0,0
21472399115520,23.998852,1786372929916510482,,0,0,0,0,0,0,0,0,0,0,0,0,0,0,0,0,0,0,0
21472419125600,24.018862,1786372929936503517,,0,0,0,0,0,0,0,0,0,0,0,0,0,0,0,0,0,0,0
21472439122400,24.038859,1786372929956511219,,0,0,0,0,0,0,0,0,0,0,0,0,0,0,0,0,0,0,0
21472459072192,24.058809,1786372929976531232,,0,0,0,0,0,0,0,0,0,0,0,0,0,0,0,0,0,0,0
21472479138048,24.078875,1786372929996526889,,0,0,0,0,0,0,0,0,0,0,0,0,0,0,0,0,0,0,0
21472499153600,24.09889,1786372930016523706,,0,0,0,0,0,0,0,0,0,0,0,0,0,0,0,0,0,0,0
21472519121280,24.118858,1786372930036506037,,0,0,0,0,0,0,0,0,0,0,0,0,0,0,0,0,0,0,0
21472539139040,24.138876,1786372930056511558,,0,0,0,0,0,0,0,0,0,0,0,0,0,0,0,0,0,0,0
21472559117600,24.158854,1786372930076504266,,0,0,0,0,0,0,0,0,0,0,0,0,0,0,0,0,0,0,0
21472579140032,24.178877,1786372930096514007,,0,0,0,0,0,0,0,0,0,0,0,0,0,0,0,0,0,0,0
21472599157760,24.198894,1786372930116531612,,0,0,0,0,0,0,0,0,0,0,0,0,0,0,0,0,0,0,0
21472619177408,24.218914,1786372930136526655,,0,0,0,0,0,0,0,0,0,0,0,0,0,0,0,0,0,0,0
21472639149888,24.238886,1786372930156523020,,0,0,0,0,0,0,0,0,0,0,0,0,0,0,0,0,0,0,0
21472659032608,24.258769,1786372930176506095,,0,0,0,0,0,0,0,0,0,0,0,0,0,0,0,0,0,0,0
21472681400736,24.281137,1786372930196510966,,0,0,0,0,0,0,0,0,0,0,0,0,0,0,0,0,0,0,0
21472699105344,24.298842,1786372930216518090,,0,0,0,0,0,0,0,0,0,0,0,0,0,0,0,0,0,0,0
21472719144768,24.318881,1786372930236510460,,0,0,0,0,0,0,0,0,0,0,0,0,0,0,0,0,0,0,0
21472739147072,24.338884,1786372930256531808,,0,0,0,0,0,0,0,0,0,0,0,0,0,0,0,0,0,0,0
21472759122944,24.35886,1786372930276527186,,0,0,0,0,0,0,0,0,0,0,0,0,0,0,0,0,0,0,0
21472779129120,24.378866,1786372930296522398,,0,0,0,0,0,0,0,0,0,0,0,0,0,0,0,0,0,0,0
21472799101856,24.398838,1786372930316506354,,0,0,0,0,0,0,0,0,0,0,0,0,0,0,0,0,0,0,0
21472819118656,24.418855,1786372930336510138,,0,0,0,0,0,0,0,0,0,0,0,0,0,0,0,0,0,0,0
21472839110688,24.438847,1786372930356504552,,0,0,0,0,0,0,0,0,0,0,0,0,0,0,0,0,0,0,0
21472859016032,24.458753,1786372930376513557,,0,0,0,0,0,0,0,0,0,0,0,0,0,0,0,0,0,0,0
21472879118624,24.478855,1786372930396531900,,0,0,0,0,0,0,0,0,0,0,0,0,0,0,0,0,0,0,0
21472899168480,24.498905,1786372930416526268,,0,0,0,0,0,0,0,0,0,0,0,0,0,0,0,0,0,0,0
21472919132000,24.518869,1786372930436522953,,0,0,0,0,0,0,0,0,0,0,0,0,0,0,0,0,0,0,0
21472939131616,24.538868,1786372930456507239,,0,0,0,0,0,0,0,0,0,0,0,0,0,0,0,0,0,0,0
21472959122816,24.558859,1786372930476510515,,0,0,0,0,0,0,0,0,0,0,0,0,0,0,0,0,0,0,0
21472979088960,24.578826,1786372930496505479,,0,0,0,0,0,0,0,0,0,0,0,0,0,0,0,0,0,0,0
21472999112032,24.598849,1786372930516510925,,0,0,0,0,0,0,0,0,0,0,0,0,0,0,0,0,0,0,0
21473019171712,24.618908,1786372930536531167,,0,0,0,0,0,0,0,0,0,0,0,0,0,0,0,0,0,0,0
21473039118752,24.638855,1786372930556527117,,0,0,0,0,0,0,0,0,0,0,0,0,0,0,0,0,0,0,0
21473058995776,24.658732,1786372930576523807,,0,0,0,0,0,0,0,0,0,0,0,0,0,0,0,0,0,0,0
21473079078208,24.678815,1786372930596509681,,0,0,0,0,0,0,0,0,0,0,0,0,0,0,0,0,0,0,0
21473099148192,24.698885,1786372930616511702,,0,0,0,0,0,0,0,0,0,0,0,0,0,0,0,0,0,0,0
21473119089152,24.718826,1786372930636504604,,0,0,0,0,0,0,0,0,0,0,0,0,0,0,0,0,0,0,0
21473139088832,24.738825,1786372930656511910,,0,0,0,0,0,0,0,0,0,0,0,0,0,0,0,0,0,0,0
21473159097952,24.758835,1786372930676530984,,0,0,0,0,0,0,0,0,0,0,0,0,0,0,0,0,0,0,0
21473179128096,24.778865,1786372930696527110,,0,0,0,0,0,0,0,0,0,0,0,0,0,0,0,0,0,0,0
21473199053472,24.79879,1786372930716522989,,0,0,0,0,0,0,0,0,0,0,0,0,0,0,0,0,0,0,0
21473219174080,24.818911,1786372930736506970,,0,0,0,0,0,0,0,0,0,0,0,0,0,0,0,0,0,0,0
21473239112416,24.838849,1786372930756511284,,0,0,0,0,0,0,0,0,0,0,0,0,0,0,0,0,0,0,0
21473259077312,24.858814,1786372930776505220,,0,0,0,0,0,0,0,0,0,0,0,0,0,0,0,0,0,0,0
21473279123840,24.87886,1786372930796510330,,0,0,0,0,0,0,0,0,0,0,0,0,0,0,0,0,0,0,0
21473299156768,24.898893,1786372930816531145,,0,0,0,0,0,0,0,0,0,0,0,0,0,0,0,0,0,0,0
21473319185696,24.918922,1786372930836527006,,0,0,0,0,0,0,0,0,0,0,0,0,0,0,0,0,0,0,0
21473339130272,24.938867,1786372930856525294,,0,0,0,0,0,0,0,0,0,0,0,0,0,0,0,0,0,0,0
21473359105152,24.958842,1786372930876507427,,0,0,0,0,0,0,0,0,0,0,0,0,0,0,0,0,0,0,0
21473379108544,24.978845,1786372930896511343,,0,0,0,0,0,0,0,0,0,0,0,0,0,0,0,0,0,0,0
21473399108000,24.998845,1786372930916504518,,0,0,0,0,0,0,0,0,0,0,0,0,0,0,0,0,0,0,0
21473419109408,25.018846,1786372930936511231,,0,0,0,0,0,0,0,0,0,0,0,0,0,0,0,0,0,0,0
21473439109824,25.038846,1786372930956531879,,0,0,0,0,0,0,0,0,0,0,0,0,0,0,0,0,0,0,0
21473459037920,25.058774,1786372930976526448,,0,0,0,0,0,0,0,0,0,0,0,0,0,0,0,0,0,0,0
21473479139584,25.078876,1786372930996522979,,0,0,0,0,0,0,0,0,0,0,0,0,0,0,0,0,0,0,0
21473499134976,25.098872,1786372931016506740,,0,0,0,0,0,0,0,0,0,0,0,0,0,0,0,0,0,0,0
21473519101280,25.118838,1786372931036511420,,0,0,0,0,0,0,0,0,0,0,0,0,0,0,0,0,0,0,0
21473539097120,25.138834,1786372931056503532,,0,0,0,0,0,0,0,0,0,0,0,0,0,0,0,0,0,0,0
21473559175104,25.158912,1786372931076511309,,0,0,0,0,0,0,0,0,0,0,0,0,0,0,0,0,0,0,0
21473579126080,25.178863,1786372931096535056,,0,0,0,0,0,0,0,0,0,0,0,0,0,0,0,0,0,0,0
21473599110208,25.198847,1786372931116529990,,0,0,0,0,0,0,0,0,0,0,0,0,0,0,0,0,0,0,0
21473619115968,25.218853,1786372931136523677,,0,0,0,0,0,0,0,0,0,0,0,0,0,0,0,0,0,0,0
21473639080992,25.238818,1786372931156506003,,0,0,0,0,0,0,0,0,0,0,0,0,0,0,0,0,0,0,0
21473659000480,25.258737,1786372931176510861,,0,0,0,0,0,0,0,0,0,0,0,0,0,0,0,0,0,0,0
21473679090944,25.278828,1786372931196504691,,0,0,0,0,0,0,0,0,0,0,0,0,0,0,0,0,0,0,0
21473699110368,25.298847,1786372931216510723,,0,0,0,0,0,0,0,0,0,0,0,0,0,0,0,0,0,0,0
21473719107712,25.318844,1786372931236531690,,0,0,0,0,0,0,0,0,0,0,0,0,0,0,0,0,0,0,0
21473739172160,25.338909,1786372931256526489,,0,0,0,0,0,0,0,0,0,0,0,0,0,0,0,0,0,0,0
21473759092544,25.358829,1786372931276524314,,0,0,0,0,0,0,0,0,0,0,0,0,0,0,0,0,0,0,0
21473779156640,25.378893,1786372931296506243,,0,0,0,0,0,0,0,0,0,0,0,0,0,0,0,0,0,0,0
21473799092928,25.39883,1786372931316510869,,0,0,0,0,0,0,0,0,0,0,0,0,0,0,0,0,0,0,0
21473819147008,25.418884,1786372931336505385,,0,0,0,0,0,0,0,0,0,0,0,0,0,0,0,0,0,0,0
21473839096992,25.438834,1786372931356518216,,0,0,0,0,0,0,0,0,0,0,0,0,0,0,0,0,0,0,0
21473859005344,25.458742,1786372931376540243,,0,0,0,0,0,0,0,0,0,0,0,0,0,0,0,0,0,0,0
21473879092480,25.478829,1786372931396537120,,0,0,0,0,0,0,0,0,0,0,0,0,0,0,0,0,0,0,0
21473899090656,25.498827,1786372931416528303,,0,0,0,0,0,0,0,0,0,0,0,0,0,0,0,0,0,0,0
21473919093792,25.51883,1786372931436515610,,0,0,0,0,0,0,0,0,0,0,0,0,0,0,0,0,0,0,0
21473939070368,25.538807,1786372931456512793,,0,0,0,0,0,0,0,0,0,0,0,0,0,0,0,0,0,0,0
21473959063584,25.5588,1786372931476504872,,0,0,0,0,0,0,0,0,0,0,0,0,0,0,0,0,0,0,0
21473979088928,25.578826,1786372931496511609,,0,0,0,0,0,0,0,0,0,0,0,0,0,0,0,0,0,0,0
21473999090176,25.598827,1786372931516532441,,0,0,0,0,0,0,0,0,0,0,0,0,0,0,0,0,0,0,0
21474019105152,25.618842,1786372931536529086,,0,0,0,0,0,0,0,0,0,0,0,0,0,0,0,0,0,0,0
21474039068416,25.638805,1786372931556524757,,0,0,0,0,0,0,0,0,0,0,0,0,0,0,0,0,0,0,0
21474058945888,25.658682,1786372931576507165,,0,0,0,0,0,0,0,0,0,0,0,0,0,0,0,0,0,0,0
21474079095168,25.678832,1786372931596514604,,0,0,0,0,0,0,0,0,0,0,0,0,0,0,0,0,0,0,0
21474099077184,25.698814,1786372931616505040,,0,0,0,0,0,0,0,0,0,0,0,0,0,0,0,0,0,0,0
21474119061088,25.718798,1786372931636511493,,0,0,0,0,0,0,0,0,0,0,0,0,0,0,0,0,0,0,0
21474139095296,25.738832,1786372931656532052,,0,0,0,0,0,0,0,0,0,0,0,0,0,0,0,0,0,0,0
21474159127200,25.758864,1786372931676527708,,0,0,0,0,0,0,0,0,0,0,0,0,0,0,0,0,0,0,0
21474179085120,25.778822,1786372931696525022,,0,0,0,0,0,0,0,0,0,0,0,0,0,0,0,0,0,0,0
21474199066592,25.798803,1786372931716506809,,0,0,0,0,0,0,0,0,0,0,0,0,0,0,0,0,0,0,0
21474219051904,25.818788,1786372931736511664,,0,0,0,0,0,0,0,0,0,0,0,0,0,0,0,0,0,0,0
21474239054656,25.838791,1786372931756504270,,0,0,0,0,0,0,0,0,0,0,0,0,0,0,0,0,0,0,0
21474258953216,25.85869,1786372931776512022,,0,0,0,0,0,0,0,0,0,0,0,0,0,0,0,0,0,0,0
21474279088512,25.878825,1786372931796532739,,0,0,0,0,0,0,0,0,0,0,0,0,0,0,0,0,0,0,0
21474299069760,25.898806,1786372931816527449,,0,0,0,0,0,0,0,0,0,0,0,0,0,0,0,0,0,0,0
21474319052384,25.918789,1786372931836524549,,0,0,0,0,0,0,0,0,0,0,0,0,0,0,0,0,0,0,0
21474339068960,25.938806,1786372931856506530,,0,0,0,0,0,0,0,0,0,0,0,0,0,0,0,0,0,0,0
21474359070272,25.958807,1786372931876511671,,0,0,0,0,0,0,0,0,0,0,0,0,0,0,0,0,0,0,0
21474379063360,25.9788,1786372931896505389,,0,0,0,0,0,0,0,0,0,0,0,0,0,0,0,0,0,0,0
21474399059232,25.998796,1786372931916511208,,0,0,0,0,0,0,0,0,0,0,0,0,0,0,0,0,0,0,0
21474419077504,26.018814,1786372931936532634,,0,0,0,0,0,0,0,0,0,0,0,0,0,0,0,0,0,0,0
21474439062304,26.038799,1786372931956527931,,0,0,0,0,0,0,0,0,0,0,0,0,0,0,0,0,0,0,0
21474459069376,26.058806,1786372931976523506,,0,0,0,0,0,0,0,0,0,0,0,0,0,0,0,0,0,0,0
21474479060576,26.078797,1786372931996506925,,0,0,0,0,0,0,0,0,0,0,0,0,0,0,0,0,0,0,0
21474499044288,26.098781,1786372932016510668,,0,0,0,0,0,0,0,0,0,0,0,0,0,0,0,0,0,0,0
21474519033952,26.118771,1786372932036503880,,0,0,0,0,0,0,0,0,0,0,0,0,0,0,0,0,0,0,0
21474539058624,26.138795,1786372932056511450,,0,0,0,0,0,0,0,0,0,0,0,0,0,0,0,0,0,0,0
21474559108544,26.158845,1786372932076531722,,0,0,0,0,0,0,0,0,0,0,0,0,0,0,0,0,0,0,0
21474579068352,26.178805,1786372932096529672,,0,0,0,0,0,0,0,0,0,0,0,0,0,0,0,0,0,0,0
21474599071776,26.198808,1786372932116522962,,0,0,0,0,0,0,0,0,0,0,0,0,0,0,0,0,0,0,0
21474619056672,26.218793,1786372932136506914,,0,0,0,0,0,0,0,0,0,0,0,0,0,0,0,0,0,0,0
21474639031360,26.238768,1786372932156511489,,0,0,0,0,0,0,0,0,0,0,0,0,0,0,0,0,0,0,0
21474658967328,26.258704,1786372932176502878,,0,0,0,0,0,0,0,0,0,0,0,0,0,0,0,0,0,0,0
21474679028000,26.278765,1786372932196511300,,0,0,0,0,0,0,0,0,0,0,0,0,0,0,0,0,0,0,0
21474699059872,26.298796,1786372932216531930,,0,0,0,0,0,0,0,0,0,0,0,0,0,0,0,0,0,0,0
21474719044512,26.318781,1786372932236526852,,0,0,0,0,0,0,0,0,0,0,0,0,0,0,0,0,0,0,0
21474739050784,26.338787,1786372932256523147,,0,0,0,0,0,0,0,0,0,0,0,0,0,0,0,0,0,0,0
21474759040672,26.358777,1786372932276506658,,0,0,0,0,0,0,0,0,0,0,0,0,0,0,0,0,0,0,0
21474779057856,26.378794,1786372932296511182,,0,0,0,0,0,0,0,0,0,0,0,0,0,0,0,0,0,0,0
21474799021056,26.398758,1786372932316503541,,0,0,0,0,0,0,0,0,0,0,0,0,0,0,0,0,0,0,0
21474819021184,26.418758,1786372932336510906,,0,0,0,0,0,0,0,0,0,0,0,0,0,0,0,0,0,0,0
21474839051904,26.438788,1786372932356531843,,0,0,0,0,0,0,0,0,0,0,0,0,0,0,0,0,0,0,0
21474858944512,26.458681,1786372932376527983,,0,0,0,0,0,0,0,0,0,0,0,0,0,0,0,0,0,0,0
21474879045472,26.478782,1786372932396524254,,0,0,0,0,0,0,0,0,0,0,0,0,0,0,0,0,0,0,0
21474899032032,26.498769,1786372932416506737,,0,0,0,0,0,0,0,0,0,0,0,0,0,0,0,0,0,0,0
21474919017920,26.518754,1786372932436510778,,0,0,0,0,0,0,0,0,0,0,0,0,0,0,0,0,0,0,0
21474939023040,26.53876,1786372932456503405,,0,0,0,0,0,0,0,0,0,0,0,0,0,0,0,0,0,0,0
21474959043328,26.55878,1786372932476511751,,0,0,0,0,0,0,0,0,0,0,0,0,0,0,0,0,0,0,0
21474979070080,26.578807,1786372932496532085,,0,0,0,0,0,0,0,0,0,0,0,0,0,0,0,0,0,0,0
21474999026048,26.598763,1786372932516526430,,0,0,0,0,0,0,0,0,0,0,0,0,0,0,0,0,0,0,0
21475019028864,26.618765,1786372932536524379,,0,0,0,0,0,0,0,0,0,0,0,0,0,0,0,0,0,0,0
21475039012640,26.638749,1786372932556507010,,0,0,0,0,0,0,0,0,0,0,0,0,0,0,0,0,0,0,0
21475058924032,26.658661,1786372932576511217,,0,0,0,0,0,0,0,0,0,0,0,0,0,0,0,0,0,0,0
21475079024352,26.678761,1786372932596506727,,0,0,0,0,0,0,0,0,0,0,0,0,0,0,0,0,0,0,0
21475099022400,26.698759,1786372932616511757,,0,0,0,0,0,0,0,0,0,0,0,0,0,0,0,0,0,0,0
21475119011072,26.718748,1786372932636530587,,0,0,0,0,0,0,0,0,0,0,0,0,0,0,0,0,0,0,0
21475139078176,26.738815,1786372932656527590,,0,0,0,0,0,0,0,0,0,0,0,0,0,0,0,0,0,0,0
21475159073408,26.75881,1786372932676524484,,0,0,0,0,0,0,0,0,0,0,0,0,0,0,0,0,0,0,0
21475179046496,26.778783,1786372932696507347,,0,0,0,0,0,0,0,0,0,0,0,0,0,0,0,0,0,0,0
21475199020992,26.798758,1786372932716510826,,0,0,0,0,0,0,0,0,0,0,0,0,0,0,0,0,0,0,0
21475219045984,26.818783,1786372932736504492,,0,0,0,0,0,0,0,0,0,0,0,0,0,0,0,0,0,0,0
21475239011072,26.838748,1786372932756511860,,0,0,0,0,0,0,0,0,0,0,0,0,0,0,0,0,0,0,0
21475258927744,26.858664,1786372932776530950,,0,0,0,0,0,0,0,0,0,0,0,0,0,0,0,0,0,0,0
21475279048192,26.878785,1786372932796526290,,0,0,0,0,0,0,0,0,0,0,0,0,0,0,0,0,0,0,0
21475299053216,26.89879,1786372932816524436,,0,0,0,0,0,0,0,0,0,0,0,0,0,0,0,0,0,0,0
21475319067680,26.918804,1786372932836506574,,0,0,0,0,0,0,0,0,0,0,0,0,0,0,0,0,0,0,0
21475339044160,26.938781,1786372932856511454,,0,0,0,0,0,0,0,0,0,0,0,0,0,0,0,0,0,0,0
21475359023648,26.95876,1786372932876504594,,0,0,0,0,0,0,0,0,0,0,0,0,0,0,0,0,0,0,0
21475379018016,26.978755,1786372932896510763,,0,0,0,0,0,0,0,0,0,0,0,0,0,0,0,0,0,0,0
21475399066048,26.998803,1786372932916532181,,0,0,0,0,0,0,0,0,0,0,0,0,0,0,0,0,0,0,0
21475418996928,27.018734,1786372932936527035,,0,0,0,0,0,0,0,0,0,0,0,0,0,0,0,0,0,0,0
21475439049664,27.038786,1786372932956522791,,0,0,0,0,0,0,0,0,0,0,0,0,0,0,0,0,0,0,0
21475458947808,27.058684,1786372932976506723,,0,0,0,0,0,0,0,0,0,0,0,0,0,0,0,0,0,0,0
21475479027968,27.078765,1786372932996512008,,0,0,0,0,0,0,0,0,0,0,0,0,0,0,0,0,0,0,0
21475499000032,27.098737,1786372933016503972,,0,0,0,0,0,0,0,0,0,0,0,0,0,0,0,0,0,0,0
21475519020384,27.118757,1786372933036512100,,0,0,0,0,0,0,0,0,0,0,0,0,0,0,0,0,0,0,0
21475539048992,27.138786,1786372933056532120,,0,0,0,0,0,0,0,0,0,0,0,0,0,0,0,0,0,0,0
21475559051616,27.158788,1786372933076527204,,0,0,0,0,0,0,0,0,0,0,0,0,0,0,0,0,0,0,0
21475579016416,27.178753,1786372933096527122,,0,0,0,0,0,0,0,0,0,0,0,0,0,0,0,0,0,0,0
21475599014112,27.198751,1786372933116507091,,0,0,0,0,0,0,0,0,0,0,0,0,0,0,0,0,0,0,0
21475619015616,27.218752,1786372933136511716,,0,0,0,0,0,0,0,0,0,0,0,0,0,0,0,0,0,0,0
21475639017216,27.238754,1786372933156504155,,0,0,0,0,0,0,0,0,0,0,0,0,0,0,0,0,0,0,0
21475658911968,27.258649,1786372933176511182,,0,0,0,0,0,0,0,0,0,0,0,0,0,0,0,0,0,0,0
21475679028704,27.278765,1786372933196531271,,0,0,0,0,0,0,0,0,0,0,0,0,0,0,0,0,0,0,0
21475698996512,27.298733,1786372933216525993,,0,0,0,0,0,0,0,0,0,0,0,0,0,0,0,0,0,0,0
21475719021888,27.318758,1786372933236524946,,0,0,0,0,0,0,0,0,0,0,0,0,0,0,0,0,0,0,0
21475739022752,27.338759,1786372933256509935,,0,0,0,0,0,0,0,0,0,0,0,0,0,0,0,0,0,0,0
21475759027520,27.358764,1786372933276511080,,0,0,0,0,0,0,0,0,0,0,0,0,0,0,0,0,0,0,0
21475779020288,27.378757,1786372933296505455,,0,0,0,0,0,0,0,0,0,0,0,0,0,0,0,0,0,0,0
21475799016544,27.398753,1786372933316511536,,0,0,0,0,0,0,0,0,0,0,0,0,0,0,0,0,0,0,0
21475819070336,27.418807,1786372933336530554,,0,0,0,0,0,0,0,0,0,0,0,0,0,0,0,0,0,0,0
21475839054976,27.438792,1786372933356528015,,0,0,0,0,0,0,0,0,0,0,0,0,0,0,0,0,0,0,0
21475858908672,27.458645,1786372933376524435,,0,0,0,0,0,0,0,0,0,0,0,0,0,0,0,0,0,0,0
21475878986784,27.478723,1786372933396506237,,0,0,0,0,0,0,0,0,0,0,0,0,0,0,0,0,0,0,0
21475899008160,27.498745,1786372933416511163,,0,0,0,0,0,0,0,0,0,0,0,0,0,0,0,0,0,0,0
21475919004352,27.518741,1786372933436503655,,0,0,0,0,0,0,0,0,0,0,0,0,0,0,0,0,0,0,0
21475938958560,27.538695,1786372933456525956,,0,0,0,0,0,0,0,0,0,0,0,0,0,0,0,0,0,0,0
21475959024576,27.558761,1786372933476530983,,0,0,0,0,0,0,0,0,0,0,0,0,0,0,0,0,0,0,0
21475979007296,27.578744,1786372933496527143,,0,0,0,0,0,0,0,0,0,0,0,0,0,0,0,0,0,0,0
21475998980640,27.598717,1786372933516522177,,0,0,0,0,0,0,0,0,0,0,0,0,0,0,0,0,0,0,0
21476018960000,27.618697,1786372933536506397,,0,0,0,0,0,0,0,0,0,0,0,0,0,0,0,0,0,0,0
21476038986976,27.638724,1786372933556510938,,0,0,0,0,0,0,0,0,0,0,0,0,0,0,0,0,0,0,0
21476058866688,27.658603,1786372933576505358,,0,0,0,0,0,0,0,0,0,0,0,0,0,0,0,0,0,0,0
21476078962176,27.678699,1786372933596513806,,0,0,0,0,0,0,0,0,0,0,0,0,0,0,0,0,0,0,0
21476098975552,27.698712,1786372933616532701,,0,0,0,0,0,0,0,0,0,0,0,0,0,0,0,0,0,0,0
21476119012896,27.718749,1786372933636526601,,0,0,0,0,0,0,0,0,0,0,0,0,0,0,0,0,0,0,0
21476139023072,27.73876,1786372933656523972,,0,0,0,0,0,0,0,0,0,0,0,0,0,0,0,0,0,0,0
21476158997952,27.758735,1786372933676506982,,0,0,0,0,0,0,0,0,0,0,0,0,0,0,0,0,0,0,0
21476179000032,27.778737,1786372933696511256,,0,0,0,0,0,0,0,0,0,0,0,0,0,0,0,0,0,0,0
21476198961344,27.798698,1786372933716504992,,0,0,0,0,0,0,0,0,0,0,0,0,0,0,0,0,0,0,0
21476219020064,27.818757,1786372933736510954,,0,0,0,0,0,0,0,0,0,0,0,0,0,0,0,0,0,0,0
21476239010848,27.838747,1786372933756530305,,0,0,0,0,0,0,0,0,0,0,0,0,0,0,0,0,0,0,0
21476258884192,27.858621,1786372933776527364,,0,0,0,0,0,0,0,0,0,0,0,0,0,0,0,0,0,0,0
21476278994560,27.878731,1786372933796524090,,0,0,0,0,0,0,0,0,0,0,0,0,0,0,0,0,0,0,0
21476298984992,27.898722,1786372933816509060,,0,0,0,0,0,0,0,0,0,0,0,0,0,0,0,0,0,0,0
21476319005536,27.918742,1786372933836511380,,0,0,0,0,0,0,0,0,0,0,0,0,0,0,0,0,0,0,0
21476339016832,27.938753,1786372933856504504,,0,0,0,0,0,0,0,0,0,0,0,0,0,0,0,0,0,0,0
21476358977376,27.958714,1786372933876511104,,0,0,0,0,0,0,0,0,0,0,0,0,0,0,0,0,0,0,0
21476378966176,27.978703,1786372933896531147,,0,0,0,0,0,0,0,0,0,0,0,0,0,0,0,0,0,0,0
21476399001504,27.998738,1786372933916528095,,0,0,0,0,0,0,0,0,0,0,0,0,0,0,0,0,0,0,0
21476418987936,28.018725,1786372933936523923,,0,0,0,0,0,0,0,0,0,0,0,0,0,0,0,0,0,0,0
21476438994592,28.038731,1786372933956506909,,0,0,0,0,0,0,0,0,0,0,0,0,0,0,0,0,0,0,0
21476458840256,28.058577,1786372933976512189,,0,0,0,0,0,0,0,0,0,0,0,0,0,0,0,0,0,0,0
21476478971008,28.078708,1786372933996503975,,0,0,0,0,0,0,0,0,0,0,0,0,0,0,0,0,0,0,0
21476499009536,28.098746,1786372934016511236,,0,0,0,0,0,0,0,0,0,0,0,0,0,0,0,0,0,0,0
21476518995648,28.118732,1786372934036532835,,0,0,0,0,0,0,0,0,0,0,0,0,0,0,0,0,0,0,0
21476538995872,28.138732,1786372934056528467,,0,0,0,0,0,0,0,0,0,0,0,0,0,0,0,0,0,0,0
21476559024384,28.158761,1786372934076523002,,0,0,0,0,0,0,0,0,0,0,0,0,0,0,0,0,0,0,0
21476578947936,28.178685,1786372934096509215,,0,0,0,0,0,0,0,0,0,0,0,0,0,0,0,0,0,0,0
21476598949728,28.198686,1786372934116511652,,0,0,0,0,0,0,0,0,0,0,0,0,0,0,0,0,0,0,0
21476619018432,28.218755,1786372934136504671,,0,0,0,0,0,0,0,0,0,0,0,0,0,0,0,0,0,0,0
21476638956384,28.238693,1786372934156511690,,0,0,0,0,0,0,0,0,0,0,0,0,0,0,0,0,0,0,0
21476658836096,28.258573,1786372934176532423,,0,0,0,0,0,0,0,0,0,0,0,0,0,0,0,0,0,0,0
21476678945600,28.278682,1786372934196527690,,0,0,0,0,0,0,0,0,0,0,0,0,0,0,0,0,0,0,0
21476698987712,28.298724,1786372934216523528,,0,0,0,0,0,0,0,0,0,0,0,0,0,0,0,0,0,0,0
21476718927552,28.318664,1786372934236506860,,0,0,0,0,0,0,0,0,0,0,0,0,0,0,0,0,0,0,0
21476738960096,28.338697,1786372934256510680,,0,0,0,0,0,0,0,0,0,0,0,0,0,0,0,0,0,0,0
21476758959104,28.358696,1786372934276504802,,0,0,0,0,0,0,0,0,0,0,0,0,0,0,0,0,0,0,0
21476779007008,28.378744,1786372934296511358,,0,0,0,0,0,0,0,0,0,0,0,0,0,0,0,0,0,0,0
21476798942528,28.398679,1786372934316530996,,0,0,0,0,0,0,0,0,0,0,0,0,0,0,0,0,0,0,0
21476818955392,28.418692,1786372934336532893,,0,0,0,0,0,0,0,0,0,0,0,0,0,0,0,0,0,0,0
21476838960288,28.438697,1786372934356525061,,0,0,0,0,0,0,0,0,0,0,0,0,0,0,0,0,0,0,0
21476858822272,28.458559,1786372934376508018,,0,0,0,0,0,0,0,0,0,0,0,0,0,0,0,0,0,0,0
21476878921760,28.478658,1786372934396510976,,0,0,0,0,0,0,0,0,0,0,0,0,0,0,0,0,0,0,0
21476898960192,28.498697,1786372934416504579,,0,0,0,0,0,0,0,0,0,0,0,0,0,0,0,0,0,0,0
21476918928416,28.518665,1786372934436510853,,0,0,0,0,0,0,0,0,0,0,0,0,0,0,0,0,0,0,0
21476938992928,28.53873,1786372934456531203,,0,0,0,0,0,0,0,0,0,0,0,0,0,0,0,0,0,0,0
21476958969824,28.558706,1786372934476526863,,0,0,0,0,0,0,0,0,0,0,0,0,0,0,0,0,0,0,0
21476978958400,28.578695,1786372934496523446,,0,0,0,0,0,0,0,0,0,0,0,0,0,0,0,0,0,0,0
21476998921184,28.598658,1786372934516507173,,0,0,0,0,0,0,0,0,0,0,0,0,0,0,0,0,0,0,0
21477018931168,28.618668,1786372934536511519,,0,0,0,0,0,0,0,0,0,0,0,0,0,0,0,0,0,0,0
21477038929760,28.638666,1786372934556504481,,0,0,0,0,0,0,0,0,0,0,0,0,0,0,0,0,0,0,0
21477058834368,28.658571,1786372934576511393,,0,0,0,0,0,0,0,0,0,0,0,0,0,0,0,0,0,0,0
21477078997920,28.678734,1786372934596533831,,0,0,0,0,0,0,0,0,0,0,0,0,0,0,0,0,0,0,0
21477098978912,28.698715,1786372934616528829,,0,0,0,0,0,0,0,0,0,0,0,0,0,0,0,0,0,0,0
21477118941792,28.718678,1786372934636524433,,0,0,0,0,0,0,0,0,0,0,0,0,0,0,0,0,0,0,0
21477138973024,28.73871,1786372934656507449,,0,0,0,0,0,0,0,0,0,0,0,0,0,0,0,0,0,0,0
21477158984128,28.758721,1786372934676510833,,0,0,0,0,0,0,0,0,0,0,0,0,0,0,0,0,0,0,0
21477178921280,28.778658,1786372934696505031,,0,0,0,0,0,0,0,0,0,0,0,0,0,0,0,0,0,0,0
21477198971360,28.798708,1786372934716510138,,0,0,0,0,0,0,0,0,0,0,0,0,0,0,0,0,0,0,0
21477218940768,28.818677,1786372934736532087,,0,0,0,0,0,0,0,0,0,0,0,0,0,0,0,0,0,0,0
21477238941408,28.838678,1786372934756526366,,0,0,0,0,0,0,0,0,0,0,0,0,0,0,0,0,0,0,0
21477258811520,28.858548,1786372934776522641,,0,0,0,0,0,0,0,0,0,0,0,0,0,0,0,0,0,0,0
21477278918080,28.878655,1786372934796507498,,0,0,0,0,0,0,0,0,0,0,0,0,0,0,0,0,0,0,0
21477298960256,28.898697,1786372934816511455,,0,0,0,0,0,0,0,0,0,0,0,0,0,0,0,0,0,0,0
21477318917696,28.918654,1786372934836505516,,0,0,0,0,0,0,0,0,0,0,0,0,0,0,0,0,0,0,0
21477338932960,28.93867,1786372934856511947,,0,0,0,0,0,0,0,0,0,0,0,0,0,0,0,0,0,0,0
21477358944768,28.958681,1786372934876532050,,0,0,0,0,0,0,0,0,0,0,0,0,0,0,0,0,0,0,0
21477378910080,28.978647,1786372934896528416,,0,0,0,0,0,0,0,0,0,0,0,0,0,0,0,0,0,0,0
21477399116384,28.998853,1786372934916522923,,0,0,0,0,0,0,0,0,0,0,0,0,0,0,0,0,0,0,0
21477418929408,29.018666,1786372934936507443,,0,0,0,0,0,0,0,0,0,0,0,0,0,0,0,0,0,0,0
21477438904256,29.038641,1786372934956511579,,0,0,0,0,0,0,0,0,0,0,0,0,0,0,0,0,0,0,0
21477458920160,29.058657,1786372934976504226,,0,0,0,0,0,0,0,0,0,0,0,0,0,0,0,0,0,0,0
21477478898176,29.078635,1786372934996511967,,0,0,0,0,0,0,0,0,0,0,0,0,0,0,0,0,0,0,0
21477498955328,29.098692,1786372935016532377,,0,0,0,0,0,0,0,0,0,0,0,0,0,0,0,0,0,0,0
21477518911008,29.118648,1786372935036528557,,0,0,0,0,0,0,0,0,0,0,0,0,0,0,0,0,0,0,0
21477538911200,29.138648,1786372935056537184,,0,0,0,0,0,0,0,0,0,0,0,0,0,0,0,0,0,0,0
21477558928672,29.158665,1786372935076507014,,0,0,0,0,0,0,0,0,0,0,0,0,0,0,0,0,0,0,0
21477578923008,29.17866,1786372935096515191,,0,0,0,0,0,0,0,0,0,0,0,0,0,0,0,0,0,0,0
21477598898912,29.198635,1786372935116504794,,0,0,0,0,0,0,0,0,0,0,0,0,0,0,0,0,0,0,0
21477618905184,29.218642,1786372935136511055,,0,0,0,0,0,0,0,0,0,0,0,0,0,0,0,0,0,0,0
21477638915520,29.238652,1786372935156531470,,0,0,0,0,0,0,0,0,0,0,0,0,0,0,0,0,0,0,0
21477658791520,29.258528,1786372935176528135,,0,0,0,0,0,0,0,0,0,0,0,0,0,0,0,0,0,0,0
21477678958080,29.278695,1786372935196523733,,0,0,0,0,0,0,0,0,0,0,0,0,0,0,0,0,0,0,0
21477698920896,29.298657,1786372935216506687,,0,0,0,0,0,0,0,0,0,0,0,0,0,0,0,0,0,0,0
21477718928192,29.318665,1786372935236511051,,0,0,0,0,0,0,0,0,0,0,0,0,0,0,0,0,0,0,0
21477738906816,29.338643,1786372935256503202,,0,0,0,0,0,0,0,0,0,0,0,0,0,0,0,0,0,0,0
21477758967840,29.358704,1786372935276511589,,0,0,0,0,0,0,0,0,0,0,0,0,0,0,0,0,0,0,0
21477778930240,29.378667,1786372935296531532,,0,0,0,0,0,0,0,0,0,0,0,0,0,0,0,0,0,0,0
21477798933792,29.39867,1786372935316527033,,0,0,0,0,0,0,0,0,0,0,0,0,0,0,0,0,0,0,0
21477818916000,29.418653,1786372935336523895,,0,0,0,0,0,0,0,0,0,0,0,0,0,0,0,0,0,0,0
21477838900096,29.438637,1786372935356506699,,0,0,0,0,0,0,0,0,0,0,0,0,0,0,0,0,0,0,0
21477858787712,29.458524,1786372935376511532,,0,0,0,0,0,0,0,0,0,0,0,0,0,0,0,0,0,0,0
21477878727168,29.478464,1786372935396505037,,0,0,0,0,0,0,0,0,0,0,0,0,0,0,0,0,0,0,0
21477898911072,29.498648,1786372935416510985,,0,0,0,0,0,0,0,0,0,0,0,0,0,0,0,0,0,0,0
21477918899872,29.518636,1786372935436531227,,0,0,0,0,0,0,0,0,0,0,0,0,0,0,0,0,0,0,0
21477938896096,29.538633,1786372935456527874,,0,0,0,0,0,0,0,0,0,0,0,0,0,0,0,0,0,0,0
21477958914848,29.558651,1786372935476523148,,0,0,0,0,0,0,0,0,0,0,0,0,0,0,0,0,0,0,0
21477978880416,29.578617,1786372935496507237,,0,0,0,0,0,0,0,0,0,0,0,0,0,0,0,0,0,0,0
21477998912416,29.598649,1786372935516511260,,0,0,0,0,0,0,0,0,0,0,0,0,0,0,0,0,0,0,0
21478018887808,29.618624,1786372935536504426,,0,0,0,0,0,0,0,0,0,0,0,0,0,0,0,0,0,0,0
21478038874752,29.638611,1786372935556511538,,0,0,0,0,0,0,0,0,0,0,0,0,0,0,0,0,0,0,0
21478058786656,29.658523,1786372935576531466,,0,0,0,0,0,0,0,0,0,0,0,0,0,0,0,0,0,0,0
21478078887296,29.678624,1786372935596530875,,0,0,0,0,0,0,0,0,0,0,0,0,0,0,0,0,0,0,0
21478098912608,29.698649,1786372935616523775,,0,0,0,0,0,0,0,0,0,0,0,0,0,0,0,0,0,0,0
21478118880352,29.718617,1786372935636507743,,0,0,0,0,0,0,0,0,0,0,0,0,0,0,0,0,0,0,0
21478138898912,29.738635,1786372935656511380,,0,0,0,0,0,0,0,0,0,0,0,0,0,0,0,0,0,0,0
21478158929536,29.758666,1786372935676504358,,0,0,0,0,0,0,0,0,0,0,0,0,0,0,0,0,0,0,0
21478178921440,29.778658,1786372935696510458,,0,0,0,0,0,0,0,0,0,0,0,0,0,0,0,0,0,0,0
21478198903136,29.79864,1786372935716531592,,0,0,0,0,0,0,0,0,0,0,0,0,0,0,0,0,0,0,0
21478218884416,29.818621,1786372935736528254,,0,0,0,0,0,0,0,0,0,0,0,0,0,0,0,0,0,0,0
21478238930656,29.838667,1786372935756523706,,0,0,0,0,0,0,0,0,0,0,0,0,0,0,0,0,0,0,0
21478258756384,29.858493,1786372935776507565,,0,0,0,0,0,0,0,0,0,0,0,0,0,0,0,0,0,0,0
21478278894400,29.878631,1786372935796511364,,0,0,0,0,0,0,0,0,0,0,0,0,0,0,0,0,0,0,0
21478298872064,29.898609,1786372935816503245,,0,0,0,0,0,0,0,0,0,0,0,0,0,0,0,0,0,0,0
21478318849632,29.918586,1786372935836510898,,0,0,0,0,0,0,0,0,0,0,0,0,0,0,0,0,0,0,0
21478338890272,29.938627,1786372935856532355,,0,0,0,0,0,0,0,0,0,0,0,0,0,0,0,0,0,0,0
21478358924512,29.958661,1786372935876528162,,0,0,0,0,0,0,0,0,0,0,0,0,0,0,0,0,0,0,0
21478378890912,29.978627,1786372935896523726,,0,0,0,0,0,0,0,0,0,0,0,0,0,0,0,0,0,0,0
21478398899872,29.998636,1786372935916506565,,0,0,0,0,0,0,0,0,0,0,0,0,0,0,0,0,0,0,0
21478418898336,30.018635,1786372935936511331,,0,0,0,0,0,0,0,0,0,0,0,0,0,0,0,0,0,0,0
21478438830432,30.038567,1786372935956503841,,0,0,0,0,0,0,0,0,0,0,0,0,0,0,0,0,0,0,0
21478458780448,30.058517,1786372935976510807,,0,0,0,0,0,0,0,0,0,0,0,0,0,0,0,0,0,0,0
21478478899424,30.078636,1786372935996530729,,0,0,0,0,0,0,0,0,0,0,0,0,0,0,0,0,0,0,0
21478498878976,30.098616,1786372936016527031,,0,0,0,0,0,0,0,0,0,0,0,0,0,0,0,0,0,0,0
21478518863776,30.1186,1786372936036523911,,0,0,0,0,0,0,0,0,0,0,0,0,0,0,0,0,0,0,0
21478538856608,30.138593,1786372936056506912,,0,0,0,0,0,0,0,0,0,0,0,0,0,0,0,0,0,0,0
21478558702432,30.158439,1786372936076510712,,0,0,0,0,0,0,0,0,0,0,0,0,0,0,0,0,0,0,0
21478578873600,30.17861,1786372936096507337,,0,0,0,0,0,0,0,0,0,0,0,0,0,0,0,0,0,0,0
21478598873888,30.19861,1786372936116511748,,0,0,0,0,0,0,0,0,0,0,0,0,0,0,0,0,0,0,0
21478618881024,30.218618,1786372936136531171,,0,0,0,0,0,0,0,0,0,0,0,0,0,0,0,0,0,0,0
21478638864512,30.238601,1786372936156527960,,0,0,0,0,0,0,0,0,0,0,0,0,0,0,0,0,0,0,0
21478658740032,30.258477,1786372936176524723,,0,0,0,0,0,0,0,0,0,0,0,0,0,0,0,0,0,0,0
21478678871200,30.278608,1786372936196507953,,0,0,0,0,0,0,0,0,0,0,0,0,0,0,0,0,0,0,0
21478698826080,30.298563,1786372936216511188,,0,0,0,0,0,0,0,0,0,0,0,0,0,0,0,0,0,0,0
21478718828832,30.318565,1786372936236503713,,0,0,0,0,0,0,0,0,0,0,0,0,0,0,0,0,0,0,0
21478738871136,30.338608,1786372936256511200,,0,0,0,0,0,0,0,0,0,0,0,0,0,0,0,0,0,0,0
21478758863744,30.3586,1786372936276533347,,0,0,0,0,0,0,0,0,0,0,0,0,0,0,0,0,0,0,0
21478778879232,30.378616,1786372936296527576,,0,0,0,0,0,0,0,0,0,0,0,0,0,0,0,0,0,0,0
21478798872864,30.398609,1786372936316524152,,0,0,0,0,0,0,0,0,0,0,0,0,0,0,0,0,0,0,0
21478818827680,30.418564,1786372936336506660,,0,0,0,0,0,0,0,0,0,0,0,0,0,0,0,0,0,0,0
21478838825472,30.438562,1786372936356512405,,0,0,0,0,0,0,0,0,0,0,0,0,0,0,0,0,0,0,0
21478858750112,30.458487,1786372936376504578,,0,0,0,0,0,0,0,0,0,0,0,0,0,0,0,0,0,0,0
21478878871264,30.478608,1786372936396511634,,0,0,0,0,0,0,0,0,0,0,0,0,0,0,0,0,0,0,0
21478898880352,30.498617,1786372936416531952,,0,0,0,0,0,0,0,0,0,0,0,0,0,0,0,0,0,0,0
21478918898016,30.518635,1786372936436527047,,0,0,0,0,0,0,0,0,0,0,0,0,0,0,0,0,0,0,0
21478938853088,30.53859,1786372936456522947,,0,0,0,0,0,0,0,0,0,0,0,0,0,0,0,0,0,0,0
21478958696032,30.558433,1786372936476507003,,0,0,0,0,0,0,0,0,0,0,0,0,0,0,0,0,0,0,0
21478978864512,30.578601,1786372936496511537,,0,0,0,0,0,0,0,0,0,0,0,0,0,0,0,0,0,0,0
21478998860160,30.598597,1786372936516504152,,0,0,0,0,0,0,0,0,0,0,0,0,0,0,0,0,0,0,0
21479018790368,30.618527,1786372936536510011,,0,0,0,0,0,0,0,0,0,0,0,0,0,0,0,0,0,0,0
21479038900320,30.638637,1786372936556531254,,0,0,0,0,0,0,0,0,0,0,0,0,0,0,0,0,0,0,0
21479058681984,30.658419,1786372936576528609,,0,0,0,0,0,0,0,0,0,0,0,0,0,0,0,0,0,0,0
21479078833312,30.67857,1786372936596526097,,0,0,0,0,0,0,0,0,0,0,0,0,0,0,0,0,0,0,0
21479098824064,30.698561,1786372936616506889,,0,0,0,0,0,0,0,0,0,0,0,0,0,0,0,0,0,0,0
21479118881184,30.718618,1786372936636511202,,0,0,0,0,0,0,0,0,0,0,0,0,0,0,0,0,0,0,0
21479138813440,30.73855,1786372936656503548,,0,0,0,0,0,0,0,0,0,0,0,0,0,0,0,0,0,0,0
21479158733600,30.75847,1786372936676510615,,0,0,0,0,0,0,0,0,0,0,0,0,0,0,0,0,0,0,0
21479178864128,30.778601,1786372936696531707,,0,0,0,0,0,0,0,0,0,0,0,0,0,0,0,0,0,0,0
21479198881728,30.798618,1786372936716527300,,0,0,0,0,0,0,0,0,0,0,0,0,0,0,0,0,0,0,0
21479218888928,30.818626,1786372936736524663,,0,0,0,0,0,0,0,0,0,0,0,0,0,0,0,0,0,0,0
21479238831616,30.838568,1786372936756506476,,0,0,0,0,0,0,0,0,0,0,0,0,0,0,0,0,0,0,0
21479258716608,30.858453,1786372936776511416,,0,0,0,0,0,0,0,0,0,0,0,0,0,0,0,0,0,0,0
21479278827296,30.878564,1786372936796503744,,0,0,0,0,0,0,0,0,0,0,0,0,0,0,0,0,0,0,0
21479298817088,30.898554,1786372936816510345,,0,0,0,0,0,0,0,0,0,0,0,0,0,0,0,0,0,0,0
21479318836416,30.918573,1786372936836531944,,0,0,0,0,0,0,0,0,0,0,0,0,0,0,0,0,0,0,0
21479338863648,30.9386,1786372936856528039,,0,0,0,0,0,0,0,0,0,0,0,0,0,0,0,0,0,0,0
21479358742336,30.958479,1786372936876523820,,0,0,0,0,0,0,0,0,0,0,0,0,0,0,0,0,0,0,0
21479378877888,30.978614,1786372936896507213,,0,0,0,0,0,0,0,0,0,0,0,0,0,0,0,0,0,0,0
21479398826048,30.998563,1786372936916510858,,0,0,0,0,0,0,0,0,0,0,0,0,0,0,0,0,0,0,0
21479418810240,31.018547,1786372936936505068,,0,0,0,0,0,0,0,0,0,0,0,0,0,0,0,0,0,0,0
21479438838560,31.038575,1786372936956512334,,0,0,0,0,0,0,0,0,0,0,0,0,0,0,0,0,0,0,0
21479458734656,31.058471,1786372936976532104,,0,0,0,0,0,0,0,0,0,0,0,0,0,0,0,0,0,0,0
21479478757280,31.078494,1786372936996464151,,0,0,0,0,0,0,0,0,0,0,0,0,0,0,0,0,0,0,0
21479498816896,31.098553,1786372937016525324,,0,0,0,0,0,0,0,0,0,0,0,0,0,0,0,0,0,0,0
21479518813600,31.11855,1786372937036506969,,0,0,0,0,0,0,0,0,0,0,0,0,0,0,0,0,0,0,0
21479538869280,31.138606,1786372937056511589,,0,0,0,0,0,0,0,0,0,0,0,0,0,0,0,0,0,0,0
21479558855488,31.158592,1786372937076519376,,0,0,0,0,0,0,0,0,0,0,0,0,0,0,0,0,0,0,0
21479578853632,31.17859,1786372937096514954,,0,0,0,0,0,0,0,0,0,0,0,0,0,0,0,0,0,0,0
21479598820352,31.198557,1786372937116531312,,0,0,0,0,0,0,0,0,0,0,0,0,0,0,0,0,0,0,0
21479618818752,31.218555,1786372937136526755,,0,0,0,0,0,0,0,0,0,0,0,0,0,0,0,0,0,0,0
21479638858016,31.238595,1786372937156523808,,0,0,0,0,0,0,0,0,0,0,0,0,0,0,0,0,0,0,0
21479658711904,31.258448,1786372937176507028,,0,0,0,0,0,0,0,0,0,0,0,0,0,0,0,0,0,0,0
21479678799296,31.278536,1786372937196511727,,0,0,0,0,0,0,0,0,0,0,0,0,0,0,0,0,0,0,0
21479698799328,31.298536,1786372937216504630,,0,0,0,0,0,0,0,0,0,0,0,0,0,0,0,0,0,0,0
21479718819808,31.318556,1786372937236511134,,0,0,0,0,0,0,0,0,0,0,0,0,0,0,0,0,0,0,0
21479738839680,31.338576,1786372937256532182,,0,0,0,0,0,0,0,0,0,0,0,0,0,0,0,0,0,0,0
21479758754176,31.358491,1786372937276526515,,0,0,0,0,0,0,0,0,0,0,0,0,0,0,0,0,0,0,0
21479778812384,31.378549,1786372937296523781,,0,0,0,0,0,0,0,0,0,0,0,0,0,0,0,0,0,0,0
21479798791488,31.398528,1786372937316506825,,0,0,0,0,0,0,0,0,0,0,0,0,0,0,0,0,0,0,0
21479818778784,31.418515,1786372937336511183,,0,0,0,0,0,0,0,0,0,0,0,0,0,0,0,0,0,0,0
21479838807840,31.438544,1786372937356505667,,0,0,0,0,0,0,0,0,0,0,0,0,0,0,0,0,0,0,0
21479858677792,31.458414,1786372937376511069,,0,0,0,0,0,0,0,0,0,0,0,0,0,0,0,0,0,0,0
21479878812192,31.478549,1786372937396532636,,0,0,0,0,0,0,0,0,0,0,0,0,0,0,0,0,0,0,0
21479898789312,31.498526,1786372937416526506,,0,0,0,0,0,0,0,0,0,0,0,0,0,0,0,0,0,0,0
21479918781504,31.518518,1786372937436524340,,0,0,0,0,0,0,0,0,0,0,0,0,0,0,0,0,0,0,0
21479938791104,31.538528,1786372937456506872,,0,0,0,0,0,0,0,0,0,0,0,0,0,0,0,0,0,0,0
21479958669216,31.558406,1786372937476525054,,0,0,0,0,0,0,0,0,0,0,0,0,0,0,0,0,0,0,0
21479978781856,31.578518,1786372937496505246,,0,0,0,0,0,0,0,0,0,0,0,0,0,0,0,0,0,0,0
21479998783296,31.59852,1786372937516511271,,0,0,0,0,0,0,0,0,0,0,0,0,0,0,0,0,0,0,0
21480018827424,31.618564,1786372937536533009,,0,0,0,0,0,0,0,0,0,0,0,0,0,0,0,0,0,0,0
21480038838912,31.638575,1786372937556528811,,0,0,0,0,0,0,0,0,0,0,0,0,0,0,0,0,0,0,0
21480058766624,31.658503,1786372937576542395,,0,0,0,0,0,0,0,0,0,0,0,0,0,0,0,0,0,0,0
21480078788832,31.678525,1786372937596510536,,0,0,0,0,0,0,0,0,0,0,0,0,0,0,0,0,0,0,0
21480098780864,31.698517,1786372937616510303,,0,0,0,0,0,0,0,0,0,0,0,0,0,0,0,0,0,0,0
21480118663136,31.7184,1786372937636504510,,0,0,0,0,0,0,0,0,0,0,0,0,0,0,0,0,0,0,0
21480138791136,31.738528,1786372937656511316,,0,0,0,0,0,0,0,0,0,0,0,0,0,0,0,0,0,0,0
21480158840160,31.758577,1786372937676531303,,0,0,0,0,0,0,0,0,0,0,0,0,0,0,0,0,0,0,0
21480178806592,31.778543,1786372937696527037,,0,0,0,0,0,0,0,0,0,0,0,0,0,0,0,0,0,0,0
21480198785984,31.798523,1786372937716522440,,0,0,0,0,0,0,0,0,0,0,0,0,0,0,0,0,0,0,0
21480218761984,31.818499,1786372937736506614,,0,0,0,0,0,0,0,0,0,0,0,0,0,0,0,0,0,0,0
21480238778240,31.838515,1786372937756510775,,0,0,0,0,0,0,0,0,0,0,0,0,0,0,0,0,0,0,0
21480258662112,31.858399,1786372937776503790,,0,0,0,0,0,0,0,0,0,0,0,0,0,0,0,0,0,0,0
21480278750720,31.878487,1786372937796509941,,0,0,0,0,0,0,0,0,0,0,0,0,0,0,0,0,0,0,0
21480298789408,31.898526,1786372937816533636,,0,0,0,0,0,0,0,0,0,0,0,0,0,0,0,0,0,0,0
21480318825056,31.918562,1786372937836526786,,0,0,0,0,0,0,0,0,0,0,0,0,0,0,0,0,0,0,0
21480338789248,31.938526,1786372937856524065,,0,0,0,0,0,0,0,0,0,0,0,0,0,0,0,0,0,0,0
21480358716320,31.958453,1786372937876507290,,0,0,0,0,0,0,0,0,0,0,0,0,0,0,0,0,0,0,0
21480378743616,31.97848,1786372937896511096,,0,0,0,0,0,0,0,0,0,0,0,0,0,0,0,0,0,0,0
21480398752480,31.998489,1786372937916505440,,0,0,0,0,0,0,0,0,0,0,0,0,0,0,0,0,0,0,0
21480418777280,32.018514,1786372937936511091,,0,0,0,0,0,0,0,0,0,0,0,0,0,0,0,0,0,0,0
21480438776256,32.038513,1786372937956530806,,0,0,0,0,0,0,0,0,0,0,0,0,0,0,0,0,0,0,0
21480458873824,32.05861,1786372937976526785,,0,0,0,0,0,0,0,0,0,0,0,0,0,0,0,0,0,0,0
21480478758080,32.078495,1786372937996522877,,0,0,0,0,0,0,0,0,0,0,0,0,0,0,0,0,0,0,0
21480498796320,32.098533,1786372938016507413,,0,0,0,0,0,0,0,0,0,0,0,0,0,0,0,0,0,0,0
21480518766592,32.118503,1786372938036511500,,0,0,0,0,0,0,0,0,0,0,0,0,0,0,0,0,0,0,0
21480538620512,32.138357,1786372938056503943,,0,0,0,0,0,0,0,0,0,0,0,0,0,0,0,0,0,0,0
21480558716928,32.158454,1786372938076511757,,0,0,0,0,0,0,0,0,0,0,0,0,0,0,0,0,0,0,0
21480578772928,32.17851,1786372938096533970,,0,0,0,0,0,0,0,0,0,0,0,0,0,0,0,0,0,0,0
21480598748480,32.198485,1786372938116527570,,0,0,0,0,0,0,0,0,0,0,0,0,0,0,0,0,0,0,0
21480618783648,32.21852,1786372938136524324,,0,0,0,0,0,0,0,0,0,0,0,0,0,0,0,0,0,0,0
21480638785088,32.238522,1786372938156505638,,0,0,0,0,0,0,0,0,0,0,0,0,0,0,0,0,0,0,0
21480658713920,32.25845,1786372938176511670,,0,0,0,0,0,0,0,0,0,0,0,0,0,0,0,0,0,0,0
21480678732960,32.27847,1786372938196504854,,0,0,0,0,0,0,0,0,0,0,0,0,0,0,0,0,0,0,0
21480698765600,32.298502,1786372938216511332,,0,0,0,0,0,0,0,0,0,0,0,0,0,0,0,0,0,0,0
21480718782112,32.318519,1786372938236531210,,0,0,0,0,0,0,0,0,0,0,0,0,0,0,0,0,0,0,0
21480738797056,32.338534,1786372938256527621,,0,0,0,0,0,0,0,0,0,0,0,0,0,0,0,0,0,0,0
21480758707712,32.358444,1786372938276522529,,0,0,0,0,0,0,0,0,0,0,0,0,0,0,0,0,0,0,0
21480778757152,32.378494,1786372938296507199,,0,0,0,0,0,0,0,0,0,0,0,0,0,0,0,0,0,0,0
21480798736576,32.398473,1786372938316511478,,0,0,0,0,0,0,0,0,0,0,0,0,0,0,0,0,0,0,0
21480818763040,32.4185,1786372938336504398,,0,0,0,0,0,0,0,0,0,0,0,0,0,0,0,0,0,0,0
21480838742400,32.438479,1786372938356510204,,0,0,0,0,0,0,0,0,0,0,0,0,0,0,0,0,0,0,0
21480858652064,32.458389,1786372938376532436,,0,0,0,0,0,0,0,0,0,0,0,0,0,0,0,0,0,0,0
21480878745408,32.478482,1786372938396528201,,0,0,0,0,0,0,0,0,0,0,0,0,0,0,0,0,0,0,0
21480898795136,32.498532,1786372938416524696,,0,0,0,0,0,0,0,0,0,0,0,0,0,0,0,0,0,0,0
21480918729856,32.518466,1786372938436507518,,0,0,0,0,0,0,0,0,0,0,0,0,0,0,0,0,0,0,0
21480938611456,32.538348,1786372938456511775,,0,0,0,0,0,0,0,0,0,0,0,0,0,0,0,0,0,0,0
21480958751392,32.558488,1786372938476503667,,0,0,0,0,0,0,0,0,0,0,0,0,0,0,0,0,0,0,0
21480978786272,32.578523,1786372938496510224,,0,0,0,0,0,0,0,0,0,0,0,0,0,0,0,0,0,0,0
21480998792896,32.598529,1786372938516532252,,0,0,0,0,0,0,0,0,0,0,0,0,0,0,0,0,0,0,0
21481018793024,32.61853,1786372938536527916,,0,0,0,0,0,0,0,0,0,0,0,0,0,0,0,0,0,0,0
21481038757952,32.638495,1786372938556523928,,0,0,0,0,0,0,0,0,0,0,0,0,0,0,0,0,0,0,0
21481058707168,32.658444,1786372938576506761,,0,0,0,0,0,0,0,0,0,0,0,0,0,0,0,0,0,0,0
21481078757248,32.678494,1786372938596513242,,0,0,0,0,0,0,0,0,0,0,0,0,0,0,0,0,0,0,0
21481098770656,32.698507,1786372938616504272,,0,0,0,0,0,0,0,0,0,0,0,0,0,0,0,0,0,0,0
21481118743040,32.71848,1786372938636511873,,0,0,0,0,0,0,0,0,0,0,0,0,0,0,0,0,0,0,0
21481138739200,32.738476,1786372938656535834,,0,0,0,0,0,0,0,0,0,0,0,0,0,0,0,0,0,0,0
21481158722272,32.758459,1786372938676526522,,0,0,0,0,0,0,0,0,0,0,0,0,0,0,0,0,0,0,0
21481178573056,32.77831,1786372938696523919,,0,0,0,0,0,0,0,0,0,0,0,0,0,0,0,0,0,0,0
21481198647040,32.798384,1786372938716506751,,0,0,0,0,0,0,0,0,0,0,0,0,0,0,0,0,0,0,0
21481218565728,32.818302,1786372938736511246,,0,0,0,0,0,0,0,0,0,0,0,0,0,0,0,0,0,0,0
21481238559264,32.838296,1786372938756503645,,0,0,0,0,0,0,0,0,0,0,0,0,0,0,0,0,0,0,0
21481258618048,32.858355,1786372938776510591,,0,0,0,0,0,0,0,0,0,0,0,0,0,0,0,0,0,0,0
21481278735744,32.878472,1786372938796530443,,0,0,0,0,0,0,0,0,0,0,0,0,0,0,0,0,0,0,0
21481298788640,32.898525,1786372938816525865,,0,0,0,0,0,0,0,0,0,0,0,0,0,0,0,0,0,0,0
21481318750368,32.918487,1786372938836524073,,0,0,0,0,0,0,0,0,0,0,0,0,0,0,0,0,0,0,0
21481338566304,32.938303,1786372938856506581,,0,0,0,0,0,0,0,0,0,0,0,0,0,0,0,0,0,0,0
21481358693600,32.95843,1786372938876511552,,0,0,0,0,0,0,0,0,0,0,0,0,0,0,0,0,0,0,0
21481378565280,32.978302,1786372938896503584,,0,0,0,0,0,0,0,0,0,0,0,0,0,0,0,0,0,0,0
21481398556768,32.998293,1786372938916511359,,0,0,0,0,0,0,0,0,0,0,0,0,0,0,0,0,0,0,0
21481418758048,33.018495,1786372938936530594,,0,0,0,0,0,0,0,0,0,0,0,0,0,0,0,0,0,0,0
21481438566304,33.038303,1786372938956526988,,0,0,0,0,0,0,0,0,0,0,0,0,0,0,0,0,0,0,0
21481458627296,33.058364,1786372938976523356,,0,0,0,0,0,0,0,0,0,0,0,0,0,0,0,0,0,0,0
21481478576288,33.078313,1786372938996505711,,0,0,0,0,0,0,0,0,0,0,0,0,0,0,0,0,0,0,0
21481498560736,33.098297,1786372939016511712,,0,0,0,0,0,0,0,0,0,0,0,0,0,0,0,0,0,0,0
21481518577312,33.118314,1786372939036505858,,0,0,0,0,0,0,0,0,0,0,0,0,0,0,0,0,0,0,0
21481538561024,33.138298,1786372939056510508,,0,0,0,0,0,0,0,0,0,0,0,0,0,0,0,0,0,0,0
21481558729536,33.158466,1786372939076532333,,0,0,0,0,0,0,0,0,0,0,0,0,0,0,0,0,0,0,0
21481578575488,33.178312,1786372939096530084,,0,0,0,0,0,0,0,0,0,0,0,0,0,0,0,0,0,0,0
21481598616256,33.198353,1786372939116523671,,0,0,0,0,0,0,0,0,0,0,0,0,0,0,0,0,0,0,0
21481618545824,33.218282,1786372939136507008,,0,0,0,0,0,0,0,0,0,0,0,0,0,0,0,0,0,0,0
21481638526432,33.238263,1786372939156510770,,0,0,0,0,0,0,0,0,0,0,0,0,0,0,0,0,0,0,0
21481658630240,33.258367,1786372939176504345,,0,0,0,0,0,0,0,0,0,0,0,0,0,0,0,0,0,0,0
21481678652896,33.278389,1786372939196510573,,0,0,0,0,0,0,0,0,0,0,0,0,0,0,0,0,0,0,0
21481698556768,33.298293,1786372939216531759,,0,0,0,0,0,0,0,0,0,0,0,0,0,0,0,0,0,0,0
21481718545120,33.318282,1786372939236528796,,0,0,0,0,0,0,0,0,0,0,0,0,0,0,0,0,0,0,0
21481738575488,33.338312,1786372939256538381,,0,0,0,0,0,0,0,0,0,0,0,0,0,0,0,0,0,0,0
21481758701536,33.358438,1786372939276507489,,0,0,0,0,0,0,0,0,0,0,0,0,0,0,0,0,0,0,0
21481778698528,33.378435,1786372939296511092,,0,0,0,0,0,0,0,0,0,0,0,0,0,0,0,0,0,0,0
21481798532320,33.398269,1786372939316504090,,0,0,0,0,0,0,0,0,0,0,0,0,0,0,0,0,0,0,0
21481818613024,33.41835,1786372939336511741,,0,0,0,0,0,0,0,0,0,0,0,0,0,0,0,0,0,0,0
21481838722752,33.438459,1786372939356533020,,0,0,0,0,0,0,0,0,0,0,0,0,0,0,0,0,0,0,0
21481858623936,33.458361,1786372939376526969,,0,0,0,0,0,0,0,0,0,0,0,0,0,0,0,0,0,0,0
21481878540736,33.478277,1786372939396524792,,0,0,0,0,0,0,0,0,0,0,0,0,0,0,0,0,0,0,0
21481898571200,33.498308,1786372939416506325,,0,0,0,0,0,0,0,0,0,0,0,0,0,0,0,0,0,0,0
21481918547328,33.518284,1786372939436511795,,0,0,0,0,0,0,0,0,0,0,0,0,0,0,0,0,0,0,0
21481938579552,33.538316,1786372939456504512,,0,0,0,0,0,0,0,0,0,0,0,0,0,0,0,0,0,0,0
21481958729472,33.558466,1786372939476511101,,0,0,0,0,0,0,0,0,0,0,0,0,0,0,0,0,0,0,0
21481978587040,33.578324,1786372939496531025,,0,0,0,0,0,0,0,0,0,0,0,0,0,0,0,0,0,0,0
21481998524768,33.598261,1786372939516527635,,0,0,0,0,0,0,0,0,0,0,0,0,0,0,0,0,0,0,0
21482018549792,33.618286,1786372939536523637,,0,0,0,0,0,0,0,0,0,0,0,0,0,0,0,0,0,0,0
21482038544512,33.638281,1786372939556507605,,0,0,0,0,0,0,0,0,0,0,0,0,0,0,0,0,0,0,0
21482058599616,33.658336,1786372939576511025,,0,0,0,0,0,0,0,0,0,0,0,0,0,0,0,0,0,0,0
21482078540928,33.678278,1786372939596507449,,0,0,0,0,0,0,0,0,0,0,0,0,0,0,0,0,0,0,0
21482098623168,33.69836,1786372939616512191,,0,0,0,0,0,0,0,0,0,0,0,0,0,0,0,0,0,0,0
21482118532256,33.718269,1786372939636532871,,0,0,0,0,0,0,0,0,0,0,0,0,0,0,0,0,0,0,0
21482138723520,33.73846,1786372939656527720,,0,0,0,0,0,0,0,0,0,0,0,0,0,0,0,0,0,0,0
21482158678496,33.758415,1786372939676524522,,0,0,0,0,0,0,0,0,0,0,0,0,0,0,0,0,0,0,0
21482178592992,33.77833,1786372939696508047,,0,0,0,0,0,0,0,0,0,0,0,0,0,0,0,0,0,0,0
21482198552928,33.79829,1786372939716511248,,0,0,0,0,0,0,0,0,0,0,0,0,0,0,0,0,0,0,0
21482218685632,33.818422,1786372939736503894,,0,0,0,0,0,0,0,0,0,0,0,0,0,0,0,0,0,0,0
21482238529088,33.838266,1786372939756511058,,0,0,0,0,0,0,0,0,0,0,0,0,0,0,0,0,0,0,0
21482258690432,33.858427,1786372939776531153,,0,0,0,0,0,0,0,0,0,0,0,0,0,0,0,0,0,0,0
21482278596096,33.878333,1786372939796527449,,0,0,0,0,0,0,0,0,0,0,0,0,0,0,0,0,0,0,0
21482298549504,33.898286,1786372939816527361,,0,0,0,0,0,0,0,0,0,0,0,0,0,0,0,0,0,0,0
21482318534624,33.918271,1786372939836506407,,0,0,0,0,0,0,0,0,0,0,0,0,0,0,0,0,0,0,0
21482338524896,33.938261,1786372939856511310,,0,0,0,0,0,0,0,0,0,0,0,0,0,0,0,0,0,0,0
21482358669408,33.958406,1786372939876504178,,0,0,0,0,0,0,0,0,0,0,0,0,0,0,0,0,0,0,0
21482378531264,33.978268,1786372939896509896,,0,0,0,0,0,0,0,0,0,0,0,0,0,0,0,0,0,0,0
21482398541472,33.998278,1786372939916546252,,0,0,0,0,0,0,0,0,0,0,0,0,0,0,0,0,0,0,0
21482418529536,34.018266,1786372939936526052,,0,0,0,0,0,0,0,0,0,0,0,0,0,0,0,0,0,0,0
21482438530688,34.038267,1786372939956523041,,0,0,0,0,0,0,0,0,0,0,0,0,0,0,0,0,0,0,0
21482458567808,34.058304,1786372939976506384,,0,0,0,0,0,0,0,0,0,0,0,0,0,0,0,0,0,0,0
21482478533472,34.07827,1786372939996510791,,0,0,0,0,0,0,0,0,0,0,0,0,0,0,0,0,0,0,0
21482498548512,34.098285,1786372940016504648,,0,0,0,0,0,0,0,0,0,0,0,0,0,0,0,0,0,0,0
21482518542688,34.118279,1786372940036510455,,0,0,0,0,0,0,0,0,0,0,0,0,0,0,0,0,0,0,0
21482538545152,34.138282,1786372940056532020,,0,0,0,0,0,0,0,0,0,0,0,0,0,0,0,0,0,0,0
21482558664928,34.158402,1786372940076526756,,0,0,0,0,0,0,0,0,0,0,0,0,0,0,0,0,0,0,0
21482578537536,34.178274,1786372940096526544,,0,0,0,0,0,0,0,0,0,0,0,0,0,0,0,0,0,0,0
21482598543712,34.19828,1786372940116505396,,0,0,0,0,0,0,0,0,0,0,0,0,0,0,0,0,0,0,0
21482618545312,34.218282,1786372940136511494,,0,0,0,0,0,0,0,0,0,0,0,0,0,0,0,0,0,0,0
21482638546464,34.238283,1786372940156504706,,0,0,0,0,0,0,0,0,0,0,0,0,0,0,0,0,0,0,0
21482658621760,34.258358,1786372940176510830,,0,0,0,0,0,0,0,0,0,0,0,0,0,0,0,0,0,0,0
21482678536640,34.278273,1786372940196531083,,0,0,0,0,0,0,0,0,0,0,0,0,0,0,0,0,0,0,0
21482698575584,34.298312,1786372940216526023,,0,0,0,0,0,0,0,0,0,0,0,0,0,0,0,0,0,0,0
21482718508256,34.318245,1786372940236523792,,0,0,0,0,0,0,0,0,0,0,0,0,0,0,0,0,0,0,0
21482738657760,34.338394,1786372940256507109,,0,0,0,0,0,0,0,0,0,0,0,0,0,0,0,0,0,0,0
21482758663200,34.3584,1786372940276511445,,0,0,0,0,0,0,0,0,0,0,0,0,0,0,0,0,0,0,0
21482778930752,34.378667,1786372940296503365,,0,0,0,0,0,0,0,0,0,0,0,0,0,0,0,0,0,0,0
21482798532672,34.398269,1786372940316512200,,0,0,0,0,0,0,0,0,0,0,0,0,0,0,0,0,0,0,0
21482818515264,34.418252,1786372940336531665,,0,0,0,0,0,0,0,0,0,0,0,0,0,0,0,0,0,0,0
21482838550656,34.438287,1786372940356527265,,0,0,0,0,0,0,0,0,0,0,0,0,0,0,0,0,0,0,0
21482858594880,34.458331,1786372940376524245,,0,0,0,0,0,0,0,0,0,0,0,0,0,0,0,0,0,0,0
21482878547712,34.478284,1786372940396507185,,0,0,0,0,0,0,0,0,0,0,0,0,0,0,0,0,0,0,0
21482898544800,34.498281,1786372940416511262,,0,0,0,0,0,0,0,0,0,0,0,0,0,0,0,0,0,0,0
21482918557504,34.518294,1786372940436505288,,0,0,0,0,0,0,0,0,0,0,0,0,0,0,0,0,0,0,0
21482938650496,34.538387,1786372940456511428,,0,0,0,0,0,0,0,0,0,0,0,0,0,0,0,0,0,0,0
21482958535168,34.558272,1786372940476531769,,0,0,0,0,0,0,0,0,0,0,0,0,0,0,0,0,0,0,0
21482978560160,34.578297,1786372940496527334,,0,0,0,0,0,0,0,0,0,0,0,0,0,0,0,0,0,0,0
21482998542848,34.598279,1786372940516523823,,0,0,0,0,0,0,0,0,0,0,0,0,0,0,0,0,0,0,0
21483018538464,34.618275,1786372940536507598,,0,0,0,0,0,0,0,0,0,0,0,0,0,0,0,0,0,0,0
21483038551360,34.638288,1786372940556511083,,0,0,0,0,0,0,0,0,0,0,0,0,0,0,0,0,0,0,0
21483058524224,34.658261,1786372940576504304,,0,0,0,0,0,0,0,0,0,0,0,0,0,0,0,0,0,0,0
21483078526592,34.678263,1786372940596513962,,0,0,0,0,0,0,0,0,0,0,0,0,0,0,0,0,0,0,0
21483098544160,34.698281,1786372940616531348,,0,0,0,0,0,0,0,0,0,0,0,0,0,0,0,0,0,0,0
21483118537824,34.718274,1786372940636528499,,0,0,0,0,0,0,0,0,0,0,0,0,0,0,0,0,0,0,0
21483138522016,34.738259,1786372940656523164,,0,0,0,0,0,0,0,0,0,0,0,0,0,0,0,0,0,0,0
21483158653152,34.75839,1786372940676505899,,0,0,0,0,0,0,0,0,0,0,0,0,0,0,0,0,0,0,0
21483178530336,34.778267,1786372940696510931,,0,0,0,0,0,0,0,0,0,0,0,0,0,0,0,0,0,0,0
21483198635488,34.798372,1786372940716504467,,0,0,0,0,0,0,0,0,0,0,0,0,0,0,0,0,0,0,0
21483218656384,34.818393,1786372940736511799,,0,0,0,0,0,0,0,0,0,0,0,0,0,0,0,0,0,0,0
21483238567744,34.838304,1786372940756532128,,0,0,0,0,0,0,0,0,0,0,0,0,0,0,0,0,0,0,0
21483258554560,34.858291,1786372940776527291,,0,0,0,0,0,0,0,0,0,0,0,0,0,0,0,0,0,0,0
21483278531040,34.878268,1786372940796523713,,0,0,0,0,0,0,0,0,0,0,0,0,0,0,0,0,0,0,0
21483298580576,34.898317,1786372940816507587,,0,0,0,0,0,0,0,0,0,0,0,0,0,0,0,0,0,0,0
21483318541056,34.918278,1786372940836511094,,0,0,0,0,0,0,0,0,0,0,0,0,0,0,0,0,0,0,0
21483338595648,34.938332,1786372940856504924,,0,0,0,0,0,0,0,0,0,0,0,0,0,0,0,0,0,0,0
21483358609984,34.958347,1786372940876510618,,0,0,0,0,0,0,0,0,0,0,0,0,0,0,0,0,0,0,0
21483378536928,34.978274,1786372940896530105,,0,0,0,0,0,0,0,0,0,0,0,0,0,0,0,0,0,0,0
21483398530208,34.998267,1786372940916527582,,0,0,0,0,0,0,0,0,0,0,0,0,0,0,0,0,0,0,0
21483418565536,35.018302,1786372940936523627,,0,0,0,0,0,0,0,0,0,0,0,0,0,0,0,0,0,0,0
21483438533952,35.038271,1786372940956506592,,0,0,0,0,0,0,0,0,0,0,0,0,0,0,0,0,0,0,0
21483458578432,35.058315,1786372940976511363,,0,0,0,0,0,0,0,0,0,0,0,0,0,0,0,0,0,0,0
21483478554080,35.078291,1786372940996504047,,0,0,0,0,0,0,0,0,0,0,0,0,0,0,0,0,0,0,0
21483498529440,35.098266,1786372941016511345,,0,0,0,0,0,0,0,0,0,0,0,0,0,0,0,0,0,0,0
21483518516192,35.118253,1786372941036533100,,0,0,0,0,0,0,0,0,0,0,0,0,0,0,0,0,0,0,0
21483538557504,35.138294,1786372941056527529,,0,0,0,0,0,0,0,0,0,0,0,0,0,0,0,0,0,0,0
21483558634912,35.158371,1786372941076524830,,0,0,0,0,0,0,0,0,0,0,0,0,0,0,0,0,0,0,0
21483578609088,35.178346,1786372941096509332,,0,0,0,0,0,0,0,0,0,0,0,0,0,0,0,0,0,0,0
21483598535200,35.198272,1786372941116512390,,0,0,0,0,0,0,0,0,0,0,0,0,0,0,0,0,0,0,0
21483618518912,35.218255,1786372941136504943,,0,0,0,0,0,0,0,0,0,0,0,0,0,0,0,0,0,0,0
21483638574432,35.238311,1786372941156511465,,0,0,0,0,0,0,0,0,0,0,0,0,0,0,0,0,0,0,0
21483658562432,35.258299,1786372941176531487,,0,0,0,0,0,0,0,0,0,0,0,0,0,0,0,0,0,0,0
21483678516512,35.278253,1786372941196528130,,0,0,0,0,0,0,0,0,0,0,0,0,0,0,0,0,0,0,0
21483698537792,35.298274,1786372941216524134,,0,0,0,0,0,0,0,0,0,0,0,0,0,0,0,0,0,0,0
21483718524000,35.318261,1786372941236506621,,0,0,0,0,0,0,0,0,0,0,0,0,0,0,0,0,0,0,0
21483738576416,35.338313,1786372941256512036,,0,0,0,0,0,0,0,0,0,0,0,0,0,0,0,0,0,0,0
21483758630368,35.358367,1786372941276504167,,0,0,0,0,0,0,0,0,0,0,0,0,0,0,0,0,0,0,0
21483778526752,35.378263,1786372941296510493,,0,0,0,0,0,0,0,0,0,0,0,0,0,0,0,0,0,0,0
21483798569248,35.398306,1786372941316531864,,0,0,0,0,0,0,0,0,0,0,0,0,0,0,0,0,0,0,0
21483818528160,35.418265,1786372941336527579,,0,0,0,0,0,0,0,0,0,0,0,0,0,0,0,0,0,0,0
21483838580736,35.438317,1786372941356524259,,0,0,0,0,0,0,0,0,0,0,0,0,0,0,0,0,0,0,0
21483858499392,35.458236,1786372941376507591,,0,0,0,0,0,0,0,0,0,0,0,0,0,0,0,0,0,0,0
21483878543392,35.47828,1786372941396510942,,0,0,0,0,0,0,0,0,0,0,0,0,0,0,0,0,0,0,0
21483898571808,35.498308,1786372941416504230,,0,0,0,0,0,0,0,0,0,0,0,0,0,0,0,0,0,0,0
21483918554432,35.518291,1786372941436511324,,0,0,0,0,0,0,0,0,0,0,0,0,0,0,0,0,0,0,0
21483938541152,35.538278,1786372941456531592,,0,0,0,0,0,0,0,0,0,0,0,0,0,0,0,0,0,0,0
21483958566656,35.558303,1786372941476528091,,0,0,0,0,0,0,0,0,0,0,0,0,0,0,0,0,0,0,0
21483978528160,35.578265,1786372941496524527,,0,0,0,0,0,0,0,0,0,0,0,0,0,0,0,0,0,0,0
21483998602400,35.598339,1786372941516507143,,0,0,0,0,0,0,0,0,0,0,0,0,0,0,0,0,0,0,0
21484018599552,35.618336,1786372941536511879,,0,0,0,0,0,0,0,0,0,0,0,0,0,0,0,0,0,0,0
21484038553344,35.63829,1786372941556504247,,0,0,0,0,0,0,0,0,0,0,0,0,0,0,0,0,0,0,0
21484058489216,35.658226,1786372941576511247,,0,0,0,0,0,0,0,0,0,0,0,0,0,0,0,0,0,0,0
21484078532448,35.678269,1786372941596534024,,0,0,0,0,0,0,0,0,0,0,0,0,0,0,0,0,0,0,0
21484098590080,35.698327,1786372941616528573,,0,0,0,0,0,0,0,0,0,0,0,0,0,0,0,0,0,0,0
21484118562272,35.718299,1786372941636524226,,0,0,0,0,0,0,0,0,0,0,0,0,0,0,0,0,0,0,0
21484138564352,35.738301,1786372941656506700,,0,0,0,0,0,0,0,0,0,0,0,0,0,0,0,0,0,0,0
21484158647168,35.758384,1786372941676511663,,0,0,0,0,0,0,0,0,0,0,0,0,0,0,0,0,0,0,0
21484178632480,35.778369,1786372941696504511,,0,0,0,0,0,0,0,0,0,0,0,0,0,0,0,0,0,0,0
21484198609728,35.798346,1786372941716511170,,0,0,0,0,0,0,0,0,0,0,0,0,0,0,0,0,0,0,0
21484218616096,35.818353,1786372941736531727,,0,0,0,0,0,0,0,0,0,0,0,0,0,0,0,0,0,0,0
21484238608768,35.838345,1786372941756526330,,0,0,0,0,0,0,0,0,0,0,0,0,0,0,0,0,0,0,0
21484258526848,35.858263,1786372941776523630,,0,0,0,0,0,0,0,0,0,0,0,0,0,0,0,0,0,0,0
21484278563808,35.8783,1786372941796506744,,0,0,0,0,0,0,0,0,0,0,0,0,0,0,0,0,0,0,0
21484298555552,35.898292,1786372941816512711,,0,0,0,0,0,0,0,0,0,0,0,0,0,0,0,0,0,0,0
21484318566272,35.918303,1786372941836504630,,0,0,0,0,0,0,0,0,0,0,0,0,0,0,0,0,0,0,0
21484338546240,35.938283,1786372941856511361,,0,0,0,0,0,0,0,0,0,0,0,0,0,0,0,0,0,0,0
21484358711776,35.958448,1786372941876532148,,0,0,0,0,0,0,0,0,0,0,0,0,0,0,0,0,0,0,0
21484378517024,35.978254,1786372941896528000,,0,0,0,0,0,0,0,0,0,0,0,0,0,0,0,0,0,0,0
21484398596768,35.998333,1786372941916524035,,0,0,0,0,0,0,0,0,0,0,0,0,0,0,0,0,0,0,0
21484418530848,36.018267,1786372941936506325,,0,0,0,0,0,0,0,0,0,0,0,0,0,0,0,0,0,0,0
21484438603616,36.03834,1786372941956511043,,0,0,0,0,0,0,0,0,0,0,0,0,0,0,0,0,0,0,0
21484458453792,36.05819,1786372941976503899,,0,0,0,0,0,0,0,0,0,0,0,0,0,0,0,0,0,0,0
21484478622400,36.078359,1786372941996510961,,0,0,0,0,0,0,0,0,0,0,0,0,0,0,0,0,0,0,0
21484498563584,36.0983,1786372942016531647,,0,0,0,0,0,0,0,0,0,0,0,0,0,0,0,0,0,0,0
21484518614560,36.118351,1786372942036526649,,0,0,0,0,0,0,0,0,0,0,0,0,0,0,0,0,0,0,0
21484538641536,36.138378,1786372942056523749,,0,0,0,0,0,0,0,0,0,0,0,0,0,0,0,0,0,0,0
21484558625152,36.158362,1786372942076506611,,0,0,0,0,0,0,0,0,0,0,0,0,0,0,0,0,0,0,0
21484578600416,36.178337,1786372942096514234,,0,0,0,0,0,0,0,0,0,0,0,0,0,0,0,0,0,0,0
21484598620320,36.198357,1786372942116505112,,0,0,0,0,0,0,0,0,0,0,0,0,0,0,0,0,0,0,0
21484618653760,36.21839,1786372942136510385,,0,0,0,0,0,0,0,0,0,0,0,0,0,0,0,0,0,0,0
21484638633504,36.23837,1786372942156531481,,0,0,0,0,0,0,0,0,0,0,0,0,0,0,0,0,0,0,0
21484658476000,36.258213,1786372942176527233,,0,0,0,0,0,0,0,0,0,0,0,0,0,0,0,0,0,0,0
21484678616256,36.278353,1786372942196523975,,0,0,0,0,0,0,0,0,0,0,0,0,0,0,0,0,0,0,0
21484698608000,36.298345,1786372942216505604,,0,0,0,0,0,0,0,0,0,0,0,0,0,0,0,0,0,0,0
21484718595008,36.318332,1786372942236511075,,0,0,0,0,0,0,0,0,0,0,0,0,0,0,0,0,0,0,0
21484738641184,36.338378,1786372942256504553,,0,0,0,0,0,0,0,0,0,0,0,0,0,0,0,0,0,0,0
21484758599648,36.358336,1786372942276510748,,0,0,0,0,0,0,0,0,0,0,0,0,0,0,0,0,0,0,0
21484778661504,36.378398,1786372942296531345,,0,0,0,0,0,0,0,0,0,0,0,0,0,0,0,0,0,0,0
21484798607712,36.398344,1786372942316525970,,0,0,0,0,0,0,0,0,0,0,0,0,0,0,0,0,0,0,0
21484818627168,36.418364,1786372942336523332,,0,0,0,0,0,0,0,0,0,0,0,0,0,0,0,0,0,0,0
21484838640320,36.438377,1786372942356506868,,0,0,0,0,0,0,0,0,0,0,0,0,0,0,0,0,0,0,0
21484858470720,36.458207,1786372942376511863,,0,0,0,0,0,0,0,0,0,0,0,0,0,0,0,0,0,0,0
21484878580320,36.478317,1786372942396504745,,0,0,0,0,0,0,0,0,0,0,0,0,0,0,0,0,0,0,0
21484898606944,36.498344,1786372942416510805,,0,0,0,0,0,0,0,0,0,0,0,0,0,0,0,0,0,0,0
21484918622816,36.518359,1786372942436531374,,0,0,0,0,0,0,0,0,0,0,0,0,0,0,0,0,0,0,0
21484938653664,36.53839,1786372942456528768,,0,0,0,0,0,0,0,0,0,0,0,0,0,0,0,0,0,0,0
21484958623840,36.55836,1786372942476523543,,0,0,0,0,0,0,0,0,0,0,0,0,0,0,0,0,0,0,0
21484978574624,36.578311,1786372942496507419,,0,0,0,0,0,0,0,0,0,0,0,0,0,0,0,0,0,0,0
21484998577728,36.598314,1786372942516511571,,0,0,0,0,0,0,0,0,0,0,0,0,0,0,0,0,0,0,0
21485018608768,36.618345,1786372942536504371,,0,0,0,0,0,0,0,0,0,0,0,0,0,0,0,0,0,0,0
21485038605472,36.638342,1786372942556525338,,0,0,0,0,0,0,0,0,0,0,0,0,0,0,0,0,0,0,0
21485058471424,36.658208,1786372942576531433,,0,0,0,0,0,0,0,0,0,0,0,0,0,0,0,0,0,0,0
21485078577632,36.678314,1786372942596530489,,0,0,0,0,0,0,0,0,0,0,0,0,0,0,0,0,0,0,0
21485098651488,36.698388,1786372942616524427,,0,0,0,0,0,0,0,0,0,0,0,0,0,0,0,0,0,0,0
21485118568128,36.718305,1786372942636507976,,0,0,0,0,0,0,0,0,0,0,0,0,0,0,0,0,0,0,0
21485138601920,36.738338,1786372942656511240,,0,0,0,0,0,0,0,0,0,0,0,0,0,0,0,0,0,0,0
21485158572544,36.758309,1786372942676505461,,0,0,0,0,0,0,0,0,0,0,0,0,0,0,0,0,0,0,0
21485178623904,36.77836,1786372942696511518,,0,0,0,0,0,0,0,0,0,0,0,0,0,0,0,0,0,0,0
21485198579168,36.798316,1786372942716532544,,0,0,0,0,0,0,0,0,0,0,0,0,0,0,0,0,0,0,0
21485218555968,36.818293,1786372942736527625,,0,0,0,0,0,0,0,0,0,0,0,0,0,0,0,0,0,0,0
21485238667008,36.838404,1786372942756523322,,0,0,0,0,0,0,0,0,0,0,0,0,0,0,0,0,0,0,0
21485258487680,36.858224,1786372942776507104,,0,0,0,0,0,0,0,0,0,0,0,0,0,0,0,0,0,0,0
21485278585472,36.878322,1786372942796510697,,0,0,0,0,0,0,0,0,0,0,0,0,0,0,0,0,0,0,0
21485298581984,36.898319,1786372942816504671,,0,0,0,0,0,0,0,0,0,0,0,0,0,0,0,0,0,0,0
21485318714176,36.918451,1786372942836511272,,0,0,0,0,0,0,0,0,0,0,0,0,0,0,0,0,0,0,0
21485338614144,36.938351,1786372942856531995,,0,0,0,0,0,0,0,0,0,0,0,0,0,0,0,0,0,0,0
21485358602464,36.958339,1786372942876527476,,0,0,0,0,0,0,0,0,0,0,0,0,0,0,0,0,0,0,0
21485378590560,36.978327,1786372942896524078,,0,0,0,0,0,0,0,0,0,0,0,0,0,0,0,0,0,0,0
21485398538528,36.998275,1786372942916506772,,0,0,0,0,0,0,0,0,0,0,0,0,0,0,0,0,0,0,0
21485418575264,37.018312,1786372942936511186,,0,0,0,0,0,0,0,0,0,0,0,0,0,0,0,0,0,0,0
21485438556320,37.038293,1786372942956505143,,0,0,0,0,0,0,0,0,0,0,0,0,0,0,0,0,0,0,0
21485458498208,37.058235,1786372942976511127,,0,0,0,0,0,0,0,0,0,0,0,0,0,0,0,0,0,0,0
21485478578976,37.078316,1786372942996531909,,0,0,0,0,0,0,0,0,0,0,0,0,0,0,0,0,0,0,0
21485498615808,37.098352,1786372943016527966,,0,0,0,0,0,0,0,0,0,0,0,0,0,0,0,0,0,0,0
21485518584832,37.118321,1786372943036523056,,0,0,0,0,0,0,0,0,0,0,0,0,0,0,0,0,0,0,0
21485538588000,37.138325,1786372943056507128,,0,0,0,0,0,0,0,0,0,0,0,0,0,0,0,0,0,0,0
21485558561952,37.158299,1786372943076510761,,0,0,0,0,0,0,0,0,0,0,0,0,0,0,0,0,0,0,0
21485578557216,37.178294,1786372943096507019,,0,0,0,0,0,0,0,0,0,0,0,0,0,0,0,0,0,0,0
21485598602656,37.198339,1786372943116510668,,0,0,0,0,0,0,0,0,0,0,0,0,0,0,0,0,0,0,0
21485618591776,37.218328,1786372943136531437,,0,0,0,0,0,0,0,0,0,0,0,0,0,0,0,0,0,0,0
21485638578976,37.238316,1786372943156526715,,0,0,0,0,0,0,0,0,0,0,0,0,0,0,0,0,0,0,0
21485658516384,37.258253,1786372943176538544,,0,0,0,0,0,0,0,0,0,0,0,0,0,0,0,0,0,0,0
21485678544192,37.278281,1786372943196506330,,0,0,0,0,0,0,0,0,0,0,0,0,0,0,0,0,0,0,0
21485698718624,37.298455,1786372943216510038,,0,0,0,0,0,0,0,0,0,0,0,0,0,0,0,0,0,0,0
21485718547168,37.318284,1786372943236504121,,0,0,0,0,0,0,0,0,0,0,0,0,0,0,0,0,0,0,0
21485738537280,37.338274,1786372943256511049,,0,0,0,0,0,0,0,0,0,0,0,0,0,0,0,0,0,0,0
21485758565088,37.358302,1786372943276547129,,0,0,0,0,0,0,0,0,0,0,0,0,0,0,0,0,0,0,0
21485778535936,37.378273,1786372943296527893,,0,0,0,0,0,0,0,0,0,0,0,0,0,0,0,0,0,0,0
21485798556384,37.398293,1786372943316524237,,0,0,0,0,0,0,0,0,0,0,0,0,0,0,0,0,0,0,0
21485818557216,37.418294,1786372943336508065,,0,0,0,0,0,0,0,0,0,0,0,0,0,0,0,0,0,0,0
21485838535552,37.438272,1786372943356511160,,0,0,0,0,0,0,0,0,0,0,0,0,0,0,0,0,0,0,0
21485858443744,37.45818,1786372943376505126,,0,0,0,0,0,0,0,0,0,0,0,0,0,0,0,0,0,0,0
21485878550080,37.478287,1786372943396511441,,0,0,0,0,0,0,0,0,0,0,0,0,0,0,0,0,0,0,0
21485898559616,37.498296,1786372943416531434,,0,0,0,0,0,0,0,0,0,0,0,0,0,0,0,0,0,0,0
21485918556512,37.518293,1786372943436527951,,0,0,0,0,0,0,0,0,0,0,0,0,0,0,0,0,0,0,0
21485938537344,37.538274,1786372943456524614,,0,0,0,0,0,0,0,0,0,0,0,0,0,0,0,0,0,0,0
21485958520992,37.558258,1786372943476507330,,0,0,0,0,0,0,0,0,0,0,0,0,0,0,0,0,0,0,0
21485978506048,37.578243,1786372943496511545,,0,0,0,0,0,0,0,0,0,0,0,0,0,0,0,0,0,0,0
21485998789408,37.598526,1786372943516505173,,0,0,0,0,0,0,0,0,0,0,0,0,0,0,0,0,0,0,0
21486018527264,37.618264,1786372943536511189,,0,0,0,0,0,0,0,0,0,0,0,0,0,0,0,0,0,0,0
21486038566304,37.638303,1786372943556530186,,0,0,0,0,0,0,0,0,0,0,0,0,0,0,0,0,0,0,0
21486058395360,37.658132,1786372943576527084,,0,0,0,0,0,0,0,0,0,0,0,0,0,0,0,0,0,0,0
21486078521120,37.678258,1786372943596541142,,0,0,0,0,0,0,0,0,0,0,0,0,0,0,0,0,0,0,0
21486098502528,37.698239,1786372943616507587,,0,0,0,0,0,0,0,0,0,0,0,0,0,0,0,0,0,0,0
21486118573920,37.71831,1786372943636511605,,0,0,0,0,0,0,0,0,0,0,0,0,0,0,0,0,0,0,0
21486138515328,37.738252,1786372943656505009,,0,0,0,0,0,0,0,0,0,0,0,0,0,0,0,0,0,0,0
21486158514816,37.758251,1786372943676526795,,0,0,0,0,0,0,0,0,0,0,0,0,0,0,0,0,0,0,0
21486178525344,37.778262,1786372943696531438,,0,0,0,0,0,0,0,0,0,0,0,0,0,0,0,0,0,0,0
21486198536864,37.798273,1786372943716527288,,0,0,0,0,0,0,0,0,0,0,0,0,0,0,0,0,0,0,0
21486218534400,37.818271,1786372943736524022,,0,0,0,0,0,0,0,0,0,0,0,0,0,0,0,0,0,0,0
21486238556256,37.838293,1786372943756507378,,0,0,0,0,0,0,0,0,0,0,0,0,0,0,0,0,0,0,0
21486258383904,37.85812,1786372943776511576,,0,0,0,0,0,0,0,0,0,0,0,0,0,0,0,0,0,0,0
21486278531776,37.878268,1786372943796504062,,0,0,0,0,0,0,0,0,0,0,0,0,0,0,0,0,0,0,0
21486298506400,37.898243,1786372943816511442,,0,0,0,0,0,0,0,0,0,0,0,0,0,0,0,0,0,0,0
21486318553696,37.91829,1786372943836530974,,0,0,0,0,0,0,0,0,0,0,0,0,0,0,0,0,0,0,0
21486338530080,37.938267,1786372943856528301,,0,0,0,0,0,0,0,0,0,0,0,0,0,0,0,0,0,0,0
21486358550912,37.958287,1786372943876523210,,0,0,0,0,0,0,0,0,0,0,0,0,0,0,0,0,0,0,0
21486378513952,37.978251,1786372943896507508,,0,0,0,0,0,0,0,0,0,0,0,0,0,0,0,0,0,0,0
21486398535328,37.998272,1786372943916512206,,0,0,0,0,0,0,0,0,0,0,0,0,0,0,0,0,0,0,0
21486418499232,38.018236,1786372943936504599,,0,0,0,0,0,0,0,0,0,0,0,0,0,0,0,0,0,0,0
21486438563104,38.0383,1786372943956510814,,0,0,0,0,0,0,0,0,0,0,0,0,0,0,0,0,0,0,0
21486458515616,38.058252,1786372943976531211,,0,0,0,0,0,0,0,0,0,0,0,0,0,0,0,0,0,0,0
21486478682720,38.078419,1786372943996527507,,0,0,0,0,0,0,0,0,0,0,0,0,0,0,0,0,0,0,0
21486498509472,38.098246,1786372944016523932,,0,0,0,0,0,0,0,0,0,0,0,0,0,0,0,0,0,0,0
21486518491072,38.118228,1786372944036510799,,0,0,0,0,0,0,0,0,0,0,0,0,0,0,0,0,0,0,0
21486538494432,38.138231,1786372944056512087,,0,0,0,0,0,0,0,0,0,0,0,0,0,0,0,0,0,0,0
21486558479040,38.158216,1786372944076504676,,0,0,0,0,0,0,0,0,0,0,0,0,0,0,0,0,0,0,0
21486578502208,38.178239,1786372944096513979,,0,0,0,0,0,0,0,0,0,0,0,0,0,0,0,0,0,0,0
21486598524288,38.198261,1786372944116532972,,0,0,0,0,0,0,0,0,0,0,0,0,0,0,0,0,0,0,0
21486618489088,38.218226,1786372944136540872,,0,0,0,0,0,0,0,0,0,0,0,0,0,0,0,0,0,0,0
21486638513120,38.23825,1786372944156523857,,0,0,0,0,0,0,0,0,0,0,0,0,0,0,0,0,0,0,0
21486658359168,38.258096,1786372944176506480,,0,0,0,0,0,0,0,0,0,0,0,0,0,0,0,0,0,0,0
21486678520032,38.278257,1786372944196511569,,0,0,0,0,0,0,0,0,0,0,0,0,0,0,0,0,0,0,0
21486698498432,38.298235,1786372944216505115,,0,0,0,0,0,0,0,0,0,0,0,0,0,0,0,0,0,0,0
21486718476320,38.318213,1786372944236510235,,0,0,0,0,0,0,0,0,0,0,0,0,0,0,0,0,0,0,0
21486738519744,38.338256,1786372944256530790,,0,0,0,0,0,0,0,0,0,0,0,0,0,0,0,0,0,0,0
21486758482944,38.35822,1786372944276526735,,0,0,0,0,0,0,0,0,0,0,0,0,0,0,0,0,0,0,0
21486778537088,38.378274,1786372944296523646,,0,0,0,0,0,0,0,0,0,0,0,0,0,0,0,0,0,0,0
21486798340576,38.398077,1786372944316507659,,0,0,0,0,0,0,0,0,0,0,0,0,0,0,0,0,0,0,0
21486818487552,38.418224,1786372944336510416,,0,0,0,0,0,0,0,0,0,0,0,0,0,0,0,0,0,0,0
21486838481984,38.438219,1786372944356505251,,0,0,0,0,0,0,0,0,0,0,0,0,0,0,0,0,0,0,0
21486858365344,38.458102,1786372944376511629,,0,0,0,0,0,0,0,0,0,0,0,0,0,0,0,0,0,0,0
21486878513088,38.47825,1786372944396532267,,0,0,0,0,0,0,0,0,0,0,0,0,0,0,0,0,0,0,0
21486898497856,38.498234,1786372944416527591,,0,0,0,0,0,0,0,0,0,0,0,0,0,0,0,0,0,0,0
21486918479904,38.518216,1786372944436523882,,0,0,0,0,0,0,0,0,0,0,0,0,0,0,0,0,0,0,0
21486938490208,38.538227,1786372944456506513,,0,0,0,0,0,0,0,0,0,0,0,0,0,0,0,0,0,0,0
21486958462976,38.5582,1786372944476510386,,0,0,0,0,0,0,0,0,0,0,0,0,0,0,0,0,0,0,0
21486978528192,38.578265,1786372944496505305,,0,0,0,0,0,0,0,0,0,0,0,0,0,0,0,0,0,0,0
21486998581280,38.598318,1786372944516511420,,0,0,0,0,0,0,0,0,0,0,0,0,0,0,0,0,0,0,0
21487018499648,38.618236,1786372944536531554,,0,0,0,0,0,0,0,0,0,0,0,0,0,0,0,0,0,0,0
21487038509824,38.638246,1786372944556527884,,0,0,0,0,0,0,0,0,0,0,0,0,0,0,0,0,0,0,0
21487058420832,38.658157,1786372944576523608,,0,0,0,0,0,0,0,0,0,0,0,0,0,0,0,0,0,0,0
21487078502752,38.678239,1786372944596509312,,0,0,0,0,0,0,0,0,0,0,0,0,0,0,0,0,0,0,0
21487098477504,38.698214,1786372944616511297,,0,0,0,0,0,0,0,0,0,0,0,0,0,0,0,0,0,0,0
21487118426592,38.718163,1786372944636505018,,0,0,0,0,0,0,0,0,0,0,0,0,0,0,0,0,0,0,0
21487138475136,38.738212,1786372944656511458,,0,0,0,0,0,0,0,0,0,0,0,0,0,0,0,0,0,0,0
21487158516960,38.758254,1786372944676532386,,0,0,0,0,0,0,0,0,0,0,0,0,0,0,0,0,0,0,0
21487178508480,38.778245,1786372944696528612,,0,0,0,0,0,0,0,0,0,0,0,0,0,0,0,0,0,0,0
21487198488416,38.798225,1786372944716524605,,0,0,0,0,0,0,0,0,0,0,0,0,0,0,0,0,0,0,0
21487218466208,38.818203,1786372944736507228,,0,0,0,0,0,0,0,0,0,0,0,0,0,0,0,0,0,0,0
21487238458784,38.838195,1786372944756511150,,0,0,0,0,0,0,0,0,0,0,0,0,0,0,0,0,0,0,0
21487258324320,38.858061,1786372944776505036,,0,0,0,0,0,0,0,0,0,0,0,0,0,0,0,0,0,0,0
21487278489216,38.878226,1786372944796511491,,0,0,0,0,0,0,0,0,0,0,0,0,0,0,0,0,0,0,0
21487298529664,38.898266,1786372944816531438,,0,0,0,0,0,0,0,0,0,0,0,0,0,0,0,0,0,0,0
21487318475616,38.918212,1786372944836527262,,0,0,0,0,0,0,0,0,0,0,0,0,0,0,0,0,0,0,0
21487338484736,38.938221,1786372944856524402,,0,0,0,0,0,0,0,0,0,0,0,0,0,0,0,0,0,0,0
21487358436288,38.958173,1786372944876507001,,0,0,0,0,0,0,0,0,0,0,0,0,0,0,0,0,0,0,0
21487378528480,38.978265,1786372944896511329,,0,0,0,0,0,0,0,0,0,0,0,0,0,0,0,0,0,0,0
21487398457728,38.998194,1786372944916505148,,0,0,0,0,0,0,0,0,0,0,0,0,0,0,0,0,0,0,0
21487418432704,39.018169,1786372944936511186,,0,0,0,0,0,0,0,0,0,0,0,0,0,0,0,0,0,0,0
21487438453056,39.03819,1786372944956531529,,0,0,0,0,0,0,0,0,0,0,0,0,0,0,0,0,0,0,0
21487458348736,39.058085,1786372944976527292,,0,0,0,0,0,0,0,0,0,0,0,0,0,0,0,0,0,0,0
21487478473056,39.07821,1786372944996524465,,0,0,0,0,0,0,0,0,0,0,0,0,0,0,0,0,0,0,0
21487498465184,39.098202,1786372945016507173,,0,0,0,0,0,0,0,0,0,0,0,0,0,0,0,0,0,0,0
21487518451680,39.118188,1786372945036511391,,0,0,0,0,0,0,0,0,0,0,0,0,0,0,0,0,0,0,0
21487538631616,39.138368,1786372945056504677,,0,0,0,0,0,0,0,0,0,0,0,0,0,0,0,0,0,0,0
21487558451744,39.158188,1786372945076511361,,0,0,0,0,0,0,0,0,0,0,0,0,0,0,0,0,0,0,0
21487578503968,39.178241,1786372945096533490,,0,0,0,0,0,0,0,0,0,0,0,0,0,0,0,0,0,0,0
21487598482944,39.19822,1786372945116532679,,0,0,0,0,0,0,0,0,0,0,0,0,0,0,0,0,0,0,0
21487618447488,39.218184,1786372945136523329,,0,0,0,0,0,0,0,0,0,0,0,0,0,0,0,0,0,0,0
21487638442080,39.238179,1786372945156506400,,0,0,0,0,0,0,0,0,0,0,0,0,0,0,0,0,0,0,0
21487658311360,39.258048,1786372945176511462,,0,0,0,0,0,0,0,0,0,0,0,0,0,0,0,0,0,0,0
21487678457440,39.278194,1786372945196503929,,0,0,0,0,0,0,0,0,0,0,0,0,0,0,0,0,0,0,0
21487698427104,39.298164,1786372945216512212,,0,0,0,0,0,0,0,0,0,0,0,0,0,0,0,0,0,0,0
21487718461408,39.318198,1786372945236532011,,0,0,0,0,0,0,0,0,0,0,0,0,0,0,0,0,0,0,0
21487738478400,39.338215,1786372945256527010,,0,0,0,0,0,0,0,0,0,0,0,0,0,0,0,0,0,0,0
21487758464416,39.358201,1786372945276524235,,0,0,0,0,0,0,0,0,0,0,0,0,0,0,0,0,0,0,0
21487778465376,39.378202,1786372945296507089,,0,0,0,0,0,0,0,0,0,0,0,0,0,0,0,0,0,0,0
21487798433280,39.39817,1786372945316511343,,0,0,0,0,0,0,0,0,0,0,0,0,0,0,0,0,0,0,0
21487818397792,39.418134,1786372945336504334,,0,0,0,0,0,0,0,0,0,0,0,0,0,0,0,0,0,0,0
21487838475968,39.438213,1786372945356510686,,0,0,0,0,0,0,0,0,0,0,0,0,0,0,0,0,0,0,0
21487858387552,39.458124,1786372945376531468,,0,0,0,0,0,0,0,0,0,0,0,0,0,0,0,0,0,0,0
21487878471456,39.478208,1786372945396528136,,0,0,0,0,0,0,0,0,0,0,0,0,0,0,0,0,0,0,0
21487898408320,39.498145,1786372945416524076,,0,0,0,0,0,0,0,0,0,0,0,0,0,0,0,0,0,0,0
21487918439936,39.518177,1786372945436506130,,0,0,0,0,0,0,0,0,0,0,0,0,0,0,0,0,0,0,0
21487938428192,39.538165,1786372945456511498,,0,0,0,0,0,0,0,0,0,0,0,0,0,0,0,0,0,0,0
21487958447808,39.558184,1786372945476504776,,0,0,0,0,0,0,0,0,0,0,0,0,0,0,0,0,0,0,0
21487978407584,39.578144,1786372945496511991,,0,0,0,0,0,0,0,0,0,0,0,0,0,0,0,0,0,0,0
21487998447168,39.598184,1786372945516530884,,0,0,0,0,0,0,0,0,0,0,0,0,0,0,0,0,0,0,0
21488018430144,39.618167,1786372945536526752,,0,0,0,0,0,0,0,0,0,0,0,0,0,0,0,0,0,0,0
21488038471904,39.638208,1786372945556524212,,0,0,0,0,0,0,0,0,0,0,0,0,0,0,0,0,0,0,0
21488058351104,39.658088,1786372945576507791,,0,0,0,0,0,0,0,0,0,0,0,0,0,0,0,0,0,0,0
21488078448704,39.678185,1786372945596513077,,0,0,0,0,0,0,0,0,0,0,0,0,0,0,0,0,0,0,0
21488098380224,39.698117,1786372945616504842,,0,0,0,0,0,0,0,0,0,0,0,0,0,0,0,0,0,0,0
21488118449952,39.718187,1786372945636512218,,0,0,0,0,0,0,0,0,0,0,0,0,0,0,0,0,0,0,0
21488138483968,39.738221,1786372945656531921,,0,0,0,0,0,0,0,0,0,0,0,0,0,0,0,0,0,0,0
21488158452960,39.75819,1786372945676527036,,0,0,0,0,0,0,0,0,0,0,0,0,0,0,0,0,0,0,0
21488178496864,39.778233,1786372945696524938,,0,0,0,0,0,0,0,0,0,0,0,0,0,0,0,0,0,0,0
21488198424288,39.798161,1786372945716507750,,0,0,0,0,0,0,0,0,0,0,0,0,0,0,0,0,0,0,0
21488218407968,39.818145,1786372945736526930,,0,0,0,0,0,0,0,0,0,0,0,0,0,0,0,0,0,0,0
21488238420096,39.838157,1786372945756504887,,0,0,0,0,0,0,0,0,0,0,0,0,0,0,0,0,0,0,0
21488258325728,39.858062,1786372945776511645,,0,0,0,0,0,0,0,0,0,0,0,0,0,0,0,0,0,0,0
21488278434976,39.878172,1786372945796531796,,0,0,0,0,0,0,0,0,0,0,0,0,0,0,0,0,0,0,0
21488298408576,39.898145,1786372945816530422,,0,0,0,0,0,0,0,0,0,0,0,0,0,0,0,0,0,0,0
21488318399744,39.918136,1786372945836523880,,0,0,0,0,0,0,0,0,0,0,0,0,0,0,0,0,0,0,0
21488338435392,39.938172,1786372945856508094,,0,0,0,0,0,0,0,0,0,0,0,0,0,0,0,0,0,0,0
21488358447712,39.958184,1786372945876511738,,0,0,0,0,0,0,0,0,0,0,0,0,0,0,0,0,0,0,0
21488378376896,39.978113,1786372945896504572,,0,0,0,0,0,0,0,0,0,0,0,0,0,0,0,0,0,0,0
21488398395008,39.998132,1786372945916511633,,0,0,0,0,0,0,0,0,0,0,0,0,0,0,0,0,0,0,0
21488418397376,40.018134,1786372945936531335,,0,0,0,0,0,0,0,0,0,0,0,0,0,0,0,0,0,0,0
21488438443392,40.03818,1786372945956527298,,0,0,0,0,0,0,0,0,0,0,0,0,0,0,0,0,0,0,0
21488458296000,40.058033,1786372945976524591,,0,0,0,0,0,0,0,0,0,0,0,0,0,0,0,0,0,0,0
21488478418016,40.078155,1786372945996507846,,0,0,0,0,0,0,0,0,0,0,0,0,0,0,0,0,0,0,0
21488498440032,40.098177,1786372946016511459,,0,0,0,0,0,0,0,0,0,0,0,0,0,0,0,0,0,0,0
21488518383680,40.11812,1786372946036504818,,0,0,0,0,0,0,0,0,0,0,0,0,0,0,0,0,0,0,0
21488538437728,40.138174,1786372946056512464,,0,0,0,0,0,0,0,0,0,0,0,0,0,0,0,0,0,0,0
21488558433152,40.15817,1786372946076532793,,0,0,0,0,0,0,0,0,0,0,0,0,0,0,0,0,0,0,0
21488578422688,40.178159,1786372946096530628,,0,0,0,0,0,0,0,0,0,0,0,0,0,0,0,0,0,0,0
21488598423072,40.19816,1786372946116523023,,0,0,0,0,0,0,0,0,0,0,0,0,0,0,0,0,0,0,0
21488618395200,40.218132,1786372946136506482,,0,0,0,0,0,0,0,0,0,0,0,0,0,0,0,0,0,0,0
21488638454848,40.238191,1786372946156511583,,0,0,0,0,0,0,0,0,0,0,0,0,0,0,0,0,0,0,0
21488658328672,40.258065,1786372946176504582,,0,0,0,0,0,0,0,0,0,0,0,0,0,0,0,0,0,0,0
21488678390144,40.278127,1786372946196509924,,0,0,0,0,0,0,0,0,0,0,0,0,0,0,0,0,0,0,0
21488698433792,40.29817,1786372946216531712,,0,0,0,0,0,0,0,0,0,0,0,0,0,0,0,0,0,0,0
21488718386848,40.318123,1786372946236526221,,0,0,0,0,0,0,0,0,0,0,0,0,0,0,0,0,0,0,0
21488738451104,40.338188,1786372946256523587,,0,0,0,0,0,0,0,0,0,0,0,0,0,0,0,0,0,0,0
21488758387712,40.358124,1786372946276506739,,0,0,0,0,0,0,0,0,0,0,0,0,0,0,0,0,0,0,0
21488778415680,40.378152,1786372946296511677,,0,0,0,0,0,0,0,0,0,0,0,0,0,0,0,0,0,0,0
21488798394176,40.398131,1786372946316505581,,0,0,0,0,0,0,0,0,0,0,0,0,0,0,0,0,0,0,0
21488818368704,40.418105,1786372946336510710,,0,0,0,0,0,0,0,0,0,0,0,0,0,0,0,0,0,0,0
21488838534080,40.438271,1786372946356532189,,0,0,0,0,0,0,0,0,0,0,0,0,0,0,0,0,0,0,0
21488858293280,40.45803,1786372946376527492,,0,0,0,0,0,0,0,0,0,0,0,0,0,0,0,0,0,0,0
21488878388288,40.478125,1786372946396524968,,0,0,0,0,0,0,0,0,0,0,0,0,0,0,0,0,0,0,0
21488898530080,40.498267,1786372946416506305,,0,0,0,0,0,0,0,0,0,0,0,0,0,0,0,0,0,0,0
21488918368832,40.518105,1786372946436511230,,0,0,0,0,0,0,0,0,0,0,0,0,0,0,0,0,0,0,0
21488938391872,40.538128,1786372946456504688,,0,0,0,0,0,0,0,0,0,0,0,0,0,0,0,0,0,0,0
21488958392320,40.558129,1786372946476511425,,0,0,0,0,0,0,0,0,0,0,0,0,0,0,0,0,0,0,0
21488978361696,40.578098,1786372946496532568,,0,0,0,0,0,0,0,0,0,0,0,0,0,0,0,0,0,0,0
21488998426080,40.598163,1786372946516526691,,0,0,0,0,0,0,0,0,0,0,0,0,0,0,0,0,0,0,0
21489018398464,40.618135,1786372946536524444,,0,0,0,0,0,0,0,0,0,0,0,0,0,0,0,0,0,0,0
21489038448352,40.638185,1786372946556507712,,0,0,0,0,0,0,0,0,0,0,0,0,0,0,0,0,0,0,0
21489058337280,40.658074,1786372946576511083,,0,0,0,0,0,0,0,0,0,0,0,0,0,0,0,0,0,0,0
21489078364672,40.678101,1786372946596507277,,0,0,0,0,0,0,0,0,0,0,0,0,0,0,0,0,0,0,0
21489098500032,40.698237,1786372946616509815,,0,0,0,0,0,0,0,0,0,0,0,0,0,0,0,0,0,0,0
21489118386560,40.718123,1786372946636532513,,0,0,0,0,0,0,0,0,0,0,0,0,0,0,0,0,0,0,0
21489138422944,40.73816,1786372946656528872,,0,0,0,0,0,0,0,0,0,0,0,0,0,0,0,0,0,0,0
21489158396096,40.758133,1786372946676523961,,0,0,0,0,0,0,0,0,0,0,0,0,0,0,0,0,0,0,0
21489178384064,40.778121,1786372946696506802,,0,0,0,0,0,0,0,0,0,0,0,0,0,0,0,0,0,0,0
21489198412608,40.798149,1786372946716511205,,0,0,0,0,0,0,0,0,0,0,0,0,0,0,0,0,0,0,0
21489218380512,40.818117,1786372946736504382,,0,0,0,0,0,0,0,0,0,0,0,0,0,0,0,0,0,0,0
21489238462144,40.838199,1786372946756511604,,0,0,0,0,0,0,0,0,0,0,0,0,0,0,0,0,0,0,0
21489258242400,40.857979,1786372946776529931,,0,0,0,0,0,0,0,0,0,0,0,0,0,0,0,0,0,0,0
21489278385792,40.878122,1786372946796527288,,0,0,0,0,0,0,0,0,0,0,0,0,0,0,0,0,0,0,0
21489298406080,40.898143,1786372946816524473,,0,0,0,0,0,0,0,0,0,0,0,0,0,0,0,0,0,0,0
21489318359616,40.918096,1786372946836506809,,0,0,0,0,0,0,0,0,0,0,0,0,0,0,0,0,0,0,0
21489338386432,40.938123,1786372946856511616,,0,0,0,0,0,0,0,0,0,0,0,0,0,0,0,0,0,0,0
21489358363744,40.9581,1786372946876505114,,0,0,0,0,0,0,0,0,0,0,0,0,0,0,0,0,0,0,0
21489378400576,40.978137,1786372946896512808,,0,0,0,0,0,0,0,0,0,0,0,0,0,0,0,0,0,0,0
21489398461568,40.998198,1786372946916532196,,0,0,0,0,0,0,0,0,0,0,0,0,0,0,0,0,0,0,0
21489418375136,41.018112,1786372946936527332,,0,0,0,0,0,0,0,0,0,0,0,0,0,0,0,0,0,0,0
21489438380160,41.038117,1786372946956524836,,0,0,0,0,0,0,0,0,0,0,0,0,0,0,0,0,0,0,0
21489458373408,41.05811,1786372946976507085,,0,0,0,0,0,0,0,0,0,0,0,0,0,0,0,0,0,0,0
21489478351232,41.078088,1786372946996513153,,0,0,0,0,0,0,0,0,0,0,0,0,0,0,0,0,0,0,0
21489498422496,41.098159,1786372947016504835,,0,0,0,0,0,0,0,0,0,0,0,0,0,0,0,0,0,0,0
21489518363584,41.1181,1786372947036511925,,0,0,0,0,0,0,0,0,0,0,0,0,0,0,0,0,0,0,0
21489538378208,41.138115,1786372947056531648,,0,0,0,0,0,0,0,0,0,0,0,0,0,0,0,0,0,0,0
21489558377888,41.158114,1786372947076528039,,0,0,0,0,0,0,0,0,0,0,0,0,0,0,0,0,0,0,0
21489578358496,41.178095,1786372947096527632,,0,0,0,0,0,0,0,0,0,0,0,0,0,0,0,0,0,0,0
21489598348000,41.198085,1786372947116507573,,0,0,0,0,0,0,0,0,0,0,0,0,0,0,0,0,0,0,0
21489618356960,41.218094,1786372947136512927,,0,0,0,0,0,0,0,0,0,0,0,0,0,0,0,0,0,0,0
21489638360640,41.238097,1786372947156505369,,0,0,0,0,0,0,0,0,0,0,0,0,0,0,0,0,0,0,0
21489658217920,41.257954,1786372947176511512,,0,0,0,0,0,0,0,0,0,0,0,0,0,0,0,0,0,0,0
21489678368512,41.278105,1786372947196532406,,0,0,0,0,0,0,0,0,0,0,0,0,0,0,0,0,0,0,0
21489698397408,41.298134,1786372947216527070,,0,0,0,0,0,0,0,0,0,0,0,0,0,0,0,0,0,0,0
21489718375584,41.318112,1786372947236524086,,0,0,0,0,0,0,0,0,0,0,0,0,0,0,0,0,0,0,0
21489738371584,41.338108,1786372947256507066,,0,0,0,0,0,0,0,0,0,0,0,0,0,0,0,0,0,0,0
21489758383360,41.35812,1786372947276511237,,0,0,0,0,0,0,0,0,0,0,0,0,0,0,0,0,0,0,0
21489778333472,41.37807,1786372947296505190,,0,0,0,0,0,0,0,0,0,0,0,0,0,0,0,0,0,0,0
21489798346880,41.398083,1786372947316511976,,0,0,0,0,0,0,0,0,0,0,0,0,0,0,0,0,0,0,0
21489818376128,41.418113,1786372947336531286,,0,0,0,0,0,0,0,0,0,0,0,0,0,0,0,0,0,0,0
21489838369440,41.438106,1786372947356526612,,0,0,0,0,0,0,0,0,0,0,0,0,0,0,0,0,0,0,0
21489858227360,41.457964,1786372947376523166,,0,0,0,0,0,0,0,0,0,0,0,0,0,0,0,0,0,0,0
21489878344064,41.478081,1786372947396507655,,0,0,0,0,0,0,0,0,0,0,0,0,0,0,0,0,0,0,0
21489898367840,41.498104,1786372947416512125,,0,0,0,0,0,0,0,0,0,0,0,0,0,0,0,0,0,0,0
21489918368704,41.518105,1786372947436505118,,0,0,0,0,0,0,0,0,0,0,0,0,0,0,0,0,0,0,0
21489938411520,41.538148,1786372947456510945,,0,0,0,0,0,0,0,0,0,0,0,0,0,0,0,0,0,0,0
21489958362272,41.558099,1786372947476532286,,0,0,0,0,0,0,0,0,0,0,0,0,0,0,0,0,0,0,0
21489978365472,41.578102,1786372947496526575,,0,0,0,0,0,0,0,0,0,0,0,0,0,0,0,0,0,0,0
21489998384352,41.598121,1786372947516524111,,0,0,0,0,0,0,0,0,0,0,0,0,0,0,0,0,0,0,0
21490018379680,41.618116,1786372947536506828,,0,0,0,0,0,0,0,0,0,0,0,0,0,0,0,0,0,0,0
21490038438912,41.638175,1786372947556510902,,0,0,0,0,0,0,0,0,0,0,0,0,0,0,0,0,0,0,0
21490058219392,41.657956,1786372947576505006,,0,0,0,0,0,0,0,0,0,0,0,0,0,0,0,0,0,0,0
21490078343744,41.67808,1786372947596513210,,0,0,0,0,0,0,0,0,0,0,0,0,0,0,0,0,0,0,0
21490098397376,41.698134,1786372947616532129,,0,0,0,0,0,0,0,0,0,0,0,0,0,0,0,0,0,0,0
21490118376960,41.718114,1786372947636527511,,0,0,0,0,0,0,0,0,0,0,0,0,0,0,0,0,0,0,0
21490138458624,41.738195,1786372947656524014,,0,0,0,0,0,0,0,0,0,0,0,0,0,0,0,0,0,0,0
21490158342336,41.758079,1786372947676507704,,0,0,0,0,0,0,0,0,0,0,0,0,0,0,0,0,0,0,0
21490178343104,41.77808,1786372947696510748,,0,0,0,0,0,0,0,0,0,0,0,0,0,0,0,0,0,0,0
21490198352800,41.798089,1786372947716504023,,0,0,0,0,0,0,0,0,0,0,0,0,0,0,0,0,0,0,0
21490218337760,41.818074,1786372947736511202,,0,0,0,0,0,0,0,0,0,0,0,0,0,0,0,0,0,0,0
21490238378112,41.838115,1786372947756531222,,0,0,0,0,0,0,0,0,0,0,0,0,0,0,0,0,0,0,0
21490258193024,41.85793,1786372947776527755,,0,0,0,0,0,0,0,0,0,0,0,0,0,0,0,0,0,0,0
21490278350624,41.878087,1786372947796524577,,0,0,0,0,0,0,0,0,0,0,0,0,0,0,0,0,0,0,0
21490298329888,41.898066,1786372947816506774,,0,0,0,0,0,0,0,0,0,0,0,0,0,0,0,0,0,0,0
21490318331904,41.918068,1786372947836511724,,0,0,0,0,0,0,0,0,0,0,0,0,0,0,0,0,0,0,0
21490338380544,41.938117,1786372947856505386,,0,0,0,0,0,0,0,0,0,0,0,0,0,0,0,0,0,0,0
21490358346464,41.958083,1786372947876511480,,0,0,0,0,0,0,0,0,0,0,0,0,0,0,0,0,0,0,0
21490378323456,41.97806,1786372947896532097,,0,0,0,0,0,0,0,0,0,0,0,0,0,0,0,0,0,0,0
21490398363392,41.9981,1786372947916528406,,0,0,0,0,0,0,0,0,0,0,0,0,0,0,0,0,0,0,0
21490418321824,42.018058,1786372947936525298,,0,0,0,0,0,0,0,0,0,0,0,0,0,0,0,0,0,0,0
21490438390656,42.038127,1786372947956508851,,0,0,0,0,0,0,0,0,0,0,0,0,0,0,0,0,0,0,0
21490458202496,42.057939,1786372947976511839,,0,0,0,0,0,0,0,0,0,0,0,0,0,0,0,0,0,0,0
21490478341760,42.078078,1786372947996504958,,0,0,0,0,0,0,0,0,0,0,0,0,0,0,0,0,0,0,0
21490498349984,42.098087,1786372948016511393,,0,0,0,0,0,0,0,0,0,0,0,0,0,0,0,0,0,0,0
21490518338912,42.118075,1786372948036533188,,0,0,0,0,0,0,0,0,0,0,0,0,0,0,0,0,0,0,0
21490538383680,42.13812,1786372948056527979,,0,0,0,0,0,0,0,0,0,0,0,0,0,0,0,0,0,0,0
21490558316768,42.158053,1786372948076524882,,0,0,0,0,0,0,0,0,0,0,0,0,0,0,0,0,0,0,0
21490578305536,42.178042,1786372948096509474,,0,0,0,0,0,0,0,0,0,0,0,0,0,0,0,0,0,0,0
21490598326688,42.198063,1786372948116511862,,0,0,0,0,0,0,0,0,0,0,0,0,0,0,0,0,0,0,0
21490618342624,42.218079,1786372948136504815,,0,0,0,0,0,0,0,0,0,0,0,0,0,0,0,0,0,0,0
21490638336736,42.238073,1786372948156511255,,0,0,0,0,0,0,0,0,0,0,0,0,0,0,0,0,0,0,0
21490658179360,42.257916,1786372948176532304,,0,0,0,0,0,0,0,0,0,0,0,0,0,0,0,0,0,0,0
21490678352544,42.278089,1786372948196527954,,0,0,0,0,0,0,0,0,0,0,0,0,0,0,0,0,0,0,0
21490698325472,42.298062,1786372948216524148,,0,0,0,0,0,0,0,0,0,0,0,0,0,0,0,0,0,0,0
21490718323936,42.318061,1786372948236507645,,0,0,0,0,0,0,0,0,0,0,0,0,0,0,0,0,0,0,0
21490738328416,42.338065,1786372948256511672,,0,0,0,0,0,0,0,0,0,0,0,0,0,0,0,0,0,0,0
21490758313472,42.35805,1786372948276505341,,0,0,0,0,0,0,0,0,0,0,0,0,0,0,0,0,0,0,0
21490778339424,42.378076,1786372948296510784,,0,0,0,0,0,0,0,0,0,0,0,0,0,0,0,0,0,0,0
21490798341984,42.398079,1786372948316531833,,0,0,0,0,0,0,0,0,0,0,0,0,0,0,0,0,0,0,0
21490818331424,42.418068,1786372948336528718,,0,0,0,0,0,0,0,0,0,0,0,0,0,0,0,0,0,0,0
21490838341824,42.438078,1786372948356524183,,0,0,0,0,0,0,0,0,0,0,0,0,0,0,0,0,0,0,0
21490858223424,42.45796,1786372948376507587,,0,0,0,0,0,0,0,0,0,0,0,0,0,0,0,0,0,0,0
21490878363392,42.4781,1786372948396511942,,0,0,0,0,0,0,0,0,0,0,0,0,0,0,0,0,0,0,0
21490898327072,42.498064,1786372948416505451,,0,0,0,0,0,0,0,0,0,0,0,0,0,0,0,0,0,0,0
21490918306688,42.518043,1786372948436511659,,0,0,0,0,0,0,0,0,0,0,0,0,0,0,0,0,0,0,0
21490938385792,42.538122,1786372948456531431,,0,0,0,0,0,0,0,0,0,0,0,0,0,0,0,0,0,0,0
21490958594688,42.558331,1786372948476527887,,0,0,0,0,0,0,0,0,0,0,0,0,0,0,0,0,0,0,0
21490978348864,42.578085,1786372948496523461,,0,0,0,0,0,0,0,0,0,0,0,0,0,0,0,0,0,0,0
21490998348128,42.598085,1786372948516506113,,0,0,0,0,0,0,0,0,0,0,0,0,0,0,0,0,0,0,0
21491018314624,42.618051,1786372948536511519,,0,0,0,0,0,0,0,0,0,0,0,0,0,0,0,0,0,0,0
21491038324608,42.638061,1786372948556504494,,0,0,0,0,0,0,0,0,0,0,0,0,0,0,0,0,0,0,0
21491058176992,42.657914,1786372948576511456,,0,0,0,0,0,0,0,0,0,0,0,0,0,0,0,0,0,0,0
21491078332384,42.678069,1786372948596533140,,0,0,0,0,0,0,0,0,0,0,0,0,0,0,0,0,0,0,0
21491098346592,42.698083,1786372948616527458,,0,0,0,0,0,0,0,0,0,0,0,0,0,0,0,0,0,0,0
21491118313984,42.718051,1786372948636523756,,0,0,0,0,0,0,0,0,0,0,0,0,0,0,0,0,0,0,0
21491138321664,42.738058,1786372948656506334,,0,0,0,0,0,0,0,0,0,0,0,0,0,0,0,0,0,0,0
21491158278400,42.758015,1786372948676511304,,0,0,0,0,0,0,0,0,0,0,0,0,0,0,0,0,0,0,0
21491178328800,42.778065,1786372948696504880,,0,0,0,0,0,0,0,0,0,0,0,0,0,0,0,0,0,0,0
21491198284768,42.798021,1786372948716511796,,0,0,0,0,0,0,0,0,0,0,0,0,0,0,0,0,0,0,0
21491218296512,42.818033,1786372948736531281,,0,0,0,0,0,0,0,0,0,0,0,0,0,0,0,0,0,0,0
21491238326464,42.838063,1786372948756527813,,0,0,0,0,0,0,0,0,0,0,0,0,0,0,0,0,0,0,0
21491258181280,42.857918,1786372948776524097,,0,0,0,0,0,0,0,0,0,0,0,0,0,0,0,0,0,0,0
21491278281024,42.878018,1786372948796507186,,0,0,0,0,0,0,0,0,0,0,0,0,0,0,0,0,0,0,0
21491298356672,42.898093,1786372948816511255,,0,0,0,0,0,0,0,0,0,0,0,0,0,0,0,0,0,0,0
21491318340896,42.918077,1786372948836503859,,0,0,0,0,0,0,0,0,0,0,0,0,0,0,0,0,0,0,0
21491338323296,42.93806,1786372948856511482,,0,0,0,0,0,0,0,0,0,0,0,0,0,0,0,0,0,0,0
21491358320736,42.958057,1786372948876531644,,0,0,0,0,0,0,0,0,0,0,0,0,0,0,0,0,0,0,0
21491378351904,42.978088,1786372948896527877,,0,0,0,0,0,0,0,0,0,0,0,0,0,0,0,0,0,0,0
21491398331424,42.998068,1786372948916522653,,0,0,0,0,0,0,0,0,0,0,0,0,0,0,0,0,0,0,0
21491418272288,43.018009,1786372948936507091,,0,0,0,0,0,0,0,0,0,0,0,0,0,0,0,0,0,0,0
21491438268288,43.038005,1786372948956511046,,0,0,0,0,0,0,0,0,0,0,0,0,0,0,0,0,0,0,0
21491458141568,43.057878,1786372948976504203,,0,0,0,0,0,0,0,0,0,0,0,0,0,0,0,0,0,0,0
21491478272640,43.078009,1786372948996511935,,0,0,0,0,0,0,0,0,0,0,0,0,0,0,0,0,0,0,0
21491498322688,43.098059,1786372949016531697,,0,0,0,0,0,0,0,0,0,0,0,0,0,0,0,0,0,0,0
21491518286464,43.118023,1786372949036526820,,0,0,0,0,0,0,0,0,0,0,0,0,0,0,0,0,0,0,0
21491538280352,43.138017,1786372949056524531,,0,0,0,0,0,0,0,0,0,0,0,0,0,0,0,0,0,0,0
21491558293440,43.15803,1786372949076507081,,0,0,0,0,0,0,0,0,0,0,0,0,0,0,0,0,0,0,0
21491578283776,43.17802,1786372949096513762,,0,0,0,0,0,0,0,0,0,0,0,0,0,0,0,0,0,0,0
21491598261280,43.197998,1786372949116503746,,0,0,0,0,0,0,0,0,0,0,0,0,0,0,0,0,0,0,0
21491618262400,43.217999,1786372949136511220,,0,0,0,0,0,0,0,0,0,0,0,0,0,0,0,0,0,0,0
21491638286720,43.238023,1786372949156530939,,0,0,0,0,0,0,0,0,0,0,0,0,0,0,0,0,0,0,0
21491658141952,43.257879,1786372949176528068,,0,0,0,0,0,0,0,0,0,0,0,0,0,0,0,0,0,0,0
21491678275968,43.278013,1786372949196523637,,0,0,0,0,0,0,0,0,0,0,0,0,0,0,0,0,0,0,0
21491698298400,43.298035,1786372949216507278,,0,0,0,0,0,0,0,0,0,0,0,0,0,0,0,0,0,0,0
21491718251456,43.317988,1786372949236512130,,0,0,0,0,0,0,0,0,0,0,0,0,0,0,0,0,0,0,0
21491738322048,43.338059,1786372949256505043,,0,0,0,0,0,0,0,0,0,0,0,0,0,0,0,0,0,0,0
21491758303808,43.35804,1786372949276511551,,0,0,0,0,0,0,0,0,0,0,0,0,0,0,0,0,0,0,0
21491778292992,43.37803,1786372949296531777,,0,0,0,0,0,0,0,0,0,0,0,0,0,0,0,0,0,0,0
21491798291488,43.398028,1786372949316527885,,0,0,0,0,0,0,0,0,0,0,0,0,0,0,0,0,0,0,0
21491818250496,43.417987,1786372949336522067,,0,0,0,0,0,0,0,0,0,0,0,0,0,0,0,0,0,0,0
21491838269376,43.438006,1786372949356507126,,0,0,0,0,0,0,0,0,0,0,0,0,0,0,0,0,0,0,0
21491858123264,43.45786,1786372949376513449,,0,0,0,0,0,0,0,0,0,0,0,0,0,0,0,0,0,0,0
21491878228800,43.477965,1786372949396505430,,0,0,0,0,0,0,0,0,0,0,0,0,0,0,0,0,0,0,0
21491898238688,43.497975,1786372949416511189,,0,0,0,0,0,0,0,0,0,0,0,0,0,0,0,0,0,0,0
21491918245312,43.517982,1786372949436532724,,0,0,0,0,0,0,0,0,0,0,0,0,0,0,0,0,0,0,0
21491938313920,43.53805,1786372949456526407,,0,0,0,0,0,0,0,0,0,0,0,0,0,0,0,0,0,0,0
21491958278688,43.558015,1786372949476524059,,0,0,0,0,0,0,0,0,0,0,0,0,0,0,0,0,0,0,0
21491978283744,43.57802,1786372949496507548,,0,0,0,0,0,0,0,0,0,0,0,0,0,0,0,0,0,0,0
21491998249536,43.597986,1786372949516511321,,0,0,0,0,0,0,0,0,0,0,0,0,0,0,0,0,0,0,0
21492018228544,43.617965,1786372949536505751,,0,0,0,0,0,0,0,0,0,0,0,0,0,0,0,0,0,0,0
21492038282624,43.638019,1786372949556511034,,0,0,0,0,0,0,0,0,0,0,0,0,0,0,0,0,0,0,0
21492058115936,43.657853,1786372949576532271,,0,0,0,0,0,0,0,0,0,0,0,0,0,0,0,0,0,0,0
21492078266112,43.678003,1786372949596530155,,0,0,0,0,0,0,0,0,0,0,0,0,0,0,0,0,0,0,0
21492098250656,43.697987,1786372949616523655,,0,0,0,0,0,0,0,0,0,0,0,0,0,0,0,0,0,0,0
21492118210272,43.717947,1786372949636522554,,0,0,0,0,0,0,0,0,0,0,0,0,0,0,0,0,0,0,0
21492138318624,43.738055,1786372949656511230,,0,0,0,0,0,0,0,0,0,0,0,0,0,0,0,0,0,0,0
21492158250880,43.757987,1786372949676505250,,0,0,0,0,0,0,0,0,0,0,0,0,0,0,0,0,0,0,0
21492178241792,43.777978,1786372949696511011,,0,0,0,0,0,0,0,0,0,0,0,0,0,0,0,0,0,0,0
21492198281696,43.798018,1786372949716532225,,0,0,0,0,0,0,0,0,0,0,0,0,0,0,0,0,0,0,0
21492218234048,43.817971,1786372949736528272,,0,0,0,0,0,0,0,0,0,0,0,0,0,0,0,0,0,0,0
21492238325056,43.838062,1786372949756524428,,0,0,0,0,0,0,0,0,0,0,0,0,0,0,0,0,0,0,0
21492258101280,43.857838,1786372949776506858,,0,0,0,0,0,0,0,0,0,0,0,0,0,0,0,0,0,0,0
21492278284032,43.878021,1786372949796511244,,0,0,0,0,0,0,0,0,0,0,0,0,0,0,0,0,0,0,0
21492298235392,43.897972,1786372949816510191,,0,0,0,0,0,0,0,0,0,0,0,0,0,0,0,0,0,0,0
21492318267680,43.918004,1786372949836512277,,0,0,0,0,0,0,0,0,0,0,0,0,0,0,0,0,0,0,0
21492338345344,43.938082,1786372949856531425,,0,0,0,0,0,0,0,0,0,0,0,0,0,0,0,0,0,0,0
21492358291616,43.958028,1786372949876528913,,0,0,0,0,0,0,0,0,0,0,0,0,0,0,0,0,0,0,0
21492378241344,43.977978,1786372949896524362,,0,0,0,0,0,0,0,0,0,0,0,0,0,0,0,0,0,0,0
21492398232736,43.997969,1786372949916507602,,0,0,0,0,0,0,0,0,0,0,0,0,0,0,0,0,0,0,0
21492418215680,44.017952,1786372949936511807,,0,0,0,0,0,0,0,0,0,0,0,0,0,0,0,0,0,0,0
21492438250784,44.037987,1786372949956504465,,0,0,0,0,0,0,0,0,0,0,0,0,0,0,0,0,0,0,0
21492458230368,44.057967,1786372949976511762,,0,0,0,0,0,0,0,0,0,0,0,0,0,0,0,0,0,0,0
21492478232064,44.077969,1786372949996531773,,0,0,0,0,0,0,0,0,0,0,0,0,0,0,0,0,0,0,0
21492498224864,44.097961,1786372950016527641,,0,0,0,0,0,0,0,0,0,0,0,0,0,0,0,0,0,0,0
21492518272928,44.11801,1786372950036525119,,0,0,0,0,0,0,0,0,0,0,0,0,0,0,0,0,0,0,0
21492538248800,44.137985,1786372950056506429,,0,0,0,0,0,0,0,0,0,0,0,0,0,0,0,0,0,0,0
21492558260544,44.157997,1786372950076512330,,0,0,0,0,0,0,0,0,0,0,0,0,0,0,0,0,0,0,0
21492578220768,44.177957,1786372950096507346,,0,0,0,0,0,0,0,0,0,0,0,0,0,0,0,0,0,0,0
21492598195584,44.197932,1786372950116511313,,0,0,0,0,0,0,0,0,0,0,0,0,0,0,0,0,0,0,0
21492618217504,44.217954,1786372950136531771,,0,0,0,0,0,0,0,0,0,0,0,0,0,0,0,0,0,0,0
21492638317920,44.238054,1786372950156528569,,0,0,0,0,0,0,0,0,0,0,0,0,0,0,0,0,0,0,0
21492658094944,44.257832,1786372950176524037,,0,0,0,0,0,0,0,0,0,0,0,0,0,0,0,0,0,0,0
21492678212864,44.277949,1786372950196507694,,0,0,0,0,0,0,0,0,0,0,0,0,0,0,0,0,0,0,0
21492698196512,44.297933,1786372950216512171,,0,0,0,0,0,0,0,0,0,0,0,0,0,0,0,0,0,0,0
21492718193216,44.31793,1786372950236504002,,0,0,0,0,0,0,0,0,0,0,0,0,0,0,0,0,0,0,0
21492738259616,44.337996,1786372950256510827,,0,0,0,0,0,0,0,0,0,0,0,0,0,0,0,0,0,0,0
21492758222976,44.35796,1786372950276531259,,0,0,0,0,0,0,0,0,0,0,0,0,0,0,0,0,0,0,0
21492778253472,44.37799,1786372950296529374,,0,0,0,0,0,0,0,0,0,0,0,0,0,0,0,0,0,0,0
21492798629344,44.398366,1786372950316524621,,0,0,0,0,0,0,0,0,0,0,0,0,0,0,0,0,0,0,0
21492818268192,44.418005,1786372950336507345,,0,0,0,0,0,0,0,0,0,0,0,0,0,0,0,0,0,0,0
21492838764128,44.438501,1786372950356511384,,0,0,0,0,0,0,0,0,0,0,0,0,0,0,0,0,0,0,0
21492858130016,44.457867,1786372950376505448,,0,0,0,0,0,0,0,0,0,0,0,0,0,0,0,0,0,0,0
21492878197792,44.477934,1786372950396512110,,0,0,0,0,0,0,0,0,0,0,0,0,0,0,0,0,0,0,0
21492898195872,44.497932,1786372950416532086,,0,0,0,0,0,0,0,0,0,0,0,0,0,0,0,0,0,0,0
21492918244160,44.517981,1786372950436527129,,0,0,0,0,0,0,0,0,0,0,0,0,0,0,0,0,0,0,0
21492938270080,44.538007,1786372950456525398,,0,0,0,0,0,0,0,0,0,0,0,0,0,0,0,0,0,0,0
21492958241760,44.557978,1786372950476507947,,0,0,0,0,0,0,0,0,0,0,0,0,0,0,0,0,0,0,0
21492978231264,44.577968,1786372950496512003,,0,0,0,0,0,0,0,0,0,0,0,0,0,0,0,0,0,0,0
21492998188000,44.597925,1786372950516505385,,0,0,0,0,0,0,0,0,0,0,0,0,0,0,0,0,0,0,0
21493018197216,44.617934,1786372950536510720,,0,0,0,0,0,0,0,0,0,0,0,0,0,0,0,0,0,0,0
21493038283680,44.63802,1786372950556532371,,0,0,0,0,0,0,0,0,0,0,0,0,0,0,0,0,0,0,0
21493058075744,44.657812,1786372950576527103,,0,0,0,0,0,0,0,0,0,0,0,0,0,0,0,0,0,0,0
21493078206400,44.677943,1786372950596526000,,0,0,0,0,0,0,0,0,0,0,0,0,0,0,0,0,0,0,0
21493098192928,44.69793,1786372950616507249,,0,0,0,0,0,0,0,0,0,0,0,0,0,0,0,0,0,0,0
21493118212256,44.717949,1786372950636511427,,0,0,0,0,0,0,0,0,0,0,0,0,0,0,0,0,0,0,0
21493138269440,44.738006,1786372950656505214,,0,0,0,0,0,0,0,0,0,0,0,0,0,0,0,0,0,0,0
21493158196768,44.757933,1786372950676511091,,0,0,0,0,0,0,0,0,0,0,0,0,0,0,0,0,0,0,0
21493178229728,44.777966,1786372950696532942,,0,0,0,0,0,0,0,0,0,0,0,0,0,0,0,0,0,0,0
21493198191520,44.797928,1786372950716527673,,0,0,0,0,0,0,0,0,0,0,0,0,0,0,0,0,0,0,0
21493218209344,44.817946,1786372950736523595,,0,0,0,0,0,0,0,0,0,0,0,0,0,0,0,0,0,0,0
21493238211424,44.837948,1786372950756507148,,0,0,0,0,0,0,0,0,0,0,0,0,0,0,0,0,0,0,0
21493258146656,44.857883,1786372950776510642,,0,0,0,0,0,0,0,0,0,0,0,0,0,0,0,0,0,0,0
21493278182080,44.877919,1786372950796504744,,0,0,0,0,0,0,0,0,0,0,0,0,0,0,0,0,0,0,0
21493298232480,44.897969,1786372950816511385,,0,0,0,0,0,0,0,0,0,0,0,0,0,0,0,0,0,0,0
21493318280448,44.918017,1786372950836531298,,0,0,0,0,0,0,0,0,0,0,0,0,0,0,0,0,0,0,0
21493338277376,44.938014,1786372950856527701,,0,0,0,0,0,0,0,0,0,0,0,0,0,0,0,0,0,0,0
21493358194464,44.957931,1786372950876523788,,0,0,0,0,0,0,0,0,0,0,0,0,0,0,0,0,0,0,0
21493378190976,44.977928,1786372950896506482,,0,0,0,0,0,0,0,0,0,0,0,0,0,0,0,0,0,0,0
21493398165376,44.997902,1786372950916511882,,0,0,0,0,0,0,0,0,0,0,0,0,0,0,0,0,0,0,0
21493418201152,45.017938,1786372950936504583,,0,0,0,0,0,0,0,0,0,0,0,0,0,0,0,0,0,0,0
21493438276224,45.038013,1786372950956511424,,0,0,0,0,0,0,0,0,0,0,0,0,0,0,0,0,0,0,0
21493458057184,45.057794,1786372950976531517,,0,0,0,0,0,0,0,0,0,0,0,0,0,0,0,0,0,0,0
21493478203520,45.07794,1786372950996527856,,0,0,0,0,0,0,0,0,0,0,0,0,0,0,0,0,0,0,0
21493498183136,45.09792,1786372951016524462,,0,0,0,0,0,0,0,0,0,0,0,0,0,0,0,0,0,0,0
21493518171840,45.117908,1786372951036508631,,0,0,0,0,0,0,0,0,0,0,0,0,0,0,0,0,0,0,0
21493538272448,45.138009,1786372951056512981,,0,0,0,0,0,0,0,0,0,0,0,0,0,0,0,0,0,0,0
21493558170176,45.157907,1786372951076504581,,0,0,0,0,0,0,0,0,0,0,0,0,0,0,0,0,0,0,0
21493578198080,45.177935,1786372951096513200,,0,0,0,0,0,0,0,0,0,0,0,0,0,0,0,0,0,0,0
21493598178368,45.197915,1786372951116531976,,0,0,0,0,0,0,0,0,0,0,0,0,0,0,0,0,0,0,0
21493618207744,45.217944,1786372951136528613,,0,0,0,0,0,0,0,0,0,0,0,0,0,0,0,0,0,0,0
21493638267616,45.238004,1786372951156524427,,0,0,0,0,0,0,0,0,0,0,0,0,0,0,0,0,0,0,0
21493658044288,45.257781,1786372951176507110,,0,0,0,0,0,0,0,0,0,0,0,0,0,0,0,0,0,0,0
21493678160128,45.277897,1786372951196511329,,0,0,0,0,0,0,0,0,0,0,0,0,0,0,0,0,0,0,0
21493698146560,45.297883,1786372951216504429,,0,0,0,0,0,0,0,0,0,0,0,0,0,0,0,0,0,0,0
21493718175968,45.317913,1786372951236511916,,0,0,0,0,0,0,0,0,0,0,0,0,0,0,0,0,0,0,0
21493738369472,45.338106,1786372951256532449,,0,0,0,0,0,0,0,0,0,0,0,0,0,0,0,0,0,0,0
21493758183744,45.35792,1786372951276528062,,0,0,0,0,0,0,0,0,0,0,0,0,0,0,0,0,0,0,0
21493778172608,45.377909,1786372951296524037,,0,0,0,0,0,0,0,0,0,0,0,0,0,0,0,0,0,0,0
21493798150976,45.397888,1786372951316507788,,0,0,0,0,0,0,0,0,0,0,0,0,0,0,0,0,0,0,0
21493818183392,45.41792,1786372951336511981,,0,0,0,0,0,0,0,0,0,0,0,0,0,0,0,0,0,0,0
21493838215968,45.437953,1786372951356506117,,0,0,0,0,0,0,0,0,0,0,0,0,0,0,0,0,0,0,0
21493858203552,45.45794,1786372951376511854,,0,0,0,0,0,0,0,0,0,0,0,0,0,0,0,0,0,0,0
21493878179136,45.477916,1786372951396531793,,0,0,0,0,0,0,0,0,0,0,0,0,0,0,0,0,0,0,0
21493898164576,45.497901,1786372951416527138,,0,0,0,0,0,0,0,0,0,0,0,0,0,0,0,0,0,0,0
21493918193344,45.51793,1786372951436524261,,0,0,0,0,0,0,0,0,0,0,0,0,0,0,0,0,0,0,0
21493938261408,45.537998,1786372951456506911,,0,0,0,0,0,0,0,0,0,0,0,0,0,0,0,0,0,0,0
21493958143776,45.55788,1786372951476511784,,0,0,0,0,0,0,0,0,0,0,0,0,0,0,0,0,0,0,0
21493978136448,45.577873,1786372951496504635,,0,0,0,0,0,0,0,0,0,0,0,0,0,0,0,0,0,0,0
21493998161120,45.597898,1786372951516511417,,0,0,0,0,0,0,0,0,0,0,0,0,0,0,0,0,0,0,0
21494018179328,45.617916,1786372951536532069,,0,0,0,0,0,0,0,0,0,0,0,0,0,0,0,0,0,0,0
21494038353408,45.63809,1786372951556532879,,0,0,0,0,0,0,0,0,0,0,0,0,0,0,0,0,0,0,0
21494058056864,45.657793,1786372951576524632,,0,0,0,0,0,0,0,0,0,0,0,0,0,0,0,0,0,0,0
21494078144352,45.677881,1786372951596508418,,0,0,0,0,0,0,0,0,0,0,0,0,0,0,0,0,0,0,0
21494098177376,45.697914,1786372951616511443,,0,0,0,0,0,0,0,0,0,0,0,0,0,0,0,0,0,0,0
21494118151232,45.717888,1786372951636504435,,0,0,0,0,0,0,0,0,0,0,0,0,0,0,0,0,0,0,0
21494138185856,45.737922,1786372951656510660,,0,0,0,0,0,0,0,0,0,0,0,0,0,0,0,0,0,0,0
21494158177312,45.757914,1786372951676531404,,0,0,0,0,0,0,0,0,0,0,0,0,0,0,0,0,0,0,0
21494178166112,45.777903,1786372951696528373,,0,0,0,0,0,0,0,0,0,0,0,0,0,0,0,0,0,0,0
21494198171488,45.797908,1786372951716524182,,0,0,0,0,0,0,0,0,0,0,0,0,0,0,0,0,0,0,0
21494218165248,45.817902,1786372951736506645,,0,0,0,0,0,0,0,0,0,0,0,0,0,0,0,0,0,0,0
21494238205760,45.837942,1786372951756511759,,0,0,0,0,0,0,0,0,0,0,0,0,0,0,0,0,0,0,0
21494258106176,45.857843,1786372951776504470,,0,0,0,0,0,0,0,0,0,0,0,0,0,0,0,0,0,0,0
21494278164768,45.877901,1786372951796510812,,0,0,0,0,0,0,0,0,0,0,0,0,0,0,0,0,0,0,0
21494298210112,45.897947,1786372951816531464,,0,0,0,0,0,0,0,0,0,0,0,0,0,0,0,0,0,0,0
21494318160672,45.917897,1786372951836528362,,0,0,0,0,0,0,0,0,0,0,0,0,0,0,0,0,0,0,0
21494338364320,45.938101,1786372951856523511,,0,0,0,0,0,0,0,0,0,0,0,0,0,0,0,0,0,0,0
21494358133024,45.95787,1786372951876506654,,0,0,0,0,0,0,0,0,0,0,0,0,0,0,0,0,0,0,0
21494378121440,45.977858,1786372951896512154,,0,0,0,0,0,0,0,0,0,0,0,0,0,0,0,0,0,0,0
21494398174976,45.997912,1786372951916505489,,0,0,0,0,0,0,0,0,0,0,0,0,0,0,0,0,0,0,0
21494418139232,46.017876,1786372951936510973,,0,0,0,0,0,0,0,0,0,0,0,0,0,0,0,0,0,0,0
21494438192704,46.037929,1786372951956532037,,0,0,0,0,0,0,0,0,0,0,0,0,0,0,0,0,0,0,0
21494458139392,46.057876,1786372951976527806,,0,0,0,0,0,0,0,0,0,0,0,0,0,0,0,0,0,0,0
21494478126880,46.077863,1786372951996523660,,0,0,0,0,0,0,0,0,0,0,0,0,0,0,0,0,0,0,0
21494498124768,46.097861,1786372952016506576,,0,0,0,0,0,0,0,0,0,0,0,0,0,0,0,0,0,0,0
21494518149888,46.117886,1786372952036511776,,0,0,0,0,0,0,0,0,0,0,0,0,0,0,0,0,0,0,0
21494538211616,46.137948,1786372952056504925,,0,0,0,0,0,0,0,0,0,0,0,0,0,0,0,0,0,0,0
21494558105856,46.157842,1786372952076512201,,0,0,0,0,0,0,0,0,0,0,0,0,0,0,0,0,0,0,0
21494578177920,46.177914,1786372952096535792,,0,0,0,0,0,0,0,0,0,0,0,0,0,0,0,0,0,0,0
21494598156064,46.197893,1786372952116528870,,0,0,0,0,0,0,0,0,0,0,0,0,0,0,0,0,0,0,0
21494618141600,46.217878,1786372952136523872,,0,0,0,0,0,0,0,0,0,0,0,0,0,0,0,0,0,0,0
21494638199712,46.237936,1786372952156507843,,0,0,0,0,0,0,0,0,0,0,0,0,0,0,0,0,0,0,0
21494658018752,46.257755,1786372952176513373,,0,0,0,0,0,0,0,0,0,0,0,0,0,0,0,0,0,0,0
21494678149664,46.277886,1786372952196504288,,0,0,0,0,0,0,0,0,0,0,0,0,0,0,0,0,0,0,0
21494698105376,46.297842,1786372952216510808,,0,0,0,0,0,0,0,0,0,0,0,0,0,0,0,0,0,0,0
21494718139712,46.317876,1786372952236532099,,0,0,0,0,0,0,0,0,0,0,0,0,0,0,0,0,0,0,0
21494738215520,46.337952,1786372952256528292,,0,0,0,0,0,0,0,0,0,0,0,0,0,0,0,0,0,0,0
21494758134752,46.357871,1786372952276524111,,0,0,0,0,0,0,0,0,0,0,0,0,0,0,0,0,0,0,0
21494778124672,46.377861,1786372952296507738,,0,0,0,0,0,0,0,0,0,0,0,0,0,0,0,0,0,0,0
21494798106304,46.397843,1786372952316510910,,0,0,0,0,0,0,0,0,0,0,0,0,0,0,0,0,0,0,0
21494817975712,46.417712,1786372952336504767,,0,0,0,0,0,0,0,0,0,0,0,0,0,0,0,0,0,0,0
21494838186496,46.437923,1786372952356510590,,0,0,0,0,0,0,0,0,0,0,0,0,0,0,0,0,0,0,0
21494858074848,46.457811,1786372952376532666,,0,0,0,0,0,0,0,0,0,0,0,0,0,0,0,0,0,0,0
21494878160128,46.477897,1786372952396528347,,0,0,0,0,0,0,0,0,0,0,0,0,0,0,0,0,0,0,0
21494898134016,46.497871,1786372952416524792,,0,0,0,0,0,0,0,0,0,0,0,0,0,0,0,0,0,0,0
21494918120128,46.517857,1786372952436507336,,0,0,0,0,0,0,0,0,0,0,0,0,0,0,0,0,0,0,0
21494938162528,46.537899,1786372952456512450,,0,0,0,0,0,0,0,0,0,0,0,0,0,0,0,0,0,0,0
21494958094976,46.557832,1786372952476504480,,0,0,0,0,0,0,0,0,0,0,0,0,0,0,0,0,0,0,0
21494978111968,46.577849,1786372952496511496,,0,0,0,0,0,0,0,0,0,0,0,0,0,0,0,0,0,0,0
21494998153376,46.59789,1786372952516532880,,0,0,0,0,0,0,0,0,0,0,0,0,0,0,0,0,0,0,0
21495018125632,46.617862,1786372952536528836,,0,0,0,0,0,0,0,0,0,0,0,0,0,0,0,0,0,0,0
21495038193408,46.63793,1786372952556524553,,0,0,0,0,0,0,0,0,0,0,0,0,0,0,0,0,0,0,0
21495058029888,46.657766,1786372952576507447,,0,0,0,0,0,0,0,0,0,0,0,0,0,0,0,0,0,0,0
21495078109376,46.677846,1786372952596515057,,0,0,0,0,0,0,0,0,0,0,0,0,0,0,0,0,0,0,0
21495098122368,46.697859,1786372952616503715,,0,0,0,0,0,0,0,0,0,0,0,0,0,0,0,0,0,0,0
21495118106016,46.717843,1786372952636512181,,0,0,0,0,0,0,0,0,0,0,0,0,0,0,0,0,0,0,0
21495138243680,46.73798,1786372952656532608,,0,0,0,0,0,0,0,0,0,0,0,0,0,0,0,0,0,0,0
21495158109728,46.757846,1786372952676526920,,0,0,0,0,0,0,0,0,0,0,0,0,0,0,0,0,0,0,0
21495178155680,46.777892,1786372952696522621,,0,0,0,0,0,0,0,0,0,0,0,0,0,0,0,0,0,0,0
21495198119008,46.797856,1786372952716507233,,0,0,0,0,0,0,0,0,0,0,0,0,0,0,0,0,0,0,0
21495218100352,46.817837,1786372952736511914,,0,0,0,0,0,0,0,0,0,0,0,0,0,0,0,0,0,0,0
21495238135840,46.837872,1786372952756505271,,0,0,0,0,0,0,0,0,0,0,0,0,0,0,0,0,0,0,0
21495258044896,46.857781,1786372952776511856,,0,0,0,0,0,0,0,0,0,0,0,0,0,0,0,0,0,0,0
21495278135680,46.877872,1786372952796531758,,0,0,0,0,0,0,0,0,0,0,0,0,0,0,0,0,0,0,0
21495298154656,46.897891,1786372952816528553,,0,0,0,0,0,0,0,0,0,0,0,0,0,0,0,0,0,0,0
21495318103808,46.91784,1786372952836523363,,0,0,0,0,0,0,0,0,0,0,0,0,0,0,0,0,0,0,0
21495338172896,46.937909,1786372952856507628,,0,0,0,0,0,0,0,0,0,0,0,0,0,0,0,0,0,0,0
21495358106016,46.957843,1786372952876512016,,0,0,0,0,0,0,0,0,0,0,0,0,0,0,0,0,0,0,0
21495378197600,46.977934,1786372952896504972,,0,0,0,0,0,0,0,0,0,0,0,0,0,0,0,0,0,0,0
21495398094688,46.997831,1786372952916511102,,0,0,0,0,0,0,0,0,0,0,0,0,0,0,0,0,0,0,0
21495418121472,47.017858,1786372952936531557,,0,0,0,0,0,0,0,0,0,0,0,0,0,0,0,0,0,0,0
21495438148416,47.037885,1786372952956527342,,0,0,0,0,0,0,0,0,0,0,0,0,0,0,0,0,0,0,0
21495458268448,47.058005,1786372952976523508,,0,0,0,0,0,0,0,0,0,0,0,0,0,0,0,0,0,0,0
21495478066592,47.077803,1786372952996506363,,0,0,0,0,0,0,0,0,0,0,0,0,0,0,0,0,0,0,0
21495498102400,47.097839,1786372953016511704,,0,0,0,0,0,0,0,0,0,0,0,0,0,0,0,0,0,0,0
21495518088832,47.117825,1786372953036504379,,0,0,0,0,0,0,0,0,0,0,0,0,0,0,0,0,0,0,0
21495538163392,47.1379,1786372953056512559,,0,0,0,0,0,0,0,0,0,0,0,0,0,0,0,0,0,0,0
21495558137056,47.157874,1786372953076533670,,0,0,0,0,0,0,0,0,0,0,0,0,0,0,0,0,0,0,0
21495578140032,47.177877,1786372953096529862,,0,0,0,0,0,0,0,0,0,0,0,0,0,0,0,0,0,0,0
21495598104480,47.197841,1786372953116525421,,0,0,0,0,0,0,0,0,0,0,0,0,0,0,0,0,0,0,0
21495618083712,47.21782,1786372953136506707,,0,0,0,0,0,0,0,0,0,0,0,0,0,0,0,0,0,0,0
21495638200000,47.237937,1786372953156511846,,0,0,0,0,0,0,0,0,0,0,0,0,0,0,0,0,0,0,0
21495658985888,47.258722,1786372953176504344,,0,0,0,0,0,0,0,0,0,0,0,0,0,0,0,0,0,0,0
21495678082592,47.277819,1786372953196510260,,0,0,0,0,0,0,0,0,0,0,0,0,0,0,0,0,0,0,0
21495698116608,47.297853,1786372953216532198,,0,0,0,0,0,0,0,0,0,0,0,0,0,0,0,0,0,0,0
21495718090272,47.317827,1786372953236527196,,0,0,0,0,0,0,0,0,0,0,0,0,0,0,0,0,0,0,0
21495738171872,47.337908,1786372953256524254,,0,0,0,0,0,0,0,0,0,0,0,0,0,0,0,0,0,0,0
21495758069184,47.357806,1786372953276507161,,0,0,0,0,0,0,0,0,0,0,0,0,0,0,0,0,0,0,0
21495778076800,47.377813,1786372953296512561,,0,0,0,0,0,0,0,0,0,0,0,0,0,0,0,0,0,0,0
21495798099168,47.397836,1786372953316505268,,0,0,0,0,0,0,0,0,0,0,0,0,0,0,0,0,0,0,0
21495818051360,47.417788,1786372953336511335,,0,0,0,0,0,0,0,0,0,0,0,0,0,0,0,0,0,0,0
21495838156064,47.437893,1786372953356532281,,0,0,0,0,0,0,0,0,0,0,0,0,0,0,0,0,0,0,0
21495857997696,47.457734,1786372953376527678,,0,0,0,0,0,0,0,0,0,0,0,0,0,0,0,0,0,0,0
21495878102208,47.477839,1786372953396525236,,0,0,0,0,0,0,0,0,0,0,0,0,0,0,0,0,0,0,0
21495898070336,47.497807,1786372953416507336,,0,0,0,0,0,0,0,0,0,0,0,0,0,0,0,0,0,0,0
21495918089600,47.517826,1786372953436512408,,0,0,0,0,0,0,0,0,0,0,0,0,0,0,0,0,0,0,0
21495938053952,47.537791,1786372953456504656,,0,0,0,0,0,0,0,0,0,0,0,0,0,0,0,0,0,0,0
21495958061824,47.557798,1786372953476511756,,0,0,0,0,0,0,0,0,0,0,0,0,0,0,0,0,0,0,0
21495978092640,47.577829,1786372953496531898,,0,0,0,0,0,0,0,0,0,0,0,0,0,0,0,0,0,0,0
21495998109952,47.597847,1786372953516527758,,0,0,0,0,0,0,0,0,0,0,0,0,0,0,0,0,0,0,0
21496018094912,47.617831,1786372953536525030,,0,0,0,0,0,0,0,0,0,0,0,0,0,0,0,0,0,0,0
21496038104800,47.637841,1786372953556506485,,0,0,0,0,0,0,0,0,0,0,0,0,0,0,0,0,0,0,0
21496057991616,47.657728,1786372953576511293,,0,0,0,0,0,0,0,0,0,0,0,0,0,0,0,0,0,0,0
21496078075936,47.677813,1786372953596507641,,0,0,0,0,0,0,0,0,0,0,0,0,0,0,0,0,0,0,0
21496098055392,47.697792,1786372953616511509,,0,0,0,0,0,0,0,0,0,0,0,0,0,0,0,0,0,0,0
21496118079616,47.717816,1786372953636532785,,0,0,0,0,0,0,0,0,0,0,0,0,0,0,0,0,0,0,0
21496138053728,47.73779,1786372953656527907,,0,0,0,0,0,0,0,0,0,0,0,0,0,0,0,0,0,0,0
21496158095776,47.757832,1786372953676523624,,0,0,0,0,0,0,0,0,0,0,0,0,0,0,0,0,0,0,0
21496178062912,47.777799,1786372953696511397,,0,0,0,0,0,0,0,0,0,0,0,0,0,0,0,0,0,0,0
21496198104224,47.797841,1786372953716510668,,0,0,0,0,0,0,0,0,0,0,0,0,0,0,0,0,0,0,0
21496218039136,47.817776,1786372953736504452,,0,0,0,0,0,0,0,0,0,0,0,0,0,0,0,0,0,0,0
21496238154048,47.837891,1786372953756511332,,0,0,0,0,0,0,0,0,0,0,0,0,0,0,0,0,0,0,0
21496258039776,47.857776,1786372953776531418,,0,0,0,0,0,0,0,0,0,0,0,0,0,0,0,0,0,0,0
21496278052992,47.87779,1786372953796526631,,0,0,0,0,0,0,0,0,0,0,0,0,0,0,0,0,0,0,0
21496298081504,47.897818,1786372953816525553,,0,0,0,0,0,0,0,0,0,0,0,0,0,0,0,0,0,0,0
21496318076416,47.917813,1786372953836506589,,0,0,0,0,0,0,0,0,0,0,0,0,0,0,0,0,0,0,0
21496338311712,47.938048,1786372953856511575,,0,0,0,0,0,0,0,0,0,0,0,0,0,0,0,0,0,0,0
21496358069920,47.957806,1786372953876504546,,0,0,0,0,0,0,0,0,0,0,0,0,0,0,0,0,0,0,0
21496378056096,47.977793,1786372953896511123,,0,0,0,0,0,0,0,0,0,0,0,0,0,0,0,0,0,0,0
21496398066400,47.997803,1786372953916531088,,0,0,0,0,0,0,0,0,0,0,0,0,0,0,0,0,0,0,0
21496418052512,48.017789,1786372953936528062,,0,0,0,0,0,0,0,0,0,0,0,0,0,0,0,0,0,0,0
21496438174720,48.037911,1786372953956524911,,0,0,0,0,0,0,0,0,0,0,0,0,0,0,0,0,0,0,0
21496457966528,48.057703,1786372953976507126,,0,0,0,0,0,0,0,0,0,0,0,0,0,0,0,0,0,0,0
21496478057920,48.077794,1786372953996511413,,0,0,0,0,0,0,0,0,0,0,0,0,0,0,0,0,0,0,0
21496498033088,48.09777,1786372954016505070,,0,0,0,0,0,0,0,0,0,0,0,0,0,0,0,0,0,0,0
21496518062176,48.117799,1786372954036512248,,0,0,0,0,0,0,0,0,0,0,0,0,0,0,0,0,0,0,0
21496538088960,48.137826,1786372954056531061,,0,0,0,0,0,0,0,0,0,0,0,0,0,0,0,0,0,0,0
21496558040416,48.157777,1786372954076528509,,0,0,0,0,0,0,0,0,0,0,0,0,0,0,0,0,0,0,0
21496578079968,48.177817,1786372954096526770,,0,0,0,0,0,0,0,0,0,0,0,0,0,0,0,0,0,0,0
21496598063008,48.1978,1786372954116506369,,0,0,0,0,0,0,0,0,0,0,0,0,0,0,0,0,0,0,0
21496618039744,48.217776,1786372954136510918,,0,0,0,0,0,0,0,0,0,0,0,0,0,0,0,0,0,0,0
21496638079584,48.237816,1786372954156504650,,0,0,0,0,0,0,0,0,0,0,0,0,0,0,0,0,0,0,0
21496657937248,48.257674,1786372954176511310,,0,0,0,0,0,0,0,0,0,0,0,0,0,0,0,0,0,0,0
21496678068832,48.277805,1786372954196533214,,0,0,0,0,0,0,0,0,0,0,0,0,0,0,0,0,0,0,0
21496698055104,48.297792,1786372954216528154,,0,0,0,0,0,0,0,0,0,0,0,0,0,0,0,0,0,0,0
21496718041408,48.317778,1786372954236524511,,0,0,0,0,0,0,0,0,0,0,0,0,0,0,0,0,0,0,0
21496738214624,48.337951,1786372954256507635,,0,0,0,0,0,0,0,0,0,0,0,0,0,0,0,0,0,0,0
21496758027104,48.357764,1786372954276526264,,0,0,0,0,0,0,0,0,0,0,0,0,0,0,0,0,0,0,0
21496778033472,48.37777,1786372954296505583,,0,0,0,0,0,0,0,0,0,0,0,0,0,0,0,0,0,0,0
21496798020864,48.397757,1786372954316512976,,0,0,0,0,0,0,0,0,0,0,0,0,0,0,0,0,0,0,0
21496818142784,48.417879,1786372954336531798,,0,0,0,0,0,0,0,0,0,0,0,0,0,0,0,0,0,0,0
21496838072704,48.437809,1786372954356528609,,0,0,0,0,0,0,0,0,0,0,0,0,0,0,0,0,0,0,0
21496858021568,48.457758,1786372954376524341,,0,0,0,0,0,0,0,0,0,0,0,0,0,0,0,0,0,0,0
21496878023520,48.47776,1786372954396507953,,0,0,0,0,0,0,0,0,0,0,0,0,0,0,0,0,0,0,0
21496898035104,48.497772,1786372954416511944,,0,0,0,0,0,0,0,0,0,0,0,0,0,0,0,0,0,0,0
21496918020864,48.517757,1786372954436505282,,0,0,0,0,0,0,0,0,0,0,0,0,0,0,0,0,0,0,0
21496938050880,48.537787,1786372954456511059,,0,0,0,0,0,0,0,0,0,0,0,0,0,0,0,0,0,0,0
21496958065472,48.557802,1786372954476532710,,0,0,0,0,0,0,0,0,0,0,0,0,0,0,0,0,0,0,0
21496978073760,48.57781,1786372954496528022,,0,0,0,0,0,0,0,0,0,0,0,0,0,0,0,0,0,0,0
21496998040384,48.597777,1786372954516524354,,0,0,0,0,0,0,0,0,0,0,0,0,0,0,0,0,0,0,0
21497018031072,48.617768,1786372954536508033,,0,0,0,0,0,0,0,0,0,0,0,0,0,0,0,0,0,0,0
21497038400128,48.638137,1786372954556512023,,0,0,0,0,0,0,0,0,0,0,0,0,0,0,0,0,0,0,0
21497057896096,48.657633,1786372954576504999,,0,0,0,0,0,0,0,0,0,0,0,0,0,0,0,0,0,0,0
21497078007712,48.677744,1786372954596513264,,0,0,0,0,0,0,0,0,0,0,0,0,0,0,0,0,0,0,0
21497098018816,48.697755,1786372954616532159,,0,0,0,0,0,0,0,0,0,0,0,0,0,0,0,0,0,0,0
21497118010080,48.717747,1786372954636527955,,0,0,0,0,0,0,0,0,0,0,0,0,0,0,0,0,0,0,0
21497138327488,48.738064,1786372954656524989,,0,0,0,0,0,0,0,0,0,0,0,0,0,0,0,0,0,0,0
21497158077024,48.757814,1786372954676507413,,0,0,0,0,0,0,0,0,0,0,0,0,0,0,0,0,0,0,0
21497178032352,48.777769,1786372954696512411,,0,0,0,0,0,0,0,0,0,0,0,0,0,0,0,0,0,0,0
21497198039360,48.797776,1786372954716505136,,0,0,0,0,0,0,0,0,0,0,0,0,0,0,0,0,0,0,0
21497218024640,48.817761,1786372954736510889,,0,0,0,0,0,0,0,0,0,0,0,0,0,0,0,0,0,0,0
21497238168288,48.837905,1786372954756532327,,0,0,0,0,0,0,0,0,0,0,0,0,0,0,0,0,0,0,0
21497257924128,48.857661,1786372954776532899,,0,0,0,0,0,0,0,0,0,0,0,0,0,0,0,0,0,0,0
21497278018912,48.877755,1786372954796524472,,0,0,0,0,0,0,0,0,0,0,0,0,0,0,0,0,0,0,0
21497298006304,48.897743,1786372954816507010,,0,0,0,0,0,0,0,0,0,0,0,0,0,0,0,0,0,0,0
21497317979232,48.917716,1786372954836512335,,0,0,0,0,0,0,0,0,0,0,0,0,0,0,0,0,0,0,0
21497338371584,48.938108,1786372954856505444,,0,0,0,0,0,0,0,0,0,0,0,0,0,0,0,0,0,0,0
21497357999424,48.957736,1786372954876512419,,0,0,0,0,0,0,0,0,0,0,0,0,0,0,0,0,0,0,0
21497378013888,48.97775,1786372954896531206,,0,0,0,0,0,0,0,0,0,0,0,0,0,0,0,0,0,0,0
21497398009664,48.997746,1786372954916527924,,0,0,0,0,0,0,0,0,0,0,0,0,0,0,0,0,0,0,0
21497418077984,49.017815,1786372954936525246,,0,0,0,0,0,0,0,0,0,0,0,0,0,0,0,0,0,0,0
21497438284352,49.038021,1786372954956506136,,0,0,0,0,0,0,0,0,0,0,0,0,0,0,0,0,0,0,0
21497457959552,49.057696,1786372954976512070,,0,0,0,0,0,0,0,0,0,0,0,0,0,0,0,0,0,0,0
21497477994560,49.077731,1786372954996504558,,0,0,0,0,0,0,0,0,0,0,0,0,0,0,0,0,0,0,0
21497498039936,49.097777,1786372955016511191,,0,0,0,0,0,0,0,0,0,0,0,0,0,0,0,0,0,0,0
21497518070400,49.117807,1786372955036533247,,0,0,0,0,0,0,0,0,0,0,0,0,0,0,0,0,0,0,0
21497538395808,49.138132,1786372955056527593,,0,0,0,0,0,0,0,0,0,0,0,0,0,0,0,0,0,0,0
21497558018592,49.157755,1786372955076523697,,0,0,0,0,0,0,0,0,0,0,0,0,0,0,0,0,0,0,0
21497578034464,49.177771,1786372955096509081,,0,0,0,0,0,0,0,0,0,0,0,0,0,0,0,0,0,0,0
21497597996608,49.197733,1786372955116510398,,0,0,0,0,0,0,0,0,0,0,0,0,0,0,0,0,0,0,0
21497618020992,49.217758,1786372955136503775,,0,0,0,0,0,0,0,0,0,0,0,0,0,0,0,0,0,0,0
21497638293024,49.23803,1786372955156511350,,0,0,0,0,0,0,0,0,0,0,0,0,0,0,0,0,0,0,0
21497657920800,49.257657,1786372955176531005,,0,0,0,0,0,0,0,0,0,0,0,0,0,0,0,0,0,0,0
21497678002240,49.277739,1786372955196528479,,0,0,0,0,0,0,0,0,0,0,0,0,0,0,0,0,0,0,0
21497697991904,49.297728,1786372955216523236,,0,0,0,0,0,0,0,0,0,0,0,0,0,0,0,0,0,0,0
21497717976352,49.317713,1786372955236506811,,0,0,0,0,0,0,0,0,0,0,0,0,0,0,0,0,0,0,0
21497738002400,49.337739,1786372955256511540,,0,0,0,0,0,0,0,0,0,0,0,0,0,0,0,0,0,0,0
21497758007584,49.357744,1786372955276504261,,0,0,0,0,0,0,0,0,0,0,0,0,0,0,0,0,0,0,0
21497777981280,49.377718,1786372955296511423,,0,0,0,0,0,0,0,0,0,0,0,0,0,0,0,0,0,0,0
21497798002272,49.397739,1786372955316531585,,0,0,0,0,0,0,0,0,0,0,0,0,0,0,0,0,0,0,0
21497818032224,49.417769,1786372955336526789,,0,0,0,0,0,0,0,0,0,0,0,0,0,0,0,0,0,0,0
21497838008032,49.437745,1786372955356523425,,0,0,0,0,0,0,0,0,0,0,0,0,0,0,0,0,0,0,0
21497857856128,49.457593,1786372955376506466,,0,0,0,0,0,0,0,0,0,0,0,0,0,0,0,0,0,0,0
21497877978496,49.477715,1786372955396512389,,0,0,0,0,0,0,0,0,0,0,0,0,0,0,0,0,0,0,0
21497897979232,49.497716,1786372955416505720,,0,0,0,0,0,0,0,0,0,0,0,0,0,0,0,0,0,0,0
21497918026624,49.517763,1786372955436511883,,0,0,0,0,0,0,0,0,0,0,0,0,0,0,0,0,0,0,0
21497937982592,49.537719,1786372955456533040,,0,0,0,0,0,0,0,0,0,0,0,0,0,0,0,0,0,0,0
21497957991296,49.557728,1786372955476528188,,0,0,0,0,0,0,0,0,0,0,0,0,0,0,0,0,0,0,0
21497978020928,49.577758,1786372955496524198,,0,0,0,0,0,0,0,0,0,0,0,0,0,0,0,0,0,0,0
21497997977152,49.597714,1786372955516507642,,0,0,0,0,0,0,0,0,0,0,0,0,0,0,0,0,0,0,0
21498017975744,49.617712,1786372955536525712,,0,0,0,0,0,0,0,0,0,0,0,0,0,0,0,0,0,0,0
21498038010912,49.637747,1786372955556504629,,0,0,0,0,0,0,0,0,0,0,0,0,0,0,0,0,0,0,0
21498057914272,49.657651,1786372955576511697,,0,0,0,0,0,0,0,0,0,0,0,0,0,0,0,0,0,0,0
21498077976352,49.677713,1786372955596534314,,0,0,0,0,0,0,0,0,0,0,0,0,0,0,0,0,0,0,0
21498097984960,49.697722,1786372955616527555,,0,0,0,0,0,0,0,0,0,0,0,0,0,0,0,0,0,0,0
21498117993088,49.71773,1786372955636524229,,0,0,0,0,0,0,0,0,0,0,0,0,0,0,0,0,0,0,0
21498138338048,49.738075,1786372955656507659,,0,0,0,0,0,0,0,0,0,0,0,0,0,0,0,0,0,0,0
21498157974016,49.757711,1786372955676511347,,0,0,0,0,0,0,0,0,0,0,0,0,0,0,0,0,0,0,0
21498177962816,49.777699,1786372955696504751,,0,0,0,0,0,0,0,0,0,0,0,0,0,0,0,0,0,0,0
21498197982336,49.797719,1786372955716510691,,0,0,0,0,0,0,0,0,0,0,0,0,0,0,0,0,0,0,0
21498217986784,49.817723,1786372955736531725,,0,0,0,0,0,0,0,0,0,0,0,0,0,0,0,0,0,0,0
21498237928544,49.837665,1786372955756529206,,0,0,0,0,0,0,0,0,0,0,0,0,0,0,0,0,0,0,0
21498257846240,49.857583,1786372955776524521,,0,0,0,0,0,0,0,0,0,0,0,0,0,0,0,0,0,0,0
21498277952256,49.877689,1786372955796507265,,0,0,0,0,0,0,0,0,0,0,0,0,0,0,0,0,0,0,0
21498297930592,49.897667,1786372955816511303,,0,0,0,0,0,0,0,0,0,0,0,0,0,0,0,0,0,0,0
21498317962528,49.917699,1786372955836504366,,0,0,0,0,0,0,0,0,0,0,0,0,0,0,0,0,0,0,0
21498338321184,49.938058,1786372955856510223,,0,0,0,0,0,0,0,0,0,0,0,0,0,0,0,0,0,0,0
21498357967584,49.957704,1786372955876532855,,0,0,0,0,0,0,0,0,0,0,0,0,0,0,0,0,0,0,0
21498377955008,49.977692,1786372955896528269,,0,0,0,0,0,0,0,0,0,0,0,0,0,0,0,0,0,0,0
21498397973984,49.997711,1786372955916524585,,0,0,0,0,0,0,0,0,0,0,0,0,0,0,0,0,0,0,0
21498417958144,50.017695,1786372955936506948,,0,0,0,0,0,0,0,0,0,0,0,0,0,0,0,0,0,0,0
21498437972256,50.037709,1786372955956511904,,0,0,0,0,0,0,0,0,0,0,0,0,0,0,0,0,0,0,0
21498457945760,50.057682,1786372955976504118,,0,0,0,0,0,0,0,0,0,0,0,0,0,0,0,0,0,0,0
21498477955072,50.077692,1786372955996510908,,0,0,0,0,0,0,0,0,0,0,0,0,0,0,0,0,0,0,0
21498498008128,50.097745,1786372956016532817,,0,0,0,0,0,0,0,0,0,0,0,0,0,0,0,0,0,0,0
21498517976768,50.117713,1786372956036527682,,0,0,0,0,0,0,0,0,0,0,0,0,0,0,0,0,0,0,0
