t_recv_ns,t_s,t_stamp_ns,frame_id,hardware_connected,analog_states_0,analog_states_1,analog_states_2,analog_states_3,analog_states_4,analog_states_5,digital_states_0,digital_states_1,digital_states_2,digital_states_3,digital_states_4,digital_states_5,digital_states_6,digital_states_7,digital_states_8,digital_states_9,digital_states_10,digital_states_11
4769075470400,0,1788966308047111491,,0,0,0,0,0,0,0,0,0,0,0,0,0,0,0,0,0,0,0
4769095153120,0.01968272,1788966308067110460,,0,0,0,0,0,0,0,0,0,0,0,0,0,0,0,0,0,0,0
4769115177376,0.039706976,1788966308087111223,,0,0,0,0,0,0,0,0,0,0,0,0,0,0,0,0,0,0,0
4769135187104,0.059716704,1788966308107110192,,0,0,0,0,0,0,0,0,0,0,0,0,0,0,0,0,0,0,0
4769155142336,0.079671936,1788966308127110353,,0,0,0,0,0,0,0,0,0,0,0,0,0,0,0,0,0,0,0
4769175252160,0.09978176,1788966308147111321,,0,0,0,0,0,0,0,0,0,0,0,0,0,0,0,0,0,0,0
4769195149888,0.11967949,1788966308167110721,,0,0,0,0,0,0,0,0,0,0,0,0,0,0,0,0,0,0,0
4769215142304,0.1396719,1788966308187110810,,0,0,0,0,0,0,0,0,0,0,0,0,0,0,0,0,0,0,0
4769235278144,0.15980774,1788966308207110587,,0,0,0,0,0,0,0,0,0,0,0,0,0,0,0,0,0,0,0
4769255165760,0.17969536,1788966308227111694,,0,0,0,0,0,0,0,0,0,0,0,0,0,0,0,0,0,0,0
4769275431136,0.19996074,1788966308247110137,,0,0,0,0,0,0,0,0,0,0,0,0,0,0,0,0,0,0,0
4769295089248,0.21961885,1788966308267109562,,0,0,0,0,0,0,0,0,0,0,0,0,0,0,0,0,0,0,0
4769315155392,0.23968499,1788966308287110025,,0,0,0,0,0,0,0,0,0,0,0,0,0,0,0,0,0,0,0
4769335207264,0.25973686,1788966308307115097,,0,0,0,0,0,0,0,0,0,0,0,0,0,0,0,0,0,0,0
4769355168160,0.27969776,1788966308327112925,,0,0,0,0,0,0,0,0,0,0,0,0,0,0,0,0,0,0,0
4769375182848,0.29971245,1788966308347112652,,0,0,0,0,0,0,0,0,0,0,0,0,0,0,0,0,0,0,0
4769395147520,0.31967712,1788966308367110562,,0,0,0,0,0,0,0,0,0,0,0,0,0,0,0,0,0,0,0
4769415172320,0.33970192,1788966308387110561,,0,0,0,0,0,0,0,0,0,0,0,0,0,0,0,0,0,0,0
4769435183136,0.35971274,1788966308407110455,,0,0,0,0,0,0,0,0,0,0,0,0,0,0,0,0,0,0,0
4769455149344,0.37967894,1788966308427110351,,0,0,0,0,0,0,0,0,0,0,0,0,0,0,0,0,0,0,0
4769475152160,0.39968176,1788966308447110529,,0,0,0,0,0,0,0,0,0,0,0,0,0,0,0,0,0,0,0
4769495034176,0.41956378,1788966308467110331,,0,0,0,0,0,0,0,0,0,0,0,0,0,0,0,0,0,0,0
4769515112992,0.43964259,1788966308487110250,,0,0,0,0,0,0,0,0,0,0,0,0,0,0,0,0,0,0,0
4769535147008,0.45967661,1788966308507110394,,0,0,0,0,0,0,0,0,0,0,0,0,0,0,0,0,0,0,0
4769555136512,0.47966611,1788966308527110632,,0,0,0,0,0,0,0,0,0,0,0,0,0,0,0,0,0,0,0
4769575165760,0.49969536,1788966308547113823,,0,0,0,0,0,0,0,0,0,0,0,0,0,0,0,0,0,0,0
4769595140608,0.51967021,1788966308567110372,,0,0,0,0,0,0,0,0,0,0,0,0,0,0,0,0,0,0,0
4769615138912,0.53966851,1788966308587110261,,0,0,0,0,0,0,0,0,0,0,0,0,0,0,0,0,0,0,0
4769635138240,0.55966784,1788966308607124381,,0,0,0,0,0,0,0,0,0,0,0,0,0,0,0,0,0,0,0
4769655131744,0.57966134,1788966308627110718,,0,0,0,0,0,0,0,0,0,0,0,0,0,0,0,0,0,0,0
4769675188480,0.59971808,1788966308647111232,,0,0,0,0,0,0,0,0,0,0,0,0,0,0,0,0,0,0,0
4769695098336,0.61962794,1788966308667110688,,0,0,0,0,0,0,0,0,0,0,0,0,0,0,0,0,0,0,0
4769715128384,0.63965798,1788966308687110296,,0,0,0,0,0,0,0,0,0,0,0,0,0,0,0,0,0,0,0
4769735135808,0.65966541,1788966308707110239,,0,0,0,0,0,0,0,0,0,0,0,0,0,0,0,0,0,0,0
4769755134432,0.67966403,1788966308727110427,,0,0,0,0,0,0,0,0,0,0,0,0,0,0,0,0,0,0,0
4769775157312,0.69968691,1788966308747110477,,0,0,0,0,0,0,0,0,0,0,0,0,0,0,0,0,0,0,0
4769795124128,0.71965373,1788966308767110854,,0,0,0,0,0,0,0,0,0,0,0,0,0,0,0,0,0,0,0
4769815130496,0.7396601,1788966308787110428,,0,0,0,0,0,0,0,0,0,0,0,0,0,0,0,0,0,0,0
4769834998848,0.75952845,1788966308807110610,,0,0,0,0,0,0,0,0,0,0,0,0,0,0,0,0,0,0,0
4769855117248,0.77964685,1788966308827110252,,0,0,0,0,0,0,0,0,0,0,0,0,0,0,0,0,0,0,0
4769875476480,0.80000608,1788966308847110737,,0,0,0,0,0,0,0,0,0,0,0,0,0,0,0,0,0,0,0
4769895098592,0.81962819,1788966308867110359,,0,0,0,0,0,0,0,0,0,0,0,0,0,0,0,0,0,0,0
4769915110784,0.83964038,1788966308887111344,,0,0,0,0,0,0,0,0,0,0,0,0,0,0,0,0,0,0,0
4769935141184,0.85967078,1788966308907110315,,0,0,0,0,0,0,0,0,0,0,0,0,0,0,0,0,0,0,0
4769955132224,0.87966182,1788966308927110401,,0,0,0,0,0,0,0,0,0,0,0,0,0,0,0,0,0,0,0
4769975174688,0.89970429,1788966308947110025,,0,0,0,0,0,0,0,0,0,0,0,0,0,0,0,0,0,0,0
4769995120160,0.91964976,1788966308967109997,,0,0,0,0,0,0,0,0,0,0,0,0,0,0,0,0,0,0,0
4770015109792,0.93963939,1788966308987110745,,0,0,0,0,0,0,0,0,0,0,0,0,0,0,0,0,0,0,0
4770034996032,0.95952563,1788966309007110790,,0,0,0,0,0,0,0,0,0,0,0,0,0,0,0,0,0,0,0
4770055137024,0.97966662,1788966309027110015,,0,0,0,0,0,0,0,0,0,0,0,0,0,0,0,0,0,0,0
4770075126784,0.99965638,1788966309047110983,,0,0,0,0,0,0,0,0,0,0,0,0,0,0,0,0,0,0,0
4770094996928,1.0195265,1788966309067110326,,0,0,0,0,0,0,0,0,0,0,0,0,0,0,0,0,0,0,0
4770115146016,1.0396756,1788966309087110391,,0,0,0,0,0,0,0,0,0,0,0,0,0,0,0,0,0,0,0
4770135130912,1.0596605,1788966309107110339,,0,0,0,0,0,0,0,0,0,0,0,0,0,0,0,0,0,0,0
4770155118176,1.0796478,1788966309127110420,,0,0,0,0,0,0,0,0,0,0,0,0,0,0,0,0,0,0,0
4770175172864,1.0997025,1788966309147110939,,0,0,0,0,0,0,0,0,0,0,0,0,0,0,0,0,0,0,0
4770195091424,1.119621,1788966309167110192,,0,0,0,0,0,0,0,0,0,0,0,0,0,0,0,0,0,0,0
4770215118752,1.1396484,1788966309187111075,,0,0,0,0,0,0,0,0,0,0,0,0,0,0,0,0,0,0,0
4770235143136,1.1596727,1788966309207110715,,0,0,0,0,0,0,0,0,0,0,0,0,0,0,0,0,0,0,0
4770255107136,1.1796367,1788966309227110536,,0,0,0,0,0,0,0,0,0,0,0,0,0,0,0,0,0,0,0
4770275207776,1.1997374,1788966309247110661,,0,0,0,0,0,0,0,0,0,0,0,0,0,0,0,0,0,0,0
4770295033152,1.2195628,1788966309267110287,,0,0,0,0,0,0,0,0,0,0,0,0,0,0,0,0,0,0,0
4770315097216,1.2396268,1788966309287123738,,0,0,0,0,0,0,0,0,0,0,0,0,0,0,0,0,0,0,0
4770335139040,1.2596686,1788966309307110584,,0,0,0,0,0,0,0,0,0,0,0,0,0,0,0,0,0,0,0
4770355093984,1.2796236,1788966309327110200,,0,0,0,0,0,0,0,0,0,0,0,0,0,0,0,0,0,0,0
4770375164704,1.2996943,1788966309347110148,,0,0,0,0,0,0,0,0,0,0,0,0,0,0,0,0,0,0,0
4770395115712,1.3196453,1788966309367110511,,0,0,0,0,0,0,0,0,0,0,0,0,0,0,0,0,0,0,0
4770415101440,1.339631,1788966309387110297,,0,0,0,0,0,0,0,0,0,0,0,0,0,0,0,0,0,0,0
4770435187584,1.3597172,1788966309407110353,,0,0,0,0,0,0,0,0,0,0,0,0,0,0,0,0,0,0,0
4770454955104,1.3794847,1788966309427112876,,0,0,0,0,0,0,0,0,0,0,0,0,0,0,0,0,0,0,0
4770475492320,1.4000219,1788966309447120693,,0,0,0,0,0,0,0,0,0,0,0,0,0,0,0,0,0,0,0
4770494978048,1.4195076,1788966309467110105,,0,0,0,0,0,0,0,0,0,0,0,0,0,0,0,0,0,0,0
4770515112544,1.4396421,1788966309487110529,,0,0,0,0,0,0,0,0,0,0,0,0,0,0,0,0,0,0,0
4770534923776,1.4594534,1788966309507110593,,0,0,0,0,0,0,0,0,0,0,0,0,0,0,0,0,0,0,0
4770555120256,1.4796499,1788966309527110544,,0,0,0,0,0,0,0,0,0,0,0,0,0,0,0,0,0,0,0
4770575183520,1.4997131,1788966309547111045,,0,0,0,0,0,0,0,0,0,0,0,0,0,0,0,0,0,0,0
4770595095232,1.5196248,1788966309567110271,,0,0,0,0,0,0,0,0,0,0,0,0,0,0,0,0,0,0,0
4770615143712,1.5396733,1788966309587111148,,0,0,0,0,0,0,0,0,0,0,0,0,0,0,0,0,0,0,0
4770634939200,1.5594688,1788966309607110578,,0,0,0,0,0,0,0,0,0,0,0,0,0,0,0,0,0,0,0
4770655086912,1.5796165,1788966309627110520,,0,0,0,0,0,0,0,0,0,0,0,0,0,0,0,0,0,0,0
4770675135776,1.5996654,1788966309647111808,,0,0,0,0,0,0,0,0,0,0,0,0,0,0,0,0,0,0,0
4770694971328,1.6195009,1788966309667110688,,0,0,0,0,0,0,0,0,0,0,0,0,0,0,0,0,0,0,0
4770715116192,1.6396458,1788966309687110387,,0,0,0,0,0,0,0,0,0,0,0,0,0,0,0,0,0,0,0
4770734960448,1.65949,1788966309707110624,,0,0,0,0,0,0,0,0,0,0,0,0,0,0,0,0,0,0,0
4770755091520,1.6796211,1788966309727110109,,0,0,0,0,0,0,0,0,0,0,0,0,0,0,0,0,0,0,0
4770775456512,1.6999861,1788966309747109869,,0,0,0,0,0,0,0,0,0,0,0,0,0,0,0,0,0,0,0
4770795087840,1.7196174,1788966309767110561,,0,0,0,0,0,0,0,0,0,0,0,0,0,0,0,0,0,0,0
4770815082464,1.7396121,1788966309787111226,,0,0,0,0,0,0,0,0,0,0,0,0,0,0,0,0,0,0,0
4770835096512,1.7596261,1788966309807110230,,0,0,0,0,0,0,0,0,0,0,0,0,0,0,0,0,0,0,0
4770855092736,1.7796223,1788966309827110472,,0,0,0,0,0,0,0,0,0,0,0,0,0,0,0,0,0,0,0
4770875066528,1.7995961,1788966309847110513,,0,0,0,0,0,0,0,0,0,0,0,0,0,0,0,0,0,0,0
4770894969472,1.8194991,1788966309867110400,,0,0,0,0,0,0,0,0,0,0,0,0,0,0,0,0,0,0,0
4770915095360,1.839625,1788966309887110688,,0,0,0,0,0,0,0,0,0,0,0,0,0,0,0,0,0,0,0
4770934961408,1.859491,1788966309907110708,,0,0,0,0,0,0,0,0,0,0,0,0,0,0,0,0,0,0,0
4770955068000,1.8795976,1788966309927110371,,0,0,0,0,0,0,0,0,0,0,0,0,0,0,0,0,0,0,0
4770974909312,1.8994389,1788966309947110826,,0,0,0,0,0,0,0,0,0,0,0,0,0,0,0,0,0,0,0
4770995073280,1.9196029,1788966309967110663,,0,0,0,0,0,0,0,0,0,0,0,0,0,0,0,0,0,0,0
4771015124480,1.9396541,1788966309987110075,,0,0,0,0,0,0,0,0,0,0,0,0,0,0,0,0,0,0,0
4771035021600,1.9595512,1788966310007110509,,0,0,0,0,0,0,0,0,0,0,0,0,0,0,0,0,0,0,0
4771055132032,1.9796616,1788966310027110513,,0,0,0,0,0,0,0,0,0,0,0,0,0,0,0,0,0,0,0
4771075180928,1.9997105,1788966310047110075,,0,0,0,0,0,0,0,0,0,0,0,0,0,0,0,0,0,0,0
4771094952992,2.0194826,1788966310067110059,,0,0,0,0,0,0,0,0,0,0,0,0,0,0,0,0,0,0,0
4771115071616,2.0396012,1788966310087110471,,0,0,0,0,0,0,0,0,0,0,0,0,0,0,0,0,0,0,0
4771135089696,2.0596193,1788966310107110070,,0,0,0,0,0,0,0,0,0,0,0,0,0,0,0,0,0,0,0
4771155073568,2.0796032,1788966310127110777,,0,0,0,0,0,0,0,0,0,0,0,0,0,0,0,0,0,0,0
4771175070112,2.0995997,1788966310147111037,,0,0,0,0,0,0,0,0,0,0,0,0,0,0,0,0,0,0,0
4771195097664,2.1196273,1788966310167110446,,0,0,0,0,0,0,0,0,0,0,0,0,0,0,0,0,0,0,0
4771215077664,2.1396073,1788966310187110630,,0,0,0,0,0,0,0,0,0,0,0,0,0,0,0,0,0,0,0
4771235104288,2.1596339,1788966310207109918,,0,0,0,0,0,0,0,0,0,0,0,0,0,0,0,0,0,0,0
4771255088288,2.1796179,1788966310227111321,,0,0,0,0,0,0,0,0,0,0,0,0,0,0,0,0,0,0,0
4771275094112,2.1996237,1788966310247110464,,0,0,0,0,0,0,0,0,0,0,0,0,0,0,0,0,0,0,0
4771294936544,2.2194661,1788966310267112880,,0,0,0,0,0,0,0,0,0,0,0,0,0,0,0,0,0,0,0
4771315059456,2.2395891,1788966310287110479,,0,0,0,0,0,0,0,0,0,0,0,0,0,0,0,0,0,0,0
4771334937760,2.2594674,1788966310307110780,,0,0,0,0,0,0,0,0,0,0,0,0,0,0,0,0,0,0,0
4771355039136,2.2795687,1788966310327110713,,0,0,0,0,0,0,0,0,0,0,0,0,0,0,0,0,0,0,0
4771374931744,2.2994613,1788966310347110847,,0,0,0,0,0,0,0,0,0,0,0,0,0,0,0,0,0,0,0
4771395053888,2.3195835,1788966310367110168,,0,0,0,0,0,0,0,0,0,0,0,0,0,0,0,0,0,0,0
4771415043584,2.3395732,1788966310387110200,,0,0,0,0,0,0,0,0,0,0,0,0,0,0,0,0,0,0,0
4771435072288,2.3596019,1788966310407110135,,0,0,0,0,0,0,0,0,0,0,0,0,0,0,0,0,0,0,0
4771454867456,2.3793971,1788966310427110528,,0,0,0,0,0,0,0,0,0,0,0,0,0,0,0,0,0,0,0
4771474932288,2.3994619,1788966310447110815,,0,0,0,0,0,0,0,0,0,0,0,0,0,0,0,0,0,0,0
4771494930944,2.4194605,1788966310467113214,,0,0,0,0,0,0,0,0,0,0,0,0,0,0,0,0,0,0,0
4771515101408,2.439631,1788966310487110155,,0,0,0,0,0,0,0,0,0,0,0,0,0,0,0,0,0,0,0
4771535098912,2.4596285,1788966310507113287,,0,0,0,0,0,0,0,0,0,0,0,0,0,0,0,0,0,0,0
4771871741664,2.7962713,1788966310527113132,,0,0,0,0,0,0,0,0,0,0,0,0,0,0,0,0,0,0,0
4771871954976,2.7964846,1788966310547110391,,0,0,0,0,0,0,0,0,0,0,0,0,0,0,0,0,0,0,0
4771872176640,2.7967062,1788966310567110366,,0,0,0,0,0,0,0,0,0,0,0,0,0,0,0,0,0,0,0
4771872389248,2.7969188,1788966310587110507,,0,0,0,0,0,0,0,0,0,0,0,0,0,0,0,0,0,0,0
4771875007776,2.7995374,1788966310847110468,,0,0,0,0,0,0,0,0,0,0,0,0,0,0,0,0,0,0,0
4771894890304,2.8194199,1788966310867111612,,0,0,0,0,0,0,0,0,0,0,0,0,0,0,0,0,0,0,0
4771915019136,2.8395487,1788966310887110692,,0,0,0,0,0,0,0,0,0,0,0,0,0,0,0,0,0,0,0
4771934890688,2.8594203,1788966310907111166,,0,0,0,0,0,0,0,0,0,0,0,0,0,0,0,0,0,0,0
4771955023648,2.8795532,1788966310927110626,,0,0,0,0,0,0,0,0,0,0,0,0,0,0,0,0,0,0,0
4771975046176,2.8995758,1788966310947125002,,0,0,0,0,0,0,0,0,0,0,0,0,0,0,0,0,0,0,0
4771995011424,2.919541,1788966310967110704,,0,0,0,0,0,0,0,0,0,0,0,0,0,0,0,0,0,0,0
4772015014880,2.9395445,1788966310987110590,,0,0,0,0,0,0,0,0,0,0,0,0,0,0,0,0,0,0,0
4772034984096,2.9595137,1788966311007111341,,0,0,0,0,0,0,0,0,0,0,0,0,0,0,0,0,0,0,0
4772055037120,2.9795667,1788966311027110582,,0,0,0,0,0,0,0,0,0,0,0,0,0,0,0,0,0,0,0
4772075019744,2.9995493,1788966311047111066,,0,0,0,0,0,0,0,0,0,0,0,0,0,0,0,0,0,0,0
4772094952480,3.0194821,1788966311067110258,,0,0,0,0,0,0,0,0,0,0,0,0,0,0,0,0,0,0,0
4772115013120,3.0395427,1788966311087110475,,0,0,0,0,0,0,0,0,0,0,0,0,0,0,0,0,0,0,0
4772134906080,3.0594357,1788966311107110724,,0,0,0,0,0,0,0,0,0,0,0,0,0,0,0,0,0,0,0
4772154988800,3.0795184,1788966311127110928,,0,0,0,0,0,0,0,0,0,0,0,0,0,0,0,0,0,0,0
4772175040000,3.0995696,1788966311147111491,,0,0,0,0,0,0,0,0,0,0,0,0,0,0,0,0,0,0,0
4772195002848,3.1195324,1788966311167110842,,0,0,0,0,0,0,0,0,0,0,0,0,0,0,0,0,0,0,0
4772214992320,3.1395219,1788966311187110938,,0,0,0,0,0,0,0,0,0,0,0,0,0,0,0,0,0,0,0
4772235015264,3.1595449,1788966311207110583,,0,0,0,0,0,0,0,0,0,0,0,0,0,0,0,0,0,0,0
4772254869504,3.1793991,1788966311227110293,,0,0,0,0,0,0,0,0,0,0,0,0,0,0,0,0,0,0,0
4772275023072,3.1995527,1788966311247110345,,0,0,0,0,0,0,0,0,0,0,0,0,0,0,0,0,0,0,0
4772294888864,3.2194185,1788966311267110497,,0,0,0,0,0,0,0,0,0,0,0,0,0,0,0,0,0,0,0
4772314883360,3.239413,1788966311287110942,,0,0,0,0,0,0,0,0,0,0,0,0,0,0,0,0,0,0,0
4772334903648,3.2594332,1788966311307110750,,0,0,0,0,0,0,0,0,0,0,0,0,0,0,0,0,0,0,0
4772355002560,3.2795322,1788966311327110720,,0,0,0,0,0,0,0,0,0,0,0,0,0,0,0,0,0,0,0
4772374884576,3.2994142,1788966311347110525,,0,0,0,0,0,0,0,0,0,0,0,0,0,0,0,0,0,0,0
4772394984960,3.3195146,1788966311367111130,,0,0,0,0,0,0,0,0,0,0,0,0,0,0,0,0,0,0,0
4772414823296,3.3393529,1788966311387110502,,0,0,0,0,0,0,0,0,0,0,0,0,0,0,0,0,0,0,0
4772435024896,3.3595545,1788966311407111422,,0,0,0,0,0,0,0,0,0,0,0,0,0,0,0,0,0,0,0
4772454870208,3.3793998,1788966311427111151,,0,0,0,0,0,0,0,0,0,0,0,0,0,0,0,0,0,0,0
4772475010624,3.3995402,1788966311447110905,,0,0,0,0,0,0,0,0,0,0,0,0,0,0,0,0,0,0,0
4772494900032,3.4194296,1788966311467111191,,0,0,0,0,0,0,0,0,0,0,0,0,0,0,0,0,0,0,0
4772514999584,3.4395292,1788966311487110766,,0,0,0,0,0,0,0,0,0,0,0,0,0,0,0,0,0,0,0
4772534896032,3.4594256,1788966311507110608,,0,0,0,0,0,0,0,0,0,0,0,0,0,0,0,0,0,0,0
4772554972384,3.479502,1788966311527110386,,0,0,0,0,0,0,0,0,0,0,0,0,0,0,0,0,0,0,0
4772574856288,3.4993859,1788966311547110028,,0,0,0,0,0,0,0,0,0,0,0,0,0,0,0,0,0,0,0
4772594808096,3.5193377,1788966311567110920,,0,0,0,0,0,0,0,0,0,0,0,0,0,0,0,0,0,0,0
4772615024064,3.5395537,1788966311587113272,,0,0,0,0,0,0,0,0,0,0,0,0,0,0,0,0,0,0,0
4772635006240,3.5595358,1788966311607113588,,0,0,0,0,0,0,0,0,0,0,0,0,0,0,0,0,0,0,0
4772654858752,3.5793884,1788966311627120039,,0,0,0,0,0,0,0,0,0,0,0,0,0,0,0,0,0,0,0
4772674908416,3.599438,1788966311647111673,,0,0,0,0,0,0,0,0,0,0,0,0,0,0,0,0,0,0,0
4772694962400,3.619492,1788966311667110757,,0,0,0,0,0,0,0,0,0,0,0,0,0,0,0,0,0,0,0
4772714848256,3.6393779,1788966311687110647,,0,0,0,0,0,0,0,0,0,0,0,0,0,0,0,0,0,0,0
4772734886496,3.6594161,1788966311707110090,,0,0,0,0,0,0,0,0,0,0,0,0,0,0,0,0,0,0,0
4772754814944,3.6793445,1788966311727111088,,0,0,0,0,0,0,0,0,0,0,0,0,0,0,0,0,0,0,0
4772774943744,3.6994733,1788966311747111046,,0,0,0,0,0,0,0,0,0,0,0,0,0,0,0,0,0,0,0
4772794864608,3.7193942,1788966311767110662,,0,0,0,0,0,0,0,0,0,0,0,0,0,0,0,0,0,0,0
4772814855840,3.7393854,1788966311787110496,,0,0,0,0,0,0,0,0,0,0,0,0,0,0,0,0,0,0,0
4772835102368,3.759632,1788966311807110583,,0,0,0,0,0,0,0,0,0,0,0,0,0,0,0,0,0,0,0
4772854828064,3.7793577,1788966311827111006,,0,0,0,0,0,0,0,0,0,0,0,0,0,0,0,0,0,0,0
4772874843968,3.7993736,1788966311847110605,,0,0,0,0,0,0,0,0,0,0,0,0,0,0,0,0,0,0,0
4772894883264,3.8194129,1788966311867110569,,0,0,0,0,0,0,0,0,0,0,0,0,0,0,0,0,0,0,0
4772914864960,3.8393946,1788966311887110784,,0,0,0,0,0,0,0,0,0,0,0,0,0,0,0,0,0,0,0
4772934843008,3.8593726,1788966311907110438,,0,0,0,0,0,0,0,0,0,0,0,0,0,0,0,0,0,0,0
4772954818624,3.8793482,1788966311927111102,,0,0,0,0,0,0,0,0,0,0,0,0,0,0,0,0,0,0,0
4772974830496,3.8993601,1788966311947124694,,0,0,0,0,0,0,0,0,0,0,0,0,0,0,0,0,0,0,0
4772994855744,3.9193853,1788966311967110430,,0,0,0,0,0,0,0,0,0,0,0,0,0,0,0,0,0,0,0
4773014828800,3.9393584,1788966311987110836,,0,0,0,0,0,0,0,0,0,0,0,0,0,0,0,0,0,0,0
4773035066560,3.9595962,1788966312007110481,,0,0,0,0,0,0,0,0,0,0,0,0,0,0,0,0,0,0,0
4773054886400,3.979416,1788966312027110512,,0,0,0,0,0,0,0,0,0,0,0,0,0,0,0,0,0,0,0
4773074873312,3.9994029,1788966312047110740,,0,0,0,0,0,0,0,0,0,0,0,0,0,0,0,0,0,0,0
4773094851776,4.0193814,1788966312067110450,,0,0,0,0,0,0,0,0,0,0,0,0,0,0,0,0,0,0,0
4773114984768,4.0395144,1788966312087110790,,0,0,0,0,0,0,0,0,0,0,0,0,0,0,0,0,0,0,0
4773135043488,4.0595731,1788966312107110363,,0,0,0,0,0,0,0,0,0,0,0,0,0,0,0,0,0,0,0
4773154848800,4.0793784,1788966312127110725,,0,0,0,0,0,0,0,0,0,0,0,0,0,0,0,0,0,0,0
4773174830624,4.0993602,1788966312147111134,,0,0,0,0,0,0,0,0,0,0,0,0,0,0,0,0,0,0,0
4773194848416,4.119378,1788966312167110593,,0,0,0,0,0,0,0,0,0,0,0,0,0,0,0,0,0,0,0
4773214843072,4.1393727,1788966312187113241,,0,0,0,0,0,0,0,0,0,0,0,0,0,0,0,0,0,0,0
4773234879040,4.1594086,1788966312207110677,,0,0,0,0,0,0,0,0,0,0,0,0,0,0,0,0,0,0,0
4773254840320,4.1793699,1788966312227110394,,0,0,0,0,0,0,0,0,0,0,0,0,0,0,0,0,0,0,0
4773274836384,4.199366,1788966312247124225,,0,0,0,0,0,0,0,0,0,0,0,0,0,0,0,0,0,0,0
4773294861536,4.2193911,1788966312267110309,,0,0,0,0,0,0,0,0,0,0,0,0,0,0,0,0,0,0,0
4773314848160,4.2393778,1788966312287110242,,0,0,0,0,0,0,0,0,0,0,0,0,0,0,0,0,0,0,0
4773335160160,4.2596898,1788966312307110636,,0,0,0,0,0,0,0,0,0,0,0,0,0,0,0,0,0,0,0
4773354827808,4.2793574,1788966312327111086,,0,0,0,0,0,0,0,0,0,0,0,0,0,0,0,0,0,0,0
4773374845056,4.2993747,1788966312347110593,,0,0,0,0,0,0,0,0,0,0,0,0,0,0,0,0,0,0,0
4773394828640,4.3193582,1788966312367110455,,0,0,0,0,0,0,0,0,0,0,0,0,0,0,0,0,0,0,0
4773414949312,4.3394789,1788966312387110291,,0,0,0,0,0,0,0,0,0,0,0,0,0,0,0,0,0,0,0
4773434919104,4.3594487,1788966312407124644,,0,0,0,0,0,0,0,0,0,0,0,0,0,0,0,0,0,0,0
4773454868672,4.3793983,1788966312427110781,,0,0,0,0,0,0,0,0,0,0,0,0,0,0,0,0,0,0,0
4773474966144,4.3994957,1788966312447110261,,0,0,0,0,0,0,0,0,0,0,0,0,0,0,0,0,0,0,0
4773494847744,4.4193773,1788966312467110514,,0,0,0,0,0,0,0,0,0,0,0,0,0,0,0,0,0,0,0
4773514852672,4.4393823,1788966312487110594,,0,0,0,0,0,0,0,0,0,0,0,0,0,0,0,0,0,0,0
4773534904384,4.459434,1788966312507111054,,0,0,0,0,0,0,0,0,0,0,0,0,0,0,0,0,0,0,0
4773554827904,4.4793575,1788966312527110675,,0,0,0,0,0,0,0,0,0,0,0,0,0,0,0,0,0,0,0
4773574850432,4.49938,1788966312547110801,,0,0,0,0,0,0,0,0,0,0,0,0,0,0,0,0,0,0,0
4773594836224,4.5193658,1788966312567110243,,0,0,0,0,0,0,0,0,0,0,0,0,0,0,0,0,0,0,0
4773614828576,4.5393582,1788966312587110401,,0,0,0,0,0,0,0,0,0,0,0,0,0,0,0,0,0,0,0
4773634845568,4.5593752,1788966312607110349,,0,0,0,0,0,0,0,0,0,0,0,0,0,0,0,0,0,0,0
4773654820832,4.5793504,1788966312627110093,,0,0,0,0,0,0,0,0,0,0,0,0,0,0,0,0,0,0,0
4773674851424,4.599381,1788966312647110878,,0,0,0,0,0,0,0,0,0,0,0,0,0,0,0,0,0,0,0
4773694838880,4.6193685,1788966312667113781,,0,0,0,0,0,0,0,0,0,0,0,0,0,0,0,0,0,0,0
4773714820000,4.6393496,1788966312687110606,,0,0,0,0,0,0,0,0,0,0,0,0,0,0,0,0,0,0,0
4773735076352,4.659606,1788966312707110951,,0,0,0,0,0,0,0,0,0,0,0,0,0,0,0,0,0,0,0
4773754830080,4.6793597,1788966312727111014,,0,0,0,0,0,0,0,0,0,0,0,0,0,0,0,0,0,0,0
4773774822976,4.6993526,1788966312747110339,,0,0,0,0,0,0,0,0,0,0,0,0,0,0,0,0,0,0,0
4773794799328,4.7193289,1788966312767110567,,0,0,0,0,0,0,0,0,0,0,0,0,0,0,0,0,0,0,0
4773814818464,4.7393481,1788966312787110760,,0,0,0,0,0,0,0,0,0,0,0,0,0,0,0,0,0,0,0
4773834859584,4.7593892,1788966312807110439,,0,0,0,0,0,0,0,0,0,0,0,0,0,0,0,0,0,0,0
4773854933760,4.7794634,1788966312827110805,,0,0,0,0,0,0,0,0,0,0,0,0,0,0,0,0,0,0,0
4773874820992,4.7993506,1788966312847110853,,0,0,0,0,0,0,0,0,0,0,0,0,0,0,0,0,0,0,0
4773894805664,4.8193353,1788966312867110268,,0,0,0,0,0,0,0,0,0,0,0,0,0,0,0,0,0,0,0
4773914828832,4.8393584,1788966312887110082,,0,0,0,0,0,0,0,0,0,0,0,0,0,0,0,0,0,0,0
4773934971456,4.8595011,1788966312907110450,,0,0,0,0,0,0,0,0,0,0,0,0,0,0,0,0,0,0,0
4773954837344,4.8793669,1788966312927110081,,0,0,0,0,0,0,0,0,0,0,0,0,0,0,0,0,0,0,0
4773974831040,4.8993606,1788966312947110155,,0,0,0,0,0,0,0,0,0,0,0,0,0,0,0,0,0,0,0
4773994843776,4.9193734,1788966312967110411,,0,0,0,0,0,0,0,0,0,0,0,0,0,0,0,0,0,0,0
4774014833632,4.9393632,1788966312987113717,,0,0,0,0,0,0,0,0,0,0,0,0,0,0,0,0,0,0,0
4774034832672,4.9593623,1788966313007110741,,0,0,0,0,0,0,0,0,0,0,0,0,0,0,0,0,0,0,0
4774054803232,4.9793328,1788966313027110413,,0,0,0,0,0,0,0,0,0,0,0,0,0,0,0,0,0,0,0
4774074854816,4.9993844,1788966313047110444,,0,0,0,0,0,0,0,0,0,0,0,0,0,0,0,0,0,0,0
4774094819072,5.0193487,1788966313067110255,,0,0,0,0,0,0,0,0,0,0,0,0,0,0,0,0,0,0,0
4774114798624,5.0393282,1788966313087110359,,0,0,0,0,0,0,0,0,0,0,0,0,0,0,0,0,0,0,0
4774134850592,5.0593802,1788966313107110569,,0,0,0,0,0,0,0,0,0,0,0,0,0,0,0,0,0,0,0
4774154872256,5.0794019,1788966313127110369,,0,0,0,0,0,0,0,0,0,0,0,0,0,0,0,0,0,0,0
4774174804672,5.0993343,1788966313147111608,,0,0,0,0,0,0,0,0,0,0,0,0,0,0,0,0,0,0,0
4774194819552,5.1193492,1788966313167110143,,0,0,0,0,0,0,0,0,0,0,0,0,0,0,0,0,0,0,0
4774214801536,5.1393311,1788966313187110366,,0,0,0,0,0,0,0,0,0,0,0,0,0,0,0,0,0,0,0
4774234944384,5.159474,1788966313207110334,,0,0,0,0,0,0,0,0,0,0,0,0,0,0,0,0,0,0,0
4774254815360,5.179345,1788966313227110489,,0,0,0,0,0,0,0,0,0,0,0,0,0,0,0,0,0,0,0
4774274881696,5.1994113,1788966313247110042,,0,0,0,0,0,0,0,0,0,0,0,0,0,0,0,0,0,0,0
4774294830528,5.2193601,1788966313267110229,,0,0,0,0,0,0,0,0,0,0,0,0,0,0,0,0,0,0,0
4774314813024,5.2393426,1788966313287110336,,0,0,0,0,0,0,0,0,0,0,0,0,0,0,0,0,0,0,0
4774334897952,5.2594276,1788966313307124854,,0,0,0,0,0,0,0,0,0,0,0,0,0,0,0,0,0,0,0
4774354819136,5.2793487,1788966313327110206,,0,0,0,0,0,0,0,0,0,0,0,0,0,0,0,0,0,0,0
4774374806304,5.2993359,1788966313347110637,,0,0,0,0,0,0,0,0,0,0,0,0,0,0,0,0,0,0,0
4774394876672,5.3194063,1788966313367110443,,0,0,0,0,0,0,0,0,0,0,0,0,0,0,0,0,0,0,0
4774414816448,5.339346,1788966313387124518,,0,0,0,0,0,0,0,0,0,0,0,0,0,0,0,0,0,0,0
4774434869376,5.359399,1788966313407110183,,0,0,0,0,0,0,0,0,0,0,0,0,0,0,0,0,0,0,0
4774454812800,5.3793424,1788966313427109823,,0,0,0,0,0,0,0,0,0,0,0,0,0,0,0,0,0,0,0
4774474804992,5.3993346,1788966313447110321,,0,0,0,0,0,0,0,0,0,0,0,0,0,0,0,0,0,0,0
4774494817536,5.4193471,1788966313467110484,,0,0,0,0,0,0,0,0,0,0,0,0,0,0,0,0,0,0,0
4774514907680,5.4394373,1788966313487110670,,0,0,0,0,0,0,0,0,0,0,0,0,0,0,0,0,0,0,0
4774534876256,5.4594059,1788966313507110479,,0,0,0,0,0,0,0,0,0,0,0,0,0,0,0,0,0,0,0
4774554783040,5.4793126,1788966313527110717,,0,0,0,0,0,0,0,0,0,0,0,0,0,0,0,0,0,0,0
4774574912608,5.4994422,1788966313547110041,,0,0,0,0,0,0,0,0,0,0,0,0,0,0,0,0,0,0,0
4774594797792,5.5193274,1788966313567110376,,0,0,0,0,0,0,0,0,0,0,0,0,0,0,0,0,0,0,0
4774614775968,5.5393056,1788966313587110916,,0,0,0,0,0,0,0,0,0,0,0,0,0,0,0,0,0,0,0
4774634811904,5.5593415,1788966313607110675,,0,0,0,0,0,0,0,0,0,0,0,0,0,0,0,0,0,0,0
4774654784352,5.579314,1788966313627110374,,0,0,0,0,0,0,0,0,0,0,0,0,0,0,0,0,0,0,0
4774674830016,5.5993596,1788966313647111956,,0,0,0,0,0,0,0,0,0,0,0,0,0,0,0,0,0,0,0
4774694771040,5.6193006,1788966313667110424,,0,0,0,0,0,0,0,0,0,0,0,0,0,0,0,0,0,0,0
4774714780832,5.6393104,1788966313687110353,,0,0,0,0,0,0,0,0,0,0,0,0,0,0,0,0,0,0,0
4774734845344,5.6593749,1788966313707110527,,0,0,0,0,0,0,0,0,0,0,0,0,0,0,0,0,0,0,0
4774754794432,5.679324,1788966313727110217,,0,0,0,0,0,0,0,0,0,0,0,0,0,0,0,0,0,0,0
4774778100864,5.7026305,1788966313747109408,,0,0,0,0,0,0,0,0,0,0,0,0,0,0,0,0,0,0,0
4774794827552,5.7193572,1788966313767113141,,0,0,0,0,0,0,0,0,0,0,0,0,0,0,0,0,0,0,0
4774814958464,5.7394881,1788966313787110547,,0,0,0,0,0,0,0,0,0,0,0,0,0,0,0,0,0,0,0
4774834862336,5.7593919,1788966313807110679,,0,0,0,0,0,0,0,0,0,0,0,0,0,0,0,0,0,0,0
4774854832736,5.7793623,1788966313827110640,,0,0,0,0,0,0,0,0,0,0,0,0,0,0,0,0,0,0,0
4774875056960,5.7995866,1788966313847110644,,0,0,0,0,0,0,0,0,0,0,0,0,0,0,0,0,0,0,0
4774894894688,5.8194243,1788966313867110788,,0,0,0,0,0,0,0,0,0,0,0,0,0,0,0,0,0,0,0
4774914870016,5.8393996,1788966313887110629,,0,0,0,0,0,0,0,0,0,0,0,0,0,0,0,0,0,0,0
4774934882848,5.8594124,1788966313907110690,,0,0,0,0,0,0,0,0,0,0,0,0,0,0,0,0,0,0,0
4774954886272,5.8794159,1788966313927110347,,0,0,0,0,0,0,0,0,0,0,0,0,0,0,0,0,0,0,0
4774974799296,5.8993289,1788966313947110392,,0,0,0,0,0,0,0,0,0,0,0,0,0,0,0,0,0,0,0
4774994978752,5.9195084,1788966313967110622,,0,0,0,0,0,0,0,0,0,0,0,0,0,0,0,0,0,0,0
4775014850144,5.9393797,1788966313987110382,,0,0,0,0,0,0,0,0,0,0,0,0,0,0,0,0,0,0,0
4775034853568,5.9593832,1788966314007110602,,0,0,0,0,0,0,0,0,0,0,0,0,0,0,0,0,0,0,0
4775054794848,5.9793244,1788966314027110624,,0,0,0,0,0,0,0,0,0,0,0,0,0,0,0,0,0,0,0
4775074831840,5.9993614,1788966314047111004,,0,0,0,0,0,0,0,0,0,0,0,0,0,0,0,0,0,0,0
4775094760640,6.0192902,1788966314067110837,,0,0,0,0,0,0,0,0,0,0,0,0,0,0,0,0,0,0,0
4775114815968,6.0393456,1788966314087111114,,0,0,0,0,0,0,0,0,0,0,0,0,0,0,0,0,0,0,0
4775134779200,6.0593088,1788966314107110773,,0,0,0,0,0,0,0,0,0,0,0,0,0,0,0,0,0,0,0
4775154767488,6.0792971,1788966314127110546,,0,0,0,0,0,0,0,0,0,0,0,0,0,0,0,0,0,0,0
4775174838304,6.0993679,1788966314147111058,,0,0,0,0,0,0,0,0,0,0,0,0,0,0,0,0,0,0,0
4775194858752,6.1193884,1788966314167125113,,0,0,0,0,0,0,0,0,0,0,0,0,0,0,0,0,0,0,0
4775214834592,6.1393642,1788966314187110432,,0,0,0,0,0,0,0,0,0,0,0,0,0,0,0,0,0,0,0
4775234853312,6.1593829,1788966314207110116,,0,0,0,0,0,0,0,0,0,0,0,0,0,0,0,0,0,0,0
4775254857760,6.1793874,1788966314227110315,,0,0,0,0,0,0,0,0,0,0,0,0,0,0,0,0,0,0,0
4775274839456,6.1993691,1788966314247110917,,0,0,0,0,0,0,0,0,0,0,0,0,0,0,0,0,0,0,0
4775294816736,6.2193463,1788966314267110559,,0,0,0,0,0,0,0,0,0,0,0,0,0,0,0,0,0,0,0
4775314826848,6.2393564,1788966314287110368,,0,0,0,0,0,0,0,0,0,0,0,0,0,0,0,0,0,0,0
4775334810720,6.2593403,1788966314307110986,,0,0,0,0,0,0,0,0,0,0,0,0,0,0,0,0,0,0,0
4775354796864,6.2793265,1788966314327110235,,0,0,0,0,0,0,0,0,0,0,0,0,0,0,0,0,0,0,0
4775374860384,6.29939,1788966314347110459,,0,0,0,0,0,0,0,0,0,0,0,0,0,0,0,0,0,0,0
4775394921056,6.3194507,1788966314367110492,,0,0,0,0,0,0,0,0,0,0,0,0,0,0,0,0,0,0,0
4775414797280,6.3393269,1788966314387110137,,0,0,0,0,0,0,0,0,0,0,0,0,0,0,0,0,0,0,0
4775434823840,6.3593534,1788966314407110895,,0,0,0,0,0,0,0,0,0,0,0,0,0,0,0,0,0,0,0
4775454818400,6.379348,1788966314427110100,,0,0,0,0,0,0,0,0,0,0,0,0,0,0,0,0,0,0,0
4775474823616,6.3993532,1788966314447110231,,0,0,0,0,0,0,0,0,0,0,0,0,0,0,0,0,0,0,0
4775494753632,6.4192832,1788966314467110036,,0,0,0,0,0,0,0,0,0,0,0,0,0,0,0,0,0,0,0
4775514809600,6.4393392,1788966314487110688,,0,0,0,0,0,0,0,0,0,0,0,0,0,0,0,0,0,0,0
4775534828224,6.4593578,1788966314507110353,,0,0,0,0,0,0,0,0,0,0,0,0,0,0,0,0,0,0,0
4775554812256,6.4793419,1788966314527110178,,0,0,0,0,0,0,0,0,0,0,0,0,0,0,0,0,0,0,0
4775574817152,6.4993468,1788966314547110501,,0,0,0,0,0,0,0,0,0,0,0,0,0,0,0,0,0,0,0
4775594883008,6.5194126,1788966314567110755,,0,0,0,0,0,0,0,0,0,0,0,0,0,0,0,0,0,0,0
4775614806848,6.5393364,1788966314587113480,,0,0,0,0,0,0,0,0,0,0,0,0,0,0,0,0,0,0,0
4775634798464,6.5593281,1788966314607110242,,0,0,0,0,0,0,0,0,0,0,0,0,0,0,0,0,0,0,0
4775654838592,6.5793682,1788966314627111008,,0,0,0,0,0,0,0,0,0,0,0,0,0,0,0,0,0,0,0
4775674809696,6.5993393,1788966314647111582,,0,0,0,0,0,0,0,0,0,0,0,0,0,0,0,0,0,0,0
4775694727968,6.6192576,1788966314667113836,,0,0,0,0,0,0,0,0,0,0,0,0,0,0,0,0,0,0,0
4775714809088,6.6393387,1788966314687110823,,0,0,0,0,0,0,0,0,0,0,0,0,0,0,0,0,0,0,0
4775734794656,6.6593243,1788966314707110279,,0,0,0,0,0,0,0,0,0,0,0,0,0,0,0,0,0,0,0
4775754807680,6.6793373,1788966314727110356,,0,0,0,0,0,0,0,0,0,0,0,0,0,0,0,0,0,0,0
4775774817696,6.6993473,1788966314747110190,,0,0,0,0,0,0,0,0,0,0,0,0,0,0,0,0,0,0,0
4775794897152,6.7194268,1788966314767110616,,0,0,0,0,0,0,0,0,0,0,0,0,0,0,0,0,0,0,0
4775814814400,6.739344,1788966314787110454,,0,0,0,0,0,0,0,0,0,0,0,0,0,0,0,0,0,0,0
4775834845248,6.7593748,1788966314807110276,,0,0,0,0,0,0,0,0,0,0,0,0,0,0,0,0,0,0,0
4775854829952,6.7793596,1788966314827116677,,0,0,0,0,0,0,0,0,0,0,0,0,0,0,0,0,0,0,0
4775874814848,6.7993444,1788966314847110865,,0,0,0,0,0,0,0,0,0,0,0,0,0,0,0,0,0,0,0
4775894735296,6.8192649,1788966314867110241,,0,0,0,0,0,0,0,0,0,0,0,0,0,0,0,0,0,0,0
4775914832352,6.839362,1788966314887110780,,0,0,0,0,0,0,0,0,0,0,0,0,0,0,0,0,0,0,0
4775934811200,6.8593408,1788966314907110699,,0,0,0,0,0,0,0,0,0,0,0,0,0,0,0,0,0,0,0
4775954822688,6.8793523,1788966314927110754,,0,0,0,0,0,0,0,0,0,0,0,0,0,0,0,0,0,0,0
4775974825920,6.8993555,1788966314947110898,,0,0,0,0,0,0,0,0,0,0,0,0,0,0,0,0,0,0,0
4775994929792,6.9194594,1788966314967110852,,0,0,0,0,0,0,0,0,0,0,0,0,0,0,0,0,0,0,0
4776014828064,6.9393577,1788966314987110686,,0,0,0,0,0,0,0,0,0,0,0,0,0,0,0,0,0,0,0
4776034817600,6.9593472,1788966315007110759,,0,0,0,0,0,0,0,0,0,0,0,0,0,0,0,0,0,0,0
4776054849472,6.9793791,1788966315027110218,,0,0,0,0,0,0,0,0,0,0,0,0,0,0,0,0,0,0,0
4776074800864,6.9993305,1788966315047124312,,0,0,0,0,0,0,0,0,0,0,0,0,0,0,0,0,0,0,0
4776094791168,7.0193208,1788966315067110682,,0,0,0,0,0,0,0,0,0,0,0,0,0,0,0,0,0,0,0
4776114812544,7.0393421,1788966315087110526,,0,0,0,0,0,0,0,0,0,0,0,0,0,0,0,0,0,0,0
4776134818528,7.0593481,1788966315107110569,,0,0,0,0,0,0,0,0,0,0,0,0,0,0,0,0,0,0,0
4776154836544,7.0793661,1788966315127110584,,0,0,0,0,0,0,0,0,0,0,0,0,0,0,0,0,0,0,0
4776174824032,7.0993536,1788966315147111657,,0,0,0,0,0,0,0,0,0,0,0,0,0,0,0,0,0,0,0
4776194846720,7.1193763,1788966315167111179,,0,0,0,0,0,0,0,0,0,0,0,0,0,0,0,0,0,0,0
4776214799168,7.1393288,1788966315187110446,,0,0,0,0,0,0,0,0,0,0,0,0,0,0,0,0,0,0,0
4776234868256,7.1593979,1788966315207110512,,0,0,0,0,0,0,0,0,0,0,0,0,0,0,0,0,0,0,0
4776254826528,7.1793561,1788966315227110681,,0,0,0,0,0,0,0,0,0,0,0,0,0,0,0,0,0,0,0
4776274824128,7.1993537,1788966315247110517,,0,0,0,0,0,0,0,0,0,0,0,0,0,0,0,0,0,0,0
4776294707040,7.2192366,1788966315267110695,,0,0,0,0,0,0,0,0,0,0,0,0,0,0,0,0,0,0,0
4776314800160,7.2393298,1788966315287110879,,0,0,0,0,0,0,0,0,0,0,0,0,0,0,0,0,0,0,0
4776334827232,7.2593568,1788966315307110384,,0,0,0,0,0,0,0,0,0,0,0,0,0,0,0,0,0,0,0
4776354805600,7.2793352,1788966315327110319,,0,0,0,0,0,0,0,0,0,0,0,0,0,0,0,0,0,0,0
4776374846432,7.299376,1788966315347110350,,0,0,0,0,0,0,0,0,0,0,0,0,0,0,0,0,0,0,0
4776394829088,7.3193587,1788966315367110589,,0,0,0,0,0,0,0,0,0,0,0,0,0,0,0,0,0,0,0
4776414806208,7.3393358,1788966315387110839,,0,0,0,0,0,0,0,0,0,0,0,0,0,0,0,0,0,0,0
4776434852096,7.3593817,1788966315407110818,,0,0,0,0,0,0,0,0,0,0,0,0,0,0,0,0,0,0,0
4776454828800,7.3793584,1788966315427110876,,0,0,0,0,0,0,0,0,0,0,0,0,0,0,0,0,0,0,0
4776474805344,7.3993349,1788966315447110759,,0,0,0,0,0,0,0,0,0,0,0,0,0,0,0,0,0,0,0
4776494684224,7.4192138,1788966315467110716,,0,0,0,0,0,0,0,0,0,0,0,0,0,0,0,0,0,0,0
4776514804384,7.439334,1788966315487111052,,0,0,0,0,0,0,0,0,0,0,0,0,0,0,0,0,0,0,0
4776534798432,7.459328,1788966315507110627,,0,0,0,0,0,0,0,0,0,0,0,0,0,0,0,0,0,0,0
4776554813568,7.4793432,1788966315527110630,,0,0,0,0,0,0,0,0,0,0,0,0,0,0,0,0,0,0,0
4776574817888,7.4993475,1788966315547110846,,0,0,0,0,0,0,0,0,0,0,0,0,0,0,0,0,0,0,0
4776594822208,7.5193518,1788966315567110504,,0,0,0,0,0,0,0,0,0,0,0,0,0,0,0,0,0,0,0
4776614832032,7.5393616,1788966315587110743,,0,0,0,0,0,0,0,0,0,0,0,0,0,0,0,0,0,0,0
4776634816928,7.5593465,1788966315607111201,,0,0,0,0,0,0,0,0,0,0,0,0,0,0,0,0,0,0,0
4776654827552,7.5793572,1788966315627111177,,0,0,0,0,0,0,0,0,0,0,0,0,0,0,0,0,0,0,0
4776674888192,7.5994178,1788966315647110895,,0,0,0,0,0,0,0,0,0,0,0,0,0,0,0,0,0,0,0
4776694711776,7.6192414,1788966315667110619,,0,0,0,0,0,0,0,0,0,0,0,0,0,0,0,0,0,0,0
4776714821728,7.6393513,1788966315687110297,,0,0,0,0,0,0,0,0,0,0,0,0,0,0,0,0,0,0,0
4776734847840,7.6593774,1788966315707110566,,0,0,0,0,0,0,0,0,0,0,0,0,0,0,0,0,0,0,0
4776754812672,7.6793423,1788966315727110634,,0,0,0,0,0,0,0,0,0,0,0,0,0,0,0,0,0,0,0
4776774794688,7.6993243,1788966315747110462,,0,0,0,0,0,0,0,0,0,0,0,0,0,0,0,0,0,0,0
4776794835872,7.7193655,1788966315767110893,,0,0,0,0,0,0,0,0,0,0,0,0,0,0,0,0,0,0,0
4776814787360,7.739317,1788966315787110350,,0,0,0,0,0,0,0,0,0,0,0,0,0,0,0,0,0,0,0
4776834842048,7.7593716,1788966315807110555,,0,0,0,0,0,0,0,0,0,0,0,0,0,0,0,0,0,0,0
4776854807360,7.779337,1788966315827110329,,0,0,0,0,0,0,0,0,0,0,0,0,0,0,0,0,0,0,0
4776874828128,7.7993577,1788966315847110319,,0,0,0,0,0,0,0,0,0,0,0,0,0,0,0,0,0,0,0
4776894773568,7.8193032,1788966315867110623,,0,0,0,0,0,0,0,0,0,0,0,0,0,0,0,0,0,0,0
4776914826304,7.8393559,1788966315887110948,,0,0,0,0,0,0,0,0,0,0,0,0,0,0,0,0,0,0,0
4776934817056,7.8593467,1788966315907116724,,0,0,0,0,0,0,0,0,0,0,0,0,0,0,0,0,0,0,0
4776954837344,7.8793669,1788966315927110375,,0,0,0,0,0,0,0,0,0,0,0,0,0,0,0,0,0,0,0
4776974817024,7.8993466,1788966315947110341,,0,0,0,0,0,0,0,0,0,0,0,0,0,0,0,0,0,0,0
4776994813792,7.9193434,1788966315967110495,,0,0,0,0,0,0,0,0,0,0,0,0,0,0,0,0,0,0,0
4777014824640,7.9393542,1788966315987110338,,0,0,0,0,0,0,0,0,0,0,0,0,0,0,0,0,0,0,0
4777034820576,7.9593502,1788966316007110826,,0,0,0,0,0,0,0,0,0,0,0,0,0,0,0,0,0,0,0
4777054806240,7.9793358,1788966316027110166,,0,0,0,0,0,0,0,0,0,0,0,0,0,0,0,0,0,0,0
4777074825472,7.9993551,1788966316047110721,,0,0,0,0,0,0,0,0,0,0,0,0,0,0,0,0,0,0,0
4777094909472,8.0194391,1788966316067110928,,0,0,0,0,0,0,0,0,0,0,0,0,0,0,0,0,0,0,0
4777114804128,8.0393337,1788966316087110913,,0,0,0,0,0,0,0,0,0,0,0,0,0,0,0,0,0,0,0
4777134822784,8.0593524,1788966316107110951,,0,0,0,0,0,0,0,0,0,0,0,0,0,0,0,0,0,0,0
4777154804096,8.0793337,1788966316127110495,,0,0,0,0,0,0,0,0,0,0,0,0,0,0,0,0,0,0,0
4777174773824,8.0993034,1788966316147110872,,0,0,0,0,0,0,0,0,0,0,0,0,0,0,0,0,0,0,0
4777194788832,8.1193184,1788966316167110660,,0,0,0,0,0,0,0,0,0,0,0,0,0,0,0,0,0,0,0
4777214809600,8.1393392,1788966316187113549,,0,0,0,0,0,0,0,0,0,0,0,0,0,0,0,0,0,0,0
4777234801120,8.1593307,1788966316207110851,,0,0,0,0,0,0,0,0,0,0,0,0,0,0,0,0,0,0,0
4777254816096,8.1793457,1788966316227110705,,0,0,0,0,0,0,0,0,0,0,0,0,0,0,0,0,0,0,0
4777274812544,8.1993421,1788966316247110541,,0,0,0,0,0,0,0,0,0,0,0,0,0,0,0,0,0,0,0
4777294689888,8.2192195,1788966316267110809,,0,0,0,0,0,0,0,0,0,0,0,0,0,0,0,0,0,0,0
4777314813088,8.2393427,1788966316287111009,,0,0,0,0,0,0,0,0,0,0,0,0,0,0,0,0,0,0,0
4777334799168,8.2593288,1788966316307110496,,0,0,0,0,0,0,0,0,0,0,0,0,0,0,0,0,0,0,0
4777354810496,8.2793401,1788966316327110942,,0,0,0,0,0,0,0,0,0,0,0,0,0,0,0,0,0,0,0
4777374781696,8.2993113,1788966316347110706,,0,0,0,0,0,0,0,0,0,0,0,0,0,0,0,0,0,0,0
4777394774752,8.3193044,1788966316367110583,,0,0,0,0,0,0,0,0,0,0,0,0,0,0,0,0,0,0,0
4777414808224,8.3393378,1788966316387110812,,0,0,0,0,0,0,0,0,0,0,0,0,0,0,0,0,0,0,0
4777434801632,8.3593312,1788966316407111204,,0,0,0,0,0,0,0,0,0,0,0,0,0,0,0,0,0,0,0
4777454789312,8.3793189,1788966316427110566,,0,0,0,0,0,0,0,0,0,0,0,0,0,0,0,0,0,0,0
4777474822944,8.3993525,1788966316447111039,,0,0,0,0,0,0,0,0,0,0,0,0,0,0,0,0,0,0,0
4777494792192,8.4193218,1788966316467110744,,0,0,0,0,0,0,0,0,0,0,0,0,0,0,0,0,0,0,0
4777514759904,8.4392895,1788966316487110598,,0,0,0,0,0,0,0,0,0,0,0,0,0,0,0,0,0,0,0
4777534787904,8.4593175,1788966316507110391,,0,0,0,0,0,0,0,0,0,0,0,0,0,0,0,0,0,0,0
4777554772160,8.4793018,1788966316527110471,,0,0,0,0,0,0,0,0,0,0,0,0,0,0,0,0,0,0,0
4777574761504,8.4992911,1788966316547110251,,0,0,0,0,0,0,0,0,0,0,0,0,0,0,0,0,0,0,0
4777594812032,8.5193416,1788966316567110992,,0,0,0,0,0,0,0,0,0,0,0,0,0,0,0,0,0,0,0
4777614762272,8.5392919,1788966316587111298,,0,0,0,0,0,0,0,0,0,0,0,0,0,0,0,0,0,0,0
4777634755296,8.5592849,1788966316607110602,,0,0,0,0,0,0,0,0,0,0,0,0,0,0,0,0,0,0,0
4777654785184,8.5793148,1788966316627110780,,0,0,0,0,0,0,0,0,0,0,0,0,0,0,0,0,0,0,0
4777674761824,8.5992914,1788966316647111208,,0,0,0,0,0,0,0,0,0,0,0,0,0,0,0,0,0,0,0
4777694676640,8.6192062,1788966316667111074,,0,0,0,0,0,0,0,0,0,0,0,0,0,0,0,0,0,0,0
4777714773088,8.6393027,1788966316687110710,,0,0,0,0,0,0,0,0,0,0,0,0,0,0,0,0,0,0,0
4777734802464,8.6593321,1788966316707110158,,0,0,0,0,0,0,0,0,0,0,0,0,0,0,0,0,0,0,0
4777754742496,8.6792721,1788966316727110479,,0,0,0,0,0,0,0,0,0,0,0,0,0,0,0,0,0,0,0
4777774820192,8.6993498,1788966316747111299,,0,0,0,0,0,0,0,0,0,0,0,0,0,0,0,0,0,0,0
4777794797824,8.7193274,1788966316767110573,,0,0,0,0,0,0,0,0,0,0,0,0,0,0,0,0,0,0,0
4777814794048,8.7393236,1788966316787111027,,0,0,0,0,0,0,0,0,0,0,0,0,0,0,0,0,0,0,0
4777834762080,8.7592917,1788966316807110570,,0,0,0,0,0,0,0,0,0,0,0,0,0,0,0,0,0,0,0
4777854791488,8.7793211,1788966316827110956,,0,0,0,0,0,0,0,0,0,0,0,0,0,0,0,0,0,0,0
4777874810336,8.7993399,1788966316847110616,,0,0,0,0,0,0,0,0,0,0,0,0,0,0,0,0,0,0,0
4777894671168,8.8192008,1788966316867110645,,0,0,0,0,0,0,0,0,0,0,0,0,0,0,0,0,0,0,0
4777914730688,8.8392603,1788966316887110609,,0,0,0,0,0,0,0,0,0,0,0,0,0,0,0,0,0,0,0
4777934777568,8.8593072,1788966316907110513,,0,0,0,0,0,0,0,0,0,0,0,0,0,0,0,0,0,0,0
4777954754272,8.8792839,1788966316927110972,,0,0,0,0,0,0,0,0,0,0,0,0,0,0,0,0,0,0,0
4777974758240,8.8992878,1788966316947110528,,0,0,0,0,0,0,0,0,0,0,0,0,0,0,0,0,0,0,0
4777994825600,8.9193552,1788966316967110565,,0,0,0,0,0,0,0,0,0,0,0,0,0,0,0,0,0,0,0
4778014748256,8.9392779,1788966316987113716,,0,0,0,0,0,0,0,0,0,0,0,0,0,0,0,0,0,0,0
4778034741088,8.9592707,1788966317007110527,,0,0,0,0,0,0,0,0,0,0,0,0,0,0,0,0,0,0,0
4778054778368,8.979308,1788966317027110431,,0,0,0,0,0,0,0,0,0,0,0,0,0,0,0,0,0,0,0
4778074797120,8.9993267,1788966317047110874,,0,0,0,0,0,0,0,0,0,0,0,0,0,0,0,0,0,0,0
4778094675872,9.0192055,1788966317067110738,,0,0,0,0,0,0,0,0,0,0,0,0,0,0,0,0,0,0,0
4778114784320,9.0393139,1788966317087111063,,0,0,0,0,0,0,0,0,0,0,0,0,0,0,0,0,0,0,0
4778134723296,9.0592529,1788966317107110721,,0,0,0,0,0,0,0,0,0,0,0,0,0,0,0,0,0,0,0
4778154724704,9.0792543,1788966317127125212,,0,0,0,0,0,0,0,0,0,0,0,0,0,0,0,0,0,0,0
4778174730368,9.09926,1788966317147111856,,0,0,0,0,0,0,0,0,0,0,0,0,0,0,0,0,0,0,0
4778194738112,9.1192677,1788966317167111683,,0,0,0,0,0,0,0,0,0,0,0,0,0,0,0,0,0,0,0
4778214766816,9.1392964,1788966317187110502,,0,0,0,0,0,0,0,0,0,0,0,0,0,0,0,0,0,0,0
4778234775104,9.1593047,1788966317207110792,,0,0,0,0,0,0,0,0,0,0,0,0,0,0,0,0,0,0,0
4778254728320,9.1792579,1788966317227113664,,0,0,0,0,0,0,0,0,0,0,0,0,0,0,0,0,0,0,0
4778274750976,9.1992806,1788966317247110867,,0,0,0,0,0,0,0,0,0,0,0,0,0,0,0,0,0,0,0
4778294659584,9.2191892,1788966317267110840,,0,0,0,0,0,0,0,0,0,0,0,0,0,0,0,0,0,0,0
4778314721056,9.2392507,1788966317287111011,,0,0,0,0,0,0,0,0,0,0,0,0,0,0,0,0,0,0,0
4778334781952,9.2593116,1788966317307110441,,0,0,0,0,0,0,0,0,0,0,0,0,0,0,0,0,0,0,0
4778354710080,9.2792397,1788966317327110680,,0,0,0,0,0,0,0,0,0,0,0,0,0,0,0,0,0,0,0
4778374729088,9.2992587,1788966317347110709,,0,0,0,0,0,0,0,0,0,0,0,0,0,0,0,0,0,0,0
4778394753280,9.3192829,1788966317367110615,,0,0,0,0,0,0,0,0,0,0,0,0,0,0,0,0,0,0,0
4778414735392,9.339265,1788966317387110833,,0,0,0,0,0,0,0,0,0,0,0,0,0,0,0,0,0,0,0
4778434750208,9.3592798,1788966317407110580,,0,0,0,0,0,0,0,0,0,0,0,0,0,0,0,0,0,0,0
4778454852704,9.3793823,1788966317427110569,,0,0,0,0,0,0,0,0,0,0,0,0,0,0,0,0,0,0,0
4778474725312,9.3992549,1788966317447110690,,0,0,0,0,0,0,0,0,0,0,0,0,0,0,0,0,0,0,0
4778494625504,9.4191551,1788966317467110432,,0,0,0,0,0,0,0,0,0,0,0,0,0,0,0,0,0,0,0
4778514734560,9.4392642,1788966317487110666,,0,0,0,0,0,0,0,0,0,0,0,0,0,0,0,0,0,0,0
4778534759648,9.4592892,1788966317507110165,,0,0,0,0,0,0,0,0,0,0,0,0,0,0,0,0,0,0,0
4778554712064,9.4792417,1788966317527110749,,0,0,0,0,0,0,0,0,0,0,0,0,0,0,0,0,0,0,0
4778574780544,9.4993101,1788966317547111177,,0,0,0,0,0,0,0,0,0,0,0,0,0,0,0,0,0,0,0
4778594768320,9.5192979,1788966317567110418,,0,0,0,0,0,0,0,0,0,0,0,0,0,0,0,0,0,0,0
4778614695296,9.5392249,1788966317587110540,,0,0,0,0,0,0,0,0,0,0,0,0,0,0,0,0,0,0,0
4778634724352,9.559254,1788966317607124658,,0,0,0,0,0,0,0,0,0,0,0,0,0,0,0,0,0,0,0
4778654797376,9.579327,1788966317627110886,,0,0,0,0,0,0,0,0,0,0,0,0,0,0,0,0,0,0,0
4778674763648,9.5992932,1788966317647111594,,0,0,0,0,0,0,0,0,0,0,0,0,0,0,0,0,0,0,0
4778695217920,9.6197475,1788966317667110702,,0,0,0,0,0,0,0,0,0,0,0,0,0,0,0,0,0,0,0
4778714699968,9.6392296,1788966317687110520,,0,0,0,0,0,0,0,0,0,0,0,0,0,0,0,0,0,0,0
4778734704256,9.6592339,1788966317707110623,,0,0,0,0,0,0,0,0,0,0,0,0,0,0,0,0,0,0,0
4778754716512,9.6792461,1788966317727110864,,0,0,0,0,0,0,0,0,0,0,0,0,0,0,0,0,0,0,0
4778774716288,9.6992459,1788966317747110644,,0,0,0,0,0,0,0,0,0,0,0,0,0,0,0,0,0,0,0
4778794753024,9.7192826,1788966317767111109,,0,0,0,0,0,0,0,0,0,0,0,0,0,0,0,0,0,0,0
4778814700960,9.7392306,1788966317787110620,,0,0,0,0,0,0,0,0,0,0,0,0,0,0,0,0,0,0,0
4778834706400,9.759236,1788966317807111254,,0,0,0,0,0,0,0,0,0,0,0,0,0,0,0,0,0,0,0
4778854754816,9.7792844,1788966317827110984,,0,0,0,0,0,0,0,0,0,0,0,0,0,0,0,0,0,0,0
4778874710848,9.7992404,1788966317847110810,,0,0,0,0,0,0,0,0,0,0,0,0,0,0,0,0,0,0,0
4778894605952,9.8191356,1788966317867110516,,0,0,0,0,0,0,0,0,0,0,0,0,0,0,0,0,0,0,0
4778914732224,9.8392618,1788966317887110301,,0,0,0,0,0,0,0,0,0,0,0,0,0,0,0,0,0,0,0
4778934718592,9.8592482,1788966317907110752,,0,0,0,0,0,0,0,0,0,0,0,0,0,0,0,0,0,0,0
4778954700992,9.8792306,1788966317927110548,,0,0,0,0,0,0,0,0,0,0,0,0,0,0,0,0,0,0,0
4778974762688,9.8992923,1788966317947111379,,0,0,0,0,0,0,0,0,0,0,0,0,0,0,0,0,0,0,0
4778994710368,9.91924,1788966317967111067,,0,0,0,0,0,0,0,0,0,0,0,0,0,0,0,0,0,0,0
4779014685056,9.9392147,1788966317987110878,,0,0,0,0,0,0,0,0,0,0,0,0,0,0,0,0,0,0,0
4779034705696,9.9592353,1788966318007110207,,0,0,0,0,0,0,0,0,0,0,0,0,0,0,0,0,0,0,0
4779054703072,9.9792327,1788966318027110214,,0,0,0,0,0,0,0,0,0,0,0,0,0,0,0,0,0,0,0
4779074684192,9.9992138,1788966318047110427,,0,0,0,0,0,0,0,0,0,0,0,0,0,0,0,0,0,0,0
4779094634176,10.019164,1788966318067117150,,0,0,0,0,0,0,0,0,0,0,0,0,0,0,0,0,0,0,0
4779114697344,10.039227,1788966318087110983,,0,0,0,0,0,0,0,0,0,0,0,0,0,0,0,0,0,0,0
4779134689696,10.059219,1788966318107112919,,0,0,0,0,0,0,0,0,0,0,0,0,0,0,0,0,0,0,0
4779154685312,10.079215,1788966318127110620,,0,0,0,0,0,0,0,0,0,0,0,0,0,0,0,0,0,0,0
4779174684864,10.099214,1788966318147112050,,0,0,0,0,0,0,0,0,0,0,0,0,0,0,0,0,0,0,0
4779194681696,10.119211,1788966318167110947,,0,0,0,0,0,0,0,0,0,0,0,0,0,0,0,0,0,0,0
4779214776736,10.139306,1788966318187110878,,0,0,0,0,0,0,0,0,0,0,0,0,0,0,0,0,0,0,0
4779234674464,10.159204,1788966318207110396,,0,0,0,0,0,0,0,0,0,0,0,0,0,0,0,0,0,0,0
4779254778336,10.179308,1788966318227110775,,0,0,0,0,0,0,0,0,0,0,0,0,0,0,0,0,0,0,0
4779274698880,10.199228,1788966318247111236,,0,0,0,0,0,0,0,0,0,0,0,0,0,0,0,0,0,0,0
4779294602400,10.219132,1788966318267110594,,0,0,0,0,0,0,0,0,0,0,0,0,0,0,0,0,0,0,0
4779314709856,10.239239,1788966318287110870,,0,0,0,0,0,0,0,0,0,0,0,0,0,0,0,0,0,0,0
4779334649984,10.25918,1788966318307110970,,0,0,0,0,0,0,0,0,0,0,0,0,0,0,0,0,0,0,0
4779354658752,10.279188,1788966318327110679,,0,0,0,0,0,0,0,0,0,0,0,0,0,0,0,0,0,0,0
4779374717888,10.299247,1788966318347110135,,0,0,0,0,0,0,0,0,0,0,0,0,0,0,0,0,0,0,0
4779394692416,10.319222,1788966318367111071,,0,0,0,0,0,0,0,0,0,0,0,0,0,0,0,0,0,0,0
4779414638304,10.339168,1788966318387110988,,0,0,0,0,0,0,0,0,0,0,0,0,0,0,0,0,0,0,0
4779434657504,10.359187,1788966318407110775,,0,0,0,0,0,0,0,0,0,0,0,0,0,0,0,0,0,0,0
4779454698304,10.379228,1788966318427110959,,0,0,0,0,0,0,0,0,0,0,0,0,0,0,0,0,0,0,0
4779474665824,10.399195,1788966318447110831,,0,0,0,0,0,0,0,0,0,0,0,0,0,0,0,0,0,0,0
4779494565472,10.419095,1788966318467110848,,0,0,0,0,0,0,0,0,0,0,0,0,0,0,0,0,0,0,0
4779514646720,10.439176,1788966318487111113,,0,0,0,0,0,0,0,0,0,0,0,0,0,0,0,0,0,0,0
4779534626304,10.459156,1788966318507110775,,0,0,0,0,0,0,0,0,0,0,0,0,0,0,0,0,0,0,0
4779554681728,10.479211,1788966318527110672,,0,0,0,0,0,0,0,0,0,0,0,0,0,0,0,0,0,0,0
4779574677952,10.499208,1788966318547110525,,0,0,0,0,0,0,0,0,0,0,0,0,0,0,0,0,0,0,0
4779594686496,10.519216,1788966318567110728,,0,0,0,0,0,0,0,0,0,0,0,0,0,0,0,0,0,0,0
4779614691232,10.539221,1788966318587110415,,0,0,0,0,0,0,0,0,0,0,0,0,0,0,0,0,0,0,0
4779634666400,10.559196,1788966318607110748,,0,0,0,0,0,0,0,0,0,0,0,0,0,0,0,0,0,0,0
4779654631744,10.579161,1788966318627109929,,0,0,0,0,0,0,0,0,0,0,0,0,0,0,0,0,0,0,0
4779674674400,10.599204,1788966318647111596,,0,0,0,0,0,0,0,0,0,0,0,0,0,0,0,0,0,0,0
4779694556832,10.619086,1788966318667111505,,0,0,0,0,0,0,0,0,0,0,0,0,0,0,0,0,0,0,0
4779714655104,10.639185,1788966318687110657,,0,0,0,0,0,0,0,0,0,0,0,0,0,0,0,0,0,0,0
4779734630528,10.65916,1788966318707110979,,0,0,0,0,0,0,0,0,0,0,0,0,0,0,0,0,0,0,0
4779754651904,10.679182,1788966318727111149,,0,0,0,0,0,0,0,0,0,0,0,0,0,0,0,0,0,0,0
4779774678912,10.699209,1788966318747111217,,0,0,0,0,0,0,0,0,0,0,0,0,0,0,0,0,0,0,0
4779794722912,10.719253,1788966318767110907,,0,0,0,0,0,0,0,0,0,0,0,0,0,0,0,0,0,0,0
4779814660800,10.73919,1788966318787110673,,0,0,0,0,0,0,0,0,0,0,0,0,0,0,0,0,0,0,0
4779834680608,10.75921,1788966318807110969,,0,0,0,0,0,0,0,0,0,0,0,0,0,0,0,0,0,0,0
4779854676352,10.779206,1788966318827110524,,0,0,0,0,0,0,0,0,0,0,0,0,0,0,0,0,0,0,0
4779874624800,10.799154,1788966318847111212,,0,0,0,0,0,0,0,0,0,0,0,0,0,0,0,0,0,0,0
4779894560160,10.81909,1788966318867110657,,0,0,0,0,0,0,0,0,0,0,0,0,0,0,0,0,0,0,0
4779914654304,10.839184,1788966318887113993,,0,0,0,0,0,0,0,0,0,0,0,0,0,0,0,0,0,0,0
4779934665088,10.859195,1788966318907110878,,0,0,0,0,0,0,0,0,0,0,0,0,0,0,0,0,0,0,0
4779954657664,10.879187,1788966318927111088,,0,0,0,0,0,0,0,0,0,0,0,0,0,0,0,0,0,0,0
4779974660192,10.89919,1788966318947111089,,0,0,0,0,0,0,0,0,0,0,0,0,0,0,0,0,0,0,0
4779994675776,10.919205,1788966318967111466,,0,0,0,0,0,0,0,0,0,0,0,0,0,0,0,0,0,0,0
4780014663200,10.939193,1788966318987111406,,0,0,0,0,0,0,0,0,0,0,0,0,0,0,0,0,0,0,0
4780034653216,10.959183,1788966319007110943,,0,0,0,0,0,0,0,0,0,0,0,0,0,0,0,0,0,0,0
4780054639520,10.979169,1788966319027110682,,0,0,0,0,0,0,0,0,0,0,0,0,0,0,0,0,0,0,0
4780074617824,10.999147,1788966319047110675,,0,0,0,0,0,0,0,0,0,0,0,0,0,0,0,0,0,0,0
4780094625056,11.019155,1788966319067111072,,0,0,0,0,0,0,0,0,0,0,0,0,0,0,0,0,0,0,0
4780114623392,11.039153,1788966319087110608,,0,0,0,0,0,0,0,0,0,0,0,0,0,0,0,0,0,0,0
4780134651488,11.059181,1788966319107114299,,0,0,0,0,0,0,0,0,0,0,0,0,0,0,0,0,0,0,0
4780154638944,11.079169,1788966319127110943,,0,0,0,0,0,0,0,0,0,0,0,0,0,0,0,0,0,0,0
4780174667808,11.099197,1788966319147117568,,0,0,0,0,0,0,0,0,0,0,0,0,0,0,0,0,0,0,0
4780194668544,11.119198,1788966319167111250,,0,0,0,0,0,0,0,0,0,0,0,0,0,0,0,0,0,0,0
4780214638368,11.139168,1788966319187110745,,0,0,0,0,0,0,0,0,0,0,0,0,0,0,0,0,0,0,0
4780234670208,11.1592,1788966319207110382,,0,0,0,0,0,0,0,0,0,0,0,0,0,0,0,0,0,0,0
4780254656544,11.179186,1788966319227110638,,0,0,0,0,0,0,0,0,0,0,0,0,0,0,0,0,0,0,0
4780274641344,11.199171,1788966319247110867,,0,0,0,0,0,0,0,0,0,0,0,0,0,0,0,0,0,0,0
4780294550336,11.21908,1788966319267111423,,0,0,0,0,0,0,0,0,0,0,0,0,0,0,0,0,0,0,0
4780314627328,11.239157,1788966319287110922,,0,0,0,0,0,0,0,0,0,0,0,0,0,0,0,0,0,0,0
4780334628224,11.259158,1788966319307112106,,0,0,0,0,0,0,0,0,0,0,0,0,0,0,0,0,0,0,0
4780354640992,11.279171,1788966319327110713,,0,0,0,0,0,0,0,0,0,0,0,0,0,0,0,0,0,0,0
4780374640480,11.29917,1788966319347111317,,0,0,0,0,0,0,0,0,0,0,0,0,0,0,0,0,0,0,0
4780394646272,11.319176,1788966319367110749,,0,0,0,0,0,0,0,0,0,0,0,0,0,0,0,0,0,0,0
4780414637344,11.339167,1788966319387110830,,0,0,0,0,0,0,0,0,0,0,0,0,0,0,0,0,0,0,0
4780434631200,11.359161,1788966319407110747,,0,0,0,0,0,0,0,0,0,0,0,0,0,0,0,0,0,0,0
4780454631936,11.379162,1788966319427110941,,0,0,0,0,0,0,0,0,0,0,0,0,0,0,0,0,0,0,0
4780474637088,11.399167,1788966319447111328,,0,0,0,0,0,0,0,0,0,0,0,0,0,0,0,0,0,0,0
4780494504064,11.419034,1788966319467110548,,0,0,0,0,0,0,0,0,0,0,0,0,0,0,0,0,0,0,0
4780514599968,11.43913,1788966319487110385,,0,0,0,0,0,0,0,0,0,0,0,0,0,0,0,0,0,0,0
4780534662880,11.459192,1788966319507110322,,0,0,0,0,0,0,0,0,0,0,0,0,0,0,0,0,0,0,0
4780554602592,11.479132,1788966319527114315,,0,0,0,0,0,0,0,0,0,0,0,0,0,0,0,0,0,0,0
4780574603840,11.499133,1788966319547111218,,0,0,0,0,0,0,0,0,0,0,0,0,0,0,0,0,0,0,0
4780594618368,11.519148,1788966319567111582,,0,0,0,0,0,0,0,0,0,0,0,0,0,0,0,0,0,0,0
4780614650912,11.539181,1788966319587124567,,0,0,0,0,0,0,0,0,0,0,0,0,0,0,0,0,0,0,0
4780634612256,11.559142,1788966319607111437,,0,0,0,0,0,0,0,0,0,0,0,0,0,0,0,0,0,0,0
4780654630304,11.57916,1788966319627111198,,0,0,0,0,0,0,0,0,0,0,0,0,0,0,0,0,0,0,0
4780674617792,11.599147,1788966319647111879,,0,0,0,0,0,0,0,0,0,0,0,0,0,0,0,0,0,0,0
4780694527744,11.619057,1788966319667110602,,0,0,0,0,0,0,0,0,0,0,0,0,0,0,0,0,0,0,0
4780714619104,11.639149,1788966319687110715,,0,0,0,0,0,0,0,0,0,0,0,0,0,0,0,0,0,0,0
4780734607552,11.659137,1788966319707110602,,0,0,0,0,0,0,0,0,0,0,0,0,0,0,0,0,0,0,0
4780754616032,11.679146,1788966319727110454,,0,0,0,0,0,0,0,0,0,0,0,0,0,0,0,0,0,0,0
4780774676384,11.699206,1788966319747124939,,0,0,0,0,0,0,0,0,0,0,0,0,0,0,0,0,0,0,0
4780794629504,11.719159,1788966319767110646,,0,0,0,0,0,0,0,0,0,0,0,0,0,0,0,0,0,0,0
4780814621024,11.739151,1788966319787110748,,0,0,0,0,0,0,0,0,0,0,0,0,0,0,0,0,0,0,0
4780834602400,11.759132,1788966319807110584,,0,0,0,0,0,0,0,0,0,0,0,0,0,0,0,0,0,0,0
4780854596160,11.779126,1788966319827110670,,0,0,0,0,0,0,0,0,0,0,0,0,0,0,0,0,0,0,0
4780874655904,11.799186,1788966319847110867,,0,0,0,0,0,0,0,0,0,0,0,0,0,0,0,0,0,0,0
4780894473984,11.819004,1788966319867111013,,0,0,0,0,0,0,0,0,0,0,0,0,0,0,0,0,0,0,0
4780914584224,11.839114,1788966319887110489,,0,0,0,0,0,0,0,0,0,0,0,0,0,0,0,0,0,0,0
4780934615520,11.859145,1788966319907110816,,0,0,0,0,0,0,0,0,0,0,0,0,0,0,0,0,0,0,0
4780954607680,11.879137,1788966319927110965,,0,0,0,0,0,0,0,0,0,0,0,0,0,0,0,0,0,0,0
4780974591808,11.899121,1788966319947111081,,0,0,0,0,0,0,0,0,0,0,0,0,0,0,0,0,0,0,0
4780994631648,11.919161,1788966319967111134,,0,0,0,0,0,0,0,0,0,0,0,0,0,0,0,0,0,0,0
4781014618016,11.939148,1788966319987110455,,0,0,0,0,0,0,0,0,0,0,0,0,0,0,0,0,0,0,0
4781034621088,11.959151,1788966320007110963,,0,0,0,0,0,0,0,0,0,0,0,0,0,0,0,0,0,0,0
4781054592736,11.979122,1788966320027110561,,0,0,0,0,0,0,0,0,0,0,0,0,0,0,0,0,0,0,0
4781074587392,11.999117,1788966320047110518,,0,0,0,0,0,0,0,0,0,0,0,0,0,0,0,0,0,0,0
4781094521120,12.019051,1788966320067110643,,0,0,0,0,0,0,0,0,0,0,0,0,0,0,0,0,0,0,0
4781114598464,12.039128,1788966320087110683,,0,0,0,0,0,0,0,0,0,0,0,0,0,0,0,0,0,0,0
4781134578464,12.059108,1788966320107110675,,0,0,0,0,0,0,0,0,0,0,0,0,0,0,0,0,0,0,0
4781154562592,12.079092,1788966320127110381,,0,0,0,0,0,0,0,0,0,0,0,0,0,0,0,0,0,0,0
4781174656800,12.099186,1788966320147111319,,0,0,0,0,0,0,0,0,0,0,0,0,0,0,0,0,0,0,0
4781194603072,12.119133,1788966320167110895,,0,0,0,0,0,0,0,0,0,0,0,0,0,0,0,0,0,0,0
4781214611968,12.139142,1788966320187110738,,0,0,0,0,0,0,0,0,0,0,0,0,0,0,0,0,0,0,0
4781234599200,12.159129,1788966320207110926,,0,0,0,0,0,0,0,0,0,0,0,0,0,0,0,0,0,0,0
4781254717056,12.179247,1788966320227113734,,0,0,0,0,0,0,0,0,0,0,0,0,0,0,0,0,0,0,0
4781274609376,12.199139,1788966320247113472,,0,0,0,0,0,0,0,0,0,0,0,0,0,0,0,0,0,0,0
4781294475488,12.219005,1788966320267110825,,0,0,0,0,0,0,0,0,0,0,0,0,0,0,0,0,0,0,0
4781314574688,12.239104,1788966320287110716,,0,0,0,0,0,0,0,0,0,0,0,0,0,0,0,0,0,0,0
4781334603616,12.259133,1788966320307110812,,0,0,0,0,0,0,0,0,0,0,0,0,0,0,0,0,0,0,0
4781354588256,12.279118,1788966320327110439,,0,0,0,0,0,0,0,0,0,0,0,0,0,0,0,0,0,0,0
4781374572768,12.299102,1788966320347111174,,0,0,0,0,0,0,0,0,0,0,0,0,0,0,0,0,0,0,0
4781394622272,12.319152,1788966320367111239,,0,0,0,0,0,0,0,0,0,0,0,0,0,0,0,0,0,0,0
4781414576800,12.339106,1788966320387110980,,0,0,0,0,0,0,0,0,0,0,0,0,0,0,0,0,0,0,0
4781434587264,12.359117,1788966320407110599,,0,0,0,0,0,0,0,0,0,0,0,0,0,0,0,0,0,0,0
4781454600448,12.37913,1788966320427111014,,0,0,0,0,0,0,0,0,0,0,0,0,0,0,0,0,0,0,0
4781474573024,12.399103,1788966320447110751,,0,0,0,0,0,0,0,0,0,0,0,0,0,0,0,0,0,0,0
4781494530336,12.41906,1788966320467125593,,0,0,0,0,0,0,0,0,0,0,0,0,0,0,0,0,0,0,0
4781514625888,12.439155,1788966320487110830,,0,0,0,0,0,0,0,0,0,0,0,0,0,0,0,0,0,0,0
4781534578560,12.459108,1788966320507110686,,0,0,0,0,0,0,0,0,0,0,0,0,0,0,0,0,0,0,0
4781554549824,12.479079,1788966320527111111,,0,0,0,0,0,0,0,0,0,0,0,0,0,0,0,0,0,0,0
4781574579360,12.499109,1788966320547110940,,0,0,0,0,0,0,0,0,0,0,0,0,0,0,0,0,0,0,0
4781594648256,12.519178,1788966320567114375,,0,0,0,0,0,0,0,0,0,0,0,0,0,0,0,0,0,0,0
4781614565472,12.539095,1788966320587110776,,0,0,0,0,0,0,0,0,0,0,0,0,0,0,0,0,0,0,0
4781634582752,12.559112,1788966320607110823,,0,0,0,0,0,0,0,0,0,0,0,0,0,0,0,0,0,0,0
4781654565440,12.579095,1788966320627124469,,0,0,0,0,0,0,0,0,0,0,0,0,0,0,0,0,0,0,0
4781674597088,12.599127,1788966320647111735,,0,0,0,0,0,0,0,0,0,0,0,0,0,0,0,0,0,0,0
4781694485728,12.619015,1788966320667111502,,0,0,0,0,0,0,0,0,0,0,0,0,0,0,0,0,0,0,0
4781714547072,12.639077,1788966320687110791,,0,0,0,0,0,0,0,0,0,0,0,0,0,0,0,0,0,0,0
4781734579808,12.659109,1788966320707110667,,0,0,0,0,0,0,0,0,0,0,0,0,0,0,0,0,0,0,0
4781754565184,12.679095,1788966320727110643,,0,0,0,0,0,0,0,0,0,0,0,0,0,0,0,0,0,0,0
4781774557088,12.699087,1788966320747110915,,0,0,0,0,0,0,0,0,0,0,0,0,0,0,0,0,0,0,0
4781794597184,12.719127,1788966320767114178,,0,0,0,0,0,0,0,0,0,0,0,0,0,0,0,0,0,0,0
4781814560512,12.73909,1788966320787111097,,0,0,0,0,0,0,0,0,0,0,0,0,0,0,0,0,0,0,0
4781834544768,12.759074,1788966320807110826,,0,0,0,0,0,0,0,0,0,0,0,0,0,0,0,0,0,0,0
4781854591584,12.779121,1788966320827110899,,0,0,0,0,0,0,0,0,0,0,0,0,0,0,0,0,0,0,0
4781874572160,12.799102,1788966320847110508,,0,0,0,0,0,0,0,0,0,0,0,0,0,0,0,0,0,0,0
4781894467360,12.818997,1788966320867110789,,0,0,0,0,0,0,0,0,0,0,0,0,0,0,0,0,0,0,0
4781914572416,12.839102,1788966320887110892,,0,0,0,0,0,0,0,0,0,0,0,0,0,0,0,0,0,0,0
4781934551392,12.859081,1788966320907110607,,0,0,0,0,0,0,0,0,0,0,0,0,0,0,0,0,0,0,0
4781954537184,12.879067,1788966320927110625,,0,0,0,0,0,0,0,0,0,0,0,0,0,0,0,0,0,0,0
4781974561280,12.899091,1788966320947110656,,0,0,0,0,0,0,0,0,0,0,0,0,0,0,0,0,0,0,0
4781994553952,12.919084,1788966320967110939,,0,0,0,0,0,0,0,0,0,0,0,0,0,0,0,0,0,0,0
4782014539872,12.939069,1788966320987110722,,0,0,0,0,0,0,0,0,0,0,0,0,0,0,0,0,0,0,0
4782034572640,12.959102,1788966321007111067,,0,0,0,0,0,0,0,0,0,0,0,0,0,0,0,0,0,0,0
4782054561280,12.979091,1788966321027110627,,0,0,0,0,0,0,0,0,0,0,0,0,0,0,0,0,0,0,0
4782074529920,12.99906,1788966321047110600,,0,0,0,0,0,0,0,0,0,0,0,0,0,0,0,0,0,0,0
4782094634560,13.019164,1788966321067110889,,0,0,0,0,0,0,0,0,0,0,0,0,0,0,0,0,0,0,0
4782114538048,13.039068,1788966321087111111,,0,0,0,0,0,0,0,0,0,0,0,0,0,0,0,0,0,0,0
4782134525600,13.059055,1788966321107110776,,0,0,0,0,0,0,0,0,0,0,0,0,0,0,0,0,0,0,0
4782154534368,13.079064,1788966321127111159,,0,0,0,0,0,0,0,0,0,0,0,0,0,0,0,0,0,0,0
4782174546624,13.099076,1788966321147111661,,0,0,0,0,0,0,0,0,0,0,0,0,0,0,0,0,0,0,0
4782194611296,13.119141,1788966321167110301,,0,0,0,0,0,0,0,0,0,0,0,0,0,0,0,0,0,0,0
4782214543840,13.139073,1788966321187111122,,0,0,0,0,0,0,0,0,0,0,0,0,0,0,0,0,0,0,0
4782234527264,13.159057,1788966321207110812,,0,0,0,0,0,0,0,0,0,0,0,0,0,0,0,0,0,0,0
4782254578976,13.179109,1788966321227110851,,0,0,0,0,0,0,0,0,0,0,0,0,0,0,0,0,0,0,0
4782274538080,13.199068,1788966321247110421,,0,0,0,0,0,0,0,0,0,0,0,0,0,0,0,0,0,0,0
4782294487136,13.219017,1788966321267124053,,0,0,0,0,0,0,0,0,0,0,0,0,0,0,0,0,0,0,0
4782314545952,13.239076,1788966321287117088,,0,0,0,0,0,0,0,0,0,0,0,0,0,0,0,0,0,0,0
4782334540224,13.25907,1788966321307111244,,0,0,0,0,0,0,0,0,0,0,0,0,0,0,0,0,0,0,0
4782354548288,13.279078,1788966321327111131,,0,0,0,0,0,0,0,0,0,0,0,0,0,0,0,0,0,0,0
4782374582720,13.299112,1788966321347111157,,0,0,0,0,0,0,0,0,0,0,0,0,0,0,0,0,0,0,0
4782394547712,13.319077,1788966321367111400,,0,0,0,0,0,0,0,0,0,0,0,0,0,0,0,0,0,0,0
4782414523232,13.339053,1788966321387110715,,0,0,0,0,0,0,0,0,0,0,0,0,0,0,0,0,0,0,0
4782434557184,13.359087,1788966321407110666,,0,0,0,0,0,0,0,0,0,0,0,0,0,0,0,0,0,0,0
4782454548256,13.379078,1788966321427110720,,0,0,0,0,0,0,0,0,0,0,0,0,0,0,0,0,0,0,0
4782474512672,13.399042,1788966321447110703,,0,0,0,0,0,0,0,0,0,0,0,0,0,0,0,0,0,0,0
4782494412224,13.418942,1788966321467111131,,0,0,0,0,0,0,0,0,0,0,0,0,0,0,0,0,0,0,0
4782514518752,13.439048,1788966321487111537,,0,0,0,0,0,0,0,0,0,0,0,0,0,0,0,0,0,0,0
4782534510976,13.459041,1788966321507111139,,0,0,0,0,0,0,0,0,0,0,0,0,0,0,0,0,0,0,0
4782554533408,13.479063,1788966321527111089,,0,0,0,0,0,0,0,0,0,0,0,0,0,0,0,0,0,0,0
4782574528928,13.499059,1788966321547110669,,0,0,0,0,0,0,0,0,0,0,0,0,0,0,0,0,0,0,0
4782594590496,13.51912,1788966321567110938,,0,0,0,0,0,0,0,0,0,0,0,0,0,0,0,0,0,0,0
4782614544480,13.539074,1788966321587110997,,0,0,0,0,0,0,0,0,0,0,0,0,0,0,0,0,0,0,0
4782634514432,13.559044,1788966321607110994,,0,0,0,0,0,0,0,0,0,0,0,0,0,0,0,0,0,0,0
4782654553344,13.579083,1788966321627110763,,0,0,0,0,0,0,0,0,0,0,0,0,0,0,0,0,0,0,0
4782674508352,13.599038,1788966321647125545,,0,0,0,0,0,0,0,0,0,0,0,0,0,0,0,0,0,0,0
4782694410144,13.61894,1788966321667111244,,0,0,0,0,0,0,0,0,0,0,0,0,0,0,0,0,0,0,0
4782714526688,13.639056,1788966321687110651,,0,0,0,0,0,0,0,0,0,0,0,0,0,0,0,0,0,0,0
4782734500000,13.65903,1788966321707124717,,0,0,0,0,0,0,0,0,0,0,0,0,0,0,0,0,0,0,0
4782754506592,13.679036,1788966321727111522,,0,0,0,0,0,0,0,0,0,0,0,0,0,0,0,0,0,0,0
4782774533568,13.699063,1788966321747111033,,0,0,0,0,0,0,0,0,0,0,0,0,0,0,0,0,0,0,0
4782794540000,13.71907,1788966321767111417,,0,0,0,0,0,0,0,0,0,0,0,0,0,0,0,0,0,0,0
4782814506080,13.739036,1788966321787111435,,0,0,0,0,0,0,0,0,0,0,0,0,0,0,0,0,0,0,0
4782834519072,13.759049,1788966321807114449,,0,0,0,0,0,0,0,0,0,0,0,0,0,0,0,0,0,0,0
4782854522368,13.779052,1788966321827111088,,0,0,0,0,0,0,0,0,0,0,0,0,0,0,0,0,0,0,0
4782874496160,13.799026,1788966321847110743,,0,0,0,0,0,0,0,0,0,0,0,0,0,0,0,0,0,0,0
4782894391200,13.818921,1788966321867110695,,0,0,0,0,0,0,0,0,0,0,0,0,0,0,0,0,0,0,0
4782914502432,13.839032,1788966321887110558,,0,0,0,0,0,0,0,0,0,0,0,0,0,0,0,0,0,0,0
4782934520288,13.85905,1788966321907116843,,0,0,0,0,0,0,0,0,0,0,0,0,0,0,0,0,0,0,0
4782954509472,13.879039,1788966321927116696,,0,0,0,0,0,0,0,0,0,0,0,0,0,0,0,0,0,0,0
4782974503872,13.899033,1788966321947116880,,0,0,0,0,0,0,0,0,0,0,0,0,0,0,0,0,0,0,0
4782994531104,13.919061,1788966321967115503,,0,0,0,0,0,0,0,0,0,0,0,0,0,0,0,0,0,0,0
4783014532800,13.939062,1788966321987114340,,0,0,0,0,0,0,0,0,0,0,0,0,0,0,0,0,0,0,0
4783034517984,13.959048,1788966322007111437,,0,0,0,0,0,0,0,0,0,0,0,0,0,0,0,0,0,0,0
4783054497984,13.979028,1788966322027110926,,0,0,0,0,0,0,0,0,0,0,0,0,0,0,0,0,0,0,0
4783074533728,13.999063,1788966322047110761,,0,0,0,0,0,0,0,0,0,0,0,0,0,0,0,0,0,0,0
4783094577184,14.019107,1788966322067111391,,0,0,0,0,0,0,0,0,0,0,0,0,0,0,0,0,0,0,0
4783114542976,14.039073,1788966322087110824,,0,0,0,0,0,0,0,0,0,0,0,0,0,0,0,0,0,0,0
4783134488672,14.059018,1788966322107111006,,0,0,0,0,0,0,0,0,0,0,0,0,0,0,0,0,0,0,0
4783154465440,14.078995,1788966322127110852,,0,0,0,0,0,0,0,0,0,0,0,0,0,0,0,0,0,0,0
4783174517952,14.099048,1788966322147111928,,0,0,0,0,0,0,0,0,0,0,0,0,0,0,0,0,0,0,0
4783194536224,14.119066,1788966322167111334,,0,0,0,0,0,0,0,0,0,0,0,0,0,0,0,0,0,0,0
4783214488256,14.139018,1788966322187111627,,0,0,0,0,0,0,0,0,0,0,0,0,0,0,0,0,0,0,0
4783234510112,14.15904,1788966322207110833,,0,0,0,0,0,0,0,0,0,0,0,0,0,0,0,0,0,0,0
4783254511104,14.179041,1788966322227114497,,0,0,0,0,0,0,0,0,0,0,0,0,0,0,0,0,0,0,0
4783274574336,14.199104,1788966322247111255,,0,0,0,0,0,0,0,0,0,0,0,0,0,0,0,0,0,0,0
4783294396832,14.218926,1788966322267110273,,0,0,0,0,0,0,0,0,0,0,0,0,0,0,0,0,0,0,0
4783314479872,14.239009,1788966322287111247,,0,0,0,0,0,0,0,0,0,0,0,0,0,0,0,0,0,0,0
4783334474112,14.259004,1788966322307110351,,0,0,0,0,0,0,0,0,0,0,0,0,0,0,0,0,0,0,0
4783354529632,14.279059,1788966322327110500,,0,0,0,0,0,0,0,0,0,0,0,0,0,0,0,0,0,0,0
4783374490912,14.299021,1788966322347110298,,0,0,0,0,0,0,0,0,0,0,0,0,0,0,0,0,0,0,0
4783394524256,14.319054,1788966322367117470,,0,0,0,0,0,0,0,0,0,0,0,0,0,0,0,0,0,0,0
4783414489856,14.339019,1788966322387111312,,0,0,0,0,0,0,0,0,0,0,0,0,0,0,0,0,0,0,0
4783434528000,14.359058,1788966322407123235,,0,0,0,0,0,0,0,0,0,0,0,0,0,0,0,0,0,0,0
4783454494464,14.379024,1788966322427111140,,0,0,0,0,0,0,0,0,0,0,0,0,0,0,0,0,0,0,0
4783474506048,14.399036,1788966322447110736,,0,0,0,0,0,0,0,0,0,0,0,0,0,0,0,0,0,0,0
4783494378752,14.418908,1788966322467110730,,0,0,0,0,0,0,0,0,0,0,0,0,0,0,0,0,0,0,0
4783514470176,14.439,1788966322487110615,,0,0,0,0,0,0,0,0,0,0,0,0,0,0,0,0,0,0,0
4783534494752,14.459024,1788966322507110708,,0,0,0,0,0,0,0,0,0,0,0,0,0,0,0,0,0,0,0
4783554477216,14.479007,1788966322527111059,,0,0,0,0,0,0,0,0,0,0,0,0,0,0,0,0,0,0,0
4783574468544,14.498998,1788966322547111135,,0,0,0,0,0,0,0,0,0,0,0,0,0,0,0,0,0,0,0
4783594493024,14.519023,1788966322567110850,,0,0,0,0,0,0,0,0,0,0,0,0,0,0,0,0,0,0,0
4783614483392,14.539013,1788966322587110477,,0,0,0,0,0,0,0,0,0,0,0,0,0,0,0,0,0,0,0
4783634506272,14.559036,1788966322607111108,,0,0,0,0,0,0,0,0,0,0,0,0,0,0,0,0,0,0,0
4783654482784,14.579012,1788966322627111115,,0,0,0,0,0,0,0,0,0,0,0,0,0,0,0,0,0,0,0
4783674460512,14.59899,1788966322647111830,,0,0,0,0,0,0,0,0,0,0,0,0,0,0,0,0,0,0,0
4783694386624,14.618916,1788966322667110483,,0,0,0,0,0,0,0,0,0,0,0,0,0,0,0,0,0,0,0
4783714474944,14.639005,1788966322687111021,,0,0,0,0,0,0,0,0,0,0,0,0,0,0,0,0,0,0,0
4783734465600,14.658995,1788966322707110713,,0,0,0,0,0,0,0,0,0,0,0,0,0,0,0,0,0,0,0
4783754487936,14.679018,1788966322727110538,,0,0,0,0,0,0,0,0,0,0,0,0,0,0,0,0,0,0,0
4783774531008,14.699061,1788966322747110751,,0,0,0,0,0,0,0,0,0,0,0,0,0,0,0,0,0,0,0
4783794483712,14.719013,1788966322767110748,,0,0,0,0,0,0,0,0,0,0,0,0,0,0,0,0,0,0,0
4783814475264,14.739005,1788966322787110678,,0,0,0,0,0,0,0,0,0,0,0,0,0,0,0,0,0,0,0
4783834471040,14.759001,1788966322807111248,,0,0,0,0,0,0,0,0,0,0,0,0,0,0,0,0,0,0,0
4783854465696,14.778995,1788966322827111438,,0,0,0,0,0,0,0,0,0,0,0,0,0,0,0,0,0,0,0
4783874470976,14.799001,1788966322847111597,,0,0,0,0,0,0,0,0,0,0,0,0,0,0,0,0,0,0,0
4783894337280,14.818867,1788966322867111212,,0,0,0,0,0,0,0,0,0,0,0,0,0,0,0,0,0,0,0
4783914443232,14.838973,1788966322887111050,,0,0,0,0,0,0,0,0,0,0,0,0,0,0,0,0,0,0,0
4783934474624,14.859004,1788966322907114116,,0,0,0,0,0,0,0,0,0,0,0,0,0,0,0,0,0,0,0
4783954452608,14.878982,1788966322927110511,,0,0,0,0,0,0,0,0,0,0,0,0,0,0,0,0,0,0,0
4783974426528,14.898956,1788966322947111067,,0,0,0,0,0,0,0,0,0,0,0,0,0,0,0,0,0,0,0
4783994515552,14.919045,1788966322967124991,,0,0,0,0,0,0,0,0,0,0,0,0,0,0,0,0,0,0,0
4784014461280,14.938991,1788966322987110734,,0,0,0,0,0,0,0,0,0,0,0,0,0,0,0,0,0,0,0
4784034455808,14.958985,1788966323007110863,,0,0,0,0,0,0,0,0,0,0,0,0,0,0,0,0,0,0,0
4784054460160,14.97899,1788966323027110844,,0,0,0,0,0,0,0,0,0,0,0,0,0,0,0,0,0,0,0
4784074465056,14.998995,1788966323047110402,,0,0,0,0,0,0,0,0,0,0,0,0,0,0,0,0,0,0,0
4784094349472,15.018879,1788966323067110513,,0,0,0,0,0,0,0,0,0,0,0,0,0,0,0,0,0,0,0
4784114464032,15.038994,1788966323087111025,,0,0,0,0,0,0,0,0,0,0,0,0,0,0,0,0,0,0,0
4784134444384,15.058974,1788966323107110790,,0,0,0,0,0,0,0,0,0,0,0,0,0,0,0,0,0,0,0
4784154437056,15.078967,1788966323127124557,,0,0,0,0,0,0,0,0,0,0,0,0,0,0,0,0,0,0,0
4784174454560,15.098984,1788966323147111930,,0,0,0,0,0,0,0,0,0,0,0,0,0,0,0,0,0,0,0
4784194462528,15.118992,1788966323167110742,,0,0,0,0,0,0,0,0,0,0,0,0,0,0,0,0,0,0,0
4784214461216,15.138991,1788966323187110901,,0,0,0,0,0,0,0,0,0,0,0,0,0,0,0,0,0,0,0
4784234449792,15.158979,1788966323207110710,,0,0,0,0,0,0,0,0,0,0,0,0,0,0,0,0,0,0,0
4784254460544,15.17899,1788966323227110774,,0,0,0,0,0,0,0,0,0,0,0,0,0,0,0,0,0,0,0
4784274470176,15.199,1788966323247111355,,0,0,0,0,0,0,0,0,0,0,0,0,0,0,0,0,0,0,0
4784294326080,15.218856,1788966323267110912,,0,0,0,0,0,0,0,0,0,0,0,0,0,0,0,0,0,0,0
4784314430272,15.23896,1788966323287111179,,0,0,0,0,0,0,0,0,0,0,0,0,0,0,0,0,0,0,0
4784334461792,15.258991,1788966323307110525,,0,0,0,0,0,0,0,0,0,0,0,0,0,0,0,0,0,0,0
4784354435776,15.278965,1788966323327110416,,0,0,0,0,0,0,0,0,0,0,0,0,0,0,0,0,0,0,0
4784374415456,15.298945,1788966323347113944,,0,0,0,0,0,0,0,0,0,0,0,0,0,0,0,0,0,0,0
4784394466880,15.318996,1788966323367110937,,0,0,0,0,0,0,0,0,0,0,0,0,0,0,0,0,0,0,0
4784414437920,15.338968,1788966323387110704,,0,0,0,0,0,0,0,0,0,0,0,0,0,0,0,0,0,0,0
4784434431648,15.358961,1788966323407111239,,0,0,0,0,0,0,0,0,0,0,0,0,0,0,0,0,0,0,0
4784454496096,15.379026,1788966323427113435,,0,0,0,0,0,0,0,0,0,0,0,0,0,0,0,0,0,0,0
4784474454496,15.398984,1788966323447110876,,0,0,0,0,0,0,0,0,0,0,0,0,0,0,0,0,0,0,0
4784494378752,15.418908,1788966323467113155,,0,0,0,0,0,0,0,0,0,0,0,0,0,0,0,0,0,0,0
4784514424096,15.438954,1788966323487110786,,0,0,0,0,0,0,0,0,0,0,0,0,0,0,0,0,0,0,0
4784534420704,15.45895,1788966323507111064,,0,0,0,0,0,0,0,0,0,0,0,0,0,0,0,0,0,0,0
4784554415648,15.478945,1788966323527111000,,0,0,0,0,0,0,0,0,0,0,0,0,0,0,0,0,0,0,0
4784574455808,15.498985,1788966323547111090,,0,0,0,0,0,0,0,0,0,0,0,0,0,0,0,0,0,0,0
4784594417728,15.518947,1788966323567110839,,0,0,0,0,0,0,0,0,0,0,0,0,0,0,0,0,0,0,0
4784614430784,15.53896,1788966323587110897,,0,0,0,0,0,0,0,0,0,0,0,0,0,0,0,0,0,0,0
4784634427392,15.558957,1788966323607110978,,0,0,0,0,0,0,0,0,0,0,0,0,0,0,0,0,0,0,0
4784654401280,15.578931,1788966323627110839,,0,0,0,0,0,0,0,0,0,0,0,0,0,0,0,0,0,0,0
4784674435232,15.598965,1788966323647111714,,0,0,0,0,0,0,0,0,0,0,0,0,0,0,0,0,0,0,0
4784694314912,15.618845,1788966323667111012,,0,0,0,0,0,0,0,0,0,0,0,0,0,0,0,0,0,0,0
4784714409664,15.638939,1788966323687111298,,0,0,0,0,0,0,0,0,0,0,0,0,0,0,0,0,0,0,0
4784734426784,15.658956,1788966323707111243,,0,0,0,0,0,0,0,0,0,0,0,0,0,0,0,0,0,0,0
4784754414336,15.678944,1788966323727111135,,0,0,0,0,0,0,0,0,0,0,0,0,0,0,0,0,0,0,0
4784774429632,15.698959,1788966323747110874,,0,0,0,0,0,0,0,0,0,0,0,0,0,0,0,0,0,0,0
4784794420192,15.71895,1788966323767110971,,0,0,0,0,0,0,0,0,0,0,0,0,0,0,0,0,0,0,0
4784814403584,15.738933,1788966323787114173,,0,0,0,0,0,0,0,0,0,0,0,0,0,0,0,0,0,0,0
4784835495488,15.760025,1788966323807109436,,0,0,0,0,0,0,0,0,0,0,0,0,0,0,0,0,0,0,0
4784854485920,15.779016,1788966323827111176,,0,0,0,0,0,0,0,0,0,0,0,0,0,0,0,0,0,0,0
4784874445600,15.798975,1788966323847111254,,0,0,0,0,0,0,0,0,0,0,0,0,0,0,0,0,0,0,0
4784894349312,15.818879,1788966323867110904,,0,0,0,0,0,0,0,0,0,0,0,0,0,0,0,0,0,0,0
4784914425216,15.838955,1788966323887111069,,0,0,0,0,0,0,0,0,0,0,0,0,0,0,0,0,0,0,0
4784934420256,15.85895,1788966323907111370,,0,0,0,0,0,0,0,0,0,0,0,0,0,0,0,0,0,0,0
4784954421440,15.878951,1788966323927110913,,0,0,0,0,0,0,0,0,0,0,0,0,0,0,0,0,0,0,0
4784974423232,15.898953,1788966323947111231,,0,0,0,0,0,0,0,0,0,0,0,0,0,0,0,0,0,0,0
4784994411264,15.918941,1788966323967111213,,0,0,0,0,0,0,0,0,0,0,0,0,0,0,0,0,0,0,0
4785014407296,15.938937,1788966323987110979,,0,0,0,0,0,0,0,0,0,0,0,0,0,0,0,0,0,0,0
4785034430688,15.95896,1788966324007111227,,0,0,0,0,0,0,0,0,0,0,0,0,0,0,0,0,0,0,0
4785054403488,15.978933,1788966324027110676,,0,0,0,0,0,0,0,0,0,0,0,0,0,0,0,0,0,0,0
4785074397024,15.998927,1788966324047125358,,0,0,0,0,0,0,0,0,0,0,0,0,0,0,0,0,0,0,0
4785094307392,16.018837,1788966324067111038,,0,0,0,0,0,0,0,0,0,0,0,0,0,0,0,0,0,0,0
4785114449376,16.038979,1788966324087110922,,0,0,0,0,0,0,0,0,0,0,0,0,0,0,0,0,0,0,0
4785134426336,16.058956,1788966324107110909,,0,0,0,0,0,0,0,0,0,0,0,0,0,0,0,0,0,0,0
4785154432256,16.078962,1788966324127110654,,0,0,0,0,0,0,0,0,0,0,0,0,0,0,0,0,0,0,0
4785174448544,16.098978,1788966324147111981,,0,0,0,0,0,0,0,0,0,0,0,0,0,0,0,0,0,0,0
4785194435680,16.118965,1788966324167110927,,0,0,0,0,0,0,0,0,0,0,0,0,0,0,0,0,0,0,0
4785214413344,16.138943,1788966324187111101,,0,0,0,0,0,0,0,0,0,0,0,0,0,0,0,0,0,0,0
4785234411104,16.158941,1788966324207111279,,0,0,0,0,0,0,0,0,0,0,0,0,0,0,0,0,0,0,0
4785254417088,16.178947,1788966324227110747,,0,0,0,0,0,0,0,0,0,0,0,0,0,0,0,0,0,0,0
4785274464608,16.198994,1788966324247111003,,0,0,0,0,0,0,0,0,0,0,0,0,0,0,0,0,0,0,0
4785294328512,16.218858,1788966324267110698,,0,0,0,0,0,0,0,0,0,0,0,0,0,0,0,0,0,0,0
4785314438144,16.238968,1788966324287111191,,0,0,0,0,0,0,0,0,0,0,0,0,0,0,0,0,0,0,0
4785334411104,16.258941,1788966324307111074,,0,0,0,0,0,0,0,0,0,0,0,0,0,0,0,0,0,0,0
4785354407840,16.278937,1788966324327111009,,0,0,0,0,0,0,0,0,0,0,0,0,0,0,0,0,0,0,0
4785374445376,16.298975,1788966324347113959,,0,0,0,0,0,0,0,0,0,0,0,0,0,0,0,0,0,0,0
4785394478048,16.319008,1788966324367110719,,0,0,0,0,0,0,0,0,0,0,0,0,0,0,0,0,0,0,0
4785414413280,16.338943,1788966324387110431,,0,0,0,0,0,0,0,0,0,0,0,0,0,0,0,0,0,0,0
4785434440224,16.35897,1788966324407110999,,0,0,0,0,0,0,0,0,0,0,0,0,0,0,0,0,0,0,0
4785454419552,16.378949,1788966324427110875,,0,0,0,0,0,0,0,0,0,0,0,0,0,0,0,0,0,0,0
4785474415488,16.398945,1788966324447110488,,0,0,0,0,0,0,0,0,0,0,0,0,0,0,0,0,0,0,0
4785494357920,16.418888,1788966324467110627,,0,0,0,0,0,0,0,0,0,0,0,0,0,0,0,0,0,0,0
4785514403488,16.438933,1788966324487110670,,0,0,0,0,0,0,0,0,0,0,0,0,0,0,0,0,0,0,0
4785534392032,16.458922,1788966324507110617,,0,0,0,0,0,0,0,0,0,0,0,0,0,0,0,0,0,0,0
4785554459552,16.478989,1788966324527114034,,0,0,0,0,0,0,0,0,0,0,0,0,0,0,0,0,0,0,0
4785574392224,16.498922,1788966324547110633,,0,0,0,0,0,0,0,0,0,0,0,0,0,0,0,0,0,0,0
4785594411776,16.518941,1788966324567110587,,0,0,0,0,0,0,0,0,0,0,0,0,0,0,0,0,0,0,0
4785614430560,16.53896,1788966324587111304,,0,0,0,0,0,0,0,0,0,0,0,0,0,0,0,0,0,0,0
4785634409184,16.558939,1788966324607110582,,0,0,0,0,0,0,0,0,0,0,0,0,0,0,0,0,0,0,0
4785654441056,16.578971,1788966324627110427,,0,0,0,0,0,0,0,0,0,0,0,0,0,0,0,0,0,0,0
4785674400992,16.598931,1788966324647111571,,0,0,0,0,0,0,0,0,0,0,0,0,0,0,0,0,0,0,0
4785694287712,16.618817,1788966324667110637,,0,0,0,0,0,0,0,0,0,0,0,0,0,0,0,0,0,0,0
4785714432672,16.638962,1788966324687110885,,0,0,0,0,0,0,0,0,0,0,0,0,0,0,0,0,0,0,0
4785734410784,16.65894,1788966324707111222,,0,0,0,0,0,0,0,0,0,0,0,0,0,0,0,0,0,0,0
4785754367712,16.678897,1788966324727110699,,0,0,0,0,0,0,0,0,0,0,0,0,0,0,0,0,0,0,0
4785774424608,16.698954,1788966324747111091,,0,0,0,0,0,0,0,0,0,0,0,0,0,0,0,0,0,0,0
4785794397952,16.718928,1788966324767111084,,0,0,0,0,0,0,0,0,0,0,0,0,0,0,0,0,0,0,0
4785814374368,16.738904,1788966324787110771,,0,0,0,0,0,0,0,0,0,0,0,0,0,0,0,0,0,0,0
4785834417216,16.758947,1788966324807111044,,0,0,0,0,0,0,0,0,0,0,0,0,0,0,0,0,0,0,0
4785854370816,16.7789,1788966324827114073,,0,0,0,0,0,0,0,0,0,0,0,0,0,0,0,0,0,0,0
4785874361696,16.798891,1788966324847110835,,0,0,0,0,0,0,0,0,0,0,0,0,0,0,0,0,0,0,0
4785894363360,16.818893,1788966324867111189,,0,0,0,0,0,0,0,0,0,0,0,0,0,0,0,0,0,0,0
4785914394240,16.838924,1788966324887111250,,0,0,0,0,0,0,0,0,0,0,0,0,0,0,0,0,0,0,0
4785934427968,16.858958,1788966324907111436,,0,0,0,0,0,0,0,0,0,0,0,0,0,0,0,0,0,0,0
4785954395104,16.878925,1788966324927110870,,0,0,0,0,0,0,0,0,0,0,0,0,0,0,0,0,0,0,0
4785974392864,16.898922,1788966324947111226,,0,0,0,0,0,0,0,0,0,0,0,0,0,0,0,0,0,0,0
4785994366528,16.918896,1788966324967110561,,0,0,0,0,0,0,0,0,0,0,0,0,0,0,0,0,0,0,0
4786014406592,16.938936,1788966324987111102,,0,0,0,0,0,0,0,0,0,0,0,0,0,0,0,0,0,0,0
4786034357056,16.958887,1788966325007111015,,0,0,0,0,0,0,0,0,0,0,0,0,0,0,0,0,0,0,0
4786054444288,16.978974,1788966325027111078,,0,0,0,0,0,0,0,0,0,0,0,0,0,0,0,0,0,0,0
4786074405696,16.998935,1788966325047111016,,0,0,0,0,0,0,0,0,0,0,0,0,0,0,0,0,0,0,0
4786094451264,17.018981,1788966325067111154,,0,0,0,0,0,0,0,0,0,0,0,0,0,0,0,0,0,0,0
4786114394720,17.038924,1788966325087111385,,0,0,0,0,0,0,0,0,0,0,0,0,0,0,0,0,0,0,0
4786134361184,17.058891,1788966325107110931,,0,0,0,0,0,0,0,0,0,0,0,0,0,0,0,0,0,0,0
4786154350880,17.07888,1788966325127110807,,0,0,0,0,0,0,0,0,0,0,0,0,0,0,0,0,0,0,0
4786174462400,17.098992,1788966325147112175,,0,0,0,0,0,0,0,0,0,0,0,0,0,0,0,0,0,0,0
4786194371360,17.118901,1788966325167124636,,0,0,0,0,0,0,0,0,0,0,0,0,0,0,0,0,0,0,0
4786214361408,17.138891,1788966325187110881,,0,0,0,0,0,0,0,0,0,0,0,0,0,0,0,0,0,0,0
4786234361088,17.158891,1788966325207110829,,0,0,0,0,0,0,0,0,0,0,0,0,0,0,0,0,0,0,0
4786254390528,17.17892,1788966325227110894,,0,0,0,0,0,0,0,0,0,0,0,0,0,0,0,0,0,0,0
4786274346656,17.198876,1788966325247111187,,0,0,0,0,0,0,0,0,0,0,0,0,0,0,0,0,0,0,0
4786294260608,17.21879,1788966325267110449,,0,0,0,0,0,0,0,0,0,0,0,0,0,0,0,0,0,0,0
4786314355616,17.238885,1788966325287110797,,0,0,0,0,0,0,0,0,0,0,0,0,0,0,0,0,0,0,0
4786334336640,17.258866,1788966325307111105,,0,0,0,0,0,0,0,0,0,0,0,0,0,0,0,0,0,0,0
4786354353120,17.278883,1788966325327110778,,0,0,0,0,0,0,0,0,0,0,0,0,0,0,0,0,0,0,0
4786374362688,17.298892,1788966325347110598,,0,0,0,0,0,0,0,0,0,0,0,0,0,0,0,0,0,0,0
4786394370240,17.3189,1788966325367110759,,0,0,0,0,0,0,0,0,0,0,0,0,0,0,0,0,0,0,0
4786414450944,17.338981,1788966325387114045,,0,0,0,0,0,0,0,0,0,0,0,0,0,0,0,0,0,0,0
4786434360352,17.35889,1788966325407110582,,0,0,0,0,0,0,0,0,0,0,0,0,0,0,0,0,0,0,0
4786454354496,17.378884,1788966325427110741,,0,0,0,0,0,0,0,0,0,0,0,0,0,0,0,0,0,0,0
4786474361440,17.398891,1788966325447110938,,0,0,0,0,0,0,0,0,0,0,0,0,0,0,0,0,0,0,0
4786494319040,17.418849,1788966325467110871,,0,0,0,0,0,0,0,0,0,0,0,0,0,0,0,0,0,0,0
4786514331328,17.438861,1788966325487111206,,0,0,0,0,0,0,0,0,0,0,0,0,0,0,0,0,0,0,0
4786534437856,17.458967,1788966325507110861,,0,0,0,0,0,0,0,0,0,0,0,0,0,0,0,0,0,0,0
4786554328896,17.478858,1788966325527110902,,0,0,0,0,0,0,0,0,0,0,0,0,0,0,0,0,0,0,0
4786574394144,17.498924,1788966325547111263,,0,0,0,0,0,0,0,0,0,0,0,0,0,0,0,0,0,0,0
4786594453760,17.518983,1788966325567110808,,0,0,0,0,0,0,0,0,0,0,0,0,0,0,0,0,0,0,0
4786614358848,17.538888,1788966325587116693,,0,0,0,0,0,0,0,0,0,0,0,0,0,0,0,0,0,0,0
4786634320704,17.55885,1788966325607111436,,0,0,0,0,0,0,0,0,0,0,0,0,0,0,0,0,0,0,0
4786654333792,17.578863,1788966325627111210,,0,0,0,0,0,0,0,0,0,0,0,0,0,0,0,0,0,0,0
4786674540384,17.59907,1788966325647112133,,0,0,0,0,0,0,0,0,0,0,0,0,0,0,0,0,0,0,0
4786694356384,17.618886,1788966325667110896,,0,0,0,0,0,0,0,0,0,0,0,0,0,0,0,0,0,0,0
4786714366080,17.638896,1788966325687111434,,0,0,0,0,0,0,0,0,0,0,0,0,0,0,0,0,0,0,0
4786734428512,17.658958,1788966325707111183,,0,0,0,0,0,0,0,0,0,0,0,0,0,0,0,0,0,0,0
4786754320736,17.67885,1788966325727110713,,0,0,0,0,0,0,0,0,0,0,0,0,0,0,0,0,0,0,0
4786774331520,17.698861,1788966325747110576,,0,0,0,0,0,0,0,0,0,0,0,0,0,0,0,0,0,0,0
4786794334688,17.718864,1788966325767110284,,0,0,0,0,0,0,0,0,0,0,0,0,0,0,0,0,0,0,0
4786814336384,17.738866,1788966325787110991,,0,0,0,0,0,0,0,0,0,0,0,0,0,0,0,0,0,0,0
4786834335680,17.758865,1788966325807110781,,0,0,0,0,0,0,0,0,0,0,0,0,0,0,0,0,0,0,0
4786854324928,17.778855,1788966325827111459,,0,0,0,0,0,0,0,0,0,0,0,0,0,0,0,0,0,0,0
4786874327040,17.798857,1788966325847111019,,0,0,0,0,0,0,0,0,0,0,0,0,0,0,0,0,0,0,0
4786894227136,17.818757,1788966325867111078,,0,0,0,0,0,0,0,0,0,0,0,0,0,0,0,0,0,0,0
4786914312416,17.838842,1788966325887111218,,0,0,0,0,0,0,0,0,0,0,0,0,0,0,0,0,0,0,0
4786934333536,17.858863,1788966325907111478,,0,0,0,0,0,0,0,0,0,0,0,0,0,0,0,0,0,0,0
4786954312992,17.878843,1788966325927111187,,0,0,0,0,0,0,0,0,0,0,0,0,0,0,0,0,0,0,0
4786974356224,17.898886,1788966325947111086,,0,0,0,0,0,0,0,0,0,0,0,0,0,0,0,0,0,0,0
4786994329696,17.918859,1788966325967110602,,0,0,0,0,0,0,0,0,0,0,0,0,0,0,0,0,0,0,0
4787014328448,17.938858,1788966325987110791,,0,0,0,0,0,0,0,0,0,0,0,0,0,0,0,0,0,0,0
4787034379584,17.958909,1788966326007111446,,0,0,0,0,0,0,0,0,0,0,0,0,0,0,0,0,0,0,0
4787054333248,17.978863,1788966326027110746,,0,0,0,0,0,0,0,0,0,0,0,0,0,0,0,0,0,0,0
4787074301472,17.998831,1788966326047110467,,0,0,0,0,0,0,0,0,0,0,0,0,0,0,0,0,0,0,0
4787094242496,18.018772,1788966326067110594,,0,0,0,0,0,0,0,0,0,0,0,0,0,0,0,0,0,0,0
4787114319040,18.038849,1788966326087110902,,0,0,0,0,0,0,0,0,0,0,0,0,0,0,0,0,0,0,0
4787134321888,18.058851,1788966326107111120,,0,0,0,0,0,0,0,0,0,0,0,0,0,0,0,0,0,0,0
4787154321344,18.078851,1788966326127111006,,0,0,0,0,0,0,0,0,0,0,0,0,0,0,0,0,0,0,0
4787174343680,18.098873,1788966326147111953,,0,0,0,0,0,0,0,0,0,0,0,0,0,0,0,0,0,0,0
4787194308480,18.118838,1788966326167111223,,0,0,0,0,0,0,0,0,0,0,0,0,0,0,0,0,0,0,0
4787214309664,18.138839,1788966326187111035,,0,0,0,0,0,0,0,0,0,0,0,0,0,0,0,0,0,0,0
4787234311584,18.158841,1788966326207111152,,0,0,0,0,0,0,0,0,0,0,0,0,0,0,0,0,0,0,0
4787254289088,18.178819,1788966326227110666,,0,0,0,0,0,0,0,0,0,0,0,0,0,0,0,0,0,0,0
4787274370112,18.1989,1788966326247111197,,0,0,0,0,0,0,0,0,0,0,0,0,0,0,0,0,0,0,0
4787294296736,18.218826,1788966326267110816,,0,0,0,0,0,0,0,0,0,0,0,0,0,0,0,0,0,0,0
4787314295200,18.238825,1788966326287111087,,0,0,0,0,0,0,0,0,0,0,0,0,0,0,0,0,0,0,0
4787334306208,18.258836,1788966326307110824,,0,0,0,0,0,0,0,0,0,0,0,0,0,0,0,0,0,0,0
4787354290016,18.27882,1788966326327110734,,0,0,0,0,0,0,0,0,0,0,0,0,0,0,0,0,0,0,0
4787374301120,18.298831,1788966326347111085,,0,0,0,0,0,0,0,0,0,0,0,0,0,0,0,0,0,0,0
4787394308480,18.318838,1788966326367110764,,0,0,0,0,0,0,0,0,0,0,0,0,0,0,0,0,0,0,0
4787414284576,18.338814,1788966326387110979,,0,0,0,0,0,0,0,0,0,0,0,0,0,0,0,0,0,0,0
4787434272288,18.358802,1788966326407111469,,0,0,0,0,0,0,0,0,0,0,0,0,0,0,0,0,0,0,0
4787454310624,18.37884,1788966326427111002,,0,0,0,0,0,0,0,0,0,0,0,0,0,0,0,0,0,0,0
4787474279712,18.398809,1788966326447110876,,0,0,0,0,0,0,0,0,0,0,0,0,0,0,0,0,0,0,0
4787494255296,18.418785,1788966326467110697,,0,0,0,0,0,0,0,0,0,0,0,0,0,0,0,0,0,0,0
4787514299168,18.438829,1788966326487110663,,0,0,0,0,0,0,0,0,0,0,0,0,0,0,0,0,0,0,0
4787534283136,18.458813,1788966326507110593,,0,0,0,0,0,0,0,0,0,0,0,0,0,0,0,0,0,0,0
4787554290976,18.478821,1788966326527110847,,0,0,0,0,0,0,0,0,0,0,0,0,0,0,0,0,0,0,0
4787574307968,18.498838,1788966326547111030,,0,0,0,0,0,0,0,0,0,0,0,0,0,0,0,0,0,0,0
4787594299104,18.518829,1788966326567110779,,0,0,0,0,0,0,0,0,0,0,0,0,0,0,0,0,0,0,0
4787614295200,18.538825,1788966326587113762,,0,0,0,0,0,0,0,0,0,0,0,0,0,0,0,0,0,0,0
4787634275648,18.558805,1788966326607110530,,0,0,0,0,0,0,0,0,0,0,0,0,0,0,0,0,0,0,0
4787654274688,18.578804,1788966326627110591,,0,0,0,0,0,0,0,0,0,0,0,0,0,0,0,0,0,0,0
4787674312672,18.598842,1788966326647111060,,0,0,0,0,0,0,0,0,0,0,0,0,0,0,0,0,0,0,0
4787694284096,18.618814,1788966326667116852,,0,0,0,0,0,0,0,0,0,0,0,0,0,0,0,0,0,0,0
4787714278976,18.638809,1788966326687111303,,0,0,0,0,0,0,0,0,0,0,0,0,0,0,0,0,0,0,0
4787734292256,18.658822,1788966326707112849,,0,0,0,0,0,0,0,0,0,0,0,0,0,0,0,0,0,0,0
4787754272512,18.678802,1788966326727110852,,0,0,0,0,0,0,0,0,0,0,0,0,0,0,0,0,0,0,0
4787774290816,18.69882,1788966326747110814,,0,0,0,0,0,0,0,0,0,0,0,0,0,0,0,0,0,0,0
4787794285536,18.718815,1788966326767110773,,0,0,0,0,0,0,0,0,0,0,0,0,0,0,0,0,0,0,0
4787814272768,18.738802,1788966326787110572,,0,0,0,0,0,0,0,0,0,0,0,0,0,0,0,0,0,0,0
4787834273440,18.758803,1788966326807110583,,0,0,0,0,0,0,0,0,0,0,0,0,0,0,0,0,0,0,0
4787854275168,18.778805,1788966326827111824,,0,0,0,0,0,0,0,0,0,0,0,0,0,0,0,0,0,0,0
4787874267008,18.798797,1788966326847111386,,0,0,0,0,0,0,0,0,0,0,0,0,0,0,0,0,0,0,0
4787894210880,18.81874,1788966326867110737,,0,0,0,0,0,0,0,0,0,0,0,0,0,0,0,0,0,0,0
4787914287488,18.838817,1788966326887111257,,0,0,0,0,0,0,0,0,0,0,0,0,0,0,0,0,0,0,0
4787934289952,18.85882,1788966326907125402,,0,0,0,0,0,0,0,0,0,0,0,0,0,0,0,0,0,0,0
4787954245920,18.878776,1788966326927110873,,0,0,0,0,0,0,0,0,0,0,0,0,0,0,0,0,0,0,0
4787974272128,18.898802,1788966326947110937,,0,0,0,0,0,0,0,0,0,0,0,0,0,0,0,0,0,0,0
4787994265408,18.918795,1788966326967110924,,0,0,0,0,0,0,0,0,0,0,0,0,0,0,0,0,0,0,0
4788014275392,18.938805,1788966326987114109,,0,0,0,0,0,0,0,0,0,0,0,0,0,0,0,0,0,0,0
4788034273888,18.958803,1788966327007111208,,0,0,0,0,0,0,0,0,0,0,0,0,0,0,0,0,0,0,0
4788054258336,18.978788,1788966327027110752,,0,0,0,0,0,0,0,0,0,0,0,0,0,0,0,0,0,0,0
4788074266048,18.998796,1788966327047111011,,0,0,0,0,0,0,0,0,0,0,0,0,0,0,0,0,0,0,0
4788094204352,19.018734,1788966327067111062,,0,0,0,0,0,0,0,0,0,0,0,0,0,0,0,0,0,0,0
4788114247008,19.038777,1788966327087114746,,0,0,0,0,0,0,0,0,0,0,0,0,0,0,0,0,0,0,0
4788134273792,19.058803,1788966327107111731,,0,0,0,0,0,0,0,0,0,0,0,0,0,0,0,0,0,0,0
4788154265664,19.078795,1788966327127111093,,0,0,0,0,0,0,0,0,0,0,0,0,0,0,0,0,0,0,0
4788174249728,19.098779,1788966327147111776,,0,0,0,0,0,0,0,0,0,0,0,0,0,0,0,0,0,0,0
4788194278848,19.118808,1788966327167110693,,0,0,0,0,0,0,0,0,0,0,0,0,0,0,0,0,0,0,0
4788214247488,19.138777,1788966327187111130,,0,0,0,0,0,0,0,0,0,0,0,0,0,0,0,0,0,0,0
4788234242016,19.158772,1788966327207111280,,0,0,0,0,0,0,0,0,0,0,0,0,0,0,0,0,0,0,0
4788254269216,19.178799,1788966327227111105,,0,0,0,0,0,0,0,0,0,0,0,0,0,0,0,0,0,0,0
4788274279200,19.198809,1788966327247110609,,0,0,0,0,0,0,0,0,0,0,0,0,0,0,0,0,0,0,0
4788294270144,19.2188,1788966327267110594,,0,0,0,0,0,0,0,0,0,0,0,0,0,0,0,0,0,0,0
4788314253440,19.238783,1788966327287111486,,0,0,0,0,0,0,0,0,0,0,0,0,0,0,0,0,0,0,0
4788334244000,19.258774,1788966327307114000,,0,0,0,0,0,0,0,0,0,0,0,0,0,0,0,0,0,0,0
4788354231584,19.278761,1788966327327110887,,0,0,0,0,0,0,0,0,0,0,0,0,0,0,0,0,0,0,0
4788374302144,19.298832,1788966327347111295,,0,0,0,0,0,0,0,0,0,0,0,0,0,0,0,0,0,0,0
4788394234560,19.318764,1788966327367111149,,0,0,0,0,0,0,0,0,0,0,0,0,0,0,0,0,0,0,0
4788414221376,19.338751,1788966327387111190,,0,0,0,0,0,0,0,0,0,0,0,0,0,0,0,0,0,0,0
4788434259744,19.358789,1788966327407111382,,0,0,0,0,0,0,0,0,0,0,0,0,0,0,0,0,0,0,0
4788454241856,19.378771,1788966327427110976,,0,0,0,0,0,0,0,0,0,0,0,0,0,0,0,0,0,0,0
4788474291072,19.398821,1788966327447110730,,0,0,0,0,0,0,0,0,0,0,0,0,0,0,0,0,0,0,0
4788494141152,19.418671,1788966327467110959,,0,0,0,0,0,0,0,0,0,0,0,0,0,0,0,0,0,0,0
4788514242176,19.438772,1788966327487111084,,0,0,0,0,0,0,0,0,0,0,0,0,0,0,0,0,0,0,0
4788534264928,19.458795,1788966327507110603,,0,0,0,0,0,0,0,0,0,0,0,0,0,0,0,0,0,0,0
4788554255936,19.478786,1788966327527110957,,0,0,0,0,0,0,0,0,0,0,0,0,0,0,0,0,0,0,0
4788574499296,19.499029,1788966327547111304,,0,0,0,0,0,0,0,0,0,0,0,0,0,0,0,0,0,0,0
4788594261536,19.518791,1788966327567111142,,0,0,0,0,0,0,0,0,0,0,0,0,0,0,0,0,0,0,0
4788614281376,19.538811,1788966327587111076,,0,0,0,0,0,0,0,0,0,0,0,0,0,0,0,0,0,0,0
4788634231616,19.558761,1788966327607111138,,0,0,0,0,0,0,0,0,0,0,0,0,0,0,0,0,0,0,0
4788654288320,19.578818,1788966327627110467,,0,0,0,0,0,0,0,0,0,0,0,0,0,0,0,0,0,0,0
4788674236160,19.598766,1788966327647111820,,0,0,0,0,0,0,0,0,0,0,0,0,0,0,0,0,0,0,0
4788694259136,19.618789,1788966327667125838,,0,0,0,0,0,0,0,0,0,0,0,0,0,0,0,0,0,0,0
4788714247360,19.638777,1788966327687110341,,0,0,0,0,0,0,0,0,0,0,0,0,0,0,0,0,0,0,0
4788734227072,19.658757,1788966327707110841,,0,0,0,0,0,0,0,0,0,0,0,0,0,0,0,0,0,0,0
4788754224800,19.678754,1788966327727111790,,0,0,0,0,0,0,0,0,0,0,0,0,0,0,0,0,0,0,0
4788774258592,19.698788,1788966327747110845,,0,0,0,0,0,0,0,0,0,0,0,0,0,0,0,0,0,0,0
4788794232032,19.718762,1788966327767111302,,0,0,0,0,0,0,0,0,0,0,0,0,0,0,0,0,0,0,0
4788814195936,19.738726,1788966327787110591,,0,0,0,0,0,0,0,0,0,0,0,0,0,0,0,0,0,0,0
4788834248096,19.758778,1788966327807111001,,0,0,0,0,0,0,0,0,0,0,0,0,0,0,0,0,0,0,0
4788854212736,19.778742,1788966327827111002,,0,0,0,0,0,0,0,0,0,0,0,0,0,0,0,0,0,0,0
4788874204096,19.798734,1788966327847111151,,0,0,0,0,0,0,0,0,0,0,0,0,0,0,0,0,0,0,0
4788894193920,19.818724,1788966327867111004,,0,0,0,0,0,0,0,0,0,0,0,0,0,0,0,0,0,0,0
4788914220256,19.83875,1788966327887111355,,0,0,0,0,0,0,0,0,0,0,0,0,0,0,0,0,0,0,0
4788934252928,19.858783,1788966327907111565,,0,0,0,0,0,0,0,0,0,0,0,0,0,0,0,0,0,0,0
4788954246784,19.878776,1788966327927111200,,0,0,0,0,0,0,0,0,0,0,0,0,0,0,0,0,0,0,0
4788974209312,19.898739,1788966327947111128,,0,0,0,0,0,0,0,0,0,0,0,0,0,0,0,0,0,0,0
4788994250624,19.91878,1788966327967110984,,0,0,0,0,0,0,0,0,0,0,0,0,0,0,0,0,0,0,0
4789014254272,19.938784,1788966327987110905,,0,0,0,0,0,0,0,0,0,0,0,0,0,0,0,0,0,0,0
4789034197504,19.958727,1788966328007110858,,0,0,0,0,0,0,0,0,0,0,0,0,0,0,0,0,0,0,0
4789054243424,19.978773,1788966328027110916,,0,0,0,0,0,0,0,0,0,0,0,0,0,0,0,0,0,0,0
4789074205216,19.998735,1788966328047113912,,0,0,0,0,0,0,0,0,0,0,0,0,0,0,0,0,0,0,0
4789094270176,20.0188,1788966328067110863,,0,0,0,0,0,0,0,0,0,0,0,0,0,0,0,0,0,0,0
4789114243264,20.038773,1788966328087111133,,0,0,0,0,0,0,0,0,0,0,0,0,0,0,0,0,0,0,0
4789134197440,20.058727,1788966328107110074,,0,0,0,0,0,0,0,0,0,0,0,0,0,0,0,0,0,0,0
4789154188256,20.078718,1788966328127110863,,0,0,0,0,0,0,0,0,0,0,0,0,0,0,0,0,0,0,0
4789174287648,20.098817,1788966328147111678,,0,0,0,0,0,0,0,0,0,0,0,0,0,0,0,0,0,0,0
4789194199168,20.118729,1788966328167125257,,0,0,0,0,0,0,0,0,0,0,0,0,0,0,0,0,0,0,0
4789214301632,20.138831,1788966328187110877,,0,0,0,0,0,0,0,0,0,0,0,0,0,0,0,0,0,0,0
4789234222176,20.158752,1788966328207110621,,0,0,0,0,0,0,0,0,0,0,0,0,0,0,0,0,0,0,0
4789254243328,20.178773,1788966328227111323,,0,0,0,0,0,0,0,0,0,0,0,0,0,0,0,0,0,0,0
4789274259296,20.198789,1788966328247111216,,0,0,0,0,0,0,0,0,0,0,0,0,0,0,0,0,0,0,0
4789294176640,20.218706,1788966328267110926,,0,0,0,0,0,0,0,0,0,0,0,0,0,0,0,0,0,0,0
4789314195680,20.238725,1788966328287111125,,0,0,0,0,0,0,0,0,0,0,0,0,0,0,0,0,0,0,0
4789334195424,20.258725,1788966328307111083,,0,0,0,0,0,0,0,0,0,0,0,0,0,0,0,0,0,0,0
4789354204896,20.278734,1788966328327110874,,0,0,0,0,0,0,0,0,0,0,0,0,0,0,0,0,0,0,0
4789374366464,20.298896,1788966328347110865,,0,0,0,0,0,0,0,0,0,0,0,0,0,0,0,0,0,0,0
4789394196544,20.318726,1788966328367110790,,0,0,0,0,0,0,0,0,0,0,0,0,0,0,0,0,0,0,0
4789414216800,20.338746,1788966328387111020,,0,0,0,0,0,0,0,0,0,0,0,0,0,0,0,0,0,0,0
4789434182656,20.358712,1788966328407111069,,0,0,0,0,0,0,0,0,0,0,0,0,0,0,0,0,0,0,0
4789454179296,20.378709,1788966328427110504,,0,0,0,0,0,0,0,0,0,0,0,0,0,0,0,0,0,0,0
4789474203648,20.398733,1788966328447110964,,0,0,0,0,0,0,0,0,0,0,0,0,0,0,0,0,0,0,0
4789494129504,20.418659,1788966328467111185,,0,0,0,0,0,0,0,0,0,0,0,0,0,0,0,0,0,0,0
4789514199072,20.438729,1788966328487110847,,0,0,0,0,0,0,0,0,0,0,0,0,0,0,0,0,0,0,0
4789534217344,20.458747,1788966328507111050,,0,0,0,0,0,0,0,0,0,0,0,0,0,0,0,0,0,0,0
4789554172736,20.478702,1788966328527110748,,0,0,0,0,0,0,0,0,0,0,0,0,0,0,0,0,0,0,0
4789574278336,20.498808,1788966328547110764,,0,0,0,0,0,0,0,0,0,0,0,0,0,0,0,0,0,0,0
4789594218624,20.518748,1788966328567111231,,0,0,0,0,0,0,0,0,0,0,0,0,0,0,0,0,0,0,0
4789614206880,20.538736,1788966328587111320,,0,0,0,0,0,0,0,0,0,0,0,0,0,0,0,0,0,0,0
4789634200896,20.55873,1788966328607110928,,0,0,0,0,0,0,0,0,0,0,0,0,0,0,0,0,0,0,0
4789654201440,20.578731,1788966328627110907,,0,0,0,0,0,0,0,0,0,0,0,0,0,0,0,0,0,0,0
4789674159712,20.598689,1788966328647112207,,0,0,0,0,0,0,0,0,0,0,0,0,0,0,0,0,0,0,0
4789694144096,20.618674,1788966328667110484,,0,0,0,0,0,0,0,0,0,0,0,0,0,0,0,0,0,0,0
4789714192064,20.638722,1788966328687110570,,0,0,0,0,0,0,0,0,0,0,0,0,0,0,0,0,0,0,0
4789734160576,20.65869,1788966328707110845,,0,0,0,0,0,0,0,0,0,0,0,0,0,0,0,0,0,0,0
4789754174432,20.678704,1788966328727110615,,0,0,0,0,0,0,0,0,0,0,0,0,0,0,0,0,0,0,0
4789774167392,20.698697,1788966328747111048,,0,0,0,0,0,0,0,0,0,0,0,0,0,0,0,0,0,0,0
4789794199648,20.718729,1788966328767110583,,0,0,0,0,0,0,0,0,0,0,0,0,0,0,0,0,0,0,0
4789814212672,20.738742,1788966328787110772,,0,0,0,0,0,0,0,0,0,0,0,0,0,0,0,0,0,0,0
4789834184192,20.758714,1788966328807114767,,0,0,0,0,0,0,0,0,0,0,0,0,0,0,0,0,0,0,0
4789854177920,20.778708,1788966328827111464,,0,0,0,0,0,0,0,0,0,0,0,0,0,0,0,0,0,0,0
4789874218080,20.798748,1788966328847111519,,0,0,0,0,0,0,0,0,0,0,0,0,0,0,0,0,0,0,0
4789894058816,20.818588,1788966328867110660,,0,0,0,0,0,0,0,0,0,0,0,0,0,0,0,0,0,0,0
4789914145792,20.838675,1788966328887110769,,0,0,0,0,0,0,0,0,0,0,0,0,0,0,0,0,0,0,0
4789934186720,20.858716,1788966328907111807,,0,0,0,0,0,0,0,0,0,0,0,0,0,0,0,0,0,0,0
4789954168544,20.878698,1788966328927110975,,0,0,0,0,0,0,0,0,0,0,0,0,0,0,0,0,0,0,0
4789974179904,20.89871,1788966328947112365,,0,0,0,0,0,0,0,0,0,0,0,0,0,0,0,0,0,0,0
4789994180096,20.91871,1788966328967110553,,0,0,0,0,0,0,0,0,0,0,0,0,0,0,0,0,0,0,0
4790014156800,20.938686,1788966328987111248,,0,0,0,0,0,0,0,0,0,0,0,0,0,0,0,0,0,0,0
4790034183648,20.958713,1788966329007110439,,0,0,0,0,0,0,0,0,0,0,0,0,0,0,0,0,0,0,0
4790054167552,20.978697,1788966329027110832,,0,0,0,0,0,0,0,0,0,0,0,0,0,0,0,0,0,0,0
4790074149536,20.998679,1788966329047110911,,0,0,0,0,0,0,0,0,0,0,0,0,0,0,0,0,0,0,0
4790094102048,21.018632,1788966329067111069,,0,0,0,0,0,0,0,0,0,0,0,0,0,0,0,0,0,0,0
4790114173952,21.038704,1788966329087111487,,0,0,0,0,0,0,0,0,0,0,0,0,0,0,0,0,0,0,0
4790134155936,21.058686,1788966329107111776,,0,0,0,0,0,0,0,0,0,0,0,0,0,0,0,0,0,0,0
4790154160480,21.07869,1788966329127111379,,0,0,0,0,0,0,0,0,0,0,0,0,0,0,0,0,0,0,0
4790174160288,21.09869,1788966329147112732,,0,0,0,0,0,0,0,0,0,0,0,0,0,0,0,0,0,0,0
4790194188512,21.118718,1788966329167111774,,0,0,0,0,0,0,0,0,0,0,0,0,0,0,0,0,0,0,0
4790214162560,21.138692,1788966329187111674,,0,0,0,0,0,0,0,0,0,0,0,0,0,0,0,0,0,0,0
4790234181440,21.158711,1788966329207111201,,0,0,0,0,0,0,0,0,0,0,0,0,0,0,0,0,0,0,0
4790254147264,21.178677,1788966329227111000,,0,0,0,0,0,0,0,0,0,0,0,0,0,0,0,0,0,0,0
4790274167360,21.198697,1788966329247111028,,0,0,0,0,0,0,0,0,0,0,0,0,0,0,0,0,0,0,0
4790294122912,21.218653,1788966329267111020,,0,0,0,0,0,0,0,0,0,0,0,0,0,0,0,0,0,0,0
4790314116992,21.238647,1788966329287110538,,0,0,0,0,0,0,0,0,0,0,0,0,0,0,0,0,0,0,0
4790334132896,21.258662,1788966329307111074,,0,0,0,0,0,0,0,0,0,0,0,0,0,0,0,0,0,0,0
4790354142400,21.278672,1788966329327111025,,0,0,0,0,0,0,0,0,0,0,0,0,0,0,0,0,0,0,0
4790374140704,21.29867,1788966329347111169,,0,0,0,0,0,0,0,0,0,0,0,0,0,0,0,0,0,0,0
4790394175552,21.318705,1788966329367111540,,0,0,0,0,0,0,0,0,0,0,0,0,0,0,0,0,0,0,0
4790414148704,21.338678,1788966329387125062,,0,0,0,0,0,0,0,0,0,0,0,0,0,0,0,0,0,0,0
4790434168480,21.358698,1788966329407111800,,0,0,0,0,0,0,0,0,0,0,0,0,0,0,0,0,0,0,0
4790454147776,21.378677,1788966329427110622,,0,0,0,0,0,0,0,0,0,0,0,0,0,0,0,0,0,0,0
4790474127008,21.398657,1788966329447111665,,0,0,0,0,0,0,0,0,0,0,0,0,0,0,0,0,0,0,0
4790494045760,21.418575,1788966329467111671,,0,0,0,0,0,0,0,0,0,0,0,0,0,0,0,0,0,0,0
4790514165504,21.438695,1788966329487111817,,0,0,0,0,0,0,0,0,0,0,0,0,0,0,0,0,0,0,0
4790534132672,21.458662,1788966329507111762,,0,0,0,0,0,0,0,0,0,0,0,0,0,0,0,0,0,0,0
4790554151328,21.478681,1788966329527111388,,0,0,0,0,0,0,0,0,0,0,0,0,0,0,0,0,0,0,0
4790574135648,21.498665,1788966329547111393,,0,0,0,0,0,0,0,0,0,0,0,0,0,0,0,0,0,0,0
4790594125728,21.518655,1788966329567109771,,0,0,0,0,0,0,0,0,0,0,0,0,0,0,0,0,0,0,0
4790614148256,21.538678,1788966329587112131,,0,0,0,0,0,0,0,0,0,0,0,0,0,0,0,0,0,0,0
4790634140992,21.558671,1788966329607111391,,0,0,0,0,0,0,0,0,0,0,0,0,0,0,0,0,0,0,0
4790654147872,21.578677,1788966329627111013,,0,0,0,0,0,0,0,0,0,0,0,0,0,0,0,0,0,0,0
4790674167104,21.598697,1788966329647112096,,0,0,0,0,0,0,0,0,0,0,0,0,0,0,0,0,0,0,0
4790694107104,21.618637,1788966329667111449,,0,0,0,0,0,0,0,0,0,0,0,0,0,0,0,0,0,0,0
4790714163488,21.638693,1788966329687111209,,0,0,0,0,0,0,0,0,0,0,0,0,0,0,0,0,0,0,0
4790734158752,21.658688,1788966329707111463,,0,0,0,0,0,0,0,0,0,0,0,0,0,0,0,0,0,0,0
4790754121632,21.678651,1788966329727111055,,0,0,0,0,0,0,0,0,0,0,0,0,0,0,0,0,0,0,0
4790774113824,21.698643,1788966329747110828,,0,0,0,0,0,0,0,0,0,0,0,0,0,0,0,0,0,0,0
4790794145600,21.718675,1788966329767111224,,0,0,0,0,0,0,0,0,0,0,0,0,0,0,0,0,0,0,0
4790814124288,21.738654,1788966329787110832,,0,0,0,0,0,0,0,0,0,0,0,0,0,0,0,0,0,0,0
4790834125792,21.758655,1788966329807110775,,0,0,0,0,0,0,0,0,0,0,0,0,0,0,0,0,0,0,0
4790854174944,21.778705,1788966329827110983,,0,0,0,0,0,0,0,0,0,0,0,0,0,0,0,0,0,0,0
4790874105568,21.798635,1788966329847111188,,0,0,0,0,0,0,0,0,0,0,0,0,0,0,0,0,0,0,0
4790894006944,21.818537,1788966329867110863,,0,0,0,0,0,0,0,0,0,0,0,0,0,0,0,0,0,0,0
4790914114432,21.838644,1788966329887117841,,0,0,0,0,0,0,0,0,0,0,0,0,0,0,0,0,0,0,0
4790934102368,21.858632,1788966329907114519,,0,0,0,0,0,0,0,0,0,0,0,0,0,0,0,0,0,0,0
4790954162048,21.878692,1788966329927113412,,0,0,0,0,0,0,0,0,0,0,0,0,0,0,0,0,0,0,0
4790974112224,21.898642,1788966329947110925,,0,0,0,0,0,0,0,0,0,0,0,0,0,0,0,0,0,0,0
4790994127104,21.918657,1788966329967111241,,0,0,0,0,0,0,0,0,0,0,0,0,0,0,0,0,0,0,0
4791014160544,21.93869,1788966329987110894,,0,0,0,0,0,0,0,0,0,0,0,0,0,0,0,0,0,0,0
4791034126592,21.958656,1788966330007110554,,0,0,0,0,0,0,0,0,0,0,0,0,0,0,0,0,0,0,0
4791054116672,21.978646,1788966330027111516,,0,0,0,0,0,0,0,0,0,0,0,0,0,0,0,0,0,0,0
4791074157952,21.998688,1788966330047111104,,0,0,0,0,0,0,0,0,0,0,0,0,0,0,0,0,0,0,0
4791094000352,22.01853,1788966330067111041,,0,0,0,0,0,0,0,0,0,0,0,0,0,0,0,0,0,0,0
4791114095520,22.038625,1788966330087111446,,0,0,0,0,0,0,0,0,0,0,0,0,0,0,0,0,0,0,0
4791134151072,22.058681,1788966330107111041,,0,0,0,0,0,0,0,0,0,0,0,0,0,0,0,0,0,0,0
4791154111264,22.078641,1788966330127112088,,0,0,0,0,0,0,0,0,0,0,0,0,0,0,0,0,0,0,0
4791174094656,22.098624,1788966330147111837,,0,0,0,0,0,0,0,0,0,0,0,0,0,0,0,0,0,0,0
4791194147424,22.118677,1788966330167111014,,0,0,0,0,0,0,0,0,0,0,0,0,0,0,0,0,0,0,0
4791214126784,22.138656,1788966330187111113,,0,0,0,0,0,0,0,0,0,0,0,0,0,0,0,0,0,0,0
4791234095072,22.158625,1788966330207111288,,0,0,0,0,0,0,0,0,0,0,0,0,0,0,0,0,0,0,0
4791254119552,22.178649,1788966330227111792,,0,0,0,0,0,0,0,0,0,0,0,0,0,0,0,0,0,0,0
4791274104192,22.198634,1788966330247110599,,0,0,0,0,0,0,0,0,0,0,0,0,0,0,0,0,0,0,0
4791294003552,22.218533,1788966330267110763,,0,0,0,0,0,0,0,0,0,0,0,0,0,0,0,0,0,0,0
4791314132800,22.238662,1788966330287110994,,0,0,0,0,0,0,0,0,0,0,0,0,0,0,0,0,0,0,0
4791334092320,22.258622,1788966330307111509,,0,0,0,0,0,0,0,0,0,0,0,0,0,0,0,0,0,0,0
4791354090784,22.27862,1788966330327111154,,0,0,0,0,0,0,0,0,0,0,0,0,0,0,0,0,0,0,0
4791374099840,22.298629,1788966330347111021,,0,0,0,0,0,0,0,0,0,0,0,0,0,0,0,0,0,0,0
4791394118144,22.318648,1788966330367110418,,0,0,0,0,0,0,0,0,0,0,0,0,0,0,0,0,0,0,0
4791414125056,22.338655,1788966330387110862,,0,0,0,0,0,0,0,0,0,0,0,0,0,0,0,0,0,0,0
4791434106368,22.358636,1788966330407111732,,0,0,0,0,0,0,0,0,0,0,0,0,0,0,0,0,0,0,0
4791454085856,22.378615,1788966330427111074,,0,0,0,0,0,0,0,0,0,0,0,0,0,0,0,0,0,0,0
4791474105440,22.398635,1788966330447111437,,0,0,0,0,0,0,0,0,0,0,0,0,0,0,0,0,0,0,0
4791494069664,22.418599,1788966330467110835,,0,0,0,0,0,0,0,0,0,0,0,0,0,0,0,0,0,0,0
4791514110688,22.43864,1788966330487111412,,0,0,0,0,0,0,0,0,0,0,0,0,0,0,0,0,0,0,0
4791534099840,22.458629,1788966330507111114,,0,0,0,0,0,0,0,0,0,0,0,0,0,0,0,0,0,0,0
4791554095808,22.478625,1788966330527111363,,0,0,0,0,0,0,0,0,0,0,0,0,0,0,0,0,0,0,0
4791574097312,22.498627,1788966330547111115,,0,0,0,0,0,0,0,0,0,0,0,0,0,0,0,0,0,0,0
4791594120384,22.51865,1788966330567111154,,0,0,0,0,0,0,0,0,0,0,0,0,0,0,0,0,0,0,0
4791614083168,22.538613,1788966330587110844,,0,0,0,0,0,0,0,0,0,0,0,0,0,0,0,0,0,0,0
4791634088960,22.558619,1788966330607110692,,0,0,0,0,0,0,0,0,0,0,0,0,0,0,0,0,0,0,0
4791654092288,22.578622,1788966330627111235,,0,0,0,0,0,0,0,0,0,0,0,0,0,0,0,0,0,0,0
4791674081856,22.598611,1788966330647111563,,0,0,0,0,0,0,0,0,0,0,0,0,0,0,0,0,0,0,0
4791694056128,22.618586,1788966330667110839,,0,0,0,0,0,0,0,0,0,0,0,0,0,0,0,0,0,0,0
4791714094656,22.638624,1788966330687111089,,0,0,0,0,0,0,0,0,0,0,0,0,0,0,0,0,0,0,0
4791734120800,22.65865,1788966330707111100,,0,0,0,0,0,0,0,0,0,0,0,0,0,0,0,0,0,0,0
4791754109248,22.678639,1788966330727111511,,0,0,0,0,0,0,0,0,0,0,0,0,0,0,0,0,0,0,0
4791774101568,22.698631,1788966330747111029,,0,0,0,0,0,0,0,0,0,0,0,0,0,0,0,0,0,0,0
4791794103104,22.718633,1788966330767110948,,0,0,0,0,0,0,0,0,0,0,0,0,0,0,0,0,0,0,0
4791814063520,22.738593,1788966330787111424,,0,0,0,0,0,0,0,0,0,0,0,0,0,0,0,0,0,0,0
4791834099584,22.758629,1788966330807111374,,0,0,0,0,0,0,0,0,0,0,0,0,0,0,0,0,0,0,0
4791854071808,22.778601,1788966330827110646,,0,0,0,0,0,0,0,0,0,0,0,0,0,0,0,0,0,0,0
4791874067680,22.798597,1788966330847110530,,0,0,0,0,0,0,0,0,0,0,0,0,0,0,0,0,0,0,0
4791894003040,22.818533,1788966330867110705,,0,0,0,0,0,0,0,0,0,0,0,0,0,0,0,0,0,0,0
4791914059168,22.838589,1788966330887110516,,0,0,0,0,0,0,0,0,0,0,0,0,0,0,0,0,0,0,0
4791934092992,22.858623,1788966330907111257,,0,0,0,0,0,0,0,0,0,0,0,0,0,0,0,0,0,0,0
4791954069440,22.878599,1788966330927110986,,0,0,0,0,0,0,0,0,0,0,0,0,0,0,0,0,0,0,0
4791974066976,22.898597,1788966330947110523,,0,0,0,0,0,0,0,0,0,0,0,0,0,0,0,0,0,0,0
4791994102720,22.918632,1788966330967111025,,0,0,0,0,0,0,0,0,0,0,0,0,0,0,0,0,0,0,0
4792014109184,22.938639,1788966330987111440,,0,0,0,0,0,0,0,0,0,0,0,0,0,0,0,0,0,0,0
4792034068704,22.958598,1788966331007110699,,0,0,0,0,0,0,0,0,0,0,0,0,0,0,0,0,0,0,0
4792054079008,22.978609,1788966331027110836,,0,0,0,0,0,0,0,0,0,0,0,0,0,0,0,0,0,0,0
4792074111616,22.998641,1788966331047111364,,0,0,0,0,0,0,0,0,0,0,0,0,0,0,0,0,0,0,0
4792094102464,23.018632,1788966331067111001,,0,0,0,0,0,0,0,0,0,0,0,0,0,0,0,0,0,0,0
4792114071232,23.038601,1788966331087110771,,0,0,0,0,0,0,0,0,0,0,0,0,0,0,0,0,0,0,0
4792134064384,23.058594,1788966331107110903,,0,0,0,0,0,0,0,0,0,0,0,0,0,0,0,0,0,0,0
4792154042432,23.078572,1788966331127111005,,0,0,0,0,0,0,0,0,0,0,0,0,0,0,0,0,0,0,0
4792174120896,23.09865,1788966331147112006,,0,0,0,0,0,0,0,0,0,0,0,0,0,0,0,0,0,0,0
4792194074688,23.118604,1788966331167111077,,0,0,0,0,0,0,0,0,0,0,0,0,0,0,0,0,0,0,0
4792214095808,23.138625,1788966331187111620,,0,0,0,0,0,0,0,0,0,0,0,0,0,0,0,0,0,0,0
4792234072032,23.158602,1788966331207111377,,0,0,0,0,0,0,0,0,0,0,0,0,0,0,0,0,0,0,0
4792254090304,23.17862,1788966331227111165,,0,0,0,0,0,0,0,0,0,0,0,0,0,0,0,0,0,0,0
4792274050080,23.19858,1788966331247111338,,0,0,0,0,0,0,0,0,0,0,0,0,0,0,0,0,0,0,0
4792294066848,23.218596,1788966331267111449,,0,0,0,0,0,0,0,0,0,0,0,0,0,0,0,0,0,0,0
4792314050528,23.23858,1788966331287110899,,0,0,0,0,0,0,0,0,0,0,0,0,0,0,0,0,0,0,0
4792334052928,23.258583,1788966331307110961,,0,0,0,0,0,0,0,0,0,0,0,0,0,0,0,0,0,0,0
4792354051136,23.278581,1788966331327115010,,0,0,0,0,0,0,0,0,0,0,0,0,0,0,0,0,0,0,0
4792374060256,23.29859,1788966331347111221,,0,0,0,0,0,0,0,0,0,0,0,0,0,0,0,0,0,0,0
4792394069600,23.318599,1788966331367111403,,0,0,0,0,0,0,0,0,0,0,0,0,0,0,0,0,0,0,0
4792414068736,23.338598,1788966331387111284,,0,0,0,0,0,0,0,0,0,0,0,0,0,0,0,0,0,0,0
4792434034208,23.358564,1788966331407110664,,0,0,0,0,0,0,0,0,0,0,0,0,0,0,0,0,0,0,0
4792454054272,23.378584,1788966331427111217,,0,0,0,0,0,0,0,0,0,0,0,0,0,0,0,0,0,0,0
4792474038784,23.398568,1788966331447111215,,0,0,0,0,0,0,0,0,0,0,0,0,0,0,0,0,0,0,0
4792493956352,23.418486,1788966331467111539,,0,0,0,0,0,0,0,0,0,0,0,0,0,0,0,0,0,0,0
4792514056864,23.438586,1788966331487110932,,0,0,0,0,0,0,0,0,0,0,0,0,0,0,0,0,0,0,0
4792534049792,23.458579,1788966331507111404,,0,0,0,0,0,0,0,0,0,0,0,0,0,0,0,0,0,0,0
4792554053792,23.478583,1788966331527111419,,0,0,0,0,0,0,0,0,0,0,0,0,0,0,0,0,0,0,0
4792574070016,23.4986,1788966331547111439,,0,0,0,0,0,0,0,0,0,0,0,0,0,0,0,0,0,0,0
4792594059584,23.518589,1788966331567111455,,0,0,0,0,0,0,0,0,0,0,0,0,0,0,0,0,0,0,0
4792614032288,23.538562,1788966331587111943,,0,0,0,0,0,0,0,0,0,0,0,0,0,0,0,0,0,0,0
4792634048640,23.558578,1788966331607111663,,0,0,0,0,0,0,0,0,0,0,0,0,0,0,0,0,0,0,0
4792654040704,23.57857,1788966331627111747,,0,0,0,0,0,0,0,0,0,0,0,0,0,0,0,0,0,0,0
4792674027968,23.598558,1788966331647111871,,0,0,0,0,0,0,0,0,0,0,0,0,0,0,0,0,0,0,0
4792693957952,23.618488,1788966331667111391,,0,0,0,0,0,0,0,0,0,0,0,0,0,0,0,0,0,0,0
4792714034368,23.638564,1788966331687111156,,0,0,0,0,0,0,0,0,0,0,0,0,0,0,0,0,0,0,0
4792734016032,23.658546,1788966331707111064,,0,0,0,0,0,0,0,0,0,0,0,0,0,0,0,0,0,0,0
4792754027456,23.678557,1788966331727111845,,0,0,0,0,0,0,0,0,0,0,0,0,0,0,0,0,0,0,0
4792774033632,23.698563,1788966331747111513,,0,0,0,0,0,0,0,0,0,0,0,0,0,0,0,0,0,0,0
4792794023264,23.718553,1788966331767111061,,0,0,0,0,0,0,0,0,0,0,0,0,0,0,0,0,0,0,0
4792814093536,23.738623,1788966331787111254,,0,0,0,0,0,0,0,0,0,0,0,0,0,0,0,0,0,0,0
4792834024448,23.758554,1788966331807111665,,0,0,0,0,0,0,0,0,0,0,0,0,0,0,0,0,0,0,0
4792854059072,23.778589,1788966331827111352,,0,0,0,0,0,0,0,0,0,0,0,0,0,0,0,0,0,0,0
4792874018176,23.798548,1788966331847111622,,0,0,0,0,0,0,0,0,0,0,0,0,0,0,0,0,0,0,0
4792893926432,23.818456,1788966331867111686,,0,0,0,0,0,0,0,0,0,0,0,0,0,0,0,0,0,0,0
4792914032864,23.838562,1788966331887112435,,0,0,0,0,0,0,0,0,0,0,0,0,0,0,0,0,0,0,0
4792934039360,23.858569,1788966331907111464,,0,0,0,0,0,0,0,0,0,0,0,0,0,0,0,0,0,0,0
4792954020864,23.87855,1788966331927110953,,0,0,0,0,0,0,0,0,0,0,0,0,0,0,0,0,0,0,0
4792974062016,23.898592,1788966331947111254,,0,0,0,0,0,0,0,0,0,0,0,0,0,0,0,0,0,0,0
4792994031264,23.918561,1788966331967110755,,0,0,0,0,0,0,0,0,0,0,0,0,0,0,0,0,0,0,0
4793014034144,23.938564,1788966331987111031,,0,0,0,0,0,0,0,0,0,0,0,0,0,0,0,0,0,0,0
4793034060800,23.95859,1788966332007111207,,0,0,0,0,0,0,0,0,0,0,0,0,0,0,0,0,0,0,0
4793054050400,23.97858,1788966332027117352,,0,0,0,0,0,0,0,0,0,0,0,0,0,0,0,0,0,0,0
4793074000576,23.99853,1788966332047110810,,0,0,0,0,0,0,0,0,0,0,0,0,0,0,0,0,0,0,0
4793094000032,24.01853,1788966332067113815,,0,0,0,0,0,0,0,0,0,0,0,0,0,0,0,0,0,0,0
4793114010432,24.03854,1788966332087110834,,0,0,0,0,0,0,0,0,0,0,0,0,0,0,0,0,0,0,0
4793133994368,24.058524,1788966332107111252,,0,0,0,0,0,0,0,0,0,0,0,0,0,0,0,0,0,0,0
4793154033632,24.078563,1788966332127110867,,0,0,0,0,0,0,0,0,0,0,0,0,0,0,0,0,0,0,0
4793173999616,24.098529,1788966332147111991,,0,0,0,0,0,0,0,0,0,0,0,0,0,0,0,0,0,0,0
4793193992320,24.118522,1788966332167111894,,0,0,0,0,0,0,0,0,0,0,0,0,0,0,0,0,0,0,0
4793214021824,24.138551,1788966332187111576,,0,0,0,0,0,0,0,0,0,0,0,0,0,0,0,0,0,0,0
4793234023936,24.158554,1788966332207111241,,0,0,0,0,0,0,0,0,0,0,0,0,0,0,0,0,0,0,0
4793254016096,24.178546,1788966332227111601,,0,0,0,0,0,0,0,0,0,0,0,0,0,0,0,0,0,0,0
