t_recv_ns,t_s,t_stamp_ns,mos_temperature_0,mos_temperature_1,mos_temperature_2,mos_temperature_3,mos_temperature_4,mos_temperature_5,mos_temperature_6,mos_temperature_7,mos_temperature_8,mos_temperature_9,mos_temperature_10,mos_temperature_11,mos_temperature_12,mos_temperature_13,mos_temperature_14,mos_temperature_15,mos_temperature_16,mos_temperature_17,mos_temperature_18,mos_temperature_19,mos_temperature_20,mos_temperature_21,mos_temperature_22,mos_temperature_23,mos_temperature_24,motor_temperature_0,motor_temperature_1,motor_temperature_2,motor_temperature_3,motor_temperature_4,motor_temperature_5,motor_temperature_6,motor_temperature_7,motor_temperature_8,motor_temperature_9,motor_temperature_10,motor_temperature_11,motor_temperature_12,motor_temperature_13,motor_temperature_14,motor_temperature_15,motor_temperature_16,motor_temperature_17,motor_temperature_18,motor_temperature_19,motor_temperature_20,motor_temperature_21,motor_temperature_22,motor_temperature_23,motor_temperature_24,tau_cmd_0,tau_cmd_1,tau_cmd_2,tau_cmd_3,tau_cmd_4,tau_cmd_5,tau_cmd_6,tau_cmd_7,tau_cmd_8,tau_cmd_9,tau_cmd_10,tau_cmd_11,tau_cmd_12,tau_cmd_13,tau_cmd_14,tau_cmd_15,tau_cmd_16,tau_cmd_17,tau_cmd_18,tau_cmd_19,tau_cmd_20,tau_cmd_21,tau_cmd_22,tau_cmd_23,tau_cmd_24
2834779967552,0,0,40.125885,42.039368,38.487068,32.023346,33.14946,33.964294,34.838638,33.932251,33.804077,30.897232,33.671318,33.639275,38.04303,38.12085,34.495308,35.026321,34.380867,34.353401,38.404671,34.861526,34.696724,34.55024,33.685051,38.63813,2699749.7,39.430077,38.857864,35.703819,29.986267,29.794006,29.981689,31.91806,30.434883,30.238037,28.525978,30.352486,29.848938,35.273521,34.206909,32.275124,31.950104,31.922638,31.029984,34.719612,32.137787,31.126114,32.270546,31.268028,34.701302,2699749.7,-29.539948,28.560303,-18.168915,-4.9851074,0.90179443,0.23345947,-0.0045776367,-0.0045776367,-0.0045776367,-0.0045776367,-0.0045776367,-0.0045776367,-0.0045776367,-0.0045776367,-0.0045776367,-0.0045776367,-0.0045776367,-0.0045776367,-0.0045776367,-0.0045776367,-0.0045776367,-0.0045776367,-0.0045776367,-0.0045776367,2699749.7
2834793744224,0.013776672,0,40.121307,42.039368,38.491646,32.023346,33.14946,33.959717,34.843216,33.936829,33.804077,30.90181,33.66674,33.639275,38.04303,38.12085,34.499886,35.021744,34.380867,34.353401,38.404671,34.856949,34.701302,34.545662,33.689629,38.633553,2699769.7,39.448387,38.853287,35.671776,29.995422,29.771118,29.995422,31.927216,30.425728,30.219727,28.530556,30.338753,29.830627,35.273521,34.22522,32.270546,31.950104,31.945526,31.007095,34.728767,32.133209,31.121536,32.24765,31.281761,34.682991,2699769.7,-25.456635,25.035492,-14.01236,-1.7349548,1.4419861,-0.068664551,-0.0045776367,-0.0045776367,-0.0045776367,-0.0045776367,-0.0045776367,-0.0045776367,-0.0045776367,-0.0045776367,-0.0045776367,-0.0045776367,-0.0045776367,-0.0045776367,-0.0045776367,-0.0045776367,-0.0045776367,-0.0045776367,-0.0045776367,-0.0045776367,2699769.7
2834813689376,0.033721824,0,40.121307,42.048523,38.491646,32.018768,33.14946,33.959717,34.843216,33.936829,33.808655,30.897232,33.671318,33.639275,38.04303,38.116272,34.499886,35.030899,34.385445,34.353401,38.400093,34.866104,34.696724,34.545662,33.680473,38.63813,2699789.7,39.457542,38.853287,35.703819,29.990845,29.812317,29.981689,31.927216,30.439461,30.215149,28.525978,30.34333,29.84436,35.273521,34.211487,32.256813,31.950104,31.936371,31.011673,34.728767,32.142365,31.139847,32.243073,31.254295,34.692146,2699789.7,-25.777069,24.129089,-14.84549,-0.27923584,0.096130371,0.3616333,-0.0045776367,-0.0045776367,-0.0045776367,-0.0045776367,-0.0045776367,-0.0045776367,-0.0045776367,-0.0045776367,-0.0045776367,-0.0045776367,-0.0045776367,-0.0045776367,-0.0045776367,-0.0045776367,-0.0045776367,-0.0045776367,-0.0045776367,-0.0045776367,2699789.7
2834833857408,0.053889856,0,40.130463,42.048523,38.496223,32.018768,33.154037,33.959717,34.843216,33.927673,33.808655,30.897232,33.66674,33.639275,38.047607,38.12085,34.504463,35.021744,34.385445,34.348824,38.400093,34.861526,34.696724,34.545662,33.680473,38.63813,2699809.7,39.452965,38.871597,35.712975,29.981689,29.766541,29.981689,31.936371,30.453194,30.215149,28.512245,30.361641,29.84436,35.246048,34.229797,32.261391,31.963837,31.927216,31.007095,34.72419,32.15152,31.126114,32.238495,31.268028,34.678413,2699809.7,-25.346771,23.588928,-13.444733,0.2243042,0.45318604,-0.14190674,-0.0045776367,-0.0045776367,-0.0045776367,-0.0045776367,-0.0045776367,-0.0045776367,-0.0045776367,-0.0045776367,-0.0045776367,-0.0045776367,-0.0045776367,-0.0045776367,-0.0045776367,-0.0045776367,-0.0045776367,-0.0045776367,-0.0045776367,-0.0045776367,2699809.7
2834853666816,0.073699264,0,40.121307,42.057678,38.500801,32.023346,33.14946,33.964294,34.838638,33.936829,33.804077,30.90181,33.66674,33.639275,38.038452,38.125427,34.499886,35.026321,34.385445,34.357979,38.400093,34.866104,34.701302,34.545662,33.685051,38.642708,2699829.7,39.475853,38.871597,35.72213,29.981689,29.789429,30,31.922638,30.434883,30.233459,28.530556,30.352486,29.848938,35.259789,34.216064,32.275124,31.945526,31.936371,30.988785,34.719612,32.146942,31.121536,32.24765,31.272606,34.692146,2699829.7,-21.730377,22.645905,-11.787598,3.0716553,0.57220459,-0.6729126,-0.0045776367,-0.0045776367,-0.0045776367,-0.0045776367,-0.0045776367,-0.0045776367,-0.0045776367,-0.0045776367,-0.0045776367,-0.0045776367,-0.0045776367,-0.0045776367,-0.0045776367,-0.0045776367,-0.0045776367,-0.0045776367,-0.0045776367,-0.0045776367,2699829.7
2834873723936,0.093756384,0,40.121307,42.062256,38.500801,32.023346,33.14946,33.964294,34.843216,33.932251,33.7995,30.90181,33.671318,33.634697,38.04303,38.116272,34.504463,35.030899,34.390022,34.357979,38.395515,34.866104,34.705879,34.545662,33.680473,38.63813,2699849.7,39.471275,38.871597,35.735863,30,29.766541,29.990845,31.927216,30.434883,30.233459,28.525978,30.338753,29.84436,35.282677,34.22522,32.265968,31.972992,31.936371,31.020828,34.728767,32.146942,31.121536,32.22934,31.295494,34.66468,2699849.7,-19.359131,21.794464,-13.334869,4.1977539,0.059509277,0.30670166,-0.0045776367,-0.0045776367,-0.0045776367,-0.0045776367,-0.0045776367,-0.0045776367,-0.0045776367,-0.0045776367,-0.0045776367,-0.0045776367,-0.0045776367,-0.0045776367,-0.0045776367,-0.0045776367,-0.0045776367,-0.0045776367,-0.0045776367,-0.0045776367,2699849.7
2834893834304,0.11386675,0,40.125885,42.062256,38.500801,32.023346,33.144882,33.959717,34.847794,33.932251,33.808655,30.90181,33.66674,33.643852,38.038452,38.116272,34.495308,35.030899,34.380867,34.353401,38.409248,34.861526,34.696724,34.545662,33.685051,38.63813,2699869.7,39.480431,38.903641,35.731285,29.995422,29.784851,30,31.927216,30.439461,30.215149,28.525978,30.32502,29.835205,35.268944,34.216064,32.265968,31.968414,31.922638,31.011673,34.715034,32.142365,31.149002,32.220184,31.281761,34.696724,2699869.7,-15.532166,20.750732,-11.064331,5.3788147,-0.47149658,0.89263916,-0.0045776367,-0.0045776367,-0.0045776367,-0.0045776367,-0.0045776367,-0.0045776367,-0.0045776367,-0.0045776367,-0.0045776367,-0.0045776367,-0.0045776367,-0.0045776367,-0.0045776367,-0.0045776367,-0.0045776367,-0.0045776367,-0.0045776367,-0.0045776367,2699869.7
2834913699488,0.13373194,0,40.125885,42.066833,38.505379,32.018768,33.154037,33.955139,34.843216,33.936829,33.808655,30.90181,33.657585,33.634697,38.04303,38.125427,34.499886,35.026321,34.385445,34.348824,38.404671,34.866104,34.701302,34.55024,33.680473,38.63813,2699889.7,39.485008,38.912796,35.754181,30.004578,29.784851,29.986267,31.931793,30.425728,30.219727,28.530556,30.329597,29.848938,35.273521,34.234375,32.279701,31.950104,31.913483,31.011673,34.72419,32.133209,31.144424,32.24765,31.277184,34.701302,2699889.7,-14.671539,20.466919,-10.341034,6.2027893,-0.17852783,0.28839111,-0.0045776367,-0.0045776367,-0.0045776367,-0.0045776367,-0.0045776367,-0.0045776367,-0.0045776367,-0.0045776367,-0.0045776367,-0.0045776367,-0.0045776367,-0.0045776367,-0.0045776367,-0.0045776367,-0.0045776367,-0.0045776367,-0.0045776367,-0.0045776367,2699889.7
2834933653952,0.1536864,0,40.130463,42.053101,38.500801,32.023346,33.14946,33.959717,34.843216,33.932251,33.804077,30.90181,33.662163,33.639275,38.038452,38.116272,34.495308,35.021744,34.380867,34.353401,38.400093,34.861526,34.701302,34.55024,33.685051,38.63813,2699909.7,39.498741,38.931107,35.758759,29.986267,29.766541,29.986267,31.922638,30.425728,30.228882,28.525978,30.32502,29.835205,35.268944,34.220642,32.270546,31.954681,31.927216,31.011673,34.72419,32.146942,31.126114,32.24765,31.277184,34.678413,2699909.7,-13.417267,19.121094,-10.496674,7.0908813,0.050354004,-0.068664551,-0.0045776367,-0.0045776367,-0.0045776367,-0.0045776367,-0.0045776367,-0.0045776367,-0.0045776367,-0.0045776367,-0.0045776367,-0.0045776367,-0.0045776367,-0.0045776367,-0.0045776367,-0.0045776367,-0.0045776367,-0.0045776367,-0.0045776367,-0.0045776367,2699909.7
2834953841344,0.17387379,0,40.130463,42.062256,38.505379,32.018768,33.14946,33.959717,34.847794,33.932251,33.804077,30.906387,33.66674,33.639275,38.038452,38.12085,34.495308,35.026321,34.376289,34.353401,38.404671,34.861526,34.701302,34.55024,33.685051,38.63813,2699929.7,39.485008,38.940262,35.758759,30,29.789429,29.986267,31.927216,30.430305,30.219727,28.539711,30.34333,29.839783,35.268944,34.220642,32.252235,31.954681,31.936371,31.011673,34.692146,32.142365,31.130692,32.256813,31.281761,34.687569,2699929.7,-11.943237,18.049896,-10.203705,8.1986694,-0.25177002,0.11444092,-0.0045776367,-0.0045776367,-0.0045776367,-0.0045776367,-0.0045776367,-0.0045776367,-0.0045776367,-0.0045776367,-0.0045776367,-0.0045776367,-0.0045776367,-0.0045776367,-0.0045776367,-0.0045776367,-0.0045776367,-0.0045776367,-0.0045776367,-0.0045776367,2699929.7
2834973687744,0.19372019,0,40.125885,42.062256,38.509956,32.018768,33.144882,33.955139,34.847794,33.932251,33.804077,30.90181,33.66674,33.643852,38.04303,38.12085,34.499886,35.026321,34.385445,34.357979,38.409248,34.861526,34.701302,34.554817,33.685051,38.642708,2699949.7,39.507896,38.935684,35.79538,29.995422,29.794006,29.967957,31.922638,30.430305,30.238037,28.512245,30.357063,29.853516,35.287254,34.216064,32.279701,31.954681,31.931793,31.007095,34.733345,32.133209,31.130692,32.238495,31.263451,34.696724,2699949.7,-10.981903,17.409027,-9.4438171,9.1233826,-0.022888184,0.23345947,-0.0045776367,-0.0045776367,-0.0045776367,-0.0045776367,-0.0045776367,-0.0045776367,-0.0045776367,-0.0045776367,-0.0045776367,-0.0045776367,-0.0045776367,-0.0045776367,-0.0045776367,-0.0045776367,-0.0045776367,-0.0045776367,-0.0045776367,-0.0045776367,2699949.7
2834993686624,0.21371907,0,40.139618,42.066833,38.505379,32.018768,33.144882,33.964294,34.838638,33.932251,33.808655,30.906387,33.671318,33.643852,38.038452,38.125427,34.504463,35.026321,34.380867,34.353401,38.404671,34.861526,34.705879,34.541084,33.680473,38.642708,2699969.7,39.512474,38.953995,35.758759,29.986267,29.789429,29.986267,31.922638,30.444038,30.219727,28.530556,30.352486,29.848938,35.287254,34.211487,32.24765,31.954681,31.91806,31.016251,34.737923,32.160675,31.144424,32.24765,31.290916,34.692146,2699969.7,-9.3522644,14.653229,-9.7642517,9.5811462,-1.5793152,2.1469421,-0.0045776367,-0.0045776367,-0.0045776367,-0.0045776367,-0.0045776367,-0.0045776367,-0.0045776367,-0.0045776367,-0.0045776367,-0.0045776367,-0.0045776367,-0.0045776367,-0.0045776367,-0.0045776367,-0.0045776367,-0.0045776367,-0.0045776367,-0.0045776367,2699969.7
2835013647872,0.23368032,0,40.130463,42.071411,38.505379,32.018768,33.144882,33.955139,34.843216,33.941406,33.804077,30.897232,33.66674,33.639275,38.047607,38.116272,34.49073,35.026321,34.376289,34.357979,38.400093,34.856949,34.705879,34.545662,33.680473,38.633553,2699989.7,39.512474,38.949417,35.790802,30.004578,29.780273,29.981689,31.904327,30.425728,30.224304,28.5214,30.347908,29.839783,35.273521,34.220642,32.284279,31.950104,31.931793,31.002518,34.719612,32.137787,31.15358,32.243073,31.268028,34.696724,2699989.7,-5.7633362,13.517975,-7.2007446,10.478363,-0.11444092,-0.47149658,-0.0045776367,-0.0045776367,-0.0045776367,-0.0045776367,-0.0045776367,-0.0045776367,-0.0045776367,-0.0045776367,-0.0045776367,-0.0045776367,-0.0045776367,-0.0045776367,-0.0045776367,-0.0045776367,-0.0045776367,-0.0045776367,-0.0045776367,-0.0045776367,2699989.7
2835033828544,0.25386099,0,40.144196,42.066833,38.514534,32.023346,33.144882,33.955139,34.843216,33.932251,33.804077,30.897232,33.66674,33.639275,38.038452,38.12085,34.499886,35.021744,34.380867,34.357979,38.395515,34.866104,34.701302,34.55024,33.680473,38.63813,2700009.7,39.544518,38.976883,35.81369,30.004578,29.794006,29.990845,31.927216,30.407417,30.215149,28.5214,30.347908,29.84436,35.264366,34.22522,32.270546,31.959259,31.931793,31.011673,34.719612,32.156097,31.135269,32.265968,31.281761,34.682991,2700009.7,-3.3463135,6.6788635,-3.7949219,9.7550964,-0.29754639,0.55389404,-0.0045776367,-0.0045776367,-0.0045776367,-0.0045776367,-0.0045776367,-0.0045776367,-0.0045776367,-0.0045776367,-0.0045776367,-0.0045776367,-0.0045776367,-0.0045776367,-0.0045776367,-0.0045776367,-0.0045776367,-0.0045776367,-0.0045776367,-0.0045776367,2700009.7
2835053659072,0.27369152,0,40.148773,42.066833,38.514534,32.018768,33.14946,33.955139,34.847794,33.932251,33.804077,30.90181,33.657585,33.639275,38.04303,38.125427,34.495308,35.030899,34.380867,34.348824,38.404671,34.861526,34.696724,34.545662,33.675896,38.633553,2700029.7,39.549095,38.986038,35.818268,29.990845,29.789429,29.977112,31.913483,30.434883,30.224304,28.507668,30.338753,29.848938,35.291832,34.22522,32.265968,31.968414,31.913483,31.007095,34.719612,32.156097,31.130692,32.233917,31.272606,34.678413,2700029.7,1.2314148,2.2659607,-2.5497742,7.4754028,0.81939697,-0.65460205,-0.0045776367,-0.0045776367,-0.0045776367,-0.0045776367,-0.0045776367,-0.0045776367,-0.0045776367,-0.0045776367,-0.0045776367,-0.0045776367,-0.0045776367,-0.0045776367,-0.0045776367,-0.0045776367,-0.0045776367,-0.0045776367,-0.0045776367,-0.0045776367,2700029.7
2835073665664,0.29369811,0,40.148773,42.066833,38.514534,32.023346,33.144882,33.959717,34.843216,33.936829,33.804077,30.906387,33.662163,33.634697,38.047607,38.116272,34.499886,35.030899,34.380867,34.353401,38.404671,34.861526,34.701302,34.541084,33.685051,38.63813,2700049.7,39.55825,38.990616,35.81369,30.004578,29.794006,29.967957,31.922638,30.425728,30.215149,28.516823,30.334175,29.84436,35.291832,34.216064,32.275124,31.950104,31.931793,31.011673,34.72419,32.137787,31.126114,32.233917,31.277184,34.687569,2700049.7,2.7878113,-7.5852661,2.3849792,4.9576416,-0.26092529,0.61798096,-0.0045776367,-0.0045776367,-0.0045776367,-0.0045776367,-0.0045776367,-0.0045776367,-0.0045776367,-0.0045776367,-0.0045776367,-0.0045776367,-0.0045776367,-0.0045776367,-0.0045776367,-0.0045776367,-0.0045776367,-0.0045776367,-0.0045776367,-0.0045776367,2700049.7
2835093667040,0.31369949,0,40.153351,42.080566,38.514534,32.023346,33.144882,33.955139,34.843216,33.932251,33.808655,30.892654,33.66674,33.639275,38.047607,38.125427,34.495308,35.021744,34.385445,34.348824,38.404671,34.861526,34.701302,34.55024,33.680473,38.628975,2700069.7,39.567406,38.999771,35.836578,30.009155,29.803162,29.990845,31.931793,30.42115,30.233459,28.516823,30.338753,29.835205,35.273521,34.211487,32.279701,31.959259,31.936371,31.007095,34.728767,32.142365,31.144424,32.243073,31.286339,34.687569,2700069.7,6.358429,-12.446777,5.9281311,2.4856873,0.69122314,-0.48065186,-0.0045776367,-0.0045776367,-0.0045776367,-0.0045776367,-0.0045776367,-0.0045776367,-0.0045776367,-0.0045776367,-0.0045776367,-0.0045776367,-0.0045776367,-0.0045776367,-0.0045776367,-0.0045776367,-0.0045776367,-0.0045776367,-0.0045776367,-0.0045776367,2700069.7
2835113681856,0.3337143,0,40.148773,42.075989,38.519112,32.018768,33.140305,33.959717,34.834061,33.936829,33.804077,30.892654,33.66674,33.634697,38.04303,38.125427,34.499886,35.026321,34.380867,34.362556,38.404671,34.866104,34.705879,34.545662,33.685051,38.633553,2700089.7,39.571983,39.004349,35.854889,30,29.784851,29.986267,31.927216,30.42115,30.215149,28.535133,30.357063,29.848938,35.268944,34.220642,32.270546,31.954681,31.950104,31.020828,34.719612,32.142365,31.130692,32.24765,31.272606,34.682991,2700089.7,2.7420349,-15.660339,5.6717834,3.5019531,-0.077819824,0.37078857,-0.0045776367,-0.0045776367,-0.0045776367,-0.0045776367,-0.0045776367,-0.0045776367,-0.0045776367,-0.0045776367,-0.0045776367,-0.0045776367,-0.0045776367,-0.0045776367,-0.0045776367,-0.0045776367,-0.0045776367,-0.0045776367,-0.0045776367,-0.0045776367,2700089.7
2835133681984,0.35371443,0,40.144196,42.085144,38.523689,32.023346,33.140305,33.955139,34.843216,33.932251,33.808655,30.90181,33.657585,33.639275,38.047607,38.125427,34.504463,35.026321,34.376289,34.344246,38.400093,34.861526,34.705879,34.545662,33.685051,38.63813,2700109.7,39.585716,39.022659,35.864044,30.013733,29.794006,29.986267,31.936371,30.434883,30.219727,28.516823,30.347908,29.84436,35.278099,34.211487,32.256813,31.945526,31.936371,31.020828,34.701302,32.146942,31.121536,32.24765,31.272606,34.673836,2700109.7,1.6434021,-23.735413,8.1712036,-1.8173523,0.47149658,-1.3504333,-0.0045776367,-0.0045776367,-0.0045776367,-0.0045776367,-0.0045776367,-0.0045776367,-0.0045776367,-0.0045776367,-0.0045776367,-0.0045776367,-0.0045776367,-0.0045776367,-0.0045776367,-0.0045776367,-0.0045776367,-0.0045776367,-0.0045776367,-0.0045776367,2700109.7
2835153661248,0.3736937,0,40.153351,42.085144,38.523689,32.018768,33.135727,33.955139,34.838638,33.936829,33.808655,30.897232,33.662163,33.639275,38.047607,38.116272,34.504463,35.026321,34.376289,34.353401,38.400093,34.861526,34.701302,34.545662,33.685051,38.63813,2700129.7,39.581139,39.022659,35.854889,30.004578,29.803162,29.990845,31.931793,30.434883,30.224304,28.535133,30.338753,29.835205,35.282677,34.216064,32.279701,31.940948,31.936371,31.016251,34.737923,32.142365,31.130692,32.238495,31.268028,34.701302,2700129.7,-1.707489,-26.482025,5.3513489,-4.0421143,0.059509277,-0.28839111,-0.0045776367,-0.0045776367,-0.0045776367,-0.0045776367,-0.0045776367,-0.0045776367,-0.0045776367,-0.0045776367,-0.0045776367,-0.0045776367,-0.0045776367,-0.0045776367,-0.0045776367,-0.0045776367,-0.0045776367,-0.0045776367,-0.0045776367,-0.0045776367,2700129.7
2835173735104,0.39376755,0,40.153351,42.075989,38.528267,32.023346,33.140305,33.950562,34.847794,33.936829,33.804077,30.906387,33.66674,33.639275,38.047607,38.12085,34.499886,35.030899,34.376289,34.353401,38.409248,34.861526,34.701302,34.545662,33.685051,38.642708,2700149.7,39.590294,39.031815,35.873199,30.022888,29.789429,30.009155,31.936371,30.453194,30.233459,28.530556,30.357063,29.835205,35.259789,34.22522,32.252235,31.963837,31.922638,31.002518,34.72419,32.142365,31.130692,32.24765,31.272606,34.696724,2700149.7,-12.785522,-30.510406,1.5243835,-7.2282104,-0.25177002,-0.01373291,-0.0045776367,-0.0045776367,-0.0045776367,-0.0045776367,-0.0045776367,-0.0045776367,-0.0045776367,-0.0045776367,-0.0045776367,-0.0045776367,-0.0045776367,-0.0045776367,-0.0045776367,-0.0045776367,-0.0045776367,-0.0045776367,-0.0045776367,-0.0045776367,2700149.7
2835193681408,0.41371386,0,40.144196,42.080566,38.528267,32.027924,33.144882,33.955139,34.843216,33.936829,33.808655,30.892654,33.66674,33.639275,38.04303,38.12085,34.495308,35.021744,34.371712,34.348824,38.409248,34.861526,34.696724,34.55024,33.680473,38.633553,2700169.7,39.581139,39.045547,35.89151,30.032043,29.789429,29.977112,31.931793,30.448616,30.215149,28.516823,30.334175,29.84436,35.255211,34.211487,32.265968,31.97757,31.936371,31.002518,34.701302,32.160675,31.139847,32.233917,31.268028,34.682991,2700169.7,-18.443573,-31.865417,-0.077819824,-11.494629,0.30670166,-0.38909912,-0.0045776367,-0.0045776367,-0.0045776367,-0.0045776367,-0.0045776367,-0.0045776367,-0.0045776367,-0.0045776367,-0.0045776367,-0.0045776367,-0.0045776367,-0.0045776367,-0.0045776367,-0.0045776367,-0.0045776367,-0.0045776367,-0.0045776367,-0.0045776367,2700169.7
2835213670560,0.43370301,0,40.144196,42.089722,38.528267,32.023346,33.135727,33.950562,34.834061,33.941406,33.808655,30.897232,33.66674,33.634697,38.047607,38.125427,34.499886,35.026321,34.376289,34.348824,38.400093,34.866104,34.705879,34.55024,33.685051,38.633553,2700189.7,39.613182,39.036392,35.886932,30.036621,29.803162,29.986267,31.927216,30.444038,30.205994,28.525978,30.357063,29.84436,35.31472,34.229797,32.275124,31.954681,31.936371,31.002518,34.728767,32.142365,31.135269,32.24765,31.272606,34.678413,2700189.7,-23.122009,-32.661926,-11.366455,-9.571991,0.61798096,-0.12359619,-0.0045776367,-0.0045776367,-0.0045776367,-0.0045776367,-0.0045776367,-0.0045776367,-0.0045776367,-0.0045776367,-0.0045776367,-0.0045776367,-0.0045776367,-0.0045776367,-0.0045776367,-0.0045776367,-0.0045776367,-0.0045776367,-0.0045776367,-0.0045776367,2700189.7
2835233848576,0.45388102,0,40.148773,42.085144,38.537422,32.018768,33.135727,33.950562,34.843216,33.936829,33.808655,30.897232,33.662163,33.643852,38.033875,38.12085,34.499886,35.030899,34.376289,34.353401,38.413826,34.856949,34.701302,34.55024,33.685051,38.628975,2700209.7,39.608604,39.050125,35.882355,30.027466,29.784851,29.990845,31.936371,30.430305,30.238037,28.5214,30.334175,29.848938,35.282677,34.229797,32.270546,31.963837,31.936371,31.016251,34.719612,32.15152,31.135269,32.24765,31.277184,34.687569,2700209.7,-23.176941,-32.643616,-15.642029,-8.9127808,-0.34332275,-0.15106201,-0.0045776367,-0.0045776367,-0.0045776367,-0.0045776367,-0.0045776367,-0.0045776367,-0.0045776367,-0.0045776367,-0.0045776367,-0.0045776367,-0.0045776367,-0.0045776367,-0.0045776367,-0.0045776367,-0.0045776367,-0.0045776367,-0.0045776367,-0.0045776367,2700209.7
2835253687488,0.47371994,0,40.148773,42.085144,38.537422,32.023346,33.140305,33.950562,34.843216,33.932251,33.804077,30.897232,33.671318,33.639275,38.04303,38.116272,34.499886,35.026321,34.380867,34.357979,38.404671,34.861526,34.705879,34.541084,33.675896,38.633553,2700229.7,39.61776,39.054703,35.886932,30.022888,29.798584,30.013733,31.931793,30.439461,30.238037,28.512245,30.338753,29.835205,35.268944,34.229797,32.275124,31.963837,31.931793,31.016251,34.715034,32.128632,31.130692,32.252235,31.286339,34.678413,2700229.7,-22.957184,-33.696503,-15.532166,-7.0725708,1.2314148,-0.3616333,-0.0045776367,-0.0045776367,-0.0045776367,-0.0045776367,-0.0045776367,-0.0045776367,-0.0045776367,-0.0045776367,-0.0045776367,-0.0045776367,-0.0045776367,-0.0045776367,-0.0045776367,-0.0045776367,-0.0045776367,-0.0045776367,-0.0045776367,-0.0045776367,2700229.7
2835273689440,0.49372189,0,40.148773,42.098877,38.542,32.018768,33.14946,33.955139,34.847794,33.932251,33.804077,30.897232,33.66674,33.643852,38.033875,38.12085,34.495308,35.026321,34.376289,34.353401,38.404671,34.856949,34.701302,34.545662,33.680473,38.63813,2700249.7,39.645226,39.068436,35.914398,30.027466,29.780273,29.995422,31.931793,30.439461,30.238037,28.535133,30.34333,29.84436,35.268944,34.211487,32.265968,31.959259,31.931793,31.016251,34.719612,32.133209,31.135269,32.243073,31.286339,34.669258,2700249.7,-20.576782,-35.243774,-17.32663,-2.6047058,1.1856384,-0.33416748,-0.0045776367,-0.0045776367,-0.0045776367,-0.0045776367,-0.0045776367,-0.0045776367,-0.0045776367,-0.0045776367,-0.0045776367,-0.0045776367,-0.0045776367,-0.0045776367,-0.0045776367,-0.0045776367,-0.0045776367,-0.0045776367,-0.0045776367,-0.0045776367,2700249.7
2835293658016,0.51369046,0,40.153351,42.094299,38.542,32.023346,33.135727,33.959717,34.838638,33.941406,33.808655,30.90181,33.657585,33.639275,38.047607,38.125427,34.499886,35.026321,34.380867,34.357979,38.400093,34.861526,34.705879,34.55024,33.680473,38.633553,2700269.7,39.631493,39.095901,35.918976,30.045776,29.780273,30.004578,31.931793,30.444038,30.224304,28.530556,30.334175,29.835205,35.273521,34.202332,32.261391,31.963837,31.922638,31.011673,34.719612,32.156097,31.135269,32.24765,31.286339,34.682991,2700269.7,-19.533081,-35.573364,-17.235077,-1.0483093,0.37078857,-0.096130371,-0.0045776367,-0.0045776367,-0.0045776367,-0.0045776367,-0.0045776367,-0.0045776367,-0.0045776367,-0.0045776367,-0.0045776367,-0.0045776367,-0.0045776367,-0.0045776367,-0.0045776367,-0.0045776367,-0.0045776367,-0.0045776367,-0.0045776367,-0.0045776367,2700269.7
2835313659456,0.5336919,0,40.153351,42.094299,38.542,32.018768,33.140305,33.955139,34.843216,33.936829,33.808655,30.897232,33.671318,33.634697,38.04303,38.12085,34.504463,35.030899,34.371712,34.353401,38.404671,34.861526,34.705879,34.55024,33.680473,38.63813,2700289.7,39.640648,39.068436,35.941864,30.036621,29.803162,29.990845,31.931793,30.444038,30.201416,28.525978,30.352486,29.84436,35.264366,34.211487,32.265968,31.963837,31.927216,31.002518,34.719612,32.160675,31.135269,32.243073,31.281761,34.682991,2700289.7,-13.70108,-35.005737,-16.127258,1.4419861,0.70037842,-0.72784424,-0.0045776367,-0.0045776367,-0.0045776367,-0.0045776367,-0.0045776367,-0.0045776367,-0.0045776367,-0.0045776367,-0.0045776367,-0.0045776367,-0.0045776367,-0.0045776367,-0.0045776367,-0.0045776367,-0.0045776367,-0.0045776367,-0.0045776367,-0.0045776367,2700289.7
2835333655872,0.55368832,0,40.153351,42.085144,38.542,32.023346,33.131149,33.950562,34.838638,33.932251,33.804077,30.892654,33.662163,33.639275,38.04303,38.12085,34.499886,35.026321,34.376289,34.348824,38.409248,34.861526,34.705879,34.554817,33.689629,38.642708,2700309.7,39.626915,39.086746,35.951019,30.045776,29.812317,30,31.927216,30.439461,30.228882,28.539711,30.361641,29.835205,35.282677,34.229797,32.261391,31.963837,31.922638,31.011673,34.715034,32.146942,31.144424,32.252235,31.268028,34.678413,2700309.7,-10.148773,-34.016937,-17.50058,1.8814392,0.38909912,0.27008057,-0.0045776367,-0.0045776367,-0.0045776367,-0.0045776367,-0.0045776367,-0.0045776367,-0.0045776367,-0.0045776367,-0.0045776367,-0.0045776367,-0.0045776367,-0.0045776367,-0.0045776367,-0.0045776367,-0.0045776367,-0.0045776367,-0.0045776367,-0.0045776367,2700309.7
2835353832608,0.57386506,0,40.153351,42.085144,38.542,32.027924,33.140305,33.950562,34.838638,33.936829,33.7995,30.897232,33.671318,33.639275,38.04303,38.12085,34.499886,35.021744,34.371712,34.353401,38.409248,34.861526,34.696724,34.545662,33.680473,38.642708,2700329.7,39.640648,39.11879,35.941864,30.036621,29.807739,29.990845,31.936371,30.444038,30.219727,28.525978,30.334175,29.853516,35.264366,34.22522,32.270546,31.945526,31.913483,31.002518,34.692146,32.156097,31.135269,32.252235,31.258873,34.678413,2700329.7,-2.1194763,-32.716858,-9.4621277,4.4266357,-0.75531006,1.1673279,-0.0045776367,-0.0045776367,-0.0045776367,-0.0045776367,-0.0045776367,-0.0045776367,-0.0045776367,-0.0045776367,-0.0045776367,-0.0045776367,-0.0045776367,-0.0045776367,-0.0045776367,-0.0045776367,-0.0045776367,-0.0045776367,-0.0045776367,-0.0045776367,2700329.7
2835373675488,0.59370794,0,40.157928,42.089722,38.551155,32.023346,33.135727,33.950562,34.838638,33.936829,33.808655,30.90181,33.662163,33.639275,38.047607,38.12085,34.499886,35.021744,34.376289,34.353401,38.409248,34.852371,34.710457,34.55024,33.680473,38.642708,2700349.7,39.645226,39.123367,35.955597,30.032043,29.803162,29.990845,31.927216,30.439461,30.215149,28.530556,30.366219,29.848938,35.282677,34.229797,32.275124,31.959259,31.931793,31.002518,34.737923,32.146942,31.15358,32.252235,31.277184,34.669258,2700349.7,1.2588806,-31.187927,-7.447937,5.3421936,0.46234131,-0.97503662,-0.0045776367,-0.0045776367,-0.0045776367,-0.0045776367,-0.0045776367,-0.0045776367,-0.0045776367,-0.0045776367,-0.0045776367,-0.0045776367,-0.0045776367,-0.0045776367,-0.0045776367,-0.0045776367,-0.0045776367,-0.0045776367,-0.0045776367,-0.0045776367,2700349.7
2835393641728,0.61367418,0,40.153351,42.11261,38.546577,32.023346,33.140305,33.945984,34.843216,33.927673,33.804077,30.906387,33.66674,33.634697,38.047607,38.12085,34.499886,35.026321,34.371712,34.353401,38.404671,34.861526,34.696724,34.545662,33.680473,38.63813,2700369.7,39.663536,39.132523,35.992218,30.045776,29.798584,29.995422,31.927216,30.434883,30.205994,28.539711,30.338753,29.853516,35.278099,34.202332,32.261391,31.954681,31.927216,31.016251,34.733345,32.160675,31.135269,32.233917,31.263451,34.696724,2700369.7,1.808197,-29.814606,-8.6747437,5.5802307,-0.050354004,0.15106201,-0.0045776367,-0.0045776367,-0.0045776367,-0.0045776367,-0.0045776367,-0.0045776367,-0.0045776367,-0.0045776367,-0.0045776367,-0.0045776367,-0.0045776367,-0.0045776367,-0.0045776367,-0.0045776367,-0.0045776367,-0.0045776367,-0.0045776367,-0.0045776367,2700369.7
2835413636800,0.63366925,0,40.157928,42.098877,38.551155,32.027924,33.140305,33.955139,34.843216,33.936829,33.813232,30.90181,33.662163,33.643852,38.04303,38.125427,34.504463,35.026321,34.376289,34.357979,38.409248,34.856949,34.701302,34.55024,33.680473,38.642708,2700389.7,39.658958,39.127945,35.983063,30.054932,29.794006,30.009155,31.931793,30.425728,30.238037,28.539711,30.34333,29.848938,35.273521,34.220642,32.265968,31.959259,31.927216,31.016251,34.719612,32.142365,31.135269,32.243073,31.272606,34.673836,2700389.7,4.4632568,-24.815735,-6.0563049,2.980072,-0.16937256,-0.5355835,-0.0045776367,-0.0045776367,-0.0045776367,-0.0045776367,-0.0045776367,-0.0045776367,-0.0045776367,-0.0045776367,-0.0045776367,-0.0045776367,-0.0045776367,-0.0045776367,-0.0045776367,-0.0045776367,-0.0045776367,-0.0045776367,-0.0045776367,-0.0045776367,2700389.7
2835433782272,0.65381472,0,40.162506,42.11261,38.546577,32.027924,33.140305,33.945984,34.838638,33.945984,33.808655,30.897232,33.662163,33.643852,38.038452,38.12085,34.499886,35.026321,34.376289,34.353401,38.409248,34.856949,34.705879,34.545662,33.685051,38.63813,2700409.7,39.654381,39.146255,35.983063,30.059509,29.789429,29.990845,31.931793,30.434883,30.228882,28.5214,30.34333,29.853516,35.255211,34.229797,32.261391,31.959259,31.922638,31.025406,34.72419,32.15152,31.130692,32.252235,31.286339,34.678413,2700409.7,4.0421143,-22.233917,-5.38797,1.8905945,0.19683838,0.19683838,-0.0045776367,-0.0045776367,-0.0045776367,-0.0045776367,-0.0045776367,-0.0045776367,-0.0045776367,-0.0045776367,-0.0045776367,-0.0045776367,-0.0045776367,-0.0045776367,-0.0045776367,-0.0045776367,-0.0045776367,-0.0045776367,-0.0045776367,-0.0045776367,2700409.7
2835453661408,0.67369386,0,40.167084,42.11261,38.551155,32.023346,33.140305,33.945984,34.843216,33.936829,33.804077,30.90181,33.66674,33.639275,38.047607,38.116272,34.495308,35.026321,34.376289,34.357979,38.404671,34.861526,34.701302,34.545662,33.689629,38.63813,2700429.7,39.686424,39.141678,36.001373,30.050354,29.803162,29.972534,31.904327,30.425728,30.205994,28.516823,30.338753,29.835205,35.259789,34.229797,32.270546,31.959259,31.931793,30.99794,34.728767,32.160675,31.126114,32.22934,31.295494,34.682991,2700429.7,-1.2955017,-20.201416,-2.4673767,-4.335083,-0.022888184,-0.40740967,-0.0045776367,-0.0045776367,-0.0045776367,-0.0045776367,-0.0045776367,-0.0045776367,-0.0045776367,-0.0045776367,-0.0045776367,-0.0045776367,-0.0045776367,-0.0045776367,-0.0045776367,-0.0045776367,-0.0045776367,-0.0045776367,-0.0045776367,-0.0045776367,2700429.7
2835473658080,0.69369053,0,40.162506,42.108032,38.551155,32.014191,33.131149,33.941406,34.843216,33.932251,33.804077,30.90181,33.671318,33.643852,38.04303,38.12085,34.504463,35.026321,34.376289,34.357979,38.404671,34.856949,34.701302,34.554817,33.680473,38.633553,2700449.7,39.677269,39.155411,36.019684,30.064087,29.807739,29.981689,31.936371,30.434883,30.210571,28.530556,30.352486,29.82605,35.291832,34.229797,32.252235,31.963837,31.927216,31.020828,34.719612,32.15152,31.144424,32.252235,31.277184,34.687569,2700449.7,-5.6534729,-21.199371,-2.0553894,-7.8049927,-0.0045776367,-0.26092529,-0.0045776367,-0.0045776367,-0.0045776367,-0.0045776367,-0.0045776367,-0.0045776367,-0.0045776367,-0.0045776367,-0.0045776367,-0.0045776367,-0.0045776367,-0.0045776367,-0.0045776367,-0.0045776367,-0.0045776367,-0.0045776367,-0.0045776367,-0.0045776367,2700449.7
2835493648160,0.71368061,0,40.162506,42.103455,38.56031,32.027924,33.135727,33.945984,34.838638,33.932251,33.804077,30.90181,33.66674,33.634697,38.04303,38.12085,34.495308,35.026321,34.367134,34.357979,38.404671,34.861526,34.696724,34.545662,33.680473,38.633553,2700469.7,39.677269,39.178299,36.019684,30.073242,29.789429,29.995422,31.922638,30.425728,30.210571,28.512245,30.32502,29.84436,35.273521,34.22522,32.275124,31.945526,31.945526,31.011673,34.733345,32.15152,31.158157,32.243073,31.272606,34.673836,2700469.7,-7.4021606,-24.101624,2.6596375,-15.587097,0.69122314,-1.002533,-0.0045776367,-0.0045776367,-0.0045776367,-0.0045776367,-0.0045776367,-0.0045776367,-0.0045776367,-0.0045776367,-0.0045776367,-0.0045776367,-0.0045776367,-0.0045776367,-0.0045776367,-0.0045776367,-0.0045776367,-0.0045776367,-0.0045776367,-0.0045776367,2700469.7
2835513625984,0.73365843,0,40.171661,42.098877,38.555733,32.027924,33.126572,33.945984,34.847794,33.941406,33.808655,30.897232,33.662163,33.639275,38.04303,38.12085,34.499886,35.030899,34.367134,34.353401,38.413826,34.856949,34.701302,34.545662,33.675896,38.63813,2700489.7,39.677269,39.192032,36.042572,30.068665,29.798584,30,31.931793,30.434883,30.219727,28.530556,30.334175,29.835205,35.278099,34.202332,32.288857,31.950104,31.936371,31.007095,34.719612,32.15152,31.144424,32.243073,31.268028,34.682991,2700489.7,-8.3634644,-26.482025,3.1998291,-17.399872,0.086975098,-0.3616333,-0.0045776367,-0.0045776367,-0.0045776367,-0.0045776367,-0.0045776367,-0.0045776367,-0.0045776367,-0.0045776367,-0.0045776367,-0.0045776367,-0.0045776367,-0.0045776367,-0.0045776367,-0.0045776367,-0.0045776367,-0.0045776367,-0.0045776367,-0.0045776367,2700489.7
2835533622752,0.7536552,0,40.167084,42.108032,38.56031,32.023346,33.131149,33.945984,34.847794,33.932251,33.808655,30.897232,33.66674,33.639275,38.047607,38.12085,34.495308,35.026321,34.371712,34.348824,38.409248,34.861526,34.705879,34.545662,33.680473,38.63813,2700509.7,39.709312,39.205765,36.037994,30.082397,29.821472,29.995422,31.922638,30.444038,30.210571,28.525978,30.34333,29.853516,35.300987,34.206909,32.270546,31.959259,31.931793,31.002518,34.719612,32.146942,31.167313,32.24765,31.286339,34.673836,2700509.7,-8.7937622,-29.393463,4.9301758,-20.256348,-0.8102417,0.29754639,-0.0045776367,-0.0045776367,-0.0045776367,-0.0045776367,-0.0045776367,-0.0045776367,-0.0045776367,-0.0045776367,-0.0045776367,-0.0045776367,-0.0045776367,-0.0045776367,-0.0045776367,-0.0045776367,-0.0045776367,-0.0045776367,-0.0045776367,-0.0045776367,2700509.7
2835553669248,0.7737017,0,40.176239,42.117188,38.564888,32.014191,33.135727,33.936829,34.843216,33.941406,33.808655,30.90181,33.662163,33.639275,38.047607,38.130005,34.504463,35.026321,34.371712,34.353401,38.409248,34.856949,34.701302,34.545662,33.689629,38.63813,2700529.7,39.709312,39.182877,36.088348,30.073242,29.789429,30,31.931793,30.434883,30.224304,28.530556,30.329597,29.848938,35.282677,34.229797,32.284279,31.936371,31.940948,31.007095,34.72419,32.142365,31.126114,32.24765,31.258873,34.701302,2700529.7,-5.8457336,-41.029999,8.2536011,-23.634705,-0.38909912,-1.0208435,-0.0045776367,-0.0045776367,-0.0045776367,-0.0045776367,-0.0045776367,-0.0045776367,-0.0045776367,-0.0045776367,-0.0045776367,-0.0045776367,-0.0045776367,-0.0045776367,-0.0045776367,-0.0045776367,-0.0045776367,-0.0045776367,-0.0045776367,-0.0045776367,2700529.7
2835573639840,0.79367229,0,40.180817,42.103455,38.569466,32.023346,33.131149,33.936829,34.852371,33.936829,33.804077,30.897232,33.66674,33.639275,38.047607,38.12085,34.495308,35.030899,34.376289,34.353401,38.404671,34.852371,34.701302,34.55024,33.680473,38.63813,2700549.7,39.727623,39.219498,36.06546,30.073242,29.775696,30.004578,31.91806,30.434883,30.228882,28.535133,30.34333,29.830627,35.278099,34.211487,32.275124,31.950104,31.931793,31.016251,34.737923,32.160675,31.139847,32.256813,31.286339,34.692146,2700549.7,-4.2801514,-48.464172,8.6747437,-23.680481,-0.37994385,-0.95672607,-0.0045776367,-0.0045776367,-0.0045776367,-0.0045776367,-0.0045776367,-0.0045776367,-0.0045776367,-0.0045776367,-0.0045776367,-0.0045776367,-0.0045776367,-0.0045776367,-0.0045776367,-0.0045776367,-0.0045776367,-0.0045776367,-0.0045776367,-0.0045776367,2700549.7
2835593604864,0.81363731,0,40.180817,42.117188,38.564888,32.023346,33.131149,33.941406,34.834061,33.936829,33.808655,30.90181,33.66674,33.643852,38.04303,38.12085,34.495308,35.026321,34.376289,34.348824,38.404671,34.861526,34.705879,34.554817,33.680473,38.63813,2700569.7,39.732201,39.205765,36.088348,30.07782,29.798584,30,31.931793,30.425728,30.224304,28.512245,30.352486,29.84436,35.278099,34.22522,32.256813,31.950104,31.936371,31.002518,34.710457,32.133209,31.135269,32.233917,31.277184,34.678413,2700569.7,-0.29754639,-65.035477,5.7633362,-22.114899,0.086975098,-0.5355835,-0.0045776367,-0.0045776367,-0.0045776367,-0.0045776367,-0.0045776367,-0.0045776367,-0.0045776367,-0.0045776367,-0.0045776367,-0.0045776367,-0.0045776367,-0.0045776367,-0.0045776367,-0.0045776367,-0.0045776367,-0.0045776367,-0.0045776367,-0.0045776367,2700569.7
2835613647808,0.83368026,0,40.176239,42.117188,38.569466,32.027924,33.131149,33.936829,34.843216,33.936829,33.808655,30.892654,33.66674,33.643852,38.04303,38.12085,34.499886,35.026321,34.376289,34.353401,38.413826,34.861526,34.705879,34.545662,33.680473,38.63813,2700589.7,39.750519,39.201187,36.083771,30.082397,29.794006,30,31.931793,30.444038,30.224304,28.539711,30.334175,29.848938,35.273521,34.206909,32.270546,31.945526,31.91806,31.011673,34.737923,32.16983,31.121536,32.256813,31.300072,34.682991,2700589.7,5.8640442,-68.157471,4.1519775,-20.366211,-0.28839111,-0.33416748,-0.0045776367,-0.0045776367,-0.0045776367,-0.0045776367,-0.0045776367,-0.0045776367,-0.0045776367,-0.0045776367,-0.0045776367,-0.0045776367,-0.0045776367,-0.0045776367,-0.0045776367,-0.0045776367,-0.0045776367,-0.0045776367,-0.0045776367,-0.0045776367,2700589.7
2835633799744,0.85383219,0,40.176239,42.121765,38.574043,32.023346,33.131149,33.941406,34.843216,33.941406,33.7995,30.90181,33.671318,33.639275,38.04303,38.116272,34.499886,35.026321,34.371712,34.353401,38.400093,34.861526,34.705879,34.545662,33.675896,38.647285,2700609.7,39.755096,39.21492,36.083771,30.086975,29.803162,30,31.91806,30.448616,30.215149,28.530556,30.370796,29.84436,35.264366,34.229797,32.275124,31.954681,31.91806,31.011673,34.715034,32.146942,31.116959,32.256813,31.281761,34.682991,2700609.7,4.7562256,-67.434189,1.6617126,-20.338745,-0.20599365,-0.032043457,-0.0045776367,-0.0045776367,-0.0045776367,-0.0045776367,-0.0045776367,-0.0045776367,-0.0045776367,-0.0045776367,-0.0045776367,-0.0045776367,-0.0045776367,-0.0045776367,-0.0045776367,-0.0045776367,-0.0045776367,-0.0045776367,-0.0045776367,-0.0045776367,2700609.7
2835653647360,0.87367981,0,40.189972,42.11261,38.569466,32.018768,33.126572,33.936829,34.843216,33.936829,33.804077,30.90181,33.66674,33.643852,38.04303,38.12085,34.499886,35.030899,34.371712,34.353401,38.404671,34.856949,34.705879,34.545662,33.680473,38.63813,2700629.7,39.750519,39.246964,36.111237,30.07782,29.784851,30,31.927216,30.444038,30.233459,28.530556,30.375374,29.848938,35.264366,34.216064,32.275124,31.945526,31.91806,31.007095,34.715034,32.142365,31.144424,32.243073,31.277184,34.678413,2700629.7,5.690094,-65.236893,2.7328796,-19.121094,-0.24261475,-0.46234131,-0.0045776367,-0.0045776367,-0.0045776367,-0.0045776367,-0.0045776367,-0.0045776367,-0.0045776367,-0.0045776367,-0.0045776367,-0.0045776367,-0.0045776367,-0.0045776367,-0.0045776367,-0.0045776367,-0.0045776367,-0.0045776367,-0.0045776367,-0.0045776367,2700629.7
2835673652352,0.8936848,0,40.19455,42.121765,38.564888,32.018768,33.126572,33.936829,34.847794,33.932251,33.804077,30.90181,33.66674,33.639275,38.052185,38.125427,34.495308,35.030899,34.371712,34.353401,38.409248,34.856949,34.701302,34.554817,33.680473,38.63813,2700649.7,39.764252,39.242386,36.138702,30.086975,29.803162,30.004578,31.936371,30.439461,30.228882,28.530556,30.361641,29.835205,35.282677,34.197754,32.275124,31.954681,31.931793,31.016251,34.719612,32.142365,31.144424,32.243073,31.290916,34.696724,2700649.7,7.4021606,-65.383377,5.690094,-16.154724,-0.14190674,-0.43487549,-0.0045776367,-0.0045776367,-0.0045776367,-0.0045776367,-0.0045776367,-0.0045776367,-0.0045776367,-0.0045776367,-0.0045776367,-0.0045776367,-0.0045776367,-0.0045776367,-0.0045776367,-0.0045776367,-0.0045776367,-0.0045776367,-0.0045776367,-0.0045776367,2700649.7
2835693635264,0.91366771,0,40.185394,42.121765,38.574043,32.023346,33.131149,33.936829,34.843216,33.936829,33.804077,30.897232,33.66674,33.639275,38.047607,38.12085,34.509041,35.026321,34.367134,34.348824,38.409248,34.856949,34.705879,34.554817,33.685051,38.642708,2700669.7,39.773407,39.265282,36.134125,30.091553,29.807739,29.986267,31.91806,30.444038,30.242615,28.5214,30.34333,29.835205,35.278099,34.216064,32.270546,31.959259,31.927216,31.007095,34.710457,32.146942,31.126114,32.243073,31.281761,34.682991,2700669.7,15.870911,-66.051727,7.3746948,-6.1478577,-0.50811768,-0.43487549,-0.0045776367,-0.0045776367,-0.0045776367,-0.0045776367,-0.0045776367,-0.0045776367,-0.0045776367,-0.0045776367,-0.0045776367,-0.0045776367,-0.0045776367,-0.0045776367,-0.0045776367,-0.0045776367,-0.0045776367,-0.0045776367,-0.0045776367,-0.0045776367,2700669.7
2835713656800,0.93368925,0,40.189972,42.117188,38.578621,32.027924,33.131149,33.932251,34.843216,33.936829,33.808655,30.906387,33.671318,33.639275,38.047607,38.125427,34.495308,35.030899,34.367134,34.353401,38.409248,34.861526,34.701302,34.545662,33.689629,38.642708,2700689.7,39.777985,39.251549,36.170746,30.086975,29.803162,30,31.922638,30.444038,30.224304,28.516823,30.34333,29.853516,35.300987,34.220642,32.275124,31.950104,31.927216,31.011673,34.728767,32.156097,31.144424,32.24765,31.290916,34.673836,2700689.7,14.314484,-59.1577,6.6788635,-5.1133118,-1.002533,0.01373291,-0.0045776367,-0.0045776367,-0.0045776367,-0.0045776367,-0.0045776367,-0.0045776367,-0.0045776367,-0.0045776367,-0.0045776367,-0.0045776367,-0.0045776367,-0.0045776367,-0.0045776367,-0.0045776367,-0.0045776367,-0.0045776367,-0.0045776367,-0.0045776367,2700689.7
2835733654016,0.95368646,0,40.19455,42.126343,38.578621,32.032501,33.131149,33.936829,34.847794,33.941406,33.808655,30.90181,33.66674,33.639275,38.04303,38.125427,34.499886,35.026321,34.371712,34.357979,38.413826,34.852371,34.705879,34.55024,33.680473,38.633553,2700709.7,39.759674,39.269859,36.147858,30.091553,29.812317,29.990845,31.936371,30.448616,30.233459,28.535133,30.334175,29.84436,35.264366,34.229797,32.293434,31.954681,31.936371,31.007095,34.719612,32.156097,31.149002,32.256813,31.281761,34.673836,2700709.7,13.051056,-47.04509,5.5619202,-2.3392029,-0.54473877,0.23345947,-0.0045776367,-0.0045776367,-0.0045776367,-0.0045776367,-0.0045776367,-0.0045776367,-0.0045776367,-0.0045776367,-0.0045776367,-0.0045776367,-0.0045776367,-0.0045776367,-0.0045776367,-0.0045776367,-0.0045776367,-0.0045776367,-0.0045776367,-0.0045776367,2700709.7
2835753644480,0.97367693,0,40.189972,42.13092,38.578621,32.032501,33.126572,33.932251,34.847794,33.932251,33.7995,30.906387,33.662163,33.634697,38.04303,38.130005,34.495308,35.030899,34.371712,34.353401,38.413826,34.856949,34.710457,34.545662,33.685051,38.63813,2700729.7,39.782562,39.297325,36.189056,30.09613,29.807739,30,31.927216,30.434883,30.233459,28.516823,30.352486,29.84436,35.273521,34.22522,32.293434,31.954681,31.927216,31.011673,34.737923,32.146942,31.135269,32.22934,31.268028,34.678413,2700729.7,13.096832,-41.680023,5.5069885,-0.65460205,-0.58135986,-0.059509277,-0.0045776367,-0.0045776367,-0.0045776367,-0.0045776367,-0.0045776367,-0.0045776367,-0.0045776367,-0.0045776367,-0.0045776367,-0.0045776367,-0.0045776367,-0.0045776367,-0.0045776367,-0.0045776367,-0.0045776367,-0.0045776367,-0.0045776367,-0.0045776367,2700729.7
2835773648992,0.99368144,0,40.189972,42.135498,38.587776,32.027924,33.126572,33.932251,34.847794,33.936829,33.804077,30.90181,33.657585,33.643852,38.052185,38.12085,34.499886,35.030899,34.367134,34.353401,38.418404,34.861526,34.701302,34.545662,33.680473,38.63813,2700749.7,39.777985,39.30648,36.175323,30.091553,29.803162,29.990845,31.931793,30.434883,30.242615,28.525978,30.329597,29.839783,35.287254,34.22522,32.270546,31.959259,31.927216,31.011673,34.728767,32.15152,31.139847,32.243073,31.281761,34.673836,2700749.7,11.741821,-28.487061,4.3442383,2.4673767,-0.54473877,0.27923584,-0.0045776367,-0.0045776367,-0.0045776367,-0.0045776367,-0.0045776367,-0.0045776367,-0.0045776367,-0.0045776367,-0.0045776367,-0.0045776367,-0.0045776367,-0.0045776367,-0.0045776367,-0.0045776367,-0.0045776367,-0.0045776367,-0.0045776367,-0.0045776367,2700749.7
2835793624352,1.0136568,0,40.199127,42.149231,38.583199,32.023346,33.131149,33.927673,34.843216,33.936829,33.804077,30.90181,33.66674,33.639275,38.04303,38.12085,34.495308,35.026321,34.376289,34.353401,38.409248,34.856949,34.705879,34.545662,33.680473,38.63813,2700769.7,39.782562,39.320213,36.161591,30.105286,29.807739,29.990845,31.936371,30.444038,30.238037,28.530556,30.352486,29.84436,35.268944,34.234375,32.265968,31.963837,31.936371,31.011673,34.715034,32.146942,31.139847,32.243073,31.277184,34.678413,2700769.7,10.496674,-21.867706,3.7583008,2.2293396,-0.76446533,0.48065186,-0.0045776367,-0.0045776367,-0.0045776367,-0.0045776367,-0.0045776367,-0.0045776367,-0.0045776367,-0.0045776367,-0.0045776367,-0.0045776367,-0.0045776367,-0.0045776367,-0.0045776367,-0.0045776367,-0.0045776367,-0.0045776367,-0.0045776367,-0.0045776367,2700769.7
2835813628704,1.0336612,0,40.19455,42.140076,38.578621,32.027924,33.121994,33.936829,34.838638,33.936829,33.804077,30.897232,33.662163,33.634697,38.04303,38.125427,34.499886,35.021744,34.371712,34.353401,38.400093,34.856949,34.705879,34.541084,33.685051,38.63813,2700789.7,39.768829,39.320213,36.189056,30.09613,29.816895,29.986267,31.927216,30.444038,30.215149,28.5214,30.334175,29.858093,35.282677,34.229797,32.270546,31.959259,31.927216,31.016251,34.72419,32.160675,31.130692,32.256813,31.272606,34.682991,2700789.7,7.9331665,-13.35318,2.8061218,2.1560974,-0.32501221,0.44403076,-0.0045776367,-0.0045776367,-0.0045776367,-0.0045776367,-0.0045776367,-0.0045776367,-0.0045776367,-0.0045776367,-0.0045776367,-0.0045776367,-0.0045776367,-0.0045776367,-0.0045776367,-0.0045776367,-0.0045776367,-0.0045776367,-0.0045776367,-0.0045776367,2700789.7
2835833786496,1.0538189,0,40.199127,42.140076,38.587776,32.023346,33.121994,33.932251,34.847794,33.936829,33.808655,30.897232,33.662163,33.639275,38.056763,38.12085,34.504463,35.030899,34.371712,34.348824,38.409248,34.856949,34.705879,34.545662,33.680473,38.63813,2700809.7,39.796295,39.347679,36.230255,30.09613,29.807739,29.986267,31.940948,30.444038,30.219727,28.530556,30.338753,29.830627,35.29641,34.216064,32.275124,31.940948,31.940948,31.020828,34.715034,32.137787,31.121536,32.233917,31.268028,34.682991,2700809.7,2.57724,0.92010498,-0.31585693,1.4511414,-0.24261475,0.48980713,-0.0045776367,-0.0045776367,-0.0045776367,-0.0045776367,-0.0045776367,-0.0045776367,-0.0045776367,-0.0045776367,-0.0045776367,-0.0045776367,-0.0045776367,-0.0045776367,-0.0045776367,-0.0045776367,-0.0045776367,-0.0045776367,-0.0045776367,-0.0045776367,2700809.7
2835853633184,1.0736656,0,40.199127,42.149231,38.578621,32.027924,33.126572,33.927673,34.847794,33.936829,33.808655,30.90181,33.66674,33.643852,38.047607,38.116272,34.499886,35.026321,34.367134,34.348824,38.413826,34.852371,34.701302,34.545662,33.680473,38.633553,2700829.7,39.796295,39.352257,36.211945,30.082397,29.816895,30.004578,31.931793,30.444038,30.205994,28.535133,30.370796,29.839783,35.278099,34.22522,32.256813,31.968414,31.931793,31.016251,34.72419,32.133209,31.130692,32.24765,31.258873,34.687569,2700829.7,0.12359619,10.066376,-2.1652527,0.16937256,-0.04119873,-0.050354004,-0.0045776367,-0.0045776367,-0.0045776367,-0.0045776367,-0.0045776367,-0.0045776367,-0.0045776367,-0.0045776367,-0.0045776367,-0.0045776367,-0.0045776367,-0.0045776367,-0.0045776367,-0.0045776367,-0.0045776367,-0.0045776367,-0.0045776367,-0.0045776367,2700829.7
2835873806272,1.0938387,0,40.189972,42.149231,38.587776,32.023346,33.126572,33.932251,34.847794,33.941406,33.804077,30.90181,33.66674,33.639275,38.047607,38.12085,34.499886,35.021744,34.362556,34.357979,38.413826,34.861526,34.705879,34.55024,33.685051,38.633553,2700849.7,39.819183,39.370567,36.225677,30.109863,29.798584,29.990845,31.91806,30.448616,30.224304,28.530556,30.361641,29.84436,35.287254,34.229797,32.265968,31.936371,31.931793,31.011673,34.737923,32.142365,31.139847,32.243073,31.268028,34.696724,2700849.7,-9.8374939,24.879822,-5.3147278,-0.50811768,0.56304932,0.66375732,-0.0045776367,-0.0045776367,-0.0045776367,-0.0045776367,-0.0045776367,-0.0045776367,-0.0045776367,-0.0045776367,-0.0045776367,-0.0045776367,-0.0045776367,-0.0045776367,-0.0045776367,-0.0045776367,-0.0045776367,-0.0045776367,-0.0045776367,-0.0045776367,2700849.7
2835893646336,1.1136788,0,40.19455,42.149231,38.587776,32.027924,33.131149,33.932251,34.843216,33.941406,33.804077,30.897232,33.66674,33.639275,38.04303,38.125427,34.504463,35.030899,34.367134,34.353401,38.409248,34.856949,34.705879,34.55024,33.680473,38.642708,2700869.7,39.823761,39.388878,36.248566,30.109863,29.807739,30,31.927216,30.453194,30.219727,28.5214,30.338753,29.839783,35.282677,34.206909,32.265968,31.950104,31.927216,31.002518,34.733345,32.15152,31.139847,32.243073,31.286339,34.678413,2700869.7,-14.341949,31.178772,-7.6310425,-1.4236755,-0.34332275,-0.059509277,-0.0045776367,-0.0045776367,-0.0045776367,-0.0045776367,-0.0045776367,-0.0045776367,-0.0045776367,-0.0045776367,-0.0045776367,-0.0045776367,-0.0045776367,-0.0045776367,-0.0045776367,-0.0045776367,-0.0045776367,-0.0045776367,-0.0045776367,-0.0045776367,2700869.7
2835913625920,1.1336584,0,40.199127,42.149231,38.592354,32.032501,33.121994,33.927673,34.856949,33.932251,33.804077,30.90181,33.66674,33.643852,38.047607,38.12085,34.499886,35.030899,34.367134,34.353401,38.413826,34.852371,34.710457,34.554817,33.680473,38.63813,2700889.7,39.800873,39.393456,36.234833,30.09613,29.816895,29.990845,31.922638,30.42115,30.233459,28.530556,30.347908,29.835205,35.278099,34.206909,32.24765,31.968414,31.936371,31.011673,34.733345,32.146942,31.139847,32.252235,31.272606,34.687569,2700889.7,-24.687561,40.508118,-10.670624,-3.7125244,0.059509277,-0.12359619,-0.0045776367,-0.0045776367,-0.0045776367,-0.0045776367,-0.0045776367,-0.0045776367,-0.0045776367,-0.0045776367,-0.0045776367,-0.0045776367,-0.0045776367,-0.0045776367,-0.0045776367,-0.0045776367,-0.0045776367,-0.0045776367,-0.0045776367,-0.0045776367,2700889.7
2835933609568,1.153642,0,40.199127,42.149231,38.596931,32.027924,33.126572,33.932251,34.843216,33.936829,33.808655,30.90181,33.66674,33.639275,38.052185,38.12085,34.504463,35.026321,34.371712,34.353401,38.409248,34.856949,34.705879,34.545662,33.680473,38.63813,2700909.7,39.828339,39.407188,36.253151,30.105286,29.798584,30.004578,31.89975,30.444038,30.205994,28.525978,30.357063,29.835205,35.282677,34.220642,32.270546,31.972992,31.936371,31.007095,34.728767,32.146942,31.139847,32.243073,31.268028,34.696724,2700909.7,-30.016022,43.117432,-12.684814,-4.1885986,0.24261475,0.086975098,-0.0045776367,-0.0045776367,-0.0045776367,-0.0045776367,-0.0045776367,-0.0045776367,-0.0045776367,-0.0045776367,-0.0045776367,-0.0045776367,-0.0045776367,-0.0045776367,-0.0045776367,-0.0045776367,-0.0045776367,-0.0045776367,-0.0045776367,-0.0045776367,2700909.7
2835953667680,1.1737001,0,40.199127,42.153809,38.596931,32.027924,33.121994,33.927673,34.847794,33.941406,33.808655,30.90181,33.662163,33.639275,38.047607,38.116272,34.499886,35.026321,34.371712,34.353401,38.409248,34.856949,34.701302,34.545662,33.685051,38.642708,2700929.7,39.814606,39.420921,36.303505,30.119019,29.807739,29.990845,31.931793,30.439461,30.224304,28.512245,30.334175,29.839783,35.264366,34.216064,32.270546,31.950104,31.931793,30.99794,34.719612,32.137787,31.121536,32.243073,31.277184,34.682991,2700929.7,-34.795135,43.584351,-13.060211,-5.1773987,0.78277588,0.050354004,-0.0045776367,-0.0045776367,-0.0045776367,-0.0045776367,-0.0045776367,-0.0045776367,-0.0045776367,-0.0045776367,-0.0045776367,-0.0045776367,-0.0045776367,-0.0045776367,-0.0045776367,-0.0045776367,-0.0045776367,-0.0045776367,-0.0045776367,-0.0045776367,2700929.7
2835973628704,1.1936612,0,40.203705,42.162964,38.592354,32.027924,33.117416,33.927673,34.843216,33.936829,33.7995,30.897232,33.671318,33.643852,38.047607,38.116272,34.499886,35.026321,34.371712,34.348824,38.413826,34.856949,34.710457,34.55024,33.680473,38.63813,2700949.7,39.819183,39.407188,36.248566,30.119019,29.803162,30.004578,31.91806,30.444038,30.215149,28.535133,30.34333,29.839783,35.278099,34.216064,32.288857,31.97757,31.931793,31.016251,34.728767,32.15152,31.130692,32.256813,31.258873,34.701302,2700949.7,-43.904785,42.293427,-15.69696,-6.1295471,0.24261475,-0.050354004,-0.0045776367,-0.0045776367,-0.0045776367,-0.0045776367,-0.0045776367,-0.0045776367,-0.0045776367,-0.0045776367,-0.0045776367,-0.0045776367,-0.0045776367,-0.0045776367,-0.0045776367,-0.0045776367,-0.0045776367,-0.0045776367,-0.0045776367,-0.0045776367,2700949.7
2835993618208,1.2136507,0,40.203705,42.158386,38.596931,32.023346,33.126572,33.927673,34.843216,33.932251,33.808655,30.90181,33.66674,33.634697,38.047607,38.116272,34.499886,35.026321,34.371712,34.357979,38.409248,34.861526,34.705879,34.55024,33.689629,38.63813,2700969.7,39.810028,39.416344,36.276039,30.114441,29.812317,30.009155,31.931793,30.416573,30.215149,28.539711,30.334175,29.839783,35.268944,34.211487,32.270546,31.954681,31.927216,31.011673,34.715034,32.156097,31.121536,32.24765,31.272606,34.687569,2700969.7,-45.369644,41.615936,-15.413147,-6.7154846,0.32501221,0.41656494,-0.0045776367,-0.0045776367,-0.0045776367,-0.0045776367,-0.0045776367,-0.0045776367,-0.0045776367,-0.0045776367,-0.0045776367,-0.0045776367,-0.0045776367,-0.0045776367,-0.0045776367,-0.0045776367,-0.0045776367,-0.0045776367,-0.0045776367,-0.0045776367,2700969.7
2836013638752,1.2336712,0,40.19455,42.167542,38.596931,32.023346,33.131149,33.932251,34.843216,33.941406,33.808655,30.892654,33.66674,33.643852,38.04303,38.12085,34.499886,35.026321,34.371712,34.353401,38.413826,34.852371,34.710457,34.55024,33.685051,38.642708,2700989.7,39.842072,39.448387,36.31266,30.105286,29.798584,30,31.927216,30.439461,30.238037,28.535133,30.334175,29.84436,35.278099,34.206909,32.270546,31.950104,31.927216,31.025406,34.719612,32.156097,31.144424,32.243073,31.272606,34.705879,2700989.7,-46.742966,37.734039,-16.942078,-5.6351624,0.56304932,-0.086975098,-0.0045776367,-0.0045776367,-0.0045776367,-0.0045776367,-0.0045776367,-0.0045776367,-0.0045776367,-0.0045776367,-0.0045776367,-0.0045776367,-0.0045776367,-0.0045776367,-0.0045776367,-0.0045776367,-0.0045776367,-0.0045776367,-0.0045776367,-0.0045776367,2700989.7
2836033740288,1.2537727,0,40.19455,42.158386,38.592354,32.027924,33.117416,33.927673,34.843216,33.941406,33.7995,30.90181,33.671318,33.634697,38.04303,38.125427,34.499886,35.026321,34.362556,34.344246,38.409248,34.861526,34.701302,34.545662,33.685051,38.63813,2701009.7,39.851227,39.452965,36.298927,30.114441,29.807739,29.995422,31.927216,30.453194,30.228882,28.530556,30.338753,29.848938,35.282677,34.22522,32.265968,31.931793,31.922638,31.011673,34.72419,32.142365,31.135269,32.24765,31.272606,34.682991,2701009.7,-47.502869,35.454346,-16.292053,-4.335083,0.04119873,0.27923584,-0.0045776367,-0.0045776367,-0.0045776367,-0.0045776367,-0.0045776367,-0.0045776367,-0.0045776367,-0.0045776367,-0.0045776367,-0.0045776367,-0.0045776367,-0.0045776367,-0.0045776367,-0.0045776367,-0.0045776367,-0.0045776367,-0.0045776367,-0.0045776367,2701009.7
2836053590528,1.273623,0,40.21286,42.167542,38.596931,32.032501,33.117416,33.932251,34.847794,33.941406,33.7995,30.897232,33.66674,33.639275,38.038452,38.125427,34.504463,35.026321,34.367134,34.348824,38.413826,34.856949,34.710457,34.545662,33.685051,38.63813,2701029.7,39.832916,39.475853,36.280617,30.119019,29.807739,30.004578,31.91806,30.439461,30.215149,28.530556,30.347908,29.853516,35.273521,34.22522,32.279701,31.954681,31.931793,31.020828,34.733345,32.146942,31.144424,32.243073,31.268028,34.692146,2701029.7,-41.432831,30.922394,-14.799713,-0.54473877,0.41656494,-0.17852783,-0.0045776367,-0.0045776367,-0.0045776367,-0.0045776367,-0.0045776367,-0.0045776367,-0.0045776367,-0.0045776367,-0.0045776367,-0.0045776367,-0.0045776367,-0.0045776367,-0.0045776367,-0.0045776367,-0.0045776367,-0.0045776367,-0.0045776367,-0.0045776367,2701029.7
2836073634336,1.2936668,0,40.203705,42.162964,38.601509,32.027924,33.121994,33.927673,34.843216,33.936829,33.804077,30.90181,33.662163,33.639275,38.038452,38.125427,34.495308,35.026321,34.367134,34.353401,38.413826,34.856949,34.701302,34.545662,33.680473,38.647285,2701049.7,39.860382,39.489586,36.308083,30.119019,29.812317,30.004578,31.936371,30.444038,30.219727,28.535133,30.347908,29.858093,35.282677,34.220642,32.252235,31.959259,31.940948,31.011673,34.72419,32.133209,31.144424,32.24765,31.268028,34.696724,2701049.7,-36.562134,29.027252,-14.772247,1.7715759,0.47149658,0.050354004,-0.0045776367,-0.0045776367,-0.0045776367,-0.0045776367,-0.0045776367,-0.0045776367,-0.0045776367,-0.0045776367,-0.0045776367,-0.0045776367,-0.0045776367,-0.0045776367,-0.0045776367,-0.0045776367,-0.0045776367,-0.0045776367,-0.0045776367,-0.0045776367,2701049.7
2836093631008,1.3136635,0,40.208282,42.172119,38.596931,32.027924,33.121994,33.927673,34.852371,33.932251,33.7995,30.906387,33.662163,33.643852,38.04303,38.130005,34.499886,35.026321,34.371712,34.353401,38.413826,34.856949,34.705879,34.545662,33.680473,38.633553,2701069.7,39.851227,39.517052,36.317238,30.132751,29.816895,30,31.931793,30.434883,30.242615,28.530556,30.34333,29.839783,35.278099,34.216064,32.261391,31.968414,31.922638,31.007095,34.728767,32.15152,31.158157,32.256813,31.277184,34.673836,2701069.7,-32.195007,27.278564,-13.37149,2.8061218,0.37994385,0.032043457,-0.0045776367,-0.0045776367,-0.0045776367,-0.0045776367,-0.0045776367,-0.0045776367,-0.0045776367,-0.0045776367,-0.0045776367,-0.0045776367,-0.0045776367,-0.0045776367,-0.0045776367,-0.0045776367,-0.0045776367,-0.0045776367,-0.0045776367,-0.0045776367,2701069.7
2836113641280,1.3336737,0,40.203705,42.172119,38.596931,32.032501,33.117416,33.927673,34.847794,33.932251,33.804077,30.90181,33.66674,33.64843,38.04303,38.125427,34.499886,35.026321,34.367134,34.348824,38.409248,34.852371,34.696724,34.55024,33.689629,38.633553,2701089.7,39.878693,39.517052,36.317238,30.132751,29.807739,30.004578,31.931793,30.430305,30.210571,28.5214,30.347908,29.858093,35.268944,34.22522,32.288857,31.959259,31.927216,31.016251,34.737923,32.142365,31.135269,32.252235,31.272606,34.701302,2701089.7,-21.391632,23.616394,-10.661469,4.8294678,0.059509277,0.050354004,-0.0045776367,-0.0045776367,-0.0045776367,-0.0045776367,-0.0045776367,-0.0045776367,-0.0045776367,-0.0045776367,-0.0045776367,-0.0045776367,-0.0045776367,-0.0045776367,-0.0045776367,-0.0045776367,-0.0045776367,-0.0045776367,-0.0045776367,-0.0045776367,2701089.7
2836133613312,1.3536458,0,40.203705,42.181274,38.592354,32.032501,33.117416,33.932251,34.838638,33.941406,33.804077,30.897232,33.66674,33.634697,38.038452,38.12085,34.504463,35.030899,34.371712,34.357979,38.418404,34.852371,34.705879,34.545662,33.685051,38.63813,2701109.7,39.869537,39.521629,36.363014,30.132751,29.812317,29.990845,31.931793,30.453194,30.205994,28.525978,30.357063,29.835205,35.278099,34.22522,32.270546,31.963837,31.936371,31.011673,34.728767,32.156097,31.130692,32.24765,31.281761,34.678413,2701109.7,-16.896301,21.510651,-7.9240112,5.2048645,-0.37994385,0.16937256,-0.0045776367,-0.0045776367,-0.0045776367,-0.0045776367,-0.0045776367,-0.0045776367,-0.0045776367,-0.0045776367,-0.0045776367,-0.0045776367,-0.0045776367,-0.0045776367,-0.0045776367,-0.0045776367,-0.0045776367,-0.0045776367,-0.0045776367,-0.0045776367,2701109.7
2836153606144,1.3736386,0,40.21286,42.181274,38.596931,32.027924,33.121994,33.927673,34.847794,33.936829,33.804077,30.897232,33.671318,33.639275,38.047607,38.12085,34.504463,35.030899,34.367134,34.353401,38.413826,34.861526,34.701302,34.545662,33.685051,38.63813,2701129.7,39.878693,39.549095,36.326393,30.128174,29.807739,29.986267,31.940948,30.425728,30.247192,28.530556,30.34333,29.835205,35.29641,34.216064,32.284279,31.963837,31.922638,31.007095,34.72419,32.146942,31.121536,32.265968,31.272606,34.696724,2701129.7,-6.1478577,17.189301,-3.5385742,4.9301758,0.21514893,-0.16021729,-0.0045776367,-0.0045776367,-0.0045776367,-0.0045776367,-0.0045776367,-0.0045776367,-0.0045776367,-0.0045776367,-0.0045776367,-0.0045776367,-0.0045776367,-0.0045776367,-0.0045776367,-0.0045776367,-0.0045776367,-0.0045776367,-0.0045776367,-0.0045776367,2701129.7
2836173641440,1.3936739,0,40.217438,42.185852,38.606087,32.023346,33.117416,33.927673,34.852371,33.941406,33.7995,30.90181,33.671318,33.639275,38.04303,38.130005,34.499886,35.030899,34.371712,34.357979,38.413826,34.852371,34.705879,34.554817,33.680473,38.63813,2701149.7,39.878693,39.571983,36.376747,30.128174,29.821472,29.986267,31.936371,30.444038,30.219727,28.530556,30.338753,29.848938,35.287254,34.22522,32.270546,31.950104,31.940948,31.007095,34.715034,32.165253,31.135269,32.238495,31.286339,34.692146,2701149.7,-1.9272156,14.680695,-1.3229675,4.2893066,-0.086975098,0.032043457,-0.0045776367,-0.0045776367,-0.0045776367,-0.0045776367,-0.0045776367,-0.0045776367,-0.0045776367,-0.0045776367,-0.0045776367,-0.0045776367,-0.0045776367,-0.0045776367,-0.0045776367,-0.0045776367,-0.0045776367,-0.0045776367,-0.0045776367,-0.0045776367,2701149.7
2836193629280,1.4136617,0,40.21286,42.185852,38.596931,32.032501,33.108261,33.927673,34.847794,33.936829,33.804077,30.906387,33.66674,33.643852,38.04303,38.125427,34.499886,35.026321,34.367134,34.353401,38.413826,34.861526,34.701302,34.541084,33.685051,38.642708,2701169.7,39.88327,39.581139,36.367592,30.146484,29.812317,29.986267,31.936371,30.453194,30.224304,28.535133,30.347908,29.830627,35.278099,34.220642,32.256813,31.945526,31.931793,31.007095,34.747078,32.160675,31.130692,32.256813,31.268028,34.705879,2701169.7,2.1835632,7.5852661,2.8976746,1.7807312,0.050354004,0.059509277,-0.0045776367,-0.0045776367,-0.0045776367,-0.0045776367,-0.0045776367,-0.0045776367,-0.0045776367,-0.0045776367,-0.0045776367,-0.0045776367,-0.0045776367,-0.0045776367,-0.0045776367,-0.0045776367,-0.0045776367,-0.0045776367,-0.0045776367,-0.0045776367,2701169.7
2836213613344,1.4336458,0,40.217438,42.195007,38.606087,32.032501,33.117416,33.927673,34.843216,33.945984,33.804077,30.90181,33.66674,33.643852,38.04303,38.125427,34.49073,35.017166,34.362556,34.353401,38.418404,34.861526,34.705879,34.554817,33.685051,38.63813,2701189.7,39.878693,39.604027,36.372169,30.146484,29.816895,29.986267,31.91806,30.430305,30.233459,28.535133,30.347908,29.835205,35.282677,34.211487,32.270546,31.959259,31.936371,31.016251,34.72419,32.142365,31.130692,32.256813,31.277184,34.696724,2701189.7,3.9139404,3.5385742,3.3463135,-0.04119873,-0.19683838,-0.2243042,-0.0045776367,-0.0045776367,-0.0045776367,-0.0045776367,-0.0045776367,-0.0045776367,-0.0045776367,-0.0045776367,-0.0045776367,-0.0045776367,-0.0045776367,-0.0045776367,-0.0045776367,-0.0045776367,-0.0045776367,-0.0045776367,-0.0045776367,-0.0045776367,2701189.7
2836233765056,1.4537975,0,40.217438,42.185852,38.601509,32.023346,33.117416,33.927673,34.838638,33.941406,33.804077,30.910965,33.66674,33.643852,38.038452,38.125427,34.499886,35.030899,34.371712,34.348824,38.409248,34.856949,34.701302,34.545662,33.680473,38.647285,2701209.7,39.887848,39.622337,36.399635,30.151062,29.816895,30.022888,31.922638,30.439461,30.210571,28.525978,30.34333,29.835205,35.291832,34.234375,32.275124,31.959259,31.931793,30.988785,34.733345,32.146942,31.135269,32.261391,31.268028,34.687569,2701209.7,5.2506409,0.16937256,4.5090332,-0.69122314,-0.12359619,0.050354004,-0.0045776367,-0.0045776367,-0.0045776367,-0.0045776367,-0.0045776367,-0.0045776367,-0.0045776367,-0.0045776367,-0.0045776367,-0.0045776367,-0.0045776367,-0.0045776367,-0.0045776367,-0.0045776367,-0.0045776367,-0.0045776367,-0.0045776367,-0.0045776367,2701209.7
2836253630656,1.4736631,0,40.21286,42.195007,38.596931,32.027924,33.117416,33.927673,34.843216,33.936829,33.7995,30.90181,33.671318,33.643852,38.04303,38.12085,34.495308,35.030899,34.367134,34.357979,38.413826,34.856949,34.705879,34.55024,33.685051,38.642708,2701229.7,39.88327,39.631493,36.413368,30.160217,29.789429,30,31.908905,30.439461,30.238037,28.50309,30.352486,29.84436,35.287254,34.22522,32.288857,31.959259,31.936371,31.011673,34.728767,32.137787,31.130692,32.261391,31.268028,34.682991,2701229.7,2.6504822,-8.0704956,1.6342468,-6.4316711,0.20599365,-0.59051514,-0.0045776367,-0.0045776367,-0.0045776367,-0.0045776367,-0.0045776367,-0.0045776367,-0.0045776367,-0.0045776367,-0.0045776367,-0.0045776367,-0.0045776367,-0.0045776367,-0.0045776367,-0.0045776367,-0.0045776367,-0.0045776367,-0.0045776367,-0.0045776367,2701229.7
2836273593888,1.4936263,0,40.217438,42.199585,38.601509,32.032501,33.112839,33.927673,34.847794,33.941406,33.804077,30.897232,33.66674,33.643852,38.04303,38.12085,34.499886,35.026321,34.367134,34.348824,38.413826,34.861526,34.701302,34.545662,33.685051,38.628975,2701249.7,39.906158,39.649803,36.39048,30.137329,29.803162,30,31.91806,30.434883,30.210571,28.530556,30.347908,29.84436,35.273521,34.234375,32.275124,31.940948,31.922638,31.011673,34.715034,32.15152,31.126114,32.220184,31.286339,34.678413,2701249.7,1.5793152,-9.7276306,-0.17852783,-9.4163513,-1.8265076,-0.21514893,-0.0045776367,-0.0045776367,-0.0045776367,-0.0045776367,-0.0045776367,-0.0045776367,-0.0045776367,-0.0045776367,-0.0045776367,-0.0045776367,-0.0045776367,-0.0045776367,-0.0045776367,-0.0045776367,-0.0045776367,-0.0045776367,-0.0045776367,-0.0045776367,2701249.7
2836293642336,1.5136748,0,40.222015,42.199585,38.610664,32.027924,33.112839,33.918518,34.843216,33.941406,33.804077,30.906387,33.66674,33.639275,38.038452,38.116272,34.504463,35.026321,34.371712,34.357979,38.418404,34.856949,34.701302,34.55024,33.685051,38.63813,2701269.7,39.906158,39.672691,36.413368,30.151062,29.816895,30.013733,31.931793,30.453194,30.215149,28.535133,30.352486,29.830627,35.273521,34.22522,32.279701,31.950104,31.922638,31.011673,34.715034,32.142365,31.149002,32.284279,31.290916,34.692146,2701269.7,-0.71868896,-15.120178,-7.7775269,-10.524139,-0.25177002,0.14190674,-0.0045776367,-0.0045776367,-0.0045776367,-0.0045776367,-0.0045776367,-0.0045776367,-0.0045776367,-0.0045776367,-0.0045776367,-0.0045776367,-0.0045776367,-0.0045776367,-0.0045776367,-0.0045776367,-0.0045776367,-0.0045776367,-0.0045776367,-0.0045776367,2701269.7
2836313599616,1.5336321,0,40.217438,42.204163,38.610664,32.032501,33.121994,33.927673,34.852371,33.936829,33.808655,30.906387,33.662163,33.634697,38.047607,38.130005,34.495308,35.026321,34.371712,34.348824,38.413826,34.856949,34.696724,34.55024,33.680473,38.642708,2701289.7,39.919891,39.700157,36.385902,30.15564,29.816895,29.990845,31.936371,30.439461,30.215149,28.539711,30.334175,29.835205,35.291832,34.216064,32.288857,31.954681,31.936371,31.020828,34.7425,32.142365,31.126114,32.256813,31.263451,34.678413,2701289.7,-0.72784424,-16.786438,-10.469208,-12.025635,-0.18768311,-0.15106201,-0.0045776367,-0.0045776367,-0.0045776367,-0.0045776367,-0.0045776367,-0.0045776367,-0.0045776367,-0.0045776367,-0.0045776367,-0.0045776367,-0.0045776367,-0.0045776367,-0.0045776367,-0.0045776367,-0.0045776367,-0.0045776367,-0.0045776367,-0.0045776367,2701289.7
2836333602592,1.553635,0,40.226593,42.20874,38.606087,32.027924,33.112839,33.927673,34.847794,33.936829,33.7995,30.90181,33.66674,33.639275,38.04303,38.125427,34.499886,35.030899,34.362556,34.353401,38.413826,34.861526,34.701302,34.554817,33.685051,38.63813,2701309.7,39.901581,39.686424,36.472878,30.160217,29.816895,29.995422,31.927216,30.444038,30.224304,28.535133,30.352486,29.82605,35.268944,34.22522,32.284279,31.959259,31.922638,31.020828,34.719612,32.146942,31.130692,32.256813,31.272606,34.687569,2701309.7,-0.096130371,-22.124054,-17.244232,-12.941162,0.5355835,-0.20599365,-0.0045776367,-0.0045776367,-0.0045776367,-0.0045776367,-0.0045776367,-0.0045776367,-0.0045776367,-0.0045776367,-0.0045776367,-0.0045776367,-0.0045776367,-0.0045776367,-0.0045776367,-0.0045776367,-0.0045776367,-0.0045776367,-0.0045776367,-0.0045776367,2701309.7
2836353614208,1.5736467,0,40.226593,42.217896,38.601509,32.032501,33.112839,33.927673,34.847794,33.936829,33.804077,30.897232,33.66674,33.639275,38.04303,38.12085,34.499886,35.030899,34.362556,34.353401,38.418404,34.852371,34.701302,34.55024,33.685051,38.647285,2701329.7,39.919891,39.727623,36.459145,30.164795,29.807739,30.009155,31.936371,30.434883,30.228882,28.535133,30.334175,29.858093,35.278099,34.229797,32.265968,31.963837,31.913483,31.011673,34.728767,32.156097,31.135269,32.252235,31.272606,34.682991,2701329.7,1.2588806,-23.653015,-22.005035,-12.968628,0.14190674,-0.077819824,-0.0045776367,-0.0045776367,-0.0045776367,-0.0045776367,-0.0045776367,-0.0045776367,-0.0045776367,-0.0045776367,-0.0045776367,-0.0045776367,-0.0045776367,-0.0045776367,-0.0045776367,-0.0045776367,-0.0045776367,-0.0045776367,-0.0045776367,-0.0045776367,2701329.7
2836373616320,1.5936488,0,40.231171,42.217896,38.606087,32.032501,33.108261,33.923096,34.852371,33.936829,33.808655,30.906387,33.671318,33.643852,38.033875,38.130005,34.495308,35.030899,34.367134,34.357979,38.413826,34.861526,34.701302,34.545662,33.685051,38.647285,2701349.7,39.924469,39.727623,36.449989,30.164795,29.821472,30.004578,31.931793,30.434883,30.215149,28.535133,30.366219,29.839783,35.278099,34.238953,32.284279,31.959259,31.922638,31.007095,34.719612,32.160675,31.130692,32.256813,31.268028,34.701302,2701349.7,2.980072,-26.024261,-25.401703,-12.455933,0.79193115,-0.35247803,-0.0045776367,-0.0045776367,-0.0045776367,-0.0045776367,-0.0045776367,-0.0045776367,-0.0045776367,-0.0045776367,-0.0045776367,-0.0045776367,-0.0045776367,-0.0045776367,-0.0045776367,-0.0045776367,-0.0045776367,-0.0045776367,-0.0045776367,-0.0045776367,2701349.7
2836393586176,1.6136186,0,40.226593,42.20874,38.61982,32.032501,33.112839,33.927673,34.843216,33.932251,33.804077,30.906387,33.66674,33.639275,38.038452,38.125427,34.499886,35.035477,34.371712,34.348824,38.418404,34.852371,34.705879,34.55024,33.680473,38.642708,2701369.7,39.924469,39.768829,36.449989,30.17395,29.821472,30,31.936371,30.434883,30.219727,28.530556,30.370796,29.82605,35.268944,34.229797,32.279701,31.945526,31.936371,31.011673,34.737923,32.15152,31.15358,32.252235,31.263451,34.705879,2701369.7,7.8873901,-29.915314,-30.061798,-10.450897,1.1764832,0.15106201,-0.0045776367,-0.0045776367,-0.0045776367,-0.0045776367,-0.0045776367,-0.0045776367,-0.0045776367,-0.0045776367,-0.0045776367,-0.0045776367,-0.0045776367,-0.0045776367,-0.0045776367,-0.0045776367,-0.0045776367,-0.0045776367,-0.0045776367,-0.0045776367,2701369.7
2836413622016,1.6336545,0,40.226593,42.217896,38.615242,32.027924,33.112839,33.918518,34.843216,33.941406,33.804077,30.906387,33.66674,33.64843,38.04303,38.125427,34.499886,35.021744,34.367134,34.353401,38.413826,34.861526,34.696724,34.545662,33.680473,38.63813,2701389.7,39.924469,39.782562,36.449989,30.178528,29.821472,29.990845,31.940948,30.448616,30.215149,28.525978,30.334175,29.839783,35.278099,34.229797,32.279701,31.968414,31.945526,31.007095,34.728767,32.142365,31.130692,32.252235,31.281761,34.692146,2701389.7,10.899506,-30.098419,-33.513397,-9.7825623,0.34332275,0.30670166,-0.0045776367,-0.0045776367,-0.0045776367,-0.0045776367,-0.0045776367,-0.0045776367,-0.0045776367,-0.0045776367,-0.0045776367,-0.0045776367,-0.0045776367,-0.0045776367,-0.0045776367,-0.0045776367,-0.0045776367,-0.0045776367,-0.0045776367,-0.0045776367,2701389.7
2836433778816,1.6538113,0,40.226593,42.222473,38.61982,32.027924,33.112839,33.927673,34.847794,33.941406,33.7995,30.90181,33.66674,33.639275,38.04303,38.12085,34.495308,35.030899,34.367134,34.348824,38.413826,34.852371,34.710457,34.55024,33.685051,38.63813,2701409.7,39.910736,39.777985,36.491188,30.183105,29.812317,30,31.940948,30.439461,30.224304,28.535133,30.315865,29.839783,35.282677,34.206909,32.265968,31.950104,31.927216,31.016251,34.733345,32.133209,31.144424,32.252235,31.286339,34.692146,2701409.7,14.259552,-29.851227,-32.63446,-9.974823,-0.44403076,1.2131042,-0.0045776367,-0.0045776367,-0.0045776367,-0.0045776367,-0.0045776367,-0.0045776367,-0.0045776367,-0.0045776367,-0.0045776367,-0.0045776367,-0.0045776367,-0.0045776367,-0.0045776367,-0.0045776367,-0.0045776367,-0.0045776367,-0.0045776367,-0.0045776367,2701409.7
2836453579616,1.6736121,0,40.222015,42.231628,38.624397,32.032501,33.112839,33.923096,34.847794,33.936829,33.804077,30.897232,33.671318,33.643852,38.047607,38.116272,34.504463,35.030899,34.367134,34.353401,38.418404,34.861526,34.705879,34.55024,33.685051,38.642708,2701429.7,39.929047,39.800873,36.504921,30.17395,29.807739,30.009155,31.927216,30.430305,30.224304,28.525978,30.352486,29.862671,35.287254,34.206909,32.265968,31.959259,31.927216,31.011673,34.733345,32.160675,31.126114,32.243073,31.277184,34.687569,2701429.7,11.009399,-30.11673,-29.375153,-9.306488,-0.58135986,1.2314148,-0.0045776367,-0.0045776367,-0.0045776367,-0.0045776367,-0.0045776367,-0.0045776367,-0.0045776367,-0.0045776367,-0.0045776367,-0.0045776367,-0.0045776367,-0.0045776367,-0.0045776367,-0.0045776367,-0.0045776367,-0.0045776367,-0.0045776367,-0.0045776367,2701429.7
2836473630944,1.6936634,0,40.226593,42.231628,38.601509,32.032501,33.108261,33.918518,34.843216,33.941406,33.804077,30.906387,33.66674,33.639275,38.038452,38.12085,34.495308,35.030899,34.367134,34.353401,38.413826,34.856949,34.701302,34.55024,33.689629,38.642708,2701449.7,39.947357,39.814606,36.482033,30.178528,29.798584,29.995422,31.940948,30.42115,30.219727,28.525978,30.347908,29.839783,35.291832,34.22522,32.265968,31.950104,31.931793,31.016251,34.710457,32.160675,31.135269,32.24765,31.254295,34.678413,2701449.7,11.750977,-29.10965,-23.744568,-10.643158,-0.37994385,0.6729126,-0.0045776367,-0.0045776367,-0.0045776367,-0.0045776367,-0.0045776367,-0.0045776367,-0.0045776367,-0.0045776367,-0.0045776367,-0.0045776367,-0.0045776367,-0.0045776367,-0.0045776367,-0.0045776367,-0.0045776367,-0.0045776367,-0.0045776367,-0.0045776367,2701449.7
2836493593120,1.7136256,0,40.226593,42.240784,38.601509,32.032501,33.108261,33.918518,34.847794,33.941406,33.808655,30.90181,33.66674,33.643852,38.033875,38.125427,34.504463,35.030899,34.367134,34.348824,38.409248,34.852371,34.696724,34.55024,33.685051,38.63813,2701469.7,39.94278,39.828339,36.495766,30.17395,29.803162,30.004578,31.936371,30.434883,30.233459,28.530556,30.352486,29.84436,35.278099,34.216064,32.261391,31.963837,31.922638,31.016251,34.719612,32.15152,31.144424,32.24765,31.268028,34.682991,2701469.7,9.471283,-28.175781,-20.100708,-10.359344,-0.93841553,1.1581726,-0.0045776367,-0.0045776367,-0.0045776367,-0.0045776367,-0.0045776367,-0.0045776367,-0.0045776367,-0.0045776367,-0.0045776367,-0.0045776367,-0.0045776367,-0.0045776367,-0.0045776367,-0.0045776367,-0.0045776367,-0.0045776367,-0.0045776367,-0.0045776367,2701469.7
2836513598560,1.733631,0,40.231171,42.236206,38.61982,32.032501,33.108261,33.923096,34.852371,33.941406,33.804077,30.90181,33.66674,33.64843,38.033875,38.130005,34.504463,35.026321,34.367134,34.353401,38.413826,34.861526,34.701302,34.55024,33.689629,38.63813,2701489.7,39.94278,39.855804,36.500343,30.178528,29.816895,30,31.945526,30.444038,30.210571,28.530556,30.357063,29.84436,35.282677,34.22522,32.256813,31.959259,31.922638,31.007095,34.733345,32.15152,31.121536,32.252235,31.286339,34.710457,2701489.7,10.981903,-27.232788,-17.290009,-11.549561,0.60882568,-0.10528564,-0.0045776367,-0.0045776367,-0.0045776367,-0.0045776367,-0.0045776367,-0.0045776367,-0.0045776367,-0.0045776367,-0.0045776367,-0.0045776367,-0.0045776367,-0.0045776367,-0.0045776367,-0.0045776367,-0.0045776367,-0.0045776367,-0.0045776367,-0.0045776367,2701489.7
2836533613824,1.7536463,0,40.231171,42.249939,38.615242,32.023346,33.108261,33.918518,34.847794,33.941406,33.808655,30.90181,33.66674,33.639275,38.038452,38.125427,34.495308,35.030899,34.371712,34.353401,38.413826,34.856949,34.705879,34.55024,33.685051,38.63813,2701509.7,39.96109,39.851227,36.495766,30.17395,29.803162,30.018311,31.940948,30.434883,30.247192,28.516823,30.338753,29.830627,35.278099,34.22522,32.270546,31.97757,31.931793,31.002518,34.733345,32.146942,31.130692,32.22934,31.277184,34.701302,2701509.7,9.5903015,-26.344696,-14.131378,-11.760132,0.59967041,0.0045776367,-0.0045776367,-0.0045776367,-0.0045776367,-0.0045776367,-0.0045776367,-0.0045776367,-0.0045776367,-0.0045776367,-0.0045776367,-0.0045776367,-0.0045776367,-0.0045776367,-0.0045776367,-0.0045776367,-0.0045776367,-0.0045776367,-0.0045776367,-0.0045776367,2701509.7
2836553595392,1.7736278,0,40.226593,42.240784,38.61982,32.037079,33.112839,33.918518,34.843216,33.932251,33.7995,30.90181,33.66674,33.639275,38.033875,38.12085,34.495308,35.035477,34.357979,34.348824,38.418404,34.856949,34.701302,34.554817,33.685051,38.63813,2701529.7,39.970245,39.874115,36.509499,30.187683,29.798584,30,31.945526,30.430305,30.242615,28.530556,30.352486,29.839783,35.278099,34.229797,32.261391,31.940948,31.931793,31.020828,34.710457,32.16983,31.130692,32.252235,31.268028,34.682991,2701529.7,9.8924255,-24.80658,-10.295258,-11.485474,0.46234131,-0.19683838,-0.0045776367,-0.0045776367,-0.0045776367,-0.0045776367,-0.0045776367,-0.0045776367,-0.0045776367,-0.0045776367,-0.0045776367,-0.0045776367,-0.0045776367,-0.0045776367,-0.0045776367,-0.0045776367,-0.0045776367,-0.0045776367,-0.0045776367,-0.0045776367,2701529.7
2836573632800,1.7936652,0,40.235748,42.245361,38.624397,32.027924,33.108261,33.918518,34.843216,33.936829,33.808655,30.90181,33.66674,33.639275,38.033875,38.125427,34.499886,35.030899,34.371712,34.348824,38.413826,34.861526,34.705879,34.55024,33.685051,38.63813,2701549.7,39.956512,39.855804,36.518654,30.183105,29.798584,30.009155,31.936371,30.444038,30.242615,28.525978,30.361641,29.84436,35.273521,34.229797,32.265968,31.954681,31.927216,31.011673,34.715034,32.156097,31.144424,32.256813,31.277184,34.673836,2701549.7,7.4296265,-20.906372,-5.1590881,-10.222015,-1.0757751,0.27008057,-0.0045776367,-0.0045776367,-0.0045776367,-0.0045776367,-0.0045776367,-0.0045776367,-0.0045776367,-0.0045776367,-0.0045776367,-0.0045776367,-0.0045776367,-0.0045776367,-0.0045776367,-0.0045776367,-0.0045776367,-0.0045776367,-0.0045776367,-0.0045776367,2701549.7
2836593586560,1.813619,0,40.235748,42.254524,38.61982,32.032501,33.103683,33.918518,34.847794,33.941406,33.804077,30.906387,33.657585,33.643852,38.038452,38.125427,34.495308,35.026321,34.367134,34.353401,38.418404,34.856949,34.696724,34.545662,33.685051,38.642708,2701569.7,39.974823,39.892426,36.536964,30.178528,29.816895,30.004578,31.922638,30.434883,30.233459,28.525978,30.338753,29.839783,35.282677,34.22522,32.261391,31.954681,31.922638,31.011673,34.719612,32.137787,31.139847,32.252235,31.281761,34.687569,2701569.7,7.5028687,-19.771118,-2.3849792,-10.167084,1.1215515,-0.91094971,-0.0045776367,-0.0045776367,-0.0045776367,-0.0045776367,-0.0045776367,-0.0045776367,-0.0045776367,-0.0045776367,-0.0045776367,-0.0045776367,-0.0045776367,-0.0045776367,-0.0045776367,-0.0045776367,-0.0045776367,-0.0045776367,-0.0045776367,-0.0045776367,2701569.7
2836613579968,1.8336124,0,40.231171,42.26368,38.624397,32.037079,33.103683,33.91394,34.852371,33.945984,33.804077,30.90181,33.66674,33.639275,38.038452,38.116272,34.495308,35.030899,34.367134,34.353401,38.418404,34.856949,34.705879,34.55024,33.685051,38.647285,2701589.7,40.002289,39.878693,36.541542,30.17395,29.821472,30.004578,31.940948,30.448616,30.247192,28.535133,30.34333,29.84436,35.282677,34.220642,32.261391,31.954681,31.931793,31.007095,34.733345,32.146942,31.135269,32.256813,31.277184,34.669258,2701589.7,3.8132324,-15.312439,2.9617615,-8.2993774,-0.26092529,0.27008057,-0.0045776367,-0.0045776367,-0.0045776367,-0.0045776367,-0.0045776367,-0.0045776367,-0.0045776367,-0.0045776367,-0.0045776367,-0.0045776367,-0.0045776367,-0.0045776367,-0.0045776367,-0.0045776367,-0.0045776367,-0.0045776367,-0.0045776367,-0.0045776367,2701589.7
2836633626752,1.8536592,0,40.235748,42.268257,38.628975,32.027924,33.103683,33.923096,34.847794,33.927673,33.7995,30.90181,33.66674,33.643852,38.04303,38.125427,34.499886,35.030899,34.371712,34.353401,38.422981,34.852371,34.701302,34.55024,33.685051,38.633553,2701609.7,39.983978,39.915314,36.550697,30.178528,29.812317,30.009155,31.936371,30.444038,30.215149,28.535133,30.34333,29.821472,35.282677,34.220642,32.270546,31.968414,31.931793,31.011673,34.737923,32.156097,31.126114,32.24765,31.281761,34.696724,2701609.7,2.7237244,-11.110107,6.6971741,-7.0817261,-1.0208435,-1.1673279,-0.0045776367,-0.0045776367,-0.0045776367,-0.0045776367,-0.0045776367,-0.0045776367,-0.0045776367,-0.0045776367,-0.0045776367,-0.0045776367,-0.0045776367,-0.0045776367,-0.0045776367,-0.0045776367,-0.0045776367,-0.0045776367,-0.0045776367,-0.0045776367,2701609.7
2836653578048,1.8736105,0,40.240326,42.26368,38.624397,32.032501,33.112839,33.918518,34.847794,33.936829,33.804077,30.90181,33.662163,33.643852,38.038452,38.111694,34.499886,35.026321,34.367134,34.357979,38.409248,34.861526,34.705879,34.55024,33.685051,38.642708,2701629.7,39.983978,39.933624,36.56443,30.187683,29.816895,29.995422,31.940948,30.453194,30.228882,28.512245,30.338753,29.835205,35.273521,34.211487,32.293434,31.963837,31.945526,31.016251,34.733345,32.15152,31.139847,32.252235,31.272606,34.682991,2701629.7,1.2588806,-6.660553,8.8578491,-4.7653809,0.086975098,-0.059509277,-0.0045776367,-0.0045776367,-0.0045776367,-0.0045776367,-0.0045776367,-0.0045776367,-0.0045776367,-0.0045776367,-0.0045776367,-0.0045776367,-0.0045776367,-0.0045776367,-0.0045776367,-0.0045776367,-0.0045776367,-0.0045776367,-0.0045776367,-0.0045776367,2701629.7
2836673577184,1.8936096,0,40.240326,42.272835,38.624397,32.037079,33.099106,33.923096,34.843216,33.932251,33.808655,30.90181,33.66674,33.639275,38.038452,38.125427,34.495308,35.030899,34.367134,34.348824,38.409248,34.856949,34.705879,34.554817,33.689629,38.642708,2701649.7,40.029755,39.956512,36.628517,30.187683,29.821472,29.995422,31.913483,30.453194,30.219727,28.525978,30.347908,29.867249,35.282677,34.211487,32.261391,31.954681,31.922638,31.007095,34.72419,32.165253,31.149002,32.261391,31.272606,34.687569,2701649.7,-2.2201843,-1.2863464,12.227051,0.032043457,0.21514893,-0.15106201,-0.0045776367,-0.0045776367,-0.0045776367,-0.0045776367,-0.0045776367,-0.0045776367,-0.0045776367,-0.0045776367,-0.0045776367,-0.0045776367,-0.0045776367,-0.0045776367,-0.0045776367,-0.0045776367,-0.0045776367,-0.0045776367,-0.0045776367,-0.0045776367,2701649.7
2836693593280,1.9136257,0,40.244904,42.272835,38.633553,32.032501,33.108261,33.909363,34.843216,33.936829,33.813232,30.90181,33.66674,33.643852,38.038452,38.12085,34.504463,35.030899,34.371712,34.353401,38.413826,34.861526,34.705879,34.55024,33.685051,38.633553,2701669.7,39.983978,39.965668,36.596474,30.183105,29.821472,30.022888,31.936371,30.457771,30.242615,28.525978,30.34333,29.839783,35.282677,34.220642,32.265968,31.936371,31.936371,31.002518,34.728767,32.165253,31.139847,32.243073,31.268028,34.696724,2701669.7,-3.9963379,-0.45318604,12.739746,0.41656494,-0.73699951,0.54473877,-0.0045776367,-0.0045776367,-0.0045776367,-0.0045776367,-0.0045776367,-0.0045776367,-0.0045776367,-0.0045776367,-0.0045776367,-0.0045776367,-0.0045776367,-0.0045776367,-0.0045776367,-0.0045776367,-0.0045776367,-0.0045776367,-0.0045776367,-0.0045776367,2701669.7
2836713594240,1.9336267,0,40.249481,42.28199,38.642708,32.037079,33.108261,33.91394,34.847794,33.936829,33.7995,30.90181,33.657585,33.639275,38.038452,38.12085,34.495308,35.030899,34.367134,34.353401,38.413826,34.856949,34.701302,34.55024,33.680473,38.63813,2701689.7,40.025177,39.974823,36.605629,30.192261,29.812317,30.013733,31.936371,30.439461,30.210571,28.525978,30.338753,29.830627,35.268944,34.220642,32.284279,31.950104,31.936371,31.007095,34.72419,32.15152,31.144424,32.261391,31.277184,34.687569,2701689.7,-4.1794434,4.7470703,12.895386,5.5710754,-0.84686279,-0.17852783,-0.0045776367,-0.0045776367,-0.0045776367,-0.0045776367,-0.0045776367,-0.0045776367,-0.0045776367,-0.0045776367,-0.0045776367,-0.0045776367,-0.0045776367,-0.0045776367,-0.0045776367,-0.0045776367,-0.0045776367,-0.0045776367,-0.0045776367,-0.0045776367,2701689.7
2836733597408,1.9536299,0,40.244904,42.28199,38.63813,32.037079,33.103683,33.909363,34.843216,33.932251,33.804077,30.897232,33.66674,33.643852,38.038452,38.125427,34.495308,35.030899,34.362556,34.348824,38.413826,34.856949,34.701302,34.545662,33.685051,38.642708,2701709.7,40.029755,40.002289,36.601051,30.187683,29.803162,29.986267,31.91806,30.430305,30.233459,28.5214,30.32502,29.839783,35.29641,34.234375,32.270546,31.950104,31.936371,31.020828,34.719612,32.156097,31.139847,32.24765,31.281761,34.692146,2701709.7,-2.9983826,6.9169006,11.110107,6.8528137,-0.97503662,0.13275146,-0.0045776367,-0.0045776367,-0.0045776367,-0.0045776367,-0.0045776367,-0.0045776367,-0.0045776367,-0.0045776367,-0.0045776367,-0.0045776367,-0.0045776367,-0.0045776367,-0.0045776367,-0.0045776367,-0.0045776367,-0.0045776367,-0.0045776367,-0.0045776367,2701709.7
2836753602688,1.9736351,0,40.254066,42.277412,38.642708,32.032501,33.099106,33.91394,34.843216,33.936829,33.804077,30.897232,33.66674,33.634697,38.04303,38.125427,34.495308,35.021744,34.357979,34.353401,38.418404,34.856949,34.696724,34.55024,33.685051,38.642708,2701729.7,40.048065,40.006866,36.610207,30.192261,29.812317,30.009155,31.940948,30.448616,30.215149,28.525978,30.34333,29.84436,35.282677,34.22522,32.275124,31.97757,31.931793,31.007095,34.733345,32.142365,31.144424,32.256813,31.268028,34.687569,2701729.7,-3.2547607,13.50882,2.174408,5.4520569,-0.64544678,0.16021729,-0.0045776367,-0.0045776367,-0.0045776367,-0.0045776367,-0.0045776367,-0.0045776367,-0.0045776367,-0.0045776367,-0.0045776367,-0.0045776367,-0.0045776367,-0.0045776367,-0.0045776367,-0.0045776367,-0.0045776367,-0.0045776367,-0.0045776367,-0.0045776367,2701729.7
2836773607808,1.9936403,0,40.249481,42.28199,38.642708,32.023346,33.103683,33.91394,34.843216,33.932251,33.804077,30.906387,33.671318,33.634697,38.04303,38.125427,34.495308,35.030899,34.367134,34.353401,38.418404,34.852371,34.701302,34.545662,33.685051,38.63813,2701749.7,40.034332,40.043488,36.660561,30.187683,29.807739,30,31.931793,30.439461,30.228882,28.535133,30.357063,29.835205,35.268944,34.229797,32.284279,31.954681,31.922638,31.016251,34.733345,32.156097,31.144424,32.265968,31.263451,34.678413,2701749.7,-4.8752441,17.253387,0.47149658,4.2160645,-0.6729126,-0.10528564,-0.0045776367,-0.0045776367,-0.0045776367,-0.0045776367,-0.0045776367,-0.0045776367,-0.0045776367,-0.0045776367,-0.0045776367,-0.0045776367,-0.0045776367,-0.0045776367,-0.0045776367,-0.0045776367,-0.0045776367,-0.0045776367,-0.0045776367,-0.0045776367,2701749.7
2836793568832,2.0136013,0,40.258644,42.286568,38.63813,32.032501,33.103683,33.91394,34.847794,33.941406,33.7995,30.906387,33.671318,33.634697,38.038452,38.125427,34.495308,35.030899,34.367134,34.353401,38.418404,34.856949,34.705879,34.55024,33.685051,38.633553,2701769.7,40.029755,40.034332,36.660561,30.178528,29.821472,30,31.922638,30.439461,30.205994,28.525978,30.347908,29.839783,35.264366,34.22522,32.270546,31.972992,31.959259,31.020828,34.747078,32.15152,31.149002,32.252235,31.281761,34.682991,2701769.7,-4.3625488,18.983734,0.16937256,2.6230164,-0.35247803,0.04119873,-0.0045776367,-0.0045776367,-0.0045776367,-0.0045776367,-0.0045776367,-0.0045776367,-0.0045776367,-0.0045776367,-0.0045776367,-0.0045776367,-0.0045776367,-0.0045776367,-0.0045776367,-0.0045776367,-0.0045776367,-0.0045776367,-0.0045776367,-0.0045776367,2701769.7
2836813581248,2.0336137,0,40.258644,42.295723,38.647285,32.032501,33.103683,33.91394,34.843216,33.941406,33.804077,30.910965,33.671318,33.64843,38.038452,38.130005,34.495308,35.035477,34.362556,34.353401,38.418404,34.861526,34.705879,34.55024,33.685051,38.642708,2701789.7,40.05722,40.061798,36.674294,30.187683,29.807739,30.009155,31.931793,30.453194,30.228882,28.5214,30.338753,29.830627,35.264366,34.220642,32.270546,31.954681,31.940948,31.002518,34.737923,32.15152,31.149002,32.243073,31.263451,34.678413,2701789.7,-8.6381226,22.526886,-6.4774475,0.78277588,0.8102417,0.30670166,-0.0045776367,-0.0045776367,-0.0045776367,-0.0045776367,-0.0045776367,-0.0045776367,-0.0045776367,-0.0045776367,-0.0045776367,-0.0045776367,-0.0045776367,-0.0045776367,-0.0045776367,-0.0045776367,-0.0045776367,-0.0045776367,-0.0045776367,-0.0045776367,2701789.7
2836833729760,2.0537622,0,40.258644,42.300301,38.651863,32.037079,33.103683,33.91394,34.847794,33.941406,33.804077,30.906387,33.66674,33.643852,38.047607,38.12085,34.495308,35.026321,34.362556,34.348824,38.418404,34.856949,34.701302,34.55024,33.680473,38.642708,2701809.7,40.048065,40.075531,36.692604,30.192261,29.807739,30.004578,31.913483,30.453194,30.219727,28.535133,30.329597,29.835205,35.273521,34.229797,32.279701,31.954681,31.936371,31.016251,34.737923,32.142365,31.149002,32.24765,31.272606,34.692146,2701809.7,-11.165039,25.264374,-7.5669556,-0.19683838,-0.45318604,0.40740967,-0.0045776367,-0.0045776367,-0.0045776367,-0.0045776367,-0.0045776367,-0.0045776367,-0.0045776367,-0.0045776367,-0.0045776367,-0.0045776367,-0.0045776367,-0.0045776367,-0.0045776367,-0.0045776367,-0.0045776367,-0.0045776367,-0.0045776367,-0.0045776367,2701809.7
2836853584672,2.0736171,0,40.249481,42.304878,38.661018,32.037079,33.103683,33.909363,34.843216,33.932251,33.7995,30.90181,33.66674,33.639275,38.033875,38.125427,34.495308,35.026321,34.362556,34.353401,38.413826,34.856949,34.696724,34.545662,33.685051,38.63813,2701829.7,40.05722,40.075531,36.688026,30.178528,29.816895,29.995422,31.936371,30.448616,30.242615,28.525978,30.357063,29.853516,35.264366,34.229797,32.275124,31.968414,31.927216,31.011673,34.728767,32.15152,31.139847,32.265968,31.272606,34.687569,2701829.7,-16.429382,30.254059,-11.485474,-0.81939697,-0.9475708,1.0574646,-0.0045776367,-0.0045776367,-0.0045776367,-0.0045776367,-0.0045776367,-0.0045776367,-0.0045776367,-0.0045776367,-0.0045776367,-0.0045776367,-0.0045776367,-0.0045776367,-0.0045776367,-0.0045776367,-0.0045776367,-0.0045776367,-0.0045776367,-0.0045776367,2701829.7
2836873757568,2.09379,0,40.258644,42.304878,38.656441,32.032501,33.103683,33.91394,34.843216,33.936829,33.808655,30.906387,33.662163,33.64843,38.038452,38.12085,34.495308,35.030899,34.367134,34.344246,38.418404,34.861526,34.701302,34.55024,33.685051,38.642708,2701849.7,40.066376,40.121307,36.715492,30.205994,29.821472,30.018311,31.931793,30.448616,30.215149,28.525978,30.352486,29.858093,35.278099,34.220642,32.275124,31.963837,31.91806,31.011673,34.72419,32.142365,31.116959,32.256813,31.268028,34.687569,2701849.7,-17.857635,33.385223,-12.629883,-0.17852783,-0.23345947,0.23345947,-0.0045776367,-0.0045776367,-0.0045776367,-0.0045776367,-0.0045776367,-0.0045776367,-0.0045776367,-0.0045776367,-0.0045776367,-0.0045776367,-0.0045776367,-0.0045776367,-0.0045776367,-0.0045776367,-0.0045776367,-0.0045776367,-0.0045776367,-0.0045776367,2701849.7
2836893584384,2.1136168,0,40.263222,42.309456,38.661018,32.032501,33.103683,33.904785,34.847794,33.936829,33.7995,30.897232,33.662163,33.643852,38.038452,38.125427,34.495308,35.026321,34.362556,34.353401,38.413826,34.861526,34.701302,34.541084,33.680473,38.63813,2701869.7,40.075531,40.107574,36.729225,30.210571,29.812317,30.004578,31.936371,30.434883,30.224304,28.535133,30.338753,29.84436,35.278099,34.234375,32.288857,31.950104,31.936371,31.011673,34.733345,32.142365,31.116959,32.256813,31.286339,34.687569,2701869.7,-22.206451,36.525513,-14.589142,1.0391541,-0.17852783,0.46234131,-0.0045776367,-0.0045776367,-0.0045776367,-0.0045776367,-0.0045776367,-0.0045776367,-0.0045776367,-0.0045776367,-0.0045776367,-0.0045776367,-0.0045776367,-0.0045776367,-0.0045776367,-0.0045776367,-0.0045776367,-0.0045776367,-0.0045776367,-0.0045776367,2701869.7
2836913585376,2.1336178,0,40.263222,42.314034,38.656441,32.032501,33.103683,33.909363,34.847794,33.932251,33.804077,30.906387,33.66674,33.634697,38.038452,38.12085,34.495308,35.030899,34.367134,34.353401,38.418404,34.861526,34.710457,34.55024,33.685051,38.642708,2701889.7,40.098419,40.148773,36.729225,30.205994,29.82605,30.009155,31.931793,30.430305,30.228882,28.525978,30.338753,29.830627,35.282677,34.22522,32.265968,31.945526,31.954681,31.034561,34.72419,32.142365,31.126114,32.261391,31.295494,34.682991,2701889.7,-22.627594,37.734039,-15.962463,3.8864746,-1.1947937,0.77362061,-0.0045776367,-0.0045776367,-0.0045776367,-0.0045776367,-0.0045776367,-0.0045776367,-0.0045776367,-0.0045776367,-0.0045776367,-0.0045776367,-0.0045776367,-0.0045776367,-0.0045776367,-0.0045776367,-0.0045776367,-0.0045776367,-0.0045776367,-0.0045776367,2701889.7
2836933587424,2.1536199,0,40.263222,42.314034,38.670174,32.032501,33.094528,33.900208,34.847794,33.936829,33.804077,30.906387,33.671318,33.639275,38.033875,38.125427,34.499886,35.026321,34.362556,34.353401,38.418404,34.852371,34.701302,34.545662,33.685051,38.63813,2701909.7,40.052643,40.139618,36.729225,30.219727,29.82605,29.995422,31.927216,30.444038,30.238037,28.516823,30.352486,29.839783,35.278099,34.229797,32.270546,31.959259,31.931793,31.016251,34.747078,32.142365,31.144424,32.24765,31.268028,34.682991,2701909.7,-22.124054,38.60379,-13.948273,5.0034485,0.60882568,0.43487549,-0.0045776367,-0.0045776367,-0.0045776367,-0.0045776367,-0.0045776367,-0.0045776367,-0.0045776367,-0.0045776367,-0.0045776367,-0.0045776367,-0.0045776367,-0.0045776367,-0.0045776367,-0.0045776367,-0.0045776367,-0.0045776367,-0.0045776367,-0.0045776367,2701909.7
2836953579840,2.1736123,0,40.263222,42.314034,38.670174,32.032501,33.094528,33.909363,34.847794,33.936829,33.804077,30.906387,33.66674,33.643852,38.038452,38.130005,34.504463,35.026321,34.367134,34.353401,38.422981,34.856949,34.705879,34.55024,33.685051,38.642708,2701929.7,40.05722,40.167084,36.770432,30.201416,29.816895,30.004578,31.950104,30.444038,30.228882,28.5214,30.347908,29.84436,35.264366,34.22522,32.279701,31.950104,31.936371,31.020828,34.737923,32.160675,31.139847,32.261391,31.277184,34.673836,2701929.7,-26.527802,38.640411,-15.889221,7.7225952,-1.7441101,1.1673279,-0.0045776367,-0.0045776367,-0.0045776367,-0.0045776367,-0.0045776367,-0.0045776367,-0.0045776367,-0.0045776367,-0.0045776367,-0.0045776367,-0.0045776367,-0.0045776367,-0.0045776367,-0.0045776367,-0.0045776367,-0.0045776367,-0.0045776367,-0.0045776367,2701929.7
2836973587200,2.1936196,0,40.263222,42.323189,38.670174,32.032501,33.099106,33.91394,34.847794,33.936829,33.7995,30.90181,33.66674,33.643852,38.033875,38.12085,34.499886,35.021744,34.367134,34.353401,38.418404,34.861526,34.701302,34.55024,33.675896,38.63813,2701949.7,40.084686,40.180817,36.761276,30.224304,29.812317,30.004578,31.927216,30.448616,30.205994,28.530556,30.34333,29.839783,35.268944,34.220642,32.265968,31.97757,31.945526,31.011673,34.728767,32.137787,31.126114,32.265968,31.286339,34.692146,2701949.7,-25.410858,39.180603,-15.577942,8.7754517,-1.0483093,0.80108643,-0.0045776367,-0.0045776367,-0.0045776367,-0.0045776367,-0.0045776367,-0.0045776367,-0.0045776367,-0.0045776367,-0.0045776367,-0.0045776367,-0.0045776367,-0.0045776367,-0.0045776367,-0.0045776367,-0.0045776367,-0.0045776367,-0.0045776367,-0.0045776367,2701949.7
2836993599680,2.2136321,0,40.258644,42.318611,38.670174,32.032501,33.099106,33.909363,34.847794,33.941406,33.804077,30.90181,33.662163,33.639275,38.033875,38.125427,34.499886,35.030899,34.367134,34.344246,38.418404,34.856949,34.701302,34.55024,33.680473,38.633553,2701969.7,40.093842,40.203705,36.79332,30.224304,29.830627,30.009155,31.931793,30.448616,30.233459,28.530556,30.32502,29.839783,35.282677,34.22522,32.261391,31.963837,31.936371,31.016251,34.728767,32.15152,31.135269,32.22934,31.268028,34.687569,2701969.7,-25.493256,40.288391,-13.298248,10.936127,-0.11444092,0.16937256,-0.0045776367,-0.0045776367,-0.0045776367,-0.0045776367,-0.0045776367,-0.0045776367,-0.0045776367,-0.0045776367,-0.0045776367,-0.0045776367,-0.0045776367,-0.0045776367,-0.0045776367,-0.0045776367,-0.0045776367,-0.0045776367,-0.0045776367,-0.0045776367,2701969.7
2837013557952,2.2335904,0,40.267799,42.332344,38.674751,32.032501,33.099106,33.909363,34.843216,33.936829,33.804077,30.90181,33.671318,33.634697,38.038452,38.12085,34.499886,35.030899,34.367134,34.357979,38.418404,34.861526,34.705879,34.55024,33.689629,38.63813,2701989.7,40.107574,40.226593,36.834518,30.205994,29.812317,30.004578,31.936371,30.444038,30.205994,28.535133,30.347908,29.848938,35.287254,34.22522,32.24765,31.940948,31.931793,30.99794,34.737923,32.146942,31.15358,32.24765,31.277184,34.682991,2701989.7,-25.044647,40.205994,-11.650269,11.348145,-0.45318604,-0.35247803,-0.0045776367,-0.0045776367,-0.0045776367,-0.0045776367,-0.0045776367,-0.0045776367,-0.0045776367,-0.0045776367,-0.0045776367,-0.0045776367,-0.0045776367,-0.0045776367,-0.0045776367,-0.0045776367,-0.0045776367,-0.0045776367,-0.0045776367,-0.0045776367,2701989.7
2837033695008,2.2537275,0,40.263222,42.327766,38.670174,32.032501,33.089951,33.909363,34.847794,33.936829,33.804077,30.90181,33.671318,33.639275,38.04303,38.12085,34.495308,35.026321,34.362556,34.357979,38.422981,34.861526,34.705879,34.554817,33.685051,38.642708,2702009.7,40.093842,40.199127,36.807053,30.219727,29.82605,30,31.950104,30.444038,30.247192,28.5214,30.357063,29.848938,35.291832,34.22522,32.275124,31.959259,31.931793,31.002518,34.715034,32.133209,31.144424,32.256813,31.281761,34.696724,2702009.7,-22.16983,39.555969,-8.4641724,13.206696,-0.10528564,0.70037842,-0.0045776367,-0.0045776367,-0.0045776367,-0.0045776367,-0.0045776367,-0.0045776367,-0.0045776367,-0.0045776367,-0.0045776367,-0.0045776367,-0.0045776367,-0.0045776367,-0.0045776367,-0.0045776367,-0.0045776367,-0.0045776367,-0.0045776367,-0.0045776367,2702009.7
2837053578208,2.2736107,0,40.263222,42.341499,38.679329,32.032501,33.094528,33.904785,34.843216,33.936829,33.808655,30.90181,33.66674,33.643852,38.038452,38.125427,34.495308,35.026321,34.357979,34.353401,38.418404,34.856949,34.701302,34.554817,33.685051,38.633553,2702029.7,40.11673,40.235748,36.839096,30.219727,29.807739,30.009155,31.945526,30.448616,30.224304,28.535133,30.338753,29.84436,35.278099,34.220642,32.270546,31.931793,31.931793,31.016251,34.72419,32.15152,31.139847,32.252235,31.263451,34.678413,2702029.7,-19.798584,39.528503,-6.7154846,13.70108,-0.34332275,0.5355835,-0.0045776367,-0.0045776367,-0.0045776367,-0.0045776367,-0.0045776367,-0.0045776367,-0.0045776367,-0.0045776367,-0.0045776367,-0.0045776367,-0.0045776367,-0.0045776367,-0.0045776367,-0.0045776367,-0.0045776367,-0.0045776367,-0.0045776367,-0.0045776367,2702029.7
2837073595680,2.2936281,0,40.263222,42.346077,38.683907,32.027924,33.103683,33.909363,34.847794,33.941406,33.804077,30.90181,33.671318,33.639275,38.04303,38.12085,34.495308,35.035477,34.362556,34.357979,38.418404,34.861526,34.705879,34.554817,33.685051,38.63813,2702049.7,40.148773,40.240326,36.825363,30.228882,29.812317,30.013733,31.936371,30.448616,30.224304,28.5214,30.361641,29.858093,35.287254,34.234375,32.284279,31.945526,31.936371,31.011673,34.737923,32.142365,31.149002,32.256813,31.263451,34.692146,2702049.7,-17.381561,40.032043,-5.6717834,12.913696,-0.47149658,0.44403076,-0.0045776367,-0.0045776367,-0.0045776367,-0.0045776367,-0.0045776367,-0.0045776367,-0.0045776367,-0.0045776367,-0.0045776367,-0.0045776367,-0.0045776367,-0.0045776367,-0.0045776367,-0.0045776367,-0.0045776367,-0.0045776367,-0.0045776367,-0.0045776367,2702049.7
2837093570720,2.3136032,0,40.263222,42.341499,38.688484,32.032501,33.099106,33.904785,34.852371,33.936829,33.7995,30.897232,33.66674,33.643852,38.047607,38.130005,34.495308,35.030899,34.362556,34.357979,38.413826,34.861526,34.705879,34.545662,33.685051,38.63813,2702069.7,40.148773,40.290688,36.857407,30.228882,29.835205,30.018311,31.922638,30.430305,30.215149,28.525978,30.32502,29.848938,35.287254,34.22522,32.270546,31.963837,31.936371,31.020828,34.72419,32.146942,31.139847,32.233917,31.272606,34.687569,2702069.7,-11.091797,37.523468,-0.70953369,11.073486,-0.5355835,0.88348389,-0.0045776367,-0.0045776367,-0.0045776367,-0.0045776367,-0.0045776367,-0.0045776367,-0.0045776367,-0.0045776367,-0.0045776367,-0.0045776367,-0.0045776367,-0.0045776367,-0.0045776367,-0.0045776367,-0.0045776367,-0.0045776367,-0.0045776367,-0.0045776367,2702069.7
2837113572416,2.3336049,0,40.267799,42.346077,38.688484,32.032501,33.099106,33.904785,34.843216,33.932251,33.804077,30.906387,33.66674,33.634697,38.038452,38.125427,34.499886,35.026321,34.362556,34.353401,38.418404,34.852371,34.705879,34.554817,33.685051,38.63813,2702089.7,40.162506,40.308998,36.884872,30.224304,29.821472,30.004578,31.931793,30.425728,30.215149,28.530556,30.357063,29.835205,35.29641,34.22522,32.275124,31.959259,31.936371,31.020828,34.719612,32.160675,31.135269,32.243073,31.258873,34.701302,2702089.7,-5.9372864,36.214233,2.1469421,10.734711,-0.47149658,0.37994385,-0.0045776367,-0.0045776367,-0.0045776367,-0.0045776367,-0.0045776367,-0.0045776367,-0.0045776367,-0.0045776367,-0.0045776367,-0.0045776367,-0.0045776367,-0.0045776367,-0.0045776367,-0.0045776367,-0.0045776367,-0.0045776367,-0.0045776367,-0.0045776367,2702089.7
2837133559712,2.3535922,0,40.267799,42.350655,38.693062,32.037079,33.094528,33.909363,34.843216,33.936829,33.7995,30.906387,33.66674,33.643852,38.04303,38.130005,34.499886,35.030899,34.362556,34.353401,38.418404,34.856949,34.710457,34.545662,33.685051,38.642708,2702109.7,40.148773,40.308998,36.884872,30.228882,29.807739,30.004578,31.927216,30.430305,30.228882,28.535133,30.357063,29.835205,35.282677,34.220642,32.256813,31.954681,31.940948,31.011673,34.728767,32.160675,31.126114,32.261391,31.272606,34.715034,2702109.7,1.6708679,31.920349,6.660553,5.4429016,-0.2243042,-0.48980713,-0.0045776367,-0.0045776367,-0.0045776367,-0.0045776367,-0.0045776367,-0.0045776367,-0.0045776367,-0.0045776367,-0.0045776367,-0.0045776367,-0.0045776367,-0.0045776367,-0.0045776367,-0.0045776367,-0.0045776367,-0.0045776367,-0.0045776367,-0.0045776367,2702109.7
2837153578336,2.3736108,0,40.276955,42.350655,38.693062,32.027924,33.099106,33.91394,34.843216,33.941406,33.7995,30.90181,33.671318,33.634697,38.033875,38.125427,34.499886,35.026321,34.362556,34.348824,38.413826,34.861526,34.705879,34.55024,33.680473,38.633553,2702129.7,40.153351,40.359352,36.903183,30.251778,29.812317,30,31.913483,30.42115,30.233459,28.539711,30.34333,29.835205,35.259789,34.22522,32.284279,31.963837,31.950104,31.016251,34.737923,32.15152,31.135269,32.252235,31.272606,34.696724,2702129.7,4.90271,29.411774,7.4937134,3.0441895,-0.27923584,-0.18768311,-0.0045776367,-0.0045776367,-0.0045776367,-0.0045776367,-0.0045776367,-0.0045776367,-0.0045776367,-0.0045776367,-0.0045776367,-0.0045776367,-0.0045776367,-0.0045776367,-0.0045776367,-0.0045776367,-0.0045776367,-0.0045776367,-0.0045776367,-0.0045776367,2702129.7
2837173671936,2.3937044,0,40.272377,42.355232,38.697639,32.037079,33.089951,33.904785,34.843216,33.941406,33.804077,30.90181,33.66674,33.634697,38.033875,38.130005,34.504463,35.021744,34.362556,34.353401,38.413826,34.856949,34.710457,34.55024,33.680473,38.633553,2702149.7,40.167084,40.350197,36.926071,30.242615,29.821472,30.004578,31.922638,30.448616,30.219727,28.535133,30.338753,29.839783,35.291832,34.216064,32.252235,31.954681,31.931793,31.007095,34.72419,32.156097,31.149002,32.252235,31.281761,34.692146,2702149.7,9.8649597,24.202332,9.0226746,-3.0350342,-0.2243042,-0.31585693,-0.0045776367,-0.0045776367,-0.0045776367,-0.0045776367,-0.0045776367,-0.0045776367,-0.0045776367,-0.0045776367,-0.0045776367,-0.0045776367,-0.0045776367,-0.0045776367,-0.0045776367,-0.0045776367,-0.0045776367,-0.0045776367,-0.0045776367,-0.0045776367,2702149.7
2837193564544,2.413597,0,40.276955,42.35981,38.697639,32.032501,33.099106,33.909363,34.852371,33.936829,33.7995,30.897232,33.675896,33.639275,38.033875,38.125427,34.499886,35.030899,34.367134,34.353401,38.413826,34.856949,34.701302,34.554817,33.680473,38.647285,2702169.7,40.180817,40.36393,36.916916,30.210571,29.835205,30.018311,31.922638,30.430305,30.183105,28.539711,30.347908,29.858093,35.268944,34.234375,32.275124,31.950104,31.931793,31.007095,34.72419,32.146942,31.126114,32.256813,31.268028,34.696724,2702169.7,9.8466492,20.567627,9.2881775,-5.223175,1.103241,-1.4602966,-0.0045776367,-0.0045776367,-0.0045776367,-0.0045776367,-0.0045776367,-0.0045776367,-0.0045776367,-0.0045776367,-0.0045776367,-0.0045776367,-0.0045776367,-0.0045776367,-0.0045776367,-0.0045776367,-0.0045776367,-0.0045776367,-0.0045776367,-0.0045776367,2702169.7
2837213574144,2.4336066,0,40.276955,42.364388,38.702217,32.037079,33.103683,33.904785,34.852371,33.932251,33.804077,30.90181,33.66674,33.643852,38.038452,38.130005,34.499886,35.026321,34.362556,34.353401,38.427559,34.861526,34.715034,34.545662,33.685051,38.63813,2702189.7,40.185394,40.395973,36.944382,30.256355,29.835205,30.009155,31.931793,30.448616,30.251778,28.530556,30.34333,29.839783,35.259789,34.211487,32.270546,31.972992,31.927216,31.011673,34.7425,32.146942,31.139847,32.238495,31.290916,34.696724,2702189.7,8.4641724,17.445648,7.4845581,-6.8345032,0.096130371,0.58135986,-0.0045776367,-0.0045776367,-0.0045776367,-0.0045776367,-0.0045776367,-0.0045776367,-0.0045776367,-0.0045776367,-0.0045776367,-0.0045776367,-0.0045776367,-0.0045776367,-0.0045776367,-0.0045776367,-0.0045776367,-0.0045776367,-0.0045776367,-0.0045776367,2702189.7
2837233776896,2.4538093,0,40.281532,42.368965,38.697639,32.037079,33.094528,33.904785,34.847794,33.941406,33.7995,30.90181,33.671318,33.639275,38.038452,38.134583,34.495308,35.030899,34.362556,34.353401,38.418404,34.856949,34.705879,34.545662,33.685051,38.633553,2702211.7,40.180817,40.418861,36.948959,30.251778,29.830627,30.018311,31.936371,30.42115,30.205994,28.530556,30.361641,29.848938,35.278099,34.234375,32.284279,31.936371,31.945526,31.007095,34.733345,32.142365,31.149002,32.243073,31.268028,34.682991,2702211.7,5.4978333,8.3451538,3.465332,-10.258636,-0.10528564,0.10528564,-0.0045776367,-0.0045776367,-0.0045776367,-0.0045776367,-0.0045776367,-0.0045776367,-0.0045776367,-0.0045776367,-0.0045776367,-0.0045776367,-0.0045776367,-0.0045776367,-0.0045776367,-0.0045776367,-0.0045776367,-0.0045776367,-0.0045776367,-0.0045776367,2702211.7
2837253554752,2.4735872,0,40.290688,42.368965,38.702217,32.032501,33.094528,33.909363,34.843216,33.941406,33.804077,30.906387,33.662163,33.639275,38.04303,38.125427,34.499886,35.026321,34.362556,34.357979,38.418404,34.856949,34.710457,34.55024,33.685051,38.633553,2702229.7,40.176239,40.418861,36.971848,30.247192,29.816895,30.004578,31.931793,30.444038,30.224304,28.530556,30.334175,29.84436,35.273521,34.22522,32.270546,31.954681,31.940948,31.016251,34.751663,32.137787,31.158157,32.233917,31.290916,34.692146,2702229.7,2.4673767,3.4104004,1.8356628,-10.981903,0.086975098,-0.6362915,-0.0045776367,-0.0045776367,-0.0045776367,-0.0045776367,-0.0045776367,-0.0045776367,-0.0045776367,-0.0045776367,-0.0045776367,-0.0045776367,-0.0045776367,-0.0045776367,-0.0045776367,-0.0045776367,-0.0045776367,-0.0045776367,-0.0045776367,-0.0045776367,2702229.7
2837273581536,2.493614,0,40.281532,42.382698,38.706795,32.041656,33.089951,33.909363,34.847794,33.936829,33.7995,30.90181,33.662163,33.643852,38.04303,38.12085,34.499886,35.026321,34.362556,34.348824,38.422981,34.856949,34.705879,34.55024,33.675896,38.633553,2702249.7,40.208282,40.414284,36.98558,30.247192,29.807739,30,31.936371,30.444038,30.224304,28.535133,30.357063,29.84436,35.287254,34.238953,32.288857,31.954681,31.922638,31.002518,34.737923,32.15152,31.135269,32.261391,31.290916,34.692146,2702249.7,-0.95672607,-4.637207,-0.16021729,-13.160919,0.11444092,-0.46234131,-0.0045776367,-0.0045776367,-0.0045776367,-0.0045776367,-0.0045776367,-0.0045776367,-0.0045776367,-0.0045776367,-0.0045776367,-0.0045776367,-0.0045776367,-0.0045776367,-0.0045776367,-0.0045776367,-0.0045776367,-0.0045776367,-0.0045776367,-0.0045776367,2702249.7
2837293591584,2.513624,0,40.290688,42.382698,38.71595,32.032501,33.094528,33.91394,34.852371,33.936829,33.804077,30.897232,33.66674,33.639275,38.033875,38.130005,34.499886,35.035477,34.362556,34.348824,38.418404,34.856949,34.705879,34.55024,33.685051,38.633553,2702269.7,40.203705,40.478371,36.994736,30.242615,29.82605,30,31.936371,30.444038,30.210571,28.535133,30.352486,29.848938,35.278099,34.211487,32.270546,31.963837,31.950104,31.039139,34.7425,32.156097,31.15358,32.238495,31.277184,34.682991,2702269.7,-6.6971741,-7.914856,-2.778656,-14.579987,0.59967041,0.022888184,-0.0045776367,-0.0045776367,-0.0045776367,-0.0045776367,-0.0045776367,-0.0045776367,-0.0045776367,-0.0045776367,-0.0045776367,-0.0045776367,-0.0045776367,-0.0045776367,-0.0045776367,-0.0045776367,-0.0045776367,-0.0045776367,-0.0045776367,-0.0045776367,2702269.7
2837313567616,2.5336001,0,40.281532,42.37812,38.71595,32.027924,33.085373,33.904785,34.843216,33.932251,33.808655,30.892654,33.66674,33.643852,38.033875,38.125427,34.499886,35.026321,34.362556,34.348824,38.413826,34.861526,34.705879,34.55024,33.680473,38.642708,2702289.7,40.217438,40.469215,37.003891,30.247192,29.821472,30.018311,31.936371,30.453194,30.256355,28.530556,30.34333,29.839783,35.282677,34.22522,32.265968,31.959259,31.936371,31.011673,34.733345,32.124054,31.135269,32.256813,31.281761,34.673836,2702289.7,-9.5994568,-15.67865,-5.4612122,-11.842529,0.47149658,0.24261475,-0.0045776367,-0.0045776367,-0.0045776367,-0.0045776367,-0.0045776367,-0.0045776367,-0.0045776367,-0.0045776367,-0.0045776367,-0.0045776367,-0.0045776367,-0.0045776367,-0.0045776367,-0.0045776367,-0.0045776367,-0.0045776367,-0.0045776367,-0.0045776367,2702289.7
2837333574176,2.5536066,0,40.281532,42.387276,38.711372,32.037079,33.089951,33.900208,34.847794,33.936829,33.804077,30.90181,33.66674,33.639275,38.04303,38.125427,34.499886,35.026321,34.357979,34.348824,38.413826,34.856949,34.710457,34.55024,33.680473,38.633553,2702309.7,40.235748,40.501259,37.013046,30.256355,29.830627,30.009155,31.91806,30.444038,30.251778,28.530556,30.347908,29.848938,35.273521,34.229797,32.279701,31.940948,31.936371,31.002518,34.719612,32.142365,31.130692,32.275124,31.300072,34.692146,2702309.7,-8.8578491,-19.395752,-6.5049133,-9.2607117,0.47149658,-0.16021729,-0.0045776367,-0.0045776367,-0.0045776367,-0.0045776367,-0.0045776367,-0.0045776367,-0.0045776367,-0.0045776367,-0.0045776367,-0.0045776367,-0.0045776367,-0.0045776367,-0.0045776367,-0.0045776367,-0.0045776367,-0.0045776367,-0.0045776367,-0.0045776367,2702309.7
2837353543744,2.5735762,0,40.295265,42.382698,38.720528,32.037079,33.089951,33.904785,34.847794,33.932251,33.7995,30.90181,33.66674,33.639275,38.038452,38.12085,34.504463,35.021744,34.367134,34.348824,38.418404,34.861526,34.705879,34.545662,33.689629,38.628975,2702329.7,40.235748,40.510414,37.040512,30.242615,29.84436,30.009155,31.936371,30.444038,30.233459,28.530556,30.338753,29.84436,35.278099,34.234375,32.279701,31.940948,31.91806,30.993362,34.728767,32.156097,31.135269,32.243073,31.272606,34.687569,2702329.7,-7.145813,-22.426178,-6.2210999,-6.8894348,0.34332275,-0.40740967,-0.0045776367,-0.0045776367,-0.0045776367,-0.0045776367,-0.0045776367,-0.0045776367,-0.0045776367,-0.0045776367,-0.0045776367,-0.0045776367,-0.0045776367,-0.0045776367,-0.0045776367,-0.0045776367,-0.0045776367,-0.0045776367,-0.0045776367,-0.0045776367,2702329.7
2837373571136,2.5936036,0,40.299843,42.387276,38.725105,32.037079,33.094528,33.909363,34.847794,33.936829,33.7995,30.906387,33.662163,33.643852,38.038452,38.125427,34.495308,35.021744,34.362556,34.353401,38.418404,34.856949,34.710457,34.545662,33.685051,38.63813,2702349.7,40.249481,40.542458,37.054245,30.247192,29.807739,30.032043,31.931793,30.453194,30.219727,28.530556,30.34333,29.853516,35.287254,34.238953,32.24765,31.940948,31.940948,31.016251,34.728767,32.133209,31.139847,32.233917,31.277184,34.687569,2702349.7,-6.861969,-27.937744,-8.8853149,-4.3900146,0.75531006,-0.19683838,-0.0045776367,-0.0045776367,-0.0045776367,-0.0045776367,-0.0045776367,-0.0045776367,-0.0045776367,-0.0045776367,-0.0045776367,-0.0045776367,-0.0045776367,-0.0045776367,-0.0045776367,-0.0045776367,-0.0045776367,-0.0045776367,-0.0045776367,-0.0045776367,2702349.7
2837393586432,2.6136189,0,40.295265,42.401009,38.720528,32.032501,33.094528,33.904785,34.852371,33.936829,33.804077,30.906387,33.66674,33.64843,38.047607,38.125427,34.499886,35.030899,34.367134,34.348824,38.422981,34.852371,34.701302,34.545662,33.685051,38.642708,2702369.7,40.222015,40.55619,37.058823,30.251778,29.835205,30.018311,31.936371,30.444038,30.228882,28.544289,30.338753,29.862671,35.291832,34.220642,32.284279,31.963837,31.936371,30.99794,34.728767,32.156097,31.149002,32.233917,31.277184,34.701302,2702369.7,-6.7246399,-30.922394,-9.4163513,-3.7583008,0.75531006,0.086975098,-0.0045776367,-0.0045776367,-0.0045776367,-0.0045776367,-0.0045776367,-0.0045776367,-0.0045776367,-0.0045776367,-0.0045776367,-0.0045776367,-0.0045776367,-0.0045776367,-0.0045776367,-0.0045776367,-0.0045776367,-0.0045776367,-0.0045776367,-0.0045776367,2702369.7
2837413551552,2.633584,0,40.299843,42.391853,38.729683,32.041656,33.099106,33.909363,34.847794,33.936829,33.804077,30.906387,33.66674,33.639275,38.033875,38.12085,34.499886,35.026321,34.357979,34.348824,38.418404,34.856949,34.705879,34.55024,33.685051,38.633553,2702389.7,40.231171,40.542458,37.095444,30.251778,29.830627,30.009155,31.945526,30.444038,30.228882,28.525978,30.361641,29.835205,35.268944,34.216064,32.288857,31.963837,31.931793,31.016251,34.719612,32.137787,31.121536,32.252235,31.263451,34.710457,2702389.7,-2.2659607,-42.110321,-13.710236,2.1652527,0.59051514,-0.32501221,-0.0045776367,-0.0045776367,-0.0045776367,-0.0045776367,-0.0045776367,-0.0045776367,-0.0045776367,-0.0045776367,-0.0045776367,-0.0045776367,-0.0045776367,-0.0045776367,-0.0045776367,-0.0045776367,-0.0045776367,-0.0045776367,-0.0045776367,-0.0045776367,2702389.7
2837433725056,2.6537575,0,40.295265,42.401009,38.725105,32.037079,33.094528,33.900208,34.847794,33.941406,33.804077,30.90181,33.662163,33.634697,38.033875,38.125427,34.499886,35.030899,34.362556,34.353401,38.413826,34.861526,34.705879,34.545662,33.675896,38.63813,2702409.7,40.203705,40.579079,37.090866,30.265511,29.821472,30.022888,31.913483,30.434883,30.242615,28.539711,30.352486,29.848938,35.291832,34.229797,32.238495,31.963837,31.927216,31.020828,34.719612,32.15152,31.126114,32.24765,31.277184,34.692146,2702409.7,1.2863464,-48.53743,-14.991974,5.4337463,0.80108643,-0.25177002,-0.0045776367,-0.0045776367,-0.0045776367,-0.0045776367,-0.0045776367,-0.0045776367,-0.0045776367,-0.0045776367,-0.0045776367,-0.0045776367,-0.0045776367,-0.0045776367,-0.0045776367,-0.0045776367,-0.0045776367,-0.0045776367,-0.0045776367,-0.0045776367,2702409.7
2837453592480,2.6736249,0,40.30442,42.405586,38.725105,32.037079,33.085373,33.89563,34.847794,33.932251,33.7995,30.897232,33.66674,33.64843,38.033875,38.130005,34.504463,35.030899,34.362556,34.348824,38.409248,34.856949,34.705879,34.545662,33.689629,38.633553,2702429.7,40.226593,40.606544,37.086288,30.265511,29.830627,30.022888,31.936371,30.416573,30.260933,28.525978,30.347908,29.848938,35.278099,34.220642,32.288857,31.963837,31.940948,31.016251,34.72419,32.137787,31.130692,32.24765,31.272606,34.687569,2702429.7,7.0725708,-57.821014,-19.002075,11.439697,-0.068664551,-0.0045776367,-0.0045776367,-0.0045776367,-0.0045776367,-0.0045776367,-0.0045776367,-0.0045776367,-0.0045776367,-0.0045776367,-0.0045776367,-0.0045776367,-0.0045776367,-0.0045776367,-0.0045776367,-0.0045776367,-0.0045776367,-0.0045776367,-0.0045776367,-0.0045776367,2702429.7
2837473544224,2.6935767,0,40.295265,42.405586,38.738838,32.037079,33.089951,33.904785,34.852371,33.936829,33.804077,30.906387,33.662163,33.634697,38.033875,38.12085,34.499886,35.026321,34.357979,34.353401,38.418404,34.861526,34.705879,34.545662,33.689629,38.63813,2702449.7,40.240326,40.624855,37.150375,30.265511,29.821472,30.009155,31.945526,30.448616,30.219727,28.530556,30.352486,29.84436,35.278099,34.211487,32.256813,31.963837,31.931793,31.002518,34.719612,32.160675,31.139847,32.24765,31.277184,34.701302,2702449.7,7.0084839,-60.521866,-20.796509,12.758057,-0.82855225,-0.15106201,-0.0045776367,-0.0045776367,-0.0045776367,-0.0045776367,-0.0045776367,-0.0045776367,-0.0045776367,-0.0045776367,-0.0045776367,-0.0045776367,-0.0045776367,-0.0045776367,-0.0045776367,-0.0045776367,-0.0045776367,-0.0045776367,-0.0045776367,-0.0045776367,2702449.7
2837493582112,2.7136146,0,40.299843,42.410164,38.725105,32.037079,33.085373,33.900208,34.852371,33.936829,33.804077,30.90181,33.671318,33.639275,38.033875,38.125427,34.499886,35.035477,34.362556,34.348824,38.409248,34.861526,34.701302,34.55024,33.680473,38.63813,2702469.7,40.254066,40.606544,37.14122,30.270088,29.84436,29.995422,31.931793,30.448616,30.228882,28.5214,30.347908,29.853516,35.282677,34.234375,32.275124,31.959259,31.931793,31.007095,34.72419,32.15152,31.126114,32.261391,31.286339,34.678413,2702469.7,6.4682922,-61.940948,-23.653015,12.932007,-0.12359619,-0.27008057,-0.0045776367,-0.0045776367,-0.0045776367,-0.0045776367,-0.0045776367,-0.0045776367,-0.0045776367,-0.0045776367,-0.0045776367,-0.0045776367,-0.0045776367,-0.0045776367,-0.0045776367,-0.0045776367,-0.0045776367,-0.0045776367,-0.0045776367,-0.0045776367,2702469.7
2837513545152,2.7335776,0,40.30442,42.414742,38.734261,32.037079,33.094528,33.900208,34.852371,33.936829,33.804077,30.90181,33.66674,33.639275,38.033875,38.125427,34.499886,35.030899,34.357979,34.344246,38.413826,34.861526,34.710457,34.545662,33.685051,38.63813,2702489.7,40.258644,40.629433,37.150375,30.274666,29.84436,30.004578,31.950104,30.448616,30.228882,28.525978,30.34333,29.839783,35.259789,34.220642,32.275124,31.959259,31.922638,31.011673,34.715034,32.15152,31.130692,32.256813,31.286339,34.701302,2702489.7,1.9546814,-62.114899,-24.202332,9.2240906,-0.20599365,-0.2243042,-0.0045776367,-0.0045776367,-0.0045776367,-0.0045776367,-0.0045776367,-0.0045776367,-0.0045776367,-0.0045776367,-0.0045776367,-0.0045776367,-0.0045776367,-0.0045776367,-0.0045776367,-0.0045776367,-0.0045776367,-0.0045776367,-0.0045776367,-0.0045776367,2702489.7
2837533540064,2.7535725,0,40.30442,42.410164,38.738838,32.041656,33.094528,33.900208,34.847794,33.932251,33.7995,30.90181,33.671318,33.643852,38.033875,38.130005,34.495308,35.026321,34.362556,34.353401,38.413826,34.856949,34.705879,34.554817,33.685051,38.63813,2702509.7,40.249481,40.679787,37.182419,30.283821,29.835205,29.990845,31.940948,30.453194,30.247192,28.535133,30.347908,29.839783,35.273521,34.206909,32.265968,31.968414,31.936371,31.020828,34.733345,32.15152,31.135269,32.243073,31.290916,34.687569,2702509.7,-1.5426941,-59.17601,-23.405823,5.7541809,-0.0045776367,0.13275146,-0.0045776367,-0.0045776367,-0.0045776367,-0.0045776367,-0.0045776367,-0.0045776367,-0.0045776367,-0.0045776367,-0.0045776367,-0.0045776367,-0.0045776367,-0.0045776367,-0.0045776367,-0.0045776367,-0.0045776367,-0.0045776367,-0.0045776367,-0.0045776367,2702509.7
2837553540992,2.7735734,0,40.299843,42.423897,38.734261,32.037079,33.080795,33.904785,34.852371,33.936829,33.804077,30.906387,33.671318,33.639275,38.033875,38.125427,34.499886,35.026321,34.357979,34.348824,38.413826,34.861526,34.710457,34.545662,33.680473,38.642708,2702529.7,40.249481,40.688942,37.191574,30.279243,29.82605,30.013733,31.940948,30.448616,30.247192,28.530556,30.34333,29.853516,35.273521,34.22522,32.265968,31.945526,31.945526,31.029984,34.72419,32.137787,31.139847,32.233917,31.281761,34.687569,2702529.7,-10.789642,-53.609528,-21.959259,-6.5323792,0.15106201,0.73699951,-0.0045776367,-0.0045776367,-0.0045776367,-0.0045776367,-0.0045776367,-0.0045776367,-0.0045776367,-0.0045776367,-0.0045776367,-0.0045776367,-0.0045776367,-0.0045776367,-0.0045776367,-0.0045776367,-0.0045776367,-0.0045776367,-0.0045776367,-0.0045776367,2702529.7
2837573562400,2.7935948,0,40.299843,42.419319,38.734261,32.037079,33.085373,33.904785,34.847794,33.936829,33.7995,30.906387,33.675896,33.639275,38.038452,38.130005,34.499886,35.026321,34.357979,34.353401,38.413826,34.856949,34.705879,34.545662,33.685051,38.63813,2702549.7,40.263222,40.702675,37.186996,30.279243,29.839783,30.009155,31.936371,30.430305,30.224304,28.530556,30.338753,29.848938,35.300987,34.211487,32.265968,31.959259,31.940948,31.016251,34.733345,32.160675,31.126114,32.256813,31.277184,34.696724,2702549.7,-13.444733,-52.236206,-20.274658,-12.465088,0.20599365,0.022888184,-0.0045776367,-0.0045776367,-0.0045776367,-0.0045776367,-0.0045776367,-0.0045776367,-0.0045776367,-0.0045776367,-0.0045776367,-0.0045776367,-0.0045776367,-0.0045776367,-0.0045776367,-0.0045776367,-0.0045776367,-0.0045776367,-0.0045776367,-0.0045776367,2702549.7
2837593524928,2.8135574,0,40.30442,42.423897,38.743416,32.032501,33.085373,33.89563,34.847794,33.936829,33.7995,30.897232,33.66674,33.639275,38.029297,38.125427,34.504463,35.026321,34.362556,34.353401,38.422981,34.861526,34.705879,34.545662,33.680473,38.647285,2702569.7,40.222015,40.707253,37.200729,30.279243,29.839783,30.027466,31.931793,30.457771,30.228882,28.525978,30.347908,29.853516,35.278099,34.211487,32.284279,31.959259,31.945526,31.007095,34.710457,32.165253,31.135269,32.261391,31.272606,34.710457,2702569.7,-14.140533,-48.812088,-16.118103,-20.485229,0.25177002,-0.37994385,-0.0045776367,-0.0045776367,-0.0045776367,-0.0045776367,-0.0045776367,-0.0045776367,-0.0045776367,-0.0045776367,-0.0045776367,-0.0045776367,-0.0045776367,-0.0045776367,-0.0045776367,-0.0045776367,-0.0045776367,-0.0045776367,-0.0045776367,-0.0045776367,2702569.7
2837613631264,2.8336637,0,40.30442,42.433052,38.738838,32.037079,33.085373,33.904785,34.843216,33.936829,33.7995,30.906387,33.66674,33.643852,38.038452,38.12085,34.495308,35.026321,34.357979,34.353401,38.413826,34.856949,34.701302,34.545662,33.685051,38.63813,2702589.7,40.240326,40.730141,37.21904,30.274666,29.821472,30.004578,31.931793,30.444038,30.215149,28.516823,30.34333,29.848938,35.300987,34.229797,32.279701,31.968414,31.922638,31.011673,34.728767,32.128632,31.144424,32.24765,31.281761,34.687569,2702589.7,-12.529175,-46.797897,-13.911652,-22.82901,0.80108643,0.25177002,-0.0045776367,-0.0045776367,-0.0045776367,-0.0045776367,-0.0045776367,-0.0045776367,-0.0045776367,-0.0045776367,-0.0045776367,-0.0045776367,-0.0045776367,-0.0045776367,-0.0045776367,-0.0045776367,-0.0045776367,-0.0045776367,-0.0045776367,-0.0045776367,2702589.7
2837633697856,2.8537303,0,40.30442,42.43763,38.747993,32.041656,33.080795,33.900208,34.847794,33.936829,33.804077,30.90181,33.66674,33.643852,38.033875,38.130005,34.495308,35.035477,34.362556,34.348824,38.413826,34.861526,34.701302,34.55024,33.680473,38.63813,2702609.7,40.244904,40.725563,37.21904,30.279243,29.82605,30.018311,31.931793,30.448616,30.233459,28.516823,30.34333,29.858093,35.282677,34.238953,32.275124,31.945526,31.945526,31.020828,34.715034,32.142365,31.139847,32.24765,31.290916,34.687569,2702609.7,-11.302368,-44.206909,-12.053101,-24.211487,-0.88348389,1.0940857,-0.0045776367,-0.0045776367,-0.0045776367,-0.0045776367,-0.0045776367,-0.0045776367,-0.0045776367,-0.0045776367,-0.0045776367,-0.0045776367,-0.0045776367,-0.0045776367,-0.0045776367,-0.0045776367,-0.0045776367,-0.0045776367,-0.0045776367,-0.0045776367,2702609.7
2837653533120,2.8735656,0,40.295265,42.442207,38.747993,32.037079,33.080795,33.900208,34.847794,33.936829,33.7995,30.90181,33.671318,33.643852,38.033875,38.125427,34.499886,35.035477,34.362556,34.353401,38.422981,34.861526,34.710457,34.55024,33.689629,38.642708,2702629.7,40.30442,40.766769,37.228195,30.274666,29.830627,30.022888,31.940948,30.444038,30.238037,28.535133,30.329597,29.84436,35.278099,34.229797,32.270546,31.972992,31.936371,31.016251,34.733345,32.15152,31.126114,32.252235,31.290916,34.696724,2702629.7,-4.90271,-39.08905,-5.0126038,-25.722137,0.60882568,0.086975098,-0.0045776367,-0.0045776367,-0.0045776367,-0.0045776367,-0.0045776367,-0.0045776367,-0.0045776367,-0.0045776367,-0.0045776367,-0.0045776367,-0.0045776367,-0.0045776367,-0.0045776367,-0.0045776367,-0.0045776367,-0.0045776367,-0.0045776367,-0.0045776367,2702629.7
2837673571168,2.8936036,0,40.308998,42.442207,38.747993,32.037079,33.085373,33.904785,34.843216,33.936829,33.794922,30.90181,33.66674,33.643852,38.038452,38.125427,34.499886,35.026321,34.362556,34.353401,38.409248,34.866104,34.710457,34.545662,33.680473,38.642708,2702649.7,40.295265,40.780502,37.260246,30.283821,29.835205,30.018311,31.945526,30.448616,30.233459,28.535133,30.347908,29.848938,35.287254,34.229797,32.256813,31.954681,31.936371,31.011673,34.72419,32.15152,31.139847,32.243073,31.286339,34.687569,2702649.7,-0.97503662,-34.392303,-2.4673767,-25.566498,0.33416748,-0.48065186,-0.0045776367,-0.0045776367,-0.0045776367,-0.0045776367,-0.0045776367,-0.0045776367,-0.0045776367,-0.0045776367,-0.0045776367,-0.0045776367,-0.0045776367,-0.0045776367,-0.0045776367,-0.0045776367,-0.0045776367,-0.0045776367,-0.0045776367,-0.0045776367,2702649.7
2837693542560,2.913575,0,40.299843,42.446785,38.752579,32.032501,33.085373,33.89563,34.843216,33.936829,33.7995,30.906387,33.66674,33.64843,38.038452,38.125427,34.499886,35.021744,34.362556,34.348824,38.422981,34.861526,34.705879,34.55024,33.685051,38.633553,2702669.7,40.276955,40.798813,37.255669,30.292976,29.82605,30.009155,31.936371,30.448616,30.215149,28.530556,30.361641,29.848938,35.287254,34.22522,32.275124,31.954681,31.931793,31.020828,34.7425,32.133209,31.149002,32.24765,31.295494,34.682991,2702669.7,1.4694519,-23.396667,1.2588806,-22.206451,0.50811768,-0.86517334,-0.0045776367,-0.0045776367,-0.0045776367,-0.0045776367,-0.0045776367,-0.0045776367,-0.0045776367,-0.0045776367,-0.0045776367,-0.0045776367,-0.0045776367,-0.0045776367,-0.0045776367,-0.0045776367,-0.0045776367,-0.0045776367,-0.0045776367,-0.0045776367,2702669.7
2837713527808,2.9335603,0,40.308998,42.446785,38.757156,32.037079,33.085373,33.900208,34.847794,33.936829,33.804077,30.90181,33.66674,33.639275,38.033875,38.125427,34.499886,35.026321,34.357979,34.357979,38.418404,34.856949,34.710457,34.545662,33.685051,38.63813,2702689.7,40.313576,40.826279,37.283134,30.288399,29.830627,30.018311,31.927216,30.444038,30.219727,28.539711,30.347908,29.84436,35.282677,34.216064,32.270546,31.945526,31.950104,31.011673,34.715034,32.156097,31.149002,32.24765,31.290916,34.701302,2702689.7,3.7491455,-16.612488,4.0421143,-19.514771,-0.050354004,-0.38909912,-0.0045776367,-0.0045776367,-0.0045776367,-0.0045776367,-0.0045776367,-0.0045776367,-0.0045776367,-0.0045776367,-0.0045776367,-0.0045776367,-0.0045776367,-0.0045776367,-0.0045776367,-0.0045776367,-0.0045776367,-0.0045776367,-0.0045776367,-0.0045776367,2702689.7
2837733549472,2.9535819,0,40.308998,42.451363,38.757156,32.037079,33.076218,33.89563,34.847794,33.936829,33.7995,30.90181,33.662163,33.643852,38.038452,38.125427,34.49073,35.026321,34.362556,34.353401,38.422981,34.861526,34.710457,34.545662,33.680473,38.633553,2702709.7,40.308998,40.858322,37.278557,30.302132,29.82605,30.041199,31.931793,30.430305,30.238037,28.535133,30.34333,29.84436,35.264366,34.22522,32.293434,31.97757,31.940948,31.020828,34.747078,32.160675,31.135269,32.238495,31.268028,34.682991,2702709.7,4.0695801,-1.8356628,3.9505615,-12.996094,-0.20599365,-0.4989624,-0.0045776367,-0.0045776367,-0.0045776367,-0.0045776367,-0.0045776367,-0.0045776367,-0.0045776367,-0.0045776367,-0.0045776367,-0.0045776367,-0.0045776367,-0.0045776367,-0.0045776367,-0.0045776367,-0.0045776367,-0.0045776367,-0.0045776367,-0.0045776367,2702709.7
2837753532896,2.9735653,0,40.308998,42.45594,38.761734,32.037079,33.076218,33.89563,34.843216,33.932251,33.808655,30.90181,33.66674,33.639275,38.038452,38.125427,34.499886,35.026321,34.362556,34.348824,38.413826,34.861526,34.705879,34.545662,33.680473,38.63813,2702729.7,40.318153,40.858322,37.296867,30.288399,29.839783,30.018311,31.936371,30.448616,30.215149,28.535133,30.357063,29.853516,35.29641,34.220642,32.275124,31.963837,31.945526,31.016251,34.747078,32.15152,31.144424,32.252235,31.300072,34.696724,2702729.7,3.2089844,2.4673767,1.1856384,-10.441742,-0.068664551,-0.83770752,-0.0045776367,-0.0045776367,-0.0045776367,-0.0045776367,-0.0045776367,-0.0045776367,-0.0045776367,-0.0045776367,-0.0045776367,-0.0045776367,-0.0045776367,-0.0045776367,-0.0045776367,-0.0045776367,-0.0045776367,-0.0045776367,-0.0045776367,-0.0045776367,2702729.7
2837775059680,2.9950921,0,40.308998,42.45594,38.757156,32.032501,33.085373,33.891052,34.847794,33.932251,33.7995,30.906387,33.66674,33.639275,38.024719,38.125427,34.495308,35.026321,34.357979,34.348824,38.418404,34.861526,34.705879,34.554817,33.680473,38.642708,2702749.7,40.313576,40.894943,37.3106,30.292976,29.835205,30.018311,31.91806,30.439461,30.224304,28.535133,30.347908,29.835205,35.300987,34.229797,32.261391,31.963837,31.940948,31.007095,34.719612,32.156097,31.135269,32.238495,31.286339,34.705879,2702749.7,1.5701599,15.138489,1.7990417,-5.5985413,0.38909912,-0.47149658,-0.0045776367,-0.0045776367,-0.0045776367,-0.0045776367,-0.0045776367,-0.0045776367,-0.0045776367,-0.0045776367,-0.0045776367,-0.0045776367,-0.0045776367,-0.0045776367,-0.0045776367,-0.0045776367,-0.0045776367,-0.0045776367,-0.0045776367,-0.0045776367,2702749.7
2837793562112,3.0135946,0,40.313576,42.465096,38.761734,32.041656,33.076218,33.89563,34.843216,33.941406,33.804077,30.897232,33.66674,33.634697,38.038452,38.130005,34.504463,35.030899,34.362556,34.348824,38.413826,34.861526,34.705879,34.545662,33.685051,38.642708,2702769.7,40.341042,40.917831,37.328911,30.283821,29.816895,30.018311,31.936371,30.444038,30.238037,28.5214,30.347908,29.84436,35.29641,34.229797,32.265968,31.968414,31.936371,31.020828,34.715034,32.156097,31.139847,32.252235,31.295494,34.682991,2702769.7,-2.2201843,26.939789,-4.2069092,0.28839111,-0.059509277,-0.25177002,-0.0045776367,-0.0045776367,-0.0045776367,-0.0045776367,-0.0045776367,-0.0045776367,-0.0045776367,-0.0045776367,-0.0045776367,-0.0045776367,-0.0045776367,-0.0045776367,-0.0045776367,-0.0045776367,-0.0045776367,-0.0045776367,-0.0045776367,-0.0045776367,2702769.7
2837813533696,3.0335661,0,40.313576,42.469673,38.770889,32.037079,33.076218,33.89563,34.847794,33.941406,33.7995,30.906387,33.66674,33.639275,38.029297,38.125427,34.499886,35.030899,34.357979,34.348824,38.418404,34.861526,34.705879,34.55024,33.685051,38.63813,2702789.7,40.350197,40.945297,37.356377,30.292976,29.830627,30.022888,31.931793,30.448616,30.210571,28.539711,30.357063,29.862671,35.250633,34.220642,32.270546,31.986725,31.940948,30.984207,34.728767,32.15152,31.162735,32.238495,31.258873,34.692146,2702789.7,-5.2140198,32.497131,-8.519104,5.0766907,-0.3616333,0.95672607,-0.0045776367,-0.0045776367,-0.0045776367,-0.0045776367,-0.0045776367,-0.0045776367,-0.0045776367,-0.0045776367,-0.0045776367,-0.0045776367,-0.0045776367,-0.0045776367,-0.0045776367,-0.0045776367,-0.0045776367,-0.0045776367,-0.0045776367,-0.0045776367,2702789.7
2837833613088,3.0536455,0,40.313576,42.474251,38.775467,32.041656,33.076218,33.891052,34.852371,33.945984,33.7995,30.90181,33.66674,33.634697,38.033875,38.125427,34.509041,35.026321,34.362556,34.353401,38.418404,34.861526,34.705879,34.55024,33.685051,38.63813,2702809.7,40.318153,40.954453,37.342644,30.297554,29.82605,30.022888,31.936371,30.434883,30.224304,28.535133,30.361641,29.853516,35.278099,34.216064,32.261391,31.968414,31.927216,31.011673,34.733345,32.156097,31.15358,32.243073,31.277184,34.705879,2702809.7,-11.659424,39.867249,-14.167999,8.5557251,-0.13275146,0.51727295,-0.0045776367,-0.0045776367,-0.0045776367,-0.0045776367,-0.0045776367,-0.0045776367,-0.0045776367,-0.0045776367,-0.0045776367,-0.0045776367,-0.0045776367,-0.0045776367,-0.0045776367,-0.0045776367,-0.0045776367,-0.0045776367,-0.0045776367,-0.0045776367,2702809.7
2837853542176,3.0735746,0,40.313576,42.474251,38.784622,32.032501,33.076218,33.89563,34.847794,33.945984,33.7995,30.906387,33.66674,33.643852,38.033875,38.12085,34.499886,35.021744,34.357979,34.353401,38.418404,34.861526,34.710457,34.545662,33.685051,38.63813,2702829.7,40.313576,40.977341,37.356377,30.297554,29.821472,30.009155,31.940948,30.453194,30.242615,28.535133,30.329597,29.853516,35.273521,34.238953,32.270546,31.959259,31.936371,31.020828,34.737923,32.16983,31.15358,32.252235,31.277184,34.696724,2702829.7,-15.770203,40.828552,-17.152679,9.7917175,-0.59967041,0.35247803,-0.0045776367,-0.0045776367,-0.0045776367,-0.0045776367,-0.0045776367,-0.0045776367,-0.0045776367,-0.0045776367,-0.0045776367,-0.0045776367,-0.0045776367,-0.0045776367,-0.0045776367,-0.0045776367,-0.0045776367,-0.0045776367,-0.0045776367,-0.0045776367,2702829.7
2837873572128,3.0936046,0,40.313576,42.478828,38.780045,32.041656,33.076218,33.89563,34.847794,33.936829,33.7995,30.90181,33.66674,33.643852,38.033875,38.125427,34.499886,35.026321,34.357979,34.348824,38.427559,34.861526,34.705879,34.55024,33.685051,38.63813,2702849.7,40.299843,40.986496,37.379265,30.311287,29.830627,30.027466,31.927216,30.448616,30.224304,28.530556,30.347908,29.862671,35.255211,34.22522,32.270546,31.954681,31.931793,31.011673,34.728767,32.160675,31.144424,32.261391,31.286339,34.705879,2702849.7,-22.371246,37.651642,-20.421143,9.3431091,-0.37994385,1.0483093,-0.0045776367,-0.0045776367,-0.0045776367,-0.0045776367,-0.0045776367,-0.0045776367,-0.0045776367,-0.0045776367,-0.0045776367,-0.0045776367,-0.0045776367,-0.0045776367,-0.0045776367,-0.0045776367,-0.0045776367,-0.0045776367,-0.0045776367,-0.0045776367,2702849.7
2837893721760,3.1137542,0,40.313576,42.478828,38.784622,32.037079,33.076218,33.900208,34.843216,33.941406,33.7995,30.90181,33.671318,33.639275,38.038452,38.125427,34.49073,35.026321,34.362556,34.348824,38.418404,34.856949,34.710457,34.545662,33.685051,38.642708,2702869.7,40.368507,41.004807,37.397575,30.292976,29.839783,30.018311,31.936371,30.444038,30.233459,28.516823,30.357063,29.839783,35.268944,34.24353,32.265968,31.959259,31.936371,31.011673,34.737923,32.156097,31.139847,32.252235,31.277184,34.669258,2702869.7,-24.238953,34.694427,-20.109863,8.0796509,-0.90179443,0.31585693,-0.0045776367,-0.0045776367,-0.0045776367,-0.0045776367,-0.0045776367,-0.0045776367,-0.0045776367,-0.0045776367,-0.0045776367,-0.0045776367,-0.0045776367,-0.0045776367,-0.0045776367,-0.0045776367,-0.0045776367,-0.0045776367,-0.0045776367,-0.0045776367,2702869.7
2837913535296,3.1335677,0,40.318153,42.487984,38.784622,32.046234,33.07164,33.89563,34.847794,33.936829,33.794922,30.90181,33.66674,33.643852,38.033875,38.125427,34.499886,35.026321,34.357979,34.353401,38.418404,34.861526,34.701302,34.55024,33.680473,38.63813,2702889.7,40.322731,40.986496,37.406731,30.311287,29.835205,30.009155,31.927216,30.448616,30.233459,28.525978,30.352486,29.839783,35.291832,34.211487,32.284279,31.963837,31.954681,31.025406,34.715034,32.15152,31.130692,32.233917,31.290916,34.696724,2702889.7,-25.850311,31.416809,-19.121094,7.6768188,-0.72784424,0.64544678,-0.0045776367,-0.0045776367,-0.0045776367,-0.0045776367,-0.0045776367,-0.0045776367,-0.0045776367,-0.0045776367,-0.0045776367,-0.0045776367,-0.0045776367,-0.0045776367,-0.0045776367,-0.0045776367,-0.0045776367,-0.0045776367,-0.0045776367,-0.0045776367,2702889.7
2837933579552,3.153612,0,40.313576,42.487984,38.775467,32.041656,33.07164,33.891052,34.856949,33.941406,33.804077,30.910965,33.671318,33.634697,38.038452,38.130005,34.49073,35.030899,34.362556,34.357979,38.427559,34.856949,34.705879,34.545662,33.685051,38.63813,2702909.7,40.345619,41.055161,37.438774,30.311287,29.839783,30.022888,31.931793,30.439461,30.224304,28.539711,30.352486,29.84436,35.278099,34.234375,32.243073,31.959259,31.931793,31.002518,34.728767,32.15152,31.126114,32.252235,31.263451,34.696724,2702909.7,-27.122925,23.726257,-16.108948,5.4245911,-0.47149658,0.39825439,-0.0045776367,-0.0045776367,-0.0045776367,-0.0045776367,-0.0045776367,-0.0045776367,-0.0045776367,-0.0045776367,-0.0045776367,-0.0045776367,-0.0045776367,-0.0045776367,-0.0045776367,-0.0045776367,-0.0045776367,-0.0045776367,-0.0045776367,-0.0045776367,2702909.7
2837953539584,3.173572,0,40.313576,42.492561,38.7892,32.037079,33.080795,33.89563,34.843216,33.936829,33.804077,30.90181,33.671318,33.643852,38.033875,38.130005,34.499886,35.035477,34.357979,34.348824,38.418404,34.861526,34.705879,34.55024,33.689629,38.642708,2702929.7,40.354774,41.064316,37.438774,30.302132,29.835205,30.013733,31.927216,30.448616,30.228882,28.516823,30.334175,29.853516,35.29641,34.248108,32.298012,31.954681,31.940948,31.016251,34.696724,32.15152,31.139847,32.24765,31.295494,34.705879,2702929.7,-27.049683,19.743652,-14.488434,3.9414062,0.068664551,0.54473877,-0.0045776367,-0.0045776367,-0.0045776367,-0.0045776367,-0.0045776367,-0.0045776367,-0.0045776367,-0.0045776367,-0.0045776367,-0.0045776367,-0.0045776367,-0.0045776367,-0.0045776367,-0.0045776367,-0.0045776367,-0.0045776367,-0.0045776367,-0.0045776367,2702929.7
2837973603488,3.1936359,0,40.313576,42.487984,38.802933,32.041656,33.076218,33.886475,34.852371,33.941406,33.7995,30.906387,33.671318,33.64843,38.029297,38.116272,34.504463,35.026321,34.357979,34.348824,38.418404,34.861526,34.710457,34.55024,33.685051,38.642708,2702949.7,40.354774,41.082626,37.443352,30.311287,29.82605,30.032043,31.945526,30.462349,30.219727,28.535133,30.34333,29.84436,35.273521,34.206909,32.275124,31.982147,31.950104,31.025406,34.719612,32.137787,31.144424,32.256813,31.286339,34.696724,2702949.7,-26.198212,13.206696,-10.514984,1.2405701,-0.59967041,0.39825439,-0.0045776367,-0.0045776367,-0.0045776367,-0.0045776367,-0.0045776367,-0.0045776367,-0.0045776367,-0.0045776367,-0.0045776367,-0.0045776367,-0.0045776367,-0.0045776367,-0.0045776367,-0.0045776367,-0.0045776367,-0.0045776367,-0.0045776367,-0.0045776367,2702949.7
2837993513600,3.213546,0,40.318153,42.497139,38.798355,32.037079,33.07164,33.891052,34.847794,33.941406,33.804077,30.906387,33.66674,33.643852,38.033875,38.116272,34.504463,35.026321,34.362556,34.344246,38.427559,34.861526,34.710457,34.55024,33.685051,38.642708,2702969.7,40.368507,41.100937,37.452507,30.311287,29.839783,30.027466,31.931793,30.457771,30.219727,28.525978,30.347908,29.853516,35.282677,34.22522,32.261391,31.954681,31.931793,31.016251,34.737923,32.156097,31.158157,32.256813,31.277184,34.701302,2702969.7,-25.053802,10.817108,-8.9494019,-1.2131042,-0.78277588,0.032043457,-0.0045776367,-0.0045776367,-0.0045776367,-0.0045776367,-0.0045776367,-0.0045776367,-0.0045776367,-0.0045776367,-0.0045776367,-0.0045776367,-0.0045776367,-0.0045776367,-0.0045776367,-0.0045776367,-0.0045776367,-0.0045776367,-0.0045776367,-0.0045776367,2702969.7
2838013553728,3.2335862,0,40.327309,42.506294,38.798355,32.037079,33.076218,33.891052,34.852371,33.941406,33.7995,30.90181,33.675896,33.643852,38.029297,38.134583,34.499886,35.026321,34.357979,34.348824,38.418404,34.861526,34.715034,34.55024,33.685051,38.633553,2702989.7,40.368507,41.119247,37.502861,30.306709,29.839783,30.032043,31.940948,30.448616,30.215149,28.516823,30.357063,29.84436,35.287254,34.229797,32.275124,31.940948,31.931793,31.007095,34.733345,32.15152,31.130692,32.256813,31.281761,34.682991,2702989.7,-24.211487,6.861969,-6.5506897,-2.5314636,-0.35247803,0.086975098,-0.0045776367,-0.0045776367,-0.0045776367,-0.0045776367,-0.0045776367,-0.0045776367,-0.0045776367,-0.0045776367,-0.0045776367,-0.0045776367,-0.0045776367,-0.0045776367,-0.0045776367,-0.0045776367,-0.0045776367,-0.0045776367,-0.0045776367,-0.0045776367,2702989.7
2838033678208,3.2537107,0,40.331886,42.510872,38.80751,32.041656,33.07164,33.891052,34.843216,33.941406,33.7995,30.90181,33.66674,33.639275,38.038452,38.125427,34.499886,35.026321,34.357979,34.348824,38.422981,34.856949,34.701302,34.55024,33.689629,38.63813,2703009.7,40.373085,41.128403,37.479973,30.311287,29.835205,30,31.940948,30.457771,30.215149,28.516823,30.34333,29.858093,35.278099,34.22522,32.279701,31.950104,31.945526,31.011673,34.733345,32.16983,31.144424,32.252235,31.281761,34.705879,2703009.7,-23.790344,6.0105286,-5.6809387,-2.6138611,0.23345947,0.20599365,-0.0045776367,-0.0045776367,-0.0045776367,-0.0045776367,-0.0045776367,-0.0045776367,-0.0045776367,-0.0045776367,-0.0045776367,-0.0045776367,-0.0045776367,-0.0045776367,-0.0045776367,-0.0045776367,-0.0045776367,-0.0045776367,-0.0045776367,-0.0045776367,2703009.7
2838053507168,3.2735396,0,40.331886,42.510872,38.802933,32.037079,33.07164,33.886475,34.847794,33.936829,33.7995,30.90181,33.66674,33.639275,38.033875,38.125427,34.499886,35.021744,34.367134,34.353401,38.418404,34.856949,34.705879,34.545662,33.689629,38.647285,2703029.7,40.373085,41.142136,37.498283,30.311287,29.835205,30.032043,31.940948,30.457771,30.233459,28.539711,30.34333,29.848938,35.287254,34.22522,32.288857,31.963837,31.945526,31.011673,34.733345,32.156097,31.139847,32.243073,31.286339,34.687569,2703029.7,-23.607239,5.2597961,-4.1153564,-2.5955505,0.46234131,0.44403076,-0.0045776367,-0.0045776367,-0.0045776367,-0.0045776367,-0.0045776367,-0.0045776367,-0.0045776367,-0.0045776367,-0.0045776367,-0.0045776367,-0.0045776367,-0.0045776367,-0.0045776367,-0.0045776367,-0.0045776367,-0.0045776367,-0.0045776367,-0.0045776367,2703029.7
2838073565056,3.2935975,0,40.318153,42.510872,38.802933,32.041656,33.07164,33.881897,34.843216,33.932251,33.794922,30.906387,33.66674,33.64843,38.029297,38.130005,34.495308,35.035477,34.362556,34.348824,38.422981,34.861526,34.705879,34.55024,33.680473,38.63813,2703049.7,40.38224,41.19249,37.525749,30.292976,29.839783,30.022888,31.945526,30.457771,30.238037,28.535133,30.32502,29.853516,35.268944,34.216064,32.275124,31.968414,31.940948,31.034561,34.719612,32.15152,31.130692,32.256813,31.268028,34.696724,2703049.7,-22.865631,5.790802,-4.3625488,-3.2181396,0.01373291,0.43487549,-0.0045776367,-0.0045776367,-0.0045776367,-0.0045776367,-0.0045776367,-0.0045776367,-0.0045776367,-0.0045776367,-0.0045776367,-0.0045776367,-0.0045776367,-0.0045776367,-0.0045776367,-0.0045776367,-0.0045776367,-0.0045776367,-0.0045776367,-0.0045776367,2703049.7
2838093516480,3.3135489,0,40.322731,42.51545,38.80751,32.032501,33.07164,33.891052,34.843216,33.936829,33.7995,30.897232,33.66674,33.639275,38.033875,38.12085,34.499886,35.021744,34.353401,34.353401,38.418404,34.856949,34.710457,34.55024,33.680473,38.63813,2703069.7,40.386818,41.206223,37.534904,30.334175,29.839783,30.041199,31.945526,30.434883,30.238037,28.535133,30.347908,29.853516,35.278099,34.216064,32.270546,31.954681,31.950104,31.020828,34.747078,32.160675,31.135269,32.261391,31.277184,34.701302,2703069.7,-22.270538,6.5232239,-4.90271,-3.3005371,0.43487549,0.25177002,-0.0045776367,-0.0045776367,-0.0045776367,-0.0045776367,-0.0045776367,-0.0045776367,-0.0045776367,-0.0045776367,-0.0045776367,-0.0045776367,-0.0045776367,-0.0045776367,-0.0045776367,-0.0045776367,-0.0045776367,-0.0045776367,-0.0045776367,-0.0045776367,2703069.7
2838113535968,3.3335684,0,40.331886,42.524605,38.816666,32.037079,33.07164,33.886475,34.847794,33.932251,33.7995,30.90181,33.671318,33.639275,38.033875,38.130005,34.495308,35.026321,34.362556,34.344246,38.422981,34.856949,34.705879,34.55024,33.685051,38.633553,2703089.7,40.395973,41.224533,37.530327,30.329597,29.839783,30.022888,31.936371,30.457771,30.215149,28.535133,30.352486,29.830627,35.287254,34.22522,32.298012,31.950104,31.950104,31.016251,34.737923,32.165253,31.158157,32.252235,31.290916,34.705879,2703089.7,-21.3367,8.7113647,-5.488678,-3.7674561,0.52642822,0.3616333,-0.0045776367,-0.0045776367,-0.0045776367,-0.0045776367,-0.0045776367,-0.0045776367,-0.0045776367,-0.0045776367,-0.0045776367,-0.0045776367,-0.0045776367,-0.0045776367,-0.0045776367,-0.0045776367,-0.0045776367,-0.0045776367,-0.0045776367,-0.0045776367,2703089.7
2838133529632,3.3535621,0,40.331886,42.524605,38.816666,32.037079,33.067062,33.886475,34.852371,33.936829,33.7995,30.906387,33.66674,33.643852,38.033875,38.130005,34.499886,35.030899,34.362556,34.348824,38.427559,34.861526,34.710457,34.545662,33.685051,38.63813,2703109.7,40.391396,41.252007,37.557793,30.32502,29.835205,30.027466,31.940948,30.448616,30.247192,28.525978,30.352486,29.839783,35.291832,34.248108,32.284279,31.963837,31.931793,31.016251,34.737923,32.156097,31.162735,32.252235,31.277184,34.710457,2703109.7,-20.750732,10.3685,-6.1387024,-3.4561768,-0.23345947,0.28839111,-0.0045776367,-0.0045776367,-0.0045776367,-0.0045776367,-0.0045776367,-0.0045776367,-0.0045776367,-0.0045776367,-0.0045776367,-0.0045776367,-0.0045776367,-0.0045776367,-0.0045776367,-0.0045776367,-0.0045776367,-0.0045776367,-0.0045776367,-0.0045776367,2703109.7
2838153512704,3.3735452,0,40.331886,42.529182,38.812088,32.041656,33.07164,33.886475,34.843216,33.945984,33.7995,30.906387,33.671318,33.643852,38.029297,38.130005,34.495308,35.026321,34.362556,34.353401,38.422981,34.866104,34.701302,34.545662,33.685051,38.647285,2703129.7,40.391396,41.252007,37.580681,30.315865,29.830627,30.013733,31.936371,30.453194,30.233459,28.539711,30.361641,29.84436,35.291832,34.229797,32.270546,31.963837,31.959259,31.011673,34.715034,32.160675,31.135269,32.261391,31.272606,34.715034,2703129.7,-19.029541,13.70108,-7.4021606,-3.4287109,0.68206787,0.34332275,-0.0045776367,-0.0045776367,-0.0045776367,-0.0045776367,-0.0045776367,-0.0045776367,-0.0045776367,-0.0045776367,-0.0045776367,-0.0045776367,-0.0045776367,-0.0045776367,-0.0045776367,-0.0045776367,-0.0045776367,-0.0045776367,-0.0045776367,-0.0045776367,2703129.7
2838173534272,3.3935667,0,40.331886,42.53376,38.816666,32.046234,33.076218,33.891052,34.847794,33.936829,33.794922,30.90181,33.662163,33.643852,38.033875,38.125427,34.499886,35.017166,34.362556,34.344246,38.413826,34.861526,34.715034,34.55024,33.685051,38.63813,2703149.7,40.391396,41.279472,37.612724,30.329597,29.830627,30.009155,31.940948,30.453194,30.224304,28.539711,30.347908,29.84436,35.282677,34.22522,32.270546,31.97757,31.931793,31.011673,34.728767,32.146942,31.139847,32.24765,31.290916,34.682991,2703149.7,-18.315399,15.413147,-7.6951294,-3.6759033,0.55389404,0.35247803,-0.0045776367,-0.0045776367,-0.0045776367,-0.0045776367,-0.0045776367,-0.0045776367,-0.0045776367,-0.0045776367,-0.0045776367,-0.0045776367,-0.0045776367,-0.0045776367,-0.0045776367,-0.0045776367,-0.0045776367,-0.0045776367,-0.0045776367,-0.0045776367,2703149.7
2838193530144,3.4135626,0,40.336464,42.538338,38.816666,32.037079,33.076218,33.886475,34.856949,33.932251,33.7995,30.90181,33.662163,33.639275,38.038452,38.130005,34.499886,35.017166,34.357979,34.344246,38.418404,34.866104,34.701302,34.55024,33.685051,38.647285,2703169.7,40.400551,41.28405,37.580681,30.347908,29.839783,30.032043,31.945526,30.444038,30.233459,28.525978,30.352486,29.830627,35.282677,34.22522,32.298012,31.968414,31.940948,31.016251,34.728767,32.160675,31.149002,32.256813,31.277184,34.692146,2703169.7,-17.793549,16.539246,-7.9057007,-3.4104004,0.31585693,0.16021729,-0.0045776367,-0.0045776367,-0.0045776367,-0.0045776367,-0.0045776367,-0.0045776367,-0.0045776367,-0.0045776367,-0.0045776367,-0.0045776367,-0.0045776367,-0.0045776367,-0.0045776367,-0.0045776367,-0.0045776367,-0.0045776367,-0.0045776367,-0.0045776367,2703169.7
2838213509792,3.4335422,0,40.331886,42.542915,38.821243,32.041656,33.07164,33.891052,34.856949,33.936829,33.794922,30.90181,33.671318,33.643852,38.033875,38.125427,34.495308,35.030899,34.362556,34.353401,38.422981,34.861526,34.710457,34.55024,33.685051,38.642708,2703189.7,40.400551,41.306938,37.612724,30.320442,29.839783,30.036621,31.936371,30.453194,30.238037,28.530556,30.34333,29.858093,35.29641,34.216064,32.275124,31.945526,31.940948,31.016251,34.72419,32.178986,31.144424,32.238495,31.268028,34.701302,2703189.7,-16.401917,18.919647,-8.5374146,-3.2913818,0.32501221,0.3616333,-0.0045776367,-0.0045776367,-0.0045776367,-0.0045776367,-0.0045776367,-0.0045776367,-0.0045776367,-0.0045776367,-0.0045776367,-0.0045776367,-0.0045776367,-0.0045776367,-0.0045776367,-0.0045776367,-0.0045776367,-0.0045776367,-0.0045776367,-0.0045776367,2703189.7
2838233669728,3.4537022,0,40.331886,42.53376,38.825821,32.041656,33.062485,33.886475,34.856949,33.932251,33.7995,30.90181,33.662163,33.643852,38.033875,38.12085,34.499886,35.030899,34.357979,34.353401,38.418404,34.866104,34.710457,34.55024,33.680473,38.642708,2703209.7,40.405128,41.329826,37.635612,30.34333,29.848938,30.041199,31.936371,30.448616,30.224304,28.525978,30.34333,29.839783,35.291832,34.22522,32.275124,31.936371,31.940948,31.020828,34.751663,32.15152,31.130692,32.252235,31.290916,34.692146,2703209.7,-16.438538,19.633789,-9.0776062,-3.4195557,0.78277588,0.33416748,-0.0045776367,-0.0045776367,-0.0045776367,-0.0045776367,-0.0045776367,-0.0045776367,-0.0045776367,-0.0045776367,-0.0045776367,-0.0045776367,-0.0045776367,-0.0045776367,-0.0045776367,-0.0045776367,-0.0045776367,-0.0045776367,-0.0045776367,-0.0045776367,2703209.7
2838253535936,3.4735684,0,40.322731,42.547493,38.834976,32.037079,33.067062,33.886475,34.847794,33.941406,33.7995,30.892654,33.662163,33.643852,38.029297,38.125427,34.499886,35.030899,34.362556,34.344246,38.418404,34.866104,34.705879,34.545662,33.689629,38.642708,2703229.7,40.400551,41.343559,37.644768,30.347908,29.848938,30.050354,31.931793,30.453194,30.238037,28.530556,30.334175,29.84436,35.287254,34.22522,32.265968,31.954681,31.940948,30.99794,34.733345,32.165253,31.139847,32.252235,31.277184,34.692146,2703229.7,-16.942078,20.823975,-9.7184753,-3.8956299,0.62713623,0.23345947,-0.0045776367,-0.0045776367,-0.0045776367,-0.0045776367,-0.0045776367,-0.0045776367,-0.0045776367,-0.0045776367,-0.0045776367,-0.0045776367,-0.0045776367,-0.0045776367,-0.0045776367,-0.0045776367,-0.0045776367,-0.0045776367,-0.0045776367,-0.0045776367,2703229.7
2838273534080,3.4935665,0,40.336464,42.561226,38.834976,32.037079,33.07164,33.886475,34.852371,33.936829,33.794922,30.897232,33.66674,33.643852,38.033875,38.125427,34.499886,35.021744,34.362556,34.348824,38.418404,34.861526,34.710457,34.55024,33.689629,38.63813,2703249.7,40.414284,41.371025,37.681389,30.34333,29.835205,30.018311,31.936371,30.453194,30.228882,28.535133,30.347908,29.835205,35.287254,34.220642,32.270546,31.940948,31.940948,31.016251,34.7425,32.165253,31.144424,32.252235,31.281761,34.701302,2703249.7,-17.473114,20.457764,-9.5445251,-4.4266357,0.62713623,0.16021729,-0.0045776367,-0.0045776367,-0.0045776367,-0.0045776367,-0.0045776367,-0.0045776367,-0.0045776367,-0.0045776367,-0.0045776367,-0.0045776367,-0.0045776367,-0.0045776367,-0.0045776367,-0.0045776367,-0.0045776367,-0.0045776367,-0.0045776367,-0.0045776367,2703249.7
2838293480640,3.5135131,0,40.336464,42.556648,38.844131,32.041656,33.067062,33.881897,34.847794,33.936829,33.804077,30.897232,33.66674,33.643852,38.024719,38.130005,34.495308,35.030899,34.362556,34.353401,38.418404,34.856949,34.710457,34.55024,33.680473,38.647285,2703269.7,40.432594,41.357292,37.695122,30.347908,29.862671,30.009155,31.940948,30.448616,30.238037,28.535133,30.347908,29.858093,35.287254,34.238953,32.279701,31.972992,31.931793,31.007095,34.737923,32.146942,31.130692,32.243073,31.286339,34.701302,2703269.7,-19.588013,20.769043,-9.6452332,-6.2027893,0.34332275,0.25177002,-0.0045776367,-0.0045776367,-0.0045776367,-0.0045776367,-0.0045776367,-0.0045776367,-0.0045776367,-0.0045776367,-0.0045776367,-0.0045776367,-0.0045776367,-0.0045776367,-0.0045776367,-0.0045776367,-0.0045776367,-0.0045776367,-0.0045776367,-0.0045776367,2703269.7
2838313542688,3.5335751,0,40.345619,42.561226,38.848709,32.041656,33.067062,33.881897,34.847794,33.936829,33.794922,30.906387,33.66674,33.639275,38.038452,38.130005,34.499886,35.030899,34.362556,34.353401,38.418404,34.856949,34.710457,34.554817,33.685051,38.63813,2703289.7,40.409706,41.430534,37.676811,30.352486,29.84436,30.013733,31.940948,30.453194,30.224304,28.535133,30.34333,29.82605,35.282677,34.238953,32.288857,31.954681,31.945526,31.011673,34.728767,32.156097,31.126114,32.256813,31.286339,34.692146,2703289.7,-21.84024,20.274658,-9.3888855,-7.2556763,0.59967041,0.26092529,-0.0045776367,-0.0045776367,-0.0045776367,-0.0045776367,-0.0045776367,-0.0045776367,-0.0045776367,-0.0045776367,-0.0045776367,-0.0045776367,-0.0045776367,-0.0045776367,-0.0045776367,-0.0045776367,-0.0045776367,-0.0045776367,-0.0045776367,-0.0045776367,2703289.7
2838333524128,3.5535566,0,40.341042,42.556648,38.839554,32.032501,33.067062,33.891052,34.856949,33.936829,33.794922,30.906387,33.66674,33.643852,38.029297,38.12085,34.499886,35.030899,34.362556,34.353401,38.413826,34.861526,34.710457,34.55024,33.680473,38.63813,2703309.7,40.44175,41.444267,37.71801,30.347908,29.821472,30.036621,31.950104,30.444038,30.224304,28.530556,30.366219,29.835205,35.278099,34.238953,32.279701,31.963837,31.940948,31.016251,34.72419,32.160675,31.149002,32.256813,31.290916,34.687569,2703309.7,-22.691681,19.963379,-9.5628357,-8.6472778,0.64544678,-0.077819824,-0.0045776367,-0.0045776367,-0.0045776367,-0.0045776367,-0.0045776367,-0.0045776367,-0.0045776367,-0.0045776367,-0.0045776367,-0.0045776367,-0.0045776367,-0.0045776367,-0.0045776367,-0.0045776367,-0.0045776367,-0.0045776367,-0.0045776367,-0.0045776367,2703309.7
2838353486816,3.5735193,0,40.345619,42.570381,38.844131,32.046234,33.062485,33.881897,34.852371,33.941406,33.7995,30.897232,33.66674,33.639275,38.033875,38.130005,34.504463,35.030899,34.357979,34.353401,38.422981,34.866104,34.701302,34.55024,33.689629,38.633553,2703329.7,40.409706,41.467155,37.71801,30.347908,29.839783,30.027466,31.931793,30.430305,30.242615,28.525978,30.361641,29.839783,35.273521,34.234375,32.265968,31.945526,31.940948,31.002518,34.72419,32.156097,31.158157,32.24765,31.295494,34.710457,2703329.7,-27.360962,19.057007,-10.048065,-12.172119,0.58135986,0.26092529,-0.0045776367,-0.0045776367,-0.0045776367,-0.0045776367,-0.0045776367,-0.0045776367,-0.0045776367,-0.0045776367,-0.0045776367,-0.0045776367,-0.0045776367,-0.0045776367,-0.0045776367,-0.0045776367,-0.0045776367,-0.0045776367,-0.0045776367,-0.0045776367,2703329.7
2838373559872,3.5935923,0,40.345619,42.565804,38.839554,32.041656,33.067062,33.877319,34.852371,33.936829,33.7995,30.90181,33.657585,33.639275,38.024719,38.130005,34.495308,35.030899,34.367134,34.348824,38.418404,34.856949,34.710457,34.55024,33.685051,38.63813,2703349.7,40.400551,41.490044,37.71801,30.357063,29.839783,30.022888,31.945526,30.439461,30.224304,28.516823,30.338753,29.84436,35.268944,34.206909,32.275124,31.954681,31.931793,31.034561,34.7425,32.160675,31.139847,32.252235,31.272606,34.705879,2703349.7,-29.246979,18.471039,-10.148773,-14.772247,0.57220459,0.01373291,-0.0045776367,-0.0045776367,-0.0045776367,-0.0045776367,-0.0045776367,-0.0045776367,-0.0045776367,-0.0045776367,-0.0045776367,-0.0045776367,-0.0045776367,-0.0045776367,-0.0045776367,-0.0045776367,-0.0045776367,-0.0045776367,-0.0045776367,-0.0045776367,2703349.7
2838393507232,3.6135397,0,40.341042,42.574959,38.853287,32.046234,33.062485,33.881897,34.852371,33.941406,33.7995,30.90181,33.66674,33.639275,38.033875,38.130005,34.499886,35.030899,34.362556,34.348824,38.422981,34.861526,34.705879,34.545662,33.675896,38.63813,2703369.7,40.455482,41.494621,37.745476,30.352486,29.848938,30.041199,31.931793,30.430305,30.228882,28.525978,30.352486,29.858093,35.278099,34.216064,32.261391,31.954681,31.945526,31.007095,34.737923,32.156097,31.130692,32.233917,31.277184,34.692146,2703369.7,-32.570374,17.198456,-10.075531,-18.699921,0.55389404,0.48065186,-0.0045776367,-0.0045776367,-0.0045776367,-0.0045776367,-0.0045776367,-0.0045776367,-0.0045776367,-0.0045776367,-0.0045776367,-0.0045776367,-0.0045776367,-0.0045776367,-0.0045776367,-0.0045776367,-0.0045776367,-0.0045776367,-0.0045776367,-0.0045776367,2703369.7
2838413498688,3.6335311,0,40.341042,42.579536,38.853287,32.041656,33.062485,33.881897,34.847794,33.945984,33.7995,30.897232,33.66674,33.643852,38.033875,38.125427,34.499886,35.026321,34.357979,34.348824,38.427559,34.861526,34.705879,34.55024,33.680473,38.63813,2703389.7,40.482948,41.522087,37.754639,30.357063,29.830627,30.041199,31.945526,30.444038,30.238037,28.507668,30.361641,29.84436,35.282677,34.234375,32.288857,31.968414,31.936371,31.016251,34.72419,32.156097,31.17189,32.265968,31.295494,34.687569,2703389.7,-34.950775,15.898376,-10.21286,-20.192261,0.6362915,-0.19683838,-0.0045776367,-0.0045776367,-0.0045776367,-0.0045776367,-0.0045776367,-0.0045776367,-0.0045776367,-0.0045776367,-0.0045776367,-0.0045776367,-0.0045776367,-0.0045776367,-0.0045776367,-0.0045776367,-0.0045776367,-0.0045776367,-0.0045776367,-0.0045776367,2703389.7
2838433648384,3.6536808,0,40.345619,42.579536,38.853287,32.041656,33.062485,33.881897,34.856949,33.936829,33.794922,30.897232,33.671318,33.64843,38.020142,38.125427,34.499886,35.026321,34.357979,34.348824,38.413826,34.866104,34.705879,34.55024,33.685051,38.63813,2703409.7,40.437172,41.526665,37.777527,30.357063,29.848938,30.022888,31.927216,30.444038,30.224304,28.535133,30.34333,29.867249,35.268944,34.238953,32.265968,31.959259,31.945526,31.007095,34.733345,32.156097,31.167313,32.238495,31.277184,34.673836,2703409.7,-34.547943,17.665375,-10.167084,-23.48822,0.38909912,-0.35247803,-0.0045776367,-0.0045776367,-0.0045776367,-0.0045776367,-0.0045776367,-0.0045776367,-0.0045776367,-0.0045776367,-0.0045776367,-0.0045776367,-0.0045776367,-0.0045776367,-0.0045776367,-0.0045776367,-0.0045776367,-0.0045776367,-0.0045776367,-0.0045776367,2703409.7
2838453484224,3.6735167,0,40.345619,42.588692,38.862442,32.046234,33.062485,33.881897,34.847794,33.936829,33.804077,30.90181,33.662163,33.639275,38.033875,38.130005,34.499886,35.021744,34.357979,34.353401,38.418404,34.861526,34.705879,34.55024,33.685051,38.633553,2703429.7,40.46006,41.544975,37.782104,30.347908,29.848938,30.032043,31.936371,30.453194,30.238037,28.530556,30.352486,29.82605,35.273521,34.220642,32.270546,31.963837,31.950104,31.007095,34.733345,32.156097,31.15358,32.243073,31.272606,34.687569,2703429.7,-34.419769,17.656219,-10.725555,-24.660095,0.45318604,0.35247803,-0.0045776367,-0.0045776367,-0.0045776367,-0.0045776367,-0.0045776367,-0.0045776367,-0.0045776367,-0.0045776367,-0.0045776367,-0.0045776367,-0.0045776367,-0.0045776367,-0.0045776367,-0.0045776367,-0.0045776367,-0.0045776367,-0.0045776367,-0.0045776367,2703429.7
2838473533152,3.6935656,0,40.350197,42.593269,38.86702,32.050812,33.062485,33.881897,34.852371,33.941406,33.794922,30.906387,33.662163,33.643852,38.024719,38.130005,34.499886,35.035477,34.357979,34.353401,38.418404,34.866104,34.705879,34.545662,33.680473,38.633553,2703449.7,40.450905,41.554131,37.795837,30.361641,29.862671,30.041199,31.945526,30.434883,30.238037,28.539711,30.357063,29.835205,35.278099,34.229797,32.298012,31.954681,31.927216,31.020828,34.72419,32.142365,31.15358,32.256813,31.254295,34.682991,2703449.7,-32.982361,18.791473,-10.19455,-25.429169,0.55389404,0.27008057,-0.0045776367,-0.0045776367,-0.0045776367,-0.0045776367,-0.0045776367,-0.0045776367,-0.0045776367,-0.0045776367,-0.0045776367,-0.0045776367,-0.0045776367,-0.0045776367,-0.0045776367,-0.0045776367,-0.0045776367,-0.0045776367,-0.0045776367,-0.0045776367,2703449.7
2838493518528,3.713551,0,40.345619,42.597847,38.86702,32.050812,33.067062,33.881897,34.847794,33.936829,33.7995,30.90181,33.671318,33.639275,38.029297,38.125427,34.499886,35.026321,34.362556,34.348824,38.418404,34.861526,34.705879,34.545662,33.680473,38.63813,2703469.7,40.487526,41.599907,37.795837,30.357063,29.830627,30.027466,31.954681,30.425728,30.210571,28.530556,30.375374,29.853516,35.273521,34.220642,32.270546,31.963837,31.936371,31.020828,34.737923,32.160675,31.139847,32.252235,31.281761,34.682991,2703469.7,-27.562378,20.17395,-11.284058,-23.936829,0.21514893,-0.14190674,-0.0045776367,-0.0045776367,-0.0045776367,-0.0045776367,-0.0045776367,-0.0045776367,-0.0045776367,-0.0045776367,-0.0045776367,-0.0045776367,-0.0045776367,-0.0045776367,-0.0045776367,-0.0045776367,-0.0045776367,-0.0045776367,-0.0045776367,-0.0045776367,2703469.7
2838513493504,3.733526,0,40.350197,42.593269,38.871597,32.041656,33.062485,33.886475,34.847794,33.936829,33.7995,30.897232,33.66674,33.639275,38.033875,38.125427,34.499886,35.026321,34.357979,34.353401,38.422981,34.856949,34.710457,34.545662,33.685051,38.628975,2703489.7,40.469215,41.61364,37.818726,30.370796,29.858093,30.004578,31.945526,30.444038,30.228882,28.525978,30.366219,29.835205,35.287254,34.238953,32.270546,31.959259,31.945526,31.002518,34.72419,32.137787,31.130692,32.252235,31.272606,34.682991,2703489.7,-23.012146,21.31839,-10.066376,-21.684601,0.48980713,0.16021729,-0.0045776367,-0.0045776367,-0.0045776367,-0.0045776367,-0.0045776367,-0.0045776367,-0.0045776367,-0.0045776367,-0.0045776367,-0.0045776367,-0.0045776367,-0.0045776367,-0.0045776367,-0.0045776367,-0.0045776367,-0.0045776367,-0.0045776367,-0.0045776367,2703489.7
2838533479904,3.7535124,0,40.350197,42.597847,38.876175,32.041656,33.057907,33.877319,34.852371,33.936829,33.7995,30.90181,33.662163,33.639275,38.024719,38.130005,34.499886,35.026321,34.362556,34.353401,38.422981,34.861526,34.705879,34.554817,33.680473,38.633553,2703509.7,40.44175,41.618217,37.832458,30.366219,29.835205,30.009155,31.931793,30.430305,30.224304,28.539711,30.347908,29.82605,35.287254,34.229797,32.261391,31.963837,31.940948,31.020828,34.747078,32.15152,31.130692,32.243073,31.272606,34.678413,2703509.7,-16.392761,21.300079,-9.1508484,-15.944153,0.4989624,0.16937256,-0.0045776367,-0.0045776367,-0.0045776367,-0.0045776367,-0.0045776367,-0.0045776367,-0.0045776367,-0.0045776367,-0.0045776367,-0.0045776367,-0.0045776367,-0.0045776367,-0.0045776367,-0.0045776367,-0.0045776367,-0.0045776367,-0.0045776367,-0.0045776367,2703509.7
2838553489152,3.7735216,0,40.345619,42.602425,38.876175,32.041656,33.057907,33.877319,34.856949,33.941406,33.794922,30.90181,33.662163,33.643852,38.029297,38.130005,34.495308,35.026321,34.362556,34.348824,38.422981,34.866104,34.705879,34.55024,33.685051,38.642708,2703529.7,40.482948,41.61364,37.832458,30.370796,29.835205,30.036621,31.940948,30.42115,30.233459,28.525978,30.366219,29.848938,35.300987,34.22522,32.275124,31.963837,31.940948,31.011673,34.747078,32.146942,31.144424,32.261391,31.277184,34.673836,2703529.7,-13.170074,20.164795,-9.004364,-13.68277,0.26092529,-0.11444092,-0.0045776367,-0.0045776367,-0.0045776367,-0.0045776367,-0.0045776367,-0.0045776367,-0.0045776367,-0.0045776367,-0.0045776367,-0.0045776367,-0.0045776367,-0.0045776367,-0.0045776367,-0.0045776367,-0.0045776367,-0.0045776367,-0.0045776367,-0.0045776367,2703529.7
2838573508992,3.7935414,0,40.350197,42.602425,38.88533,32.046234,33.057907,33.877319,34.852371,33.936829,33.7995,30.906387,33.662163,33.639275,38.033875,38.125427,34.499886,35.030899,34.357979,34.344246,38.418404,34.861526,34.705879,34.545662,33.685051,38.63813,2703549.7,40.478371,41.636528,37.864502,30.375374,29.835205,30.027466,31.940948,30.453194,30.224304,28.530556,30.34333,29.84436,35.268944,34.229797,32.279701,31.968414,31.927216,31.011673,34.751663,32.15152,31.135269,32.252235,31.272606,34.682991,2703549.7,-9.2790222,18.059052,-7.6859741,-9.1325378,-0.19683838,0.44403076,-0.0045776367,-0.0045776367,-0.0045776367,-0.0045776367,-0.0045776367,-0.0045776367,-0.0045776367,-0.0045776367,-0.0045776367,-0.0045776367,-0.0045776367,-0.0045776367,-0.0045776367,-0.0045776367,-0.0045776367,-0.0045776367,-0.0045776367,-0.0045776367,2703549.7
2838593494656,3.8135271,0,40.354774,42.616158,38.876175,32.046234,33.062485,33.877319,34.852371,33.936829,33.7995,30.90181,33.662163,33.643852,38.033875,38.130005,34.499886,35.021744,34.362556,34.348824,38.422981,34.866104,34.705879,34.55024,33.680473,38.642708,2703569.7,40.487526,41.682304,37.859924,30.352486,29.84436,30.032043,31.931793,30.453194,30.224304,28.535133,30.352486,29.858093,35.282677,34.234375,32.293434,31.968414,31.950104,31.025406,34.728767,32.156097,31.126114,32.252235,31.268028,34.682991,2703569.7,-8.8395386,17.033661,-6.7887268,-7.3563843,-0.23345947,0.15106201,-0.0045776367,-0.0045776367,-0.0045776367,-0.0045776367,-0.0045776367,-0.0045776367,-0.0045776367,-0.0045776367,-0.0045776367,-0.0045776367,-0.0045776367,-0.0045776367,-0.0045776367,-0.0045776367,-0.0045776367,-0.0045776367,-0.0045776367,-0.0045776367,2703569.7
2838613479456,3.8335119,0,40.354774,42.616158,38.889908,32.041656,33.053329,33.881897,34.856949,33.941406,33.790344,30.90181,33.662163,33.639275,38.029297,38.125427,34.499886,35.030899,34.362556,34.353401,38.427559,34.861526,34.715034,34.554817,33.685051,38.642708,2703589.7,40.487526,41.673149,37.864502,30.375374,29.830627,30.022888,31.931793,30.444038,30.219727,28.530556,30.347908,29.84436,35.291832,34.220642,32.275124,31.954681,31.931793,31.011673,34.737923,32.156097,31.126114,32.261391,31.309227,34.687569,2703589.7,-8.4275513,15.239197,-5.4337463,-6.3218079,-0.47149658,0.25177002,-0.0045776367,-0.0045776367,-0.0045776367,-0.0045776367,-0.0045776367,-0.0045776367,-0.0045776367,-0.0045776367,-0.0045776367,-0.0045776367,-0.0045776367,-0.0045776367,-0.0045776367,-0.0045776367,-0.0045776367,-0.0045776367,-0.0045776367,-0.0045776367,2703589.7
2838633672480,3.8537049,0,40.345619,42.625313,38.889908,32.037079,33.067062,33.881897,34.847794,33.936829,33.794922,30.90181,33.662163,33.639275,38.033875,38.12085,34.504463,35.026321,34.362556,34.344246,38.422981,34.861526,34.701302,34.55024,33.694206,38.63813,2703609.7,40.496681,41.696037,37.878235,30.357063,29.853516,30.022888,31.936371,30.462349,30.238037,28.539711,30.338753,29.84436,35.278099,34.238953,32.279701,31.950104,31.936371,31.025406,34.72419,32.15152,31.126114,32.261391,31.281761,34.692146,2703609.7,-7.7134399,13.087677,-5.2597961,-3.7216797,-0.48065186,0.51727295,-0.0045776367,-0.0045776367,-0.0045776367,-0.0045776367,-0.0045776367,-0.0045776367,-0.0045776367,-0.0045776367,-0.0045776367,-0.0045776367,-0.0045776367,-0.0045776367,-0.0045776367,-0.0045776367,-0.0045776367,-0.0045776367,-0.0045776367,-0.0045776367,2703609.7
2838653492704,3.8735252,0,40.359352,42.625313,38.889908,32.041656,33.062485,33.877319,34.852371,33.932251,33.7995,30.90181,33.66674,33.643852,38.033875,38.125427,34.499886,35.026321,34.357979,34.348824,38.427559,34.861526,34.705879,34.545662,33.680473,38.63813,2703629.7,40.505836,41.70977,37.919434,30.379951,29.839783,30.032043,31.922638,30.434883,30.228882,28.5214,30.352486,29.839783,35.291832,34.22522,32.293434,31.945526,31.950104,31.020828,34.719612,32.15152,31.135269,32.256813,31.281761,34.710457,2703629.7,-7.2831421,11.7052,-5.0766907,-1.4236755,-0.60882568,0.29754639,-0.0045776367,-0.0045776367,-0.0045776367,-0.0045776367,-0.0045776367,-0.0045776367,-0.0045776367,-0.0045776367,-0.0045776367,-0.0045776367,-0.0045776367,-0.0045776367,-0.0045776367,-0.0045776367,-0.0045776367,-0.0045776367,-0.0045776367,-0.0045776367,2703629.7
2838673519168,3.8935516,0,40.359352,42.62989,38.894485,32.050812,33.062485,33.877319,34.847794,33.941406,33.7995,30.906387,33.662163,33.639275,38.029297,38.125427,34.504463,35.030899,34.362556,34.348824,38.422981,34.870682,34.705879,34.554817,33.685051,38.63813,2703649.7,40.487526,41.746391,37.928589,30.379951,29.835205,30.022888,31.950104,30.444038,30.215149,28.535133,30.347908,29.82605,35.287254,34.234375,32.270546,31.940948,31.950104,31.020828,34.728767,32.146942,31.15358,32.265968,31.277184,34.696724,2703649.7,-7.7317505,10.496674,-5.2689514,0.12359619,-0.46234131,-0.35247803,-0.0045776367,-0.0045776367,-0.0045776367,-0.0045776367,-0.0045776367,-0.0045776367,-0.0045776367,-0.0045776367,-0.0045776367,-0.0045776367,-0.0045776367,-0.0045776367,-0.0045776367,-0.0045776367,-0.0045776367,-0.0045776367,-0.0045776367,-0.0045776367,2703649.7
2838693470816,3.9135033,0,40.354774,42.625313,38.899063,32.046234,33.067062,33.877319,34.843216,33.941406,33.794922,30.906387,33.66674,33.639275,38.033875,38.130005,34.495308,35.030899,34.362556,34.353401,38.418404,34.870682,34.701302,34.55024,33.680473,38.633553,2703669.7,40.482948,41.750977,37.914856,30.393684,29.848938,30.022888,31.927216,30.444038,30.247192,28.530556,30.334175,29.848938,35.300987,34.220642,32.284279,31.950104,31.931793,31.007095,34.747078,32.160675,31.121536,32.265968,31.281761,34.682991,2703669.7,-6.5323792,9.8649597,-5.0950012,3.163208,-0.26092529,0.11444092,-0.0045776367,-0.0045776367,-0.0045776367,-0.0045776367,-0.0045776367,-0.0045776367,-0.0045776367,-0.0045776367,-0.0045776367,-0.0045776367,-0.0045776367,-0.0045776367,-0.0045776367,-0.0045776367,-0.0045776367,-0.0045776367,-0.0045776367,-0.0045776367,2703669.7
2838713516896,3.9335493,0,40.354774,42.639046,38.903641,32.046234,33.067062,33.881897,34.847794,33.936829,33.804077,30.90181,33.66674,33.643852,38.024719,38.130005,34.495308,35.026321,34.367134,34.348824,38.422981,34.861526,34.705879,34.55024,33.680473,38.63813,2703689.7,40.492104,41.769287,37.924011,30.398262,29.835205,30.022888,31.950104,30.439461,30.247192,28.512245,30.34333,29.835205,35.291832,34.229797,32.275124,31.963837,31.931793,31.011673,34.733345,32.156097,31.139847,32.24765,31.286339,34.696724,2703689.7,-8.1254272,9.0318298,-4.7836914,4.3717041,-0.24261475,-0.27008057,-0.0045776367,-0.0045776367,-0.0045776367,-0.0045776367,-0.0045776367,-0.0045776367,-0.0045776367,-0.0045776367,-0.0045776367,-0.0045776367,-0.0045776367,-0.0045776367,-0.0045776367,-0.0045776367,-0.0045776367,-0.0045776367,-0.0045776367,-0.0045776367,2703689.7
2838733504192,3.9535366,0,40.350197,42.639046,38.899063,32.050812,33.067062,33.877319,34.847794,33.941406,33.794922,30.906387,33.662163,33.643852,38.033875,38.130005,34.49073,35.026321,34.362556,34.348824,38.418404,34.856949,34.710457,34.545662,33.689629,38.642708,2703709.7,40.505836,41.787598,37.942322,30.393684,29.821472,30.032043,31.945526,30.457771,30.251778,28.539711,30.329597,29.835205,35.287254,34.229797,32.275124,31.950104,31.936371,31.016251,34.733345,32.142365,31.139847,32.261391,31.272606,34.705879,2703709.7,-9.6269226,8.6747437,-4.3808594,5.3055725,0.0045776367,0.032043457,-0.0045776367,-0.0045776367,-0.0045776367,-0.0045776367,-0.0045776367,-0.0045776367,-0.0045776367,-0.0045776367,-0.0045776367,-0.0045776367,-0.0045776367,-0.0045776367,-0.0045776367,-0.0045776367,-0.0045776367,-0.0045776367,-0.0045776367,-0.0045776367,2703709.7
2838753467296,3.9734997,0,40.359352,42.643623,38.903641,32.050812,33.062485,33.881897,34.852371,33.941406,33.794922,30.906387,33.66674,33.643852,38.033875,38.12085,34.499886,35.026321,34.362556,34.353401,38.422981,34.866104,34.705879,34.55024,33.685051,38.63813,2703729.7,40.514992,41.815063,37.96521,30.398262,29.853516,30.027466,31.950104,30.444038,30.215149,28.535133,30.338753,29.853516,35.259789,34.238953,32.256813,31.954681,31.940948,31.029984,34.737923,32.165253,31.162735,32.252235,31.277184,34.696724,2703729.7,-8.5740356,8.4824829,-4.8477783,4.536499,0.34332275,-0.16021729,-0.0045776367,-0.0045776367,-0.0045776367,-0.0045776367,-0.0045776367,-0.0045776367,-0.0045776367,-0.0045776367,-0.0045776367,-0.0045776367,-0.0045776367,-0.0045776367,-0.0045776367,-0.0045776367,-0.0045776367,-0.0045776367,-0.0045776367,-0.0045776367,2703729.7
2838773523040,3.9935555,0,40.350197,42.657356,38.908218,32.046234,33.062485,33.881897,34.843216,33.941406,33.794922,30.90181,33.66674,33.643852,38.038452,38.134583,34.499886,35.021744,34.362556,34.348824,38.427559,34.861526,34.710457,34.55024,33.685051,38.633553,2703749.7,40.514992,41.824219,37.96521,30.398262,29.848938,30.022888,31.940948,30.430305,30.224304,28.5214,30.347908,29.835205,35.310143,34.229797,32.288857,31.963837,31.936371,31.007095,34.728767,32.160675,31.130692,32.252235,31.295494,34.692146,2703749.7,-7.5852661,8.7754517,-5.2414856,5.7633362,-0.10528564,0.37078857,-0.0045776367,-0.0045776367,-0.0045776367,-0.0045776367,-0.0045776367,-0.0045776367,-0.0045776367,-0.0045776367,-0.0045776367,-0.0045776367,-0.0045776367,-0.0045776367,-0.0045776367,-0.0045776367,-0.0045776367,-0.0045776367,-0.0045776367,-0.0045776367,2703749.7
2838793666784,4.0136992,0,40.354774,42.657356,38.908218,32.041656,33.057907,33.881897,34.852371,33.941406,33.7995,30.906387,33.657585,33.643852,38.029297,38.130005,34.49073,35.026321,34.362556,34.353401,38.422981,34.866104,34.705879,34.55024,33.680473,38.642708,2703769.7,40.524147,41.819641,37.997253,30.393684,29.839783,30.022888,31.931793,30.444038,30.247192,28.525978,30.34333,29.84436,35.264366,34.229797,32.284279,31.954681,31.931793,31.011673,34.733345,32.146942,31.167313,32.265968,31.272606,34.710457,2703769.7,-6.8894348,8.8029175,-5.0309143,6.0837708,0.23345947,0.25177002,-0.0045776367,-0.0045776367,-0.0045776367,-0.0045776367,-0.0045776367,-0.0045776367,-0.0045776367,-0.0045776367,-0.0045776367,-0.0045776367,-0.0045776367,-0.0045776367,-0.0045776367,-0.0045776367,-0.0045776367,-0.0045776367,-0.0045776367,-0.0045776367,2703769.7
2838813471808,4.0335043,0,40.36393,42.652779,38.912796,32.046234,33.062485,33.881897,34.852371,33.941406,33.794922,30.90181,33.66674,33.639275,38.029297,38.125427,34.499886,35.026321,34.362556,34.353401,38.427559,34.866104,34.705879,34.55024,33.680473,38.642708,2703789.7,40.524147,41.86084,37.988098,30.398262,29.848938,30.041199,31.936371,30.453194,30.228882,28.530556,30.357063,29.848938,35.287254,34.238953,32.270546,31.963837,31.940948,31.016251,34.72419,32.156097,31.149002,32.24765,31.295494,34.701302,2703789.7,-5.589386,7.4754028,-4.5090332,6.0837708,-0.15106201,-0.58135986,-0.0045776367,-0.0045776367,-0.0045776367,-0.0045776367,-0.0045776367,-0.0045776367,-0.0045776367,-0.0045776367,-0.0045776367,-0.0045776367,-0.0045776367,-0.0045776367,-0.0045776367,-0.0045776367,-0.0045776367,-0.0045776367,-0.0045776367,-0.0045776367,2703789.7
2838833639904,4.0536724,0,40.36393,42.661934,38.917374,32.050812,33.062485,33.877319,34.856949,33.941406,33.794922,30.892654,33.66674,33.634697,38.024719,38.125427,34.504463,35.030899,34.362556,34.353401,38.422981,34.870682,34.710457,34.55024,33.685051,38.63813,2703809.7,40.53788,41.874573,38.010986,30.407417,29.830627,30.022888,31.922638,30.448616,30.228882,28.535133,30.334175,29.848938,35.300987,34.211487,32.279701,31.940948,31.940948,30.99794,34.715034,32.165253,31.149002,32.256813,31.277184,34.682991,2703809.7,-5.4062805,6.2668762,-4.7012939,6.2851868,0.66375732,0.41656494,-0.0045776367,-0.0045776367,-0.0045776367,-0.0045776367,-0.0045776367,-0.0045776367,-0.0045776367,-0.0045776367,-0.0045776367,-0.0045776367,-0.0045776367,-0.0045776367,-0.0045776367,-0.0045776367,-0.0045776367,-0.0045776367,-0.0045776367,-0.0045776367,2703809.7
2838853664096,4.0736965,0,40.359352,42.657356,38.908218,32.055389,33.062485,33.886475,34.847794,33.941406,33.804077,30.906387,33.671318,33.639275,38.033875,38.12085,34.495308,35.021744,34.367134,34.348824,38.427559,34.875259,34.705879,34.55024,33.680473,38.642708,2703829.7,40.547035,41.87915,38.024719,30.425728,29.84436,30.036621,31.945526,30.453194,30.247192,28.525978,30.352486,29.862671,35.291832,34.22522,32.270546,31.954681,31.945526,31.020828,34.72419,32.16983,31.135269,32.252235,31.268028,34.701302,2703829.7,-3.7857666,3.6118164,-3.4104004,6.2302551,0.39825439,-0.51727295,-0.0045776367,-0.0045776367,-0.0045776367,-0.0045776367,-0.0045776367,-0.0045776367,-0.0045776367,-0.0045776367,-0.0045776367,-0.0045776367,-0.0045776367,-0.0045776367,-0.0045776367,-0.0045776367,-0.0045776367,-0.0045776367,-0.0045776367,-0.0045776367,2703829.7
2838873513600,4.093546,0,40.36393,42.671089,38.917374,32.055389,33.062485,33.877319,34.852371,33.936829,33.794922,30.90181,33.671318,33.643852,38.024719,38.130005,34.495308,35.030899,34.367134,34.344246,38.418404,34.861526,34.705879,34.541084,33.680473,38.63813,2703849.7,40.55619,41.920349,38.047607,30.398262,29.848938,30.013733,31.950104,30.448616,30.215149,28.5214,30.361641,29.84436,35.291832,34.22522,32.270546,31.968414,31.940948,31.011673,34.751663,32.142365,31.130692,32.24765,31.295494,34.692146,2703849.7,-3.0716553,2.275116,-2.8976746,6.3218079,0.27008057,-0.01373291,-0.0045776367,-0.0045776367,-0.0045776367,-0.0045776367,-0.0045776367,-0.0045776367,-0.0045776367,-0.0045776367,-0.0045776367,-0.0045776367,-0.0045776367,-0.0045776367,-0.0045776367,-0.0045776367,-0.0045776367,-0.0045776367,-0.0045776367,-0.0045776367,2703849.7
2838893476256,4.1135087,0,40.359352,42.671089,38.921951,32.046234,33.057907,33.877319,34.852371,33.936829,33.794922,30.90181,33.662163,33.639275,38.029297,38.130005,34.495308,35.026321,34.362556,34.348824,38.427559,34.870682,34.715034,34.55024,33.680473,38.642708,2703869.7,40.55619,41.906616,38.04303,30.416573,29.848938,30.013733,31.936371,30.444038,30.256355,28.539711,30.352486,29.848938,35.273521,34.24353,32.275124,31.968414,31.945526,31.007095,34.728767,32.15152,31.130692,32.261391,31.277184,34.692146,2703869.7,-1.4145203,1.1673279,-2.7878113,6.1478577,0.18768311,0.068664551,-0.0045776367,-0.0045776367,-0.0045776367,-0.0045776367,-0.0045776367,-0.0045776367,-0.0045776367,-0.0045776367,-0.0045776367,-0.0045776367,-0.0045776367,-0.0045776367,-0.0045776367,-0.0045776367,-0.0045776367,-0.0045776367,-0.0045776367,-0.0045776367,2703869.7
2838913480608,4.1335131,0,40.36393,42.675667,38.921951,32.050812,33.067062,33.877319,34.852371,33.936829,33.794922,30.90181,33.671318,33.639275,38.033875,38.130005,34.504463,35.021744,34.362556,34.353401,38.422981,34.866104,34.701302,34.55024,33.675896,38.642708,2703889.7,40.583656,41.943237,38.04303,30.411995,29.84436,30.022888,31.940948,30.444038,30.233459,28.530556,30.347908,29.835205,35.273521,34.234375,32.279701,31.954681,31.936371,31.020828,34.733345,32.146942,31.130692,32.24765,31.277184,34.687569,2703889.7,-0.34332275,-0.80108643,-1.4511414,6.1753235,0.4989624,-0.56304932,-0.0045776367,-0.0045776367,-0.0045776367,-0.0045776367,-0.0045776367,-0.0045776367,-0.0045776367,-0.0045776367,-0.0045776367,-0.0045776367,-0.0045776367,-0.0045776367,-0.0045776367,-0.0045776367,-0.0045776367,-0.0045776367,-0.0045776367,-0.0045776367,2703889.7
2838933453184,4.1534856,0,40.36393,42.684822,38.921951,32.055389,33.067062,33.886475,34.847794,33.932251,33.790344,30.90181,33.671318,33.639275,38.038452,38.12085,34.499886,35.030899,34.367134,34.348824,38.413826,34.866104,34.710457,34.55024,33.685051,38.642708,2703909.7,40.583656,41.947815,38.06134,30.430305,29.839783,30.032043,31.936371,30.453194,30.238037,28.530556,30.347908,29.858093,35.305565,34.234375,32.288857,31.963837,31.940948,31.007095,34.733345,32.156097,31.144424,32.238495,31.286339,34.687569,2703909.7,0.032043457,-3.5385742,-0.48065186,6.6056213,0.64544678,0.28839111,-0.0045776367,-0.0045776367,-0.0045776367,-0.0045776367,-0.0045776367,-0.0045776367,-0.0045776367,-0.0045776367,-0.0045776367,-0.0045776367,-0.0045776367,-0.0045776367,-0.0045776367,-0.0045776367,-0.0045776367,-0.0045776367,-0.0045776367,-0.0045776367,2703909.7
2838953475936,4.1735084,0,40.36393,42.680244,38.931107,32.050812,33.062485,33.872742,34.852371,33.941406,33.7995,30.90181,33.66674,33.639275,38.033875,38.130005,34.499886,35.021744,34.367134,34.348824,38.418404,34.866104,34.705879,34.55024,33.680473,38.63813,2703929.7,40.588234,41.93866,38.079651,30.42115,29.84436,30.022888,31.954681,30.444038,30.215149,28.539711,30.34333,29.848938,35.287254,34.22522,32.265968,31.959259,31.954681,31.020828,34.7425,32.165253,31.15358,32.261391,31.290916,34.687569,2703929.7,2.1927185,-6.358429,-0.48980713,7.5120239,-0.30670166,-0.32501221,-0.0045776367,-0.0045776367,-0.0045776367,-0.0045776367,-0.0045776367,-0.0045776367,-0.0045776367,-0.0045776367,-0.0045776367,-0.0045776367,-0.0045776367,-0.0045776367,-0.0045776367,-0.0045776367,-0.0045776367,-0.0045776367,-0.0045776367,-0.0045776367,2703929.7
2838973581184,4.1936136,0,40.359352,42.684822,38.921951,32.050812,33.067062,33.872742,34.852371,33.936829,33.794922,30.90181,33.662163,33.639275,38.029297,38.125427,34.495308,35.030899,34.362556,34.348824,38.427559,34.870682,34.710457,34.554817,33.680473,38.642708,2703949.7,40.592812,41.970703,38.102539,30.42115,29.848938,30.022888,31.959259,30.448616,30.228882,28.530556,30.347908,29.848938,35.278099,34.229797,32.275124,31.936371,31.91806,31.002518,34.737923,32.142365,31.15358,32.261391,31.24971,34.687569,2703949.7,3.5751953,-8.0521851,1.4602966,7.7134399,0.13275146,-0.096130371,-0.0045776367,-0.0045776367,-0.0045776367,-0.0045776367,-0.0045776367,-0.0045776367,-0.0045776367,-0.0045776367,-0.0045776367,-0.0045776367,-0.0045776367,-0.0045776367,-0.0045776367,-0.0045776367,-0.0045776367,-0.0045776367,-0.0045776367,-0.0045776367,2703949.7
2838993458368,4.2134908,0,40.368507,42.675667,38.935684,32.055389,33.057907,33.872742,34.847794,33.932251,33.794922,30.897232,33.671318,33.643852,38.033875,38.134583,34.499886,35.026321,34.367134,34.348824,38.427559,34.866104,34.705879,34.55024,33.685051,38.63813,2703969.7,40.597389,41.979858,38.079651,30.425728,29.853516,30.009155,31.950104,30.430305,30.251778,28.535133,30.34333,29.853516,35.300987,34.234375,32.275124,31.959259,31.950104,30.99794,34.7425,32.15152,31.139847,32.261391,31.268028,34.687569,2703969.7,4.8752441,-10.899506,3.0441895,7.7866821,0.35247803,0.17852783,-0.0045776367,-0.0045776367,-0.0045776367,-0.0045776367,-0.0045776367,-0.0045776367,-0.0045776367,-0.0045776367,-0.0045776367,-0.0045776367,-0.0045776367,-0.0045776367,-0.0045776367,-0.0045776367,-0.0045776367,-0.0045776367,-0.0045776367,-0.0045776367,2703969.7
2839013671648,4.2337041,0,40.36393,42.6894,38.935684,32.059967,33.062485,33.877319,34.856949,33.941406,33.794922,30.90181,33.662163,33.643852,38.033875,38.130005,34.499886,35.026321,34.362556,34.353401,38.418404,34.866104,34.705879,34.55024,33.685051,38.642708,2703989.7,40.588234,42.011902,38.12085,30.434883,29.830627,30.041199,31.940948,30.444038,30.215149,28.530556,30.352486,29.84436,35.282677,34.22522,32.279701,31.945526,31.940948,31.016251,34.747078,32.133209,31.149002,32.261391,31.281761,34.678413,2703989.7,6.0013733,-12.547485,3.4927979,7.2190552,0.59967041,-0.61798096,-0.0045776367,-0.0045776367,-0.0045776367,-0.0045776367,-0.0045776367,-0.0045776367,-0.0045776367,-0.0045776367,-0.0045776367,-0.0045776367,-0.0045776367,-0.0045776367,-0.0045776367,-0.0045776367,-0.0045776367,-0.0045776367,-0.0045776367,-0.0045776367,2703989.7
2839033604192,4.2536366,0,40.368507,42.698555,38.935684,32.050812,33.067062,33.881897,34.852371,33.941406,33.794922,30.90181,33.662163,33.643852,38.033875,38.125427,34.495308,35.026321,34.362556,34.353401,38.427559,34.870682,34.710457,34.545662,33.685051,38.642708,2704009.7,40.6157,42.030212,38.125427,30.42115,29.835205,30.032043,31.954681,30.444038,30.233459,28.535133,30.361641,29.848938,35.278099,34.206909,32.270546,31.959259,31.931793,31.011673,34.760818,32.16983,31.139847,32.24765,31.286339,34.692146,2704009.7,5.7724915,-13.756012,3.8040771,7.1275024,0.33416748,-0.48065186,-0.0045776367,-0.0045776367,-0.0045776367,-0.0045776367,-0.0045776367,-0.0045776367,-0.0045776367,-0.0045776367,-0.0045776367,-0.0045776367,-0.0045776367,-0.0045776367,-0.0045776367,-0.0045776367,-0.0045776367,-0.0045776367,-0.0045776367,-0.0045776367,2704009.7
2839053670752,4.2737032,0,40.377663,42.703133,38.931107,32.050812,33.067062,33.881897,34.852371,33.941406,33.7995,30.90181,33.662163,33.643852,38.029297,38.130005,34.499886,35.026321,34.367134,34.348824,38.427559,34.866104,34.705879,34.55024,33.685051,38.633553,2704029.7,40.620277,42.053101,38.130005,30.425728,29.853516,30.013733,31.945526,30.448616,30.251778,28.539711,30.34333,29.839783,35.29641,34.220642,32.275124,31.968414,31.940948,31.011673,34.7425,32.156097,31.126114,32.243073,31.281761,34.705879,2704029.7,7.3655396,-15.934998,5.2597961,6.0471497,0.69122314,-0.19683838,-0.0045776367,-0.0045776367,-0.0045776367,-0.0045776367,-0.0045776367,-0.0045776367,-0.0045776367,-0.0045776367,-0.0045776367,-0.0045776367,-0.0045776367,-0.0045776367,-0.0045776367,-0.0045776367,-0.0045776367,-0.0045776367,-0.0045776367,-0.0045776367,2704029.7
2839073484640,4.2935171,0,40.377663,42.70771,38.940262,32.059967,33.067062,33.881897,34.847794,33.945984,33.804077,30.892654,33.662163,33.643852,38.038452,38.130005,34.504463,35.035477,34.362556,34.344246,38.422981,34.870682,34.705879,34.55024,33.685051,38.633553,2704049.7,40.620277,42.066833,38.143738,30.434883,29.848938,30.027466,31.950104,30.444038,30.270088,28.535133,30.357063,29.830627,35.287254,34.22522,32.279701,31.972992,31.936371,31.002518,34.733345,32.146942,31.139847,32.265968,31.268028,34.692146,2704049.7,8.2627563,-17.271698,6.3218079,5.5161438,-0.30670166,0.30670166,-0.0045776367,-0.0045776367,-0.0045776367,-0.0045776367,-0.0045776367,-0.0045776367,-0.0045776367,-0.0045776367,-0.0045776367,-0.0045776367,-0.0045776367,-0.0045776367,-0.0045776367,-0.0045776367,-0.0045776367,-0.0045776367,-0.0045776367,-0.0045776367,2704049.7
2839093456576,4.313489,0,40.377663,42.716866,38.935684,32.055389,33.057907,33.877319,34.852371,33.941406,33.7995,30.90181,33.66674,33.64843,38.029297,38.130005,34.499886,35.026321,34.362556,34.348824,38.427559,34.861526,34.705879,34.55024,33.685051,38.642708,2704069.7,40.629433,42.062256,38.148315,30.439461,29.858093,30.027466,31.945526,30.439461,30.224304,28.530556,30.366219,29.84436,35.300987,34.234375,32.270546,31.954681,31.940948,31.016251,34.728767,32.160675,31.149002,32.243073,31.277184,34.692146,2704069.7,9.0776062,-18.68161,7.6401978,4.2435303,-0.35247803,0.11444092,-0.0045776367,-0.0045776367,-0.0045776367,-0.0045776367,-0.0045776367,-0.0045776367,-0.0045776367,-0.0045776367,-0.0045776367,-0.0045776367,-0.0045776367,-0.0045776367,-0.0045776367,-0.0045776367,-0.0045776367,-0.0045776367,-0.0045776367,-0.0045776367,2704069.7
2839113501824,4.3335343,0,40.38224,42.712288,38.940262,32.050812,33.067062,33.881897,34.852371,33.941406,33.794922,30.90181,33.671318,33.643852,38.033875,38.130005,34.499886,35.035477,34.367134,34.353401,38.422981,34.870682,34.705879,34.554817,33.685051,38.642708,2704089.7,40.624855,42.085144,38.152893,30.42115,29.853516,30.013733,31.945526,30.444038,30.238037,28.525978,30.347908,29.848938,35.287254,34.22522,32.275124,31.959259,31.940948,31.020828,34.737923,32.15152,31.130692,32.238495,31.268028,34.701302,2704089.7,10.19455,-19.276733,8.5740356,4.1062012,-0.31585693,-0.59967041,-0.0045776367,-0.0045776367,-0.0045776367,-0.0045776367,-0.0045776367,-0.0045776367,-0.0045776367,-0.0045776367,-0.0045776367,-0.0045776367,-0.0045776367,-0.0045776367,-0.0045776367,-0.0045776367,-0.0045776367,-0.0045776367,-0.0045776367,-0.0045776367,2704089.7
2839133451296,4.3534837,0,40.38224,42.716866,38.940262,32.055389,33.067062,33.877319,34.852371,33.941406,33.794922,30.897232,33.662163,33.643852,38.033875,38.125427,34.495308,35.030899,34.362556,34.348824,38.418404,34.870682,34.701302,34.55024,33.694206,38.63813,2704109.7,40.63401,42.098877,38.157471,30.425728,29.853516,30.036621,31.922638,30.434883,30.205994,28.530556,30.366219,29.848938,35.259789,34.229797,32.265968,31.950104,31.931793,31.016251,34.737923,32.142365,31.162735,32.252235,31.277184,34.682991,2704109.7,11.284058,-20.732422,9.3797302,3.1357422,-0.35247803,0.20599365,-0.0045776367,-0.0045776367,-0.0045776367,-0.0045776367,-0.0045776367,-0.0045776367,-0.0045776367,-0.0045776367,-0.0045776367,-0.0045776367,-0.0045776367,-0.0045776367,-0.0045776367,-0.0045776367,-0.0045776367,-0.0045776367,-0.0045776367,-0.0045776367,2704109.7
2839153446048,4.3734785,0,40.386818,42.726021,38.940262,32.050812,33.062485,33.886475,34.852371,33.936829,33.7995,30.90181,33.671318,33.639275,38.029297,38.125427,34.499886,35.021744,34.357979,34.353401,38.422981,34.866104,34.715034,34.55024,33.685051,38.63813,2704129.7,40.629433,42.121765,38.175781,30.42115,29.858093,30.018311,31.940948,30.444038,30.228882,28.535133,30.347908,29.839783,35.278099,34.238953,32.288857,31.968414,31.936371,31.025406,34.747078,32.165253,31.135269,32.233917,31.286339,34.678413,2704129.7,11.723511,-21.171906,10.423431,2.375824,-0.096130371,-0.37994385,-0.0045776367,-0.0045776367,-0.0045776367,-0.0045776367,-0.0045776367,-0.0045776367,-0.0045776367,-0.0045776367,-0.0045776367,-0.0045776367,-0.0045776367,-0.0045776367,-0.0045776367,-0.0045776367,-0.0045776367,-0.0045776367,-0.0045776367,-0.0045776367,2704129.7
2839173527552,4.39356,0,40.38224,42.721443,38.944839,32.059967,33.062485,33.881897,34.856949,33.936829,33.7995,30.90181,33.662163,33.639275,38.029297,38.130005,34.504463,35.026321,34.367134,34.348824,38.422981,34.870682,34.705879,34.55024,33.680473,38.63813,2704149.7,40.647743,42.117188,38.180359,30.439461,29.853516,30.032043,31.950104,30.453194,30.219727,28.530556,30.366219,29.848938,35.278099,34.220642,32.279701,31.963837,31.954681,31.007095,34.728767,32.156097,31.135269,32.256813,31.272606,34.705879,2704149.7,12.428467,-21.940948,10.3685,1.5701599,-0.56304932,0.24261475,-0.0045776367,-0.0045776367,-0.0045776367,-0.0045776367,-0.0045776367,-0.0045776367,-0.0045776367,-0.0045776367,-0.0045776367,-0.0045776367,-0.0045776367,-0.0045776367,-0.0045776367,-0.0045776367,-0.0045776367,-0.0045776367,-0.0045776367,-0.0045776367,2704149.7
2839193476960,4.4135094,0,40.377663,42.721443,38.949417,32.055389,33.062485,33.877319,34.856949,33.932251,33.804077,30.90181,33.66674,33.64843,38.033875,38.130005,34.504463,35.026321,34.362556,34.353401,38.427559,34.875259,34.705879,34.554817,33.685051,38.63813,2704169.7,40.629433,42.144653,38.207825,30.444038,29.84436,30.018311,31.931793,30.444038,30.247192,28.5214,30.361641,29.853516,35.29641,34.22522,32.284279,31.968414,31.950104,31.002518,34.737923,32.156097,31.15358,32.24765,31.281761,34.687569,2704169.7,13.902496,-23.552307,12.767212,1.6891785,0.40740967,-0.71868896,-0.0045776367,-0.0045776367,-0.0045776367,-0.0045776367,-0.0045776367,-0.0045776367,-0.0045776367,-0.0045776367,-0.0045776367,-0.0045776367,-0.0045776367,-0.0045776367,-0.0045776367,-0.0045776367,-0.0045776367,-0.0045776367,-0.0045776367,-0.0045776367,2704169.7
2839213446784,4.4334792,0,40.38224,42.726021,38.953995,32.055389,33.067062,33.877319,34.852371,33.945984,33.794922,30.897232,33.66674,33.64843,38.038452,38.125427,34.499886,35.030899,34.362556,34.348824,38.422981,34.870682,34.705879,34.545662,33.685051,38.642708,2704189.7,40.624855,42.135498,38.194092,30.448616,29.839783,30.045776,31.945526,30.444038,30.219727,28.525978,30.370796,29.839783,35.282677,34.211487,32.279701,31.954681,31.950104,31.016251,34.751663,32.15152,31.144424,32.261391,31.286339,34.678413,2704189.7,13.902496,-24.32135,12.858765,0.37078857,-0.13275146,-0.44403076,-0.0045776367,-0.0045776367,-0.0045776367,-0.0045776367,-0.0045776367,-0.0045776367,-0.0045776367,-0.0045776367,-0.0045776367,-0.0045776367,-0.0045776367,-0.0045776367,-0.0045776367,-0.0045776367,-0.0045776367,-0.0045776367,-0.0045776367,-0.0045776367,2704189.7
2839233662944,4.4536954,0,40.38224,42.739754,38.949417,32.059967,33.062485,33.881897,34.852371,33.936829,33.804077,30.906387,33.66674,33.643852,38.033875,38.134583,34.495308,35.021744,34.367134,34.353401,38.427559,34.866104,34.715034,34.55024,33.685051,38.63813,2704209.7,40.647743,42.121765,38.221558,30.448616,29.848938,30.036621,31.936371,30.425728,30.260933,28.530556,30.334175,29.848938,35.287254,34.22522,32.275124,31.968414,31.940948,31.020828,34.72419,32.146942,31.15358,32.243073,31.272606,34.687569,2704209.7,15.294128,-26.454559,12.38269,-0.90179443,-0.24261475,-0.032043457,-0.0045776367,-0.0045776367,-0.0045776367,-0.0045776367,-0.0045776367,-0.0045776367,-0.0045776367,-0.0045776367,-0.0045776367,-0.0045776367,-0.0045776367,-0.0045776367,-0.0045776367,-0.0045776367,-0.0045776367,-0.0045776367,-0.0045776367,-0.0045776367,2704209.7
2839253468224,4.4735007,0,40.373085,42.739754,38.944839,32.050812,33.057907,33.877319,34.847794,33.936829,33.7995,30.897232,33.66674,33.639275,38.029297,38.130005,34.499886,35.030899,34.362556,34.348824,38.422981,34.870682,34.715034,34.554817,33.680473,38.63813,2704229.7,40.670631,42.167542,38.212402,30.457771,29.84436,30.041199,31.936371,30.439461,30.219727,28.535133,30.329597,29.862671,35.287254,34.234375,32.279701,31.968414,31.945526,31.007095,34.7425,32.160675,31.139847,32.270546,31.295494,34.710457,2704229.7,17.216766,-27.562378,11.137573,-1.002533,0.059509277,-0.59967041,-0.0045776367,-0.0045776367,-0.0045776367,-0.0045776367,-0.0045776367,-0.0045776367,-0.0045776367,-0.0045776367,-0.0045776367,-0.0045776367,-0.0045776367,-0.0045776367,-0.0045776367,-0.0045776367,-0.0045776367,-0.0045776367,-0.0045776367,-0.0045776367,2704229.7
2839273479456,4.4935119,0,40.38224,42.744331,38.944839,32.059967,33.062485,33.877319,34.852371,33.945984,33.794922,30.90181,33.66674,33.643852,38.029297,38.134583,34.495308,35.017166,34.367134,34.348824,38.427559,34.870682,34.705879,34.55024,33.675896,38.63813,2704249.7,40.652321,42.181274,38.226135,30.457771,29.84436,30.036621,31.945526,30.430305,30.256355,28.530556,30.361641,29.853516,35.31472,34.252693,32.288857,31.959259,31.945526,31.011673,34.747078,32.174408,31.130692,32.238495,31.268028,34.678413,2704249.7,17.354095,-29.375153,12.36438,-2.7237244,0.059509277,-0.6729126,-0.0045776367,-0.0045776367,-0.0045776367,-0.0045776367,-0.0045776367,-0.0045776367,-0.0045776367,-0.0045776367,-0.0045776367,-0.0045776367,-0.0045776367,-0.0045776367,-0.0045776367,-0.0045776367,-0.0045776367,-0.0045776367,-0.0045776367,-0.0045776367,2704249.7
2839293673536,4.513706,0,40.386818,42.739754,38.949417,32.055389,33.062485,33.877319,34.852371,33.936829,33.7995,30.906387,33.662163,33.643852,38.024719,38.130005,34.495308,35.035477,34.357979,34.348824,38.427559,34.866104,34.705879,34.554817,33.685051,38.642708,2704269.7,40.656898,42.199585,38.226135,30.466927,29.839783,30.022888,31.940948,30.466927,30.242615,28.548866,30.34333,29.858093,35.291832,34.234375,32.270546,31.954681,31.931793,31.020828,34.737923,32.16983,31.139847,32.243073,31.272606,34.701302,2704269.7,18.150604,-30.601959,12.803833,-2.9342957,1.2222595,-1.506073,-0.0045776367,-0.0045776367,-0.0045776367,-0.0045776367,-0.0045776367,-0.0045776367,-0.0045776367,-0.0045776367,-0.0045776367,-0.0045776367,-0.0045776367,-0.0045776367,-0.0045776367,-0.0045776367,-0.0045776367,-0.0045776367,-0.0045776367,-0.0045776367,2704269.7
2839313487808,4.5335203,0,40.38224,42.744331,38.949417,32.055389,33.067062,33.886475,34.847794,33.941406,33.808655,30.906387,33.671318,33.64843,38.029297,38.130005,34.499886,35.026321,34.362556,34.348824,38.432137,34.870682,34.710457,34.55024,33.680473,38.63813,2704289.7,40.661476,42.199585,38.249023,30.448616,29.84436,30.032043,31.945526,30.453194,30.238037,28.535133,30.370796,29.839783,35.291832,34.24353,32.288857,31.968414,31.954681,31.007095,34.72419,32.156097,31.149002,32.252235,31.272606,34.696724,2704289.7,17.894257,-31.773865,12.410156,-3.4744873,0.0045776367,-0.56304932,-0.0045776367,-0.0045776367,-0.0045776367,-0.0045776367,-0.0045776367,-0.0045776367,-0.0045776367,-0.0045776367,-0.0045776367,-0.0045776367,-0.0045776367,-0.0045776367,-0.0045776367,-0.0045776367,-0.0045776367,-0.0045776367,-0.0045776367,-0.0045776367,2704289.7
2839333449120,4.5534816,0,40.391396,42.739754,38.949417,32.055389,33.057907,33.881897,34.856949,33.932251,33.7995,30.90181,33.66674,33.643852,38.033875,38.125427,34.499886,35.030899,34.367134,34.344246,38.427559,34.870682,34.705879,34.55024,33.680473,38.63813,2704309.7,40.670631,42.227051,38.253609,30.466927,29.858093,30.027466,31.940948,30.439461,30.224304,28.539711,30.347908,29.848938,35.273521,34.234375,32.279701,31.959259,31.936371,31.020828,34.733345,32.146942,31.135269,32.238495,31.295494,34.687569,2704309.7,20.302124,-33.95285,11.732666,-4.4449463,-1.1764832,0.059509277,-0.0045776367,-0.0045776367,-0.0045776367,-0.0045776367,-0.0045776367,-0.0045776367,-0.0045776367,-0.0045776367,-0.0045776367,-0.0045776367,-0.0045776367,-0.0045776367,-0.0045776367,-0.0045776367,-0.0045776367,-0.0045776367,-0.0045776367,-0.0045776367,2704309.7
2839353451776,4.5734842,0,40.386818,42.748909,38.949417,32.055389,33.062485,33.881897,34.856949,33.941406,33.7995,30.90181,33.66674,33.64843,38.033875,38.130005,34.495308,35.026321,34.371712,34.348824,38.427559,34.866104,34.705879,34.55024,33.680473,38.63813,2704329.7,40.675209,42.259102,38.267342,30.476082,29.84436,30.068665,31.940948,30.448616,30.228882,28.5214,30.357063,29.839783,35.29641,34.229797,32.270546,31.972992,31.940948,31.011673,34.751663,32.165253,31.149002,32.24765,31.281761,34.696724,2704329.7,16.447693,-34.355682,12.236206,-5.1133118,-0.23345947,-0.12359619,-0.0045776367,-0.0045776367,-0.0045776367,-0.0045776367,-0.0045776367,-0.0045776367,-0.0045776367,-0.0045776367,-0.0045776367,-0.0045776367,-0.0045776367,-0.0045776367,-0.0045776367,-0.0045776367,-0.0045776367,-0.0045776367,-0.0045776367,-0.0045776367,2704329.7
2839373546880,4.5935793,0,40.391396,42.758072,38.953995,32.059967,33.062485,33.877319,34.856949,33.941406,33.7995,30.897232,33.66674,33.643852,38.038452,38.134583,34.504463,35.026321,34.367134,34.353401,38.427559,34.870682,34.710457,34.55024,33.689629,38.63813,2704349.7,40.688942,42.236206,38.285652,30.457771,29.84436,30,31.922638,30.453194,30.224304,28.5214,30.366219,29.848938,35.29641,34.229797,32.279701,31.959259,31.940948,31.039139,34.751663,32.156097,31.135269,32.24765,31.286339,34.692146,2704349.7,16.539246,-34.831757,10.395966,-5.9006653,0.48980713,-1.203949,-0.0045776367,-0.0045776367,-0.0045776367,-0.0045776367,-0.0045776367,-0.0045776367,-0.0045776367,-0.0045776367,-0.0045776367,-0.0045776367,-0.0045776367,-0.0045776367,-0.0045776367,-0.0045776367,-0.0045776367,-0.0045776367,-0.0045776367,-0.0045776367,2704349.7
2839393433760,4.6134662,0,40.386818,42.758072,38.953995,32.055389,33.062485,33.877319,34.847794,33.932251,33.804077,30.90181,33.66674,33.643852,38.038452,38.130005,34.499886,35.026321,34.367134,34.353401,38.432137,34.870682,34.705879,34.545662,33.685051,38.63813,2704369.7,40.661476,42.231628,38.281075,30.471504,29.84436,30.027466,31.945526,30.453194,30.256355,28.530556,30.34333,29.848938,35.29641,34.229797,32.265968,31.940948,31.936371,31.016251,34.733345,32.15152,31.135269,32.256813,31.295494,34.678413,2704369.7,14.561676,-35.408569,11.915771,-5.7084045,-0.61798096,0.55389404,-0.0045776367,-0.0045776367,-0.0045776367,-0.0045776367,-0.0045776367,-0.0045776367,-0.0045776367,-0.0045776367,-0.0045776367,-0.0045776367,-0.0045776367,-0.0045776367,-0.0045776367,-0.0045776367,-0.0045776367,-0.0045776367,-0.0045776367,-0.0045776367,2704369.7
2839413473632,4.6335061,0,40.391396,42.76265,38.958572,32.059967,33.067062,33.877319,34.852371,33.936829,33.7995,30.897232,33.657585,33.643852,38.033875,38.130005,34.499886,35.021744,34.367134,34.348824,38.427559,34.875259,34.710457,34.541084,33.694206,38.647285,2704389.7,40.666054,42.254524,38.285652,30.466927,29.858093,30.027466,31.945526,30.462349,30.233459,28.530556,30.361641,29.853516,35.282677,34.234375,32.275124,31.959259,31.940948,31.016251,34.733345,32.156097,31.135269,32.261391,31.290916,34.696724,2704389.7,15.312439,-33.989471,11.869995,-6.8894348,0.43487549,-0.46234131,-0.0045776367,-0.0045776367,-0.0045776367,-0.0045776367,-0.0045776367,-0.0045776367,-0.0045776367,-0.0045776367,-0.0045776367,-0.0045776367,-0.0045776367,-0.0045776367,-0.0045776367,-0.0045776367,-0.0045776367,-0.0045776367,-0.0045776367,-0.0045776367,2704389.7
2839433639008,4.6536715,0,40.391396,42.758072,38.958572,32.059967,33.067062,33.881897,34.852371,33.941406,33.7995,30.906387,33.66674,33.643852,38.033875,38.125427,34.495308,35.030899,34.371712,34.348824,38.427559,34.870682,34.701302,34.55024,33.685051,38.63813,2704409.7,40.707253,42.272835,38.271919,30.462349,29.848938,30.027466,31.931793,30.462349,30.238037,28.5214,30.357063,29.830627,35.268944,34.238953,32.284279,31.968414,31.950104,31.029984,34.715034,32.165253,31.15358,32.261391,31.286339,34.705879,2704409.7,16.758972,-32.77179,13.124298,-7.3655396,0.96588135,-0.29754639,-0.0045776367,-0.0045776367,-0.0045776367,-0.0045776367,-0.0045776367,-0.0045776367,-0.0045776367,-0.0045776367,-0.0045776367,-0.0045776367,-0.0045776367,-0.0045776367,-0.0045776367,-0.0045776367,-0.0045776367,-0.0045776367,-0.0045776367,-0.0045776367,2704409.7
2839453467552,4.6735,0,40.400551,42.767227,38.958572,32.064545,33.067062,33.877319,34.856949,33.945984,33.7995,30.90181,33.662163,33.643852,38.033875,38.130005,34.499886,35.030899,34.367134,34.348824,38.432137,34.870682,34.705879,34.545662,33.685051,38.633553,2704429.7,40.698097,42.26368,38.294807,30.476082,29.839783,30.027466,31.945526,30.439461,30.233459,28.539711,30.370796,29.853516,35.268944,34.216064,32.279701,31.972992,31.950104,31.011673,34.751663,32.15152,31.135269,32.275124,31.277184,34.692146,2704429.7,15.52301,-31.224548,11.750977,-7.3014526,-0.022888184,-0.31585693,-0.0045776367,-0.0045776367,-0.0045776367,-0.0045776367,-0.0045776367,-0.0045776367,-0.0045776367,-0.0045776367,-0.0045776367,-0.0045776367,-0.0045776367,-0.0045776367,-0.0045776367,-0.0045776367,-0.0045776367,-0.0045776367,-0.0045776367,-0.0045776367,2704429.7
2839473524736,4.6935572,0,40.391396,42.771805,38.96315,32.059967,33.067062,33.881897,34.847794,33.932251,33.7995,30.906387,33.66674,33.639275,38.038452,38.125427,34.495308,35.030899,34.367134,34.348824,38.427559,34.870682,34.701302,34.55024,33.685051,38.647285,2704449.7,40.716408,42.300301,38.294807,30.471504,29.84436,30.022888,31.945526,30.444038,30.228882,28.530556,30.347908,29.848938,35.287254,34.234375,32.265968,31.954681,31.950104,31.025406,34.747078,32.156097,31.135269,32.24765,31.277184,34.687569,2704449.7,14.18631,-26.088348,10.835419,-6.3309631,-1.9729919,0.54473877,-0.0045776367,-0.0045776367,-0.0045776367,-0.0045776367,-0.0045776367,-0.0045776367,-0.0045776367,-0.0045776367,-0.0045776367,-0.0045776367,-0.0045776367,-0.0045776367,-0.0045776367,-0.0045776367,-0.0045776367,-0.0045776367,-0.0045776367,-0.0045776367,2704449.7
2839493445056,4.7134775,0,40.395973,42.771805,38.958572,32.059967,33.062485,33.877319,34.847794,33.936829,33.804077,30.910965,33.66674,33.64843,38.038452,38.130005,34.504463,35.026321,34.357979,34.348824,38.427559,34.870682,34.710457,34.545662,33.680473,38.642708,2704469.7,40.716408,42.314034,38.294807,30.471504,29.82605,30.027466,31.931793,30.444038,30.247192,28.5214,30.347908,29.848938,35.273521,34.211487,32.302589,31.945526,31.940948,31.016251,34.747078,32.156097,31.139847,32.265968,31.300072,34.678413,2704469.7,12.162964,-22.764923,10.991058,-5.7358704,0.35247803,-0.44403076,-0.0045776367,-0.0045776367,-0.0045776367,-0.0045776367,-0.0045776367,-0.0045776367,-0.0045776367,-0.0045776367,-0.0045776367,-0.0045776367,-0.0045776367,-0.0045776367,-0.0045776367,-0.0045776367,-0.0045776367,-0.0045776367,-0.0045776367,-0.0045776367,2704469.7
2839513619584,4.733652,0,40.391396,42.771805,38.96315,32.064545,33.062485,33.877319,34.856949,33.941406,33.7995,30.90181,33.662163,33.64843,38.033875,38.130005,34.499886,35.026321,34.362556,34.353401,38.418404,34.870682,34.705879,34.55024,33.680473,38.642708,2704489.7,40.720985,42.332344,38.303963,30.480659,29.848938,30.022888,31.950104,30.453194,30.228882,28.544289,30.34333,29.848938,35.310143,34.229797,32.270546,31.950104,31.936371,31.011673,34.72419,32.156097,31.139847,32.265968,31.268028,34.696724,2704489.7,9.6635437,-16.127258,8.1803589,-4.4998779,-0.6729126,-0.059509277,-0.0045776367,-0.0045776367,-0.0045776367,-0.0045776367,-0.0045776367,-0.0045776367,-0.0045776367,-0.0045776367,-0.0045776367,-0.0045776367,-0.0045776367,-0.0045776367,-0.0045776367,-0.0045776367,-0.0045776367,-0.0045776367,-0.0045776367,-0.0045776367,2704489.7
2839533464160,4.7534966,0,40.386818,42.776382,38.958572,32.064545,33.062485,33.872742,34.847794,33.941406,33.804077,30.90181,33.662163,33.643852,38.038452,38.130005,34.495308,35.017166,34.367134,34.353401,38.427559,34.875259,34.701302,34.55024,33.680473,38.63813,2704509.7,40.707253,42.35981,38.331429,30.466927,29.853516,30.018311,31.931793,30.457771,30.224304,28.507668,30.352486,29.848938,35.29641,34.238953,32.279701,31.968414,31.954681,31.020828,34.728767,32.15152,31.144424,32.256813,31.272606,34.715034,2704509.7,7.3106079,-12.38269,6.4866028,-3.2730713,0.34332275,-0.29754639,-0.0045776367,-0.0045776367,-0.0045776367,-0.0045776367,-0.0045776367,-0.0045776367,-0.0045776367,-0.0045776367,-0.0045776367,-0.0045776367,-0.0045776367,-0.0045776367,-0.0045776367,-0.0045776367,-0.0045776367,-0.0045776367,-0.0045776367,-0.0045776367,2704509.7
2839553425344,4.7734578,0,40.395973,42.78096,38.953995,32.064545,33.067062,33.881897,34.856949,33.941406,33.7995,30.906387,33.662163,33.64843,38.038452,38.130005,34.495308,35.026321,34.367134,34.348824,38.427559,34.870682,34.705879,34.554817,33.685051,38.63813,2704529.7,40.707253,42.350655,38.322273,30.485237,29.839783,30.032043,31.931793,30.444038,30.215149,28.544289,30.334175,29.839783,35.291832,34.229797,32.302589,31.954681,31.950104,31.029984,34.7425,32.160675,31.15358,32.256813,31.277184,34.687569,2704529.7,2.5406189,-3.1265869,2.4673767,-3.4836426,-0.26092529,0.2243042,-0.0045776367,-0.0045776367,-0.0045776367,-0.0045776367,-0.0045776367,-0.0045776367,-0.0045776367,-0.0045776367,-0.0045776367,-0.0045776367,-0.0045776367,-0.0045776367,-0.0045776367,-0.0045776367,-0.0045776367,-0.0045776367,-0.0045776367,-0.0045776367,2704529.7
2839573497376,4.7935298,0,40.386818,42.785538,38.967728,32.059967,33.057907,33.881897,34.852371,33.932251,33.794922,30.897232,33.66674,33.643852,38.038452,38.130005,34.504463,35.026321,34.357979,34.348824,38.427559,34.870682,34.710457,34.545662,33.685051,38.63813,2704549.7,40.725563,42.391853,38.349739,30.466927,29.839783,30.036621,31.931793,30.430305,30.256355,28.535133,30.347908,29.835205,35.291832,34.22522,32.293434,31.954681,31.945526,31.011673,34.7425,32.165253,31.15358,32.275124,31.281761,34.696724,2704549.7,-0.032043457,-0.15106201,0.27923584,-2.5863953,-0.068664551,0.45318604,-0.0045776367,-0.0045776367,-0.0045776367,-0.0045776367,-0.0045776367,-0.0045776367,-0.0045776367,-0.0045776367,-0.0045776367,-0.0045776367,-0.0045776367,-0.0045776367,-0.0045776367,-0.0045776367,-0.0045776367,-0.0045776367,-0.0045776367,-0.0045776367,2704549.7
2839593464224,4.8134967,0,40.395973,42.78096,38.967728,32.059967,33.067062,33.877319,34.856949,33.936829,33.7995,30.906387,33.66674,33.643852,38.033875,38.130005,34.499886,35.030899,34.362556,34.353401,38.422981,34.870682,34.705879,34.554817,33.685051,38.63813,2704569.7,40.748451,42.373543,38.349739,30.503548,29.84436,30.041199,31.922638,30.448616,30.238037,28.539711,30.357063,29.84436,35.282677,34.22522,32.265968,31.954681,31.936371,31.007095,34.728767,32.165253,31.130692,32.261391,31.277184,34.710457,2704569.7,-1.3321228,5.9830627,-0.91094971,-2.9617615,-0.2243042,0.37994385,-0.0045776367,-0.0045776367,-0.0045776367,-0.0045776367,-0.0045776367,-0.0045776367,-0.0045776367,-0.0045776367,-0.0045776367,-0.0045776367,-0.0045776367,-0.0045776367,-0.0045776367,-0.0045776367,-0.0045776367,-0.0045776367,-0.0045776367,-0.0045776367,2704569.7
2839613447104,4.8334796,0,40.391396,42.785538,38.972305,32.059967,33.062485,33.877319,34.852371,33.941406,33.794922,30.897232,33.662163,33.64843,38.033875,38.134583,34.499886,35.026321,34.367134,34.348824,38.427559,34.870682,34.710457,34.554817,33.685051,38.642708,2704589.7,40.753036,42.414742,38.36805,30.494392,29.839783,30.045776,31.950104,30.448616,30.256355,28.530556,30.357063,29.835205,35.278099,34.234375,32.279701,31.968414,31.945526,31.016251,34.733345,32.160675,31.139847,32.265968,31.272606,34.692146,2704589.7,-10.441742,14.927887,-10.743866,-3.6942139,0.14190674,0.80108643,-0.0045776367,-0.0045776367,-0.0045776367,-0.0045776367,-0.0045776367,-0.0045776367,-0.0045776367,-0.0045776367,-0.0045776367,-0.0045776367,-0.0045776367,-0.0045776367,-0.0045776367,-0.0045776367,-0.0045776367,-0.0045776367,-0.0045776367,-0.0045776367,2704589.7
2839633605664,4.8536381,0,40.391396,42.794693,38.958572,32.069122,33.062485,33.881897,34.856949,33.936829,33.804077,30.90181,33.66674,33.639275,38.033875,38.143738,34.499886,35.030899,34.371712,34.348824,38.427559,34.870682,34.705879,34.545662,33.680473,38.633553,2704609.7,40.730141,42.423897,38.363472,30.457771,29.853516,30.032043,31.945526,30.444038,30.228882,28.535133,30.347908,29.848938,35.300987,34.220642,32.288857,31.982147,31.931793,30.99794,34.7425,32.160675,31.130692,32.261391,31.268028,34.701302,2704609.7,-13.50882,19.240112,-13.902496,-4.234375,-0.73699951,0.14190674,-0.0045776367,-0.0045776367,-0.0045776367,-0.0045776367,-0.0045776367,-0.0045776367,-0.0045776367,-0.0045776367,-0.0045776367,-0.0045776367,-0.0045776367,-0.0045776367,-0.0045776367,-0.0045776367,-0.0045776367,-0.0045776367,-0.0045776367,-0.0045776367,2704609.7
2839653458240,4.8734907,0,40.395973,42.794693,38.96315,32.059967,33.057907,33.881897,34.852371,33.941406,33.804077,30.906387,33.671318,33.643852,38.033875,38.125427,34.504463,35.030899,34.371712,34.357979,38.422981,34.866104,34.705879,34.55024,33.689629,38.642708,2704629.7,40.753036,42.433052,38.381783,30.485237,29.839783,30.036621,31.954681,30.425728,30.224304,28.535133,30.375374,29.853516,35.300987,34.220642,32.288857,31.950104,31.940948,31.020828,34.715034,32.156097,31.149002,32.270546,31.277184,34.692146,2704629.7,-19.468994,25.896088,-17.189301,-5.7358704,-0.29754639,0.33416748,-0.0045776367,-0.0045776367,-0.0045776367,-0.0045776367,-0.0045776367,-0.0045776367,-0.0045776367,-0.0045776367,-0.0045776367,-0.0045776367,-0.0045776367,-0.0045776367,-0.0045776367,-0.0045776367,-0.0045776367,-0.0045776367,-0.0045776367,-0.0045776367,2704629.7
2839673502688,4.8935351,0,40.395973,42.794693,38.96315,32.064545,33.062485,33.872742,34.852371,33.941406,33.7995,30.90181,33.66674,33.643852,38.038452,38.130005,34.504463,35.026321,34.367134,34.357979,38.432137,34.875259,34.710457,34.55024,33.680473,38.642708,2704649.7,40.789658,42.451363,38.372627,30.49897,29.858093,30.041199,31.945526,30.457771,30.233459,28.530556,30.347908,29.853516,35.305565,34.22522,32.284279,31.954681,31.954681,31.025406,34.728767,32.160675,31.139847,32.256813,31.281761,34.687569,2704649.7,-23.295959,27.992676,-18.196381,-6.5140686,-0.54473877,-0.10528564,-0.0045776367,-0.0045776367,-0.0045776367,-0.0045776367,-0.0045776367,-0.0045776367,-0.0045776367,-0.0045776367,-0.0045776367,-0.0045776367,-0.0045776367,-0.0045776367,-0.0045776367,-0.0045776367,-0.0045776367,-0.0045776367,-0.0045776367,-0.0045776367,2704649.7
2839693541632,4.9135741,0,40.391396,42.799271,38.967728,32.064545,33.067062,33.877319,34.856949,33.941406,33.794922,30.90181,33.66674,33.643852,38.029297,38.125427,34.499886,35.040054,34.367134,34.348824,38.432137,34.866104,34.710457,34.55024,33.685051,38.647285,2704669.7,40.771347,42.460518,38.377205,30.49897,29.84436,30.027466,31.945526,30.453194,30.242615,28.5214,30.338753,29.84436,35.282677,34.238953,32.279701,31.954681,31.945526,31.016251,34.737923,32.160675,31.135269,32.265968,31.290916,34.692146,2704669.7,-27.333496,31.554138,-18.260468,-9.20578,0.37994385,0.3616333,-0.0045776367,-0.0045776367,-0.0045776367,-0.0045776367,-0.0045776367,-0.0045776367,-0.0045776367,-0.0045776367,-0.0045776367,-0.0045776367,-0.0045776367,-0.0045776367,-0.0045776367,-0.0045776367,-0.0045776367,-0.0045776367,-0.0045776367,-0.0045776367,2704669.7
2839713438880,4.9334713,0,40.395973,42.790115,38.967728,32.064545,33.057907,33.877319,34.852371,33.941406,33.7995,30.90181,33.66674,33.639275,38.033875,38.125427,34.499886,35.026321,34.362556,34.348824,38.432137,34.870682,34.705879,34.545662,33.685051,38.63813,2704689.7,40.748451,42.469673,38.404671,30.489815,29.853516,30.013733,31.931793,30.430305,30.228882,28.535133,30.347908,29.835205,35.287254,34.22522,32.279701,31.986725,31.959259,30.984207,34.737923,32.15152,31.135269,32.270546,31.277184,34.696724,2704689.7,-29.6315,31.728088,-19.139404,-9.1233826,-0.31585693,1.3778992,-0.0045776367,-0.0045776367,-0.0045776367,-0.0045776367,-0.0045776367,-0.0045776367,-0.0045776367,-0.0045776367,-0.0045776367,-0.0045776367,-0.0045776367,-0.0045776367,-0.0045776367,-0.0045776367,-0.0045776367,-0.0045776367,-0.0045776367,-0.0045776367,2704689.7
2839733462400,4.9534948,0,40.400551,42.808426,38.967728,32.064545,33.057907,33.872742,34.847794,33.941406,33.794922,30.906387,33.66674,33.64843,38.038452,38.125427,34.499886,35.030899,34.362556,34.344246,38.432137,34.870682,34.705879,34.545662,33.685051,38.628975,2704709.7,40.748451,42.487984,38.400093,30.49897,29.848938,30.041199,31.936371,30.448616,30.233459,28.535133,30.347908,29.848938,35.278099,34.238953,32.279701,31.986725,31.940948,31.025406,34.719612,32.165253,31.135269,32.261391,31.277184,34.678413,2704709.7,-30.565338,31.792175,-19.514771,-9.004364,-0.73699951,-0.022888184,-0.0045776367,-0.0045776367,-0.0045776367,-0.0045776367,-0.0045776367,-0.0045776367,-0.0045776367,-0.0045776367,-0.0045776367,-0.0045776367,-0.0045776367,-0.0045776367,-0.0045776367,-0.0045776367,-0.0045776367,-0.0045776367,-0.0045776367,-0.0045776367,2704709.7
2839753611680,4.9736441,0,40.400551,42.799271,38.976883,32.064545,33.067062,33.872742,34.852371,33.945984,33.804077,30.90181,33.662163,33.64843,38.029297,38.125427,34.499886,35.026321,34.371712,34.348824,38.427559,34.875259,34.710457,34.541084,33.685051,38.642708,2704729.7,40.78508,42.474251,38.404671,30.489815,29.867249,30.027466,31.950104,30.439461,30.215149,28.530556,30.334175,29.835205,35.305565,34.234375,32.288857,31.968414,31.945526,31.020828,34.737923,32.15152,31.130692,32.256813,31.281761,34.701302,2704729.7,-30.473785,29.777985,-17.976654,-6.7337952,1.2405701,-0.42572021,-0.0045776367,-0.0045776367,-0.0045776367,-0.0045776367,-0.0045776367,-0.0045776367,-0.0045776367,-0.0045776367,-0.0045776367,-0.0045776367,-0.0045776367,-0.0045776367,-0.0045776367,-0.0045776367,-0.0045776367,-0.0045776367,-0.0045776367,-0.0045776367,2704729.7
2839773553696,4.9935861,0,40.400551,42.799271,38.976883,32.064545,33.057907,33.877319,34.856949,33.945984,33.804077,30.90181,33.671318,33.643852,38.038452,38.130005,34.499886,35.030899,34.371712,34.353401,38.427559,34.875259,34.710457,34.545662,33.685051,38.642708,2704749.7,40.725563,42.510872,38.404671,30.49897,29.858093,30.027466,31.950104,30.434883,30.251778,28.530556,30.347908,29.84436,35.264366,34.229797,32.275124,31.968414,31.931793,31.016251,34.733345,32.165253,31.158157,32.261391,31.277184,34.705879,2704749.7,-29.073029,29.256134,-18.086517,-5.3971252,0.32501221,0.21514893,-0.0045776367,-0.0045776367,-0.0045776367,-0.0045776367,-0.0045776367,-0.0045776367,-0.0045776367,-0.0045776367,-0.0045776367,-0.0045776367,-0.0045776367,-0.0045776367,-0.0045776367,-0.0045776367,-0.0045776367,-0.0045776367,-0.0045776367,-0.0045776367,2704749.7
2839793422080,5.0134545,0,40.400551,42.817581,38.976883,32.064545,33.057907,33.872742,34.861526,33.941406,33.7995,30.906387,33.66674,33.643852,38.033875,38.130005,34.495308,35.021744,34.371712,34.353401,38.432137,34.870682,34.705879,34.545662,33.685051,38.63813,2704769.7,40.766769,42.501717,38.432137,30.512703,29.853516,30.032043,31.954681,30.453194,30.228882,28.535133,30.34333,29.862671,35.268944,34.22522,32.279701,31.959259,31.927216,31.020828,34.733345,32.160675,31.144424,32.252235,31.295494,34.705879,2704769.7,-26.912323,25.658051,-15.861755,-2.009613,0.16937256,-0.20599365,-0.0045776367,-0.0045776367,-0.0045776367,-0.0045776367,-0.0045776367,-0.0045776367,-0.0045776367,-0.0045776367,-0.0045776367,-0.0045776367,-0.0045776367,-0.0045776367,-0.0045776367,-0.0045776367,-0.0045776367,-0.0045776367,-0.0045776367,-0.0045776367,2704769.7
2839813483808,5.0335163,0,40.395973,42.813004,38.976883,32.069122,33.062485,33.877319,34.856949,33.950562,33.7995,30.910965,33.662163,33.643852,38.033875,38.125427,34.495308,35.030899,34.362556,34.348824,38.436714,34.870682,34.710457,34.55024,33.685051,38.63813,2704789.7,40.757614,42.51545,38.418404,30.512703,29.871826,30.036621,31.931793,30.448616,30.224304,28.544289,30.347908,29.858093,35.287254,34.211487,32.279701,31.950104,31.927216,31.016251,34.728767,32.16983,31.130692,32.256813,31.268028,34.692146,2704789.7,-25.758759,24.385437,-15.5047,-0.41656494,-0.30670166,0.21514893,-0.0045776367,-0.0045776367,-0.0045776367,-0.0045776367,-0.0045776367,-0.0045776367,-0.0045776367,-0.0045776367,-0.0045776367,-0.0045776367,-0.0045776367,-0.0045776367,-0.0045776367,-0.0045776367,-0.0045776367,-0.0045776367,-0.0045776367,-0.0045776367,2704789.7
2839833608256,5.0536407,0,40.400551,42.817581,38.981461,32.069122,33.067062,33.872742,34.852371,33.941406,33.7995,30.910965,33.662163,33.643852,38.038452,38.130005,34.504463,35.021744,34.362556,34.353401,38.432137,34.870682,34.710457,34.541084,33.685051,38.642708,2704809.7,40.78508,42.510872,38.441292,30.508125,29.839783,30.027466,31.945526,30.444038,30.247192,28.530556,30.338753,29.84436,35.287254,34.238953,32.284279,31.959259,31.954681,31.007095,34.737923,32.156097,31.139847,32.265968,31.281761,34.701302,2704809.7,-23.259338,22.838165,-14.5159,2.2293396,0.2243042,0.11444092,-0.0045776367,-0.0045776367,-0.0045776367,-0.0045776367,-0.0045776367,-0.0045776367,-0.0045776367,-0.0045776367,-0.0045776367,-0.0045776367,-0.0045776367,-0.0045776367,-0.0045776367,-0.0045776367,-0.0045776367,-0.0045776367,-0.0045776367,-0.0045776367,2704809.7
2839853464448,5.0734969,0,40.405128,42.813004,38.986038,32.064545,33.053329,33.872742,34.852371,33.941406,33.794922,30.897232,33.662163,33.64843,38.033875,38.134583,34.499886,35.030899,34.371712,34.348824,38.432137,34.875259,34.701302,34.55024,33.685051,38.642708,2704829.7,40.775925,42.542915,38.468758,30.517281,29.853516,30.050354,31.945526,30.439461,30.251778,28.539711,30.357063,29.84436,35.291832,34.22522,32.284279,31.940948,31.950104,31.011673,34.737923,32.156097,31.135269,32.24765,31.272606,34.687569,2704829.7,-21.49234,22.380402,-13.453888,2.9434509,0.19683838,0.15106201,-0.0045776367,-0.0045776367,-0.0045776367,-0.0045776367,-0.0045776367,-0.0045776367,-0.0045776367,-0.0045776367,-0.0045776367,-0.0045776367,-0.0045776367,-0.0045776367,-0.0045776367,-0.0045776367,-0.0045776367,-0.0045776367,-0.0045776367,-0.0045776367,2704829.7
2839873454688,5.0934871,0,40.405128,42.822159,38.981461,32.069122,33.062485,33.872742,34.856949,33.941406,33.804077,30.906387,33.662163,33.643852,38.038452,38.134583,34.504463,35.030899,34.362556,34.353401,38.432137,34.870682,34.710457,34.554817,33.689629,38.651863,2704849.7,40.766769,42.556648,38.436714,30.508125,29.853516,30.032043,31.954681,30.453194,30.238037,28.525978,30.34333,29.839783,35.264366,34.229797,32.275124,31.959259,31.954681,31.011673,34.728767,32.16983,31.144424,32.265968,31.295494,34.682991,2704849.7,-19.917603,21.721222,-14.039825,3.7033691,0.096130371,0.43487549,-0.0045776367,-0.0045776367,-0.0045776367,-0.0045776367,-0.0045776367,-0.0045776367,-0.0045776367,-0.0045776367,-0.0045776367,-0.0045776367,-0.0045776367,-0.0045776367,-0.0045776367,-0.0045776367,-0.0045776367,-0.0045776367,-0.0045776367,-0.0045776367,2704849.7
2839893449952,5.1134824,0,40.400551,42.822159,38.990616,32.064545,33.062485,33.877319,34.852371,33.936829,33.7995,30.90181,33.66674,33.643852,38.029297,38.130005,34.504463,35.026321,34.367134,34.348824,38.427559,34.866104,34.705879,34.55024,33.689629,38.63813,2704869.7,40.803391,42.574959,38.468758,30.526436,29.84436,30.018311,31.945526,30.434883,30.247192,28.525978,30.352486,29.839783,35.287254,34.234375,32.270546,31.950104,31.940948,31.025406,34.733345,32.137787,31.144424,32.252235,31.268028,34.687569,2704869.7,-16.466003,21.107819,-10.295258,5.4429016,0.8102417,-1.2131042,-0.0045776367,-0.0045776367,-0.0045776367,-0.0045776367,-0.0045776367,-0.0045776367,-0.0045776367,-0.0045776367,-0.0045776367,-0.0045776367,-0.0045776367,-0.0045776367,-0.0045776367,-0.0045776367,-0.0045776367,-0.0045776367,-0.0045776367,-0.0045776367,2704869.7
2839913418752,5.1334512,0,40.400551,42.826736,38.986038,32.069122,33.057907,33.872742,34.852371,33.950562,33.7995,30.90181,33.662163,33.64843,38.038452,38.134583,34.504463,35.030899,34.371712,34.348824,38.432137,34.879837,34.705879,34.55024,33.689629,38.642708,2704889.7,40.794235,42.584114,38.46418,30.526436,29.835205,30.022888,31.963837,30.453194,30.224304,28.544289,30.366219,29.848938,35.305565,34.234375,32.293434,31.954681,31.950104,31.034561,34.7425,32.156097,31.149002,32.265968,31.295494,34.701302,2704889.7,-15.52301,21.171906,-11.110107,5.7633362,-0.10528564,0.23345947,-0.0045776367,-0.0045776367,-0.0045776367,-0.0045776367,-0.0045776367,-0.0045776367,-0.0045776367,-0.0045776367,-0.0045776367,-0.0045776367,-0.0045776367,-0.0045776367,-0.0045776367,-0.0045776367,-0.0045776367,-0.0045776367,-0.0045776367,-0.0045776367,2704889.7
2839933441920,5.1534744,0,40.395973,42.826736,38.986038,32.069122,33.062485,33.868164,34.856949,33.941406,33.7995,30.90181,33.671318,33.653008,38.047607,38.130005,34.504463,35.021744,34.371712,34.353401,38.432137,34.866104,34.705879,34.55024,33.685051,38.63813,2704909.7,40.803391,42.588692,38.491646,30.526436,29.84436,30.027466,31.954681,30.466927,30.219727,28.548866,30.347908,29.853516,35.29641,34.248108,32.284279,31.963837,31.927216,31.016251,34.728767,32.16983,31.135269,32.24765,31.272606,34.678413,2704909.7,-13.68277,19.588013,-10.359344,7.0634155,-0.26092529,1.1307068,-0.0045776367,-0.0045776367,-0.0045776367,-0.0045776367,-0.0045776367,-0.0045776367,-0.0045776367,-0.0045776367,-0.0045776367,-0.0045776367,-0.0045776367,-0.0045776367,-0.0045776367,-0.0045776367,-0.0045776367,-0.0045776367,-0.0045776367,-0.0045776367,2704909.7
2839953427200,5.1734596,0,40.400551,42.835892,38.981461,32.069122,33.057907,33.877319,34.861526,33.936829,33.794922,30.90181,33.662163,33.64843,38.033875,38.130005,34.504463,35.030899,34.367134,34.348824,38.432137,34.875259,34.705879,34.554817,33.689629,38.642708,2704929.7,40.789658,42.584114,38.496223,30.535591,29.839783,30.032043,31.91806,30.453194,30.238037,28.548866,30.338753,29.848938,35.287254,34.238953,32.284279,31.954681,31.945526,31.011673,34.733345,32.15152,31.149002,32.24765,31.304649,34.696724,2704929.7,-12.657349,18.727386,-9.974823,8.0979614,-0.059509277,0.46234131,-0.0045776367,-0.0045776367,-0.0045776367,-0.0045776367,-0.0045776367,-0.0045776367,-0.0045776367,-0.0045776367,-0.0045776367,-0.0045776367,-0.0045776367,-0.0045776367,-0.0045776367,-0.0045776367,-0.0045776367,-0.0045776367,-0.0045776367,-0.0045776367,2704929.7
2839973460960,5.1934934,0,40.400551,42.840469,38.990616,32.069122,33.057907,33.877319,34.852371,33.941406,33.7995,30.90181,33.66674,33.643852,38.04303,38.134583,34.504463,35.026321,34.367134,34.348824,38.427559,34.870682,34.710457,34.55024,33.689629,38.63813,2704949.7,40.798813,42.61158,38.477913,30.526436,29.848938,30.036621,31.950104,30.453194,30.215149,28.544289,30.361641,29.848938,35.282677,34.22522,32.270546,31.959259,31.940948,31.016251,34.7425,32.15152,31.15358,32.252235,31.277184,34.692146,2704949.7,-10.469208,16.557556,-8.7571411,9.6818542,-0.04119873,-0.04119873,-0.0045776367,-0.0045776367,-0.0045776367,-0.0045776367,-0.0045776367,-0.0045776367,-0.0045776367,-0.0045776367,-0.0045776367,-0.0045776367,-0.0045776367,-0.0045776367,-0.0045776367,-0.0045776367,-0.0045776367,-0.0045776367,-0.0045776367,-0.0045776367,2704949.7
2839993449792,5.2134822,0,40.405128,42.831314,38.995193,32.069122,33.057907,33.877319,34.847794,33.941406,33.7995,30.90181,33.662163,33.643852,38.033875,38.125427,34.499886,35.030899,34.367134,34.353401,38.427559,34.866104,34.705879,34.554817,33.680473,38.633553,2704969.7,40.807968,42.620735,38.505379,30.535591,29.858093,30.032043,31.936371,30.457771,30.219727,28.525978,30.352486,29.84436,35.268944,34.238953,32.288857,31.954681,31.945526,31.020828,34.7425,32.137787,31.144424,32.252235,31.272606,34.692146,2704969.7,-10.176239,14.799713,-9.6086121,9.672699,-0.92010498,1.3504333,-0.0045776367,-0.0045776367,-0.0045776367,-0.0045776367,-0.0045776367,-0.0045776367,-0.0045776367,-0.0045776367,-0.0045776367,-0.0045776367,-0.0045776367,-0.0045776367,-0.0045776367,-0.0045776367,-0.0045776367,-0.0045776367,-0.0045776367,-0.0045776367,2704969.7
2840013420576,5.233453,0,40.400551,42.835892,38.995193,32.059967,33.053329,33.872742,34.852371,33.936829,33.7995,30.906387,33.66674,33.64843,38.038452,38.125427,34.499886,35.026321,34.367134,34.348824,38.432137,34.879837,34.710457,34.55024,33.685051,38.642708,2704989.7,40.817123,42.634468,38.509956,30.535591,29.867249,30.027466,31.950104,30.448616,30.247192,28.530556,30.370796,29.853516,35.278099,34.238953,32.256813,31.972992,31.945526,31.016251,34.751663,32.174408,31.130692,32.24765,31.277184,34.696724,2704989.7,-6.5049133,12.88623,-7.0267944,9.7184753,-0.33416748,0.19683838,-0.0045776367,-0.0045776367,-0.0045776367,-0.0045776367,-0.0045776367,-0.0045776367,-0.0045776367,-0.0045776367,-0.0045776367,-0.0045776367,-0.0045776367,-0.0045776367,-0.0045776367,-0.0045776367,-0.0045776367,-0.0045776367,-0.0045776367,-0.0045776367,2704989.7
2840033545056,5.2535775,0,40.418861,42.835892,38.990616,32.064545,33.057907,33.872742,34.847794,33.941406,33.804077,30.897232,33.66674,33.643852,38.038452,38.134583,34.504463,35.035477,34.362556,34.357979,38.427559,34.866104,34.710457,34.55024,33.680473,38.642708,2705011.7,40.849167,42.652779,38.528267,30.531013,29.835205,30.041199,31.940948,30.434883,30.224304,28.539711,30.352486,29.84436,35.278099,34.238953,32.270546,31.959259,31.931793,31.025406,34.733345,32.160675,31.15358,32.24765,31.300072,34.696724,2705011.7,-2.4856873,6.7704163,-4.90271,9.20578,0.0045776367,0.58135986,-0.0045776367,-0.0045776367,-0.0045776367,-0.0045776367,-0.0045776367,-0.0045776367,-0.0045776367,-0.0045776367,-0.0045776367,-0.0045776367,-0.0045776367,-0.0045776367,-0.0045776367,-0.0045776367,-0.0045776367,-0.0045776367,-0.0045776367,-0.0045776367,2705011.7
2840053432480,5.2734649,0,40.409706,42.845047,38.990616,32.064545,33.062485,33.877319,34.843216,33.945984,33.7995,30.906387,33.66674,33.653008,38.038452,38.125427,34.499886,35.021744,34.367134,34.348824,38.427559,34.875259,34.705879,34.55024,33.685051,38.642708,2705029.7,40.835434,42.661934,38.509956,30.544746,29.853516,30.036621,31.940948,30.439461,30.251778,28.525978,30.347908,29.848938,35.278099,34.22522,32.265968,31.963837,31.940948,31.016251,34.747078,32.160675,31.17189,32.252235,31.300072,34.710457,2705029.7,-1.8356628,2.4490662,-3.2730713,8.6838989,-0.31585693,0.059509277,-0.0045776367,-0.0045776367,-0.0045776367,-0.0045776367,-0.0045776367,-0.0045776367,-0.0045776367,-0.0045776367,-0.0045776367,-0.0045776367,-0.0045776367,-0.0045776367,-0.0045776367,-0.0045776367,-0.0045776367,-0.0045776367,-0.0045776367,-0.0045776367,2705029.7
2840073428416,5.2934609,0,40.418861,42.845047,38.999771,32.059967,33.057907,33.872742,34.856949,33.936829,33.7995,30.90181,33.662163,33.64843,38.038452,38.134583,34.504463,35.035477,34.362556,34.348824,38.427559,34.866104,34.705879,34.55024,33.680473,38.642708,2705049.7,40.853745,42.693977,38.542,30.531013,29.839783,30.041199,31.954681,30.453194,30.242615,28.535133,30.370796,29.848938,35.29641,34.238953,32.284279,31.963837,31.954681,31.016251,34.737923,32.15152,31.149002,32.238495,31.295494,34.710457,2705049.7,1.203949,-5.3421936,0.29754639,5.4245911,0.13275146,0.62713623,-0.0045776367,-0.0045776367,-0.0045776367,-0.0045776367,-0.0045776367,-0.0045776367,-0.0045776367,-0.0045776367,-0.0045776367,-0.0045776367,-0.0045776367,-0.0045776367,-0.0045776367,-0.0045776367,-0.0045776367,-0.0045776367,-0.0045776367,-0.0045776367,2705049.7
2840093450816,5.3134833,0,40.418861,42.845047,38.999771,32.069122,33.057907,33.872742,34.852371,33.941406,33.804077,30.906387,33.662163,33.64843,38.029297,38.125427,34.499886,35.030899,34.367134,34.348824,38.427559,34.875259,34.705879,34.545662,33.685051,38.63813,2705069.7,40.867477,42.680244,38.546577,30.540169,29.853516,30.036621,31.954681,30.425728,30.265511,28.535133,30.347908,29.853516,35.291832,34.238953,32.288857,31.968414,31.940948,31.016251,34.747078,32.160675,31.149002,32.256813,31.286339,34.682991,2705069.7,6.4408264,-10.084686,4.1611328,3.5935059,0.40740967,-2.4032898,-0.0045776367,-0.0045776367,-0.0045776367,-0.0045776367,-0.0045776367,-0.0045776367,-0.0045776367,-0.0045776367,-0.0045776367,-0.0045776367,-0.0045776367,-0.0045776367,-0.0045776367,-0.0045776367,-0.0045776367,-0.0045776367,-0.0045776367,-0.0045776367,2705069.7
2840113412608,5.3334451,0,40.423439,42.854202,38.995193,32.064545,33.053329,33.877319,34.856949,33.941406,33.7995,30.910965,33.671318,33.643852,38.038452,38.130005,34.504463,35.021744,34.371712,34.348824,38.427559,34.875259,34.705879,34.55024,33.689629,38.63813,2705089.7,40.8629,42.716866,38.551155,30.540169,29.853516,30.036621,31.954681,30.457771,30.238037,28.539711,30.347908,29.853516,35.300987,34.22522,32.288857,31.968414,31.945526,31.016251,34.7425,32.165253,31.144424,32.265968,31.295494,34.696724,2705089.7,3.6118164,-18.461884,7.1824341,1.2863464,0.04119873,0.47149658,-0.0045776367,-0.0045776367,-0.0045776367,-0.0045776367,-0.0045776367,-0.0045776367,-0.0045776367,-0.0045776367,-0.0045776367,-0.0045776367,-0.0045776367,-0.0045776367,-0.0045776367,-0.0045776367,-0.0045776367,-0.0045776367,-0.0045776367,-0.0045776367,2705089.7
2840133408096,5.3534405,0,40.423439,42.854202,39.004349,32.069122,33.057907,33.877319,34.852371,33.941406,33.7995,30.897232,33.662163,33.643852,38.04303,38.130005,34.499886,35.026321,34.371712,34.344246,38.427559,34.879837,34.710457,34.545662,33.685051,38.633553,2705109.7,40.858322,42.721443,38.574043,30.540169,29.839783,30.032043,31.950104,30.453194,30.228882,28.539711,30.357063,29.84436,35.287254,34.248108,32.261391,31.945526,31.945526,31.011673,34.737923,32.146942,31.149002,32.256813,31.272606,34.705879,2705109.7,1.0299988,-22.371246,6.0471497,-0.56304932,-0.87432861,0.39825439,-0.0045776367,-0.0045776367,-0.0045776367,-0.0045776367,-0.0045776367,-0.0045776367,-0.0045776367,-0.0045776367,-0.0045776367,-0.0045776367,-0.0045776367,-0.0045776367,-0.0045776367,-0.0045776367,-0.0045776367,-0.0045776367,-0.0045776367,-0.0045776367,2705109.7
2840153423424,5.3734559,0,40.414284,42.85878,38.999771,32.0737,33.057907,33.881897,34.852371,33.941406,33.7995,30.90181,33.66674,33.64843,38.038452,38.134583,34.504463,35.021744,34.371712,34.348824,38.432137,34.875259,34.705879,34.55024,33.685051,38.63813,2705129.7,40.872055,42.753494,38.578621,30.544746,29.848938,30.036621,31.940948,30.457771,30.238037,28.5214,30.384529,29.858093,35.278099,34.220642,32.279701,31.972992,31.954681,31.029984,34.747078,32.16983,31.135269,32.24765,31.300072,34.682991,2705129.7,-0.9475708,-25.694672,5.7175598,-2.3208923,-0.80108643,0.16937256,-0.0045776367,-0.0045776367,-0.0045776367,-0.0045776367,-0.0045776367,-0.0045776367,-0.0045776367,-0.0045776367,-0.0045776367,-0.0045776367,-0.0045776367,-0.0045776367,-0.0045776367,-0.0045776367,-0.0045776367,-0.0045776367,-0.0045776367,-0.0045776367,2705129.7
2840173469696,5.3935021,0,40.418861,42.854202,39.013504,32.0737,33.057907,33.872742,34.856949,33.941406,33.7995,30.906387,33.66674,33.64843,38.033875,38.130005,34.504463,35.026321,34.371712,34.348824,38.427559,34.875259,34.705879,34.55024,33.685051,38.63813,2705149.7,40.867477,42.712288,38.592354,30.567635,29.839783,30.059509,31.940948,30.444038,30.251778,28.535133,30.347908,29.84436,35.287254,34.238953,32.279701,31.963837,31.936371,31.011673,34.7425,32.142365,31.139847,32.243073,31.281761,34.687569,2705149.7,-13.435577,-29.915314,2.8702087,-8.0521851,0.34332275,-0.068664551,-0.0045776367,-0.0045776367,-0.0045776367,-0.0045776367,-0.0045776367,-0.0045776367,-0.0045776367,-0.0045776367,-0.0045776367,-0.0045776367,-0.0045776367,-0.0045776367,-0.0045776367,-0.0045776367,-0.0045776367,-0.0045776367,-0.0045776367,-0.0045776367,2705149.7
2840193401056,5.4134335,0,40.418861,42.863358,39.008926,32.069122,33.057907,33.877319,34.861526,33.941406,33.804077,30.906387,33.66674,33.643852,38.033875,38.125427,34.499886,35.030899,34.362556,34.348824,38.427559,34.870682,34.710457,34.55024,33.685051,38.642708,2705169.7,40.867477,42.730598,38.569466,30.563057,29.858093,30.032043,31.954681,30.462349,30.247192,28.530556,30.352486,29.84436,35.268944,34.234375,32.298012,31.954681,31.945526,31.020828,34.751663,32.156097,31.15358,32.243073,31.286339,34.705879,2705169.7,-14.314484,-32.323181,0.33416748,-10.615692,0.69122314,-0.44403076,-0.0045776367,-0.0045776367,-0.0045776367,-0.0045776367,-0.0045776367,-0.0045776367,-0.0045776367,-0.0045776367,-0.0045776367,-0.0045776367,-0.0045776367,-0.0045776367,-0.0045776367,-0.0045776367,-0.0045776367,-0.0045776367,-0.0045776367,-0.0045776367,2705169.7
2840213423744,5.4334562,0,40.414284,42.85878,39.018082,32.064545,33.053329,33.868164,34.852371,33.941406,33.7995,30.897232,33.662163,33.643852,38.038452,38.130005,34.499886,35.030899,34.371712,34.344246,38.427559,34.875259,34.710457,34.554817,33.689629,38.628975,2705189.7,40.872055,42.771805,38.601509,30.563057,29.853516,30.050354,31.954681,30.457771,30.224304,28.525978,30.361641,29.84436,35.287254,34.22522,32.270546,31.959259,31.959259,31.020828,34.715034,32.165253,31.176468,32.238495,31.277184,34.701302,2705189.7,-21.867706,-32.726013,-10.066376,-11.018555,0.022888184,-0.52642822,-0.0045776367,-0.0045776367,-0.0045776367,-0.0045776367,-0.0045776367,-0.0045776367,-0.0045776367,-0.0045776367,-0.0045776367,-0.0045776367,-0.0045776367,-0.0045776367,-0.0045776367,-0.0045776367,-0.0045776367,-0.0045776367,-0.0045776367,-0.0045776367,2705189.7
2840233552544,5.453585,0,40.414284,42.867935,39.008926,32.069122,33.057907,33.872742,34.847794,33.936829,33.7995,30.90181,33.66674,33.643852,38.038452,38.125427,34.495308,35.030899,34.371712,34.353401,38.432137,34.875259,34.710457,34.55024,33.689629,38.63813,2705209.7,40.894943,42.78096,38.610664,30.563057,29.862671,30.032043,31.940948,30.457771,30.228882,28.525978,30.357063,29.858093,35.291832,34.22522,32.275124,31.945526,31.940948,31.034561,34.72419,32.156097,31.126114,32.243073,31.268028,34.701302,2705209.7,-22.783234,-32.96405,-13.00528,-9.7276306,0.29754639,0.2243042,-0.0045776367,-0.0045776367,-0.0045776367,-0.0045776367,-0.0045776367,-0.0045776367,-0.0045776367,-0.0045776367,-0.0045776367,-0.0045776367,-0.0045776367,-0.0045776367,-0.0045776367,-0.0045776367,-0.0045776367,-0.0045776367,-0.0045776367,-0.0045776367,2705209.7
2840253395104,5.4734276,0,40.418861,42.872513,39.022659,32.069122,33.062485,33.872742,34.856949,33.941406,33.804077,30.906387,33.66674,33.643852,38.038452,38.130005,34.499886,35.035477,34.371712,34.348824,38.427559,34.870682,34.710457,34.554817,33.689629,38.63813,2705229.7,40.890366,42.771805,38.61982,30.57679,29.858093,30.036621,31.945526,30.448616,30.247192,28.530556,30.361641,29.84436,35.291832,34.238953,32.288857,31.968414,31.931793,31.016251,34.7425,32.16983,31.149002,32.265968,31.286339,34.696724,2705229.7,-22.545197,-34.502167,-17.692841,-6.8345032,0.79193115,0.43487549,-0.0045776367,-0.0045776367,-0.0045776367,-0.0045776367,-0.0045776367,-0.0045776367,-0.0045776367,-0.0045776367,-0.0045776367,-0.0045776367,-0.0045776367,-0.0045776367,-0.0045776367,-0.0045776367,-0.0045776367,-0.0045776367,-0.0045776367,-0.0045776367,2705229.7
2840273407520,5.49344,0,40.414284,42.872513,39.008926,32.0737,33.057907,33.877319,34.856949,33.941406,33.7995,30.90181,33.662163,33.64843,38.033875,38.13916,34.504463,35.030899,34.376289,34.344246,38.427559,34.875259,34.710457,34.55024,33.689629,38.63813,2705249.7,40.894943,42.790115,38.628975,30.553902,29.871826,30.050354,31.940948,30.457771,30.233459,28.5214,30.357063,29.848938,35.291832,34.234375,32.279701,31.945526,31.954681,31.016251,34.715034,32.15152,31.149002,32.243073,31.300072,34.692146,2705249.7,-21.345856,-35.921265,-17.381561,-3.2181396,0.96588135,0.15106201,-0.0045776367,-0.0045776367,-0.0045776367,-0.0045776367,-0.0045776367,-0.0045776367,-0.0045776367,-0.0045776367,-0.0045776367,-0.0045776367,-0.0045776367,-0.0045776367,-0.0045776367,-0.0045776367,-0.0045776367,-0.0045776367,-0.0045776367,-0.0045776367,2705249.7
2840293393696,5.5134261,0,40.409706,42.867935,39.013504,32.069122,33.053329,33.872742,34.856949,33.936829,33.804077,30.906387,33.662163,33.64843,38.033875,38.130005,34.495308,35.035477,34.371712,34.348824,38.432137,34.875259,34.715034,34.55024,33.685051,38.647285,2705269.7,40.904099,42.799271,38.624397,30.563057,29.858093,30.027466,31.950104,30.444038,30.228882,28.535133,30.347908,29.848938,35.278099,34.22522,32.284279,31.954681,31.959259,31.007095,34.72419,32.16983,31.158157,32.256813,31.290916,34.705879,2705269.7,-19.917603,-35.481812,-16.493469,-1.6342468,0.71868896,0.23345947,-0.0045776367,-0.0045776367,-0.0045776367,-0.0045776367,-0.0045776367,-0.0045776367,-0.0045776367,-0.0045776367,-0.0045776367,-0.0045776367,-0.0045776367,-0.0045776367,-0.0045776367,-0.0045776367,-0.0045776367,-0.0045776367,-0.0045776367,-0.0045776367,2705269.7
2840313409312,5.5334418,0,40.423439,42.867935,39.022659,32.0737,33.057907,33.868164,34.861526,33.936829,33.804077,30.906387,33.66674,33.64843,38.04303,38.130005,34.504463,35.026321,34.371712,34.353401,38.427559,34.875259,34.705879,34.55024,33.694206,38.63813,2705289.7,40.885788,42.831314,38.63813,30.585945,29.853516,30.050354,31.940948,30.457771,30.233459,28.530556,30.347908,29.830627,35.300987,34.216064,32.275124,31.959259,31.945526,31.016251,34.756241,32.16983,31.139847,32.256813,31.277184,34.705879,2705289.7,-14.616608,-34.996552,-15.33075,0.42572021,0.55389404,0.022888184,-0.0045776367,-0.0045776367,-0.0045776367,-0.0045776367,-0.0045776367,-0.0045776367,-0.0045776367,-0.0045776367,-0.0045776367,-0.0045776367,-0.0045776367,-0.0045776367,-0.0045776367,-0.0045776367,-0.0045776367,-0.0045776367,-0.0045776367,-0.0045776367,2705289.7
2840333425408,5.5534579,0,40.423439,42.872513,39.008926,32.069122,33.053329,33.872742,34.856949,33.936829,33.804077,30.906387,33.662163,33.643852,38.038452,38.130005,34.499886,35.035477,34.371712,34.348824,38.427559,34.875259,34.710457,34.55024,33.689629,38.642708,2705309.7,40.890366,42.826736,38.615242,30.567635,29.853516,30.054932,31.940948,30.466927,30.238037,28.525978,30.370796,29.82605,35.278099,34.22522,32.265968,31.945526,31.931793,31.016251,34.719612,32.160675,31.135269,32.256813,31.281761,34.692146,2705309.7,-10.954437,-34.007782,-15.431458,2.9434509,0.65460205,-0.50811768,-0.0045776367,-0.0045776367,-0.0045776367,-0.0045776367,-0.0045776367,-0.0045776367,-0.0045776367,-0.0045776367,-0.0045776367,-0.0045776367,-0.0045776367,-0.0045776367,-0.0045776367,-0.0045776367,-0.0045776367,-0.0045776367,-0.0045776367,-0.0045776367,2705309.7
2840353403808,5.5734363,0,40.423439,42.87709,39.022659,32.069122,33.053329,33.872742,34.856949,33.945984,33.7995,30.906387,33.66674,33.64843,38.033875,38.130005,34.504463,35.026321,34.371712,34.353401,38.427559,34.875259,34.710457,34.554817,33.680473,38.642708,2705329.7,40.913254,42.854202,38.63813,30.572212,29.84436,30.018311,31.936371,30.453194,30.224304,28.535133,30.357063,29.82605,35.282677,34.22522,32.284279,31.954681,31.927216,31.025406,34.7425,32.165253,31.135269,32.270546,31.300072,34.696724,2705329.7,-3.3005371,-32.652771,-11.439697,4.0421143,1.1398621,-0.022888184,-0.0045776367,-0.0045776367,-0.0045776367,-0.0045776367,-0.0045776367,-0.0045776367,-0.0045776367,-0.0045776367,-0.0045776367,-0.0045776367,-0.0045776367,-0.0045776367,-0.0045776367,-0.0045776367,-0.0045776367,-0.0045776367,-0.0045776367,-0.0045776367,2705329.7
2840373564992,5.5935974,0,40.428017,42.87709,39.027237,32.069122,33.053329,33.868164,34.861526,33.945984,33.7995,30.90181,33.671318,33.64843,38.04303,38.130005,34.495308,35.030899,34.367134,34.353401,38.436714,34.870682,34.715034,34.55024,33.685051,38.647285,2705349.7,40.913254,42.863358,38.670174,30.581367,29.862671,30.054932,31.931793,30.434883,30.256355,28.530556,30.347908,29.84436,35.291832,34.229797,32.270546,31.963837,31.954681,31.020828,34.728767,32.146942,31.139847,32.275124,31.286339,34.696724,2705349.7,-0.44403076,-31.508362,-8.8578491,5.1499329,-0.47149658,-0.16937256,-0.0045776367,-0.0045776367,-0.0045776367,-0.0045776367,-0.0045776367,-0.0045776367,-0.0045776367,-0.0045776367,-0.0045776367,-0.0045776367,-0.0045776367,-0.0045776367,-0.0045776367,-0.0045776367,-0.0045776367,-0.0045776367,-0.0045776367,-0.0045776367,2705349.7
2840393411648,5.6134441,0,40.418861,42.886246,39.022659,32.069122,33.044174,33.868164,34.852371,33.941406,33.7995,30.906387,33.662163,33.64843,38.04303,38.130005,34.504463,35.030899,34.367134,34.348824,38.436714,34.875259,34.705879,34.55024,33.689629,38.633553,2705369.7,40.931564,42.835892,38.651863,30.57679,29.853516,30.059509,31.945526,30.448616,30.242615,28.548866,30.34333,29.84436,35.287254,34.234375,32.275124,31.963837,31.950104,31.025406,34.733345,32.160675,31.135269,32.261391,31.281761,34.687569,2705369.7,3.6118164,-28.258179,-7.7592163,4.4907227,-0.43487549,0.096130371,-0.0045776367,-0.0045776367,-0.0045776367,-0.0045776367,-0.0045776367,-0.0045776367,-0.0045776367,-0.0045776367,-0.0045776367,-0.0045776367,-0.0045776367,-0.0045776367,-0.0045776367,-0.0045776367,-0.0045776367,-0.0045776367,-0.0045776367,-0.0045776367,2705369.7
2840413392864,5.6334253,0,40.423439,42.881668,39.031815,32.069122,33.048752,33.868164,34.856949,33.941406,33.804077,30.906387,33.675896,33.64843,38.047607,38.130005,34.499886,35.030899,34.367134,34.348824,38.427559,34.879837,34.710457,34.545662,33.689629,38.633553,2705389.7,40.936142,42.863358,38.665596,30.585945,29.876404,30.045776,31.954681,30.444038,30.256355,28.530556,30.347908,29.848938,35.287254,34.22522,32.284279,31.963837,31.945526,31.034561,34.733345,32.160675,31.149002,32.265968,31.277184,34.701302,2705389.7,4.4541016,-25.319305,-6.3126526,3.4195557,0.31585693,-0.16021729,-0.0045776367,-0.0045776367,-0.0045776367,-0.0045776367,-0.0045776367,-0.0045776367,-0.0045776367,-0.0045776367,-0.0045776367,-0.0045776367,-0.0045776367,-0.0045776367,-0.0045776367,-0.0045776367,-0.0045776367,-0.0045776367,-0.0045776367,-0.0045776367,2705389.7
2840433560000,5.6535924,0,40.428017,42.881668,39.027237,32.0737,33.057907,33.868164,34.856949,33.945984,33.7995,30.90181,33.66674,33.64843,38.038452,38.125427,34.499886,35.026321,34.367134,34.353401,38.432137,34.879837,34.701302,34.55024,33.685051,38.63813,2705409.7,40.913254,42.87709,38.674751,30.572212,29.867249,30.013733,31.963837,30.453194,30.247192,28.535133,30.366219,29.853516,35.310143,34.220642,32.261391,31.968414,31.940948,31.039139,34.7425,32.15152,31.139847,32.24765,31.281761,34.687569,2705409.7,4.032959,-23.726257,-5.2414856,3.8406982,0.33416748,0.23345947,-0.0045776367,-0.0045776367,-0.0045776367,-0.0045776367,-0.0045776367,-0.0045776367,-0.0045776367,-0.0045776367,-0.0045776367,-0.0045776367,-0.0045776367,-0.0045776367,-0.0045776367,-0.0045776367,-0.0045776367,-0.0045776367,-0.0045776367,-0.0045776367,2705409.7
2840453430048,5.6734625,0,40.418861,42.881668,39.031815,32.069122,33.057907,33.868164,34.861526,33.941406,33.804077,30.897232,33.662163,33.64843,38.04303,38.12085,34.499886,35.035477,34.367134,34.353401,38.432137,34.875259,34.705879,34.554817,33.689629,38.647285,2705429.7,40.913254,42.913712,38.693062,30.57679,29.853516,30.032043,31.950104,30.444038,30.233459,28.530556,30.361641,29.853516,35.310143,34.22522,32.288857,31.968414,31.936371,31.016251,34.719612,32.160675,31.130692,32.243073,31.286339,34.687569,2705429.7,0.59967041,-20.888062,-2.6687927,-3.4012451,0.41656494,0.01373291,-0.0045776367,-0.0045776367,-0.0045776367,-0.0045776367,-0.0045776367,-0.0045776367,-0.0045776367,-0.0045776367,-0.0045776367,-0.0045776367,-0.0045776367,-0.0045776367,-0.0045776367,-0.0045776367,-0.0045776367,-0.0045776367,-0.0045776367,-0.0045776367,2705429.7
2840473408000,5.6934404,0,40.428017,42.890823,39.031815,32.069122,33.053329,33.868164,34.856949,33.932251,33.804077,30.897232,33.66674,33.643852,38.038452,38.130005,34.509041,35.026321,34.367134,34.353401,38.436714,34.875259,34.705879,34.55024,33.685051,38.642708,2705449.7,40.936142,42.922867,38.693062,30.599678,29.867249,30.045776,31.945526,30.453194,30.238037,28.539711,30.347908,29.835205,35.268944,34.234375,32.293434,31.968414,31.936371,31.016251,34.72419,32.15152,31.135269,32.243073,31.277184,34.696724,2705449.7,-2.7603455,-21.16275,-1.7166443,-6.6513977,0.04119873,0.18768311,-0.0045776367,-0.0045776367,-0.0045776367,-0.0045776367,-0.0045776367,-0.0045776367,-0.0045776367,-0.0045776367,-0.0045776367,-0.0045776367,-0.0045776367,-0.0045776367,-0.0045776367,-0.0045776367,-0.0045776367,-0.0045776367,-0.0045776367,-0.0045776367,2705449.7
2840493386912,5.7134194,0,40.428017,42.890823,39.027237,32.069122,33.053329,33.868164,34.852371,33.945984,33.804077,30.90181,33.66674,33.643852,38.038452,38.130005,34.499886,35.021744,34.371712,34.357979,38.427559,34.875259,34.705879,34.554817,33.685051,38.63813,2705469.7,40.917831,42.904556,38.683907,30.585945,29.862671,30.036621,31.940948,30.439461,30.233459,28.525978,30.370796,29.839783,35.282677,34.216064,32.284279,31.954681,31.945526,31.020828,34.751663,32.146942,31.144424,32.261391,31.290916,34.687569,2705469.7,-7.1915894,-25.008026,1.707489,-14.341949,0.84686279,-0.4989624,-0.0045776367,-0.0045776367,-0.0045776367,-0.0045776367,-0.0045776367,-0.0045776367,-0.0045776367,-0.0045776367,-0.0045776367,-0.0045776367,-0.0045776367,-0.0045776367,-0.0045776367,-0.0045776367,-0.0045776367,-0.0045776367,-0.0045776367,-0.0045776367,2705469.7
2840513425440,5.7334579,0,40.432594,42.890823,39.036392,32.0737,33.053329,33.872742,34.852371,33.936829,33.804077,30.906387,33.66674,33.64843,38.038452,38.134583,34.495308,35.030899,34.376289,34.348824,38.427559,34.875259,34.705879,34.55024,33.689629,38.633553,2705489.7,40.954453,42.941177,38.711372,30.608833,29.858093,30.027466,31.950104,30.430305,30.238037,28.530556,30.347908,29.839783,35.300987,34.238953,32.284279,31.954681,31.950104,31.016251,34.733345,32.160675,31.139847,32.24765,31.300072,34.696724,2705489.7,-7.7775269,-26.060883,2.7237244,-16.310364,-0.04119873,-0.40740967,-0.0045776367,-0.0045776367,-0.0045776367,-0.0045776367,-0.0045776367,-0.0045776367,-0.0045776367,-0.0045776367,-0.0045776367,-0.0045776367,-0.0045776367,-0.0045776367,-0.0045776367,-0.0045776367,-0.0045776367,-0.0045776367,-0.0045776367,-0.0045776367,2705489.7
2840533374720,5.7534072,0,40.437172,42.895401,39.04097,32.069122,33.048752,33.863586,34.856949,33.936829,33.804077,30.90181,33.657585,33.64843,38.033875,38.125427,34.504463,35.030899,34.371712,34.353401,38.436714,34.875259,34.710457,34.559395,33.685051,38.63813,2705509.7,40.922409,42.932022,38.725105,30.599678,29.867249,30.041199,31.936371,30.448616,30.224304,28.530556,30.347908,29.848938,35.282677,34.229797,32.275124,31.954681,31.936371,31.007095,34.733345,32.146942,31.162735,32.252235,31.290916,34.687569,2705509.7,-7.6310425,-32.872498,6.2027893,-21.483185,0.10528564,-0.45318604,-0.0045776367,-0.0045776367,-0.0045776367,-0.0045776367,-0.0045776367,-0.0045776367,-0.0045776367,-0.0045776367,-0.0045776367,-0.0045776367,-0.0045776367,-0.0045776367,-0.0045776367,-0.0045776367,-0.0045776367,-0.0045776367,-0.0045776367,-0.0045776367,2705509.7
2840553426336,5.7734588,0,40.44175,42.899979,39.036392,32.069122,33.048752,33.868164,34.856949,33.941406,33.7995,30.90181,33.66674,33.643852,38.038452,38.134583,34.504463,35.026321,34.376289,34.348824,38.427559,34.879837,34.701302,34.55024,33.685051,38.63813,2705529.7,40.968185,42.95491,38.697639,30.613411,29.862671,30.036621,31.940948,30.439461,30.228882,28.535133,30.352486,29.853516,35.323875,34.220642,32.293434,31.959259,31.954681,31.025406,34.737923,32.156097,31.139847,32.270546,31.304649,34.701302,2705529.7,-6.459137,-39.958801,9.3156433,-23.762878,0.16021729,-0.01373291,-0.0045776367,-0.0045776367,-0.0045776367,-0.0045776367,-0.0045776367,-0.0045776367,-0.0045776367,-0.0045776367,-0.0045776367,-0.0045776367,-0.0045776367,-0.0045776367,-0.0045776367,-0.0045776367,-0.0045776367,-0.0045776367,-0.0045776367,-0.0045776367,2705529.7
2840573559040,5.7935915,0,40.44175,42.904556,39.031815,32.069122,33.048752,33.868164,34.852371,33.945984,33.7995,30.90181,33.66674,33.64843,38.04303,38.130005,34.504463,35.030899,34.371712,34.357979,38.432137,34.879837,34.710457,34.554817,33.689629,38.633553,2705549.7,40.954453,42.964066,38.761734,30.617989,29.885559,30.050354,31.950104,30.453194,30.233459,28.516823,30.347908,29.848938,35.287254,34.234375,32.265968,31.968414,31.963837,31.020828,34.72419,32.156097,31.135269,32.252235,31.277184,34.705879,2705549.7,-1.4511414,-47.548645,8.4550171,-24.348816,0.16937256,-0.16021729,-0.0045776367,-0.0045776367,-0.0045776367,-0.0045776367,-0.0045776367,-0.0045776367,-0.0045776367,-0.0045776367,-0.0045776367,-0.0045776367,-0.0045776367,-0.0045776367,-0.0045776367,-0.0045776367,-0.0045776367,-0.0045776367,-0.0045776367,-0.0045776367,2705549.7
2840593402144,5.8134346,0,40.437172,42.890823,39.04097,32.0737,33.044174,33.863586,34.856949,33.936829,33.804077,30.90181,33.662163,33.643852,38.033875,38.130005,34.499886,35.026321,34.371712,34.353401,38.436714,34.875259,34.710457,34.55024,33.689629,38.642708,2705569.7,40.95903,42.977798,38.734261,30.604256,29.876404,30.041199,31.940948,30.466927,30.238037,28.539711,30.357063,29.848938,35.310143,34.229797,32.265968,31.963837,31.945526,31.025406,34.737923,32.165253,31.15358,32.265968,31.277184,34.696724,2705569.7,-0.30670166,-64.010071,7.3746948,-22.920563,-0.24261475,-0.050354004,-0.0045776367,-0.0045776367,-0.0045776367,-0.0045776367,-0.0045776367,-0.0045776367,-0.0045776367,-0.0045776367,-0.0045776367,-0.0045776367,-0.0045776367,-0.0045776367,-0.0045776367,-0.0045776367,-0.0045776367,-0.0045776367,-0.0045776367,-0.0045776367,2705569.7
2840613404928,5.8334374,0,40.437172,42.899979,39.045547,32.069122,33.044174,33.863586,34.852371,33.936829,33.808655,30.90181,33.662163,33.64843,38.038452,38.130005,34.504463,35.026321,34.367134,34.348824,38.432137,34.875259,34.710457,34.55024,33.675896,38.642708,2705589.7,40.954453,42.977798,38.743416,30.608833,29.862671,30.022888,31.940948,30.439461,30.224304,28.535133,30.352486,29.84436,35.29641,34.229797,32.265968,31.968414,31.931793,31.007095,34.737923,32.165253,31.149002,32.256813,31.281761,34.692146,2705589.7,2.2842712,-68.560318,5.3605042,-21.135284,-0.27923584,-0.52642822,-0.0045776367,-0.0045776367,-0.0045776367,-0.0045776367,-0.0045776367,-0.0045776367,-0.0045776367,-0.0045776367,-0.0045776367,-0.0045776367,-0.0045776367,-0.0045776367,-0.0045776367,-0.0045776367,-0.0045776367,-0.0045776367,-0.0045776367,-0.0045776367,2705589.7
2840633539488,5.8535719,0,40.446327,42.895401,39.04097,32.0737,33.053329,33.863586,34.856949,33.945984,33.804077,30.90181,33.66674,33.64843,38.038452,38.130005,34.504463,35.030899,34.371712,34.348824,38.436714,34.870682,34.710457,34.55024,33.689629,38.63813,2705609.7,40.954453,42.950333,38.770889,30.613411,29.853516,30.032043,31.940948,30.471504,30.233459,28.5214,30.34333,29.839783,35.29641,34.238953,32.270546,31.963837,31.940948,31.020828,34.72419,32.165253,31.144424,32.252235,31.277184,34.696724,2705609.7,4.7745361,-67.333481,2.0462341,-20.274658,-0.022888184,-0.01373291,-0.0045776367,-0.0045776367,-0.0045776367,-0.0045776367,-0.0045776367,-0.0045776367,-0.0045776367,-0.0045776367,-0.0045776367,-0.0045776367,-0.0045776367,-0.0045776367,-0.0045776367,-0.0045776367,-0.0045776367,-0.0045776367,-0.0045776367,-0.0045776367,2705609.7
2840653376480,5.8734089,0,40.446327,42.913712,39.045547,32.0737,33.044174,33.863586,34.856949,33.941406,33.794922,30.90181,33.66674,33.64843,38.038452,38.130005,34.495308,35.021744,34.371712,34.348824,38.432137,34.875259,34.710457,34.554817,33.689629,38.633553,2705629.7,40.995651,42.991531,38.766312,30.608833,29.853516,30.045776,31.940948,30.444038,30.238037,28.539711,30.338753,29.853516,35.273521,34.22522,32.284279,31.954681,31.945526,31.020828,34.747078,32.15152,31.126114,32.256813,31.272606,34.705879,2705629.7,5.3330383,-65.877777,2.3117371,-20.027466,0.096130371,-0.17852783,-0.0045776367,-0.0045776367,-0.0045776367,-0.0045776367,-0.0045776367,-0.0045776367,-0.0045776367,-0.0045776367,-0.0045776367,-0.0045776367,-0.0045776367,-0.0045776367,-0.0045776367,-0.0045776367,-0.0045776367,-0.0045776367,-0.0045776367,-0.0045776367,2705629.7
2840673543232,5.8935757,0,40.446327,42.913712,39.050125,32.0737,33.044174,33.863586,34.852371,33.936829,33.7995,30.90181,33.671318,33.643852,38.04303,38.134583,34.504463,35.026321,34.371712,34.348824,38.427559,34.870682,34.705879,34.55024,33.694206,38.63813,2705649.7,40.995651,43.000687,38.780045,30.608833,29.862671,30.032043,31.91806,30.439461,30.242615,28.548866,30.34333,29.839783,35.291832,34.248108,32.275124,31.97757,31.959259,31.016251,34.737923,32.156097,31.144424,32.275124,31.318382,34.701302,2705649.7,11.046021,-66.628525,7.0908813,-11.897461,-0.13275146,-0.75531006,-0.0045776367,-0.0045776367,-0.0045776367,-0.0045776367,-0.0045776367,-0.0045776367,-0.0045776367,-0.0045776367,-0.0045776367,-0.0045776367,-0.0045776367,-0.0045776367,-0.0045776367,-0.0045776367,-0.0045776367,-0.0045776367,-0.0045776367,-0.0045776367,2705649.7
2840693379904,5.9134124,0,40.455482,42.918289,39.050125,32.0737,33.044174,33.863586,34.852371,33.941406,33.808655,30.90181,33.66674,33.643852,38.033875,38.134583,34.499886,35.030899,34.371712,34.348824,38.436714,34.875259,34.710457,34.55024,33.680473,38.642708,2705669.7,40.995651,43.009842,38.7892,30.622566,29.858093,30.032043,31.936371,30.462349,30.233459,28.539711,30.34333,29.853516,35.291832,34.24353,32.293434,31.963837,31.959259,31.007095,34.728767,32.165253,31.149002,32.261391,31.290916,34.682991,2705669.7,15.184265,-65.786224,7.3655396,-6.6971741,-0.8102417,-0.077819824,-0.0045776367,-0.0045776367,-0.0045776367,-0.0045776367,-0.0045776367,-0.0045776367,-0.0045776367,-0.0045776367,-0.0045776367,-0.0045776367,-0.0045776367,-0.0045776367,-0.0045776367,-0.0045776367,-0.0045776367,-0.0045776367,-0.0045776367,-0.0045776367,2705669.7
2840713389248,5.9334217,0,40.446327,42.918289,39.050125,32.069122,33.053329,33.854431,34.856949,33.945984,33.7995,30.906387,33.662163,33.64843,38.04303,38.134583,34.499886,35.026321,34.371712,34.348824,38.432137,34.875259,34.705879,34.55024,33.685051,38.63813,2705689.7,41.000229,43.051041,38.798355,30.608833,29.853516,30.041199,31.950104,30.453194,30.215149,28.535133,30.375374,29.867249,35.291832,34.220642,32.288857,31.968414,31.959259,31.007095,34.751663,32.15152,31.144424,32.256813,31.286339,34.682991,2705689.7,14.781403,-60.943008,6.7063293,-4.9576416,-0.51727295,-0.068664551,-0.0045776367,-0.0045776367,-0.0045776367,-0.0045776367,-0.0045776367,-0.0045776367,-0.0045776367,-0.0045776367,-0.0045776367,-0.0045776367,-0.0045776367,-0.0045776367,-0.0045776367,-0.0045776367,-0.0045776367,-0.0045776367,-0.0045776367,-0.0045776367,2705689.7
2840733415552,5.953448,0,40.450905,42.918289,39.05928,32.069122,33.039597,33.863586,34.856949,33.941406,33.794922,30.897232,33.66674,33.653008,38.038452,38.134583,34.504463,35.030899,34.371712,34.353401,38.436714,34.875259,34.710457,34.545662,33.685051,38.628975,2705709.7,40.981918,43.064774,38.80751,30.604256,29.862671,30.032043,31.931793,30.457771,30.242615,28.539711,30.357063,29.853516,35.291832,34.234375,32.288857,31.936371,31.936371,31.016251,34.733345,32.156097,31.135269,32.261391,31.300072,34.701302,2705709.7,13.609528,-47.740906,5.4337463,-2.8885193,-0.44403076,0.32501221,-0.0045776367,-0.0045776367,-0.0045776367,-0.0045776367,-0.0045776367,-0.0045776367,-0.0045776367,-0.0045776367,-0.0045776367,-0.0045776367,-0.0045776367,-0.0045776367,-0.0045776367,-0.0045776367,-0.0045776367,-0.0045776367,-0.0045776367,-0.0045776367,2705709.7
2840753402720,5.9734352,0,40.450905,42.918289,39.050125,32.0737,33.048752,33.863586,34.861526,33.941406,33.804077,30.906387,33.662163,33.643852,38.033875,38.130005,34.499886,35.026321,34.371712,34.344246,38.436714,34.875259,34.710457,34.55024,33.685051,38.642708,2705729.7,40.986496,43.055618,38.812088,30.617989,29.871826,30.041199,31.950104,30.448616,30.238037,28.544289,30.334175,29.848938,35.273521,34.234375,32.265968,31.963837,31.950104,31.025406,34.728767,32.174408,31.158157,32.24765,31.281761,34.701302,2705729.7,13.435577,-43.199829,5.186554,-0.91094971,-0.39825439,-0.39825439,-0.0045776367,-0.0045776367,-0.0045776367,-0.0045776367,-0.0045776367,-0.0045776367,-0.0045776367,-0.0045776367,-0.0045776367,-0.0045776367,-0.0045776367,-0.0045776367,-0.0045776367,-0.0045776367,-0.0045776367,-0.0045776367,-0.0045776367,-0.0045776367,2705729.7
2840773421376,5.9934538,0,40.455482,42.918289,39.054703,32.078278,33.044174,33.859009,34.856949,33.936829,33.7995,30.906387,33.662163,33.64843,38.04303,38.134583,34.495308,35.030899,34.371712,34.348824,38.432137,34.879837,34.710457,34.554817,33.680473,38.63813,2705749.7,41.004807,43.055618,38.798355,30.617989,29.858093,30.022888,31.950104,30.453194,30.247192,28.530556,30.347908,29.853516,35.31472,34.238953,32.293434,31.963837,31.936371,31.025406,34.728767,32.160675,31.139847,32.261391,31.277184,34.696724,2705749.7,12.245361,-30.034332,4.3900146,1.3962097,-0.86517334,0.61798096,-0.0045776367,-0.0045776367,-0.0045776367,-0.0045776367,-0.0045776367,-0.0045776367,-0.0045776367,-0.0045776367,-0.0045776367,-0.0045776367,-0.0045776367,-0.0045776367,-0.0045776367,-0.0045776367,-0.0045776367,-0.0045776367,-0.0045776367,-0.0045776367,2705749.7
2840793382368,6.0134148,0,40.446327,42.927444,39.05928,32.069122,33.044174,33.859009,34.861526,33.941406,33.804077,30.90181,33.66674,33.64843,38.038452,38.125427,34.499886,35.030899,34.371712,34.348824,38.432137,34.879837,34.705879,34.554817,33.685051,38.633553,2705769.7,41.004807,43.078506,38.816666,30.627144,29.867249,30.041199,31.927216,30.466927,30.228882,28.535133,30.34333,29.853516,35.282677,34.220642,32.307167,31.963837,31.936371,31.002518,34.737923,32.156097,31.149002,32.284279,31.290916,34.678413,2705769.7,10.002289,-22.645905,3.3371582,2.3849792,-0.40740967,0.11444092,-0.0045776367,-0.0045776367,-0.0045776367,-0.0045776367,-0.0045776367,-0.0045776367,-0.0045776367,-0.0045776367,-0.0045776367,-0.0045776367,-0.0045776367,-0.0045776367,-0.0045776367,-0.0045776367,-0.0045776367,-0.0045776367,-0.0045776367,-0.0045776367,2705769.7
2840813390944,6.0334234,0,40.450905,42.927444,39.045547,32.069122,33.048752,33.859009,34.861526,33.936829,33.7995,30.906387,33.662163,33.64843,38.04303,38.130005,34.499886,35.030899,34.376289,34.348824,38.432137,34.875259,34.705879,34.55024,33.685051,38.63813,2705789.7,41.027695,43.096817,38.816666,30.617989,29.880981,30.045776,31.945526,30.462349,30.242615,28.539711,30.370796,29.839783,35.300987,34.252693,32.279701,31.963837,31.936371,31.025406,34.7425,32.174408,31.139847,32.252235,31.290916,34.705879,2705789.7,5.2689514,-7.7866821,1.0574646,1.6525574,-0.44403076,0.23345947,-0.0045776367,-0.0045776367,-0.0045776367,-0.0045776367,-0.0045776367,-0.0045776367,-0.0045776367,-0.0045776367,-0.0045776367,-0.0045776367,-0.0045776367,-0.0045776367,-0.0045776367,-0.0045776367,-0.0045776367,-0.0045776367,-0.0045776367,-0.0045776367,2705789.7
2840833491616,6.0535241,0,40.446327,42.927444,39.054703,32.069122,33.044174,33.859009,34.856949,33.941406,33.804077,30.906387,33.66674,33.643852,38.038452,38.130005,34.504463,35.035477,34.371712,34.353401,38.432137,34.875259,34.715034,34.554817,33.685051,38.642708,2705809.7,41.009384,43.115128,38.816666,30.631721,29.862671,30.050354,31.954681,30.453194,30.242615,28.535133,30.366219,29.84436,35.300987,34.234375,32.270546,31.968414,31.945526,31.016251,34.737923,32.178986,31.144424,32.265968,31.281761,34.710457,2705809.7,3.2272949,0.17852783,-0.25177002,0.33416748,0.0045776367,0.12359619,-0.0045776367,-0.0045776367,-0.0045776367,-0.0045776367,-0.0045776367,-0.0045776367,-0.0045776367,-0.0045776367,-0.0045776367,-0.0045776367,-0.0045776367,-0.0045776367,-0.0045776367,-0.0045776367,-0.0045776367,-0.0045776367,-0.0045776367,-0.0045776367,2705809.7
2840853377376,6.0734098,0,40.446327,42.927444,39.063858,32.0737,33.053329,33.859009,34.861526,33.945984,33.804077,30.906387,33.66674,33.639275,38.04303,38.13916,34.499886,35.030899,34.376289,34.344246,38.432137,34.875259,34.710457,34.55024,33.685051,38.647285,2705829.7,41.018539,43.12886,38.839554,30.622566,29.880981,30.050354,31.954681,30.462349,30.238037,28.535133,30.361641,29.84436,35.268944,34.229797,32.279701,31.940948,31.940948,31.020828,34.7425,32.160675,31.158157,32.265968,31.272606,34.728767,2705829.7,1.7532654,8.9585571,-0.43487549,1.9363708,-0.022888184,-0.43487549,-0.0045776367,-0.0045776367,-0.0045776367,-0.0045776367,-0.0045776367,-0.0045776367,-0.0045776367,-0.0045776367,-0.0045776367,-0.0045776367,-0.0045776367,-0.0045776367,-0.0045776367,-0.0045776367,-0.0045776367,-0.0045776367,-0.0045776367,-0.0045776367,2705829.7
2840873372832,6.0934053,0,40.44175,42.9366,39.05928,32.069122,33.044174,33.854431,34.856949,33.941406,33.808655,30.90181,33.671318,33.64843,38.038452,38.130005,34.504463,35.026321,34.371712,34.353401,38.427559,34.875259,34.710457,34.554817,33.689629,38.63813,2705849.7,41.013962,43.160904,38.86702,30.627144,29.871826,30.041199,31.940948,30.448616,30.260933,28.539711,30.347908,29.853516,35.305565,34.24353,32.288857,31.972992,31.940948,31.025406,34.737923,32.160675,31.158157,32.24765,31.268028,34.682991,2705849.7,-8.5099487,22.783234,-5.4154358,-0.34332275,0.90179443,0.23345947,-0.0045776367,-0.0045776367,-0.0045776367,-0.0045776367,-0.0045776367,-0.0045776367,-0.0045776367,-0.0045776367,-0.0045776367,-0.0045776367,-0.0045776367,-0.0045776367,-0.0045776367,-0.0045776367,-0.0045776367,-0.0045776367,-0.0045776367,-0.0045776367,2705849.7
2840893353216,6.1133857,0,40.446327,42.9366,39.068436,32.0737,33.039597,33.854431,34.861526,33.936829,33.804077,30.906387,33.66674,33.64843,38.04303,38.130005,34.509041,35.035477,34.380867,34.353401,38.432137,34.879837,34.705879,34.55024,33.689629,38.633553,2705869.7,41.032272,43.160904,38.857864,30.617989,29.858093,30.054932,31.931793,30.457771,30.215149,28.535133,30.357063,29.858093,35.300987,34.22522,32.293434,31.963837,31.945526,31.007095,34.747078,32.156097,31.15358,32.24765,31.309227,34.692146,2705869.7,-12.812988,30.11673,-6.1753235,-1.1398621,-0.022888184,0.04119873,-0.0045776367,-0.0045776367,-0.0045776367,-0.0045776367,-0.0045776367,-0.0045776367,-0.0045776367,-0.0045776367,-0.0045776367,-0.0045776367,-0.0045776367,-0.0045776367,-0.0045776367,-0.0045776367,-0.0045776367,-0.0045776367,-0.0045776367,-0.0045776367,2705869.7
2840913403456,6.1334359,0,40.44175,42.941177,39.05928,32.064545,33.048752,33.854431,34.856949,33.936829,33.804077,30.897232,33.662163,33.64843,38.04303,38.134583,34.499886,35.026321,34.376289,34.357979,38.432137,34.884415,34.705879,34.55024,33.685051,38.63813,2705889.7,41.041428,43.170059,38.848709,30.627144,29.876404,30.054932,31.945526,30.42115,30.247192,28.535133,30.366219,29.858093,35.310143,34.234375,32.288857,31.97757,31.945526,31.029984,34.747078,32.15152,31.149002,32.261391,31.277184,34.687569,2705889.7,-22.993805,41.249725,-10.203705,-3.5202637,0.13275146,0.032043457,-0.0045776367,-0.0045776367,-0.0045776367,-0.0045776367,-0.0045776367,-0.0045776367,-0.0045776367,-0.0045776367,-0.0045776367,-0.0045776367,-0.0045776367,-0.0045776367,-0.0045776367,-0.0045776367,-0.0045776367,-0.0045776367,-0.0045776367,-0.0045776367,2705889.7
2840933365344,6.1533978,0,40.450905,42.950333,39.073013,32.069122,33.039597,33.859009,34.856949,33.945984,33.804077,30.90181,33.662163,33.64843,38.038452,38.125427,34.499886,35.035477,34.371712,34.344246,38.427559,34.884415,34.701302,34.545662,33.685051,38.642708,2705909.7,41.041428,43.20668,38.848709,30.636299,29.871826,30.054932,31.954681,30.457771,30.228882,28.530556,30.370796,29.839783,35.268944,34.22522,32.298012,31.950104,31.954681,31.020828,34.737923,32.156097,31.144424,32.261391,31.281761,34.692146,2705909.7,-27.956055,43.611816,-11.750977,-3.1448975,0.45318604,0.27008057,-0.0045776367,-0.0045776367,-0.0045776367,-0.0045776367,-0.0045776367,-0.0045776367,-0.0045776367,-0.0045776367,-0.0045776367,-0.0045776367,-0.0045776367,-0.0045776367,-0.0045776367,-0.0045776367,-0.0045776367,-0.0045776367,-0.0045776367,-0.0045776367,2705909.7
2840953393280,6.1734257,0,40.450905,42.941177,39.063858,32.0737,33.044174,33.859009,34.856949,33.941406,33.804077,30.90181,33.662163,33.64843,38.038452,38.130005,34.504463,35.026321,34.376289,34.357979,38.427559,34.879837,34.701302,34.55024,33.685051,38.63813,2705929.7,41.064316,43.18837,38.844131,30.650032,29.876404,30.050354,31.950104,30.444038,30.251778,28.530556,30.357063,29.858093,35.29641,34.24353,32.284279,31.963837,31.945526,31.029984,34.733345,32.165253,31.135269,32.24765,31.281761,34.696724,2705929.7,-38.384064,43.648438,-14.680695,-5.1407776,0.4989624,0.11444092,-0.0045776367,-0.0045776367,-0.0045776367,-0.0045776367,-0.0045776367,-0.0045776367,-0.0045776367,-0.0045776367,-0.0045776367,-0.0045776367,-0.0045776367,-0.0045776367,-0.0045776367,-0.0045776367,-0.0045776367,-0.0045776367,-0.0045776367,-0.0045776367,2705929.7
2840973409472,6.1934419,0,40.455482,42.959488,39.073013,32.069122,33.044174,33.854431,34.856949,33.941406,33.804077,30.90181,33.662163,33.653008,38.038452,38.130005,34.504463,35.035477,34.371712,34.353401,38.427559,34.875259,34.710457,34.55024,33.685051,38.633553,2705949.7,41.059738,43.220413,38.889908,30.636299,29.867249,30.032043,31.950104,30.439461,30.233459,28.539711,30.357063,29.853516,35.287254,34.238953,32.298012,31.959259,31.940948,31.002518,34.751663,32.146942,31.158157,32.252235,31.272606,34.692146,2705949.7,-43.035034,42.348358,-14.946198,-6.0471497,0.6729126,0.2243042,-0.0045776367,-0.0045776367,-0.0045776367,-0.0045776367,-0.0045776367,-0.0045776367,-0.0045776367,-0.0045776367,-0.0045776367,-0.0045776367,-0.0045776367,-0.0045776367,-0.0045776367,-0.0045776367,-0.0045776367,-0.0045776367,-0.0045776367,-0.0045776367,2705949.7
2840993386240,6.2134187,0,40.46006,42.950333,39.063858,32.069122,33.044174,33.854431,34.861526,33.941406,33.7995,30.906387,33.662163,33.64843,38.04303,38.134583,34.499886,35.021744,34.371712,34.357979,38.427559,34.875259,34.705879,34.554817,33.680473,38.642708,2705969.7,41.041428,43.211258,38.871597,30.627144,29.867249,30.041199,31.950104,30.448616,30.228882,28.535133,30.370796,29.848938,35.273521,34.238953,32.265968,31.972992,31.945526,31.029984,34.751663,32.165253,31.135269,32.261391,31.290916,34.687569,2705969.7,-45.415421,42.449066,-15.477234,-6.3218079,0.65460205,0.01373291,-0.0045776367,-0.0045776367,-0.0045776367,-0.0045776367,-0.0045776367,-0.0045776367,-0.0045776367,-0.0045776367,-0.0045776367,-0.0045776367,-0.0045776367,-0.0045776367,-0.0045776367,-0.0045776367,-0.0045776367,-0.0045776367,-0.0045776367,-0.0045776367,2705969.7
2841013401120,6.2334336,0,40.455482,42.950333,39.063858,32.0737,33.048752,33.849854,34.856949,33.945984,33.804077,30.90181,33.66674,33.653008,38.038452,38.130005,34.504463,35.030899,34.376289,34.348824,38.436714,34.875259,34.715034,34.55024,33.685051,38.647285,2705989.7,41.03685,43.238724,38.871597,30.640877,29.853516,30.032043,31.945526,30.457771,30.219727,28.525978,30.347908,29.871826,35.291832,34.248108,32.275124,31.963837,31.936371,31.039139,34.737923,32.146942,31.144424,32.265968,31.295494,34.696724,2705989.7,-45.983063,38.60379,-16.594177,-5.4612122,0.59967041,0.0045776367,-0.0045776367,-0.0045776367,-0.0045776367,-0.0045776367,-0.0045776367,-0.0045776367,-0.0045776367,-0.0045776367,-0.0045776367,-0.0045776367,-0.0045776367,-0.0045776367,-0.0045776367,-0.0045776367,-0.0045776367,-0.0045776367,-0.0045776367,-0.0045776367,2705989.7
2841033517120,6.2535496,0,40.450905,42.959488,39.068436,32.069122,33.044174,33.854431,34.856949,33.941406,33.7995,30.90181,33.66674,33.64843,38.033875,38.130005,34.504463,35.030899,34.376289,34.348824,38.432137,34.875259,34.710457,34.55024,33.675896,38.642708,2706009.7,41.027695,43.26162,38.894485,30.627144,29.867249,30.036621,31.940948,30.448616,30.238037,28.525978,30.34333,29.858093,35.282677,34.24353,32.270546,31.959259,31.950104,31.011673,34.760818,32.160675,31.126114,32.270546,31.295494,34.696724,2706009.7,-46.807053,36.736084,-15.898376,-3.9505615,0.5355835,-0.79193115,-0.0045776367,-0.0045776367,-0.0045776367,-0.0045776367,-0.0045776367,-0.0045776367,-0.0045776367,-0.0045776367,-0.0045776367,-0.0045776367,-0.0045776367,-0.0045776367,-0.0045776367,-0.0045776367,-0.0045776367,-0.0045776367,-0.0045776367,-0.0045776367,2706009.7
2841053368576,6.273401,0,40.450905,42.95491,39.068436,32.064545,33.039597,33.849854,34.856949,33.945984,33.804077,30.90181,33.66674,33.643852,38.033875,38.130005,34.499886,35.030899,34.376289,34.353401,38.432137,34.875259,34.705879,34.554817,33.680473,38.642708,2706029.7,41.032272,43.257042,38.921951,30.636299,29.858093,30.027466,31.950104,30.453194,30.224304,28.525978,30.370796,29.853516,35.305565,34.229797,32.279701,31.986725,31.950104,31.034561,34.7425,32.160675,31.135269,32.265968,31.277184,34.696724,2706029.7,-42.375824,31.151306,-15.83429,-0.59967041,0.44403076,0.23345947,-0.0045776367,-0.0045776367,-0.0045776367,-0.0045776367,-0.0045776367,-0.0045776367,-0.0045776367,-0.0045776367,-0.0045776367,-0.0045776367,-0.0045776367,-0.0045776367,-0.0045776367,-0.0045776367,-0.0045776367,-0.0045776367,-0.0045776367,-0.0045776367,2706029.7
2841073417696,6.2934501,0,40.446327,42.964066,39.073013,32.069122,33.044174,33.854431,34.856949,33.941406,33.804077,30.90181,33.66674,33.64843,38.033875,38.134583,34.499886,35.030899,34.371712,34.348824,38.427559,34.879837,34.705879,34.554817,33.685051,38.63813,2706049.7,41.046005,43.293663,38.908218,30.65461,29.84436,30.027466,31.931793,30.453194,30.228882,28.535133,30.347908,29.848938,35.300987,34.234375,32.288857,31.97757,31.945526,31.025406,34.7425,32.183563,31.139847,32.265968,31.286339,34.705879,2706049.7,-37.761505,29.677277,-14.84549,1.2771912,0.4989624,0.45318604,-0.0045776367,-0.0045776367,-0.0045776367,-0.0045776367,-0.0045776367,-0.0045776367,-0.0045776367,-0.0045776367,-0.0045776367,-0.0045776367,-0.0045776367,-0.0045776367,-0.0045776367,-0.0045776367,-0.0045776367,-0.0045776367,-0.0045776367,-0.0045776367,2706049.7
2841093374048,6.3134065,0,40.455482,42.959488,39.068436,32.069122,33.039597,33.854431,34.852371,33.945984,33.7995,30.90181,33.671318,33.643852,38.038452,38.125427,34.499886,35.030899,34.376289,34.353401,38.436714,34.879837,34.705879,34.55024,33.685051,38.642708,2706069.7,41.046005,43.289085,38.908218,30.650032,29.853516,30.045776,31.954681,30.448616,30.228882,28.525978,30.347908,29.853516,35.300987,34.206909,32.302589,31.972992,31.950104,31.016251,34.7425,32.16983,31.158157,32.270546,31.300072,34.705879,2706069.7,-28.175781,25.712982,-12.089722,3.7399902,-0.04119873,0.33416748,-0.0045776367,-0.0045776367,-0.0045776367,-0.0045776367,-0.0045776367,-0.0045776367,-0.0045776367,-0.0045776367,-0.0045776367,-0.0045776367,-0.0045776367,-0.0045776367,-0.0045776367,-0.0045776367,-0.0045776367,-0.0045776367,-0.0045776367,-0.0045776367,2706069.7
2841113387296,6.3334197,0,40.450905,42.968643,39.063858,32.069122,33.044174,33.854431,34.861526,33.941406,33.804077,30.90181,33.662163,33.64843,38.038452,38.12085,34.499886,35.026321,34.371712,34.357979,38.436714,34.879837,34.705879,34.554817,33.689629,38.63813,2706089.7,41.064316,43.298241,38.917374,30.659187,29.867249,30.036621,31.945526,30.462349,30.228882,28.525978,30.34333,29.858093,35.291832,34.22522,32.265968,31.950104,31.954681,31.020828,34.7425,32.16983,31.149002,32.24765,31.281761,34.701302,2706089.7,-22.636749,23.689636,-10.963593,4.4907227,0.56304932,0.086975098,-0.0045776367,-0.0045776367,-0.0045776367,-0.0045776367,-0.0045776367,-0.0045776367,-0.0045776367,-0.0045776367,-0.0045776367,-0.0045776367,-0.0045776367,-0.0045776367,-0.0045776367,-0.0045776367,-0.0045776367,-0.0045776367,-0.0045776367,-0.0045776367,2706089.7
2841133392480,6.3534249,0,40.46006,42.968643,39.073013,32.069122,33.044174,33.849854,34.856949,33.941406,33.804077,30.906387,33.671318,33.643852,38.04303,38.130005,34.495308,35.026321,34.376289,34.353401,38.432137,34.884415,34.705879,34.554817,33.685051,38.63813,2706109.7,41.059738,43.311974,38.903641,30.663765,29.876404,30.059509,31.945526,30.466927,30.247192,28.539711,30.347908,29.858093,35.305565,34.22522,32.284279,31.972992,31.950104,31.020828,34.7425,32.156097,31.158157,32.270546,31.286339,34.696724,2706109.7,-17.244232,21.97757,-9.2515564,5.0034485,0.46234131,-0.050354004,-0.0045776367,-0.0045776367,-0.0045776367,-0.0045776367,-0.0045776367,-0.0045776367,-0.0045776367,-0.0045776367,-0.0045776367,-0.0045776367,-0.0045776367,-0.0045776367,-0.0045776367,-0.0045776367,-0.0045776367,-0.0045776367,-0.0045776367,-0.0045776367,2706109.7
2841153373504,6.373406,0,40.455482,42.968643,39.073013,32.078278,33.039597,33.849854,34.852371,33.945984,33.7995,30.906387,33.66674,33.653008,38.038452,38.125427,34.499886,35.035477,34.376289,34.353401,38.436714,34.875259,34.705879,34.545662,33.689629,38.642708,2706129.7,41.059738,43.339439,38.935684,30.659187,29.876404,30.045776,31.950104,30.453194,30.238037,28.535133,30.361641,29.858093,35.291832,34.24353,32.298012,31.963837,31.950104,31.025406,34.72419,32.156097,31.149002,32.243073,31.290916,34.687569,2706129.7,-7.1641235,17.271698,-3.4561768,4.9210205,0.5355835,-0.52642822,-0.0045776367,-0.0045776367,-0.0045776367,-0.0045776367,-0.0045776367,-0.0045776367,-0.0045776367,-0.0045776367,-0.0045776367,-0.0045776367,-0.0045776367,-0.0045776367,-0.0045776367,-0.0045776367,-0.0045776367,-0.0045776367,-0.0045776367,-0.0045776367,2706129.7
2841173372544,6.393405,0,40.464638,42.977798,39.063858,32.069122,33.039597,33.854431,34.856949,33.941406,33.804077,30.897232,33.662163,33.643852,38.04303,38.134583,34.495308,35.035477,34.376289,34.348824,38.432137,34.879837,34.710457,34.545662,33.685051,38.63813,2706149.7,41.082626,43.362328,38.949417,30.650032,29.876404,30.027466,31.940948,30.439461,30.251778,28.525978,30.347908,29.839783,35.310143,34.229797,32.298012,31.954681,31.940948,31.011673,34.733345,32.165253,31.135269,32.256813,31.277184,34.696724,2706149.7,-2.7237244,14.058136,-1.4328308,4.9851074,0.47149658,-0.059509277,-0.0045776367,-0.0045776367,-0.0045776367,-0.0045776367,-0.0045776367,-0.0045776367,-0.0045776367,-0.0045776367,-0.0045776367,-0.0045776367,-0.0045776367,-0.0045776367,-0.0045776367,-0.0045776367,-0.0045776367,-0.0045776367,-0.0045776367,-0.0045776367,2706149.7
2841193377408,6.4134099,0,40.469215,42.973221,39.077591,32.069122,33.039597,33.854431,34.852371,33.945984,33.7995,30.90181,33.662163,33.653008,38.038452,38.125427,34.504463,35.035477,34.371712,34.348824,38.436714,34.879837,34.701302,34.545662,33.685051,38.63813,2706169.7,41.082626,43.353172,38.921951,30.663765,29.885559,30.045776,31.945526,30.457771,30.233459,28.530556,30.338753,29.858093,35.29641,34.238953,32.284279,31.968414,31.950104,31.025406,34.747078,32.165253,31.144424,32.252235,31.272606,34.701302,2706169.7,0.85601807,7.6951294,0.27008057,1.6983337,0.32501221,-0.37078857,-0.0045776367,-0.0045776367,-0.0045776367,-0.0045776367,-0.0045776367,-0.0045776367,-0.0045776367,-0.0045776367,-0.0045776367,-0.0045776367,-0.0045776367,-0.0045776367,-0.0045776367,-0.0045776367,-0.0045776367,-0.0045776367,-0.0045776367,-0.0045776367,2706169.7
2841213378240,6.4334107,0,40.469215,42.982376,39.073013,32.0737,33.039597,33.845276,34.852371,33.941406,33.804077,30.90181,33.662163,33.643852,38.04303,38.125427,34.499886,35.035477,34.380867,34.348824,38.427559,34.879837,34.710457,34.55024,33.685051,38.642708,2706189.7,41.073471,43.403526,38.976883,30.682076,29.867249,30.032043,31.950104,30.462349,30.233459,28.5214,30.361641,29.84436,35.310143,34.229797,32.288857,31.959259,31.927216,31.029984,34.737923,32.160675,31.144424,32.252235,31.277184,34.701302,2706189.7,3.7399902,4.1153564,2.778656,0.55389404,0.77362061,-0.62713623,-0.0045776367,-0.0045776367,-0.0045776367,-0.0045776367,-0.0045776367,-0.0045776367,-0.0045776367,-0.0045776367,-0.0045776367,-0.0045776367,-0.0045776367,-0.0045776367,-0.0045776367,-0.0045776367,-0.0045776367,-0.0045776367,-0.0045776367,-0.0045776367,2706189.7
2841233619616,6.4536521,0,40.46006,42.986954,39.073013,32.069122,33.035019,33.859009,34.856949,33.941406,33.7995,30.906387,33.66674,33.653008,38.04303,38.130005,34.499886,35.035477,34.376289,34.348824,38.436714,34.884415,34.705879,34.55024,33.680473,38.63813,2706211.7,41.100937,43.430992,38.931107,30.650032,29.871826,30.041199,31.931793,30.439461,30.228882,28.535133,30.34333,29.839783,35.305565,34.220642,32.288857,31.963837,31.954681,31.034561,34.737923,32.16983,31.144424,32.252235,31.309227,34.701302,2706211.7,3.9230957,-0.9475708,3.0991211,-4.4815674,0.48065186,-0.096130371,-0.0045776367,-0.0045776367,-0.0045776367,-0.0045776367,-0.0045776367,-0.0045776367,-0.0045776367,-0.0045776367,-0.0045776367,-0.0045776367,-0.0045776367,-0.0045776367,-0.0045776367,-0.0045776367,-0.0045776367,-0.0045776367,-0.0045776367,-0.0045776367,2706211.7
2841253402624,6.4734351,0,40.469215,42.982376,39.077591,32.069122,33.039597,33.849854,34.852371,33.941406,33.804077,30.906387,33.66674,33.643852,38.04303,38.134583,34.504463,35.030899,34.376289,34.353401,38.436714,34.875259,34.705879,34.545662,33.689629,38.642708,2706229.7,41.100937,43.444725,38.958572,30.65461,29.858093,30.064087,31.945526,30.453194,30.233459,28.5214,30.347908,29.862671,35.300987,34.229797,32.284279,31.945526,31.940948,31.011673,34.7425,32.160675,31.149002,32.265968,31.295494,34.696724,2706229.7,3.1357422,-7.3838501,1.5335388,-7.0817261,0.71868896,-0.78277588,-0.0045776367,-0.0045776367,-0.0045776367,-0.0045776367,-0.0045776367,-0.0045776367,-0.0045776367,-0.0045776367,-0.0045776367,-0.0045776367,-0.0045776367,-0.0045776367,-0.0045776367,-0.0045776367,-0.0045776367,-0.0045776367,-0.0045776367,-0.0045776367,2706229.7
2841273444224,6.4934767,0,40.464638,42.986954,39.073013,32.069122,33.035019,33.854431,34.852371,33.945984,33.7995,30.90181,33.671318,33.643852,38.038452,38.134583,34.504463,35.030899,34.376289,34.353401,38.427559,34.870682,34.705879,34.55024,33.685051,38.63813,2706249.7,41.091782,43.463036,38.958572,30.668343,29.876404,30.041199,31.940948,30.439461,30.238037,28.535133,30.361641,29.858093,35.291832,34.22522,32.298012,31.954681,31.950104,31.034561,34.733345,32.174408,31.162735,32.261391,31.272606,34.696724,2706249.7,2.0828552,-10.569916,0.34332275,-8.6015015,0.54473877,-0.33416748,-0.0045776367,-0.0045776367,-0.0045776367,-0.0045776367,-0.0045776367,-0.0045776367,-0.0045776367,-0.0045776367,-0.0045776367,-0.0045776367,-0.0045776367,-0.0045776367,-0.0045776367,-0.0045776367,-0.0045776367,-0.0045776367,-0.0045776367,-0.0045776367,2706249.7
2841293341056,6.5133735,0,40.469215,42.991531,39.068436,32.0737,33.035019,33.849854,34.852371,33.950562,33.804077,30.90181,33.662163,33.643852,38.038452,38.130005,34.504463,35.030899,34.376289,34.344246,38.432137,34.879837,34.710457,34.545662,33.685051,38.63813,2706269.7,41.110092,43.485924,38.958572,30.663765,29.867249,30.041199,31.945526,30.457771,30.247192,28.539711,30.361641,29.839783,35.29641,34.229797,32.298012,31.968414,31.940948,31.020828,34.733345,32.183563,31.144424,32.261391,31.286339,34.701302,2706269.7,0.29754639,-13.737701,-6.193634,-10.725555,0.0045776367,-0.13275146,-0.0045776367,-0.0045776367,-0.0045776367,-0.0045776367,-0.0045776367,-0.0045776367,-0.0045776367,-0.0045776367,-0.0045776367,-0.0045776367,-0.0045776367,-0.0045776367,-0.0045776367,-0.0045776367,-0.0045776367,-0.0045776367,-0.0045776367,-0.0045776367,2706269.7
2841313378656,6.5334111,0,40.46006,42.996109,39.073013,32.078278,33.035019,33.854431,34.856949,33.945984,33.804077,30.90181,33.66674,33.64843,38.038452,38.134583,34.495308,35.030899,34.376289,34.357979,38.436714,34.879837,34.705879,34.545662,33.689629,38.63813,2706289.7,41.068893,43.476768,38.976883,30.677498,29.867249,30.041199,31.945526,30.457771,30.247192,28.530556,30.370796,29.858093,35.278099,34.22522,32.284279,31.954681,31.945526,31.029984,34.747078,32.160675,31.139847,32.256813,31.290916,34.687569,2706289.7,-0.17852783,-15.989929,-9.0501404,-11.595337,0.38909912,-0.43487549,-0.0045776367,-0.0045776367,-0.0045776367,-0.0045776367,-0.0045776367,-0.0045776367,-0.0045776367,-0.0045776367,-0.0045776367,-0.0045776367,-0.0045776367,-0.0045776367,-0.0045776367,-0.0045776367,-0.0045776367,-0.0045776367,-0.0045776367,-0.0045776367,2706289.7
2841333378432,6.5534109,0,40.478371,43.000687,39.077591,32.078278,33.035019,33.849854,34.856949,33.945984,33.804077,30.910965,33.671318,33.643852,38.038452,38.130005,34.504463,35.030899,34.371712,34.348824,38.427559,34.879837,34.710457,34.545662,33.685051,38.63813,2706309.7,41.082626,43.495079,38.96315,30.682076,29.867249,30.045776,31.954681,30.439461,30.265511,28.530556,30.366219,29.858093,35.305565,34.234375,32.284279,31.972992,31.950104,30.99794,34.737923,32.156097,31.15358,32.270546,31.286339,34.715034,2706309.7,0.41656494,-20.906372,-16.53009,-12.501709,-0.64544678,1.3412781,-0.0045776367,-0.0045776367,-0.0045776367,-0.0045776367,-0.0045776367,-0.0045776367,-0.0045776367,-0.0045776367,-0.0045776367,-0.0045776367,-0.0045776367,-0.0045776367,-0.0045776367,-0.0045776367,-0.0045776367,-0.0045776367,-0.0045776367,-0.0045776367,2706309.7
2841353359552,6.573392,0,40.478371,43.009842,39.082169,32.082855,33.035019,33.854431,34.856949,33.941406,33.7995,30.906387,33.671318,33.64843,38.033875,38.134583,34.504463,35.026321,34.376289,34.353401,38.432137,34.879837,34.710457,34.545662,33.685051,38.633553,2706329.7,41.110092,43.527122,38.990616,30.682076,29.858093,30.059509,31.950104,30.453194,30.238037,28.535133,30.338753,29.848938,35.29641,34.229797,32.275124,31.968414,31.931793,31.025406,34.7425,32.160675,31.144424,32.275124,31.281761,34.692146,2706329.7,-0.20599365,-23.598083,-21.519806,-12.794678,0.44403076,-0.18768311,-0.0045776367,-0.0045776367,-0.0045776367,-0.0045776367,-0.0045776367,-0.0045776367,-0.0045776367,-0.0045776367,-0.0045776367,-0.0045776367,-0.0045776367,-0.0045776367,-0.0045776367,-0.0045776367,-0.0045776367,-0.0045776367,-0.0045776367,-0.0045776367,2706329.7
2841373432640,6.5934651,0,40.469215,43.005264,39.082169,32.0737,33.039597,33.845276,34.861526,33.941406,33.7995,30.90181,33.671318,33.64843,38.038452,38.125427,34.499886,35.030899,34.380867,34.357979,38.436714,34.879837,34.710457,34.55024,33.689629,38.63813,2706349.7,41.123825,43.540855,38.972305,30.682076,29.871826,30.073242,31.950104,30.453194,30.238037,28.544289,30.34333,29.853516,35.29641,34.22522,32.284279,31.954681,31.945526,31.020828,34.728767,32.16983,31.15358,32.265968,31.286339,34.710457,2706349.7,5.3055725,-27.47998,-27.992676,-11.586182,1.0391541,-0.04119873,-0.0045776367,-0.0045776367,-0.0045776367,-0.0045776367,-0.0045776367,-0.0045776367,-0.0045776367,-0.0045776367,-0.0045776367,-0.0045776367,-0.0045776367,-0.0045776367,-0.0045776367,-0.0045776367,-0.0045776367,-0.0045776367,-0.0045776367,-0.0045776367,2706349.7
2841393355168,6.6133876,0,40.473793,43.018997,39.091324,32.0737,33.039597,33.854431,34.852371,33.936829,33.804077,30.897232,33.66674,33.64843,38.038452,38.130005,34.499886,35.035477,34.371712,34.348824,38.441292,34.879837,34.705879,34.55024,33.680473,38.63813,2706369.7,41.123825,43.554588,38.976883,30.668343,29.871826,30.045776,31.945526,30.462349,30.233459,28.535133,30.357063,29.848938,35.310143,34.22522,32.284279,31.959259,31.959259,31.016251,34.719612,32.156097,31.130692,32.252235,31.281761,34.701302,2706369.7,10.258636,-28.990601,-31.041443,-10.624847,1.9272156,-0.15106201,-0.0045776367,-0.0045776367,-0.0045776367,-0.0045776367,-0.0045776367,-0.0045776367,-0.0045776367,-0.0045776367,-0.0045776367,-0.0045776367,-0.0045776367,-0.0045776367,-0.0045776367,-0.0045776367,-0.0045776367,-0.0045776367,-0.0045776367,-0.0045776367,2706369.7
2841413381568,6.633414,0,40.473793,43.009842,39.077591,32.0737,33.039597,33.849854,34.856949,33.936829,33.7995,30.90181,33.66674,33.653008,38.038452,38.134583,34.499886,35.026321,34.376289,34.348824,38.432137,34.875259,34.710457,34.545662,33.694206,38.642708,2706389.7,41.146713,43.586632,39.004349,30.682076,29.867249,30.041199,31.931793,30.453194,30.242615,28.525978,30.352486,29.858093,35.282677,34.229797,32.293434,31.968414,31.940948,31.020828,34.733345,32.146942,31.149002,32.265968,31.281761,34.701302,2706389.7,10.54245,-30.629425,-33.842987,-10.029755,0.47149658,0.30670166,-0.0045776367,-0.0045776367,-0.0045776367,-0.0045776367,-0.0045776367,-0.0045776367,-0.0045776367,-0.0045776367,-0.0045776367,-0.0045776367,-0.0045776367,-0.0045776367,-0.0045776367,-0.0045776367,-0.0045776367,-0.0045776367,-0.0045776367,-0.0045776367,2706389.7
2841433501984,6.6535344,0,40.473793,43.01442,39.05928,32.0737,33.030441,33.854431,34.856949,33.941406,33.7995,30.906387,33.662163,33.643852,38.04303,38.125427,34.499886,35.035477,34.376289,34.353401,38.432137,34.875259,34.710457,34.55024,33.685051,38.63813,2706409.7,41.137558,43.604942,39.008926,30.686653,29.871826,30.041199,31.945526,30.462349,30.256355,28.525978,30.34333,29.862671,35.305565,34.22522,32.279701,31.97757,31.950104,31.034561,34.728767,32.156097,31.139847,32.24765,31.277184,34.719612,2706409.7,11.265747,-30.96817,-33.009857,-9.8924255,-0.59967041,0.71868896,-0.0045776367,-0.0045776367,-0.0045776367,-0.0045776367,-0.0045776367,-0.0045776367,-0.0045776367,-0.0045776367,-0.0045776367,-0.0045776367,-0.0045776367,-0.0045776367,-0.0045776367,-0.0045776367,-0.0045776367,-0.0045776367,-0.0045776367,-0.0045776367,2706409.7
2841453355776,6.6733882,0,40.482948,43.028152,39.068436,32.0737,33.030441,33.849854,34.856949,33.936829,33.7995,30.90181,33.66674,33.64843,38.038452,38.130005,34.499886,35.030899,34.376289,34.357979,38.427559,34.875259,34.710457,34.55024,33.689629,38.642708,2706429.7,41.137558,43.595787,39.018082,30.677498,29.862671,30.045776,31.936371,30.462349,30.242615,28.535133,30.352486,29.853516,35.29641,34.234375,32.298012,31.982147,31.954681,31.025406,34.7425,32.142365,31.130692,32.265968,31.304649,34.692146,2706429.7,9.9198914,-30.070953,-29.475861,-9.3980408,-0.23345947,1.0757751,-0.0045776367,-0.0045776367,-0.0045776367,-0.0045776367,-0.0045776367,-0.0045776367,-0.0045776367,-0.0045776367,-0.0045776367,-0.0045776367,-0.0045776367,-0.0045776367,-0.0045776367,-0.0045776367,-0.0045776367,-0.0045776367,-0.0045776367,-0.0045776367,2706429.7
2841473367008,6.6933995,0,40.478371,43.023575,39.082169,32.082855,33.030441,33.845276,34.852371,33.941406,33.7995,30.906387,33.657585,33.64843,38.038452,38.134583,34.495308,35.035477,34.376289,34.353401,38.427559,34.884415,34.705879,34.55024,33.685051,38.642708,2706449.7,41.13298,43.60952,38.999771,30.691231,29.867249,30.027466,31.945526,30.453194,30.233459,28.539711,30.352486,29.858093,35.273521,34.234375,32.284279,31.950104,31.945526,31.029984,34.733345,32.160675,31.144424,32.261391,31.272606,34.710457,2706449.7,11.137573,-29.430084,-23.002991,-10.661469,0.25177002,0.73699951,-0.0045776367,-0.0045776367,-0.0045776367,-0.0045776367,-0.0045776367,-0.0045776367,-0.0045776367,-0.0045776367,-0.0045776367,-0.0045776367,-0.0045776367,-0.0045776367,-0.0045776367,-0.0045776367,-0.0045776367,-0.0045776367,-0.0045776367,-0.0045776367,2706449.7
2841493437248,6.7134697,0,40.478371,43.037308,39.082169,32.078278,33.035019,33.854431,34.852371,33.936829,33.804077,30.910965,33.66674,33.64843,38.029297,38.134583,34.49073,35.026321,34.371712,34.353401,38.436714,34.879837,34.710457,34.55024,33.689629,38.63813,2706469.7,41.146713,43.623253,39.018082,30.663765,29.871826,30.050354,31.959259,30.457771,30.228882,28.525978,30.347908,29.862671,35.29641,34.206909,32.270546,31.968414,31.963837,31.025406,34.72419,32.15152,31.135269,32.24765,31.300072,34.687569,2706469.7,9.7917175,-28.596924,-20.778198,-11.155884,-0.16021729,0.3616333,-0.0045776367,-0.0045776367,-0.0045776367,-0.0045776367,-0.0045776367,-0.0045776367,-0.0045776367,-0.0045776367,-0.0045776367,-0.0045776367,-0.0045776367,-0.0045776367,-0.0045776367,-0.0045776367,-0.0045776367,-0.0045776367,-0.0045776367,-0.0045776367,2706469.7
2841513346592,6.733379,0,40.469215,43.028152,39.077591,32.078278,33.035019,33.854431,34.856949,33.941406,33.7995,30.90181,33.662163,33.653008,38.038452,38.125427,34.499886,35.030899,34.371712,34.353401,38.422981,34.870682,34.715034,34.545662,33.689629,38.63813,2706489.7,41.160446,43.659874,38.995193,30.695808,29.848938,30.041199,31.940948,30.444038,30.228882,28.535133,30.34333,29.853516,35.300987,34.234375,32.275124,31.959259,31.954681,31.029984,34.728767,32.15152,31.158157,32.252235,31.277184,34.692146,2706489.7,11.952393,-26.793304,-15.468079,-12.108032,1.5610046,-0.20599365,-0.0045776367,-0.0045776367,-0.0045776367,-0.0045776367,-0.0045776367,-0.0045776367,-0.0045776367,-0.0045776367,-0.0045776367,-0.0045776367,-0.0045776367,-0.0045776367,-0.0045776367,-0.0045776367,-0.0045776367,-0.0045776367,-0.0045776367,-0.0045776367,2706489.7
2841533394624,6.7534271,0,40.469215,43.037308,39.086746,32.078278,33.030441,33.845276,34.856949,33.941406,33.804077,30.897232,33.66674,33.639275,38.04303,38.125427,34.504463,35.021744,34.376289,34.344246,38.432137,34.879837,34.701302,34.55024,33.685051,38.63813,2706509.7,41.137558,43.664452,39.018082,30.691231,29.862671,30.036621,31.954681,30.457771,30.233459,28.539711,30.34333,29.853516,35.300987,34.234375,32.293434,31.972992,31.950104,31.020828,34.747078,32.165253,31.149002,32.252235,31.286339,34.710457,2706509.7,11.02771,-26.445404,-14.287018,-11.86084,-0.81939697,0.92010498,-0.0045776367,-0.0045776367,-0.0045776367,-0.0045776367,-0.0045776367,-0.0045776367,-0.0045776367,-0.0045776367,-0.0045776367,-0.0045776367,-0.0045776367,-0.0045776367,-0.0045776367,-0.0045776367,-0.0045776367,-0.0045776367,-0.0045776367,-0.0045776367,2706509.7
2841553352416,6.7733849,0,40.478371,43.028152,39.082169,32.078278,33.025864,33.845276,34.852371,33.941406,33.804077,30.906387,33.66674,33.643852,38.033875,38.130005,34.504463,35.030899,34.371712,34.353401,38.427559,34.879837,34.705879,34.554817,33.689629,38.63813,2706529.7,41.160446,43.678185,39.022659,30.686653,29.871826,30.036621,31.950104,30.453194,30.224304,28.539711,30.34333,29.858093,35.300987,34.238953,32.302589,31.97757,31.954681,31.020828,34.728767,32.15152,31.126114,32.243073,31.290916,34.678413,2706529.7,10.020599,-24.971375,-12.153809,-11.430542,0.096130371,-0.15106201,-0.0045776367,-0.0045776367,-0.0045776367,-0.0045776367,-0.0045776367,-0.0045776367,-0.0045776367,-0.0045776367,-0.0045776367,-0.0045776367,-0.0045776367,-0.0045776367,-0.0045776367,-0.0045776367,-0.0045776367,-0.0045776367,-0.0045776367,-0.0045776367,2706529.7
2841573380160,6.7934126,0,40.487526,43.041885,39.082169,32.078278,33.035019,33.840698,34.856949,33.941406,33.804077,30.90181,33.657585,33.643852,38.04303,38.134583,34.499886,35.030899,34.371712,34.357979,38.436714,34.879837,34.705879,34.554817,33.689629,38.63813,2706549.7,41.160446,43.68734,39.04097,30.704964,29.871826,30.059509,31.945526,30.434883,30.256355,28.544289,30.32502,29.880981,35.29641,34.234375,32.298012,31.968414,31.945526,31.029984,34.737923,32.156097,31.144424,32.261391,31.304649,34.719612,2706549.7,8.9036255,-21.831085,-5.6351624,-10.688934,0.48065186,0.34332275,-0.0045776367,-0.0045776367,-0.0045776367,-0.0045776367,-0.0045776367,-0.0045776367,-0.0045776367,-0.0045776367,-0.0045776367,-0.0045776367,-0.0045776367,-0.0045776367,-0.0045776367,-0.0045776367,-0.0045776367,-0.0045776367,-0.0045776367,-0.0045776367,2706549.7
2841593369376,6.8134018,0,40.473793,43.041885,39.086746,32.082855,33.035019,33.845276,34.852371,33.945984,33.804077,30.90181,33.662163,33.639275,38.038452,38.13916,34.495308,35.035477,34.380867,34.348824,38.436714,34.879837,34.710457,34.554817,33.680473,38.642708,2706569.7,41.165024,43.710228,39.036392,30.695808,29.867249,30.041199,31.940948,30.457771,30.251778,28.525978,30.361641,29.848938,35.300987,34.234375,32.279701,31.954681,31.936371,31.020828,34.72419,32.16983,31.135269,32.265968,31.272606,34.696724,2706569.7,7.2922974,-19.67041,-3.5019531,-10.313568,0.48980713,-0.12359619,-0.0045776367,-0.0045776367,-0.0045776367,-0.0045776367,-0.0045776367,-0.0045776367,-0.0045776367,-0.0045776367,-0.0045776367,-0.0045776367,-0.0045776367,-0.0045776367,-0.0045776367,-0.0045776367,-0.0045776367,-0.0045776367,-0.0045776367,-0.0045776367,2706569.7
2841613342720,6.8333752,0,40.478371,43.055618,39.095901,32.078278,33.030441,33.845276,34.856949,33.941406,33.804077,30.906387,33.66674,33.64843,38.038452,38.130005,34.499886,35.026321,34.376289,34.348824,38.432137,34.879837,34.705879,34.554817,33.685051,38.633553,2706589.7,41.169601,43.701073,39.05928,30.700386,29.867249,30.068665,31.954681,30.466927,30.215149,28.530556,30.347908,29.839783,35.291832,34.252693,32.279701,31.968414,31.945526,31.020828,34.737923,32.160675,31.135269,32.256813,31.281761,34.696724,2706589.7,3.2913818,-14.442657,0.086975098,-8.6015015,-0.81939697,0.44403076,-0.0045776367,-0.0045776367,-0.0045776367,-0.0045776367,-0.0045776367,-0.0045776367,-0.0045776367,-0.0045776367,-0.0045776367,-0.0045776367,-0.0045776367,-0.0045776367,-0.0045776367,-0.0045776367,-0.0045776367,-0.0045776367,-0.0045776367,-0.0045776367,2706589.7
2841633514432,6.8535469,0,40.482948,43.055618,39.091324,32.078278,33.030441,33.840698,34.856949,33.941406,33.804077,30.90181,33.657585,33.64843,38.04303,38.130005,34.495308,35.030899,34.371712,34.357979,38.432137,34.875259,34.710457,34.554817,33.685051,38.633553,2706609.7,41.178757,43.714806,39.068436,30.686653,29.862671,30.041199,31.959259,30.466927,30.233459,28.5214,30.34333,29.862671,35.29641,34.238953,32.284279,31.950104,31.963837,31.029984,34.7425,32.146942,31.139847,32.265968,31.290916,34.692146,2706609.7,1.9455261,-10.981903,5.6260071,-7.1824341,-0.60882568,0.059509277,-0.0045776367,-0.0045776367,-0.0045776367,-0.0045776367,-0.0045776367,-0.0045776367,-0.0045776367,-0.0045776367,-0.0045776367,-0.0045776367,-0.0045776367,-0.0045776367,-0.0045776367,-0.0045776367,-0.0045776367,-0.0045776367,-0.0045776367,-0.0045776367,2706609.7
2841653354912,6.8733874,0,40.482948,43.055618,39.091324,32.078278,33.030441,33.840698,34.856949,33.945984,33.804077,30.906387,33.671318,33.653008,38.04303,38.130005,34.499886,35.026321,34.371712,34.357979,38.427559,34.879837,34.705879,34.55024,33.685051,38.642708,2706629.7,41.183334,43.733116,39.063858,30.695808,29.876404,30.050354,31.959259,30.457771,30.251778,28.530556,30.357063,29.84436,35.305565,34.234375,32.302589,31.972992,31.954681,31.025406,34.72419,32.156097,31.126114,32.256813,31.277184,34.710457,2706629.7,-0.32501221,-3.3096924,10.87204,-3.1082764,-0.18768311,-0.27008057,-0.0045776367,-0.0045776367,-0.0045776367,-0.0045776367,-0.0045776367,-0.0045776367,-0.0045776367,-0.0045776367,-0.0045776367,-0.0045776367,-0.0045776367,-0.0045776367,-0.0045776367,-0.0045776367,-0.0045776367,-0.0045776367,-0.0045776367,-0.0045776367,2706629.7
2841673355808,6.8933883,0,40.482948,43.064774,39.100479,32.078278,33.025864,33.845276,34.856949,33.941406,33.7995,30.90181,33.657585,33.643852,38.04303,38.130005,34.495308,35.026321,34.376289,34.357979,38.427559,34.866104,34.710457,34.541084,33.685051,38.642708,2706649.7,41.178757,43.737694,39.073013,30.691231,29.876404,30.036621,31.936371,30.457771,30.247192,28.530556,30.352486,29.853516,35.319298,34.234375,32.293434,31.950104,31.945526,31.034561,34.72419,32.142365,31.130692,32.24765,31.286339,34.719612,2706649.7,-2.3483582,-0.30670166,11.68689,-0.35247803,-1.7715759,0.48980713,-0.0045776367,-0.0045776367,-0.0045776367,-0.0045776367,-0.0045776367,-0.0045776367,-0.0045776367,-0.0045776367,-0.0045776367,-0.0045776367,-0.0045776367,-0.0045776367,-0.0045776367,-0.0045776367,-0.0045776367,-0.0045776367,-0.0045776367,-0.0045776367,2706649.7
2841693333408,6.9133659,0,40.487526,43.064774,39.100479,32.0737,33.035019,33.845276,34.856949,33.941406,33.804077,30.90181,33.66674,33.64843,38.038452,38.130005,34.495308,35.026321,34.376289,34.348824,38.432137,34.879837,34.710457,34.55024,33.694206,38.642708,2706669.7,41.206223,43.76059,39.091324,30.704964,29.885559,30.059509,31.940948,30.462349,30.247192,28.525978,30.329597,29.858093,35.29641,34.261848,32.279701,31.968414,31.940948,31.043716,34.719612,32.16983,31.144424,32.252235,31.300072,34.710457,2706669.7,-2.4948425,1.3138123,12.648193,0.34332275,-0.077819824,-0.51727295,-0.0045776367,-0.0045776367,-0.0045776367,-0.0045776367,-0.0045776367,-0.0045776367,-0.0045776367,-0.0045776367,-0.0045776367,-0.0045776367,-0.0045776367,-0.0045776367,-0.0045776367,-0.0045776367,-0.0045776367,-0.0045776367,-0.0045776367,-0.0045776367,2706669.7
2841713515456,6.9335479,0,40.487526,43.073929,39.100479,32.078278,33.030441,33.845276,34.856949,33.941406,33.7995,30.906387,33.66674,33.653008,38.038452,38.130005,34.495308,35.026321,34.376289,34.353401,38.432137,34.879837,34.715034,34.545662,33.685051,38.63813,2706689.7,41.229111,43.801788,39.100479,30.704964,29.899292,30.036621,31.959259,30.457771,30.247192,28.530556,30.352486,29.839783,35.29641,34.206909,32.298012,31.945526,31.945526,31.020828,34.737923,32.165253,31.144424,32.261391,31.300072,34.696724,2706689.7,-3.9871826,4.0878906,13.710236,5.6168518,-0.86517334,0.21514893,-0.0045776367,-0.0045776367,-0.0045776367,-0.0045776367,-0.0045776367,-0.0045776367,-0.0045776367,-0.0045776367,-0.0045776367,-0.0045776367,-0.0045776367,-0.0045776367,-0.0045776367,-0.0045776367,-0.0045776367,-0.0045776367,-0.0045776367,-0.0045776367,2706689.7
2841733337376,6.9533698,0,40.492104,43.078506,39.109634,32.078278,33.030441,33.840698,34.852371,33.941406,33.7995,30.90181,33.66674,33.657585,38.038452,38.130005,34.499886,35.030899,34.371712,34.353401,38.432137,34.884415,34.705879,34.55024,33.685051,38.642708,2706709.7,41.19249,43.806366,39.114212,30.695808,29.885559,30.041199,31.940948,30.439461,30.242615,28.535133,30.352486,29.858093,35.29641,34.229797,32.293434,31.963837,31.940948,31.011673,34.737923,32.15152,31.144424,32.261391,31.281761,34.687569,2706709.7,-3.3096924,5.186554,11.989014,7.1641235,-0.82855225,0.59967041,-0.0045776367,-0.0045776367,-0.0045776367,-0.0045776367,-0.0045776367,-0.0045776367,-0.0045776367,-0.0045776367,-0.0045776367,-0.0045776367,-0.0045776367,-0.0045776367,-0.0045776367,-0.0045776367,-0.0045776367,-0.0045776367,-0.0045776367,-0.0045776367,2706709.7
2841753324672,6.9733571,0,40.496681,43.073929,39.100479,32.0737,33.030441,33.845276,34.856949,33.945984,33.804077,30.906387,33.66674,33.643852,38.038452,38.12085,34.499886,35.026321,34.376289,34.353401,38.432137,34.879837,34.705879,34.55024,33.689629,38.633553,2706729.7,41.206223,43.810944,39.109634,30.704964,29.853516,30.054932,31.950104,30.448616,30.270088,28.539711,30.347908,29.848938,35.29641,34.22522,32.293434,31.968414,31.945526,31.029984,34.747078,32.156097,31.144424,32.24765,31.281761,34.701302,2706729.7,-2.1286316,11.86084,4.6921387,6.3858948,-0.73699951,0.33416748,-0.0045776367,-0.0045776367,-0.0045776367,-0.0045776367,-0.0045776367,-0.0045776367,-0.0045776367,-0.0045776367,-0.0045776367,-0.0045776367,-0.0045776367,-0.0045776367,-0.0045776367,-0.0045776367,-0.0045776367,-0.0045776367,-0.0045776367,-0.0045776367,2706729.7
2841773363136,6.9933956,0,40.501259,43.083084,39.105057,32.078278,33.035019,33.845276,34.856949,33.936829,33.808655,30.90181,33.662163,33.64843,38.038452,38.125427,34.499886,35.035477,34.371712,34.353401,38.432137,34.879837,34.710457,34.545662,33.685051,38.633553,2706749.7,41.215378,43.824677,39.141678,30.704964,29.867249,30.036621,31.927216,30.439461,30.242615,28.539711,30.352486,29.853516,35.278099,34.24353,32.302589,31.963837,31.950104,31.016251,34.733345,32.165253,31.135269,32.275124,31.290916,34.701302,2706749.7,-3.5843506,14.387726,1.6617126,4.9484863,-0.43487549,-0.10528564,-0.0045776367,-0.0045776367,-0.0045776367,-0.0045776367,-0.0045776367,-0.0045776367,-0.0045776367,-0.0045776367,-0.0045776367,-0.0045776367,-0.0045776367,-0.0045776367,-0.0045776367,-0.0045776367,-0.0045776367,-0.0045776367,-0.0045776367,-0.0045776367,2706749.7
2841793320480,7.0133529,0,40.492104,43.083084,39.109634,32.078278,33.025864,33.845276,34.856949,33.945984,33.804077,30.90181,33.662163,33.653008,38.038452,38.130005,34.49073,35.026321,34.380867,34.348824,38.427559,34.875259,34.705879,34.55024,33.680473,38.642708,2706769.7,41.238266,43.842987,39.123367,30.718697,29.871826,30.059509,31.945526,30.457771,30.238037,28.539711,30.361641,29.839783,35.273521,34.216064,32.284279,31.959259,31.950104,31.029984,34.7425,32.16983,31.158157,32.256813,31.277184,34.701302,2706769.7,-7.9606323,18.049896,-4.2984619,2.1286316,-0.87432861,0.65460205,-0.0045776367,-0.0045776367,-0.0045776367,-0.0045776367,-0.0045776367,-0.0045776367,-0.0045776367,-0.0045776367,-0.0045776367,-0.0045776367,-0.0045776367,-0.0045776367,-0.0045776367,-0.0045776367,-0.0045776367,-0.0045776367,-0.0045776367,-0.0045776367,2706769.7
2841813338112,7.0333706,0,40.496681,43.087662,39.114212,32.078278,33.025864,33.840698,34.861526,33.941406,33.7995,30.90181,33.662163,33.64843,38.038452,38.130005,34.495308,35.026321,34.376289,34.353401,38.436714,34.879837,34.710457,34.554817,33.694206,38.63813,2706789.7,41.229111,43.852142,39.1371,30.695808,29.862671,30.050354,31.959259,30.457771,30.233459,28.544289,30.361641,29.848938,35.310143,34.229797,32.279701,31.959259,31.940948,31.025406,34.737923,32.165253,31.15358,32.256813,31.295494,34.710457,2706789.7,-7.914856,19.615479,-4.6829834,1.2314148,0.48980713,0.24261475,-0.0045776367,-0.0045776367,-0.0045776367,-0.0045776367,-0.0045776367,-0.0045776367,-0.0045776367,-0.0045776367,-0.0045776367,-0.0045776367,-0.0045776367,-0.0045776367,-0.0045776367,-0.0045776367,-0.0045776367,-0.0045776367,-0.0045776367,-0.0045776367,2706789.7
2841833498272,7.0535307,0,40.501259,43.096817,39.114212,32.0737,33.030441,33.840698,34.856949,33.941406,33.7995,30.90181,33.66674,33.657585,38.04303,38.125427,34.495308,35.026321,34.376289,34.353401,38.427559,34.875259,34.710457,34.545662,33.685051,38.63813,2706809.7,41.229111,43.879608,39.1371,30.718697,29.867249,30.045776,31.940948,30.462349,30.228882,28.530556,30.34333,29.84436,35.31472,34.229797,32.288857,31.963837,31.950104,31.029984,34.72419,32.165253,31.139847,32.261391,31.295494,34.692146,2706809.7,-10.331879,21.657135,-5.8640442,-1.4786072,0.28839111,0.077819824,-0.0045776367,-0.0045776367,-0.0045776367,-0.0045776367,-0.0045776367,-0.0045776367,-0.0045776367,-0.0045776367,-0.0045776367,-0.0045776367,-0.0045776367,-0.0045776367,-0.0045776367,-0.0045776367,-0.0045776367,-0.0045776367,-0.0045776367,-0.0045776367,2706809.7
2841853331456,7.0733639,0,40.487526,43.092239,39.109634,32.0737,33.025864,33.845276,34.856949,33.945984,33.804077,30.90181,33.671318,33.64843,38.04303,38.125427,34.495308,35.035477,34.376289,34.344246,38.432137,34.875259,34.710457,34.545662,33.685051,38.647285,2706829.7,41.238266,43.879608,39.164566,30.709541,29.876404,30.050354,31.931793,30.448616,30.219727,28.5214,30.347908,29.853516,35.273521,34.216064,32.293434,31.972992,31.950104,31.025406,34.728767,32.146942,31.144424,32.24765,31.277184,34.687569,2706829.7,-15.257507,27.425049,-11.046021,-1.002533,-1.8448181,1.203949,-0.0045776367,-0.0045776367,-0.0045776367,-0.0045776367,-0.0045776367,-0.0045776367,-0.0045776367,-0.0045776367,-0.0045776367,-0.0045776367,-0.0045776367,-0.0045776367,-0.0045776367,-0.0045776367,-0.0045776367,-0.0045776367,-0.0045776367,-0.0045776367,2706829.7
2841873329600,7.093362,0,40.505836,43.092239,39.123367,32.0737,33.030441,33.836121,34.856949,33.941406,33.804077,30.90181,33.671318,33.653008,38.04303,38.130005,34.495308,35.030899,34.376289,34.353401,38.436714,34.879837,34.715034,34.55024,33.689629,38.647285,2706849.7,41.224533,43.902496,39.155411,30.727852,29.890137,30.041199,31.959259,30.448616,30.251778,28.512245,30.338753,29.867249,35.300987,34.229797,32.265968,31.97757,31.954681,31.016251,34.7425,32.156097,31.158157,32.261391,31.281761,34.687569,2706849.7,-17.198456,32.222473,-10.798798,-1.2680359,0.44403076,0.33416748,-0.0045776367,-0.0045776367,-0.0045776367,-0.0045776367,-0.0045776367,-0.0045776367,-0.0045776367,-0.0045776367,-0.0045776367,-0.0045776367,-0.0045776367,-0.0045776367,-0.0045776367,-0.0045776367,-0.0045776367,-0.0045776367,-0.0045776367,-0.0045776367,2706849.7
2841893336672,7.1133691,0,40.505836,43.101395,39.123367,32.082855,33.021286,33.840698,34.856949,33.945984,33.7995,30.906387,33.66674,33.64843,38.038452,38.134583,34.499886,35.030899,34.380867,34.357979,38.427559,34.879837,34.710457,34.545662,33.689629,38.63813,2706869.7,41.261162,43.907074,39.173721,30.714119,29.880981,30.050354,31.950104,30.457771,30.238037,28.539711,30.34333,29.867249,35.29641,34.22522,32.298012,31.97757,31.945526,31.020828,34.7425,32.165253,31.15358,32.24765,31.286339,34.692146,2706869.7,-20.67749,37.450226,-14.982819,-0.068664551,0.59967041,-0.24261475,-0.0045776367,-0.0045776367,-0.0045776367,-0.0045776367,-0.0045776367,-0.0045776367,-0.0045776367,-0.0045776367,-0.0045776367,-0.0045776367,-0.0045776367,-0.0045776367,-0.0045776367,-0.0045776367,-0.0045776367,-0.0045776367,-0.0045776367,-0.0045776367,2706869.7
2841913340960,7.1333734,0,40.501259,43.096817,39.132523,32.0737,33.025864,33.836121,34.861526,33.941406,33.804077,30.906387,33.66674,33.653008,38.038452,38.12085,34.495308,35.030899,34.380867,34.353401,38.427559,34.879837,34.701302,34.55024,33.685051,38.63813,2706889.7,41.233688,43.929962,39.192032,30.718697,29.867249,30.064087,31.968414,30.448616,30.233459,28.5214,30.338753,29.858093,35.278099,34.234375,32.279701,31.972992,31.945526,31.025406,34.737923,32.156097,31.130692,32.252235,31.281761,34.705879,2706889.7,-24.696716,38.310822,-16.108948,4.7287598,-0.76446533,0.8102417,-0.0045776367,-0.0045776367,-0.0045776367,-0.0045776367,-0.0045776367,-0.0045776367,-0.0045776367,-0.0045776367,-0.0045776367,-0.0045776367,-0.0045776367,-0.0045776367,-0.0045776367,-0.0045776367,-0.0045776367,-0.0045776367,-0.0045776367,-0.0045776367,2706889.7
2841933324160,7.1533566,0,40.505836,43.101395,39.132523,32.0737,33.025864,33.840698,34.861526,33.945984,33.7995,30.906387,33.662163,33.643852,38.033875,38.130005,34.495308,35.030899,34.371712,34.353401,38.432137,34.875259,34.705879,34.55024,33.685051,38.647285,2706909.7,41.252007,43.920807,39.182877,30.718697,29.867249,30.045776,31.945526,30.453194,30.224304,28.5214,30.329597,29.853516,35.31472,34.238953,32.298012,31.97757,31.936371,31.029984,34.7425,32.15152,31.149002,32.261391,31.295494,34.687569,2706909.7,-25.328461,39.986267,-15.898376,6.3492737,-0.14190674,0.70037842,-0.0045776367,-0.0045776367,-0.0045776367,-0.0045776367,-0.0045776367,-0.0045776367,-0.0045776367,-0.0045776367,-0.0045776367,-0.0045776367,-0.0045776367,-0.0045776367,-0.0045776367,-0.0045776367,-0.0045776367,-0.0045776367,-0.0045776367,-0.0045776367,2706909.7
2841953346112,7.1733786,0,40.505836,43.11055,39.132523,32.082855,33.030441,33.840698,34.856949,33.941406,33.804077,30.906387,33.657585,33.64843,38.038452,38.134583,34.495308,35.030899,34.376289,34.357979,38.436714,34.879837,34.705879,34.554817,33.685051,38.63813,2706929.7,41.270317,43.975739,39.224075,30.73243,29.858093,30.059509,31.945526,30.448616,30.256355,28.525978,30.352486,29.848938,35.305565,34.234375,32.288857,31.963837,31.936371,31.020828,34.737923,32.165253,31.15358,32.252235,31.295494,34.701302,2706929.7,-24.769958,39.345398,-13.728546,7.4204712,1.7349548,-0.83770752,-0.0045776367,-0.0045776367,-0.0045776367,-0.0045776367,-0.0045776367,-0.0045776367,-0.0045776367,-0.0045776367,-0.0045776367,-0.0045776367,-0.0045776367,-0.0045776367,-0.0045776367,-0.0045776367,-0.0045776367,-0.0045776367,-0.0045776367,-0.0045776367,2706929.7
2841973332128,7.1933646,0,40.496681,43.105972,39.132523,32.078278,33.025864,33.845276,34.861526,33.941406,33.794922,30.90181,33.662163,33.64843,38.033875,38.125427,34.49073,35.030899,34.380867,34.348824,38.432137,34.879837,34.710457,34.55024,33.689629,38.642708,2706949.7,41.238266,43.971161,39.205765,30.723274,29.871826,30.054932,31.936371,30.462349,30.233459,28.530556,30.352486,29.839783,35.287254,34.229797,32.275124,31.940948,31.954681,31.034561,34.756241,32.160675,31.15358,32.256813,31.277184,34.696724,2706949.7,-26.189056,39.684143,-15.147644,8.821228,0.14190674,0.28839111,-0.0045776367,-0.0045776367,-0.0045776367,-0.0045776367,-0.0045776367,-0.0045776367,-0.0045776367,-0.0045776367,-0.0045776367,-0.0045776367,-0.0045776367,-0.0045776367,-0.0045776367,-0.0045776367,-0.0045776367,-0.0045776367,-0.0045776367,-0.0045776367,2706949.7
2841993340608,7.2133731,0,40.501259,43.115128,39.141678,32.078278,33.025864,33.840698,34.852371,33.945984,33.804077,30.906387,33.662163,33.643852,38.033875,38.130005,34.49073,35.030899,34.371712,34.357979,38.427559,34.875259,34.710457,34.55024,33.685051,38.642708,2706969.7,41.270317,43.994049,39.246964,30.714119,29.880981,30.054932,31.959259,30.457771,30.219727,28.544289,30.366219,29.853516,35.291832,34.22522,32.288857,31.963837,31.945526,31.034561,34.7425,32.165253,31.15358,32.256813,31.290916,34.682991,2706969.7,-26.079193,41.06662,-14.561676,10.798798,-1.1215515,1.7990417,-0.0045776367,-0.0045776367,-0.0045776367,-0.0045776367,-0.0045776367,-0.0045776367,-0.0045776367,-0.0045776367,-0.0045776367,-0.0045776367,-0.0045776367,-0.0045776367,-0.0045776367,-0.0045776367,-0.0045776367,-0.0045776367,-0.0045776367,-0.0045776367,2706969.7
2842013349920,7.2333824,0,40.501259,43.119705,39.141678,32.078278,33.025864,33.836121,34.856949,33.945984,33.804077,30.906387,33.662163,33.643852,38.033875,38.134583,34.495308,35.026321,34.380867,34.348824,38.432137,34.879837,34.705879,34.545662,33.685051,38.642708,2706989.7,41.252007,44.007782,39.260704,30.737007,29.871826,30.032043,31.963837,30.444038,30.251778,28.530556,30.366219,29.871826,35.305565,34.229797,32.284279,31.972992,31.959259,31.025406,34.7425,32.142365,31.158157,32.24765,31.290916,34.710457,2706989.7,-25.978485,40.901794,-11.119263,12.071411,0.51727295,-0.66375732,-0.0045776367,-0.0045776367,-0.0045776367,-0.0045776367,-0.0045776367,-0.0045776367,-0.0045776367,-0.0045776367,-0.0045776367,-0.0045776367,-0.0045776367,-0.0045776367,-0.0045776367,-0.0045776367,-0.0045776367,-0.0045776367,-0.0045776367,-0.0045776367,2706989.7
2842033442912,7.2534754,0,40.514992,43.133438,39.146255,32.078278,33.025864,33.836121,34.856949,33.941406,33.794922,30.906387,33.66674,33.64843,38.038452,38.134583,34.49073,35.030899,34.376289,34.348824,38.436714,34.875259,34.705879,34.545662,33.680473,38.63813,2707009.7,41.279472,44.003204,39.233231,30.727852,29.853516,30.022888,31.945526,30.444038,30.238037,28.530556,30.357063,29.848938,35.31472,34.229797,32.261391,31.954681,31.940948,31.020828,34.72419,32.15152,31.144424,32.24765,31.272606,34.705879,2707009.7,-22.774078,40.746155,-9.0318298,13.719391,-0.59051514,1.3504333,-0.0045776367,-0.0045776367,-0.0045776367,-0.0045776367,-0.0045776367,-0.0045776367,-0.0045776367,-0.0045776367,-0.0045776367,-0.0045776367,-0.0045776367,-0.0045776367,-0.0045776367,-0.0045776367,-0.0045776367,-0.0045776367,-0.0045776367,-0.0045776367,2707009.7
2842053361280,7.2733937,0,40.505836,43.133438,39.141678,32.078278,33.025864,33.840698,34.856949,33.945984,33.804077,30.906387,33.657585,33.653008,38.04303,38.125427,34.49073,35.030899,34.380867,34.348824,38.427559,34.875259,34.705879,34.55024,33.685051,38.63813,2707029.7,41.274895,44.035248,39.256126,30.727852,29.867249,30.050354,31.954681,30.448616,30.256355,28.535133,30.361641,29.853516,35.282677,34.234375,32.288857,31.945526,31.945526,31.029984,34.728767,32.146942,31.139847,32.233917,31.290916,34.710457,2707029.7,-20.650024,39.977112,-7.2007446,13.545441,0.17852783,0.70953369,-0.0045776367,-0.0045776367,-0.0045776367,-0.0045776367,-0.0045776367,-0.0045776367,-0.0045776367,-0.0045776367,-0.0045776367,-0.0045776367,-0.0045776367,-0.0045776367,-0.0045776367,-0.0045776367,-0.0045776367,-0.0045776367,-0.0045776367,-0.0045776367,2707029.7
2842073331296,7.2933637,0,40.505836,43.142593,39.141678,32.078278,33.030441,33.840698,34.856949,33.945984,33.804077,30.90181,33.662163,33.653008,38.038452,38.134583,34.495308,35.030899,34.376289,34.357979,38.427559,34.879837,34.705879,34.545662,33.680473,38.647285,2707049.7,41.252007,44.039825,39.283592,30.727852,29.885559,30.050354,31.927216,30.457771,30.260933,28.535133,30.370796,29.853516,35.319298,34.257271,32.288857,31.959259,31.954681,31.039139,34.7425,32.160675,31.139847,32.252235,31.286339,34.696724,2707049.7,-15.303284,40.526428,-3.8864746,12.840454,-0.43487549,-0.21514893,-0.0045776367,-0.0045776367,-0.0045776367,-0.0045776367,-0.0045776367,-0.0045776367,-0.0045776367,-0.0045776367,-0.0045776367,-0.0045776367,-0.0045776367,-0.0045776367,-0.0045776367,-0.0045776367,-0.0045776367,-0.0045776367,-0.0045776367,-0.0045776367,2707049.7
2842093320000,7.3133524,0,40.505836,43.12886,39.146255,32.082855,33.021286,33.840698,34.852371,33.941406,33.7995,30.90181,33.662163,33.643852,38.033875,38.134583,34.49073,35.026321,34.380867,34.353401,38.427559,34.879837,34.705879,34.55024,33.680473,38.63813,2707069.7,41.28405,44.058136,39.28817,30.727852,29.871826,30.036621,31.945526,30.453194,30.233459,28.548866,30.366219,29.858093,35.278099,34.238953,32.284279,31.954681,31.945526,31.020828,34.737923,32.15152,31.144424,32.256813,31.277184,34.715034,2707069.7,-12.556641,39.061584,-2.110321,12.611572,-1.4969177,0.16937256,-0.0045776367,-0.0045776367,-0.0045776367,-0.0045776367,-0.0045776367,-0.0045776367,-0.0045776367,-0.0045776367,-0.0045776367,-0.0045776367,-0.0045776367,-0.0045776367,-0.0045776367,-0.0045776367,-0.0045776367,-0.0045776367,-0.0045776367,-0.0045776367,2707069.7
2842113332064,7.3333645,0,40.505836,43.138016,39.155411,32.078278,33.021286,33.840698,34.856949,33.945984,33.794922,30.90181,33.662163,33.653008,38.033875,38.130005,34.49073,35.030899,34.376289,34.348824,38.432137,34.875259,34.715034,34.545662,33.689629,38.642708,2707089.7,41.274895,44.058136,39.297325,30.737007,29.858093,30.059509,31.945526,30.462349,30.238037,28.525978,30.352486,29.848938,35.300987,34.24353,32.311745,31.968414,31.950104,31.034561,34.719612,32.16983,31.126114,32.238495,31.290916,34.696724,2707089.7,-7.0542603,37.203033,1.6525574,10.304413,-0.71868896,0.64544678,-0.0045776367,-0.0045776367,-0.0045776367,-0.0045776367,-0.0045776367,-0.0045776367,-0.0045776367,-0.0045776367,-0.0045776367,-0.0045776367,-0.0045776367,-0.0045776367,-0.0045776367,-0.0045776367,-0.0045776367,-0.0045776367,-0.0045776367,-0.0045776367,2707089.7
2842133325056,7.3533575,0,40.510414,43.147171,39.155411,32.0737,33.021286,33.840698,34.852371,33.941406,33.7995,30.906387,33.662163,33.643852,38.029297,38.134583,34.49073,35.026321,34.371712,34.353401,38.427559,34.879837,34.710457,34.55024,33.689629,38.642708,2707109.7,41.28405,44.076447,39.297325,30.737007,29.880981,30.041199,31.936371,30.448616,30.265511,28.525978,30.352486,29.84436,35.29641,34.234375,32.284279,31.968414,31.954681,31.025406,34.728767,32.156097,31.135269,32.261391,31.309227,34.696724,2707109.7,-0.15106201,32.899963,5.8182678,6.3858948,-1.7990417,0.92926025,-0.0045776367,-0.0045776367,-0.0045776367,-0.0045776367,-0.0045776367,-0.0045776367,-0.0045776367,-0.0045776367,-0.0045776367,-0.0045776367,-0.0045776367,-0.0045776367,-0.0045776367,-0.0045776367,-0.0045776367,-0.0045776367,-0.0045776367,-0.0045776367,2707109.7
2842153319200,7.3733516,0,40.510414,43.151749,39.155411,32.0737,33.021286,33.845276,34.856949,33.945984,33.7995,30.90181,33.66674,33.643852,38.04303,38.125427,34.495308,35.030899,34.380867,34.357979,38.427559,34.879837,34.710457,34.545662,33.680473,38.63813,2707129.7,41.306938,44.085602,39.30648,30.737007,29.871826,30.045776,31.950104,30.457771,30.247192,28.530556,30.34333,29.853516,35.305565,34.234375,32.302589,31.959259,31.945526,31.020828,34.7425,32.174408,31.149002,32.275124,31.272606,34.692146,2707129.7,4.5548096,29.530792,7.8873901,3.263916,0.29754639,-0.21514893,-0.0045776367,-0.0045776367,-0.0045776367,-0.0045776367,-0.0045776367,-0.0045776367,-0.0045776367,-0.0045776367,-0.0045776367,-0.0045776367,-0.0045776367,-0.0045776367,-0.0045776367,-0.0045776367,-0.0045776367,-0.0045776367,-0.0045776367,-0.0045776367,2707129.7
2842173350304,7.3933828,0,40.510414,43.156326,39.169144,32.0737,33.025864,33.845276,34.856949,33.941406,33.794922,30.90181,33.66674,33.64843,38.033875,38.134583,34.495308,35.030899,34.380867,34.353401,38.422981,34.875259,34.715034,34.554817,33.680473,38.642708,2707149.7,41.311516,44.103912,39.315636,30.746162,29.885559,30.050354,31.940948,30.457771,30.247192,28.525978,30.352486,29.848938,35.305565,34.229797,32.293434,31.97757,31.950104,31.025406,34.72419,32.16983,31.144424,32.252235,31.281761,34.687569,2707149.7,9.6910095,24.82489,8.0521851,-2.9617615,-1.0574646,0.4989624,-0.0045776367,-0.0045776367,-0.0045776367,-0.0045776367,-0.0045776367,-0.0045776367,-0.0045776367,-0.0045776367,-0.0045776367,-0.0045776367,-0.0045776367,-0.0045776367,-0.0045776367,-0.0045776367,-0.0045776367,-0.0045776367,-0.0045776367,-0.0045776367,2707149.7
2842193305472,7.4133379,0,40.514992,43.147171,39.164566,32.078278,33.025864,33.840698,34.856949,33.941406,33.7995,30.915543,33.662163,33.64843,38.04303,38.130005,34.486153,35.035477,34.376289,34.353401,38.422981,34.879837,34.710457,34.545662,33.689629,38.63813,2707169.7,41.329826,44.113068,39.343102,30.746162,29.871826,30.050354,31.927216,30.462349,30.242615,28.5214,30.357063,29.853516,35.300987,34.220642,32.298012,31.97757,31.936371,31.039139,34.756241,32.174408,31.17189,32.256813,31.277184,34.696724,2707169.7,9.8832703,22.417023,7.8416138,-5.0675354,-0.92926025,0.96588135,-0.0045776367,-0.0045776367,-0.0045776367,-0.0045776367,-0.0045776367,-0.0045776367,-0.0045776367,-0.0045776367,-0.0045776367,-0.0045776367,-0.0045776367,-0.0045776367,-0.0045776367,-0.0045776367,-0.0045776367,-0.0045776367,-0.0045776367,-0.0045776367,2707169.7
2842213309120,7.4333416,0,40.510414,43.156326,39.159988,32.082855,33.021286,33.840698,34.856949,33.936829,33.804077,30.90181,33.662163,33.653008,38.04303,38.134583,34.504463,35.040054,34.376289,34.353401,38.427559,34.879837,34.710457,34.55024,33.689629,38.63813,2707189.7,41.320671,44.126801,39.338524,30.741585,29.880981,30.059509,31.950104,30.462349,30.238037,28.530556,30.361641,29.84436,35.287254,34.234375,32.284279,31.950104,31.931793,31.039139,34.72419,32.174408,31.135269,32.261391,31.277184,34.719612,2707189.7,8.0247192,14.323639,6.1753235,-7.9697876,0.086975098,0.068664551,-0.0045776367,-0.0045776367,-0.0045776367,-0.0045776367,-0.0045776367,-0.0045776367,-0.0045776367,-0.0045776367,-0.0045776367,-0.0045776367,-0.0045776367,-0.0045776367,-0.0045776367,-0.0045776367,-0.0045776367,-0.0045776367,-0.0045776367,-0.0045776367,2707189.7
2842233484960,7.4535174,0,40.514992,43.160904,39.169144,32.082855,33.021286,33.840698,34.861526,33.941406,33.7995,30.906387,33.662163,33.64843,38.04303,38.134583,34.49073,35.030899,34.376289,34.353401,38.427559,34.879837,34.710457,34.554817,33.685051,38.642708,2707209.7,41.338982,44.145111,39.347679,30.727852,29.885559,30.054932,31.954681,30.457771,30.238037,28.535133,30.357063,29.853516,35.31472,34.216064,32.284279,31.968414,31.950104,31.034561,34.72419,32.15152,31.144424,32.261391,31.295494,34.701302,2707209.7,5.6809387,9.6543884,4.0512695,-9.306488,-1.2222595,1.1123962,-0.0045776367,-0.0045776367,-0.0045776367,-0.0045776367,-0.0045776367,-0.0045776367,-0.0045776367,-0.0045776367,-0.0045776367,-0.0045776367,-0.0045776367,-0.0045776367,-0.0045776367,-0.0045776367,-0.0045776367,-0.0045776367,-0.0045776367,-0.0045776367,2707209.7
2842253335136,7.4733676,0,40.510414,43.165482,39.173721,32.078278,33.021286,33.836121,34.856949,33.945984,33.7995,30.910965,33.657585,33.64843,38.033875,38.13916,34.495308,35.035477,34.376289,34.353401,38.432137,34.875259,34.710457,34.55024,33.689629,38.647285,2707229.7,41.320671,44.154266,39.370567,30.755325,29.880981,30.054932,31.931793,30.453194,30.238037,28.525978,30.338753,29.858093,35.29641,34.238953,32.265968,31.968414,31.950104,31.025406,34.733345,32.165253,31.158157,32.265968,31.277184,34.692146,2707229.7,3.9047852,4.4266357,2.1560974,-11.165039,0.48065186,-0.059509277,-0.0045776367,-0.0045776367,-0.0045776367,-0.0045776367,-0.0045776367,-0.0045776367,-0.0045776367,-0.0045776367,-0.0045776367,-0.0045776367,-0.0045776367,-0.0045776367,-0.0045776367,-0.0045776367,-0.0045776367,-0.0045776367,-0.0045776367,-0.0045776367,2707229.7
2842273326880,7.4933593,0,40.514992,43.165482,39.178299,32.078278,33.016708,33.836121,34.852371,33.936829,33.804077,30.910965,33.657585,33.64843,38.038452,38.125427,34.495308,35.035477,34.376289,34.348824,38.432137,34.875259,34.710457,34.55024,33.685051,38.63813,2707249.7,41.338982,44.177155,39.379723,30.750748,29.885559,30.064087,31.959259,30.444038,30.247192,28.525978,30.366219,29.858093,35.300987,34.22522,32.279701,31.950104,31.931793,31.016251,34.737923,32.16983,31.144424,32.261391,31.272606,34.692146,2707249.7,-0.74615479,-3.6484375,-0.37994385,-12.758057,0.54473877,-0.2243042,-0.0045776367,-0.0045776367,-0.0045776367,-0.0045776367,-0.0045776367,-0.0045776367,-0.0045776367,-0.0045776367,-0.0045776367,-0.0045776367,-0.0045776367,-0.0045776367,-0.0045776367,-0.0045776367,-0.0045776367,-0.0045776367,-0.0045776367,-0.0045776367,2707249.7
2842293323552,7.513356,0,40.524147,43.165482,39.178299,32.082855,33.021286,33.845276,34.852371,33.941406,33.804077,30.906387,33.662163,33.64843,38.038452,38.130005,34.49073,35.026321,34.380867,34.362556,38.432137,34.875259,34.710457,34.55024,33.689629,38.63813,2707269.7,41.338982,44.181732,39.36599,30.755325,29.880981,30.050354,31.945526,30.457771,30.224304,28.544289,30.361641,29.853516,35.287254,34.229797,32.288857,31.97757,31.945526,31.039139,34.747078,32.156097,31.144424,32.256813,31.290916,34.710457,2707269.7,-6.0654602,-7.7683716,-2.7969666,-13.939117,0.59967041,-0.64544678,-0.0045776367,-0.0045776367,-0.0045776367,-0.0045776367,-0.0045776367,-0.0045776367,-0.0045776367,-0.0045776367,-0.0045776367,-0.0045776367,-0.0045776367,-0.0045776367,-0.0045776367,-0.0045776367,-0.0045776367,-0.0045776367,-0.0045776367,-0.0045776367,2707269.7
2842313309600,7.533342,0,40.524147,43.174637,39.178299,32.082855,33.021286,33.840698,34.856949,33.945984,33.7995,30.90181,33.66674,33.643852,38.033875,38.125427,34.499886,35.030899,34.385445,34.357979,38.427559,34.879837,34.710457,34.55024,33.685051,38.642708,2707289.7,41.311516,44.195465,39.3843,30.755325,29.880981,30.045776,31.959259,30.462349,30.260933,28.535133,30.370796,29.858093,35.300987,34.229797,32.284279,31.959259,31.945526,31.011673,34.751663,32.156097,31.144424,32.256813,31.286339,34.696724,2707289.7,-9.9198914,-14.332794,-5.7999573,-13.316559,0.81939697,-0.16021729,-0.0045776367,-0.0045776367,-0.0045776367,-0.0045776367,-0.0045776367,-0.0045776367,-0.0045776367,-0.0045776367,-0.0045776367,-0.0045776367,-0.0045776367,-0.0045776367,-0.0045776367,-0.0045776367,-0.0045776367,-0.0045776367,-0.0045776367,-0.0045776367,2707289.7
2842333307136,7.5533396,0,40.524147,43.174637,39.173721,32.082855,33.021286,33.840698,34.856949,33.941406,33.7995,30.906387,33.662163,33.64843,38.033875,38.130005,34.49073,35.030899,34.380867,34.353401,38.432137,34.884415,34.705879,34.554817,33.689629,38.642708,2707309.7,41.325249,44.222931,39.398033,30.741585,29.858093,30.050354,31.945526,30.466927,30.233459,28.535133,30.370796,29.84436,35.291832,34.234375,32.284279,31.972992,31.931793,31.034561,34.751663,32.165253,31.15358,32.265968,31.277184,34.733345,2707309.7,-9.874115,-18.187225,-6.6056213,-10.862885,0.58135986,-0.10528564,-0.0045776367,-0.0045776367,-0.0045776367,-0.0045776367,-0.0045776367,-0.0045776367,-0.0045776367,-0.0045776367,-0.0045776367,-0.0045776367,-0.0045776367,-0.0045776367,-0.0045776367,-0.0045776367,-0.0045776367,-0.0045776367,-0.0045776367,-0.0045776367,2707309.7
2842353320448,7.5733529,0,40.519569,43.174637,39.182877,32.0737,33.016708,33.840698,34.861526,33.950562,33.794922,30.906387,33.66674,33.64843,38.04303,38.134583,34.49073,35.026321,34.385445,34.362556,38.427559,34.879837,34.710457,34.545662,33.689629,38.642708,2707329.7,41.366447,44.232086,39.411766,30.746162,29.871826,30.059509,31.954681,30.466927,30.242615,28.535133,30.347908,29.858093,35.305565,34.220642,32.279701,31.97757,31.936371,31.029984,34.733345,32.165253,31.15358,32.265968,31.286339,34.701302,2707329.7,-7.1275024,-23.46991,-5.6717834,-5.9189758,0.26092529,0.70037842,-0.0045776367,-0.0045776367,-0.0045776367,-0.0045776367,-0.0045776367,-0.0045776367,-0.0045776367,-0.0045776367,-0.0045776367,-0.0045776367,-0.0045776367,-0.0045776367,-0.0045776367,-0.0045776367,-0.0045776367,-0.0045776367,-0.0045776367,-0.0045776367,2707329.7
2842373328128,7.5933606,0,40.524147,43.183792,39.192032,32.082855,33.021286,33.836121,34.856949,33.950562,33.804077,30.90181,33.66674,33.643852,38.038452,38.134583,34.495308,35.030899,34.376289,34.348824,38.422981,34.884415,34.710457,34.545662,33.689629,38.642708,2707349.7,41.329826,44.241241,39.425499,30.759903,29.871826,30.054932,31.931793,30.453194,30.238037,28.539711,30.352486,29.84436,35.305565,34.234375,32.275124,31.963837,31.954681,31.011673,34.737923,32.156097,31.139847,32.265968,31.286339,34.701302,2707349.7,-7.2007446,-25.355927,-7.6035767,-5.3330383,0.75531006,-0.11444092,-0.0045776367,-0.0045776367,-0.0045776367,-0.0045776367,-0.0045776367,-0.0045776367,-0.0045776367,-0.0045776367,-0.0045776367,-0.0045776367,-0.0045776367,-0.0045776367,-0.0045776367,-0.0045776367,-0.0045776367,-0.0045776367,-0.0045776367,-0.0045776367,2707349.7
2842393313344,7.6133458,0,40.524147,43.183792,39.187454,32.087433,33.012131,33.836121,34.856949,33.945984,33.794922,30.906387,33.662163,33.64843,38.038452,38.130005,34.495308,35.026321,34.376289,34.353401,38.427559,34.884415,34.705879,34.554817,33.685051,38.642708,2707369.7,41.366447,44.232086,39.425499,30.764481,29.880981,30.064087,31.950104,30.439461,30.247192,28.535133,30.338753,29.858093,35.287254,34.248108,32.288857,31.97757,31.950104,31.029984,34.756241,32.16983,31.149002,32.265968,31.290916,34.705879,2707369.7,-7.0817261,-27.653931,-8.2078247,-3.8956299,0.56304932,-0.01373291,-0.0045776367,-0.0045776367,-0.0045776367,-0.0045776367,-0.0045776367,-0.0045776367,-0.0045776367,-0.0045776367,-0.0045776367,-0.0045776367,-0.0045776367,-0.0045776367,-0.0045776367,-0.0045776367,-0.0045776367,-0.0045776367,-0.0045776367,-0.0045776367,2707369.7
2842413332192,7.6333646,0,40.519569,43.183792,39.192032,32.087433,33.025864,33.840698,34.856949,33.945984,33.7995,30.910965,33.662163,33.64843,38.033875,38.125427,34.49073,35.030899,34.380867,34.353401,38.427559,34.870682,34.715034,34.55024,33.685051,38.642708,2707389.7,41.36187,44.25956,39.44381,30.750748,29.894714,30.050354,31.945526,30.471504,30.260933,28.530556,30.347908,29.848938,35.300987,34.211487,32.302589,31.968414,31.945526,31.039139,34.737923,32.146942,31.139847,32.256813,31.290916,34.696724,2707389.7,-2.4490662,-37.5784,-11.760132,-1.6159363,0.86517334,0.14190674,-0.0045776367,-0.0045776367,-0.0045776367,-0.0045776367,-0.0045776367,-0.0045776367,-0.0045776367,-0.0045776367,-0.0045776367,-0.0045776367,-0.0045776367,-0.0045776367,-0.0045776367,-0.0045776367,-0.0045776367,-0.0045776367,-0.0045776367,-0.0045776367,2707389.7
2842433477344,7.6535098,0,40.524147,43.197525,39.196609,32.082855,33.021286,33.840698,34.856949,33.945984,33.794922,30.906387,33.66674,33.64843,38.038452,38.134583,34.49073,35.030899,34.376289,34.357979,38.422981,34.884415,34.705879,34.554817,33.680473,38.633553,2707409.7,41.352715,44.25956,39.430077,30.73243,29.862671,30.064087,31.936371,30.448616,30.251778,28.535133,30.352486,29.853516,35.29641,34.234375,32.284279,31.968414,31.950104,31.025406,34.72419,32.160675,31.158157,32.265968,31.290916,34.701302,2707409.7,1.3778992,-44.664688,-13.35318,3.1815186,0.64544678,-0.068664551,-0.0045776367,-0.0045776367,-0.0045776367,-0.0045776367,-0.0045776367,-0.0045776367,-0.0045776367,-0.0045776367,-0.0045776367,-0.0045776367,-0.0045776367,-0.0045776367,-0.0045776367,-0.0045776367,-0.0045776367,-0.0045776367,-0.0045776367,-0.0045776367,2707409.7
2842453331136,7.6733636,0,40.528725,43.202103,39.196609,32.082855,33.025864,33.840698,34.861526,33.945984,33.794922,30.906387,33.662163,33.653008,38.038452,38.130005,34.49073,35.030899,34.380867,34.353401,38.427559,34.879837,34.710457,34.554817,33.685051,38.642708,2707429.7,41.375603,44.264137,39.475853,30.773636,29.880981,30.068665,31.936371,30.457771,30.242615,28.525978,30.347908,29.853516,35.29641,34.234375,32.288857,31.963837,31.940948,31.029984,34.747078,32.156097,31.158157,32.261391,31.295494,34.705879,2707429.7,5.9739075,-57.170975,-19.084473,11.833374,0.48065186,0.39825439,-0.0045776367,-0.0045776367,-0.0045776367,-0.0045776367,-0.0045776367,-0.0045776367,-0.0045776367,-0.0045776367,-0.0045776367,-0.0045776367,-0.0045776367,-0.0045776367,-0.0045776367,-0.0045776367,-0.0045776367,-0.0045776367,-0.0045776367,-0.0045776367,2707429.7
2842473331968,7.6933644,0,40.528725,43.202103,39.192032,32.082855,33.025864,33.836121,34.861526,33.950562,33.7995,30.90181,33.66674,33.64843,38.04303,38.130005,34.49073,35.026321,34.380867,34.348824,38.422981,34.875259,34.710457,34.545662,33.689629,38.642708,2707449.7,41.36187,44.268715,39.457542,30.755325,29.885559,30.036621,31.959259,30.453194,30.242615,28.516823,30.347908,29.835205,35.291832,34.238953,32.288857,31.959259,31.931793,31.043716,34.747078,32.165253,31.15358,32.24765,31.304649,34.696724,2707449.7,8.3634644,-60.622574,-21.867706,13.499664,0.86517334,-0.050354004,-0.0045776367,-0.0045776367,-0.0045776367,-0.0045776367,-0.0045776367,-0.0045776367,-0.0045776367,-0.0045776367,-0.0045776367,-0.0045776367,-0.0045776367,-0.0045776367,-0.0045776367,-0.0045776367,-0.0045776367,-0.0045776367,-0.0045776367,-0.0045776367,2707449.7
2842493292128,7.7133246,0,40.53788,43.202103,39.196609,32.078278,33.021286,33.845276,34.856949,33.950562,33.7995,30.90181,33.66674,33.657585,38.033875,38.134583,34.495308,35.030899,34.376289,34.357979,38.427559,34.875259,34.705879,34.545662,33.689629,38.642708,2707469.7,41.352715,44.319069,39.485008,30.764481,29.894714,30.041199,31.954681,30.453194,30.247192,28.525978,30.361641,29.839783,35.305565,34.22522,32.279701,31.963837,31.959259,31.016251,34.756241,32.142365,31.130692,32.256813,31.295494,34.710457,2707469.7,4.4815674,-63.002975,-26.262299,13.151764,-1.2405701,0.58135986,-0.0045776367,-0.0045776367,-0.0045776367,-0.0045776367,-0.0045776367,-0.0045776367,-0.0045776367,-0.0045776367,-0.0045776367,-0.0045776367,-0.0045776367,-0.0045776367,-0.0045776367,-0.0045776367,-0.0045776367,-0.0045776367,-0.0045776367,-0.0045776367,2707469.7
2842513339776,7.7333722,0,40.533302,43.20668,39.205765,32.082855,33.021286,33.836121,34.847794,33.945984,33.7995,30.906387,33.671318,33.64843,38.029297,38.130005,34.49073,35.026321,34.380867,34.357979,38.427559,34.884415,34.705879,34.55024,33.689629,38.647285,2707489.7,41.357292,44.296181,39.485008,30.746162,29.880981,30.054932,31.963837,30.462349,30.251778,28.530556,30.357063,29.853516,35.305565,34.229797,32.284279,31.963837,31.959259,31.011673,34.705879,32.16983,31.144424,32.256813,31.272606,34.710457,2707489.7,2.0645447,-64.330505,-25.493256,9.8832703,0.086975098,-0.37078857,-0.0045776367,-0.0045776367,-0.0045776367,-0.0045776367,-0.0045776367,-0.0045776367,-0.0045776367,-0.0045776367,-0.0045776367,-0.0045776367,-0.0045776367,-0.0045776367,-0.0045776367,-0.0045776367,-0.0045776367,-0.0045776367,-0.0045776367,-0.0045776367,2707489.7
2842533319264,7.7533517,0,40.528725,43.202103,39.205765,32.078278,33.016708,33.831543,34.861526,33.945984,33.7995,30.90181,33.66674,33.64843,38.029297,38.134583,34.49073,35.035477,34.380867,34.362556,38.436714,34.879837,34.710457,34.55024,33.685051,38.642708,2707509.7,41.366447,44.319069,39.526207,30.73243,29.880981,30.045776,31.954681,30.457771,30.260933,28.535133,30.361641,29.862671,35.278099,34.234375,32.288857,31.963837,31.940948,31.016251,34.7425,32.183563,31.144424,32.24765,31.281761,34.692146,2707509.7,-0.14190674,-60.943008,-22.032501,7.7042847,0.48065186,-0.022888184,-0.0045776367,-0.0045776367,-0.0045776367,-0.0045776367,-0.0045776367,-0.0045776367,-0.0045776367,-0.0045776367,-0.0045776367,-0.0045776367,-0.0045776367,-0.0045776367,-0.0045776367,-0.0045776367,-0.0045776367,-0.0045776367,-0.0045776367,-0.0045776367,2707509.7
2842553493504,7.773526,0,40.528725,43.20668,39.201187,32.087433,33.021286,33.836121,34.856949,33.941406,33.794922,30.897232,33.657585,33.64843,38.038452,38.134583,34.49073,35.026321,34.385445,34.357979,38.427559,34.870682,34.710457,34.554817,33.689629,38.633553,2707529.7,41.375603,44.360268,39.480431,30.755325,29.880981,30.086975,31.959259,30.453194,30.228882,28.539711,30.361641,29.839783,35.305565,34.229797,32.279701,31.968414,31.954681,31.048294,34.747078,32.15152,31.162735,32.252235,31.300072,34.696724,2707529.7,-8.7754517,-55.587097,-20.915527,-6.5964661,1.4694519,-1.1856384,-0.0045776367,-0.0045776367,-0.0045776367,-0.0045776367,-0.0045776367,-0.0045776367,-0.0045776367,-0.0045776367,-0.0045776367,-0.0045776367,-0.0045776367,-0.0045776367,-0.0045776367,-0.0045776367,-0.0045776367,-0.0045776367,-0.0045776367,-0.0045776367,2707529.7
2842573326336,7.7933588,0,40.528725,43.220413,39.205765,32.082855,33.012131,33.840698,34.861526,33.945984,33.7995,30.90181,33.66674,33.64843,38.029297,38.134583,34.495308,35.030899,34.385445,34.348824,38.432137,34.875259,34.710457,34.55024,33.680473,38.642708,2707549.7,41.38018,44.319069,39.503319,30.778214,29.885559,30.059509,31.959259,30.453194,30.242615,28.539711,30.347908,29.848938,35.29641,34.24353,32.284279,31.968414,31.945526,31.039139,34.737923,32.156097,31.149002,32.256813,31.286339,34.710457,2707549.7,-13.884186,-52.785538,-21.766998,-10.167084,-0.81939697,1.2405701,-0.0045776367,-0.0045776367,-0.0045776367,-0.0045776367,-0.0045776367,-0.0045776367,-0.0045776367,-0.0045776367,-0.0045776367,-0.0045776367,-0.0045776367,-0.0045776367,-0.0045776367,-0.0045776367,-0.0045776367,-0.0045776367,-0.0045776367,-0.0045776367,2707549.7
2842593297696,7.8133301,0,40.519569,43.220413,39.201187,32.078278,33.016708,33.831543,34.856949,33.936829,33.7995,30.897232,33.657585,33.64843,38.029297,38.130005,34.486153,35.035477,34.380867,34.348824,38.427559,34.879837,34.715034,34.55024,33.685051,38.647285,2707569.7,41.366447,44.341957,39.507896,30.769058,29.885559,30.045776,31.945526,30.453194,30.224304,28.5214,30.347908,29.853516,35.278099,34.248108,32.288857,31.968414,31.931793,31.043716,34.7425,32.160675,31.167313,32.261391,31.290916,34.715034,2707569.7,-14.872955,-49.196609,-16.18219,-19.450684,1.304657,-0.15106201,-0.0045776367,-0.0045776367,-0.0045776367,-0.0045776367,-0.0045776367,-0.0045776367,-0.0045776367,-0.0045776367,-0.0045776367,-0.0045776367,-0.0045776367,-0.0045776367,-0.0045776367,-0.0045776367,-0.0045776367,-0.0045776367,-0.0045776367,-0.0045776367,2707569.7
2842613291936,7.8333244,0,40.533302,43.211258,39.205765,32.087433,33.016708,33.836121,34.856949,33.941406,33.7995,30.90181,33.66674,33.64843,38.033875,38.134583,34.49073,35.030899,34.376289,34.357979,38.422981,34.879837,34.719612,34.554817,33.689629,38.642708,2707589.7,41.371025,44.369423,39.503319,30.769058,29.871826,30.059509,31.950104,30.457771,30.242615,28.544289,30.352486,29.867249,35.291832,34.234375,32.293434,31.954681,31.954681,31.043716,34.7425,32.165253,31.135269,32.261391,31.286339,34.701302,2707589.7,-13.35318,-48.903641,-15.458923,-22.581818,0.61798096,0.086975098,-0.0045776367,-0.0045776367,-0.0045776367,-0.0045776367,-0.0045776367,-0.0045776367,-0.0045776367,-0.0045776367,-0.0045776367,-0.0045776367,-0.0045776367,-0.0045776367,-0.0045776367,-0.0045776367,-0.0045776367,-0.0045776367,-0.0045776367,-0.0045776367,2707589.7
2842633463168,7.8534956,0,40.528725,43.224991,39.21492,32.082855,33.012131,33.840698,34.861526,33.941406,33.804077,30.90181,33.66674,33.64843,38.033875,38.130005,34.49073,35.035477,34.380867,34.357979,38.418404,34.875259,34.710457,34.55024,33.689629,38.642708,2707609.7,41.371025,44.360268,39.521629,30.773636,29.880981,30.054932,31.954681,30.471504,30.238037,28.525978,30.34333,29.853516,35.305565,34.24353,32.279701,31.97757,31.936371,31.016251,34.747078,32.156097,31.144424,32.256813,31.290916,34.72419,2707609.7,-8.116272,-44.792862,-7.0176392,-25.841156,2.1011658,-1.3229675,-0.0045776367,-0.0045776367,-0.0045776367,-0.0045776367,-0.0045776367,-0.0045776367,-0.0045776367,-0.0045776367,-0.0045776367,-0.0045776367,-0.0045776367,-0.0045776367,-0.0045776367,-0.0045776367,-0.0045776367,-0.0045776367,-0.0045776367,-0.0045776367,2707609.7
2842653307456,7.8733399,0,40.528725,43.229568,39.210342,32.082855,33.016708,33.836121,34.861526,33.945984,33.7995,30.910965,33.662163,33.657585,38.038452,38.134583,34.486153,35.035477,34.376289,34.357979,38.432137,34.879837,34.705879,34.545662,33.685051,38.642708,2707629.7,41.393913,44.392311,39.553673,30.782791,29.858093,30.036621,31.959259,30.457771,30.233459,28.535133,30.366219,29.858093,35.291832,34.252693,32.284279,31.954681,31.950104,31.016251,34.7425,32.160675,31.139847,32.252235,31.290916,34.696724,2707629.7,-2.6687927,-40.40741,-5.3330383,-25.960175,-0.54473877,0.59967041,-0.0045776367,-0.0045776367,-0.0045776367,-0.0045776367,-0.0045776367,-0.0045776367,-0.0045776367,-0.0045776367,-0.0045776367,-0.0045776367,-0.0045776367,-0.0045776367,-0.0045776367,-0.0045776367,-0.0045776367,-0.0045776367,-0.0045776367,-0.0045776367,2707629.7
2842673413472,7.8934459,0,40.528725,43.220413,39.21492,32.087433,33.012131,33.836121,34.861526,33.941406,33.7995,30.90181,33.66674,33.64843,38.033875,38.134583,34.486153,35.030899,34.385445,34.353401,38.436714,34.879837,34.705879,34.55024,33.694206,38.63813,2707649.7,41.407646,44.410622,39.553673,30.782791,29.899292,30.050354,31.945526,30.444038,30.228882,28.530556,30.379951,29.853516,35.305565,34.234375,32.279701,31.954681,31.940948,31.011673,34.747078,32.174408,31.139847,32.261391,31.286339,34.701302,2707649.7,-1.7441101,-36.690308,-2.3300476,-26.024261,0.022888184,-0.76446533,-0.0045776367,-0.0045776367,-0.0045776367,-0.0045776367,-0.0045776367,-0.0045776367,-0.0045776367,-0.0045776367,-0.0045776367,-0.0045776367,-0.0045776367,-0.0045776367,-0.0045776367,-0.0045776367,-0.0045776367,-0.0045776367,-0.0045776367,-0.0045776367,2707649.7
2842693296768,7.9133292,0,40.533302,43.229568,39.21492,32.087433,33.016708,33.831543,34.866104,33.945984,33.7995,30.906387,33.66674,33.643852,38.033875,38.130005,34.486153,35.040054,34.376289,34.353401,38.427559,34.879837,34.710457,34.55024,33.685051,38.642708,2707669.7,41.389336,44.456398,39.53994,30.778214,29.885559,30.045776,31.940948,30.462349,30.242615,28.535133,30.352486,29.835205,35.31472,34.238953,32.270546,31.954681,31.950104,31.029984,34.72419,32.142365,31.144424,32.261391,31.281761,34.705879,2707669.7,0.57220459,-25.246063,-0.48980713,-23.085388,-0.77362061,0.12359619,-0.0045776367,-0.0045776367,-0.0045776367,-0.0045776367,-0.0045776367,-0.0045776367,-0.0045776367,-0.0045776367,-0.0045776367,-0.0045776367,-0.0045776367,-0.0045776367,-0.0045776367,-0.0045776367,-0.0045776367,-0.0045776367,-0.0045776367,-0.0045776367,2707669.7
2842713319456,7.9333519,0,40.53788,43.234146,39.219498,32.082855,33.012131,33.836121,34.861526,33.936829,33.790344,30.90181,33.662163,33.64843,38.038452,38.130005,34.486153,35.030899,34.380867,34.357979,38.427559,34.879837,34.705879,34.55024,33.685051,38.63813,2707689.7,41.398491,44.460976,39.571983,30.778214,29.885559,30.064087,31.954681,30.462349,30.260933,28.530556,30.34333,29.839783,35.31472,34.248108,32.275124,31.97757,31.950104,31.029984,34.733345,32.165253,31.149002,32.261391,31.286339,34.696724,2707689.7,3.7491455,-18.937958,4.2252197,-20.823975,0.21514893,0.13275146,-0.0045776367,-0.0045776367,-0.0045776367,-0.0045776367,-0.0045776367,-0.0045776367,-0.0045776367,-0.0045776367,-0.0045776367,-0.0045776367,-0.0045776367,-0.0045776367,-0.0045776367,-0.0045776367,-0.0045776367,-0.0045776367,-0.0045776367,-0.0045776367,2707689.7
2842733270528,7.953303,0,40.533302,43.238724,39.224075,32.082855,33.012131,33.836121,34.861526,33.945984,33.794922,30.90181,33.66674,33.64843,38.038452,38.13916,34.481575,35.021744,34.385445,34.357979,38.422981,34.879837,34.719612,34.55024,33.685051,38.642708,2707709.7,41.403069,44.488441,39.581139,30.769058,29.885559,30.054932,31.950104,30.457771,30.247192,28.530556,30.347908,29.858093,35.31472,34.234375,32.279701,31.940948,31.954681,31.020828,34.7425,32.160675,31.15358,32.261391,31.286339,34.692146,2707709.7,4.8843994,-3.4104004,4.1062012,-14.442657,-0.27008057,-0.21514893,-0.0045776367,-0.0045776367,-0.0045776367,-0.0045776367,-0.0045776367,-0.0045776367,-0.0045776367,-0.0045776367,-0.0045776367,-0.0045776367,-0.0045776367,-0.0045776367,-0.0045776367,-0.0045776367,-0.0045776367,-0.0045776367,-0.0045776367,-0.0045776367,2707709.7
2842753308288,7.9733407,0,40.53788,43.238724,39.224075,32.082855,33.012131,33.831543,34.861526,33.945984,33.7995,30.910965,33.66674,33.64843,38.033875,38.130005,34.49073,35.030899,34.390022,34.348824,38.422981,34.879837,34.715034,34.545662,33.685051,38.63813,2707729.7,41.398491,44.515907,39.590294,30.759903,29.880981,30.091553,31.931793,30.453194,30.242615,28.530556,30.352486,29.835205,35.310143,34.248108,32.288857,31.97757,31.963837,31.011673,34.737923,32.174408,31.130692,32.279701,31.295494,34.696724,2707729.7,3.6484375,0.70953369,3.4470215,-11.229126,-0.33416748,-0.032043457,-0.0045776367,-0.0045776367,-0.0045776367,-0.0045776367,-0.0045776367,-0.0045776367,-0.0045776367,-0.0045776367,-0.0045776367,-0.0045776367,-0.0045776367,-0.0045776367,-0.0045776367,-0.0045776367,-0.0045776367,-0.0045776367,-0.0045776367,-0.0045776367,2707729.7
2842773468288,7.9935007,0,40.53788,43.247879,39.224075,32.082855,33.012131,33.831543,34.856949,33.941406,33.794922,30.906387,33.66674,33.64843,38.038452,38.134583,34.486153,35.035477,34.380867,34.357979,38.432137,34.879837,34.710457,34.55024,33.685051,38.642708,2707749.7,41.403069,44.502174,39.604027,30.787369,29.876404,30.045776,31.950104,30.466927,30.256355,28.539711,30.357063,29.84436,35.291832,34.234375,32.279701,31.972992,31.959259,31.025406,34.747078,32.160675,31.139847,32.261391,31.300072,34.705879,2707749.7,0.40740967,20.695801,-0.45318604,-2.7145691,-0.79193115,0.24261475,-0.0045776367,-0.0045776367,-0.0045776367,-0.0045776367,-0.0045776367,-0.0045776367,-0.0045776367,-0.0045776367,-0.0045776367,-0.0045776367,-0.0045776367,-0.0045776367,-0.0045776367,-0.0045776367,-0.0045776367,-0.0045776367,-0.0045776367,-0.0045776367,2707749.7
2842793265856,8.0132983,0,40.542458,43.257042,39.233231,32.087433,33.016708,33.836121,34.861526,33.945984,33.7995,30.90181,33.66674,33.64843,38.029297,38.130005,34.49073,35.030899,34.376289,34.353401,38.427559,34.884415,34.705879,34.55024,33.689629,38.63813,2707769.7,41.416801,44.538795,39.622337,30.801102,29.885559,30.054932,31.945526,30.448616,30.251778,28.539711,30.361641,29.84436,35.300987,34.234375,32.279701,31.954681,31.945526,31.043716,34.737923,32.174408,31.149002,32.265968,31.295494,34.701302,2707769.7,-1.0208435,27.031372,-2.7878113,-0.20599365,-0.27008057,0.096130371,-0.0045776367,-0.0045776367,-0.0045776367,-0.0045776367,-0.0045776367,-0.0045776367,-0.0045776367,-0.0045776367,-0.0045776367,-0.0045776367,-0.0045776367,-0.0045776367,-0.0045776367,-0.0045776367,-0.0045776367,-0.0045776367,-0.0045776367,-0.0045776367,2707769.7
2842813308448,8.0333409,0,40.53788,43.252464,39.228653,32.082855,33.007553,33.836121,34.861526,33.941406,33.794922,30.906387,33.662163,33.64843,38.033875,38.134583,34.486153,35.035477,34.380867,34.353401,38.427559,34.875259,34.715034,34.55024,33.689629,38.647285,2707789.7,41.389336,44.543373,39.649803,30.791946,29.890137,30.07782,31.950104,30.457771,30.251778,28.535133,30.352486,29.853516,35.29641,34.24353,32.279701,31.959259,31.950104,31.011673,34.747078,32.165253,31.144424,32.265968,31.309227,34.710457,2707789.7,-4.5090332,31.554138,-7.5028687,4.7287598,-0.17852783,-0.17852783,-0.0045776367,-0.0045776367,-0.0045776367,-0.0045776367,-0.0045776367,-0.0045776367,-0.0045776367,-0.0045776367,-0.0045776367,-0.0045776367,-0.0045776367,-0.0045776367,-0.0045776367,-0.0045776367,-0.0045776367,-0.0045776367,-0.0045776367,-0.0045776367,2707789.7
2842833466528,8.053499,0,40.53788,43.257042,39.237808,32.087433,33.007553,33.836121,34.856949,33.945984,33.794922,30.897232,33.662163,33.657585,38.038452,38.13916,34.495308,35.035477,34.385445,34.357979,38.432137,34.879837,34.719612,34.55024,33.689629,38.63813,2707809.7,41.435112,44.547951,39.645226,30.787369,29.894714,30.07782,31.950104,30.448616,30.260933,28.525978,30.347908,29.853516,35.291832,34.238953,32.293434,31.968414,31.959259,31.034561,34.737923,32.160675,31.144424,32.261391,31.318382,34.701302,2707809.7,-11.137573,39.317932,-15.129333,8.418396,0.18768311,0.34332275,-0.0045776367,-0.0045776367,-0.0045776367,-0.0045776367,-0.0045776367,-0.0045776367,-0.0045776367,-0.0045776367,-0.0045776367,-0.0045776367,-0.0045776367,-0.0045776367,-0.0045776367,-0.0045776367,-0.0045776367,-0.0045776367,-0.0045776367,-0.0045776367,2707809.7
2842853263296,8.0732957,0,40.53788,43.26162,39.242386,32.082855,33.016708,33.840698,34.856949,33.945984,33.794922,30.906387,33.66674,33.64843,38.038452,38.130005,34.49073,35.021744,34.380867,34.353401,38.427559,34.879837,34.705879,34.545662,33.680473,38.63813,2707829.7,41.425957,44.566261,39.668114,30.787369,29.899292,30.073242,31.959259,30.462349,30.265511,28.516823,30.352486,29.835205,35.29641,34.234375,32.265968,31.963837,31.931793,31.020828,34.751663,32.160675,31.167313,32.279701,31.290916,34.687569,2707829.7,-14.790558,41.487762,-17.940033,9.7459412,-0.55389404,0.0045776367,-0.0045776367,-0.0045776367,-0.0045776367,-0.0045776367,-0.0045776367,-0.0045776367,-0.0045776367,-0.0045776367,-0.0045776367,-0.0045776367,-0.0045776367,-0.0045776367,-0.0045776367,-0.0045776367,-0.0045776367,-0.0045776367,-0.0045776367,-0.0045776367,2707829.7
2842873295136,8.0933276,0,40.53788,43.266197,39.251549,32.087433,33.012131,33.831543,34.861526,33.945984,33.7995,30.906387,33.662163,33.643852,38.029297,38.130005,34.49073,35.040054,34.385445,34.357979,38.422981,34.875259,34.710457,34.55024,33.689629,38.63813,2707849.7,41.444267,44.579994,39.658958,30.787369,29.876404,30.059509,31.945526,30.457771,30.228882,28.544289,30.370796,29.862671,35.282677,34.234375,32.284279,31.950104,31.931793,31.020828,34.737923,32.16983,31.15358,32.270546,31.277184,34.719612,2707849.7,-21.446564,38.942535,-20.146484,9.3888855,-0.068664551,0.40740967,-0.0045776367,-0.0045776367,-0.0045776367,-0.0045776367,-0.0045776367,-0.0045776367,-0.0045776367,-0.0045776367,-0.0045776367,-0.0045776367,-0.0045776367,-0.0045776367,-0.0045776367,-0.0045776367,-0.0045776367,-0.0045776367,-0.0045776367,-0.0045776367,2707849.7
2842893279808,8.1133123,0,40.542458,43.266197,39.246964,32.087433,33.012131,33.836121,34.861526,33.945984,33.794922,30.906387,33.662163,33.653008,38.029297,38.134583,34.486153,35.035477,34.390022,34.353401,38.427559,34.879837,34.715034,34.554817,33.689629,38.63813,2707869.7,41.403069,44.589149,39.663536,30.791946,29.890137,30.064087,31.940948,30.466927,30.242615,28.544289,30.375374,29.858093,35.300987,34.234375,32.307167,31.963837,31.950104,31.016251,34.747078,32.165253,31.158157,32.265968,31.281761,34.715034,2707869.7,-24.028381,36.003662,-20.219727,8.1712036,-0.28839111,1.0757751,-0.0045776367,-0.0045776367,-0.0045776367,-0.0045776367,-0.0045776367,-0.0045776367,-0.0045776367,-0.0045776367,-0.0045776367,-0.0045776367,-0.0045776367,-0.0045776367,-0.0045776367,-0.0045776367,-0.0045776367,-0.0045776367,-0.0045776367,-0.0045776367,2707869.7
2842913351232,8.1333837,0,40.53788,43.270775,39.256126,32.082855,33.007553,33.836121,34.861526,33.941406,33.7995,30.910965,33.662163,33.64843,38.033875,38.134583,34.49073,35.030899,34.385445,34.362556,38.427559,34.879837,34.710457,34.55024,33.689629,38.642708,2707889.7,41.453423,44.612038,39.677269,30.791946,29.880981,30.054932,31.954681,30.462349,30.233459,28.535133,30.347908,29.853516,35.282677,34.24353,32.279701,31.986725,31.945526,31.029984,34.7425,32.188141,31.162735,32.256813,31.286339,34.696724,2707889.7,-26.738373,28.981445,-18.919647,6.3309631,-0.21514893,0.8102417,-0.0045776367,-0.0045776367,-0.0045776367,-0.0045776367,-0.0045776367,-0.0045776367,-0.0045776367,-0.0045776367,-0.0045776367,-0.0045776367,-0.0045776367,-0.0045776367,-0.0045776367,-0.0045776367,-0.0045776367,-0.0045776367,-0.0045776367,-0.0045776367,2707889.7
2842933283936,8.1533164,0,40.547035,43.266197,39.260704,32.082855,33.007553,33.840698,34.861526,33.941406,33.790344,30.906387,33.662163,33.653008,38.033875,38.134583,34.49073,35.030899,34.380867,34.353401,38.427559,34.879837,34.715034,34.55024,33.680473,38.63813,2707909.7,41.430534,44.639503,39.668114,30.791946,29.885559,30.054932,31.945526,30.434883,30.256355,28.535133,30.347908,29.853516,35.305565,34.238953,32.298012,31.954681,31.945526,31.025406,34.747078,32.174408,31.144424,32.261391,31.272606,34.692146,2707909.7,-27.397583,24.385437,-16.969543,5.9098206,-0.34332275,0.33416748,-0.0045776367,-0.0045776367,-0.0045776367,-0.0045776367,-0.0045776367,-0.0045776367,-0.0045776367,-0.0045776367,-0.0045776367,-0.0045776367,-0.0045776367,-0.0045776367,-0.0045776367,-0.0045776367,-0.0045776367,-0.0045776367,-0.0045776367,-0.0045776367,2707909.7
2842953279968,8.1733124,0,40.542458,43.27993,39.256126,32.09201,33.012131,33.840698,34.856949,33.950562,33.7995,30.90181,33.662163,33.64843,38.038452,38.130005,34.481575,35.026321,34.385445,34.357979,38.422981,34.875259,34.715034,34.55024,33.689629,38.647285,2707929.7,41.421379,44.653236,39.691002,30.796524,29.885559,30.082397,31.945526,30.462349,30.224304,28.535133,30.347908,29.858093,35.300987,34.248108,32.284279,31.972992,31.954681,31.052872,34.7425,32.165253,31.149002,32.261391,31.272606,34.705879,2707929.7,-27.562378,20.265503,-14.332794,4.3808594,-0.69122314,0.54473877,-0.0045776367,-0.0045776367,-0.0045776367,-0.0045776367,-0.0045776367,-0.0045776367,-0.0045776367,-0.0045776367,-0.0045776367,-0.0045776367,-0.0045776367,-0.0045776367,-0.0045776367,-0.0045776367,-0.0045776367,-0.0045776367,-0.0045776367,-0.0045776367,2707929.7
2842973314528,8.193347,0,40.542458,43.275352,39.256126,32.087433,33.012131,33.826965,34.861526,33.945984,33.794922,30.906387,33.662163,33.64843,38.033875,38.134583,34.486153,35.035477,34.385445,34.353401,38.418404,34.888992,34.715034,34.545662,33.694206,38.63813,2707949.7,41.476311,44.657814,39.700157,30.791946,29.90387,30.082397,31.959259,30.448616,30.256355,28.539711,30.352486,29.848938,35.300987,34.238953,32.293434,31.972992,31.950104,31.025406,34.747078,32.16983,31.158157,32.252235,31.300072,34.705879,2707949.7,-26.463715,13.975739,-11.760132,1.2222595,-0.30670166,0.6362915,-0.0045776367,-0.0045776367,-0.0045776367,-0.0045776367,-0.0045776367,-0.0045776367,-0.0045776367,-0.0045776367,-0.0045776367,-0.0045776367,-0.0045776367,-0.0045776367,-0.0045776367,-0.0045776367,-0.0045776367,-0.0045776367,-0.0045776367,-0.0045776367,2707949.7
2842993276192,8.2133086,0,40.551613,43.275352,39.260704,32.09201,33.007553,33.836121,34.856949,33.945984,33.790344,30.90181,33.662163,33.653008,38.038452,38.130005,34.486153,35.030899,34.385445,34.348824,38.422981,34.875259,34.705879,34.55024,33.680473,38.63813,2707969.7,41.448845,44.689857,39.704735,30.791946,29.876404,30.068665,31.940948,30.448616,30.256355,28.539711,30.366219,29.853516,35.29641,34.24353,32.293434,31.972992,31.950104,31.039139,34.728767,32.165253,31.167313,32.24765,31.268028,34.710457,2707969.7,-25.575653,11.338989,-9.8924255,0.59967041,-0.33416748,0.29754639,-0.0045776367,-0.0045776367,-0.0045776367,-0.0045776367,-0.0045776367,-0.0045776367,-0.0045776367,-0.0045776367,-0.0045776367,-0.0045776367,-0.0045776367,-0.0045776367,-0.0045776367,-0.0045776367,-0.0045776367,-0.0045776367,-0.0045776367,-0.0045776367,2707969.7
2843013296640,8.2333291,0,40.542458,43.27993,39.265282,32.087433,33.007553,33.836121,34.861526,33.945984,33.7995,30.90181,33.66674,33.653008,38.04303,38.134583,34.49073,35.030899,34.380867,34.348824,38.418404,34.879837,34.710457,34.554817,33.685051,38.63813,2707989.7,41.416801,44.671547,39.71389,30.810257,29.867249,30.073242,31.950104,30.457771,30.247192,28.525978,30.357063,29.839783,35.300987,34.24353,32.307167,31.972992,31.945526,31.020828,34.760818,32.16983,31.15358,32.261391,31.281761,34.682991,2707989.7,-24.486145,7.3746948,-6.5323792,-2.8061218,-0.32501221,0.050354004,-0.0045776367,-0.0045776367,-0.0045776367,-0.0045776367,-0.0045776367,-0.0045776367,-0.0045776367,-0.0045776367,-0.0045776367,-0.0045776367,-0.0045776367,-0.0045776367,-0.0045776367,-0.0045776367,-0.0045776367,-0.0045776367,-0.0045776367,-0.0045776367,2707989.7
2843033356480,8.2533889,0,40.547035,43.289085,39.265282,32.09201,33.007553,33.831543,34.856949,33.941406,33.790344,30.90181,33.662163,33.64843,38.038452,38.130005,34.486153,35.026321,34.385445,34.357979,38.427559,34.879837,34.710457,34.554817,33.689629,38.642708,2708009.7,41.458,44.712746,39.732201,30.805679,29.876404,30.068665,31.945526,30.462349,30.251778,28.5214,30.347908,29.862671,35.310143,34.24353,32.288857,31.972992,31.959259,31.011673,34.728767,32.174408,31.139847,32.256813,31.286339,34.701302,2708009.7,-24.257263,6.0654602,-5.8548889,-2.6047058,-0.59967041,0.42572021,-0.0045776367,-0.0045776367,-0.0045776367,-0.0045776367,-0.0045776367,-0.0045776367,-0.0045776367,-0.0045776367,-0.0045776367,-0.0045776367,-0.0045776367,-0.0045776367,-0.0045776367,-0.0045776367,-0.0045776367,-0.0045776367,-0.0045776367,-0.0045776367,2708009.7
2843053272160,8.2733046,0,40.551613,43.289085,39.269859,32.087433,33.002975,33.831543,34.861526,33.936829,33.794922,30.906387,33.662163,33.64843,38.033875,38.134583,34.486153,35.035477,34.385445,34.353401,38.432137,34.884415,34.715034,34.55024,33.689629,38.63813,2708029.7,41.458,44.726479,39.732201,30.791946,29.890137,30.073242,31.940948,30.430305,30.242615,28.544289,30.361641,29.862671,35.291832,34.238953,32.284279,31.972992,31.945526,31.016251,34.747078,32.16983,31.144424,32.256813,31.281761,34.696724,2708029.7,-23.424133,5.1590881,-4.3808594,-3.1448975,0.93841553,0.35247803,-0.0045776367,-0.0045776367,-0.0045776367,-0.0045776367,-0.0045776367,-0.0045776367,-0.0045776367,-0.0045776367,-0.0045776367,-0.0045776367,-0.0045776367,-0.0045776367,-0.0045776367,-0.0045776367,-0.0045776367,-0.0045776367,-0.0045776367,-0.0045776367,2708029.7
2843073434816,8.2934673,0,40.547035,43.293663,39.279015,32.09201,33.012131,33.826965,34.856949,33.941406,33.794922,30.90181,33.66674,33.643852,38.029297,38.130005,34.49073,35.030899,34.385445,34.353401,38.427559,34.884415,34.710457,34.55024,33.685051,38.642708,2708049.7,41.458,44.721901,39.750519,30.805679,29.885559,30.054932,31.940948,30.462349,30.224304,28.553444,30.352486,29.862671,35.29641,34.220642,32.293434,31.959259,31.950104,31.020828,34.747078,32.160675,31.158157,32.261391,31.304649,34.705879,2708049.7,-23.002991,5.8182678,-4.2526855,-3.2181396,-0.16937256,0.34332275,-0.0045776367,-0.0045776367,-0.0045776367,-0.0045776367,-0.0045776367,-0.0045776367,-0.0045776367,-0.0045776367,-0.0045776367,-0.0045776367,-0.0045776367,-0.0045776367,-0.0045776367,-0.0045776367,-0.0045776367,-0.0045776367,-0.0045776367,-0.0045776367,2708049.7
2843093295136,8.3133276,0,40.542458,43.298241,39.269859,32.09201,32.998398,33.831543,34.856949,33.945984,33.794922,30.906387,33.66674,33.64843,38.029297,38.130005,34.486153,35.035477,34.390022,34.353401,38.422981,34.884415,34.715034,34.55024,33.685051,38.647285,2708069.7,41.467155,44.753952,39.773407,30.805679,29.894714,30.068665,31.959259,30.444038,30.238037,28.544289,30.366219,29.853516,35.300987,34.238953,32.311745,31.959259,31.936371,31.039139,34.747078,32.183563,31.144424,32.256813,31.281761,34.710457,2708069.7,-22.65506,6.6971741,-4.8477783,-2.9892273,0.40740967,0.39825439,-0.0045776367,-0.0045776367,-0.0045776367,-0.0045776367,-0.0045776367,-0.0045776367,-0.0045776367,-0.0045776367,-0.0045776367,-0.0045776367,-0.0045776367,-0.0045776367,-0.0045776367,-0.0045776367,-0.0045776367,-0.0045776367,-0.0045776367,-0.0045776367,2708069.7
2843113284160,8.3333166,0,40.547035,43.302818,39.269859,32.087433,33.002975,33.836121,34.852371,33.945984,33.794922,30.906387,33.66674,33.64843,38.033875,38.134583,34.486153,35.035477,34.385445,34.353401,38.427559,34.884415,34.710457,34.554817,33.689629,38.63813,2708089.7,41.43969,44.790573,39.768829,30.82399,29.858093,30.068665,31.963837,30.457771,30.238037,28.539711,30.357063,29.853516,35.31472,34.234375,32.275124,31.954681,31.959259,31.002518,34.7425,32.137787,31.149002,32.256813,31.277184,34.692146,2708089.7,-21.583893,8.3634644,-5.2506409,-3.6942139,0.23345947,-0.086975098,-0.0045776367,-0.0045776367,-0.0045776367,-0.0045776367,-0.0045776367,-0.0045776367,-0.0045776367,-0.0045776367,-0.0045776367,-0.0045776367,-0.0045776367,-0.0045776367,-0.0045776367,-0.0045776367,-0.0045776367,-0.0045776367,-0.0045776367,-0.0045776367,2708089.7
2843133259200,8.3532916,0,40.551613,43.302818,39.274437,32.09201,33.002975,33.826965,34.856949,33.945984,33.794922,30.906387,33.662163,33.64843,38.029297,38.13916,34.481575,35.026321,34.385445,34.353401,38.427559,34.879837,34.710457,34.55024,33.689629,38.651863,2708109.7,41.471733,44.795151,39.773407,30.814835,29.885559,30.064087,31.959259,30.462349,30.224304,28.539711,30.366219,29.853516,35.319298,34.229797,32.284279,31.963837,31.954681,31.025406,34.751663,32.174408,31.181046,32.252235,31.277184,34.705879,2708109.7,-20.942993,9.5262146,-6.0013733,-3.7491455,1.2497253,0.14190674,-0.0045776367,-0.0045776367,-0.0045776367,-0.0045776367,-0.0045776367,-0.0045776367,-0.0045776367,-0.0045776367,-0.0045776367,-0.0045776367,-0.0045776367,-0.0045776367,-0.0045776367,-0.0045776367,-0.0045776367,-0.0045776367,-0.0045776367,-0.0045776367,2708109.7
2843153275712,8.3733082,0,40.547035,43.302818,39.283592,32.087433,33.002975,33.826965,34.861526,33.941406,33.790344,30.90181,33.662163,33.64843,38.033875,38.134583,34.49073,35.030899,34.380867,34.353401,38.427559,34.879837,34.710457,34.55024,33.685051,38.651863,2708129.7,41.435112,44.813461,39.768829,30.82399,29.880981,30.059509,31.954681,30.448616,30.256355,28.535133,30.347908,29.862671,35.310143,34.238953,32.284279,31.97757,31.954681,31.048294,34.737923,32.174408,31.139847,32.261391,31.281761,34.696724,2708129.7,-19.121094,13.582062,-7.2282104,-3.0533447,0.086975098,0.25177002,-0.0045776367,-0.0045776367,-0.0045776367,-0.0045776367,-0.0045776367,-0.0045776367,-0.0045776367,-0.0045776367,-0.0045776367,-0.0045776367,-0.0045776367,-0.0045776367,-0.0045776367,-0.0045776367,-0.0045776367,-0.0045776367,-0.0045776367,-0.0045776367,2708129.7
2843173304864,8.3933373,0,40.551613,43.311974,39.283592,32.087433,33.007553,33.826965,34.856949,33.945984,33.794922,30.90181,33.662163,33.64843,38.033875,38.13916,34.486153,35.030899,34.390022,34.353401,38.427559,34.879837,34.719612,34.55024,33.694206,38.63813,2708149.7,41.467155,44.795151,39.796295,30.796524,29.885559,30.073242,31.945526,30.448616,30.238037,28.525978,30.366219,29.848938,35.287254,34.24353,32.270546,31.963837,31.968414,31.011673,34.733345,32.160675,31.158157,32.261391,31.286339,34.719612,2708149.7,-18.52597,15.367371,-7.4113159,-3.364624,0.15106201,0.21514893,-0.0045776367,-0.0045776367,-0.0045776367,-0.0045776367,-0.0045776367,-0.0045776367,-0.0045776367,-0.0045776367,-0.0045776367,-0.0045776367,-0.0045776367,-0.0045776367,-0.0045776367,-0.0045776367,-0.0045776367,-0.0045776367,-0.0045776367,-0.0045776367,2708149.7
2843193248352,8.4132808,0,40.547035,43.311974,39.283592,32.082855,33.002975,33.826965,34.852371,33.945984,33.794922,30.90181,33.662163,33.64843,38.033875,38.130005,34.486153,35.030899,34.380867,34.344246,38.427559,34.879837,34.715034,34.554817,33.689629,38.642708,2708169.7,41.471733,44.831772,39.823761,30.810257,29.871826,30.054932,31.922638,30.444038,30.256355,28.535133,30.366219,29.858093,35.300987,34.234375,32.288857,31.963837,31.954681,31.020828,34.737923,32.165253,31.135269,32.265968,31.290916,34.687569,2708169.7,-17.134369,18.013275,-8.1071167,-3.3463135,0.38909912,0.58135986,-0.0045776367,-0.0045776367,-0.0045776367,-0.0045776367,-0.0045776367,-0.0045776367,-0.0045776367,-0.0045776367,-0.0045776367,-0.0045776367,-0.0045776367,-0.0045776367,-0.0045776367,-0.0045776367,-0.0045776367,-0.0045776367,-0.0045776367,-0.0045776367,2708169.7
2843213274432,8.4333069,0,40.55619,43.325706,39.28817,32.087433,33.007553,33.822388,34.861526,33.945984,33.790344,30.906387,33.662163,33.653008,38.033875,38.125427,34.486153,35.030899,34.380867,34.357979,38.427559,34.875259,34.715034,34.554817,33.685051,38.642708,2708189.7,41.467155,44.850082,39.837494,30.810257,29.885559,30.059509,31.954681,30.448616,30.238037,28.5214,30.366219,29.853516,35.29641,34.229797,32.298012,31.959259,31.945526,31.020828,34.7425,32.16983,31.144424,32.265968,31.286339,34.692146,2708189.7,-16.667419,18.928802,-8.5007935,-3.5568848,0.16937256,0.43487549,-0.0045776367,-0.0045776367,-0.0045776367,-0.0045776367,-0.0045776367,-0.0045776367,-0.0045776367,-0.0045776367,-0.0045776367,-0.0045776367,-0.0045776367,-0.0045776367,-0.0045776367,-0.0045776367,-0.0045776367,-0.0045776367,-0.0045776367,-0.0045776367,2708189.7
2843233435840,8.4534683,0,40.547035,43.321129,39.297325,32.087433,33.007553,33.831543,34.861526,33.945984,33.794922,30.906387,33.66674,33.64843,38.033875,38.13916,34.481575,35.026321,34.385445,34.348824,38.418404,34.879837,34.710457,34.554817,33.680473,38.642708,2708209.7,41.480888,44.863815,39.828339,30.82399,29.90387,30.054932,31.959259,30.457771,30.224304,28.535133,30.366219,29.84436,35.287254,34.24353,32.302589,31.968414,31.945526,31.034561,34.751663,32.165253,31.144424,32.284279,31.309227,34.705879,2708209.7,-16.585022,19.130249,-8.6564331,-3.4744873,-0.032043457,0.18768311,-0.0045776367,-0.0045776367,-0.0045776367,-0.0045776367,-0.0045776367,-0.0045776367,-0.0045776367,-0.0045776367,-0.0045776367,-0.0045776367,-0.0045776367,-0.0045776367,-0.0045776367,-0.0045776367,-0.0045776367,-0.0045776367,-0.0045776367,-0.0045776367,2708209.7
2843253275328,8.4733078,0,40.560768,43.330284,39.301903,32.087433,33.007553,33.826965,34.856949,33.941406,33.790344,30.90181,33.66674,33.64843,38.038452,38.134583,34.481575,35.035477,34.385445,34.348824,38.422981,34.875259,34.715034,34.55024,33.689629,38.642708,2708229.7,41.476311,44.872971,39.828339,30.814835,29.899292,30.064087,31.963837,30.462349,30.224304,28.516823,30.347908,29.858093,35.287254,34.238953,32.284279,31.968414,31.940948,31.029984,34.737923,32.160675,31.158157,32.252235,31.272606,34.687569,2708229.7,-17.280853,20.018311,-9.7825623,-4.0238037,1.1856384,0.56304932,-0.0045776367,-0.0045776367,-0.0045776367,-0.0045776367,-0.0045776367,-0.0045776367,-0.0045776367,-0.0045776367,-0.0045776367,-0.0045776367,-0.0045776367,-0.0045776367,-0.0045776367,-0.0045776367,-0.0045776367,-0.0045776367,-0.0045776367,-0.0045776367,2708229.7
2843273410272,8.4934427,0,40.55619,43.334862,39.301903,32.087433,33.007553,33.836121,34.861526,33.945984,33.794922,30.906387,33.657585,33.64843,38.029297,38.134583,34.481575,35.035477,34.390022,34.348824,38.432137,34.875259,34.719612,34.55024,33.685051,38.63813,2708249.7,41.480888,44.877548,39.842072,30.819412,29.890137,30.073242,31.940948,30.448616,30.247192,28.544289,30.370796,29.853516,35.305565,34.234375,32.279701,31.972992,31.954681,31.029984,34.733345,32.183563,31.130692,32.256813,31.290916,34.701302,2708249.7,-17.225922,21.510651,-9.8558044,-4.2526855,-0.032043457,0.4989624,-0.0045776367,-0.0045776367,-0.0045776367,-0.0045776367,-0.0045776367,-0.0045776367,-0.0045776367,-0.0045776367,-0.0045776367,-0.0045776367,-0.0045776367,-0.0045776367,-0.0045776367,-0.0045776367,-0.0045776367,-0.0045776367,-0.0045776367,-0.0045776367,2708249.7
2843293269984,8.5133024,0,40.55619,43.334862,39.301903,32.09201,33.007553,33.822388,34.856949,33.945984,33.794922,30.910965,33.66674,33.64843,38.038452,38.13916,34.49073,35.030899,34.390022,34.353401,38.427559,34.879837,34.715034,34.554817,33.685051,38.642708,2708269.7,41.494621,44.909592,39.842072,30.828568,29.880981,30.050354,31.959259,30.457771,30.233459,28.535133,30.366219,29.858093,35.300987,34.248108,32.288857,31.97757,31.963837,31.039139,34.756241,32.178986,31.139847,32.252235,31.281761,34.701302,2708269.7,-19.176025,19.890137,-9.4346619,-5.8457336,0.4989624,0.59967041,-0.0045776367,-0.0045776367,-0.0045776367,-0.0045776367,-0.0045776367,-0.0045776367,-0.0045776367,-0.0045776367,-0.0045776367,-0.0045776367,-0.0045776367,-0.0045776367,-0.0045776367,-0.0045776367,-0.0045776367,-0.0045776367,-0.0045776367,-0.0045776367,2708269.7
2843313269696,8.5333021,0,40.55619,43.330284,39.301903,32.09201,33.002975,33.831543,34.861526,33.945984,33.7995,30.906387,33.66674,33.64843,38.033875,38.13916,34.49073,35.035477,34.390022,34.348824,38.422981,34.884415,34.715034,34.545662,33.689629,38.642708,2708289.7,41.494621,44.905014,39.88327,30.82399,29.890137,30.082397,31.945526,30.448616,30.238037,28.525978,30.34333,29.853516,35.291832,34.229797,32.293434,31.959259,31.945526,31.039139,34.747078,32.178986,31.144424,32.243073,31.281761,34.705879,2708289.7,-20.439453,20.613403,-9.8832703,-7.3197632,0.69122314,-0.077819824,-0.0045776367,-0.0045776367,-0.0045776367,-0.0045776367,-0.0045776367,-0.0045776367,-0.0045776367,-0.0045776367,-0.0045776367,-0.0045776367,-0.0045776367,-0.0045776367,-0.0045776367,-0.0045776367,-0.0045776367,-0.0045776367,-0.0045776367,-0.0045776367,2708289.7
2843333301632,8.5533341,0,40.551613,43.334862,39.311058,32.082855,33.007553,33.831543,34.856949,33.950562,33.794922,30.906387,33.66674,33.64843,38.033875,38.130005,34.481575,35.026321,34.3946,34.348824,38.422981,34.879837,34.715034,34.55024,33.689629,38.642708,2708309.7,41.494621,44.927902,39.887848,30.837723,29.885559,30.064087,31.950104,30.444038,30.242615,28.535133,30.352486,29.848938,35.291832,34.229797,32.298012,31.968414,31.963837,31.029984,34.733345,32.174408,31.139847,32.256813,31.286339,34.701302,2708309.7,-24.101624,20.256348,-10.084686,-9.8283386,0.55389404,0.10528564,-0.0045776367,-0.0045776367,-0.0045776367,-0.0045776367,-0.0045776367,-0.0045776367,-0.0045776367,-0.0045776367,-0.0045776367,-0.0045776367,-0.0045776367,-0.0045776367,-0.0045776367,-0.0045776367,-0.0045776367,-0.0045776367,-0.0045776367,-0.0045776367,2708309.7
2843353255488,8.5732879,0,40.565346,43.348595,39.315636,32.096588,33.007553,33.826965,34.861526,33.950562,33.790344,30.910965,33.66674,33.64843,38.029297,38.130005,34.486153,35.026321,34.390022,34.353401,38.427559,34.875259,34.715034,34.55024,33.689629,38.642708,2708329.7,41.503777,44.955368,39.887848,30.833145,29.899292,30.068665,31.959259,30.457771,30.238037,28.539711,30.347908,29.84436,35.291832,34.22522,32.265968,31.963837,31.945526,31.034561,34.737923,32.165253,31.15358,32.261391,31.295494,34.696724,2708329.7,-25.667206,19.835205,-9.6360779,-11.110107,0.45318604,0.050354004,-0.0045776367,-0.0045776367,-0.0045776367,-0.0045776367,-0.0045776367,-0.0045776367,-0.0045776367,-0.0045776367,-0.0045776367,-0.0045776367,-0.0045776367,-0.0045776367,-0.0045776367,-0.0045776367,-0.0045776367,-0.0045776367,-0.0045776367,-0.0045776367,2708329.7
2843373270784,8.5933032,0,40.55619,43.344017,39.311058,32.09201,33.002975,33.826965,34.861526,33.945984,33.790344,30.906387,33.657585,33.64843,38.038452,38.125427,34.486153,35.035477,34.385445,34.357979,38.427559,34.884415,34.715034,34.554817,33.689629,38.63813,2708349.7,41.508354,44.964523,39.897003,30.837723,29.90387,30.068665,31.959259,30.453194,30.228882,28.539711,30.384529,29.853516,35.305565,34.238953,32.293434,31.963837,31.954681,31.020828,34.756241,32.183563,31.139847,32.256813,31.300072,34.701302,2708349.7,-28.505371,18.242157,-10.341034,-13.636993,0.6362915,0.27923584,-0.0045776367,-0.0045776367,-0.0045776367,-0.0045776367,-0.0045776367,-0.0045776367,-0.0045776367,-0.0045776367,-0.0045776367,-0.0045776367,-0.0045776367,-0.0045776367,-0.0045776367,-0.0045776367,-0.0045776367,-0.0045776367,-0.0045776367,-0.0045776367,2708349.7
2843393281280,8.6133137,0,40.560768,43.348595,39.324791,32.096588,32.998398,33.831543,34.856949,33.945984,33.794922,30.906387,33.662163,33.64843,38.029297,38.134583,34.486153,35.030899,34.385445,34.348824,38.422981,34.875259,34.710457,34.55024,33.689629,38.651863,2708369.7,41.503777,44.991989,39.901581,30.833145,29.894714,30.059509,31.931793,30.471504,30.238037,28.539711,30.366219,29.853516,35.305565,34.234375,32.288857,31.972992,31.963837,31.039139,34.733345,32.156097,31.149002,32.265968,31.290916,34.682991,2708369.7,-31.316101,17.875946,-9.8832703,-18.864716,0.58135986,0.34332275,-0.0045776367,-0.0045776367,-0.0045776367,-0.0045776367,-0.0045776367,-0.0045776367,-0.0045776367,-0.0045776367,-0.0045776367,-0.0045776367,-0.0045776367,-0.0045776367,-0.0045776367,-0.0045776367,-0.0045776367,-0.0045776367,-0.0045776367,-0.0045776367,2708369.7
2843413274496,8.6333069,0,40.560768,43.348595,39.320213,32.09201,33.007553,33.826965,34.861526,33.945984,33.790344,30.906387,33.662163,33.64843,38.033875,38.134583,34.481575,35.030899,34.385445,34.353401,38.427559,34.879837,34.719612,34.55024,33.689629,38.63813,2708389.7,41.508354,44.996567,39.892426,30.8423,29.894714,30.050354,31.950104,30.466927,30.251778,28.535133,30.347908,29.835205,35.282677,34.24353,32.307167,31.968414,31.972992,31.020828,34.733345,32.165253,31.162735,32.252235,31.268028,34.705879,2708389.7,-34.126801,17.198456,-10.450897,-19.633789,0.70037842,-0.19683838,-0.0045776367,-0.0045776367,-0.0045776367,-0.0045776367,-0.0045776367,-0.0045776367,-0.0045776367,-0.0045776367,-0.0045776367,-0.0045776367,-0.0045776367,-0.0045776367,-0.0045776367,-0.0045776367,-0.0045776367,-0.0045776367,-0.0045776367,-0.0045776367,2708389.7
2843433427200,8.6534596,0,40.55619,43.35775,39.320213,32.082855,33.002975,33.826965,34.861526,33.941406,33.790344,30.910965,33.662163,33.643852,38.029297,38.134583,34.49073,35.030899,34.390022,34.348824,38.427559,34.884415,34.719612,34.554817,33.694206,38.642708,2708409.7,41.503777,44.991989,39.887848,30.837723,29.894714,30.073242,31.963837,30.448616,30.251778,28.539711,30.34333,29.853516,35.287254,34.234375,32.298012,31.972992,31.959259,31.029984,34.7425,32.160675,31.158157,32.275124,31.290916,34.696724,2708409.7,-34.987396,16.914612,-10.734711,-23.305115,0.39825439,-0.04119873,-0.0045776367,-0.0045776367,-0.0045776367,-0.0045776367,-0.0045776367,-0.0045776367,-0.0045776367,-0.0045776367,-0.0045776367,-0.0045776367,-0.0045776367,-0.0045776367,-0.0045776367,-0.0045776367,-0.0045776367,-0.0045776367,-0.0045776367,-0.0045776367,2708409.7
2843453264224,8.6732967,0,40.565346,43.35775,39.329369,32.082855,33.002975,33.826965,34.861526,33.945984,33.790344,30.906387,33.66674,33.653008,38.038452,38.134583,34.49073,35.035477,34.390022,34.348824,38.422981,34.875259,34.710457,34.554817,33.685051,38.642708,2708429.7,41.494621,45.051498,39.910736,30.8423,29.899292,30.059509,31.963837,30.466927,30.228882,28.5214,30.347908,29.862671,35.300987,34.238953,32.293434,31.950104,31.954681,31.025406,34.751663,32.156097,31.144424,32.265968,31.286339,34.696724,2708429.7,-34.493011,18.498505,-10.286102,-24.550232,0.14190674,0.12359619,-0.0045776367,-0.0045776367,-0.0045776367,-0.0045776367,-0.0045776367,-0.0045776367,-0.0045776367,-0.0045776367,-0.0045776367,-0.0045776367,-0.0045776367,-0.0045776367,-0.0045776367,-0.0045776367,-0.0045776367,-0.0045776367,-0.0045776367,-0.0045776367,2708429.7
2843473413216,8.6934457,0,40.55619,43.366905,39.333946,32.096588,32.998398,33.826965,34.852371,33.941406,33.794922,30.906387,33.662163,33.653008,38.029297,38.130005,34.481575,35.035477,34.390022,34.353401,38.422981,34.879837,34.705879,34.554817,33.685051,38.642708,2708449.7,41.508354,45.037766,39.94278,30.8423,29.890137,30.086975,31.963837,30.448616,30.251778,28.535133,30.352486,29.858093,35.31472,34.220642,32.270546,31.963837,31.959259,31.034561,34.737923,32.165253,31.130692,32.252235,31.300072,34.701302,2708449.7,-29.677277,19.01123,-10.240326,-25.145355,-0.11444092,-0.01373291,-0.0045776367,-0.0045776367,-0.0045776367,-0.0045776367,-0.0045776367,-0.0045776367,-0.0045776367,-0.0045776367,-0.0045776367,-0.0045776367,-0.0045776367,-0.0045776367,-0.0045776367,-0.0045776367,-0.0045776367,-0.0045776367,-0.0045776367,-0.0045776367,2708449.7
2843493268256,8.7133007,0,40.569923,43.37606,39.333946,32.087433,33.002975,33.826965,34.861526,33.945984,33.790344,30.906387,33.66674,33.653008,38.038452,38.130005,34.49073,35.030899,34.390022,34.353401,38.427559,34.879837,34.710457,34.554817,33.689629,38.642708,2708469.7,41.503777,45.065231,39.938202,30.810257,29.90387,30.068665,31.954681,30.462349,30.247192,28.530556,30.370796,29.853516,35.310143,34.252693,32.270546,31.963837,31.940948,31.016251,34.751663,32.146942,31.144424,32.265968,31.286339,34.710457,2708469.7,-27.690552,19.908447,-10.222015,-23.323425,0.31585693,-0.077819824,-0.0045776367,-0.0045776367,-0.0045776367,-0.0045776367,-0.0045776367,-0.0045776367,-0.0045776367,-0.0045776367,-0.0045776367,-0.0045776367,-0.0045776367,-0.0045776367,-0.0045776367,-0.0045776367,-0.0045776367,-0.0045776367,-0.0045776367,-0.0045776367,2708469.7
2843513444928,8.7334774,0,40.565346,43.371483,39.338524,32.09201,33.007553,33.826965,34.861526,33.945984,33.794922,30.90181,33.66674,33.64843,38.029297,38.134583,34.486153,35.040054,34.385445,34.357979,38.427559,34.884415,34.719612,34.55024,33.689629,38.642708,2708489.7,41.540398,45.042343,39.965668,30.82399,29.890137,30.064087,31.963837,30.466927,30.270088,28.535133,30.361641,29.853516,35.310143,34.24353,32.302589,31.963837,31.950104,31.034561,34.747078,32.174408,31.149002,32.261391,31.281761,34.692146,2708489.7,-24.376282,21.199371,-10.881195,-23.15863,0.032043457,0.17852783,-0.0045776367,-0.0045776367,-0.0045776367,-0.0045776367,-0.0045776367,-0.0045776367,-0.0045776367,-0.0045776367,-0.0045776367,-0.0045776367,-0.0045776367,-0.0045776367,-0.0045776367,-0.0045776367,-0.0045776367,-0.0045776367,-0.0045776367,-0.0045776367,2708489.7
2843533272896,8.7533053,0,40.569923,43.37606,39.343102,32.09201,32.998398,33.831543,34.861526,33.945984,33.794922,30.906387,33.657585,33.64843,38.033875,38.125427,34.486153,35.030899,34.390022,34.348824,38.427559,34.884415,34.715034,34.554817,33.685051,38.63813,2708509.7,41.540398,45.097275,39.956512,30.846878,29.885559,30.068665,31.950104,30.476082,30.242615,28.525978,30.352486,29.848938,35.31472,34.24353,32.279701,31.972992,31.945526,31.029984,34.728767,32.160675,31.149002,32.270546,31.295494,34.701302,2708509.7,-16.676575,21.281769,-9.6177673,-17.161835,-0.28839111,-0.10528564,-0.0045776367,-0.0045776367,-0.0045776367,-0.0045776367,-0.0045776367,-0.0045776367,-0.0045776367,-0.0045776367,-0.0045776367,-0.0045776367,-0.0045776367,-0.0045776367,-0.0045776367,-0.0045776367,-0.0045776367,-0.0045776367,-0.0045776367,-0.0045776367,2708509.7
2843553256256,8.7732887,0,40.560768,43.380638,39.343102,32.087433,32.998398,33.831543,34.856949,33.950562,33.790344,30.906387,33.66674,33.653008,38.029297,38.134583,34.486153,35.030899,34.390022,34.344246,38.432137,34.879837,34.710457,34.55024,33.685051,38.642708,2708529.7,41.517509,45.111008,39.983978,30.837723,29.894714,30.068665,31.950104,30.462349,30.247192,28.516823,30.338753,29.862671,35.305565,34.24353,32.288857,31.982147,31.950104,31.048294,34.737923,32.156097,31.15358,32.261391,31.290916,34.692146,2708529.7,-13.957428,20.366211,-8.8486938,-13.325714,-0.41656494,0.37994385,-0.0045776367,-0.0045776367,-0.0045776367,-0.0045776367,-0.0045776367,-0.0045776367,-0.0045776367,-0.0045776367,-0.0045776367,-0.0045776367,-0.0045776367,-0.0045776367,-0.0045776367,-0.0045776367,-0.0045776367,-0.0045776367,-0.0045776367,-0.0045776367,2708529.7
2843573266720,8.7932992,0,40.565346,43.380638,39.347679,32.09201,32.99382,33.822388,34.856949,33.941406,33.790344,30.90181,33.66674,33.657585,38.029297,38.134583,34.486153,35.026321,34.390022,34.357979,38.427559,34.884415,34.719612,34.55024,33.689629,38.63813,2708549.7,41.531242,45.10643,39.974823,30.8423,29.90387,30.068665,31.968414,30.444038,30.242615,28.5214,30.357063,29.835205,35.300987,34.234375,32.288857,31.963837,31.950104,31.039139,34.7425,32.160675,31.158157,32.265968,31.295494,34.692146,2708549.7,-9.4529724,18.773163,-7.3746948,-8.4641724,-0.12359619,0.032043457,-0.0045776367,-0.0045776367,-0.0045776367,-0.0045776367,-0.0045776367,-0.0045776367,-0.0045776367,-0.0045776367,-0.0045776367,-0.0045776367,-0.0045776367,-0.0045776367,-0.0045776367,-0.0045776367,-0.0045776367,-0.0045776367,-0.0045776367,-0.0045776367,2708549.7
2843593240320,8.8132728,0,40.569923,43.394371,39.356834,32.087433,33.002975,33.826965,34.861526,33.945984,33.794922,30.906387,33.66674,33.643852,38.033875,38.13916,34.49073,35.026321,34.390022,34.353401,38.422981,34.879837,34.715034,34.55024,33.694206,38.642708,2708569.7,41.53582,45.133896,39.974823,30.851456,29.90387,30.064087,31.945526,30.476082,30.242615,28.525978,30.357063,29.853516,35.305565,34.238953,32.288857,31.972992,31.950104,31.029984,34.733345,32.183563,31.144424,32.275124,31.290916,34.705879,2708569.7,-8.4916382,17.17099,-6.8161926,-6.9352112,0.11444092,0.20599365,-0.0045776367,-0.0045776367,-0.0045776367,-0.0045776367,-0.0045776367,-0.0045776367,-0.0045776367,-0.0045776367,-0.0045776367,-0.0045776367,-0.0045776367,-0.0045776367,-0.0045776367,-0.0045776367,-0.0045776367,-0.0045776367,-0.0045776367,-0.0045776367,2708569.7
2843613261024,8.8332935,0,40.574501,43.394371,39.356834,32.09201,32.998398,33.81781,34.861526,33.945984,33.794922,30.906387,33.66674,33.64843,38.033875,38.13916,34.481575,35.026321,34.390022,34.344246,38.427559,34.884415,34.705879,34.554817,33.685051,38.642708,2708589.7,41.526665,45.170517,39.988556,30.851456,29.899292,30.091553,31.959259,30.466927,30.247192,28.530556,30.352486,29.848938,35.323875,34.234375,32.275124,31.972992,31.959259,31.039139,34.733345,32.160675,31.158157,32.261391,31.295494,34.701302,2708589.7,-8.1071167,14.5159,-5.5436096,-4.802002,0.077819824,0.2243042,-0.0045776367,-0.0045776367,-0.0045776367,-0.0045776367,-0.0045776367,-0.0045776367,-0.0045776367,-0.0045776367,-0.0045776367,-0.0045776367,-0.0045776367,-0.0045776367,-0.0045776367,-0.0045776367,-0.0045776367,-0.0045776367,-0.0045776367,-0.0045776367,2708589.7
2843633408960,8.8534414,0,40.565346,43.398949,39.352257,32.09201,32.998398,33.81781,34.861526,33.945984,33.7995,30.906387,33.662163,33.64843,38.038452,38.134583,34.49073,35.026321,34.390022,34.353401,38.436714,34.879837,34.715034,34.55024,33.694206,38.633553,2708609.7,41.554131,45.207138,40.006866,30.856033,29.880981,30.054932,31.950104,30.462349,30.228882,28.530556,30.357063,29.84436,35.31472,34.248108,32.284279,31.972992,31.950104,31.029984,34.737923,32.16983,31.15358,32.238495,31.300072,34.692146,2708609.7,-7.3014526,12.675659,-4.9942627,-3.163208,-0.26092529,0.32501221,-0.0045776367,-0.0045776367,-0.0045776367,-0.0045776367,-0.0045776367,-0.0045776367,-0.0045776367,-0.0045776367,-0.0045776367,-0.0045776367,-0.0045776367,-0.0045776367,-0.0045776367,-0.0045776367,-0.0045776367,-0.0045776367,-0.0045776367,-0.0045776367,2708609.7
2843653245344,8.8732778,0,40.565346,43.398949,39.352257,32.09201,33.007553,33.81781,34.861526,33.941406,33.794922,30.90181,33.66674,33.64843,38.033875,38.134583,34.486153,35.026321,34.390022,34.353401,38.427559,34.879837,34.705879,34.554817,33.689629,38.63813,2708629.7,41.526665,45.188828,40.029755,30.851456,29.90387,30.073242,31.959259,30.457771,30.242615,28.535133,30.347908,29.853516,35.291832,34.24353,32.302589,31.97757,31.945526,31.029984,34.733345,32.16983,31.15358,32.252235,31.290916,34.696724,2708629.7,-7.5944214,12.52002,-5.1590881,-2.677948,-0.73699951,0.29754639,-0.0045776367,-0.0045776367,-0.0045776367,-0.0045776367,-0.0045776367,-0.0045776367,-0.0045776367,-0.0045776367,-0.0045776367,-0.0045776367,-0.0045776367,-0.0045776367,-0.0045776367,-0.0045776367,-0.0045776367,-0.0045776367,-0.0045776367,-0.0045776367,2708629.7
2843673368704,8.8934012,0,40.565346,43.398949,39.36599,32.09201,33.002975,33.826965,34.866104,33.945984,33.790344,30.90181,33.662163,33.64843,38.033875,38.130005,34.486153,35.030899,34.385445,34.353401,38.422981,34.884415,34.710457,34.55024,33.689629,38.647285,2708649.7,41.526665,45.234604,40.05722,30.874344,29.899292,30.082397,31.963837,30.462349,30.228882,28.539711,30.357063,29.858093,35.291832,34.238953,32.284279,31.959259,31.972992,31.043716,34.7425,32.165253,31.15358,32.265968,31.281761,34.705879,2708649.7,-7.8416138,10.862885,-5.1773987,-0.14190674,-0.48065186,-0.16021729,-0.0045776367,-0.0045776367,-0.0045776367,-0.0045776367,-0.0045776367,-0.0045776367,-0.0045776367,-0.0045776367,-0.0045776367,-0.0045776367,-0.0045776367,-0.0045776367,-0.0045776367,-0.0045776367,-0.0045776367,-0.0045776367,-0.0045776367,-0.0045776367,2708649.7
2843693244800,8.9132772,0,40.569923,43.403526,39.361412,32.096588,32.998398,33.822388,34.856949,33.941406,33.794922,30.90181,33.66674,33.653008,38.033875,38.13916,34.481575,35.026321,34.3946,34.348824,38.427559,34.875259,34.715034,34.545662,33.694206,38.642708,2708669.7,41.558708,45.239182,40.034332,30.878922,29.890137,30.073242,31.954681,30.462349,30.247192,28.539711,30.357063,29.858093,35.29641,34.238953,32.302589,31.963837,31.945526,31.034561,34.72419,32.15152,31.139847,32.265968,31.277184,34.715034,2708669.7,-6.9443665,9.7917175,-5.186554,2.8976746,-0.4989624,-0.69122314,-0.0045776367,-0.0045776367,-0.0045776367,-0.0045776367,-0.0045776367,-0.0045776367,-0.0045776367,-0.0045776367,-0.0045776367,-0.0045776367,-0.0045776367,-0.0045776367,-0.0045776367,-0.0045776367,-0.0045776367,-0.0045776367,-0.0045776367,-0.0045776367,2708669.7
2843713240704,8.9332732,0,40.574501,43.412682,39.36599,32.096588,33.002975,33.822388,34.856949,33.945984,33.790344,30.90181,33.662163,33.64843,38.033875,38.13916,34.486153,35.030899,34.390022,34.353401,38.427559,34.884415,34.719612,34.55024,33.689629,38.63813,2708689.7,41.554131,45.252922,40.029755,30.874344,29.880981,30.073242,31.954681,30.453194,30.260933,28.525978,30.366219,29.862671,35.300987,34.234375,32.284279,31.959259,31.940948,31.020828,34.760818,32.174408,31.149002,32.256813,31.295494,34.710457,2708689.7,-8.6930542,8.8395386,-4.7470703,4.0695801,-0.2243042,-0.10528564,-0.0045776367,-0.0045776367,-0.0045776367,-0.0045776367,-0.0045776367,-0.0045776367,-0.0045776367,-0.0045776367,-0.0045776367,-0.0045776367,-0.0045776367,-0.0045776367,-0.0045776367,-0.0045776367,-0.0045776367,-0.0045776367,-0.0045776367,-0.0045776367,2708689.7
2843733261984,8.9532944,0,40.574501,43.417259,39.361412,32.101166,33.002975,33.826965,34.861526,33.945984,33.794922,30.906387,33.671318,33.643852,38.029297,38.13916,34.481575,35.030899,34.3946,34.348824,38.432137,34.879837,34.710457,34.554817,33.685051,38.647285,2708709.7,41.554131,45.27581,40.043488,30.878922,29.885559,30.054932,31.945526,30.444038,30.228882,28.548866,30.366219,29.858093,35.291832,34.22522,32.293434,31.963837,31.950104,31.016251,34.733345,32.165253,31.144424,32.275124,31.290916,34.687569,2708709.7,-9.672699,8.5740356,-4.5090332,5.5985413,-0.46234131,0.35247803,-0.0045776367,-0.0045776367,-0.0045776367,-0.0045776367,-0.0045776367,-0.0045776367,-0.0045776367,-0.0045776367,-0.0045776367,-0.0045776367,-0.0045776367,-0.0045776367,-0.0045776367,-0.0045776367,-0.0045776367,-0.0045776367,-0.0045776367,-0.0045776367,2708709.7
2843753272192,8.9733046,0,40.574501,43.426414,39.370567,32.101166,33.012131,33.81781,34.861526,33.941406,33.790344,30.90181,33.66674,33.653008,38.029297,38.134583,34.486153,35.030899,34.390022,34.353401,38.418404,34.879837,34.719612,34.554817,33.680473,38.642708,2708729.7,41.549553,45.266655,40.05722,30.878922,29.880981,30.068665,31.963837,30.448616,30.224304,28.535133,30.357063,29.858093,35.31472,34.229797,32.288857,31.963837,31.950104,31.034561,34.7425,32.165253,31.162735,32.275124,31.300072,34.687569,2708729.7,-7.3289185,8.5923462,-5.1682434,5.5802307,0.077819824,0.13275146,-0.0045776367,-0.0045776367,-0.0045776367,-0.0045776367,-0.0045776367,-0.0045776367,-0.0045776367,-0.0045776367,-0.0045776367,-0.0045776367,-0.0045776367,-0.0045776367,-0.0045776367,-0.0045776367,-0.0045776367,-0.0045776367,-0.0045776367,-0.0045776367,2708729.7
2843773251840,8.9932843,0,40.569923,43.417259,39.375145,32.096588,32.998398,33.826965,34.861526,33.950562,33.794922,30.906387,33.671318,33.657585,38.033875,38.134583,34.476997,35.030899,34.390022,34.353401,38.427559,34.884415,34.715034,34.55024,33.694206,38.63813,2708749.7,41.554131,45.303276,40.075531,30.888077,29.890137,30.073242,31.931793,30.457771,30.265511,28.539711,30.34333,29.853516,35.29641,34.24353,32.279701,31.972992,31.945526,31.043716,34.747078,32.160675,31.149002,32.256813,31.286339,34.696724,2708749.7,-7.145813,8.4550171,-4.6188965,5.992218,0.11444092,0.04119873,-0.0045776367,-0.0045776367,-0.0045776367,-0.0045776367,-0.0045776367,-0.0045776367,-0.0045776367,-0.0045776367,-0.0045776367,-0.0045776367,-0.0045776367,-0.0045776367,-0.0045776367,-0.0045776367,-0.0045776367,-0.0045776367,-0.0045776367,-0.0045776367,2708749.7
2843793265440,9.0132979,0,40.565346,43.426414,39.379723,32.101166,33.002975,33.822388,34.861526,33.945984,33.790344,30.906387,33.662163,33.64843,38.024719,38.134583,34.476997,35.035477,34.390022,34.348824,38.427559,34.879837,34.715034,34.55024,33.689629,38.651863,2708769.7,41.554131,45.321587,40.080109,30.883499,29.890137,30.073242,31.950104,30.453194,30.242615,28.530556,30.347908,29.853516,35.319298,34.229797,32.298012,31.972992,31.954681,31.025406,34.733345,32.165253,31.149002,32.261391,31.295494,34.710457,2708769.7,-6.7154846,8.5282593,-4.6738281,6.1570129,0.25177002,0.032043457,-0.0045776367,-0.0045776367,-0.0045776367,-0.0045776367,-0.0045776367,-0.0045776367,-0.0045776367,-0.0045776367,-0.0045776367,-0.0045776367,-0.0045776367,-0.0045776367,-0.0045776367,-0.0045776367,-0.0045776367,-0.0045776367,-0.0045776367,-0.0045776367,2708769.7
2843813243232,9.0332757,0,40.579079,43.430992,39.3843,32.096588,33.007553,33.826965,34.866104,33.945984,33.785767,30.906387,33.66674,33.64843,38.033875,38.134583,34.481575,35.030899,34.390022,34.353401,38.422981,34.884415,34.710457,34.55024,33.689629,38.642708,2708789.7,41.563286,45.33532,40.098419,30.878922,29.899292,30.059509,31.959259,30.453194,30.238037,28.544289,30.357063,29.84436,35.300987,34.238953,32.293434,31.968414,31.959259,31.025406,34.737923,32.160675,31.139847,32.261391,31.281761,34.719612,2708789.7,-6.2302551,7.6127319,-4.5639648,6.3218079,0.022888184,-0.51727295,-0.0045776367,-0.0045776367,-0.0045776367,-0.0045776367,-0.0045776367,-0.0045776367,-0.0045776367,-0.0045776367,-0.0045776367,-0.0045776367,-0.0045776367,-0.0045776367,-0.0045776367,-0.0045776367,-0.0045776367,-0.0045776367,-0.0045776367,-0.0045776367,2708789.7
2843833398688,9.0534311,0,40.569923,43.426414,39.3843,32.09201,32.998398,33.826965,34.861526,33.945984,33.7995,30.90181,33.66674,33.653008,38.033875,38.130005,34.481575,35.040054,34.399178,34.357979,38.432137,34.879837,34.715034,34.559395,33.689629,38.63813,2708809.7,41.540398,45.35363,40.102997,30.869766,29.899292,30.064087,31.959259,30.466927,30.256355,28.539711,30.366219,29.858093,35.305565,34.238953,32.302589,31.968414,31.959259,31.034561,34.719612,32.160675,31.162735,32.252235,31.295494,34.696724,2708809.7,-5.690094,6.6056213,-4.8477783,6.559845,0.37078857,0.059509277,-0.0045776367,-0.0045776367,-0.0045776367,-0.0045776367,-0.0045776367,-0.0045776367,-0.0045776367,-0.0045776367,-0.0045776367,-0.0045776367,-0.0045776367,-0.0045776367,-0.0045776367,-0.0045776367,-0.0045776367,-0.0045776367,-0.0045776367,-0.0045776367,2708809.7
2843853243264,9.0732757,0,40.574501,43.440147,39.388878,32.09201,33.007553,33.822388,34.861526,33.945984,33.790344,30.906387,33.662163,33.64843,38.033875,38.130005,34.476997,35.035477,34.3946,34.353401,38.432137,34.879837,34.715034,34.545662,33.689629,38.63813,2708829.7,41.567863,45.362785,40.093842,30.874344,29.890137,30.054932,31.954681,30.457771,30.260933,28.5214,30.347908,29.853516,35.29641,34.248108,32.284279,31.968414,31.954681,31.029984,34.756241,32.178986,31.144424,32.261391,31.290916,34.705879,2708829.7,-4.5273438,4.1153564,-4.133667,6.2851868,0.04119873,-0.27008057,-0.0045776367,-0.0045776367,-0.0045776367,-0.0045776367,-0.0045776367,-0.0045776367,-0.0045776367,-0.0045776367,-0.0045776367,-0.0045776367,-0.0045776367,-0.0045776367,-0.0045776367,-0.0045776367,-0.0045776367,-0.0045776367,-0.0045776367,-0.0045776367,2708829.7
2843873270560,9.093303,0,40.569923,43.43557,39.3843,32.101166,33.002975,33.822388,34.861526,33.950562,33.7995,30.90181,33.662163,33.643852,38.038452,38.130005,34.486153,35.030899,34.3946,34.353401,38.432137,34.884415,34.710457,34.554817,33.689629,38.642708,2708849.7,41.586174,45.385674,40.121307,30.883499,29.894714,30.045776,31.950104,30.471504,30.238037,28.525978,30.347908,29.867249,35.323875,34.248108,32.275124,31.982147,31.940948,31.020828,34.7425,32.160675,31.130692,32.256813,31.290916,34.710457,2708849.7,-4.6555176,2.7511902,-3.2913818,6.2302551,0.68206787,-0.58135986,-0.0045776367,-0.0045776367,-0.0045776367,-0.0045776367,-0.0045776367,-0.0045776367,-0.0045776367,-0.0045776367,-0.0045776367,-0.0045776367,-0.0045776367,-0.0045776367,-0.0045776367,-0.0045776367,-0.0045776367,-0.0045776367,-0.0045776367,-0.0045776367,2708849.7
2843893247520,9.11328,0,40.569923,43.440147,39.3843,32.096588,32.998398,33.822388,34.861526,33.941406,33.794922,30.897232,33.662163,33.643852,38.033875,38.134583,34.476997,35.030899,34.399178,34.353401,38.432137,34.884415,34.710457,34.55024,33.685051,38.647285,2708869.7,41.577019,45.390251,40.130463,30.892654,29.871826,30.054932,31.954681,30.466927,30.247192,28.535133,30.347908,29.84436,35.310143,34.24353,32.279701,31.968414,31.936371,31.025406,34.737923,32.165253,31.149002,32.256813,31.290916,34.715034,2708869.7,-4.8477783,-0.20599365,-1.8356628,6.4316711,0.39825439,0.64544678,-0.0045776367,-0.0045776367,-0.0045776367,-0.0045776367,-0.0045776367,-0.0045776367,-0.0045776367,-0.0045776367,-0.0045776367,-0.0045776367,-0.0045776367,-0.0045776367,-0.0045776367,-0.0045776367,-0.0045776367,-0.0045776367,-0.0045776367,-0.0045776367,2708869.7
2843913253664,9.1332861,0,40.574501,43.440147,39.388878,32.09201,33.012131,33.826965,34.861526,33.941406,33.794922,30.90181,33.66674,33.64843,38.033875,38.134583,34.486153,35.026321,34.390022,34.353401,38.422981,34.879837,34.710457,34.554817,33.689629,38.63813,2708889.7,41.595329,45.408562,40.162506,30.883499,29.880981,30.059509,31.954681,30.462349,30.256355,28.548866,30.370796,29.84436,35.310143,34.216064,32.293434,31.963837,31.959259,31.029984,34.756241,32.160675,31.158157,32.256813,31.281761,34.715034,2708889.7,-1.103241,-0.90179443,-1.002533,6.3675842,0.34332275,-0.38909912,-0.0045776367,-0.0045776367,-0.0045776367,-0.0045776367,-0.0045776367,-0.0045776367,-0.0045776367,-0.0045776367,-0.0045776367,-0.0045776367,-0.0045776367,-0.0045776367,-0.0045776367,-0.0045776367,-0.0045776367,-0.0045776367,-0.0045776367,-0.0045776367,2708889.7
2843933227968,9.1532604,0,40.574501,43.449303,39.393456,32.096588,33.007553,33.826965,34.861526,33.945984,33.794922,30.910965,33.671318,33.64843,38.038452,38.134583,34.486153,35.030899,34.390022,34.348824,38.427559,34.884415,34.715034,34.541084,33.689629,38.642708,2708909.7,41.590752,45.408562,40.167084,30.883499,29.885559,30.064087,31.963837,30.457771,30.256355,28.544289,30.384529,29.858093,35.300987,34.22522,32.293434,31.959259,31.97757,31.025406,34.747078,32.192719,31.162735,32.265968,31.300072,34.692146,2708909.7,1.7166443,-1.6800232,-1.9272156,6.4042053,0.45318604,-0.26092529,-0.0045776367,-0.0045776367,-0.0045776367,-0.0045776367,-0.0045776367,-0.0045776367,-0.0045776367,-0.0045776367,-0.0045776367,-0.0045776367,-0.0045776367,-0.0045776367,-0.0045776367,-0.0045776367,-0.0045776367,-0.0045776367,-0.0045776367,-0.0045776367,2708909.7
2843953284768,9.1733172,0,40.588234,43.458458,39.402611,32.096588,33.007553,33.822388,34.861526,33.945984,33.794922,30.906387,33.675896,33.64843,38.033875,38.13916,34.486153,35.030899,34.3946,34.353401,38.427559,34.884415,34.719612,34.554817,33.685051,38.647285,2708929.7,41.609062,45.440605,40.19455,30.892654,29.880981,30.050354,31.959259,30.425728,30.242615,28.535133,30.370796,29.853516,35.300987,34.24353,32.275124,31.97757,31.986725,31.043716,34.719612,32.156097,31.15358,32.270546,31.286339,34.687569,2708929.7,1.9821472,-6.1295471,-0.48980713,7.3563843,-0.21514893,-0.12359619,-0.0045776367,-0.0045776367,-0.0045776367,-0.0045776367,-0.0045776367,-0.0045776367,-0.0045776367,-0.0045776367,-0.0045776367,-0.0045776367,-0.0045776367,-0.0045776367,-0.0045776367,-0.0045776367,-0.0045776367,-0.0045776367,-0.0045776367,-0.0045776367,2708929.7
2843973502464,9.1935349,0,40.583656,43.449303,39.398033,32.101166,33.002975,33.826965,34.866104,33.945984,33.7995,30.910965,33.662163,33.64843,38.038452,38.143738,34.481575,35.026321,34.390022,34.344246,38.432137,34.879837,34.715034,34.55024,33.694206,38.642708,2708949.7,41.609062,45.445183,40.19455,30.90181,29.885559,30.059509,31.940948,30.448616,30.242615,28.539711,30.357063,29.858093,35.319298,34.252693,32.311745,31.968414,31.950104,31.020828,34.7425,32.160675,31.167313,32.252235,31.313805,34.701302,2708949.7,3.1906738,-7.7317505,1.8905945,7.850769,-0.068664551,-0.17852783,-0.0045776367,-0.0045776367,-0.0045776367,-0.0045776367,-0.0045776367,-0.0045776367,-0.0045776367,-0.0045776367,-0.0045776367,-0.0045776367,-0.0045776367,-0.0045776367,-0.0045776367,-0.0045776367,-0.0045776367,-0.0045776367,-0.0045776367,-0.0045776367,2708949.7
2843993235712,9.2132682,0,40.583656,43.463036,39.398033,32.087433,33.007553,33.822388,34.856949,33.945984,33.790344,30.915543,33.662163,33.653008,38.033875,38.134583,34.481575,35.035477,34.3946,34.348824,38.432137,34.879837,34.715034,34.545662,33.694206,38.63813,2708969.7,41.604485,45.458916,40.189972,30.892654,29.890137,30.073242,31.954681,30.453194,30.238037,28.535133,30.357063,29.853516,35.305565,34.248108,32.284279,31.963837,31.959259,31.039139,34.733345,32.165253,31.15358,32.261391,31.290916,34.696724,2708969.7,6.1478577,-10.835419,2.2110291,7.5394897,-0.032043457,-0.38909912,-0.0045776367,-0.0045776367,-0.0045776367,-0.0045776367,-0.0045776367,-0.0045776367,-0.0045776367,-0.0045776367,-0.0045776367,-0.0045776367,-0.0045776367,-0.0045776367,-0.0045776367,-0.0045776367,-0.0045776367,-0.0045776367,-0.0045776367,-0.0045776367,2708969.7
2844013253472,9.2332859,0,40.588234,43.463036,39.407188,32.096588,33.007553,33.831543,34.856949,33.950562,33.794922,30.906387,33.66674,33.64843,38.033875,38.13916,34.486153,35.035477,34.390022,34.348824,38.427559,34.879837,34.715034,34.554817,33.685051,38.63813,2708989.7,41.622795,45.481804,40.19455,30.888077,29.899292,30.045776,31.950104,30.466927,30.238037,28.544289,30.347908,29.848938,35.300987,34.248108,32.307167,31.97757,31.945526,31.034561,34.747078,32.156097,31.144424,32.265968,31.281761,34.696724,2708989.7,6.1753235,-12.098877,3.4836426,6.9718323,0.01373291,0.01373291,-0.0045776367,-0.0045776367,-0.0045776367,-0.0045776367,-0.0045776367,-0.0045776367,-0.0045776367,-0.0045776367,-0.0045776367,-0.0045776367,-0.0045776367,-0.0045776367,-0.0045776367,-0.0045776367,-0.0045776367,-0.0045776367,-0.0045776367,-0.0045776367,2708989.7
2844033359968,9.2533924,0,40.592812,43.463036,39.407188,32.101166,32.998398,33.826965,34.861526,33.941406,33.7995,30.910965,33.671318,33.64843,38.033875,38.134583,34.476997,35.035477,34.399178,34.353401,38.432137,34.879837,34.705879,34.55024,33.689629,38.642708,2709009.7,41.63195,45.486382,40.222015,30.892654,29.880981,30.059509,31.950104,30.444038,30.242615,28.539711,30.352486,29.853516,35.310143,34.229797,32.279701,31.972992,31.959259,31.034561,34.733345,32.178986,31.144424,32.261391,31.281761,34.682991,2709009.7,6.7978821,-14.68985,4.4174805,6.4774475,0.75531006,-0.45318604,-0.0045776367,-0.0045776367,-0.0045776367,-0.0045776367,-0.0045776367,-0.0045776367,-0.0045776367,-0.0045776367,-0.0045776367,-0.0045776367,-0.0045776367,-0.0045776367,-0.0045776367,-0.0045776367,-0.0045776367,-0.0045776367,-0.0045776367,-0.0045776367,2709009.7
2844053221568,9.273254,0,40.588234,43.472191,39.398033,32.105743,33.012131,33.826965,34.861526,33.945984,33.794922,30.906387,33.66674,33.64843,38.033875,38.13916,34.476997,35.040054,34.399178,34.357979,38.432137,34.884415,34.719612,34.55024,33.689629,38.647285,2709029.7,41.636528,45.50927,40.217438,30.90181,29.899292,30.050354,31.963837,30.457771,30.260933,28.525978,30.352486,29.858093,35.323875,34.24353,32.270546,31.959259,31.940948,31.039139,34.737923,32.165253,31.15358,32.275124,31.277184,34.715034,2709029.7,6.9992981,-15.5047,5.223175,6.092926,0.8102417,-0.35247803,-0.0045776367,-0.0045776367,-0.0045776367,-0.0045776367,-0.0045776367,-0.0045776367,-0.0045776367,-0.0045776367,-0.0045776367,-0.0045776367,-0.0045776367,-0.0045776367,-0.0045776367,-0.0045776367,-0.0045776367,-0.0045776367,-0.0045776367,-0.0045776367,2709029.7
2844073248448,9.2932809,0,40.583656,43.472191,39.411766,32.105743,33.002975,33.822388,34.866104,33.950562,33.794922,30.906387,33.662163,33.653008,38.038452,38.13916,34.481575,35.030899,34.3946,34.353401,38.432137,34.879837,34.719612,34.554817,33.689629,38.63813,2709049.7,41.650261,45.518425,40.222015,30.90181,29.913025,30.064087,31.963837,30.466927,30.233459,28.544289,30.352486,29.853516,35.29641,34.234375,32.284279,31.954681,31.954681,31.034561,34.728767,32.160675,31.149002,32.265968,31.300072,34.710457,2709049.7,7.4113159,-16.722351,5.186554,6.6788635,1.1856384,-0.62713623,-0.0045776367,-0.0045776367,-0.0045776367,-0.0045776367,-0.0045776367,-0.0045776367,-0.0045776367,-0.0045776367,-0.0045776367,-0.0045776367,-0.0045776367,-0.0045776367,-0.0045776367,-0.0045776367,-0.0045776367,-0.0045776367,-0.0045776367,-0.0045776367,2709049.7
2844093242624,9.3132751,0,40.588234,43.472191,39.407188,32.101166,33.002975,33.826965,34.856949,33.941406,33.794922,30.910965,33.671318,33.64843,38.029297,38.13916,34.481575,35.035477,34.399178,34.353401,38.427559,34.89357,34.715034,34.545662,33.694206,38.642708,2709069.7,41.63195,45.495537,40.222015,30.906387,29.890137,30.064087,31.945526,30.448616,30.251778,28.544289,30.361641,29.858093,35.300987,34.234375,32.293434,31.972992,31.954681,31.025406,34.756241,32.16983,31.144424,32.265968,31.281761,34.692146,2709069.7,8.8761597,-18.388641,7.3563843,4.435791,-0.11444092,0.086975098,-0.0045776367,-0.0045776367,-0.0045776367,-0.0045776367,-0.0045776367,-0.0045776367,-0.0045776367,-0.0045776367,-0.0045776367,-0.0045776367,-0.0045776367,-0.0045776367,-0.0045776367,-0.0045776367,-0.0045776367,-0.0045776367,-0.0045776367,-0.0045776367,2709069.7
2844113251040,9.3332835,0,40.588234,43.476768,39.411766,32.101166,33.007553,33.831543,34.861526,33.945984,33.790344,30.906387,33.657585,33.643852,38.033875,38.143738,34.486153,35.030899,34.3946,34.353401,38.432137,34.884415,34.715034,34.554817,33.685051,38.647285,2709089.7,41.650261,45.532158,40.217438,30.897232,29.899292,30.050354,31.959259,30.462349,30.256355,28.544289,30.352486,29.84436,35.319298,34.234375,32.284279,31.959259,31.945526,31.025406,34.72419,32.156097,31.181046,32.265968,31.290916,34.701302,2709089.7,10.469208,-19.258423,8.0888062,4.0787354,-0.95672607,1.0574646,-0.0045776367,-0.0045776367,-0.0045776367,-0.0045776367,-0.0045776367,-0.0045776367,-0.0045776367,-0.0045776367,-0.0045776367,-0.0045776367,-0.0045776367,-0.0045776367,-0.0045776367,-0.0045776367,-0.0045776367,-0.0045776367,-0.0045776367,-0.0045776367,2709089.7
2844133246976,9.3532794,0,40.597389,43.476768,39.416344,32.105743,33.002975,33.831543,34.861526,33.945984,33.7995,30.906387,33.662163,33.64843,38.033875,38.13916,34.486153,35.026321,34.3946,34.353401,38.427559,34.884415,34.719612,34.554817,33.689629,38.642708,2709109.7,41.622795,45.52758,40.222015,30.897232,29.885559,30.050354,31.945526,30.444038,30.233459,28.530556,30.357063,29.853516,35.310143,34.252693,32.288857,31.954681,31.945526,31.029984,34.747078,32.165253,31.17189,32.256813,31.286339,34.696724,2709109.7,10.936127,-20.622559,8.7754517,2.3849792,-0.10528564,0.27923584,-0.0045776367,-0.0045776367,-0.0045776367,-0.0045776367,-0.0045776367,-0.0045776367,-0.0045776367,-0.0045776367,-0.0045776367,-0.0045776367,-0.0045776367,-0.0045776367,-0.0045776367,-0.0045776367,-0.0045776367,-0.0045776367,-0.0045776367,-0.0045776367,2709109.7
2844153233120,9.3732656,0,40.592812,43.481346,39.411766,32.101166,33.012131,33.826965,34.861526,33.950562,33.790344,30.906387,33.66674,33.653008,38.029297,38.125427,34.481575,35.035477,34.399178,34.353401,38.432137,34.879837,34.715034,34.554817,33.685051,38.642708,2709129.7,41.627373,45.545891,40.244904,30.915543,29.871826,30.059509,31.954681,30.471504,30.233459,28.544289,30.370796,29.858093,35.305565,34.229797,32.284279,31.959259,31.954681,31.025406,34.751663,32.16983,31.144424,32.252235,31.304649,34.710457,2709129.7,11.659424,-21.364166,10.148773,2.0370789,-0.23345947,-0.096130371,-0.0045776367,-0.0045776367,-0.0045776367,-0.0045776367,-0.0045776367,-0.0045776367,-0.0045776367,-0.0045776367,-0.0045776367,-0.0045776367,-0.0045776367,-0.0045776367,-0.0045776367,-0.0045776367,-0.0045776367,-0.0045776367,-0.0045776367,-0.0045776367,2709129.7
2844173243520,9.393276,0,40.592812,43.485924,39.411766,32.101166,33.007553,33.826965,34.861526,33.950562,33.7995,30.90181,33.662163,33.653008,38.033875,38.143738,34.476997,35.030899,34.3946,34.353401,38.427559,34.888992,34.715034,34.55024,33.689629,38.642708,2709149.7,41.659416,45.577934,40.276955,30.92012,29.90387,30.064087,31.954681,30.444038,30.238037,28.539711,30.347908,29.858093,35.31472,34.234375,32.279701,31.991302,31.950104,31.034561,34.7425,32.156097,31.144424,32.275124,31.272606,34.701302,2709149.7,12.684814,-22.572662,11.778442,2.4490662,0.37078857,-0.70953369,-0.0045776367,-0.0045776367,-0.0045776367,-0.0045776367,-0.0045776367,-0.0045776367,-0.0045776367,-0.0045776367,-0.0045776367,-0.0045776367,-0.0045776367,-0.0045776367,-0.0045776367,-0.0045776367,-0.0045776367,-0.0045776367,-0.0045776367,-0.0045776367,2709149.7
2844193238272,9.4132707,0,40.588234,43.481346,39.416344,32.105743,33.007553,33.826965,34.866104,33.950562,33.7995,30.897232,33.66674,33.643852,38.033875,38.134583,34.481575,35.030899,34.399178,34.344246,38.427559,34.879837,34.715034,34.55024,33.689629,38.63813,2709169.7,41.659416,45.591667,40.267799,30.910965,29.885559,30.059509,31.963837,30.462349,30.242615,28.535133,30.352486,29.858093,35.310143,34.24353,32.275124,31.950104,31.954681,31.043716,34.737923,32.178986,31.135269,32.256813,31.300072,34.701302,2709169.7,13.170074,-23.442444,12.373535,0.3616333,-0.56304932,0.16937256,-0.0045776367,-0.0045776367,-0.0045776367,-0.0045776367,-0.0045776367,-0.0045776367,-0.0045776367,-0.0045776367,-0.0045776367,-0.0045776367,-0.0045776367,-0.0045776367,-0.0045776367,-0.0045776367,-0.0045776367,-0.0045776367,-0.0045776367,-0.0045776367,2709169.7
2844213220608,9.4332531,0,40.583656,43.495079,39.425499,32.105743,33.002975,33.826965,34.856949,33.950562,33.794922,30.897232,33.66674,33.64843,38.033875,38.13916,34.481575,35.030899,34.3946,34.348824,38.432137,34.879837,34.710457,34.554817,33.685051,38.647285,2709189.7,41.668571,45.6054,40.249481,30.92012,29.908447,30.07782,31.945526,30.462349,30.247192,28.539711,30.370796,29.853516,35.310143,34.22522,32.284279,31.963837,31.963837,31.020828,34.72419,32.183563,31.135269,32.24765,31.290916,34.710457,2709189.7,14.067291,-24.257263,12.950317,0.77362061,1.0757751,-0.97503662,-0.0045776367,-0.0045776367,-0.0045776367,-0.0045776367,-0.0045776367,-0.0045776367,-0.0045776367,-0.0045776367,-0.0045776367,-0.0045776367,-0.0045776367,-0.0045776367,-0.0045776367,-0.0045776367,-0.0045776367,-0.0045776367,-0.0045776367,-0.0045776367,2709189.7
2844233384576,9.453417,0,40.592812,43.495079,39.420921,32.101166,33.012131,33.826965,34.866104,33.945984,33.794922,30.906387,33.66674,33.653008,38.029297,38.130005,34.481575,35.030899,34.399178,34.353401,38.422981,34.879837,34.715034,34.55024,33.685051,38.647285,2709209.7,41.659416,45.596245,40.263222,30.915543,29.867249,30.050354,31.950104,30.462349,30.242615,28.535133,30.347908,29.853516,35.31472,34.252693,32.279701,31.959259,31.963837,31.029984,34.751663,32.15152,31.162735,32.270546,31.286339,34.692146,2709209.7,14.84549,-25.850311,12.858765,-1.2131042,0.21514893,-0.96588135,-0.0045776367,-0.0045776367,-0.0045776367,-0.0045776367,-0.0045776367,-0.0045776367,-0.0045776367,-0.0045776367,-0.0045776367,-0.0045776367,-0.0045776367,-0.0045776367,-0.0045776367,-0.0045776367,-0.0045776367,-0.0045776367,-0.0045776367,-0.0045776367,2709209.7
2844253225280,9.4732577,0,40.579079,43.495079,39.420921,32.105743,33.002975,33.831543,34.856949,33.945984,33.7995,30.910965,33.66674,33.653008,38.029297,38.134583,34.481575,35.030899,34.3946,34.353401,38.427559,34.879837,34.715034,34.55024,33.689629,38.647285,2709229.7,41.645683,45.58709,40.276955,30.915543,29.890137,30.050354,31.950104,30.444038,30.233459,28.525978,30.361641,29.848938,35.291832,34.257271,32.298012,31.963837,31.963837,31.025406,34.733345,32.178986,31.15358,32.256813,31.290916,34.710457,2709229.7,16.630798,-27.168701,11.329834,-1.203949,-1.506073,0.27923584,-0.0045776367,-0.0045776367,-0.0045776367,-0.0045776367,-0.0045776367,-0.0045776367,-0.0045776367,-0.0045776367,-0.0045776367,-0.0045776367,-0.0045776367,-0.0045776367,-0.0045776367,-0.0045776367,-0.0045776367,-0.0045776367,-0.0045776367,-0.0045776367,2709229.7
2844273386720,9.4934192,0,40.597389,43.495079,39.425499,32.105743,33.002975,33.826965,34.861526,33.950562,33.794922,30.90181,33.662163,33.653008,38.033875,38.13916,34.476997,35.026321,34.3946,34.344246,38.427559,34.888992,34.715034,34.55024,33.689629,38.647285,2709249.7,41.641106,45.632866,40.299843,30.910965,29.90387,30.073242,31.950104,30.462349,30.238037,28.530556,30.352486,29.862671,35.310143,34.234375,32.293434,31.97757,31.954681,31.034561,34.728767,32.156097,31.15358,32.265968,31.304649,34.692146,2709249.7,17.729462,-28.761719,12.071411,-2.4399109,-0.74615479,1.0391541,-0.0045776367,-0.0045776367,-0.0045776367,-0.0045776367,-0.0045776367,-0.0045776367,-0.0045776367,-0.0045776367,-0.0045776367,-0.0045776367,-0.0045776367,-0.0045776367,-0.0045776367,-0.0045776367,-0.0045776367,-0.0045776367,-0.0045776367,-0.0045776367,2709249.7
2844293197472,9.5132299,0,40.597389,43.499657,39.420921,32.096588,33.007553,33.822388,34.861526,33.945984,33.7995,30.90181,33.66674,33.64843,38.029297,38.134583,34.481575,35.035477,34.3946,34.353401,38.427559,34.888992,34.719612,34.554817,33.685051,38.647285,2709269.7,41.663994,45.660332,40.272377,30.92012,29.899292,30.086975,31.959259,30.462349,30.228882,28.539711,30.347908,29.84436,35.29641,34.24353,32.279701,31.954681,31.954681,31.039139,34.751663,32.160675,31.149002,32.252235,31.281761,34.696724,2709269.7,17.262543,-30.254059,11.979858,-2.8518982,0.096130371,-0.24261475,-0.0045776367,-0.0045776367,-0.0045776367,-0.0045776367,-0.0045776367,-0.0045776367,-0.0045776367,-0.0045776367,-0.0045776367,-0.0045776367,-0.0045776367,-0.0045776367,-0.0045776367,-0.0045776367,-0.0045776367,-0.0045776367,-0.0045776367,-0.0045776367,2709269.7
2844313228832,9.5332613,0,40.597389,43.495079,39.425499,32.096588,33.016708,33.826965,34.861526,33.941406,33.794922,30.90181,33.66674,33.64843,38.038452,38.130005,34.481575,35.030899,34.399178,34.344246,38.427559,34.879837,34.719612,34.55024,33.689629,38.63813,2709289.7,41.627373,45.664909,40.295265,30.933853,29.908447,30.068665,31.963837,30.434883,30.256355,28.5214,30.370796,29.862671,35.310143,34.234375,32.293434,31.959259,31.959259,31.020828,34.747078,32.160675,31.15358,32.270546,31.290916,34.696724,2709289.7,16.978699,-32.414734,13.160919,-3.9139404,0.57220459,-1.4602966,-0.0045776367,-0.0045776367,-0.0045776367,-0.0045776367,-0.0045776367,-0.0045776367,-0.0045776367,-0.0045776367,-0.0045776367,-0.0045776367,-0.0045776367,-0.0045776367,-0.0045776367,-0.0045776367,-0.0045776367,-0.0045776367,-0.0045776367,-0.0045776367,2709289.7
2844333200864,9.5532333,0,40.601967,43.499657,39.425499,32.105743,33.012131,33.826965,34.861526,33.941406,33.7995,30.906387,33.662163,33.643852,38.033875,38.134583,34.476997,35.026321,34.399178,34.353401,38.432137,34.884415,34.715034,34.545662,33.685051,38.642708,2709309.7,41.682304,45.664909,40.295265,30.915543,29.894714,30.068665,31.954681,30.444038,30.251778,28.548866,30.34333,29.862671,35.31472,34.238953,32.288857,31.972992,31.945526,31.025406,34.747078,32.165253,31.162735,32.261391,31.290916,34.687569,2709309.7,15.962463,-33.614105,11.229126,-4.4815674,-1.2680359,1.2222595,-0.0045776367,-0.0045776367,-0.0045776367,-0.0045776367,-0.0045776367,-0.0045776367,-0.0045776367,-0.0045776367,-0.0045776367,-0.0045776367,-0.0045776367,-0.0045776367,-0.0045776367,-0.0045776367,-0.0045776367,-0.0045776367,-0.0045776367,-0.0045776367,2709309.7
2844353196832,9.5732293,0,40.592812,43.495079,39.430077,32.105743,33.002975,33.831543,34.866104,33.945984,33.794922,30.90181,33.662163,33.643852,38.038452,38.134583,34.481575,35.030899,34.403755,34.353401,38.427559,34.879837,34.715034,34.554817,33.685051,38.63813,2709329.7,41.654839,45.678642,40.331886,30.92012,29.917603,30.059509,31.950104,30.453194,30.251778,28.539711,30.361641,29.858093,35.310143,34.216064,32.284279,31.963837,31.950104,31.029984,34.7425,32.160675,31.149002,32.261391,31.304649,34.705879,2709329.7,15.559631,-34.319061,11.613647,-4.8203125,-1.7349548,0.92010498,-0.0045776367,-0.0045776367,-0.0045776367,-0.0045776367,-0.0045776367,-0.0045776367,-0.0045776367,-0.0045776367,-0.0045776367,-0.0045776367,-0.0045776367,-0.0045776367,-0.0045776367,-0.0045776367,-0.0045776367,-0.0045776367,-0.0045776367,-0.0045776367,2709329.7
2844373247360,9.5932798,0,40.601967,43.51339,39.420921,32.110321,33.007553,33.831543,34.861526,33.941406,33.7995,30.90181,33.66674,33.653008,38.033875,38.143738,34.481575,35.030899,34.3946,34.348824,38.432137,34.884415,34.715034,34.55024,33.689629,38.642708,2709349.7,41.673149,45.692375,40.354774,30.924698,29.871826,30.073242,31.963837,30.466927,30.247192,28.544289,30.361641,29.853516,35.300987,34.24353,32.288857,31.954681,31.954681,31.029984,34.756241,32.178986,31.15358,32.261391,31.286339,34.715034,2709349.7,17.912567,-35.179688,13.270782,-5.6076965,1.7898865,-1.9363708,-0.0045776367,-0.0045776367,-0.0045776367,-0.0045776367,-0.0045776367,-0.0045776367,-0.0045776367,-0.0045776367,-0.0045776367,-0.0045776367,-0.0045776367,-0.0045776367,-0.0045776367,-0.0045776367,-0.0045776367,-0.0045776367,-0.0045776367,-0.0045776367,2709349.7
2844393212608,9.6132451,0,40.597389,43.51339,39.425499,32.110321,33.007553,33.826965,34.861526,33.945984,33.790344,30.90181,33.66674,33.653008,38.033875,38.13916,34.481575,35.035477,34.403755,34.357979,38.427559,34.879837,34.710457,34.55024,33.685051,38.63813,2709369.7,41.682304,45.696953,40.290688,30.924698,29.899292,30.050354,31.945526,30.462349,30.238037,28.5214,30.347908,29.858093,35.29641,34.248108,32.298012,31.963837,31.950104,31.034561,34.719612,32.146942,31.149002,32.261391,31.32296,34.705879,2709369.7,15.230042,-35.60083,11.540405,-5.992218,-1.0116882,1.3870544,-0.0045776367,-0.0045776367,-0.0045776367,-0.0045776367,-0.0045776367,-0.0045776367,-0.0045776367,-0.0045776367,-0.0045776367,-0.0045776367,-0.0045776367,-0.0045776367,-0.0045776367,-0.0045776367,-0.0045776367,-0.0045776367,-0.0045776367,-0.0045776367,2709369.7
2844413226336,9.6332588,0,40.597389,43.51339,39.430077,32.110321,33.012131,33.831543,34.856949,33.945984,33.7995,30.906387,33.671318,33.653008,38.038452,38.125427,34.476997,35.030899,34.403755,34.353401,38.427559,34.875259,34.715034,34.55024,33.685051,38.63813,2709389.7,41.682304,45.710686,40.313576,30.929276,29.917603,30.041199,31.959259,30.457771,30.242615,28.530556,30.357063,29.853516,35.300987,34.24353,32.302589,31.97757,31.945526,31.016251,34.760818,32.165253,31.135269,32.265968,31.277184,34.696724,2709389.7,15.367371,-34.547943,12.510864,-6.4774475,-0.12359619,0.55389404,-0.0045776367,-0.0045776367,-0.0045776367,-0.0045776367,-0.0045776367,-0.0045776367,-0.0045776367,-0.0045776367,-0.0045776367,-0.0045776367,-0.0045776367,-0.0045776367,-0.0045776367,-0.0045776367,-0.0045776367,-0.0045776367,-0.0045776367,-0.0045776367,2709389.7
2844433368768,9.6534012,0,40.606544,43.51339,39.425499,32.105743,33.007553,33.826965,34.856949,33.945984,33.7995,30.910965,33.662163,33.643852,38.033875,38.143738,34.481575,35.026321,34.399178,34.353401,38.427559,34.879837,34.715034,34.554817,33.689629,38.647285,2709409.7,41.696037,45.728996,40.327309,30.938431,29.899292,30.064087,31.950104,30.462349,30.233459,28.539711,30.375374,29.858093,35.323875,34.24353,32.307167,31.959259,31.954681,31.020828,34.747078,32.165253,31.139847,32.261391,31.290916,34.705879,2709409.7,17.793549,-33.476776,12.181274,-7.649353,0.51727295,-1.2405701,-0.0045776367,-0.0045776367,-0.0045776367,-0.0045776367,-0.0045776367,-0.0045776367,-0.0045776367,-0.0045776367,-0.0045776367,-0.0045776367,-0.0045776367,-0.0045776367,-0.0045776367,-0.0045776367,-0.0045776367,-0.0045776367,-0.0045776367,-0.0045776367,2709409.7
2844453203168,9.6732356,0,40.601967,43.527122,39.430077,32.105743,33.007553,33.831543,34.856949,33.950562,33.794922,30.897232,33.662163,33.657585,38.029297,38.13916,34.481575,35.030899,34.399178,34.348824,38.427559,34.884415,34.710457,34.554817,33.685051,38.642708,2709429.7,41.700615,45.733574,40.345619,30.947586,29.90387,30.059509,31.954681,30.457771,30.256355,28.525978,30.361641,29.853516,35.310143,34.234375,32.279701,31.936371,31.963837,31.016251,34.728767,32.160675,31.162735,32.265968,31.290916,34.696724,2709429.7,15.147644,-29.210358,12.181274,-6.8894348,0.48980713,0.059509277,-0.0045776367,-0.0045776367,-0.0045776367,-0.0045776367,-0.0045776367,-0.0045776367,-0.0045776367,-0.0045776367,-0.0045776367,-0.0045776367,-0.0045776367,-0.0045776367,-0.0045776367,-0.0045776367,-0.0045776367,-0.0045776367,-0.0045776367,-0.0045776367,2709429.7
2844473234592,9.693267,0,40.597389,43.527122,39.425499,32.101166,33.007553,33.826965,34.861526,33.945984,33.7995,30.906387,33.662163,33.64843,38.033875,38.13916,34.486153,35.030899,34.399178,34.357979,38.427559,34.884415,34.710457,34.559395,33.694206,38.642708,2709449.7,41.686882,45.738152,40.345619,30.938431,29.890137,30.054932,31.959259,30.462349,30.270088,28.548866,30.357063,29.848938,35.305565,34.234375,32.279701,31.959259,31.954681,31.025406,34.733345,32.165253,31.158157,32.261391,31.286339,34.715034,2709449.7,13.545441,-27.177856,11.714355,-6.6880188,0.32501221,-0.46234131,-0.0045776367,-0.0045776367,-0.0045776367,-0.0045776367,-0.0045776367,-0.0045776367,-0.0045776367,-0.0045776367,-0.0045776367,-0.0045776367,-0.0045776367,-0.0045776367,-0.0045776367,-0.0045776367,-0.0045776367,-0.0045776367,-0.0045776367,-0.0045776367,2709449.7
2844493197312,9.7132298,0,40.597389,43.522545,39.434654,32.105743,33.002975,33.836121,34.866104,33.945984,33.794922,30.90181,33.66674,33.653008,38.029297,38.134583,34.476997,35.026321,34.399178,34.339668,38.427559,34.879837,34.710457,34.554817,33.689629,38.642708,2709469.7,41.682304,45.75647,40.36393,30.929276,29.871826,30.073242,31.963837,30.448616,30.247192,28.539711,30.361641,29.853516,35.287254,34.234375,32.293434,31.950104,31.950104,31.029984,34.747078,32.165253,31.158157,32.261391,31.281761,34.701302,2709469.7,12.877075,-24.055847,11.000244,-5.6626282,0.032043457,-0.34332275,-0.0045776367,-0.0045776367,-0.0045776367,-0.0045776367,-0.0045776367,-0.0045776367,-0.0045776367,-0.0045776367,-0.0045776367,-0.0045776367,-0.0045776367,-0.0045776367,-0.0045776367,-0.0045776367,-0.0045776367,-0.0045776367,-0.0045776367,-0.0045776367,2709469.7
2844513196576,9.733229,0,40.597389,43.527122,39.430077,32.114899,33.002975,33.826965,34.866104,33.945984,33.7995,30.906387,33.662163,33.653008,38.029297,38.134583,34.476997,35.030899,34.3946,34.348824,38.427559,34.879837,34.715034,34.55024,33.685051,38.63813,2709489.7,41.714348,45.783936,40.354774,30.947586,29.90387,30.059509,31.959259,30.462349,30.238037,28.539711,30.357063,29.853516,35.31472,34.238953,32.298012,31.972992,31.959259,31.039139,34.747078,32.174408,31.149002,32.265968,31.286339,34.701302,2709489.7,10.231171,-17.097748,9.9656677,-4.3259277,-0.37078857,0.14190674,-0.0045776367,-0.0045776367,-0.0045776367,-0.0045776367,-0.0045776367,-0.0045776367,-0.0045776367,-0.0045776367,-0.0045776367,-0.0045776367,-0.0045776367,-0.0045776367,-0.0045776367,-0.0045776367,-0.0045776367,-0.0045776367,-0.0045776367,-0.0045776367,2709489.7
2844533231072,9.7532635,0,40.588234,43.527122,39.434654,32.110321,33.002975,33.826965,34.866104,33.950562,33.794922,30.906387,33.662163,33.653008,38.033875,38.134583,34.481575,35.026321,34.3946,34.353401,38.427559,34.884415,34.710457,34.55024,33.680473,38.647285,2709509.7,41.69146,45.793091,40.341042,30.915543,29.913025,30.07782,31.954681,30.453194,30.238037,28.539711,30.347908,29.839783,35.29641,34.24353,32.298012,31.986725,31.936371,31.034561,34.737923,32.156097,31.139847,32.265968,31.277184,34.692146,2709509.7,7.8690796,-13.243317,6.4682922,-3.7674561,0.37994385,-0.31585693,-0.0045776367,-0.0045776367,-0.0045776367,-0.0045776367,-0.0045776367,-0.0045776367,-0.0045776367,-0.0045776367,-0.0045776367,-0.0045776367,-0.0045776367,-0.0045776367,-0.0045776367,-0.0045776367,-0.0045776367,-0.0045776367,-0.0045776367,-0.0045776367,2709509.7
2844553270464,9.7733029,0,40.597389,43.5317,39.430077,32.105743,33.007553,33.826965,34.861526,33.950562,33.804077,30.906387,33.662163,33.657585,38.038452,38.13916,34.476997,35.030899,34.3946,34.353401,38.432137,34.879837,34.710457,34.559395,33.680473,38.642708,2709529.7,41.700615,45.783936,40.345619,30.947586,29.90387,30.059509,31.950104,30.457771,30.256355,28.548866,30.361641,29.853516,35.310143,34.248108,32.279701,31.959259,31.963837,31.029984,34.747078,32.174408,31.15358,32.261391,31.277184,34.701302,2709529.7,2.9068298,-4.802002,3.2730713,-2.9526062,-0.87432861,-0.21514893,-0.0045776367,-0.0045776367,-0.0045776367,-0.0045776367,-0.0045776367,-0.0045776367,-0.0045776367,-0.0045776367,-0.0045776367,-0.0045776367,-0.0045776367,-0.0045776367,-0.0045776367,-0.0045776367,-0.0045776367,-0.0045776367,-0.0045776367,-0.0045776367,2709529.7
2844573223104,9.7932556,0,40.592812,43.5317,39.439232,32.110321,33.007553,33.826965,34.861526,33.955139,33.794922,30.910965,33.66674,33.643852,38.038452,38.13916,34.481575,35.035477,34.399178,34.353401,38.422981,34.879837,34.710457,34.554817,33.685051,38.642708,2709549.7,41.70977,45.797668,40.373085,30.965897,29.890137,30.091553,31.940948,30.471504,30.238037,28.539711,30.361641,29.848938,35.305565,34.229797,32.284279,31.968414,31.940948,31.025406,34.751663,32.165253,31.139847,32.265968,31.295494,34.701302,2709549.7,-0.24261475,-0.27923584,0.65460205,-2.5863953,-0.04119873,0.059509277,-0.0045776367,-0.0045776367,-0.0045776367,-0.0045776367,-0.0045776367,-0.0045776367,-0.0045776367,-0.0045776367,-0.0045776367,-0.0045776367,-0.0045776367,-0.0045776367,-0.0045776367,-0.0045776367,-0.0045776367,-0.0045776367,-0.0045776367,-0.0045776367,2709549.7
2844593213632,9.8132461,0,40.601967,43.536278,39.44381,32.110321,33.012131,33.826965,34.861526,33.941406,33.794922,30.906387,33.66674,33.653008,38.04303,38.13916,34.481575,35.026321,34.399178,34.348824,38.432137,34.879837,34.715034,34.554817,33.694206,38.647285,2709569.7,41.714348,45.806824,40.359352,30.933853,29.890137,30.082397,31.945526,30.453194,30.251778,28.544289,30.352486,29.84436,35.328453,34.24353,32.284279,31.968414,31.954681,31.034561,34.7425,32.160675,31.158157,32.256813,31.304649,34.705879,2709569.7,-6.4774475,9.1416931,-6.0837708,-4.6463623,0.059509277,0.13275146,-0.0045776367,-0.0045776367,-0.0045776367,-0.0045776367,-0.0045776367,-0.0045776367,-0.0045776367,-0.0045776367,-0.0045776367,-0.0045776367,-0.0045776367,-0.0045776367,-0.0045776367,-0.0045776367,-0.0045776367,-0.0045776367,-0.0045776367,-0.0045776367,2709569.7
2844613199328,9.8332318,0,40.592812,43.540855,39.434654,32.105743,33.012131,33.826965,34.866104,33.945984,33.7995,30.90181,33.66674,33.64843,38.033875,38.134583,34.476997,35.021744,34.399178,34.353401,38.427559,34.884415,34.710457,34.55024,33.689629,38.651863,2709589.7,41.723503,45.815979,40.395973,30.952164,29.890137,30.059509,31.954681,30.462349,30.242615,28.535133,30.357063,29.848938,35.300987,34.234375,32.293434,31.954681,31.950104,31.029984,34.7425,32.174408,31.15358,32.261391,31.277184,34.705879,2709589.7,-9.4804382,13.810944,-8.9494019,-3.4470215,-0.82855225,0.92010498,-0.0045776367,-0.0045776367,-0.0045776367,-0.0045776367,-0.0045776367,-0.0045776367,-0.0045776367,-0.0045776367,-0.0045776367,-0.0045776367,-0.0045776367,-0.0045776367,-0.0045776367,-0.0045776367,-0.0045776367,-0.0045776367,-0.0045776367,-0.0045776367,2709589.7
2844633352960,9.8533854,0,40.597389,43.540855,39.439232,32.105743,33.007553,33.826965,34.866104,33.945984,33.790344,30.906387,33.662163,33.64843,38.038452,38.134583,34.47242,35.035477,34.3946,34.348824,38.432137,34.884415,34.710457,34.554817,33.685051,38.642708,2709609.7,41.732658,45.829712,40.373085,30.952164,29.90387,30.073242,31.959259,30.466927,30.247192,28.539711,30.34333,29.848938,35.31472,34.229797,32.293434,31.97757,31.950104,31.034561,34.733345,32.178986,31.167313,32.265968,31.309227,34.705879,2709609.7,-13.298248,17.665375,-13.517975,-4.0512695,-0.29754639,-0.64544678,-0.0045776367,-0.0045776367,-0.0045776367,-0.0045776367,-0.0045776367,-0.0045776367,-0.0045776367,-0.0045776367,-0.0045776367,-0.0045776367,-0.0045776367,-0.0045776367,-0.0045776367,-0.0045776367,-0.0045776367,-0.0045776367,-0.0045776367,-0.0045776367,2709609.7
2844653216704,9.8732492,0,40.601967,43.545433,39.434654,32.110321,33.007553,33.826965,34.856949,33.945984,33.794922,30.90181,33.66674,33.657585,38.038452,38.134583,34.481575,35.030899,34.403755,34.353401,38.427559,34.879837,34.715034,34.55024,33.689629,38.642708,2709629.7,41.732658,45.848022,40.373085,30.947586,29.890137,30.041199,31.954681,30.457771,30.242615,28.544289,30.361641,29.858093,35.305565,34.24353,32.284279,31.97757,31.954681,31.025406,34.760818,32.188141,31.15358,32.270546,31.281761,34.705879,2709629.7,-18.709076,25.044647,-17.399872,-5.0126038,0.20599365,0.60882568,-0.0045776367,-0.0045776367,-0.0045776367,-0.0045776367,-0.0045776367,-0.0045776367,-0.0045776367,-0.0045776367,-0.0045776367,-0.0045776367,-0.0045776367,-0.0045776367,-0.0045776367,-0.0045776367,-0.0045776367,-0.0045776367,-0.0045776367,-0.0045776367,2709629.7
2844673226400,9.8932588,0,40.601967,43.545433,39.439232,32.110321,33.012131,33.826965,34.861526,33.941406,33.804077,30.906387,33.662163,33.64843,38.038452,38.13916,34.476997,35.030899,34.403755,34.348824,38.418404,34.884415,34.710457,34.554817,33.685051,38.647285,2709649.7,41.741814,45.857178,40.368507,30.965897,29.899292,30.068665,31.954681,30.457771,30.224304,28.5214,30.361641,29.848938,35.300987,34.234375,32.288857,31.968414,31.954681,31.048294,34.751663,32.178986,31.15358,32.270546,31.281761,34.696724,2709649.7,-21.437408,27.003906,-18.68161,-6.2577209,-0.39825439,0.44403076,-0.0045776367,-0.0045776367,-0.0045776367,-0.0045776367,-0.0045776367,-0.0045776367,-0.0045776367,-0.0045776367,-0.0045776367,-0.0045776367,-0.0045776367,-0.0045776367,-0.0045776367,-0.0045776367,-0.0045776367,-0.0045776367,-0.0045776367,-0.0045776367,2709649.7
2844693174080,9.9132065,0,40.611122,43.545433,39.448387,32.119476,33.002975,33.826965,34.861526,33.945984,33.7995,30.90181,33.66674,33.653008,38.033875,38.134583,34.47242,35.030899,34.399178,34.353401,38.427559,34.884415,34.710457,34.55024,33.689629,38.63813,2709669.7,41.732658,45.866333,40.405128,30.970474,29.885559,30.059509,31.963837,30.471504,30.233459,28.530556,30.352486,29.848938,35.305565,34.238953,32.293434,31.963837,31.963837,31.025406,34.756241,32.165253,31.158157,32.261391,31.286339,34.72419,2709669.7,-26.774994,30.720978,-18.535126,-8.0888062,0.13275146,0.6729126,-0.0045776367,-0.0045776367,-0.0045776367,-0.0045776367,-0.0045776367,-0.0045776367,-0.0045776367,-0.0045776367,-0.0045776367,-0.0045776367,-0.0045776367,-0.0045776367,-0.0045776367,-0.0045776367,-0.0045776367,-0.0045776367,-0.0045776367,-0.0045776367,2709669.7
2844713211648,9.9332441,0,40.611122,43.554588,39.434654,32.114899,33.002975,33.826965,34.861526,33.941406,33.7995,30.906387,33.66674,33.653008,38.033875,38.134583,34.47242,35.026321,34.399178,34.348824,38.432137,34.888992,34.715034,34.554817,33.689629,38.642708,2709689.7,41.70977,45.870911,40.418861,30.956741,29.908447,30.073242,31.959259,30.457771,30.251778,28.539711,30.384529,29.84436,35.305565,34.248108,32.293434,31.963837,31.959259,31.029984,34.737923,32.160675,31.181046,32.256813,31.300072,34.687569,2709689.7,-28.761719,31.819641,-18.150604,-9.7001648,-0.10528564,0.82855225,-0.0045776367,-0.0045776367,-0.0045776367,-0.0045776367,-0.0045776367,-0.0045776367,-0.0045776367,-0.0045776367,-0.0045776367,-0.0045776367,-0.0045776367,-0.0045776367,-0.0045776367,-0.0045776367,-0.0045776367,-0.0045776367,-0.0045776367,-0.0045776367,2709689.7
2844733184960,9.9532174,0,40.601967,43.554588,39.439232,32.119476,33.002975,33.826965,34.856949,33.941406,33.794922,30.906387,33.662163,33.64843,38.029297,38.13916,34.476997,35.035477,34.399178,34.344246,38.436714,34.888992,34.719612,34.55024,33.689629,38.647285,2709709.7,41.755554,45.870911,40.432594,30.970474,29.917603,30.050354,31.940948,30.453194,30.247192,28.539711,30.34333,29.848938,35.323875,34.238953,32.284279,31.968414,31.959259,31.034561,34.7425,32.156097,31.162735,32.275124,31.300072,34.705879,2709709.7,-29.860382,31.599915,-18.471039,-8.6655884,0.31585693,0.34332275,-0.0045776367,-0.0045776367,-0.0045776367,-0.0045776367,-0.0045776367,-0.0045776367,-0.0045776367,-0.0045776367,-0.0045776367,-0.0045776367,-0.0045776367,-0.0045776367,-0.0045776367,-0.0045776367,-0.0045776367,-0.0045776367,-0.0045776367,-0.0045776367,2709709.7
2844753178528,9.973211,0,40.597389,43.550011,39.44381,32.114899,33.007553,33.822388,34.861526,33.945984,33.7995,30.910965,33.66674,33.662163,38.033875,38.13916,34.476997,35.035477,34.399178,34.353401,38.427559,34.884415,34.710457,34.55024,33.689629,38.63813,2709729.7,41.760132,45.870911,40.414284,30.970474,29.890137,30.07782,31.968414,30.453194,30.247192,28.548866,30.357063,29.858093,35.300987,34.257271,32.275124,31.97757,31.968414,31.034561,34.737923,32.16983,31.15358,32.270546,31.277184,34.705879,2709729.7,-29.604034,30.226593,-17.051971,-7.6218872,1.1764832,-0.61798096,-0.0045776367,-0.0045776367,-0.0045776367,-0.0045776367,-0.0045776367,-0.0045776367,-0.0045776367,-0.0045776367,-0.0045776367,-0.0045776367,-0.0045776367,-0.0045776367,-0.0045776367,-0.0045776367,-0.0045776367,-0.0045776367,-0.0045776367,-0.0045776367,2709729.7
2844773207712,9.9932402,0,40.611122,43.550011,39.439232,32.114899,33.002975,33.831543,34.861526,33.945984,33.790344,30.906387,33.662163,33.653008,38.04303,38.130005,34.476997,35.030899,34.403755,34.348824,38.427559,34.884415,34.715034,34.554817,33.689629,38.633553,2709749.7,41.714348,45.902954,40.414284,30.970474,29.917603,30.068665,31.963837,30.471504,30.247192,28.530556,30.357063,29.839783,35.31472,34.238953,32.298012,31.968414,31.945526,31.029984,34.756241,32.178986,31.149002,32.270546,31.272606,34.719612,2709749.7,-29.750519,29.45755,-18.416107,-6.1387024,0.15106201,-0.37078857,-0.0045776367,-0.0045776367,-0.0045776367,-0.0045776367,-0.0045776367,-0.0045776367,-0.0045776367,-0.0045776367,-0.0045776367,-0.0045776367,-0.0045776367,-0.0045776367,-0.0045776367,-0.0045776367,-0.0045776367,-0.0045776367,-0.0045776367,-0.0045776367,2709749.7
2844793192768,10.013225,0,40.601967,43.559166,39.448387,32.114899,32.998398,33.822388,34.866104,33.941406,33.7995,30.90181,33.66674,33.653008,38.038452,38.134583,34.481575,35.026321,34.403755,34.353401,38.427559,34.879837,34.710457,34.559395,33.689629,38.647285,2709769.7,41.737236,45.912109,40.400551,30.956741,29.899292,30.073242,31.963837,30.439461,30.238037,28.544289,30.361641,29.848938,35.310143,34.238953,32.302589,31.959259,31.950104,31.034561,34.751663,32.174408,31.15358,32.265968,31.286339,34.705879,2709769.7,-27.589844,26.234833,-16.054016,-2.5406189,0.51727295,0.54473877,-0.0045776367,-0.0045776367,-0.0045776367,-0.0045776367,-0.0045776367,-0.0045776367,-0.0045776367,-0.0045776367,-0.0045776367,-0.0045776367,-0.0045776367,-0.0045776367,-0.0045776367,-0.0045776367,-0.0045776367,-0.0045776367,-0.0045776367,-0.0045776367,2709769.7
2844813178080,10.033211,0,40.592812,43.554588,39.44381,32.110321,33.002975,33.826965,34.861526,33.941406,33.794922,30.906387,33.66674,33.64843,38.029297,38.134583,34.476997,35.030899,34.408333,34.353401,38.432137,34.884415,34.715034,34.55024,33.689629,38.63813,2709789.7,41.764709,45.921265,40.414284,30.961319,29.899292,30.086975,31.950104,30.462349,30.256355,28.544289,30.375374,29.848938,35.29641,34.234375,32.288857,31.963837,31.963837,31.016251,34.728767,32.156097,31.15358,32.24765,31.281761,34.692146,2709789.7,-26.216522,24.82489,-15.34906,-0.65460205,0.32501221,0.38909912,-0.0045776367,-0.0045776367,-0.0045776367,-0.0045776367,-0.0045776367,-0.0045776367,-0.0045776367,-0.0045776367,-0.0045776367,-0.0045776367,-0.0045776367,-0.0045776367,-0.0045776367,-0.0045776367,-0.0045776367,-0.0045776367,-0.0045776367,-0.0045776367,2709789.7
2844833342080,10.053375,0,40.611122,43.559166,39.448387,32.110321,33.002975,33.826965,34.866104,33.941406,33.7995,30.90181,33.66674,33.643852,38.038452,38.13916,34.476997,35.030899,34.403755,34.353401,38.427559,34.884415,34.710457,34.554817,33.689629,38.63813,2709809.7,41.723503,45.94873,40.44175,30.975052,29.899292,30.068665,31.954681,30.466927,30.251778,28.544289,30.357063,29.848938,35.300987,34.234375,32.275124,31.968414,31.959259,31.016251,34.719612,32.165253,31.15358,32.256813,31.286339,34.701302,2709809.7,-24.101624,22.819855,-14.103912,2.2842712,-0.31585693,-0.20599365,-0.0045776367,-0.0045776367,-0.0045776367,-0.0045776367,-0.0045776367,-0.0045776367,-0.0045776367,-0.0045776367,-0.0045776367,-0.0045776367,-0.0045776367,-0.0045776367,-0.0045776367,-0.0045776367,-0.0045776367,-0.0045776367,-0.0045776367,-0.0045776367,2709809.7
2844853185984,10.073218,0,40.606544,43.563744,39.452965,32.114899,33.007553,33.826965,34.866104,33.936829,33.794922,30.90181,33.662163,33.64843,38.038452,38.13916,34.47242,35.030899,34.403755,34.348824,38.432137,34.888992,34.710457,34.554817,33.694206,38.642708,2709829.7,41.737236,45.962463,40.464638,30.961319,29.908447,30.050354,31.972992,30.480659,30.238037,28.525978,30.357063,29.839783,35.287254,34.238953,32.298012,31.954681,31.959259,31.034561,34.751663,32.165253,31.162735,32.252235,31.286339,34.719612,2709829.7,-21.950104,22.490265,-13.719391,2.8427429,-0.11444092,0.27008057,-0.0045776367,-0.0045776367,-0.0045776367,-0.0045776367,-0.0045776367,-0.0045776367,-0.0045776367,-0.0045776367,-0.0045776367,-0.0045776367,-0.0045776367,-0.0045776367,-0.0045776367,-0.0045776367,-0.0045776367,-0.0045776367,-0.0045776367,-0.0045776367,2709829.7
2844873353728,10.093386,0,40.606544,43.568321,39.44381,32.114899,33.012131,33.831543,34.866104,33.945984,33.7995,30.906387,33.662163,33.653008,38.038452,38.134583,34.476997,35.035477,34.403755,34.353401,38.427559,34.888992,34.719612,34.554817,33.689629,38.647285,2709849.7,41.773865,45.967041,40.478371,30.970474,29.899292,30.064087,31.963837,30.453194,30.238037,28.535133,30.34333,29.862671,35.310143,34.238953,32.298012,31.986725,31.950104,31.029984,34.737923,32.178986,31.162735,32.270546,31.286339,34.696724,2709849.7,-18.297089,21.300079,-12.135498,4.536499,-0.13275146,0.37994385,-0.0045776367,-0.0045776367,-0.0045776367,-0.0045776367,-0.0045776367,-0.0045776367,-0.0045776367,-0.0045776367,-0.0045776367,-0.0045776367,-0.0045776367,-0.0045776367,-0.0045776367,-0.0045776367,-0.0045776367,-0.0045776367,-0.0045776367,-0.0045776367,2709849.7
2844893192608,10.113225,0,40.606544,43.563744,39.457542,32.114899,33.007553,33.826965,34.861526,33.945984,33.7995,30.910965,33.662163,33.653008,38.038452,38.13916,34.476997,35.035477,34.399178,34.348824,38.427559,34.888992,34.715034,34.554817,33.689629,38.642708,2709869.7,41.737236,45.980774,40.446327,30.961319,29.899292,30.068665,31.959259,30.466927,30.224304,28.530556,30.347908,29.84436,35.29641,34.248108,32.284279,31.972992,31.945526,31.057449,34.719612,32.174408,31.149002,32.261391,31.295494,34.701302,2709869.7,-16.090637,21.355011,-11.256592,5.2048645,-0.21514893,0.27923584,-0.0045776367,-0.0045776367,-0.0045776367,-0.0045776367,-0.0045776367,-0.0045776367,-0.0045776367,-0.0045776367,-0.0045776367,-0.0045776367,-0.0045776367,-0.0045776367,-0.0045776367,-0.0045776367,-0.0045776367,-0.0045776367,-0.0045776367,-0.0045776367,2709869.7
2844913182144,10.133215,0,40.601967,43.568321,39.46212,32.114899,33.002975,33.826965,34.861526,33.945984,33.7995,30.915543,33.66674,33.653008,38.04303,38.13916,34.476997,35.035477,34.403755,34.353401,38.427559,34.879837,34.715034,34.55024,33.685051,38.642708,2709889.7,41.760132,45.980774,40.437172,30.984207,29.90387,30.064087,31.963837,30.448616,30.260933,28.544289,30.366219,29.853516,35.29641,34.24353,32.284279,31.968414,31.954681,31.029984,34.747078,32.192719,31.15358,32.252235,31.281761,34.710457,2709889.7,-15.779358,21.16275,-11.842529,6.1112366,-0.18768311,-0.72784424,-0.0045776367,-0.0045776367,-0.0045776367,-0.0045776367,-0.0045776367,-0.0045776367,-0.0045776367,-0.0045776367,-0.0045776367,-0.0045776367,-0.0045776367,-0.0045776367,-0.0045776367,-0.0045776367,-0.0045776367,-0.0045776367,-0.0045776367,-0.0045776367,2709889.7
2844933196896,10.153229,0,40.606544,43.577477,39.46212,32.119476,33.007553,33.822388,34.861526,33.941406,33.7995,30.910965,33.662163,33.64843,38.033875,38.130005,34.481575,35.030899,34.408333,34.348824,38.427559,34.884415,34.710457,34.559395,33.689629,38.651863,2709909.7,41.746391,46.003662,40.450905,30.975052,29.890137,30.07782,31.959259,30.462349,30.242615,28.539711,30.361641,29.84436,35.305565,34.24353,32.284279,31.972992,31.963837,31.029984,34.747078,32.174408,31.139847,32.261391,31.295494,34.705879,2709909.7,-12.758057,19.642944,-11.467163,6.7704163,-0.89263916,1.8539734,-0.0045776367,-0.0045776367,-0.0045776367,-0.0045776367,-0.0045776367,-0.0045776367,-0.0045776367,-0.0045776367,-0.0045776367,-0.0045776367,-0.0045776367,-0.0045776367,-0.0045776367,-0.0045776367,-0.0045776367,-0.0045776367,-0.0045776367,-0.0045776367,2709909.7
2844953186656,10.173219,0,40.606544,43.572899,39.457542,32.119476,33.002975,33.826965,34.861526,33.945984,33.794922,30.906387,33.657585,33.64843,38.033875,38.125427,34.476997,35.035477,34.399178,34.357979,38.432137,34.884415,34.719612,34.554817,33.685051,38.647285,2709929.7,41.773865,46.003662,40.46006,30.961319,29.894714,30.068665,31.963837,30.471504,30.260933,28.539711,30.357063,29.858093,35.319298,34.22522,32.298012,31.959259,31.954681,31.016251,34.747078,32.160675,31.126114,32.261391,31.290916,34.696724,2709929.7,-12.71228,18.983734,-9.4438171,7.6676636,-0.032043457,-0.096130371,-0.0045776367,-0.0045776367,-0.0045776367,-0.0045776367,-0.0045776367,-0.0045776367,-0.0045776367,-0.0045776367,-0.0045776367,-0.0045776367,-0.0045776367,-0.0045776367,-0.0045776367,-0.0045776367,-0.0045776367,-0.0045776367,-0.0045776367,-0.0045776367,2709929.7
2844973226944,10.193259,0,40.606544,43.586632,39.46212,32.114899,33.002975,33.831543,34.866104,33.950562,33.7995,30.910965,33.662163,33.653008,38.033875,38.130005,34.476997,35.030899,34.403755,34.344246,38.432137,34.879837,34.705879,34.554817,33.689629,38.647285,2709949.7,41.78302,46.003662,40.469215,30.984207,29.885559,30.064087,31.950104,30.457771,30.251778,28.525978,30.361641,29.848938,35.291832,34.24353,32.270546,31.959259,31.954681,31.034561,34.747078,32.174408,31.17189,32.261391,31.286339,34.705879,2709949.7,-10.54245,16.420227,-8.7113647,9.5445251,-0.45318604,-0.25177002,-0.0045776367,-0.0045776367,-0.0045776367,-0.0045776367,-0.0045776367,-0.0045776367,-0.0045776367,-0.0045776367,-0.0045776367,-0.0045776367,-0.0045776367,-0.0045776367,-0.0045776367,-0.0045776367,-0.0045776367,-0.0045776367,-0.0045776367,-0.0045776367,2709949.7
2844993198784,10.213231,0,40.611122,43.582054,39.46212,32.114899,33.007553,33.826965,34.866104,33.945984,33.7995,30.90181,33.66674,33.653008,38.033875,38.13916,34.481575,35.035477,34.408333,34.348824,38.432137,34.888992,34.710457,34.55024,33.685051,38.647285,2709969.7,41.778442,46.021973,40.487526,30.988785,29.908447,30.086975,31.963837,30.453194,30.242615,28.535133,30.347908,29.862671,35.300987,34.248108,32.293434,31.963837,31.968414,31.034561,34.747078,32.188141,31.144424,32.265968,31.281761,34.705879,2709969.7,-8.7113647,15.220886,-7.8049927,9.571991,0.086975098,0.35247803,-0.0045776367,-0.0045776367,-0.0045776367,-0.0045776367,-0.0045776367,-0.0045776367,-0.0045776367,-0.0045776367,-0.0045776367,-0.0045776367,-0.0045776367,-0.0045776367,-0.0045776367,-0.0045776367,-0.0045776367,-0.0045776367,-0.0045776367,-0.0045776367,2709969.7
2845013181280,10.233214,0,40.6157,43.577477,39.46212,32.114899,33.002975,33.831543,34.866104,33.941406,33.7995,30.906387,33.66674,33.64843,38.038452,38.134583,34.476997,35.040054,34.403755,34.353401,38.432137,34.884415,34.715034,34.554817,33.689629,38.647285,2709989.7,41.769287,46.035706,40.519569,30.975052,29.913025,30.068665,31.972992,30.471504,30.233459,28.544289,30.361641,29.853516,35.323875,34.238953,32.298012,31.972992,31.945526,31.016251,34.747078,32.174408,31.149002,32.279701,31.281761,34.701302,2709989.7,-5.488678,10.981903,-5.8365784,9.8283386,0.29754639,0.38909912,-0.0045776367,-0.0045776367,-0.0045776367,-0.0045776367,-0.0045776367,-0.0045776367,-0.0045776367,-0.0045776367,-0.0045776367,-0.0045776367,-0.0045776367,-0.0045776367,-0.0045776367,-0.0045776367,-0.0045776367,-0.0045776367,-0.0045776367,-0.0045776367,2709989.7
2845033308512,10.253341,0,40.620277,43.582054,39.466698,32.114899,33.002975,33.826965,34.856949,33.941406,33.794922,30.906387,33.662163,33.64843,38.029297,38.13916,34.476997,35.035477,34.399178,34.353401,38.427559,34.884415,34.710457,34.559395,33.689629,38.642708,2710009.7,41.78302,46.044861,40.505836,31.002518,29.90387,30.086975,31.954681,30.466927,30.256355,28.539711,30.352486,29.862671,35.300987,34.248108,32.293434,31.972992,31.963837,31.020828,34.747078,32.16983,31.149002,32.270546,31.309227,34.705879,2710009.7,-0.95672607,7.246521,-3.666748,9.2790222,1.2497253,-0.93841553,-0.0045776367,-0.0045776367,-0.0045776367,-0.0045776367,-0.0045776367,-0.0045776367,-0.0045776367,-0.0045776367,-0.0045776367,-0.0045776367,-0.0045776367,-0.0045776367,-0.0045776367,-0.0045776367,-0.0045776367,-0.0045776367,-0.0045776367,-0.0045776367,2710009.7
2845053200160,10.273233,0,40.6157,43.591209,39.457542,32.110321,33.012131,33.826965,34.866104,33.941406,33.794922,30.906387,33.66674,33.653008,38.038452,38.134583,34.47242,35.030899,34.403755,34.348824,38.432137,34.884415,34.710457,34.554817,33.689629,38.642708,2710029.7,41.805908,46.058594,40.487526,30.984207,29.899292,30.068665,31.954681,30.466927,30.228882,28.544289,30.357063,29.853516,35.319298,34.252693,32.302589,31.982147,31.963837,31.025406,34.751663,32.178986,31.15358,32.261391,31.290916,34.728767,2710029.7,-1.103241,3.0716553,-3.6942139,8.3909302,-0.086975098,0.58135986,-0.0045776367,-0.0045776367,-0.0045776367,-0.0045776367,-0.0045776367,-0.0045776367,-0.0045776367,-0.0045776367,-0.0045776367,-0.0045776367,-0.0045776367,-0.0045776367,-0.0045776367,-0.0045776367,-0.0045776367,-0.0045776367,-0.0045776367,-0.0045776367,2710029.7
2845073191168,10.293224,0,40.620277,43.582054,39.475853,32.114899,33.012131,33.826965,34.861526,33.945984,33.804077,30.906387,33.662163,33.64843,38.038452,38.130005,34.481575,35.035477,34.403755,34.348824,38.427559,34.884415,34.719612,34.554817,33.689629,38.642708,2710049.7,41.805908,46.044861,40.524147,30.984207,29.890137,30.064087,31.963837,30.466927,30.233459,28.544289,30.366219,29.853516,35.328453,34.238953,32.279701,31.982147,31.959259,31.062027,34.747078,32.201874,31.162735,32.252235,31.286339,34.715034,2710049.7,0.096130371,-5.186554,-1.0116882,5.7084045,1.0757751,0.76446533,-0.0045776367,-0.0045776367,-0.0045776367,-0.0045776367,-0.0045776367,-0.0045776367,-0.0045776367,-0.0045776367,-0.0045776367,-0.0045776367,-0.0045776367,-0.0045776367,-0.0045776367,-0.0045776367,-0.0045776367,-0.0045776367,-0.0045776367,-0.0045776367,2710049.7
2845093176640,10.313209,0,40.63401,43.591209,39.475853,32.110321,33.007553,33.822388,34.866104,33.950562,33.794922,30.90181,33.66674,33.64843,38.04303,38.13916,34.476997,35.030899,34.403755,34.353401,38.432137,34.884415,34.710457,34.55024,33.689629,38.647285,2710069.7,41.810486,46.081482,40.505836,30.993362,29.894714,30.07782,31.959259,30.448616,30.247192,28.544289,30.357063,29.858093,35.323875,34.238953,32.298012,31.972992,31.959259,31.043716,34.728767,32.174408,31.158157,32.256813,31.272606,34.687569,2710069.7,2.5223083,-9.8100281,3.0899658,4.4266357,-0.15106201,0.27008057,-0.0045776367,-0.0045776367,-0.0045776367,-0.0045776367,-0.0045776367,-0.0045776367,-0.0045776367,-0.0045776367,-0.0045776367,-0.0045776367,-0.0045776367,-0.0045776367,-0.0045776367,-0.0045776367,-0.0045776367,-0.0045776367,-0.0045776367,-0.0045776367,2710069.7
2845113193216,10.333226,0,40.629433,43.595787,39.475853,32.110321,32.99382,33.822388,34.866104,33.945984,33.7995,30.90181,33.671318,33.64843,38.038452,38.143738,34.476997,35.035477,34.408333,34.353401,38.427559,34.875259,34.710457,34.554817,33.685051,38.642708,2710089.7,41.819641,46.054016,40.519569,31.002518,29.894714,30.064087,31.968414,30.453194,30.238037,28.530556,30.352486,29.858093,35.305565,34.248108,32.284279,31.97757,31.959259,31.039139,34.751663,32.178986,31.139847,32.252235,31.286339,34.715034,2710089.7,4.6280518,-17.042816,6.3126526,1.5152283,0.15106201,0.61798096,-0.0045776367,-0.0045776367,-0.0045776367,-0.0045776367,-0.0045776367,-0.0045776367,-0.0045776367,-0.0045776367,-0.0045776367,-0.0045776367,-0.0045776367,-0.0045776367,-0.0045776367,-0.0045776367,-0.0045776367,-0.0045776367,-0.0045776367,-0.0045776367,2710089.7
2845133174912,10.353207,0,40.624855,43.595787,39.475853,32.114899,33.007553,33.826965,34.856949,33.945984,33.804077,30.906387,33.662163,33.64843,38.04303,38.13916,34.476997,35.030899,34.403755,34.348824,38.432137,34.879837,34.710457,34.55024,33.685051,38.647285,2710109.7,41.819641,46.10437,40.519569,30.988785,29.899292,30.050354,31.963837,30.476082,30.233459,28.535133,30.366219,29.853516,35.29641,34.22522,32.288857,31.986725,31.968414,31.020828,34.737923,32.165253,31.149002,32.265968,31.286339,34.715034,2710109.7,3.9505615,-20.65918,6.8985901,0.45318604,0.29754639,-0.050354004,-0.0045776367,-0.0045776367,-0.0045776367,-0.0045776367,-0.0045776367,-0.0045776367,-0.0045776367,-0.0045776367,-0.0045776367,-0.0045776367,-0.0045776367,-0.0045776367,-0.0045776367,-0.0045776367,-0.0045776367,-0.0045776367,-0.0045776367,-0.0045776367,2710109.7
2845153168608,10.373201,0,40.629433,43.595787,39.471275,32.114899,32.99382,33.822388,34.861526,33.945984,33.7995,30.915543,33.66674,33.64843,38.04303,38.130005,34.476997,35.035477,34.403755,34.353401,38.436714,34.884415,34.715034,34.559395,33.689629,38.63813,2710129.7,41.837952,46.090637,40.547035,30.99794,29.90387,30.068665,31.950104,30.480659,30.233459,28.539711,30.375374,29.858093,35.310143,34.238953,32.275124,31.959259,31.940948,31.020828,34.751663,32.16983,31.144424,32.265968,31.300072,34.710457,2710129.7,-4.133667,-26.436249,5.1590881,-4.8203125,0.20599365,0.17852783,-0.0045776367,-0.0045776367,-0.0045776367,-0.0045776367,-0.0045776367,-0.0045776367,-0.0045776367,-0.0045776367,-0.0045776367,-0.0045776367,-0.0045776367,-0.0045776367,-0.0045776367,-0.0045776367,-0.0045776367,-0.0045776367,-0.0045776367,-0.0045776367,2710129.7
2845173253856,10.393286,0,40.620277,43.604942,39.475853,32.119476,32.998398,33.831543,34.861526,33.941406,33.7995,30.90181,33.662163,33.64843,38.038452,38.134583,34.481575,35.035477,34.403755,34.353401,38.432137,34.884415,34.715034,34.55024,33.694206,38.642708,2710149.7,41.801331,46.099792,40.524147,31.007095,29.894714,30.068665,31.940948,30.453194,30.238037,28.525978,30.366219,29.853516,35.310143,34.238953,32.307167,31.97757,31.963837,31.025406,34.751663,32.156097,31.15358,32.24765,31.300072,34.710457,2710149.7,-8.5557251,-28.6427,4.1062012,-8.0704956,0.33416748,-0.17852783,-0.0045776367,-0.0045776367,-0.0045776367,-0.0045776367,-0.0045776367,-0.0045776367,-0.0045776367,-0.0045776367,-0.0045776367,-0.0045776367,-0.0045776367,-0.0045776367,-0.0045776367,-0.0045776367,-0.0045776367,-0.0045776367,-0.0045776367,-0.0045776367,2710149.7
2845193172928,10.413205,0,40.620277,43.604942,39.471275,32.114899,33.007553,33.826965,34.861526,33.950562,33.7995,30.906387,33.662163,33.653008,38.038452,38.13916,34.476997,35.035477,34.403755,34.357979,38.436714,34.884415,34.719612,34.55024,33.689629,38.647285,2710169.7,41.833374,46.108948,40.560768,31.007095,29.913025,30.073242,31.945526,30.462349,30.242615,28.544289,30.366219,29.853516,35.300987,34.238953,32.284279,31.968414,31.954681,31.034561,34.733345,32.178986,31.167313,32.265968,31.304649,34.72419,2710169.7,-12.510864,-31.12384,2.1560974,-10.176239,0.16021729,-0.4989624,-0.0045776367,-0.0045776367,-0.0045776367,-0.0045776367,-0.0045776367,-0.0045776367,-0.0045776367,-0.0045776367,-0.0045776367,-0.0045776367,-0.0045776367,-0.0045776367,-0.0045776367,-0.0045776367,-0.0045776367,-0.0045776367,-0.0045776367,-0.0045776367,2710169.7
2845213162624,10.433195,0,40.611122,43.604942,39.480431,32.119476,33.007553,33.831543,34.861526,33.941406,33.7995,30.910965,33.662163,33.653008,38.038452,38.13916,34.476997,35.035477,34.403755,34.348824,38.432137,34.884415,34.715034,34.554817,33.689629,38.647285,2710189.7,41.815063,46.140991,40.542458,30.99794,29.90387,30.086975,31.950104,30.471504,30.228882,28.535133,30.352486,29.84436,35.29641,34.248108,32.307167,31.959259,31.963837,31.020828,34.733345,32.174408,31.144424,32.261391,31.277184,34.696724,2710189.7,-21.675446,-33.229584,-8.8578491,-11.805908,-0.01373291,0.01373291,-0.0045776367,-0.0045776367,-0.0045776367,-0.0045776367,-0.0045776367,-0.0045776367,-0.0045776367,-0.0045776367,-0.0045776367,-0.0045776367,-0.0045776367,-0.0045776367,-0.0045776367,-0.0045776367,-0.0045776367,-0.0045776367,-0.0045776367,-0.0045776367,2710189.7
2845233324512,10.453357,0,40.620277,43.604942,39.485008,32.114899,32.998398,33.826965,34.866104,33.945984,33.7995,30.910965,33.662163,33.643852,38.033875,38.134583,34.481575,35.026321,34.403755,34.353401,38.436714,34.879837,34.715034,34.55024,33.689629,38.642708,2710209.7,41.824219,46.140991,40.547035,30.993362,29.899292,30.068665,31.950104,30.471504,30.238037,28.530556,30.352486,29.858093,35.305565,34.229797,32.288857,31.968414,31.940948,31.029984,34.728767,32.174408,31.15358,32.265968,31.295494,34.719612,2710209.7,-23.295959,-33.055634,-12.272827,-10.505829,0.56304932,-0.83770752,-0.0045776367,-0.0045776367,-0.0045776367,-0.0045776367,-0.0045776367,-0.0045776367,-0.0045776367,-0.0045776367,-0.0045776367,-0.0045776367,-0.0045776367,-0.0045776367,-0.0045776367,-0.0045776367,-0.0045776367,-0.0045776367,-0.0045776367,-0.0045776367,2710209.7
2845253173216,10.473206,0,40.6157,43.60952,39.498741,32.119476,33.002975,33.826965,34.866104,33.945984,33.804077,30.910965,33.671318,33.64843,38.038452,38.134583,34.467842,35.030899,34.408333,34.344246,38.427559,34.884415,34.715034,34.554817,33.689629,38.63813,2710229.7,41.837952,46.150146,40.55619,31.016251,29.885559,30.09613,31.959259,30.457771,30.247192,28.535133,30.357063,29.858093,35.310143,34.24353,32.284279,31.968414,31.954681,31.025406,34.728767,32.160675,31.15358,32.261391,31.286339,34.701302,2710229.7,-23.598083,-33.797211,-17.161835,-6.5140686,-0.13275146,0.2243042,-0.0045776367,-0.0045776367,-0.0045776367,-0.0045776367,-0.0045776367,-0.0045776367,-0.0045776367,-0.0045776367,-0.0045776367,-0.0045776367,-0.0045776367,-0.0045776367,-0.0045776367,-0.0045776367,-0.0045776367,-0.0045776367,-0.0045776367,-0.0045776367,2710229.7
2845273149312,10.493182,0,40.6157,43.614098,39.498741,32.114899,33.002975,33.826965,34.866104,33.941406,33.794922,30.910965,33.662163,33.64843,38.047607,38.134583,34.476997,35.035477,34.403755,34.348824,38.432137,34.884415,34.715034,34.554817,33.689629,38.63813,2710249.7,41.828796,46.168457,40.55619,31.011673,29.908447,30.082397,31.963837,30.466927,30.247192,28.525978,30.34333,29.858093,35.31472,34.234375,32.279701,31.959259,31.968414,31.029984,34.747078,32.16983,31.17189,32.279701,31.281761,34.705879,2710249.7,-22.847321,-35.033203,-17.042816,-2.6504822,0.89263916,-0.11444092,-0.0045776367,-0.0045776367,-0.0045776367,-0.0045776367,-0.0045776367,-0.0045776367,-0.0045776367,-0.0045776367,-0.0045776367,-0.0045776367,-0.0045776367,-0.0045776367,-0.0045776367,-0.0045776367,-0.0045776367,-0.0045776367,-0.0045776367,-0.0045776367,2710249.7
2845293174976,10.513207,0,40.620277,43.600365,39.485008,32.119476,33.002975,33.822388,34.861526,33.950562,33.7995,30.906387,33.657585,33.653008,38.033875,38.143738,34.476997,35.030899,34.41291,34.348824,38.432137,34.884415,34.710457,34.559395,33.685051,38.656441,2710269.7,41.847107,46.177612,40.601967,31.016251,29.899292,30.073242,31.940948,30.462349,30.242615,28.548866,30.357063,29.858093,35.319298,34.238953,32.288857,31.954681,31.945526,31.034561,34.756241,32.188141,31.135269,32.275124,31.290916,34.701302,2710269.7,-18.086517,-35.509277,-15.587097,-1.1947937,0.58135986,-0.24261475,-0.0045776367,-0.0045776367,-0.0045776367,-0.0045776367,-0.0045776367,-0.0045776367,-0.0045776367,-0.0045776367,-0.0045776367,-0.0045776367,-0.0045776367,-0.0045776367,-0.0045776367,-0.0045776367,-0.0045776367,-0.0045776367,-0.0045776367,-0.0045776367,2710269.7
2845313167424,10.5332,0,40.629433,43.600365,39.498741,32.114899,32.998398,33.822388,34.866104,33.945984,33.804077,30.910965,33.662163,33.64843,38.04303,38.134583,34.47242,35.035477,34.41291,34.348824,38.432137,34.884415,34.710457,34.554817,33.689629,38.642708,2710289.7,41.842529,46.168457,40.583656,31.011673,29.908447,30.07782,31.931793,30.476082,30.238037,28.535133,30.370796,29.862671,35.310143,34.24353,32.279701,31.968414,31.968414,31.043716,34.733345,32.178986,31.15358,32.275124,31.281761,34.701302,2710289.7,-15.495544,-35.811401,-14.763092,-0.01373291,0.57220459,-0.52642822,-0.0045776367,-0.0045776367,-0.0045776367,-0.0045776367,-0.0045776367,-0.0045776367,-0.0045776367,-0.0045776367,-0.0045776367,-0.0045776367,-0.0045776367,-0.0045776367,-0.0045776367,-0.0045776367,-0.0045776367,-0.0045776367,-0.0045776367,-0.0045776367,2710289.7
2845333147168,10.55318,0,40.624855,43.614098,39.485008,32.119476,33.012131,33.826965,34.866104,33.941406,33.7995,30.906387,33.662163,33.643852,38.04303,38.13916,34.476997,35.040054,34.408333,34.353401,38.432137,34.879837,34.715034,34.559395,33.685051,38.651863,2710309.7,41.828796,46.177612,40.565346,31.025406,29.913025,30.086975,31.959259,30.462349,30.233459,28.535133,30.357063,29.848938,35.31472,34.229797,32.307167,31.972992,31.940948,31.007095,34.733345,32.165253,31.15358,32.275124,31.286339,34.710457,2710309.7,-11.979858,-34.273285,-15.257507,1.4969177,0.70953369,-0.46234131,-0.0045776367,-0.0045776367,-0.0045776367,-0.0045776367,-0.0045776367,-0.0045776367,-0.0045776367,-0.0045776367,-0.0045776367,-0.0045776367,-0.0045776367,-0.0045776367,-0.0045776367,-0.0045776367,-0.0045776367,-0.0045776367,-0.0045776367,-0.0045776367,2710309.7
2845353168960,10.573201,0,40.624855,43.60952,39.494164,32.114899,33.002975,33.822388,34.866104,33.945984,33.7995,30.915543,33.66674,33.64843,38.038452,38.134583,34.481575,35.035477,34.408333,34.348824,38.432137,34.884415,34.715034,34.554817,33.685051,38.642708,2710329.7,41.847107,46.191345,40.583656,31.020828,29.926758,30.07782,31.959259,30.462349,30.242615,28.544289,30.347908,29.848938,35.310143,34.238953,32.284279,31.968414,31.936371,31.020828,34.7425,32.156097,31.144424,32.256813,31.281761,34.701302,2710329.7,-4.2252197,-33.641571,-10.478363,4.3533936,0.077819824,0.059509277,-0.0045776367,-0.0045776367,-0.0045776367,-0.0045776367,-0.0045776367,-0.0045776367,-0.0045776367,-0.0045776367,-0.0045776367,-0.0045776367,-0.0045776367,-0.0045776367,-0.0045776367,-0.0045776367,-0.0045776367,-0.0045776367,-0.0045776367,-0.0045776367,2710329.7
2845373210304,10.593243,0,40.629433,43.623253,39.494164,32.124054,33.007553,33.822388,34.861526,33.936829,33.804077,30.906387,33.662163,33.64843,38.038452,38.13916,34.476997,35.040054,34.408333,34.348824,38.427559,34.884415,34.715034,34.554817,33.694206,38.642708,2710349.7,41.851685,46.177612,40.601967,31.029984,29.92218,30.073242,31.954681,30.457771,30.242615,28.539711,30.389107,29.853516,35.310143,34.24353,32.284279,31.972992,31.963837,31.034561,34.765396,32.174408,31.149002,32.265968,31.300072,34.705879,2710349.7,-1.0757751,-32.26825,-9.6086121,4.8752441,-0.38909912,0.068664551,-0.0045776367,-0.0045776367,-0.0045776367,-0.0045776367,-0.0045776367,-0.0045776367,-0.0045776367,-0.0045776367,-0.0045776367,-0.0045776367,-0.0045776367,-0.0045776367,-0.0045776367,-0.0045776367,-0.0045776367,-0.0045776367,-0.0045776367,-0.0045776367,2710349.7
2845393180448,10.613213,0,40.624855,43.618675,39.507896,32.119476,33.002975,33.831543,34.866104,33.941406,33.804077,30.910965,33.662163,33.64843,38.038452,38.13916,34.476997,35.035477,34.403755,34.353401,38.432137,34.884415,34.710457,34.55024,33.685051,38.642708,2710369.7,41.851685,46.2005,40.620277,31.034561,29.931335,30.064087,31.959259,30.466927,30.247192,28.530556,30.370796,29.858093,35.300987,34.252693,32.293434,31.954681,31.950104,31.039139,34.7425,32.174408,31.158157,32.270546,31.300072,34.710457,2710369.7,2.2293396,-28.679321,-8.1528931,4.7653809,-0.25177002,0.24261475,-0.0045776367,-0.0045776367,-0.0045776367,-0.0045776367,-0.0045776367,-0.0045776367,-0.0045776367,-0.0045776367,-0.0045776367,-0.0045776367,-0.0045776367,-0.0045776367,-0.0045776367,-0.0045776367,-0.0045776367,-0.0045776367,-0.0045776367,-0.0045776367,2710369.7
2845413167008,10.633199,0,40.620277,43.618675,39.503319,32.128632,32.998398,33.822388,34.866104,33.941406,33.804077,30.90181,33.662163,33.64843,38.038452,38.134583,34.476997,35.035477,34.41291,34.353401,38.436714,34.888992,34.715034,34.554817,33.689629,38.63813,2710389.7,41.828796,46.214233,40.583656,31.007095,29.913025,30.086975,31.963837,30.466927,30.238037,28.539711,30.357063,29.848938,35.310143,34.248108,32.311745,31.950104,31.959259,31.034561,34.737923,32.174408,31.144424,32.275124,31.290916,34.692146,2710389.7,4.4998779,-26.536957,-6.39505,4.9759521,-0.2243042,-0.13275146,-0.0045776367,-0.0045776367,-0.0045776367,-0.0045776367,-0.0045776367,-0.0045776367,-0.0045776367,-0.0045776367,-0.0045776367,-0.0045776367,-0.0045776367,-0.0045776367,-0.0045776367,-0.0045776367,-0.0045776367,-0.0045776367,-0.0045776367,-0.0045776367,2710389.7
2845433343744,10.653376,0,40.629433,43.623253,39.498741,32.119476,32.998398,33.822388,34.866104,33.941406,33.7995,30.90181,33.662163,33.64843,38.038452,38.134583,34.47242,35.030899,34.408333,34.348824,38.436714,34.89357,34.715034,34.554817,33.689629,38.63813,2710409.7,41.86084,46.223389,40.601967,31.025406,29.899292,30.073242,31.950104,30.462349,30.238037,28.539711,30.370796,29.867249,35.305565,34.257271,32.293434,31.97757,31.959259,31.034561,34.751663,32.178986,31.162735,32.279701,31.304649,34.696724,2710409.7,2.9251404,-22.883942,-4.4724121,0.77362061,0.23345947,0.25177002,-0.0045776367,-0.0045776367,-0.0045776367,-0.0045776367,-0.0045776367,-0.0045776367,-0.0045776367,-0.0045776367,-0.0045776367,-0.0045776367,-0.0045776367,-0.0045776367,-0.0045776367,-0.0045776367,-0.0045776367,-0.0045776367,-0.0045776367,-0.0045776367,2710409.7
2845453187840,10.67322,0,40.629433,43.618675,39.503319,32.119476,33.007553,33.826965,34.866104,33.950562,33.794922,30.906387,33.662163,33.64843,38.04303,38.134583,34.47242,35.030899,34.403755,34.348824,38.422981,34.884415,34.710457,34.554817,33.685051,38.647285,2710429.7,41.833374,46.237122,40.611122,31.025406,29.908447,30.07782,31.968414,30.448616,30.265511,28.530556,30.352486,29.84436,35.29641,34.234375,32.284279,31.972992,31.950104,31.025406,34.737923,32.174408,31.158157,32.256813,31.286339,34.692146,2710429.7,1.9913025,-20.924683,-3.0350342,-1.3504333,0.15106201,0.28839111,-0.0045776367,-0.0045776367,-0.0045776367,-0.0045776367,-0.0045776367,-0.0045776367,-0.0045776367,-0.0045776367,-0.0045776367,-0.0045776367,-0.0045776367,-0.0045776367,-0.0045776367,-0.0045776367,-0.0045776367,-0.0045776367,-0.0045776367,-0.0045776367,2710429.7
2845473168768,10.693201,0,40.629433,43.623253,39.507896,32.119476,33.007553,33.826965,34.861526,33.945984,33.7995,30.906387,33.66674,33.64843,38.038452,38.143738,34.476997,35.030899,34.403755,34.353401,38.427559,34.884415,34.719612,34.554817,33.689629,38.642708,2710449.7,41.851685,46.25544,40.611122,31.034561,29.913025,30.082397,31.959259,30.462349,30.242615,28.544289,30.352486,29.84436,35.291832,34.248108,32.275124,31.963837,31.959259,31.039139,34.747078,32.160675,31.139847,32.265968,31.295494,34.692146,2710449.7,-1.9729919,-20.878906,-4.133667,-5.4154358,-0.6729126,-0.29754639,-0.0045776367,-0.0045776367,-0.0045776367,-0.0045776367,-0.0045776367,-0.0045776367,-0.0045776367,-0.0045776367,-0.0045776367,-0.0045776367,-0.0045776367,-0.0045776367,-0.0045776367,-0.0045776367,-0.0045776367,-0.0045776367,-0.0045776367,-0.0045776367,2710449.7
2845493146080,10.713179,0,40.638588,43.632408,39.507896,32.124054,33.012131,33.822388,34.856949,33.950562,33.804077,30.906387,33.66674,33.64843,38.04303,38.143738,34.47242,35.030899,34.41291,34.353401,38.427559,34.884415,34.715034,34.55024,33.689629,38.651863,2710469.7,41.86084,46.264595,40.629433,31.025406,29.899292,30.091553,31.968414,30.457771,30.247192,28.539711,30.347908,29.867249,35.305565,34.252693,32.288857,31.954681,31.950104,31.034561,34.756241,32.16983,31.15358,32.270546,31.295494,34.701302,2710469.7,-6.3218079,-23.021301,0.85601807,-12.785522,-0.01373291,-0.44403076,-0.0045776367,-0.0045776367,-0.0045776367,-0.0045776367,-0.0045776367,-0.0045776367,-0.0045776367,-0.0045776367,-0.0045776367,-0.0045776367,-0.0045776367,-0.0045776367,-0.0045776367,-0.0045776367,-0.0045776367,-0.0045776367,-0.0045776367,-0.0045776367,2710469.7
2845513188960,10.733221,0,40.63401,43.632408,39.503319,32.119476,32.998398,33.822388,34.866104,33.950562,33.804077,30.910965,33.662163,33.657585,38.04303,38.13916,34.476997,35.035477,34.408333,34.344246,38.432137,34.888992,34.719612,34.559395,33.689629,38.642708,2710489.7,41.851685,46.269173,40.63401,31.043716,29.913025,30.100708,31.968414,30.462349,30.247192,28.548866,30.370796,29.848938,35.31472,34.238953,32.302589,31.950104,31.940948,31.039139,34.756241,32.160675,31.149002,32.270546,31.272606,34.701302,2710489.7,-6.5415344,-24.614319,3.5843506,-15.385681,-0.068664551,-0.27923584,-0.0045776367,-0.0045776367,-0.0045776367,-0.0045776367,-0.0045776367,-0.0045776367,-0.0045776367,-0.0045776367,-0.0045776367,-0.0045776367,-0.0045776367,-0.0045776367,-0.0045776367,-0.0045776367,-0.0045776367,-0.0045776367,-0.0045776367,-0.0045776367,2710489.7
2845533168512,10.753201,0,40.63401,43.636986,39.507896,32.119476,33.002975,33.81781,34.856949,33.945984,33.804077,30.906387,33.657585,33.64843,38.04303,38.13916,34.467842,35.026321,34.408333,34.353401,38.432137,34.884415,34.719612,34.554817,33.689629,38.642708,2710509.7,41.856262,46.282906,40.6157,31.039139,29.926758,30.082397,31.950104,30.457771,30.242615,28.544289,30.352486,29.84436,35.31472,34.257271,32.293434,31.968414,31.972992,31.029984,34.751663,32.156097,31.162735,32.265968,31.286339,34.715034,2710509.7,-7.4662476,-30.647736,6.6330872,-21.14444,0.15106201,-0.39825439,-0.0045776367,-0.0045776367,-0.0045776367,-0.0045776367,-0.0045776367,-0.0045776367,-0.0045776367,-0.0045776367,-0.0045776367,-0.0045776367,-0.0045776367,-0.0045776367,-0.0045776367,-0.0045776367,-0.0045776367,-0.0045776367,-0.0045776367,-0.0045776367,2710509.7
2845553152352,10.773185,0,40.63401,43.641563,39.507896,32.114899,32.998398,33.822388,34.861526,33.945984,33.804077,30.906387,33.66674,33.64843,38.038452,38.134583,34.476997,35.030899,34.408333,34.348824,38.432137,34.884415,34.710457,34.55024,33.685051,38.647285,2710529.7,41.87915,46.269173,40.661476,31.025406,29.913025,30.082397,31.954681,30.462349,30.228882,28.5214,30.357063,29.853516,35.305565,34.238953,32.279701,31.968414,31.963837,31.039139,34.747078,32.165253,31.15358,32.252235,31.277184,34.701302,2710529.7,-2.8061218,-36.635376,7.6951294,-23.057922,-0.12359619,-0.6362915,-0.0045776367,-0.0045776367,-0.0045776367,-0.0045776367,-0.0045776367,-0.0045776367,-0.0045776367,-0.0045776367,-0.0045776367,-0.0045776367,-0.0045776367,-0.0045776367,-0.0045776367,-0.0045776367,-0.0045776367,-0.0045776367,-0.0045776367,-0.0045776367,2710529.7
2845573179552,10.793212,0,40.638588,43.627831,39.507896,32.114899,32.998398,33.81781,34.856949,33.941406,33.804077,30.906387,33.662163,33.653008,38.04303,38.13916,34.47242,35.030899,34.408333,34.353401,38.432137,34.898148,34.710457,34.55024,33.685051,38.642708,2710549.7,41.888306,46.269173,40.679787,31.029984,29.908447,30.082397,31.954681,30.471504,30.279243,28.539711,30.357063,29.853516,35.305565,34.248108,32.288857,31.963837,31.959259,31.011673,34.751663,32.165253,31.15358,32.279701,31.304649,34.719612,2710549.7,-3.0533447,-54.726486,9.0135193,-24.541077,0.086975098,-0.51727295,-0.0045776367,-0.0045776367,-0.0045776367,-0.0045776367,-0.0045776367,-0.0045776367,-0.0045776367,-0.0045776367,-0.0045776367,-0.0045776367,-0.0045776367,-0.0045776367,-0.0045776367,-0.0045776367,-0.0045776367,-0.0045776367,-0.0045776367,-0.0045776367,2710549.7
2845593155264,10.813188,0,40.643166,43.636986,39.512474,32.128632,33.007553,33.81781,34.861526,33.945984,33.808655,30.910965,33.662163,33.64843,38.04303,38.13916,34.47242,35.030899,34.41291,34.357979,38.436714,34.89357,34.715034,34.554817,33.680473,38.647285,2710569.7,41.906616,46.310371,40.666054,31.029984,29.908447,30.082397,31.950104,30.462349,30.265511,28.539711,30.357063,29.858093,35.305565,34.252693,32.302589,31.954681,31.954681,31.034561,34.7425,32.178986,31.144424,32.252235,31.277184,34.701302,2710569.7,-1.9455261,-61.849396,7.2007446,-23.891052,-0.71868896,0.27008057,-0.0045776367,-0.0045776367,-0.0045776367,-0.0045776367,-0.0045776367,-0.0045776367,-0.0045776367,-0.0045776367,-0.0045776367,-0.0045776367,-0.0045776367,-0.0045776367,-0.0045776367,-0.0045776367,-0.0045776367,-0.0045776367,-0.0045776367,-0.0045776367,2710569.7
2845613152192,10.833185,0,40.63401,43.632408,39.512474,32.119476,32.998398,33.813232,34.861526,33.941406,33.804077,30.90181,33.662163,33.64843,38.047607,38.134583,34.47242,35.035477,34.403755,34.348824,38.432137,34.888992,34.719612,34.554817,33.694206,38.642708,2710589.7,41.906616,46.310371,40.679787,31.043716,29.908447,30.086975,31.968414,30.466927,30.247192,28.535133,30.375374,29.867249,35.305565,34.238953,32.284279,31.963837,31.954681,31.025406,34.7425,32.16983,31.149002,32.279701,31.295494,34.719612,2710589.7,1.5518494,-67.544067,6.2119446,-21.64798,-0.31585693,-0.68206787,-0.0045776367,-0.0045776367,-0.0045776367,-0.0045776367,-0.0045776367,-0.0045776367,-0.0045776367,-0.0045776367,-0.0045776367,-0.0045776367,-0.0045776367,-0.0045776367,-0.0045776367,-0.0045776367,-0.0045776367,-0.0045776367,-0.0045776367,-0.0045776367,2710589.7
2845633312832,10.853345,0,40.643166,43.646141,39.521629,32.128632,32.99382,33.822388,34.870682,33.941406,33.804077,30.906387,33.671318,33.64843,38.038452,38.143738,34.486153,35.030899,34.408333,34.348824,38.436714,34.884415,34.719612,34.55024,33.694206,38.642708,2710609.7,41.911194,46.282906,40.666054,31.043716,29.908447,30.086975,31.950104,30.466927,30.251778,28.539711,30.361641,29.858093,35.310143,34.248108,32.293434,31.97757,31.968414,31.034561,34.733345,32.178986,31.144424,32.270546,31.286339,34.692146,2710609.7,4.2618408,-68.761734,1.7349548,-20.466919,0.13275146,0.059509277,-0.0045776367,-0.0045776367,-0.0045776367,-0.0045776367,-0.0045776367,-0.0045776367,-0.0045776367,-0.0045776367,-0.0045776367,-0.0045776367,-0.0045776367,-0.0045776367,-0.0045776367,-0.0045776367,-0.0045776367,-0.0045776367,-0.0045776367,-0.0045776367,2710609.7
2845653150752,10.873183,0,40.652321,43.632408,39.521629,32.124054,33.002975,33.81781,34.866104,33.945984,33.804077,30.90181,33.66674,33.643852,38.04303,38.13916,34.476997,35.040054,34.408333,34.357979,38.436714,34.888992,34.715034,34.545662,33.694206,38.642708,2710629.7,41.911194,46.301216,40.670631,31.048294,29.899292,30.068665,31.963837,30.453194,30.224304,28.548866,30.366219,29.867249,35.31472,34.234375,32.279701,31.972992,31.945526,31.025406,34.733345,32.146942,31.144424,32.261391,31.295494,34.710457,2710629.7,4.5090332,-66.573593,1.7441101,-20.668335,0.4989624,-0.24261475,-0.0045776367,-0.0045776367,-0.0045776367,-0.0045776367,-0.0045776367,-0.0045776367,-0.0045776367,-0.0045776367,-0.0045776367,-0.0045776367,-0.0045776367,-0.0045776367,-0.0045776367,-0.0045776367,-0.0045776367,-0.0045776367,-0.0045776367,-0.0045776367,2710629.7
2845673168128,10.893201,0,40.647743,43.646141,39.526207,32.124054,33.002975,33.813232,34.870682,33.945984,33.7995,30.906387,33.662163,33.64843,38.038452,38.134583,34.476997,35.030899,34.408333,34.353401,38.432137,34.884415,34.715034,34.554817,33.694206,38.642708,2710649.7,41.924927,46.346992,40.666054,31.043716,29.90387,30.07782,31.959259,30.471504,30.251778,28.539711,30.352486,29.867249,35.310143,34.234375,32.293434,31.968414,31.963837,31.016251,34.7425,32.142365,31.158157,32.261391,31.290916,34.692146,2710649.7,9.3797302,-65.886932,6.0746155,-14.067291,-0.86517334,0.01373291,-0.0045776367,-0.0045776367,-0.0045776367,-0.0045776367,-0.0045776367,-0.0045776367,-0.0045776367,-0.0045776367,-0.0045776367,-0.0045776367,-0.0045776367,-0.0045776367,-0.0045776367,-0.0045776367,-0.0045776367,-0.0045776367,-0.0045776367,-0.0045776367,2710649.7
2845693170080,10.913203,0,40.647743,43.646141,39.526207,32.119476,33.002975,33.813232,34.866104,33.945984,33.7995,30.90181,33.657585,33.64843,38.04303,38.134583,34.481575,35.026321,34.41291,34.353401,38.436714,34.884415,34.710457,34.55024,33.685051,38.642708,2710669.7,41.915771,46.356148,40.675209,31.048294,29.899292,30.064087,31.954681,30.471504,30.224304,28.535133,30.361641,29.848938,35.31472,34.238953,32.298012,31.982147,31.959259,31.025406,34.737923,32.160675,31.167313,32.284279,31.295494,34.696724,2710669.7,14.396881,-66.930649,7.8599243,-7.8049927,-0.75531006,-0.54473877,-0.0045776367,-0.0045776367,-0.0045776367,-0.0045776367,-0.0045776367,-0.0045776367,-0.0045776367,-0.0045776367,-0.0045776367,-0.0045776367,-0.0045776367,-0.0045776367,-0.0045776367,-0.0045776367,-0.0045776367,-0.0045776367,-0.0045776367,-0.0045776367,2710669.7
2845713140224,10.933173,0,40.647743,43.646141,39.526207,32.114899,32.998398,33.81781,34.861526,33.950562,33.794922,30.910965,33.662163,33.653008,38.047607,38.134583,34.467842,35.030899,34.41291,34.353401,38.432137,34.884415,34.715034,34.55024,33.689629,38.647285,2710689.7,41.943237,46.342415,40.675209,31.039139,29.899292,30.082397,31.950104,30.462349,30.247192,28.544289,30.352486,29.867249,35.31472,34.24353,32.275124,31.972992,31.963837,31.020828,34.756241,32.178986,31.149002,32.275124,31.268028,34.710457,2710689.7,13.902496,-56.319519,5.4612122,-4.8111572,-1.0391541,0.4989624,-0.0045776367,-0.0045776367,-0.0045776367,-0.0045776367,-0.0045776367,-0.0045776367,-0.0045776367,-0.0045776367,-0.0045776367,-0.0045776367,-0.0045776367,-0.0045776367,-0.0045776367,-0.0045776367,-0.0045776367,-0.0045776367,-0.0045776367,-0.0045776367,2710689.7
2845733126112,10.953159,0,40.647743,43.646141,39.521629,32.119476,32.998398,33.808655,34.866104,33.941406,33.804077,30.906387,33.662163,33.64843,38.04303,38.143738,34.476997,35.030899,34.403755,34.348824,38.427559,34.89357,34.715034,34.559395,33.685051,38.63813,2710709.7,41.947815,46.356148,40.688942,31.039139,29.90387,30.082397,31.959259,30.448616,30.251778,28.544289,30.361641,29.853516,35.305565,34.24353,32.293434,31.97757,31.954681,31.011673,34.751663,32.16983,31.162735,32.279701,31.304649,34.701302,2710709.7,13.362335,-50.176239,5.6443176,-2.980072,-0.32501221,-0.59967041,-0.0045776367,-0.0045776367,-0.0045776367,-0.0045776367,-0.0045776367,-0.0045776367,-0.0045776367,-0.0045776367,-0.0045776367,-0.0045776367,-0.0045776367,-0.0045776367,-0.0045776367,-0.0045776367,-0.0045776367,-0.0045776367,-0.0045776367,-0.0045776367,2710709.7
2845753159328,10.973192,0,40.647743,43.655296,39.526207,32.119476,32.989243,33.81781,34.866104,33.941406,33.7995,30.906387,33.657585,33.653008,38.038452,38.134583,34.476997,35.030899,34.41291,34.353401,38.436714,34.888992,34.715034,34.554817,33.689629,38.642708,2710729.7,41.943237,46.379036,40.679787,31.016251,29.90387,30.086975,31.950104,30.471504,30.242615,28.544289,30.352486,29.853516,35.310143,34.248108,32.293434,31.982147,31.963837,31.034561,34.737923,32.174408,31.144424,32.261391,31.304649,34.696724,2710729.7,12.977783,-45.140762,5.3696594,-1.6434021,-0.56304932,0.25177002,-0.0045776367,-0.0045776367,-0.0045776367,-0.0045776367,-0.0045776367,-0.0045776367,-0.0045776367,-0.0045776367,-0.0045776367,-0.0045776367,-0.0045776367,-0.0045776367,-0.0045776367,-0.0045776367,-0.0045776367,-0.0045776367,-0.0045776367,-0.0045776367,2710729.7
2845773185440,10.993218,0,40.647743,43.655296,39.530785,32.124054,32.998398,33.813232,34.861526,33.945984,33.7995,30.906387,33.671318,33.653008,38.038452,38.134583,34.476997,35.030899,34.41291,34.348824,38.427559,34.888992,34.719612,34.55024,33.689629,38.63813,2710749.7,41.934082,46.360725,40.730141,31.043716,29.908447,30.068665,31.972992,30.466927,30.238037,28.535133,30.357063,29.830627,35.328453,34.24353,32.288857,31.959259,31.954681,31.034561,34.765396,32.192719,31.135269,32.288857,31.281761,34.692146,2710749.7,12.245361,-33.000702,4.8752441,0.59051514,-0.82855225,-0.37994385,-0.0045776367,-0.0045776367,-0.0045776367,-0.0045776367,-0.0045776367,-0.0045776367,-0.0045776367,-0.0045776367,-0.0045776367,-0.0045776367,-0.0045776367,-0.0045776367,-0.0045776367,-0.0045776367,-0.0045776367,-0.0045776367,-0.0045776367,-0.0045776367,2710749.7
2845793118496,11.013151,0,40.647743,43.655296,39.526207,32.119476,32.998398,33.81781,34.866104,33.945984,33.7995,30.906387,33.662163,33.653008,38.047607,38.134583,34.476997,35.035477,34.41291,34.348824,38.427559,34.888992,34.719612,34.55024,33.689629,38.642708,2710769.7,41.924927,46.374458,40.702675,31.043716,29.908447,30.082397,31.950104,30.466927,30.251778,28.535133,30.379951,29.853516,35.310143,34.252693,32.298012,31.968414,31.954681,31.025406,34.756241,32.178986,31.167313,32.261391,31.318382,34.710457,2710769.7,10.926971,-26.088348,3.9230957,1.4419861,-0.56304932,0.26092529,-0.0045776367,-0.0045776367,-0.0045776367,-0.0045776367,-0.0045776367,-0.0045776367,-0.0045776367,-0.0045776367,-0.0045776367,-0.0045776367,-0.0045776367,-0.0045776367,-0.0045776367,-0.0045776367,-0.0045776367,-0.0045776367,-0.0045776367,-0.0045776367,2710769.7
2845813152672,11.033185,0,40.656898,43.655296,39.530785,32.119476,32.998398,33.813232,34.866104,33.941406,33.804077,30.910965,33.66674,33.653008,38.04303,38.13916,34.476997,35.026321,34.41291,34.348824,38.427559,34.884415,34.719612,34.55024,33.689629,38.63813,2710789.7,41.906616,46.392769,40.730141,31.071182,29.90387,30.073242,31.968414,30.466927,30.247192,28.535133,30.370796,29.858093,35.323875,34.257271,32.275124,31.963837,31.959259,31.034561,34.7425,32.165253,31.167313,32.256813,31.300072,34.696724,2710789.7,6.0288391,-10.588226,1.908905,1.4145203,-0.16937256,0.46234131,-0.0045776367,-0.0045776367,-0.0045776367,-0.0045776367,-0.0045776367,-0.0045776367,-0.0045776367,-0.0045776367,-0.0045776367,-0.0045776367,-0.0045776367,-0.0045776367,-0.0045776367,-0.0045776367,-0.0045776367,-0.0045776367,-0.0045776367,-0.0045776367,2710789.7
2845833325632,11.053358,0,40.652321,43.659874,39.53994,32.119476,32.984665,33.813232,34.870682,33.941406,33.804077,30.906387,33.662163,33.653008,38.038452,38.13916,34.47242,35.030899,34.41291,34.344246,38.432137,34.888992,34.710457,34.554817,33.694206,38.642708,2710809.7,41.915771,46.433968,40.730141,31.066605,29.908447,30.064087,31.945526,30.457771,30.251778,28.535133,30.389107,29.853516,35.29641,34.257271,32.307167,31.97757,31.954681,31.025406,34.756241,32.15152,31.144424,32.270546,31.304649,34.705879,2710809.7,3.9230957,-2.3575134,0.61798096,1.2497253,0.077819824,0.032043457,-0.0045776367,-0.0045776367,-0.0045776367,-0.0045776367,-0.0045776367,-0.0045776367,-0.0045776367,-0.0045776367,-0.0045776367,-0.0045776367,-0.0045776367,-0.0045776367,-0.0045776367,-0.0045776367,-0.0045776367,-0.0045776367,-0.0045776367,-0.0045776367,2710809.7
2845853148448,11.073181,0,40.647743,43.664452,39.530785,32.119476,32.989243,33.808655,34.861526,33.945984,33.7995,30.906387,33.662163,33.64843,38.047607,38.13916,34.476997,35.030899,34.408333,34.348824,38.432137,34.89357,34.715034,34.559395,33.689629,38.647285,2710829.7,41.920349,46.433968,40.734718,31.048294,29.894714,30.086975,31.950104,30.457771,30.251778,28.553444,30.357063,29.858093,35.305565,34.238953,32.311745,31.991302,31.968414,31.025406,34.7425,32.16983,31.149002,32.265968,31.295494,34.701302,2710829.7,-1.405365,13.225006,-3.7125244,1.4602966,0.3616333,0.050354004,-0.0045776367,-0.0045776367,-0.0045776367,-0.0045776367,-0.0045776367,-0.0045776367,-0.0045776367,-0.0045776367,-0.0045776367,-0.0045776367,-0.0045776367,-0.0045776367,-0.0045776367,-0.0045776367,-0.0045776367,-0.0045776367,-0.0045776367,-0.0045776367,2710829.7
2845873132192,11.093165,0,40.656898,43.673607,39.526207,32.124054,32.99382,33.808655,34.856949,33.950562,33.804077,30.910965,33.66674,33.64843,38.047607,38.13916,34.47242,35.035477,34.41291,34.348824,38.432137,34.888992,34.715034,34.554817,33.689629,38.63813,2710849.7,41.93866,46.415657,40.720985,31.062027,29.894714,30.082397,31.959259,30.444038,30.242615,28.544289,30.347908,29.84436,35.310143,34.229797,32.284279,31.963837,31.954681,31.034561,34.747078,32.160675,31.158157,32.270546,31.295494,34.696724,2710849.7,-7.1183472,20.741577,-4.7928467,-0.34332275,0.17852783,0.10528564,-0.0045776367,-0.0045776367,-0.0045776367,-0.0045776367,-0.0045776367,-0.0045776367,-0.0045776367,-0.0045776367,-0.0045776367,-0.0045776367,-0.0045776367,-0.0045776367,-0.0045776367,-0.0045776367,-0.0045776367,-0.0045776367,-0.0045776367,-0.0045776367,2710849.7
2845893198944,11.113231,0,40.656898,43.669029,39.53994,32.119476,32.989243,33.808655,34.866104,33.945984,33.804077,30.906387,33.671318,33.64843,38.047607,38.134583,34.476997,35.030899,34.408333,34.353401,38.436714,34.884415,34.719612,34.554817,33.685051,38.647285,2710869.7,41.934082,46.452278,40.730141,31.080338,29.899292,30.073242,31.950104,30.466927,30.228882,28.5214,30.352486,29.848938,35.31472,34.252693,32.307167,31.968414,31.959259,31.020828,34.747078,32.178986,31.162735,32.275124,31.304649,34.719612,2710869.7,-11.714355,27.910278,-6.2302551,-1.0391541,0.27923584,0.16021729,-0.0045776367,-0.0045776367,-0.0045776367,-0.0045776367,-0.0045776367,-0.0045776367,-0.0045776367,-0.0045776367,-0.0045776367,-0.0045776367,-0.0045776367,-0.0045776367,-0.0045776367,-0.0045776367,-0.0045776367,-0.0045776367,-0.0045776367,-0.0045776367,2710869.7
2845913159200,11.133192,0,40.652321,43.669029,39.53994,32.124054,32.99382,33.808655,34.866104,33.945984,33.804077,30.915543,33.66674,33.64843,38.038452,38.134583,34.476997,35.026321,34.417488,34.348824,38.432137,34.884415,34.719612,34.554817,33.685051,38.647285,2710889.7,41.929504,46.466011,40.739296,31.048294,29.899292,30.082397,31.963837,30.448616,30.247192,28.539711,30.357063,29.862671,35.323875,34.22522,32.284279,31.968414,31.963837,31.020828,34.728767,32.192719,31.17189,32.261391,31.300072,34.692146,2710889.7,-20.805664,38.631256,-9.1966248,-2.5131531,0.74615479,-0.70953369,-0.0045776367,-0.0045776367,-0.0045776367,-0.0045776367,-0.0045776367,-0.0045776367,-0.0045776367,-0.0045776367,-0.0045776367,-0.0045776367,-0.0045776367,-0.0045776367,-0.0045776367,-0.0045776367,-0.0045776367,-0.0045776367,-0.0045776367,-0.0045776367,2710889.7
2845933148256,11.153181,0,40.652321,43.659874,39.535362,32.124054,32.989243,33.808655,34.861526,33.945984,33.804077,30.910965,33.66674,33.653008,38.038452,38.134583,34.476997,35.026321,34.41291,34.348824,38.436714,34.888992,34.719612,34.554817,33.685051,38.642708,2710909.7,41.943237,46.488899,40.725563,31.057449,29.899292,30.086975,31.963837,30.476082,30.265511,28.535133,30.366219,29.858093,35.310143,34.234375,32.284279,31.968414,31.963837,31.025406,34.751663,32.188141,31.158157,32.261391,31.309227,34.705879,2710909.7,-25.722137,42.73288,-11.677734,-3.4378662,0.12359619,0.15106201,-0.0045776367,-0.0045776367,-0.0045776367,-0.0045776367,-0.0045776367,-0.0045776367,-0.0045776367,-0.0045776367,-0.0045776367,-0.0045776367,-0.0045776367,-0.0045776367,-0.0045776367,-0.0045776367,-0.0045776367,-0.0045776367,-0.0045776367,-0.0045776367,2710909.7
2845953135232,11.173168,0,40.652321,43.669029,39.53994,32.119476,32.99382,33.813232,34.866104,33.945984,33.804077,30.910965,33.662163,33.643852,38.04303,38.13916,34.47242,35.035477,34.408333,34.348824,38.445869,34.888992,34.719612,34.554817,33.685051,38.647285,2710929.7,41.93866,46.493477,40.775925,31.062027,29.917603,30.073242,31.959259,30.453194,30.224304,28.544289,30.361641,29.862671,35.29641,34.22522,32.311745,31.97757,31.954681,31.025406,34.733345,32.160675,31.17189,32.275124,31.313805,34.715034,2710929.7,-36.5896,44.737915,-14.131378,-4.5731201,-0.068664551,0.59051514,-0.0045776367,-0.0045776367,-0.0045776367,-0.0045776367,-0.0045776367,-0.0045776367,-0.0045776367,-0.0045776367,-0.0045776367,-0.0045776367,-0.0045776367,-0.0045776367,-0.0045776367,-0.0045776367,-0.0045776367,-0.0045776367,-0.0045776367,-0.0045776367,2710929.7
2845973158432,11.193191,0,40.647743,43.678185,39.530785,32.124054,32.989243,33.804077,34.861526,33.950562,33.7995,30.906387,33.66674,33.64843,38.04303,38.134583,34.47242,35.040054,34.41291,34.344246,38.432137,34.888992,34.719612,34.559395,33.685051,38.642708,2710949.7,41.961548,46.479744,40.730141,31.043716,29.90387,30.07782,31.963837,30.444038,30.260933,28.544289,30.366219,29.839783,35.300987,34.238953,32.284279,31.963837,31.959259,31.020828,34.756241,32.174408,31.15358,32.265968,31.290916,34.705879,2710949.7,-41.405365,43.602661,-15.010315,-4.6280518,0.13275146,-0.23345947,-0.0045776367,-0.0045776367,-0.0045776367,-0.0045776367,-0.0045776367,-0.0045776367,-0.0045776367,-0.0045776367,-0.0045776367,-0.0045776367,-0.0045776367,-0.0045776367,-0.0045776367,-0.0045776367,-0.0045776367,-0.0045776367,-0.0045776367,-0.0045776367,2710949.7
2845993146176,11.213179,0,40.647743,43.682762,39.544518,32.119476,32.99382,33.813232,34.866104,33.950562,33.794922,30.910965,33.662163,33.64843,38.04303,38.13916,34.476997,35.026321,34.417488,34.348824,38.432137,34.888992,34.715034,34.554817,33.689629,38.651863,2710969.7,41.979858,46.479744,40.762192,31.071182,29.899292,30.059509,31.963837,30.476082,30.210571,28.548866,30.361641,29.84436,35.29641,34.24353,32.275124,31.97757,31.982147,31.011673,34.756241,32.174408,31.15358,32.256813,31.286339,34.710457,2710969.7,-44.280151,41.432831,-15.67865,-5.690094,-0.032043457,0.23345947,-0.0045776367,-0.0045776367,-0.0045776367,-0.0045776367,-0.0045776367,-0.0045776367,-0.0045776367,-0.0045776367,-0.0045776367,-0.0045776367,-0.0045776367,-0.0045776367,-0.0045776367,-0.0045776367,-0.0045776367,-0.0045776367,-0.0045776367,-0.0045776367,2710969.7
2846013116640,11.233149,0,40.656898,43.673607,39.544518,32.124054,32.989243,33.808655,34.861526,33.941406,33.804077,30.90181,33.66674,33.653008,38.038452,38.134583,34.47242,35.030899,34.41291,34.357979,38.432137,34.89357,34.719612,34.55024,33.694206,38.63813,2710989.7,41.947815,46.516365,40.762192,31.080338,29.894714,30.07782,31.968414,30.462349,30.228882,28.539711,30.347908,29.853516,35.29641,34.252693,32.298012,31.968414,31.963837,31.016251,34.751663,32.183563,31.15358,32.265968,31.286339,34.719612,2710989.7,-45.864044,39.848938,-15.898376,-5.4245911,0.38909912,-0.19683838,-0.0045776367,-0.0045776367,-0.0045776367,-0.0045776367,-0.0045776367,-0.0045776367,-0.0045776367,-0.0045776367,-0.0045776367,-0.0045776367,-0.0045776367,-0.0045776367,-0.0045776367,-0.0045776367,-0.0045776367,-0.0045776367,-0.0045776367,-0.0045776367,2710989.7
2846033295552,11.253328,0,40.656898,43.682762,39.544518,32.119476,32.99382,33.808655,34.866104,33.945984,33.7995,30.906387,33.66674,33.653008,38.038452,38.130005,34.476997,35.030899,34.417488,34.353401,38.432137,34.884415,34.710457,34.554817,33.685051,38.642708,2711009.7,41.952393,46.52552,40.743874,31.062027,29.92218,30.091553,31.954681,30.462349,30.247192,28.539711,30.361641,29.862671,35.300987,34.234375,32.311745,31.954681,31.97757,31.016251,34.737923,32.192719,31.15358,32.252235,31.304649,34.696724,2711009.7,-45.342178,37.706573,-17.180145,-4.335083,0.45318604,0.16021729,-0.0045776367,-0.0045776367,-0.0045776367,-0.0045776367,-0.0045776367,-0.0045776367,-0.0045776367,-0.0045776367,-0.0045776367,-0.0045776367,-0.0045776367,-0.0045776367,-0.0045776367,-0.0045776367,-0.0045776367,-0.0045776367,-0.0045776367,-0.0045776367,2711009.7
2846053128960,11.273161,0,40.652321,43.682762,39.53994,32.128632,32.989243,33.804077,34.856949,33.936829,33.804077,30.906387,33.662163,33.653008,38.04303,38.13916,34.47242,35.035477,34.41291,34.348824,38.432137,34.888992,34.715034,34.554817,33.685051,38.647285,2711029.7,41.975281,46.548409,40.743874,31.071182,29.90387,30.07782,31.963837,30.466927,30.260933,28.530556,30.361641,29.848938,35.300987,34.24353,32.302589,31.963837,31.963837,31.025406,34.747078,32.197296,31.167313,32.265968,31.290916,34.705879,2711029.7,-42.522308,31.984436,-15.413147,-0.93841553,0.39825439,0.16021729,-0.0045776367,-0.0045776367,-0.0045776367,-0.0045776367,-0.0045776367,-0.0045776367,-0.0045776367,-0.0045776367,-0.0045776367,-0.0045776367,-0.0045776367,-0.0045776367,-0.0045776367,-0.0045776367,-0.0045776367,-0.0045776367,-0.0045776367,-0.0045776367,2711029.7
2846073113888,11.293146,0,40.656898,43.682762,39.544518,32.128632,32.989243,33.804077,34.866104,33.936829,33.7995,30.910965,33.662163,33.643852,38.038452,38.13916,34.47242,35.030899,34.41291,34.353401,38.436714,34.89357,34.719612,34.55024,33.689629,38.642708,2711049.7,41.984436,46.548409,40.775925,31.080338,29.92218,30.09613,31.959259,30.448616,30.242615,28.535133,30.357063,29.853516,35.31472,34.252693,32.284279,31.968414,31.968414,31.025406,34.760818,32.16983,31.158157,32.252235,31.290916,34.715034,2711049.7,-39.134827,29.576569,-15.468079,0.38909912,0.16021729,0.14190674,-0.0045776367,-0.0045776367,-0.0045776367,-0.0045776367,-0.0045776367,-0.0045776367,-0.0045776367,-0.0045776367,-0.0045776367,-0.0045776367,-0.0045776367,-0.0045776367,-0.0045776367,-0.0045776367,-0.0045776367,-0.0045776367,-0.0045776367,-0.0045776367,2711049.7
2846093156672,11.313189,0,40.652321,43.68734,39.549095,32.124054,32.99382,33.813232,34.861526,33.945984,33.7995,30.906387,33.662163,33.653008,38.047607,38.13916,34.47242,35.030899,34.408333,34.353401,38.427559,34.884415,34.719612,34.55024,33.694206,38.647285,2711069.7,41.975281,46.575874,40.766769,31.062027,29.913025,30.07782,31.954681,30.466927,30.233459,28.539711,30.366219,29.858093,35.323875,34.252693,32.284279,31.982147,31.963837,31.029984,34.7425,32.178986,31.162735,32.261391,31.304649,34.719612,2711069.7,-29.777985,26.088348,-12.950317,3.2913818,0.37078857,-0.068664551,-0.0045776367,-0.0045776367,-0.0045776367,-0.0045776367,-0.0045776367,-0.0045776367,-0.0045776367,-0.0045776367,-0.0045776367,-0.0045776367,-0.0045776367,-0.0045776367,-0.0045776367,-0.0045776367,-0.0045776367,-0.0045776367,-0.0045776367,-0.0045776367,2711069.7
2846113134912,11.333167,0,40.656898,43.68734,39.553673,32.119476,32.99382,33.804077,34.870682,33.950562,33.7995,30.906387,33.66674,33.64843,38.047607,38.134583,34.481575,35.026321,34.41291,34.357979,38.436714,34.884415,34.715034,34.554817,33.689629,38.642708,2711089.7,41.961548,46.580452,40.794235,31.066605,29.894714,30.082397,31.963837,30.471504,30.260933,28.539711,30.357063,29.858093,35.323875,34.24353,32.288857,31.968414,31.968414,31.025406,34.747078,32.188141,31.139847,32.256813,31.304649,34.72419,2711089.7,-24.705872,24.641785,-11.192505,4.5548096,-0.050354004,0.12359619,-0.0045776367,-0.0045776367,-0.0045776367,-0.0045776367,-0.0045776367,-0.0045776367,-0.0045776367,-0.0045776367,-0.0045776367,-0.0045776367,-0.0045776367,-0.0045776367,-0.0045776367,-0.0045776367,-0.0045776367,-0.0045776367,-0.0045776367,-0.0045776367,2711089.7
2846133134848,11.353167,0,40.661476,43.68734,39.549095,32.124054,32.99382,33.808655,34.861526,33.945984,33.7995,30.910965,33.662163,33.64843,38.047607,38.13916,34.476997,35.026321,34.417488,34.353401,38.436714,34.888992,34.719612,34.554817,33.689629,38.642708,2711109.7,41.993591,46.580452,40.775925,31.084915,29.908447,30.082397,31.963837,30.476082,30.256355,28.535133,30.366219,29.848938,35.29641,34.252693,32.279701,31.954681,31.954681,31.029984,34.7425,32.160675,31.149002,32.288857,31.290916,34.701302,2711109.7,-13.884186,20.686646,-7.1641235,5.3513489,0.26092529,-0.47149658,-0.0045776367,-0.0045776367,-0.0045776367,-0.0045776367,-0.0045776367,-0.0045776367,-0.0045776367,-0.0045776367,-0.0045776367,-0.0045776367,-0.0045776367,-0.0045776367,-0.0045776367,-0.0045776367,-0.0045776367,-0.0045776367,-0.0045776367,-0.0045776367,2711109.7
2846153121440,11.373154,0,40.656898,43.701073,39.544518,32.124054,32.989243,33.808655,34.866104,33.950562,33.804077,30.910965,33.66674,33.653008,38.04303,38.13916,34.47242,35.026321,34.41291,34.357979,38.436714,34.884415,34.715034,34.554817,33.689629,38.647285,2711129.7,41.975281,46.594185,40.780502,31.07576,29.908447,30.09613,31.963837,30.444038,30.242615,28.544289,30.361641,29.848938,35.305565,34.24353,32.284279,31.968414,31.963837,31.043716,34.7425,32.174408,31.149002,32.261391,31.277184,34.705879,2711129.7,-8.4733276,18.461884,-4.6738281,5.3421936,0.16021729,0.4989624,-0.0045776367,-0.0045776367,-0.0045776367,-0.0045776367,-0.0045776367,-0.0045776367,-0.0045776367,-0.0045776367,-0.0045776367,-0.0045776367,-0.0045776367,-0.0045776367,-0.0045776367,-0.0045776367,-0.0045776367,-0.0045776367,-0.0045776367,-0.0045776367,2711129.7
2846173131520,11.393164,0,40.656898,43.701073,39.544518,32.128632,32.99382,33.804077,34.866104,33.941406,33.804077,30.906387,33.662163,33.64843,38.047607,38.143738,34.476997,35.035477,34.417488,34.353401,38.436714,34.884415,34.715034,34.554817,33.694206,38.647285,2711149.7,41.975281,46.607918,40.789658,31.080338,29.899292,30.082397,31.972992,30.462349,30.270088,28.544289,30.361641,29.848938,35.300987,34.252693,32.302589,31.986725,31.950104,31.034561,34.765396,32.188141,31.158157,32.270546,31.309227,34.705879,2711149.7,-4.1519775,15.559631,-2.174408,4.9851074,0.37078857,0.050354004,-0.0045776367,-0.0045776367,-0.0045776367,-0.0045776367,-0.0045776367,-0.0045776367,-0.0045776367,-0.0045776367,-0.0045776367,-0.0045776367,-0.0045776367,-0.0045776367,-0.0045776367,-0.0045776367,-0.0045776367,-0.0045776367,-0.0045776367,-0.0045776367,2711149.7
2846193167040,11.413199,0,40.666054,43.710228,39.549095,32.128632,32.984665,33.808655,34.861526,33.941406,33.804077,30.910965,33.66674,33.653008,38.04303,38.143738,34.476997,35.035477,34.41291,34.344246,38.436714,34.884415,34.715034,34.554817,33.689629,38.647285,2711169.7,41.970703,46.635384,40.807968,31.09407,29.913025,30.073242,31.959259,30.480659,30.238037,28.539711,30.357063,29.871826,35.310143,34.22522,32.307167,31.97757,31.954681,31.034561,34.756241,32.178986,31.149002,32.270546,31.295494,34.715034,2711169.7,0.2243042,9.004364,0.50811768,2.5497742,0.37994385,-0.51727295,-0.0045776367,-0.0045776367,-0.0045776367,-0.0045776367,-0.0045776367,-0.0045776367,-0.0045776367,-0.0045776367,-0.0045776367,-0.0045776367,-0.0045776367,-0.0045776367,-0.0045776367,-0.0045776367,-0.0045776367,-0.0045776367,-0.0045776367,-0.0045776367,2711169.7
2846213147584,11.43318,0,40.666054,43.701073,39.544518,32.124054,32.99382,33.808655,34.866104,33.945984,33.7995,30.906387,33.66674,33.64843,38.04303,38.143738,34.476997,35.040054,34.41291,34.353401,38.432137,34.884415,34.715034,34.554817,33.689629,38.642708,2711189.7,41.975281,46.653694,40.807968,31.084915,29.917603,30.073242,31.959259,30.471504,30.233459,28.544289,30.357063,29.848938,35.333031,34.248108,32.298012,31.963837,31.959259,31.016251,34.7425,32.156097,31.149002,32.252235,31.295494,34.696724,2711189.7,3.1723633,4.8660889,3.4104004,0.85601807,0.6362915,-0.022888184,-0.0045776367,-0.0045776367,-0.0045776367,-0.0045776367,-0.0045776367,-0.0045776367,-0.0045776367,-0.0045776367,-0.0045776367,-0.0045776367,-0.0045776367,-0.0045776367,-0.0045776367,-0.0045776367,-0.0045776367,-0.0045776367,-0.0045776367,-0.0045776367,2711189.7
2846233298656,11.453331,0,40.666054,43.701073,39.544518,32.128632,32.989243,33.808655,34.861526,33.950562,33.804077,30.906387,33.66674,33.653008,38.038452,38.13916,34.476997,35.030899,34.417488,34.348824,38.436714,34.884415,34.719612,34.554817,33.689629,38.63813,2711209.7,41.970703,46.672005,40.821701,31.103226,29.894714,30.091553,31.950104,30.476082,30.242615,28.544289,30.357063,29.848938,35.31472,34.252693,32.293434,31.972992,31.950104,31.011673,34.756241,32.174408,31.15358,32.265968,31.286339,34.72419,2711209.7,4.2526855,-0.48980713,3.1998291,-3.4195557,0.2243042,-0.47149658,-0.0045776367,-0.0045776367,-0.0045776367,-0.0045776367,-0.0045776367,-0.0045776367,-0.0045776367,-0.0045776367,-0.0045776367,-0.0045776367,-0.0045776367,-0.0045776367,-0.0045776367,-0.0045776367,-0.0045776367,-0.0045776367,-0.0045776367,-0.0045776367,2711209.7
2846253135264,11.473168,0,40.670631,43.714806,39.553673,32.128632,32.99382,33.808655,34.870682,33.945984,33.7995,30.915543,33.662163,33.657585,38.04303,38.134583,34.47242,35.030899,34.41291,34.353401,38.436714,34.884415,34.715034,34.554817,33.689629,38.642708,2711229.7,41.979858,46.685738,40.803391,31.089493,29.90387,30.086975,31.959259,30.462349,30.283821,28.535133,30.389107,29.848938,35.319298,34.252693,32.275124,31.963837,31.959259,31.025406,34.756241,32.165253,31.167313,32.265968,31.286339,34.701302,2711229.7,3.2456055,-6.6788635,2.275116,-5.4612122,0.39825439,-0.46234131,-0.0045776367,-0.0045776367,-0.0045776367,-0.0045776367,-0.0045776367,-0.0045776367,-0.0045776367,-0.0045776367,-0.0045776367,-0.0045776367,-0.0045776367,-0.0045776367,-0.0045776367,-0.0045776367,-0.0045776367,-0.0045776367,-0.0045776367,-0.0045776367,2711229.7
2846273121024,11.493153,0,40.666054,43.710228,39.549095,32.124054,32.989243,33.808655,34.866104,33.945984,33.7995,30.910965,33.66674,33.657585,38.04303,38.134583,34.476997,35.035477,34.422066,34.344246,38.436714,34.888992,34.710457,34.563972,33.694206,38.642708,2711249.7,41.975281,46.704048,40.794235,31.084915,29.90387,30.068665,31.968414,30.476082,30.238037,28.544289,30.361641,29.862671,35.328453,34.234375,32.279701,31.972992,31.954681,31.020828,34.747078,32.183563,31.15358,32.265968,31.295494,34.701302,2711249.7,3.1357422,-11.338989,-0.26092529,-9.5079041,-0.29754639,-0.14190674,-0.0045776367,-0.0045776367,-0.0045776367,-0.0045776367,-0.0045776367,-0.0045776367,-0.0045776367,-0.0045776367,-0.0045776367,-0.0045776367,-0.0045776367,-0.0045776367,-0.0045776367,-0.0045776367,-0.0045776367,-0.0045776367,-0.0045776367,-0.0045776367,2711249.7
2846293145184,11.513178,0,40.666054,43.714806,39.553673,32.124054,32.984665,33.804077,34.870682,33.945984,33.804077,30.910965,33.662163,33.653008,38.04303,38.134583,34.476997,35.030899,34.41291,34.353401,38.432137,34.888992,34.710457,34.554817,33.689629,38.642708,2711269.7,41.984436,46.722359,40.807968,31.098648,29.899292,30.091553,31.968414,30.457771,30.251778,28.535133,30.375374,29.858093,35.333031,34.248108,32.293434,31.97757,31.963837,31.016251,34.751663,32.165253,31.149002,32.279701,31.277184,34.696724,2711269.7,1.2222595,-13.517975,-3.6942139,-10.3685,0.20599365,-0.37078857,-0.0045776367,-0.0045776367,-0.0045776367,-0.0045776367,-0.0045776367,-0.0045776367,-0.0045776367,-0.0045776367,-0.0045776367,-0.0045776367,-0.0045776367,-0.0045776367,-0.0045776367,-0.0045776367,-0.0045776367,-0.0045776367,-0.0045776367,-0.0045776367,2711269.7
2846313102720,11.533135,0,40.661476,43.714806,39.549095,32.124054,32.99382,33.804077,34.866104,33.945984,33.7995,30.90181,33.66674,33.643852,38.04303,38.134583,34.476997,35.030899,34.422066,34.348824,38.436714,34.884415,34.715034,34.559395,33.689629,38.647285,2711289.7,41.966125,46.713203,40.812546,31.080338,29.913025,30.07782,31.940948,30.457771,30.265511,28.535133,30.357063,29.867249,35.310143,34.234375,32.279701,31.991302,31.954681,31.048294,34.728767,32.16983,31.162735,32.275124,31.281761,34.701302,2711289.7,0.068664551,-15.67865,-7.9331665,-11.522095,-0.15106201,0.04119873,-0.0045776367,-0.0045776367,-0.0045776367,-0.0045776367,-0.0045776367,-0.0045776367,-0.0045776367,-0.0045776367,-0.0045776367,-0.0045776367,-0.0045776367,-0.0045776367,-0.0045776367,-0.0045776367,-0.0045776367,-0.0045776367,-0.0045776367,-0.0045776367,2711289.7
2846333126048,11.553158,0,40.670631,43.719383,39.55825,32.119476,32.989243,33.7995,34.870682,33.950562,33.804077,30.906387,33.66674,33.64843,38.04303,38.13916,34.47242,35.030899,34.41291,34.344246,38.432137,34.884415,34.710457,34.559395,33.694206,38.63813,2711309.7,41.952393,46.758987,40.803391,31.098648,29.913025,30.086975,31.968414,30.471504,30.256355,28.535133,30.361641,29.862671,35.31472,34.238953,32.279701,31.97757,31.959259,31.025406,34.7425,32.165253,31.162735,32.279701,31.290916,34.705879,2711309.7,-0.44403076,-21.071198,-14.854645,-13.536285,0.19683838,0.022888184,-0.0045776367,-0.0045776367,-0.0045776367,-0.0045776367,-0.0045776367,-0.0045776367,-0.0045776367,-0.0045776367,-0.0045776367,-0.0045776367,-0.0045776367,-0.0045776367,-0.0045776367,-0.0045776367,-0.0045776367,-0.0045776367,-0.0045776367,-0.0045776367,2711309.7
2846353119520,11.573152,0,40.670631,43.728539,39.567406,32.124054,32.980087,33.804077,34.861526,33.950562,33.804077,30.906387,33.662163,33.653008,38.04303,38.134583,34.47242,35.030899,34.417488,34.348824,38.436714,34.884415,34.715034,34.559395,33.689629,38.651863,2711329.7,41.993591,46.75441,40.794235,31.112381,29.92218,30.091553,31.963837,30.476082,30.242615,28.539711,30.361641,29.858093,35.31472,34.229797,32.284279,31.963837,31.945526,31.034561,34.756241,32.178986,31.17189,32.265968,31.309227,34.682991,2711329.7,0.89263916,-22.398712,-19.377441,-13.627838,-0.032043457,-0.31585693,-0.0045776367,-0.0045776367,-0.0045776367,-0.0045776367,-0.0045776367,-0.0045776367,-0.0045776367,-0.0045776367,-0.0045776367,-0.0045776367,-0.0045776367,-0.0045776367,-0.0045776367,-0.0045776367,-0.0045776367,-0.0045776367,-0.0045776367,-0.0045776367,2711329.7
2846373130624,11.593163,0,40.670631,43.733116,39.53994,32.133209,32.989243,33.804077,34.866104,33.950562,33.7995,30.906387,33.66674,33.64843,38.047607,38.134583,34.467842,35.030899,34.41291,34.348824,38.432137,34.888992,34.710457,34.554817,33.694206,38.647285,2711349.7,41.998169,46.77272,40.798813,31.103226,29.90387,30.082397,31.959259,30.476082,30.265511,28.548866,30.375374,29.84436,35.310143,34.24353,32.293434,31.963837,31.945526,31.029984,34.751663,32.160675,31.144424,32.270546,31.286339,34.715034,2711349.7,4.637207,-27.049683,-26.97641,-12.227051,0.59051514,0.022888184,-0.0045776367,-0.0045776367,-0.0045776367,-0.0045776367,-0.0045776367,-0.0045776367,-0.0045776367,-0.0045776367,-0.0045776367,-0.0045776367,-0.0045776367,-0.0045776367,-0.0045776367,-0.0045776367,-0.0045776367,-0.0045776367,-0.0045776367,-0.0045776367,2711349.7
2846393118848,11.613151,0,40.675209,43.737694,39.567406,32.124054,32.984665,33.804077,34.866104,33.945984,33.7995,30.906387,33.671318,33.653008,38.033875,38.13916,34.476997,35.040054,34.41291,34.353401,38.441292,34.89357,34.715034,34.554817,33.694206,38.647285,2711369.7,41.998169,46.823074,40.803391,31.098648,29.913025,30.07782,31.959259,30.480659,30.247192,28.548866,30.375374,29.862671,35.282677,34.248108,32.279701,31.97757,31.950104,31.043716,34.728767,32.16983,31.144424,32.256813,31.286339,34.705879,2711369.7,7.2373657,-28.81665,-30.226593,-11.18335,0.75531006,0.37994385,-0.0045776367,-0.0045776367,-0.0045776367,-0.0045776367,-0.0045776367,-0.0045776367,-0.0045776367,-0.0045776367,-0.0045776367,-0.0045776367,-0.0045776367,-0.0045776367,-0.0045776367,-0.0045776367,-0.0045776367,-0.0045776367,-0.0045776367,-0.0045776367,2711369.7
2846413141088,11.633174,0,40.670631,43.737694,39.55825,32.128632,32.989243,33.808655,34.866104,33.945984,33.794922,30.906387,33.662163,33.653008,38.04303,38.143738,34.476997,35.035477,34.41291,34.353401,38.436714,34.879837,34.719612,34.554817,33.689629,38.647285,2711389.7,41.989014,46.823074,40.821701,31.098648,29.917603,30.100708,31.945526,30.466927,30.265511,28.548866,30.366219,29.848938,35.319298,34.257271,32.288857,31.97757,31.950104,31.016251,34.737923,32.188141,31.167313,32.24765,31.286339,34.719612,2711389.7,12.703125,-30.693512,-35.390259,-9.7459412,0.56304932,0.58135986,-0.0045776367,-0.0045776367,-0.0045776367,-0.0045776367,-0.0045776367,-0.0045776367,-0.0045776367,-0.0045776367,-0.0045776367,-0.0045776367,-0.0045776367,-0.0045776367,-0.0045776367,-0.0045776367,-0.0045776367,-0.0045776367,-0.0045776367,-0.0045776367,2711389.7
2846433277696,11.65331,0,40.675209,43.737694,39.544518,32.128632,32.984665,33.808655,34.870682,33.941406,33.7995,30.906387,33.66674,33.657585,38.04303,38.130005,34.47242,35.035477,34.417488,34.353401,38.441292,34.884415,34.710457,34.559395,33.694206,38.642708,2711409.7,42.002747,46.818497,40.826279,31.09407,29.913025,30.082397,31.968414,30.476082,30.238037,28.539711,30.370796,29.858093,35.328453,34.248108,32.279701,31.963837,31.940948,31.034561,34.737923,32.178986,31.139847,32.270546,31.309227,34.705879,2711409.7,11.659424,-30.693512,-33.806366,-9.6910095,0.37994385,0.79193115,-0.0045776367,-0.0045776367,-0.0045776367,-0.0045776367,-0.0045776367,-0.0045776367,-0.0045776367,-0.0045776367,-0.0045776367,-0.0045776367,-0.0045776367,-0.0045776367,-0.0045776367,-0.0045776367,-0.0045776367,-0.0045776367,-0.0045776367,-0.0045776367,2711409.7
2846453107456,11.67314,0,40.670631,43.737694,39.553673,32.124054,32.989243,33.804077,34.866104,33.945984,33.7995,30.906387,33.66674,33.653008,38.038452,38.134583,34.476997,35.040054,34.41291,34.348824,38.436714,34.884415,34.715034,34.554817,33.694206,38.642708,2711429.7,42.007324,46.859695,40.826279,31.098648,29.894714,30.064087,31.968414,30.462349,30.251778,28.535133,30.352486,29.862671,35.323875,34.24353,32.293434,31.97757,31.950104,31.011673,34.719612,32.165253,31.15358,32.265968,31.290916,34.701302,2711429.7,11.641113,-30.849152,-30.666046,-9.672699,0.27008057,0.26092529,-0.0045776367,-0.0045776367,-0.0045776367,-0.0045776367,-0.0045776367,-0.0045776367,-0.0045776367,-0.0045776367,-0.0045776367,-0.0045776367,-0.0045776367,-0.0045776367,-0.0045776367,-0.0045776367,-0.0045776367,-0.0045776367,-0.0045776367,-0.0045776367,2711429.7
2846473089408,11.693122,0,40.666054,43.751434,39.553673,32.124054,32.989243,33.804077,34.866104,33.945984,33.7995,30.90181,33.662163,33.653008,38.038452,38.13916,34.476997,35.021744,34.417488,34.348824,38.427559,34.884415,34.715034,34.55024,33.694206,38.647285,2711449.7,41.989014,46.855118,40.830856,31.09407,29.894714,30.054932,31.954681,30.476082,30.247192,28.525978,30.366219,29.862671,35.319298,34.24353,32.302589,31.968414,31.959259,31.011673,34.737923,32.183563,31.167313,32.275124,31.290916,34.696724,2711449.7,11.146729,-30.070953,-23.836121,-10.899506,0.25177002,-0.01373291,-0.0045776367,-0.0045776367,-0.0045776367,-0.0045776367,-0.0045776367,-0.0045776367,-0.0045776367,-0.0045776367,-0.0045776367,-0.0045776367,-0.0045776367,-0.0045776367,-0.0045776367,-0.0045776367,-0.0045776367,-0.0045776367,-0.0045776367,-0.0045776367,2711449.7
2846493152896,11.713185,0,40.670631,43.746849,39.55825,32.128632,32.984665,33.7995,34.870682,33.941406,33.7995,30.906387,33.662163,33.657585,38.04303,38.13916,34.476997,35.035477,34.422066,34.353401,38.432137,34.888992,34.715034,34.554817,33.689629,38.642708,2711469.7,42.007324,46.868851,40.849167,31.103226,29.908447,30.07782,31.954681,30.476082,30.251778,28.530556,30.366219,29.876404,35.319298,34.24353,32.298012,31.97757,31.954681,31.029984,34.760818,32.16983,31.144424,32.256813,31.300072,34.715034,2711469.7,11.348145,-28.889893,-21.071198,-11.219971,0.068664551,0.27008057,-0.0045776367,-0.0045776367,-0.0045776367,-0.0045776367,-0.0045776367,-0.0045776367,-0.0045776367,-0.0045776367,-0.0045776367,-0.0045776367,-0.0045776367,-0.0045776367,-0.0045776367,-0.0045776367,-0.0045776367,-0.0045776367,-0.0045776367,-0.0045776367,2711469.7
2846513115328,11.733148,0,40.675209,43.751434,39.562828,32.124054,32.99382,33.804077,34.866104,33.945984,33.7995,30.906387,33.66674,33.653008,38.047607,38.134583,34.47242,35.035477,34.417488,34.348824,38.436714,34.884415,34.710457,34.554817,33.685051,38.642708,2711489.7,42.016479,46.887161,40.858322,31.112381,29.90387,30.050354,31.968414,30.471504,30.265511,28.525978,30.375374,29.862671,35.31472,34.248108,32.288857,31.959259,31.950104,31.039139,34.747078,32.156097,31.17189,32.275124,31.290916,34.701302,2711489.7,11.000244,-27.360962,-17.299164,-12.089722,0.48065186,0.2243042,-0.0045776367,-0.0045776367,-0.0045776367,-0.0045776367,-0.0045776367,-0.0045776367,-0.0045776367,-0.0045776367,-0.0045776367,-0.0045776367,-0.0045776367,-0.0045776367,-0.0045776367,-0.0045776367,-0.0045776367,-0.0045776367,-0.0045776367,-0.0045776367,2711489.7
2846533102304,11.753135,0,40.670631,43.756012,39.55825,32.128632,32.984665,33.808655,34.866104,33.945984,33.804077,30.906387,33.671318,33.64843,38.038452,38.13916,34.476997,35.040054,34.41291,34.353401,38.441292,34.884415,34.705879,34.554817,33.689629,38.647285,2711509.7,41.993591,46.891739,40.853745,31.098648,29.90387,30.091553,31.963837,30.453194,30.228882,28.539711,30.370796,29.862671,35.310143,34.220642,32.298012,31.972992,31.950104,31.029984,34.751663,32.178986,31.162735,32.265968,31.313805,34.696724,2711509.7,11.219971,-26.875702,-14.213776,-11.897461,0.6362915,0.050354004,-0.0045776367,-0.0045776367,-0.0045776367,-0.0045776367,-0.0045776367,-0.0045776367,-0.0045776367,-0.0045776367,-0.0045776367,-0.0045776367,-0.0045776367,-0.0045776367,-0.0045776367,-0.0045776367,-0.0045776367,-0.0045776367,-0.0045776367,-0.0045776367,2711509.7
2846553125504,11.773158,0,40.675209,43.756012,39.55825,32.128632,32.989243,33.804077,34.866104,33.941406,33.804077,30.910965,33.66674,33.653008,38.038452,38.143738,34.476997,35.035477,34.417488,34.353401,38.441292,34.884415,34.715034,34.55024,33.685051,38.647285,2711529.7,42.011902,46.896317,40.88121,31.107803,29.90387,30.091553,31.963837,30.476082,30.260933,28.548866,30.366219,29.858093,35.300987,34.252693,32.298012,31.97757,31.963837,31.016251,34.756241,32.16983,31.158157,32.261391,31.281761,34.701302,2711529.7,10.112152,-24.284729,-9.471283,-11.558716,0.14190674,-0.10528564,-0.0045776367,-0.0045776367,-0.0045776367,-0.0045776367,-0.0045776367,-0.0045776367,-0.0045776367,-0.0045776367,-0.0045776367,-0.0045776367,-0.0045776367,-0.0045776367,-0.0045776367,-0.0045776367,-0.0045776367,-0.0045776367,-0.0045776367,-0.0045776367,2711529.7
2846573104992,11.793137,0,40.670631,43.751434,39.567406,32.124054,32.99382,33.804077,34.870682,33.945984,33.804077,30.910965,33.671318,33.653008,38.038452,38.13916,34.476997,35.035477,34.417488,34.353401,38.436714,34.884415,34.715034,34.554817,33.685051,38.642708,2711549.7,42.043945,46.919205,40.867477,31.09407,29.899292,30.07782,31.950104,30.476082,30.247192,28.544289,30.357063,29.853516,35.310143,34.229797,32.293434,31.991302,31.950104,31.020828,34.760818,32.160675,31.144424,32.275124,31.286339,34.715034,2711549.7,8.9951782,-22.49942,-6.358429,-11.119263,0.23345947,-0.022888184,-0.0045776367,-0.0045776367,-0.0045776367,-0.0045776367,-0.0045776367,-0.0045776367,-0.0045776367,-0.0045776367,-0.0045776367,-0.0045776367,-0.0045776367,-0.0045776367,-0.0045776367,-0.0045776367,-0.0045776367,-0.0045776367,-0.0045776367,-0.0045776367,2711549.7
2846593095296,11.813128,0,40.675209,43.76059,39.562828,32.128632,32.980087,33.804077,34.866104,33.941406,33.7995,30.90181,33.662163,33.64843,38.038452,38.143738,34.476997,35.035477,34.417488,34.344246,38.436714,34.89357,34.719612,34.55024,33.685051,38.642708,2711569.7,42.043945,46.937515,40.844589,31.116959,29.913025,30.091553,31.954681,30.462349,30.233459,28.535133,30.347908,29.853516,35.305565,34.24353,32.311745,31.968414,31.972992,31.029984,34.751663,32.160675,31.149002,32.256813,31.304649,34.687569,2711569.7,8.2902222,-20.256348,-4.1977539,-10.121307,0.54473877,-0.45318604,-0.0045776367,-0.0045776367,-0.0045776367,-0.0045776367,-0.0045776367,-0.0045776367,-0.0045776367,-0.0045776367,-0.0045776367,-0.0045776367,-0.0045776367,-0.0045776367,-0.0045776367,-0.0045776367,-0.0045776367,-0.0045776367,-0.0045776367,-0.0045776367,2711569.7
2846613122720,11.833155,0,40.679787,43.765167,39.571983,32.128632,32.980087,33.804077,34.861526,33.950562,33.7995,30.910965,33.66674,33.643852,38.04303,38.134583,34.476997,35.030899,34.417488,34.353401,38.436714,34.89357,34.715034,34.554817,33.689629,38.642708,2711589.7,42.016479,46.932938,40.867477,31.112381,29.913025,30.086975,31.959259,30.462349,30.247192,28.530556,30.338753,29.858093,35.337608,34.248108,32.288857,31.982147,31.945526,31.007095,34.747078,32.178986,31.15358,32.261391,31.286339,34.696724,2711589.7,4.5731201,-15.632874,0.32501221,-8.8853149,0.050354004,0.10528564,-0.0045776367,-0.0045776367,-0.0045776367,-0.0045776367,-0.0045776367,-0.0045776367,-0.0045776367,-0.0045776367,-0.0045776367,-0.0045776367,-0.0045776367,-0.0045776367,-0.0045776367,-0.0045776367,-0.0045776367,-0.0045776367,-0.0045776367,-0.0045776367,2711589.7
2846633286240,11.853319,0,40.675209,43.765167,39.567406,32.128632,32.984665,33.808655,34.866104,33.950562,33.794922,30.910965,33.66674,33.657585,38.04303,38.143738,34.476997,35.030899,34.422066,34.348824,38.432137,34.888992,34.710457,34.55024,33.685051,38.647285,2711609.7,42.057678,46.932938,40.890366,31.098648,29.913025,30.068665,31.954681,30.480659,30.260933,28.539711,30.334175,29.858093,35.29641,34.24353,32.302589,31.986725,31.959259,31.034561,34.751663,32.16983,31.15358,32.275124,31.300072,34.710457,2711609.7,3.4012451,-12.831299,4.4724121,-7.7409058,0.096130371,-0.47149658,-0.0045776367,-0.0045776367,-0.0045776367,-0.0045776367,-0.0045776367,-0.0045776367,-0.0045776367,-0.0045776367,-0.0045776367,-0.0045776367,-0.0045776367,-0.0045776367,-0.0045776367,-0.0045776367,-0.0045776367,-0.0045776367,-0.0045776367,-0.0045776367,2711609.7
2846653117856,11.87315,0,40.684364,43.774323,39.571983,32.124054,32.980087,33.7995,34.866104,33.941406,33.7995,30.910965,33.662163,33.653008,38.038452,38.13916,34.476997,35.035477,34.422066,34.353401,38.436714,34.888992,34.715034,34.554817,33.689629,38.647285,2711629.7,42.053101,46.969559,40.876633,31.103226,29.908447,30.091553,31.972992,30.453194,30.260933,28.544289,30.361641,29.853516,35.305565,34.266426,32.270546,31.959259,31.972992,31.029984,34.737923,32.160675,31.15358,32.265968,31.295494,34.705879,2711629.7,0.25177002,-3.9505615,10.130463,-3.3463135,-1.0849304,-0.059509277,-0.0045776367,-0.0045776367,-0.0045776367,-0.0045776367,-0.0045776367,-0.0045776367,-0.0045776367,-0.0045776367,-0.0045776367,-0.0045776367,-0.0045776367,-0.0045776367,-0.0045776367,-0.0045776367,-0.0045776367,-0.0045776367,-0.0045776367,-0.0045776367,2711629.7
2846673136800,11.893169,0,40.679787,43.7789,39.567406,32.128632,32.984665,33.7995,34.870682,33.945984,33.7995,30.906387,33.66674,33.643852,38.047607,38.13916,34.476997,35.040054,34.422066,34.353401,38.436714,34.884415,34.715034,34.559395,33.689629,38.647285,2711649.7,42.062256,46.978714,40.894943,31.107803,29.90387,30.105286,31.963837,30.457771,30.251778,28.539711,30.366219,29.867249,35.31472,34.229797,32.298012,31.97757,31.945526,31.034561,34.737923,32.174408,31.15358,32.265968,31.286339,34.701302,2711649.7,-0.89263916,-1.1490173,11.934082,-1.0940857,-0.88348389,-0.23345947,-0.0045776367,-0.0045776367,-0.0045776367,-0.0045776367,-0.0045776367,-0.0045776367,-0.0045776367,-0.0045776367,-0.0045776367,-0.0045776367,-0.0045776367,-0.0045776367,-0.0045776367,-0.0045776367,-0.0045776367,-0.0045776367,-0.0045776367,-0.0045776367,2711649.7
2846693084512,11.913117,0,40.688942,43.7789,39.576561,32.128632,32.984665,33.790344,34.870682,33.945984,33.7995,30.910965,33.66674,33.64843,38.038452,38.143738,34.476997,35.035477,34.41291,34.348824,38.432137,34.884415,34.715034,34.554817,33.685051,38.651863,2711669.7,42.057678,46.987869,40.917831,31.116959,29.899292,30.09613,31.963837,30.471504,30.242615,28.535133,30.384529,29.858093,35.333031,34.229797,32.293434,31.963837,31.950104,31.029984,34.747078,32.188141,31.162735,32.261391,31.309227,34.701302,2711669.7,-4.5548096,4.3900146,13.481354,3.6942139,-0.80108643,0.40740967,-0.0045776367,-0.0045776367,-0.0045776367,-0.0045776367,-0.0045776367,-0.0045776367,-0.0045776367,-0.0045776367,-0.0045776367,-0.0045776367,-0.0045776367,-0.0045776367,-0.0045776367,-0.0045776367,-0.0045776367,-0.0045776367,-0.0045776367,-0.0045776367,2711669.7
2846713088320,11.933121,0,40.688942,43.7789,39.571983,32.128632,32.984665,33.7995,34.870682,33.950562,33.804077,30.906387,33.66674,33.657585,38.038452,38.13916,34.486153,35.026321,34.417488,34.353401,38.436714,34.888992,34.715034,34.554817,33.685051,38.642708,2711689.7,42.043945,46.978714,40.917831,31.107803,29.917603,30.059509,31.940948,30.471504,30.251778,28.530556,30.361641,29.84436,35.300987,34.252693,32.275124,31.972992,31.972992,31.016251,34.747078,32.201874,31.158157,32.256813,31.304649,34.710457,2711689.7,-4.1885986,4.2069092,13.765167,5.4703674,-0.84686279,0.38909912,-0.0045776367,-0.0045776367,-0.0045776367,-0.0045776367,-0.0045776367,-0.0045776367,-0.0045776367,-0.0045776367,-0.0045776367,-0.0045776367,-0.0045776367,-0.0045776367,-0.0045776367,-0.0045776367,-0.0045776367,-0.0045776367,-0.0045776367,-0.0045776367,2711689.7
2846733104992,11.953137,0,40.684364,43.788055,39.585716,32.133209,32.989243,33.7995,34.870682,33.945984,33.7995,30.910965,33.662163,33.64843,38.04303,38.134583,34.476997,35.044632,34.417488,34.353401,38.432137,34.888992,34.715034,34.554817,33.685051,38.642708,2711709.7,42.085144,46.987869,40.922409,31.103226,29.926758,30.082397,31.954681,30.462349,30.247192,28.530556,30.361641,29.858093,35.31472,34.238953,32.288857,31.99588,31.954681,31.029984,34.751663,32.183563,31.15358,32.252235,31.290916,34.728767,2711709.7,-4.032959,4.8111572,13.115143,7.1732788,-0.3616333,0.086975098,-0.0045776367,-0.0045776367,-0.0045776367,-0.0045776367,-0.0045776367,-0.0045776367,-0.0045776367,-0.0045776367,-0.0045776367,-0.0045776367,-0.0045776367,-0.0045776367,-0.0045776367,-0.0045776367,-0.0045776367,-0.0045776367,-0.0045776367,-0.0045776367,2711709.7
2846753138176,11.973171,0,40.688942,43.788055,39.585716,32.128632,32.989243,33.794922,34.861526,33.950562,33.7995,30.910965,33.66674,33.653008,38.04303,38.13916,34.476997,35.035477,34.417488,34.348824,38.436714,34.884415,34.719612,34.559395,33.689629,38.642708,2711729.7,42.089722,47.033646,40.917831,31.112381,29.899292,30.07782,31.963837,30.471504,30.247192,28.544289,30.375374,29.84436,35.319298,34.238953,32.293434,31.954681,31.931793,31.020828,34.765396,32.16983,31.162735,32.265968,31.286339,34.719612,2711729.7,-1.3962097,10.148773,6.1387024,7.1824341,-0.6729126,0.51727295,-0.0045776367,-0.0045776367,-0.0045776367,-0.0045776367,-0.0045776367,-0.0045776367,-0.0045776367,-0.0045776367,-0.0045776367,-0.0045776367,-0.0045776367,-0.0045776367,-0.0045776367,-0.0045776367,-0.0045776367,-0.0045776367,-0.0045776367,-0.0045776367,2711729.7
2846773114048,11.993146,0,40.684364,43.788055,39.585716,32.128632,32.984665,33.7995,34.866104,33.941406,33.794922,30.906387,33.671318,33.653008,38.038452,38.143738,34.481575,35.030899,34.417488,34.348824,38.432137,34.884415,34.715034,34.55024,33.689629,38.642708,2711749.7,42.085144,47.042801,40.913254,31.121536,29.90387,30.064087,31.954681,30.480659,30.274666,28.539711,30.361641,29.853516,35.310143,34.252693,32.293434,31.972992,31.954681,31.034561,34.733345,32.197296,31.162735,32.275124,31.290916,34.719612,2711749.7,-2.3666687,12.108032,2.5589294,5.3238831,-0.38909912,0.21514893,-0.0045776367,-0.0045776367,-0.0045776367,-0.0045776367,-0.0045776367,-0.0045776367,-0.0045776367,-0.0045776367,-0.0045776367,-0.0045776367,-0.0045776367,-0.0045776367,-0.0045776367,-0.0045776367,-0.0045776367,-0.0045776367,-0.0045776367,-0.0045776367,2711749.7
2846793099136,12.013132,0,40.688942,43.801788,39.594872,32.128632,32.984665,33.808655,34.861526,33.945984,33.7995,30.906387,33.66674,33.653008,38.04303,38.13916,34.486153,35.030899,34.422066,34.353401,38.432137,34.888992,34.715034,34.554817,33.685051,38.647285,2711769.7,42.080566,47.042801,40.922409,31.130692,29.917603,30.073242,31.950104,30.462349,30.251778,28.539711,30.352486,29.858093,35.305565,34.24353,32.293434,31.963837,31.959259,31.029984,34.756241,32.188141,31.17189,32.270546,31.309227,34.701302,2711769.7,-5.3696594,16.978699,-1.4969177,1.8265076,-0.93841553,0.54473877,-0.0045776367,-0.0045776367,-0.0045776367,-0.0045776367,-0.0045776367,-0.0045776367,-0.0045776367,-0.0045776367,-0.0045776367,-0.0045776367,-0.0045776367,-0.0045776367,-0.0045776367,-0.0045776367,-0.0045776367,-0.0045776367,-0.0045776367,-0.0045776367,2711769.7
2846813269344,12.033302,0,40.702675,43.797211,39.590294,32.128632,32.970932,33.794922,34.870682,33.950562,33.7995,30.906387,33.662163,33.653008,38.04303,38.13916,34.476997,35.030899,34.422066,34.344246,38.432137,34.884415,34.710457,34.554817,33.685051,38.642708,2711789.7,42.080566,47.047379,40.94072,31.103226,29.913025,30.086975,31.972992,30.448616,30.256355,28.535133,30.375374,29.858093,35.300987,34.24353,32.307167,31.968414,31.963837,31.048294,34.747078,32.178986,31.167313,32.24765,31.290916,34.710457,2711789.7,-7.0634155,18.654144,-4.802002,0.93841553,0.04119873,0.43487549,-0.0045776367,-0.0045776367,-0.0045776367,-0.0045776367,-0.0045776367,-0.0045776367,-0.0045776367,-0.0045776367,-0.0045776367,-0.0045776367,-0.0045776367,-0.0045776367,-0.0045776367,-0.0045776367,-0.0045776367,-0.0045776367,-0.0045776367,-0.0045776367,2711789.7
2846833257504,12.05329,0,40.688942,43.797211,39.599449,32.128632,32.980087,33.804077,34.861526,33.950562,33.7995,30.910965,33.66674,33.653008,38.04303,38.134583,34.481575,35.030899,34.417488,34.357979,38.432137,34.888992,34.715034,34.554817,33.694206,38.642708,2711809.7,42.089722,47.074844,40.954453,31.126114,29.92218,30.068665,31.945526,30.444038,30.247192,28.553444,30.361641,29.853516,35.310143,34.22522,32.311745,31.97757,31.954681,31.016251,34.747078,32.146942,31.17189,32.265968,31.286339,34.719612,2711809.7,-10.991058,20.924683,-7.3655396,-1.808197,-0.33416748,0.26092529,-0.0045776367,-0.0045776367,-0.0045776367,-0.0045776367,-0.0045776367,-0.0045776367,-0.0045776367,-0.0045776367,-0.0045776367,-0.0045776367,-0.0045776367,-0.0045776367,-0.0045776367,-0.0045776367,-0.0045776367,-0.0045776367,-0.0045776367,-0.0045776367,2711809.7
2846853084768,12.073117,0,40.69352,43.806366,39.599449,32.124054,32.984665,33.7995,34.866104,33.945984,33.7995,30.915543,33.671318,33.64843,38.04303,38.134583,34.481575,35.040054,34.417488,34.348824,38.436714,34.884415,34.710457,34.559395,33.694206,38.647285,2711829.7,42.103455,47.079422,40.94072,31.116959,29.90387,30.07782,31.963837,30.471504,30.242615,28.553444,30.357063,29.853516,35.305565,34.248108,32.3209,31.963837,31.950104,31.025406,34.751663,32.15152,31.190201,32.270546,31.290916,34.715034,2711829.7,-13.02359,23.753723,-8.6564331,-2.6047058,0.19683838,0.30670166,-0.0045776367,-0.0045776367,-0.0045776367,-0.0045776367,-0.0045776367,-0.0045776367,-0.0045776367,-0.0045776367,-0.0045776367,-0.0045776367,-0.0045776367,-0.0045776367,-0.0045776367,-0.0045776367,-0.0045776367,-0.0045776367,-0.0045776367,-0.0045776367,2711829.7
2846873077824,12.09311,0,40.69352,43.806366,39.599449,32.124054,32.980087,33.7995,34.866104,33.945984,33.7995,30.910965,33.662163,33.64843,38.038452,38.13916,34.481575,35.035477,34.417488,34.344246,38.441292,34.884415,34.710457,34.554817,33.689629,38.651863,2711849.7,42.085144,47.093155,40.968185,31.130692,29.913025,30.091553,31.963837,30.462349,30.238037,28.548866,30.347908,29.858093,35.31472,34.238953,32.275124,31.972992,31.945526,31.039139,34.751663,32.16983,31.149002,32.270546,31.277184,34.705879,2711849.7,-15.861755,29.988556,-10.862885,-2.4948425,0.29754639,-0.27923584,-0.0045776367,-0.0045776367,-0.0045776367,-0.0045776367,-0.0045776367,-0.0045776367,-0.0045776367,-0.0045776367,-0.0045776367,-0.0045776367,-0.0045776367,-0.0045776367,-0.0045776367,-0.0045776367,-0.0045776367,-0.0045776367,-0.0045776367,-0.0045776367,2711849.7
2846893100032,12.113132,0,40.69352,43.806366,39.599449,32.124054,32.980087,33.7995,34.870682,33.950562,33.7995,30.906387,33.671318,33.64843,38.038452,38.13916,34.481575,35.030899,34.41291,34.344246,38.436714,34.888992,34.710457,34.55024,33.689629,38.647285,2711869.7,42.075989,47.111465,40.972763,31.116959,29.917603,30.082397,31.968414,30.471504,30.265511,28.548866,30.361641,29.858093,35.319298,34.24353,32.307167,31.986725,31.959259,31.025406,34.7425,32.165253,31.162735,32.288857,31.300072,34.710457,2711869.7,-21.675446,37.816437,-14.991974,-0.13275146,-0.14190674,0.11444092,-0.0045776367,-0.0045776367,-0.0045776367,-0.0045776367,-0.0045776367,-0.0045776367,-0.0045776367,-0.0045776367,-0.0045776367,-0.0045776367,-0.0045776367,-0.0045776367,-0.0045776367,-0.0045776367,-0.0045776367,-0.0045776367,-0.0045776367,-0.0045776367,2711869.7
2846913080896,12.133113,0,40.688942,43.801788,39.608604,32.128632,32.97551,33.804077,34.870682,33.950562,33.804077,30.915543,33.66674,33.653008,38.04303,38.134583,34.486153,35.030899,34.41291,34.348824,38.432137,34.884415,34.715034,34.554817,33.689629,38.647285,2711889.7,42.085144,47.111465,41.000229,31.126114,29.908447,30.082397,31.945526,30.466927,30.256355,28.553444,30.361641,29.862671,35.305565,34.257271,32.293434,31.986725,31.982147,31.029984,34.756241,32.174408,31.144424,32.243073,31.286339,34.710457,2711889.7,-23.97345,38.558014,-15.788513,0.92926025,0.15106201,0.37078857,-0.0045776367,-0.0045776367,-0.0045776367,-0.0045776367,-0.0045776367,-0.0045776367,-0.0045776367,-0.0045776367,-0.0045776367,-0.0045776367,-0.0045776367,-0.0045776367,-0.0045776367,-0.0045776367,-0.0045776367,-0.0045776367,-0.0045776367,-0.0045776367,2711889.7
2846933054144,12.153087,0,40.69352,43.810944,39.613182,32.124054,32.980087,33.7995,34.866104,33.950562,33.7995,30.906387,33.671318,33.64843,38.04303,38.13916,34.47242,35.035477,34.422066,34.348824,38.432137,34.884415,34.715034,34.554817,33.694206,38.647285,2711909.7,42.094299,47.120621,40.995651,31.130692,29.92218,30.100708,31.97757,30.462349,30.247192,28.539711,30.347908,29.858093,35.319298,34.229797,32.302589,31.963837,31.959259,31.025406,34.751663,32.160675,31.15358,32.275124,31.304649,34.696724,2711909.7,-26.454559,40.956726,-16.33783,6.092926,0.17852783,0.38909912,-0.0045776367,-0.0045776367,-0.0045776367,-0.0045776367,-0.0045776367,-0.0045776367,-0.0045776367,-0.0045776367,-0.0045776367,-0.0045776367,-0.0045776367,-0.0045776367,-0.0045776367,-0.0045776367,-0.0045776367,-0.0045776367,-0.0045776367,-0.0045776367,2711909.7
2846953087008,12.173119,0,40.69352,43.824677,39.608604,32.128632,32.980087,33.7995,34.866104,33.945984,33.794922,30.906387,33.662163,33.64843,38.04303,38.143738,34.481575,35.030899,34.422066,34.348824,38.436714,34.888992,34.719612,34.55024,33.689629,38.647285,2711929.7,42.098877,47.161819,40.981918,31.135269,29.92218,30.059509,31.968414,30.462349,30.247192,28.539711,30.357063,29.858093,35.305565,34.24353,32.298012,31.982147,31.959259,31.034561,34.760818,32.183563,31.162735,32.298012,31.300072,34.692146,2711929.7,-27.013062,40.91095,-15.861755,7.3106079,-0.068664551,0.42572021,-0.0045776367,-0.0045776367,-0.0045776367,-0.0045776367,-0.0045776367,-0.0045776367,-0.0045776367,-0.0045776367,-0.0045776367,-0.0045776367,-0.0045776367,-0.0045776367,-0.0045776367,-0.0045776367,-0.0045776367,-0.0045776367,-0.0045776367,-0.0045776367,2711929.7
2846973229568,12.193262,0,40.69352,43.815521,39.613182,32.124054,32.980087,33.7995,34.866104,33.945984,33.7995,30.906387,33.662163,33.653008,38.04303,38.143738,34.481575,35.035477,34.426643,34.348824,38.436714,34.884415,34.715034,34.554817,33.689629,38.642708,2711949.7,42.085144,47.148087,41.000229,31.121536,29.92218,30.07782,31.954681,30.462349,30.256355,28.553444,30.370796,29.853516,35.323875,34.24353,32.293434,31.968414,31.945526,31.025406,34.7425,32.165253,31.15358,32.265968,31.290916,34.719612,2711949.7,-26.967255,41.06662,-15.065247,9.9382019,0.30670166,0.76446533,-0.0045776367,-0.0045776367,-0.0045776367,-0.0045776367,-0.0045776367,-0.0045776367,-0.0045776367,-0.0045776367,-0.0045776367,-0.0045776367,-0.0045776367,-0.0045776367,-0.0045776367,-0.0045776367,-0.0045776367,-0.0045776367,-0.0045776367,-0.0045776367,2711949.7
2846993073376,12.213106,0,40.688942,43.815521,39.61776,32.124054,32.980087,33.794922,34.870682,33.945984,33.7995,30.910965,33.66674,33.64843,38.04303,38.143738,34.486153,35.030899,34.422066,34.348824,38.432137,34.888992,34.715034,34.559395,33.689629,38.647285,2711969.7,42.098877,47.166397,40.986496,31.135269,29.908447,30.073242,31.968414,30.457771,30.270088,28.544289,30.375374,29.858093,35.31472,34.216064,32.298012,31.972992,31.959259,31.016251,34.733345,32.188141,31.149002,32.261391,31.277184,34.710457,2711969.7,-27.168701,41.487762,-13.948273,10.835419,0.25177002,-0.37994385,-0.0045776367,-0.0045776367,-0.0045776367,-0.0045776367,-0.0045776367,-0.0045776367,-0.0045776367,-0.0045776367,-0.0045776367,-0.0045776367,-0.0045776367,-0.0045776367,-0.0045776367,-0.0045776367,-0.0045776367,-0.0045776367,-0.0045776367,-0.0045776367,2711969.7
2847013098432,12.233131,0,40.698097,43.833832,39.61776,32.133209,32.97551,33.7995,34.870682,33.950562,33.790344,30.906387,33.662163,33.657585,38.033875,38.13916,34.486153,35.040054,34.422066,34.348824,38.436714,34.888992,34.719612,34.55024,33.685051,38.63813,2711989.7,42.098877,47.184708,41.018539,31.139847,29.908447,30.086975,31.959259,30.453194,30.247192,28.544289,30.361641,29.848938,35.319298,34.257271,32.298012,31.97757,31.963837,31.025406,34.751663,32.165253,31.158157,32.265968,31.300072,34.692146,2711989.7,-26.060883,41.771576,-12.602417,11.68689,-0.032043457,0.35247803,-0.0045776367,-0.0045776367,-0.0045776367,-0.0045776367,-0.0045776367,-0.0045776367,-0.0045776367,-0.0045776367,-0.0045776367,-0.0045776367,-0.0045776367,-0.0045776367,-0.0045776367,-0.0045776367,-0.0045776367,-0.0045776367,-0.0045776367,-0.0045776367,2711989.7
2847033228320,12.253261,0,40.698097,43.833832,39.622337,32.128632,32.980087,33.7995,34.866104,33.945984,33.7995,30.906387,33.66674,33.657585,38.033875,38.13916,34.481575,35.035477,34.417488,34.348824,38.432137,34.879837,34.719612,34.554817,33.685051,38.642708,2712009.7,42.121765,47.184708,41.023117,31.130692,29.894714,30.07782,31.97757,30.453194,30.265511,28.544289,30.375374,29.858093,35.328453,34.238953,32.307167,31.972992,31.950104,31.025406,34.747078,32.16983,31.15358,32.265968,31.290916,34.705879,2712009.7,-23.515686,41.469452,-9.7825623,13.50882,-0.6729126,-0.086975098,-0.0045776367,-0.0045776367,-0.0045776367,-0.0045776367,-0.0045776367,-0.0045776367,-0.0045776367,-0.0045776367,-0.0045776367,-0.0045776367,-0.0045776367,-0.0045776367,-0.0045776367,-0.0045776367,-0.0045776367,-0.0045776367,-0.0045776367,-0.0045776367,2712009.7
2847053068608,12.273101,0,40.698097,43.829254,39.622337,32.119476,32.970932,33.7995,34.870682,33.941406,33.7995,30.90181,33.66674,33.657585,38.04303,38.134583,34.476997,35.035477,34.422066,34.344246,38.436714,34.888992,34.710457,34.559395,33.685051,38.642708,2712029.7,42.13092,47.207596,41.046005,31.135269,29.917603,30.086975,31.968414,30.462349,30.251778,28.530556,30.375374,29.848938,35.310143,34.257271,32.279701,31.97757,31.950104,31.039139,34.751663,32.174408,31.15358,32.279701,31.300072,34.719612,2712029.7,-21.153595,40.737,-7.0725708,13.957428,0.80108643,0.75531006,-0.0045776367,-0.0045776367,-0.0045776367,-0.0045776367,-0.0045776367,-0.0045776367,-0.0045776367,-0.0045776367,-0.0045776367,-0.0045776367,-0.0045776367,-0.0045776367,-0.0045776367,-0.0045776367,-0.0045776367,-0.0045776367,-0.0045776367,-0.0045776367,2712029.7
2847073078496,12.293111,0,40.688942,43.842987,39.626915,32.128632,32.97551,33.794922,34.866104,33.945984,33.7995,30.906387,33.66674,33.653008,38.04303,38.143738,34.47242,35.035477,34.417488,34.348824,38.432137,34.888992,34.710457,34.559395,33.685051,38.642708,2712049.7,42.117188,47.193863,41.082626,31.139847,29.908447,30.082397,31.959259,30.466927,30.219727,28.544289,30.366219,29.853516,35.328453,34.252693,32.298012,31.97757,31.963837,31.025406,34.7425,32.174408,31.15358,32.252235,31.304649,34.696724,2712049.7,-16.017395,40.25177,-3.4012451,12.913696,-0.39825439,0.086975098,-0.0045776367,-0.0045776367,-0.0045776367,-0.0045776367,-0.0045776367,-0.0045776367,-0.0045776367,-0.0045776367,-0.0045776367,-0.0045776367,-0.0045776367,-0.0045776367,-0.0045776367,-0.0045776367,-0.0045776367,-0.0045776367,-0.0045776367,-0.0045776367,2712049.7
2847093068160,12.313101,0,40.698097,43.833832,39.63607,32.133209,32.984665,33.804077,34.866104,33.945984,33.7995,30.910965,33.66674,33.662163,38.04303,38.134583,34.481575,35.035477,34.422066,34.348824,38.432137,34.89357,34.710457,34.554817,33.689629,38.642708,2712069.7,42.126343,47.203018,41.046005,31.126114,29.92218,30.086975,31.950104,30.471504,30.256355,28.530556,30.389107,29.853516,35.31472,34.252693,32.3209,31.963837,31.950104,31.034561,34.747078,32.156097,31.158157,32.270546,31.304649,34.72419,2712069.7,-12.007324,39.098206,0.78277588,12.858765,-0.42572021,0.6729126,-0.0045776367,-0.0045776367,-0.0045776367,-0.0045776367,-0.0045776367,-0.0045776367,-0.0045776367,-0.0045776367,-0.0045776367,-0.0045776367,-0.0045776367,-0.0045776367,-0.0045776367,-0.0045776367,-0.0045776367,-0.0045776367,-0.0045776367,-0.0045776367,2712069.7
2847113061568,12.333094,0,40.69352,43.842987,39.631493,32.133209,32.980087,33.794922,34.870682,33.955139,33.7995,30.906387,33.66674,33.64843,38.04303,38.13916,34.481575,35.030899,34.422066,34.344246,38.432137,34.884415,34.715034,34.554817,33.694206,38.63813,2712089.7,42.126343,47.184708,41.055161,31.121536,29.90387,30.09613,31.968414,30.476082,30.270088,28.525978,30.361641,29.853516,35.305565,34.24353,32.279701,31.972992,31.963837,31.034561,34.737923,32.146942,31.162735,32.265968,31.290916,34.701302,2712089.7,-3.6484375,35.838867,4.5181885,8.8670044,-0.56304932,0.17852783,-0.0045776367,-0.0045776367,-0.0045776367,-0.0045776367,-0.0045776367,-0.0045776367,-0.0045776367,-0.0045776367,-0.0045776367,-0.0045776367,-0.0045776367,-0.0045776367,-0.0045776367,-0.0045776367,-0.0045776367,-0.0045776367,-0.0045776367,-0.0045776367,2712089.7
2847133064608,12.353097,0,40.698097,43.838409,39.63607,32.124054,32.970932,33.794922,34.866104,33.945984,33.7995,30.906387,33.66674,33.66674,38.04303,38.143738,34.481575,35.040054,34.417488,34.357979,38.432137,34.879837,34.715034,34.554817,33.689629,38.642708,2712109.7,42.149231,47.235062,41.073471,31.121536,29.913025,30.073242,31.972992,30.476082,30.260933,28.535133,30.352486,29.858093,35.328453,34.257271,32.311745,31.959259,31.954681,31.025406,34.756241,32.160675,31.144424,32.261391,31.300072,34.710457,2712109.7,0.3616333,34.016937,6.9718323,6.6880188,-0.34332275,-0.18768311,-0.0045776367,-0.0045776367,-0.0045776367,-0.0045776367,-0.0045776367,-0.0045776367,-0.0045776367,-0.0045776367,-0.0045776367,-0.0045776367,-0.0045776367,-0.0045776367,-0.0045776367,-0.0045776367,-0.0045776367,-0.0045776367,-0.0045776367,-0.0045776367,2712109.7
2847153055552,12.373088,0,40.702675,43.838409,39.640648,32.133209,32.980087,33.794922,34.866104,33.950562,33.7995,30.910965,33.66674,33.657585,38.038452,38.143738,34.481575,35.035477,34.422066,34.344246,38.436714,34.888992,34.715034,34.554817,33.685051,38.647285,2712129.7,42.162964,47.267113,41.100937,31.144424,29.92218,30.086975,31.972992,30.448616,30.265511,28.535133,30.352486,29.858093,35.31472,34.22522,32.307167,31.972992,31.959259,31.034561,34.747078,32.16983,31.158157,32.275124,31.295494,34.715034,2712129.7,4.435791,30.748444,7.9331665,4.1611328,-0.41656494,0.11444092,-0.0045776367,-0.0045776367,-0.0045776367,-0.0045776367,-0.0045776367,-0.0045776367,-0.0045776367,-0.0045776367,-0.0045776367,-0.0045776367,-0.0045776367,-0.0045776367,-0.0045776367,-0.0045776367,-0.0045776367,-0.0045776367,-0.0045776367,-0.0045776367,2712129.7
2847173052064,12.393085,0,40.707253,43.847565,39.63607,32.128632,32.980087,33.7995,34.870682,33.945984,33.7995,30.906387,33.671318,33.653008,38.038452,38.148315,34.481575,35.030899,34.422066,34.348824,38.436714,34.884415,34.719612,34.554817,33.689629,38.651863,2712149.7,42.140076,47.285423,41.110092,31.139847,29.913025,30.073242,31.959259,30.457771,30.251778,28.548866,30.375374,29.862671,35.323875,34.234375,32.293434,31.968414,31.945526,31.034561,34.737923,32.174408,31.167313,32.261391,31.277184,34.701302,2712149.7,8.9585571,25.493256,9.004364,-1.5701599,-0.01373291,-0.068664551,-0.0045776367,-0.0045776367,-0.0045776367,-0.0045776367,-0.0045776367,-0.0045776367,-0.0045776367,-0.0045776367,-0.0045776367,-0.0045776367,-0.0045776367,-0.0045776367,-0.0045776367,-0.0045776367,-0.0045776367,-0.0045776367,-0.0045776367,-0.0045776367,2712149.7
2847193065760,12.413098,0,40.702675,43.85672,39.645226,32.124054,32.97551,33.804077,34.870682,33.950562,33.794922,30.906387,33.662163,33.643852,38.038452,38.13916,34.481575,35.035477,34.426643,34.357979,38.436714,34.888992,34.715034,34.554817,33.689629,38.647285,2712169.7,42.158386,47.27169,41.119247,31.135269,29.913025,30.082397,31.968414,30.466927,30.238037,28.544289,30.375374,29.853516,35.310143,34.238953,32.298012,31.968414,31.945526,31.039139,34.756241,32.178986,31.162735,32.252235,31.281761,34.715034,2712169.7,9.9107361,22.728302,9.1783142,-3.9139404,0.19683838,0.31585693,-0.0045776367,-0.0045776367,-0.0045776367,-0.0045776367,-0.0045776367,-0.0045776367,-0.0045776367,-0.0045776367,-0.0045776367,-0.0045776367,-0.0045776367,-0.0045776367,-0.0045776367,-0.0045776367,-0.0045776367,-0.0045776367,-0.0045776367,-0.0045776367,2712169.7
2847213058656,12.433091,0,40.698097,43.852142,39.654381,32.128632,32.980087,33.7995,34.866104,33.950562,33.7995,30.915543,33.671318,33.653008,38.04303,38.148315,34.481575,35.021744,34.422066,34.353401,38.436714,34.888992,34.710457,34.554817,33.689629,38.647285,2712189.7,42.172119,47.27169,41.091782,31.144424,29.917603,30.07782,31.963837,30.453194,30.233459,28.539711,30.361641,29.853516,35.31472,34.252693,32.275124,31.972992,31.959259,31.029984,34.747078,32.188141,31.15358,32.252235,31.286339,34.705879,2712189.7,8.6747437,14.717316,7.0084839,-7.2373657,0.18768311,-0.3616333,-0.0045776367,-0.0045776367,-0.0045776367,-0.0045776367,-0.0045776367,-0.0045776367,-0.0045776367,-0.0045776367,-0.0045776367,-0.0045776367,-0.0045776367,-0.0045776367,-0.0045776367,-0.0045776367,-0.0045776367,-0.0045776367,-0.0045776367,-0.0045776367,2712189.7
2847233246432,12.453279,0,40.707253,43.861298,39.654381,32.128632,32.980087,33.804077,34.866104,33.936829,33.794922,30.910965,33.66674,33.657585,38.038452,38.13916,34.486153,35.035477,34.422066,34.344246,38.436714,34.888992,34.710457,34.559395,33.685051,38.642708,2712209.7,42.153809,47.308311,41.137558,31.139847,29.931335,30.082397,31.97757,30.471504,30.251778,28.525978,30.361641,29.84436,35.319298,34.24353,32.298012,31.972992,31.959259,31.025406,34.737923,32.160675,31.17189,32.270546,31.300072,34.710457,2712209.7,6.4499817,10.222015,4.9667969,-9.0501404,-0.40740967,0.23345947,-0.0045776367,-0.0045776367,-0.0045776367,-0.0045776367,-0.0045776367,-0.0045776367,-0.0045776367,-0.0045776367,-0.0045776367,-0.0045776367,-0.0045776367,-0.0045776367,-0.0045776367,-0.0045776367,-0.0045776367,-0.0045776367,-0.0045776367,-0.0045776367,2712209.7
2847253072640,12.473105,0,40.716408,43.85672,39.654381,32.128632,32.980087,33.804077,34.866104,33.955139,33.794922,30.90181,33.66674,33.653008,38.033875,38.148315,34.481575,35.035477,34.422066,34.353401,38.432137,34.884415,34.719612,34.559395,33.694206,38.651863,2712229.7,42.162964,47.299156,41.128403,31.139847,29.913025,30.091553,31.936371,30.457771,30.242615,28.539711,30.357063,29.858093,35.310143,34.234375,32.293434,31.968414,31.959259,31.025406,34.747078,32.160675,31.162735,32.270546,31.286339,34.710457,2712229.7,1.5518494,0.18768311,0.19683838,-11.723511,0.17852783,-0.068664551,-0.0045776367,-0.0045776367,-0.0045776367,-0.0045776367,-0.0045776367,-0.0045776367,-0.0045776367,-0.0045776367,-0.0045776367,-0.0045776367,-0.0045776367,-0.0045776367,-0.0045776367,-0.0045776367,-0.0045776367,-0.0045776367,-0.0045776367,-0.0045776367,2712229.7
2847273048800,12.493081,0,40.716408,43.865875,39.654381,32.133209,32.97551,33.794922,34.870682,33.945984,33.790344,30.910965,33.662163,33.653008,38.038452,38.13916,34.486153,35.035477,34.426643,34.348824,38.436714,34.884415,34.715034,34.554817,33.694206,38.647285,2712249.7,42.167542,47.3312,41.142136,31.149002,29.935913,30.082397,31.959259,30.476082,30.238037,28.539711,30.357063,29.84436,35.31472,34.24353,32.307167,31.972992,31.959259,31.020828,34.7425,32.178986,31.149002,32.270546,31.290916,34.692146,2712249.7,-0.086975098,-2.9068298,-0.56304932,-12.455933,-0.022888184,-0.11444092,-0.0045776367,-0.0045776367,-0.0045776367,-0.0045776367,-0.0045776367,-0.0045776367,-0.0045776367,-0.0045776367,-0.0045776367,-0.0045776367,-0.0045776367,-0.0045776367,-0.0045776367,-0.0045776367,-0.0045776367,-0.0045776367,-0.0045776367,-0.0045776367,2712249.7
2847293045056,12.513078,0,40.707253,43.865875,39.663536,32.128632,32.97551,33.804077,34.870682,33.945984,33.7995,30.906387,33.662163,33.653008,38.033875,38.143738,34.486153,35.035477,34.417488,34.353401,38.436714,34.884415,34.710457,34.554817,33.685051,38.63813,2712269.7,42.185852,47.344933,41.146713,31.149002,29.92218,30.091553,31.954681,30.466927,30.270088,28.535133,30.366219,29.858093,35.323875,34.252693,32.307167,31.968414,31.959259,31.043716,34.7425,32.160675,31.158157,32.261391,31.295494,34.719612,2712269.7,-6.0196838,-7.7409058,-3.5477295,-13.884186,0.58135986,-0.66375732,-0.0045776367,-0.0045776367,-0.0045776367,-0.0045776367,-0.0045776367,-0.0045776367,-0.0045776367,-0.0045776367,-0.0045776367,-0.0045776367,-0.0045776367,-0.0045776367,-0.0045776367,-0.0045776367,-0.0045776367,-0.0045776367,-0.0045776367,-0.0045776367,2712269.7
2847313054848,12.533087,0,40.71183,43.870453,39.668114,32.133209,32.97551,33.7995,34.861526,33.950562,33.794922,30.906387,33.66674,33.653008,38.04303,38.13916,34.486153,35.040054,34.417488,34.344246,38.432137,34.888992,34.715034,34.559395,33.698784,38.642708,2712289.7,42.172119,47.372398,41.155869,31.139847,29.92218,30.086975,31.972992,30.471504,30.242615,28.548866,30.375374,29.858093,35.310143,34.238953,32.311745,31.963837,31.963837,31.043716,34.756241,32.16983,31.162735,32.256813,31.295494,34.728767,2712289.7,-10.21286,-12.629883,-4.9484863,-13.939117,0.2243042,-0.32501221,-0.0045776367,-0.0045776367,-0.0045776367,-0.0045776367,-0.0045776367,-0.0045776367,-0.0045776367,-0.0045776367,-0.0045776367,-0.0045776367,-0.0045776367,-0.0045776367,-0.0045776367,-0.0045776367,-0.0045776367,-0.0045776367,-0.0045776367,-0.0045776367,2712289.7
2847333053696,12.553086,0,40.71183,43.875031,39.663536,32.128632,32.966354,33.804077,34.866104,33.945984,33.804077,30.910965,33.66674,33.653008,38.038452,38.143738,34.486153,35.035477,34.426643,34.353401,38.436714,34.879837,34.715034,34.554817,33.689629,38.642708,2712309.7,42.162964,47.367821,41.174179,31.15358,29.917603,30.086975,31.963837,30.476082,30.265511,28.535133,30.352486,29.858093,35.310143,34.248108,32.307167,31.972992,31.963837,31.029984,34.760818,32.16983,31.158157,32.265968,31.286339,34.715034,2712309.7,-10.661469,-16.740662,-6.2210999,-12.03479,0.44403076,0.62713623,-0.0045776367,-0.0045776367,-0.0045776367,-0.0045776367,-0.0045776367,-0.0045776367,-0.0045776367,-0.0045776367,-0.0045776367,-0.0045776367,-0.0045776367,-0.0045776367,-0.0045776367,-0.0045776367,-0.0045776367,-0.0045776367,-0.0045776367,-0.0045776367,2712309.7
2847353066176,12.573099,0,40.716408,43.879608,39.672691,32.124054,32.97551,33.7995,34.870682,33.950562,33.7995,30.906387,33.662163,33.653008,38.04303,38.13916,34.486153,35.040054,34.417488,34.353401,38.436714,34.888992,34.705879,34.55024,33.689629,38.642708,2712329.7,42.181274,47.381554,41.174179,31.144424,29.92218,30.082397,31.968414,30.471504,30.260933,28.539711,30.361641,29.862671,35.333031,34.257271,32.311745,31.97757,31.968414,31.029984,34.756241,32.16983,31.17189,32.265968,31.304649,34.701302,2712329.7,-7.1183472,-22.087433,-6.1570129,-6.8711243,0.70953369,-0.27923584,-0.0045776367,-0.0045776367,-0.0045776367,-0.0045776367,-0.0045776367,-0.0045776367,-0.0045776367,-0.0045776367,-0.0045776367,-0.0045776367,-0.0045776367,-0.0045776367,-0.0045776367,-0.0045776367,-0.0045776367,-0.0045776367,-0.0045776367,-0.0045776367,2712329.7
2847373078976,12.593111,0,40.716408,43.875031,39.672691,32.124054,32.97551,33.794922,34.870682,33.945984,33.7995,30.906387,33.66674,33.653008,38.038452,38.143738,34.481575,35.044632,34.422066,34.348824,38.436714,34.888992,34.710457,34.559395,33.689629,38.642708,2712349.7,42.172119,47.395287,41.215378,31.135269,29.917603,30.09613,31.972992,30.457771,30.260933,28.516823,30.361641,29.853516,35.319298,34.261848,32.298012,31.968414,31.950104,31.016251,34.765396,32.160675,31.158157,32.265968,31.290916,34.692146,2712349.7,-7.2556763,-23.99176,-7.1183472,-5.122467,0.48980713,-0.25177002,-0.0045776367,-0.0045776367,-0.0045776367,-0.0045776367,-0.0045776367,-0.0045776367,-0.0045776367,-0.0045776367,-0.0045776367,-0.0045776367,-0.0045776367,-0.0045776367,-0.0045776367,-0.0045776367,-0.0045776367,-0.0045776367,-0.0045776367,-0.0045776367,2712349.7
2847393091008,12.613123,0,40.716408,43.884186,39.672691,32.128632,32.97551,33.794922,34.870682,33.945984,33.794922,30.910965,33.66674,33.64843,38.038452,38.13916,34.486153,35.040054,34.426643,34.344246,38.432137,34.888992,34.710457,34.55024,33.694206,38.642708,2712369.7,42.199585,47.413597,41.19249,31.158157,29.917603,30.086975,31.959259,30.480659,30.270088,28.539711,30.361641,29.862671,35.323875,34.22522,32.316322,31.972992,31.950104,31.016251,34.7425,32.16983,31.149002,32.256813,31.300072,34.715034,2712369.7,-6.9077454,-28.697632,-9.5811462,-4.1702881,0.83770752,-0.42572021,-0.0045776367,-0.0045776367,-0.0045776367,-0.0045776367,-0.0045776367,-0.0045776367,-0.0045776367,-0.0045776367,-0.0045776367,-0.0045776367,-0.0045776367,-0.0045776367,-0.0045776367,-0.0045776367,-0.0045776367,-0.0045776367,-0.0045776367,-0.0045776367,2712369.7
2847413044416,12.633077,0,40.725563,43.888763,39.672691,32.128632,32.97551,33.7995,34.866104,33.950562,33.794922,30.906387,33.66674,33.657585,38.038452,38.134583,34.486153,35.035477,34.417488,34.348824,38.441292,34.884415,34.715034,34.559395,33.685051,38.647285,2712389.7,42.195007,47.395287,41.2108,31.139847,29.92218,30.082397,31.97757,30.466927,30.265511,28.544289,30.366219,29.862671,35.31472,34.252693,32.298012,31.991302,31.954681,31.029984,34.760818,32.16983,31.162735,32.279701,31.281761,34.728767,2712389.7,-4.1519775,-33.055634,-11.192505,-2.0553894,1.0299988,-0.43487549,-0.0045776367,-0.0045776367,-0.0045776367,-0.0045776367,-0.0045776367,-0.0045776367,-0.0045776367,-0.0045776367,-0.0045776367,-0.0045776367,-0.0045776367,-0.0045776367,-0.0045776367,-0.0045776367,-0.0045776367,-0.0045776367,-0.0045776367,-0.0045776367,2712389.7
2847433218080,12.653251,0,40.725563,43.888763,39.681847,32.128632,32.970932,33.804077,34.870682,33.945984,33.804077,30.910965,33.66674,33.657585,38.033875,38.143738,34.486153,35.040054,34.422066,34.353401,38.436714,34.884415,34.710457,34.554817,33.685051,38.642708,2712409.7,42.176697,47.399864,41.183334,31.158157,29.917603,30.07782,31.954681,30.462349,30.238037,28.548866,30.361641,29.862671,35.323875,34.266426,32.298012,31.97757,31.945526,31.025406,34.765396,32.160675,31.167313,32.265968,31.281761,34.719612,2712409.7,-0.89263916,-39.794006,-12.758057,-0.16021729,0.45318604,0.10528564,-0.0045776367,-0.0045776367,-0.0045776367,-0.0045776367,-0.0045776367,-0.0045776367,-0.0045776367,-0.0045776367,-0.0045776367,-0.0045776367,-0.0045776367,-0.0045776367,-0.0045776367,-0.0045776367,-0.0045776367,-0.0045776367,-0.0045776367,-0.0045776367,2712409.7
2847453054304,12.673087,0,40.725563,43.884186,39.677269,32.133209,32.980087,33.7995,34.870682,33.950562,33.804077,30.915543,33.671318,33.653008,38.038452,38.13916,34.49073,35.035477,34.422066,34.348824,38.436714,34.884415,34.710457,34.554817,33.689629,38.647285,2712429.7,42.185852,47.441063,41.242844,31.144424,29.935913,30.07782,31.97757,30.462349,30.238037,28.525978,30.366219,29.848938,35.333031,34.234375,32.288857,31.972992,31.963837,31.020828,34.737923,32.174408,31.15358,32.24765,31.290916,34.701302,2712429.7,6.5690002,-54.616623,-16.795593,10.240326,0.42572021,0.11444092,-0.0045776367,-0.0045776367,-0.0045776367,-0.0045776367,-0.0045776367,-0.0045776367,-0.0045776367,-0.0045776367,-0.0045776367,-0.0045776367,-0.0045776367,-0.0045776367,-0.0045776367,-0.0045776367,-0.0045776367,-0.0045776367,-0.0045776367,-0.0045776367,2712429.7
2847473065728,12.693098,0,40.720985,43.888763,39.677269,32.128632,32.97551,33.7995,34.870682,33.950562,33.794922,30.90181,33.66674,33.653008,38.033875,38.13916,34.481575,35.044632,34.422066,34.353401,38.436714,34.884415,34.710457,34.559395,33.689629,38.651863,2712449.7,42.181274,47.441063,41.233688,31.139847,29.931335,30.07782,31.963837,30.457771,30.242615,28.553444,30.366219,29.848938,35.31472,34.234375,32.275124,31.97757,31.959259,31.034561,34.760818,32.178986,31.158157,32.252235,31.290916,34.701302,2712449.7,8.9310913,-60.66835,-19.597168,13.289093,0.48980713,0.34332275,-0.0045776367,-0.0045776367,-0.0045776367,-0.0045776367,-0.0045776367,-0.0045776367,-0.0045776367,-0.0045776367,-0.0045776367,-0.0045776367,-0.0045776367,-0.0045776367,-0.0045776367,-0.0045776367,-0.0045776367,-0.0045776367,-0.0045776367,-0.0045776367,2712449.7
2847493240416,12.713273,0,40.725563,43.907074,39.681847,32.133209,32.970932,33.794922,34.870682,33.945984,33.794922,30.906387,33.66674,33.64843,38.038452,38.13916,34.49073,35.035477,34.422066,34.348824,38.436714,34.884415,34.719612,34.559395,33.685051,38.642708,2712469.7,42.195007,47.436485,41.233688,31.144424,29.926758,30.086975,31.968414,30.439461,30.260933,28.539711,30.352486,29.853516,35.31472,34.24353,32.288857,31.954681,31.945526,31.034561,34.747078,32.174408,31.15358,32.275124,31.277184,34.72419,2712469.7,7.1275024,-64.376282,-24.751648,14.140533,0.20599365,-0.44403076,-0.0045776367,-0.0045776367,-0.0045776367,-0.0045776367,-0.0045776367,-0.0045776367,-0.0045776367,-0.0045776367,-0.0045776367,-0.0045776367,-0.0045776367,-0.0045776367,-0.0045776367,-0.0045776367,-0.0045776367,-0.0045776367,-0.0045776367,-0.0045776367,2712469.7
2847513036544,12.733069,0,40.716408,43.916229,39.681847,32.133209,32.970932,33.790344,34.866104,33.945984,33.794922,30.915543,33.662163,33.653008,38.033875,38.13916,34.49073,35.035477,34.426643,34.344246,38.432137,34.888992,34.710457,34.554817,33.685051,38.63813,2712489.7,42.185852,47.441063,41.252007,31.162735,29.92218,30.073242,31.968414,30.444038,30.260933,28.535133,30.370796,29.853516,35.323875,34.252693,32.316322,31.954681,31.954681,31.029984,34.737923,32.160675,31.149002,32.265968,31.286339,34.705879,2712489.7,3.9871826,-64.431213,-26.527802,11.714355,0.27008057,-0.21514893,-0.0045776367,-0.0045776367,-0.0045776367,-0.0045776367,-0.0045776367,-0.0045776367,-0.0045776367,-0.0045776367,-0.0045776367,-0.0045776367,-0.0045776367,-0.0045776367,-0.0045776367,-0.0045776367,-0.0045776367,-0.0045776367,-0.0045776367,-0.0045776367,2712489.7
2847533056224,12.753089,0,40.716408,43.902496,39.681847,32.128632,32.970932,33.794922,34.870682,33.945984,33.794922,30.906387,33.66674,33.653008,38.033875,38.13916,34.486153,35.035477,34.417488,34.348824,38.441292,34.884415,34.715034,34.55024,33.689629,38.642708,2712509.7,42.195007,47.445641,41.256584,31.130692,29.92218,30.07782,31.963837,30.457771,30.251778,28.539711,30.34333,29.858093,35.31472,34.252693,32.302589,31.959259,31.940948,31.020828,34.751663,32.16983,31.135269,32.256813,31.304649,34.715034,2712509.7,-4.1245117,-60.219727,-23.909363,3.3188477,0.20599365,0.31585693,-0.0045776367,-0.0045776367,-0.0045776367,-0.0045776367,-0.0045776367,-0.0045776367,-0.0045776367,-0.0045776367,-0.0045776367,-0.0045776367,-0.0045776367,-0.0045776367,-0.0045776367,-0.0045776367,-0.0045776367,-0.0045776367,-0.0045776367,-0.0045776367,2712509.7
2847553052160,12.773085,0,40.720985,43.907074,39.686424,32.128632,32.970932,33.794922,34.866104,33.950562,33.794922,30.910965,33.66674,33.657585,38.033875,38.143738,34.49073,35.035477,34.422066,34.348824,38.436714,34.879837,34.710457,34.554817,33.689629,38.642708,2712529.7,42.204163,47.473106,41.261162,31.144424,29.931335,30.082397,31.968414,30.457771,30.274666,28.535133,30.347908,29.862671,35.31472,34.24353,32.302589,31.991302,31.950104,31.039139,34.737923,32.156097,31.149002,32.270546,31.281761,34.710457,2712529.7,-8.8303833,-56.566727,-22.224762,-0.77362061,0.21514893,-0.34332275,-0.0045776367,-0.0045776367,-0.0045776367,-0.0045776367,-0.0045776367,-0.0045776367,-0.0045776367,-0.0045776367,-0.0045776367,-0.0045776367,-0.0045776367,-0.0045776367,-0.0045776367,-0.0045776367,-0.0045776367,-0.0045776367,-0.0045776367,-0.0045776367,2712529.7
2847573380224,12.793413,0,40.725563,43.897919,39.686424,32.133209,32.966354,33.7995,34.870682,33.950562,33.794922,30.910965,33.662163,33.653008,38.038452,38.143738,34.49073,35.040054,34.426643,34.344246,38.441292,34.879837,34.715034,34.554817,33.685051,38.651863,2712549.7,42.199585,47.486839,41.270317,31.15358,29.913025,30.07782,31.97757,30.466927,30.256355,28.530556,30.352486,29.876404,35.31472,34.252693,32.307167,31.982147,31.954681,31.020828,34.760818,32.188141,31.17189,32.265968,31.295494,34.696724,2712549.7,-12.483398,-54.058136,-21.290924,-10.011444,0.17852783,0.26092529,-0.0045776367,-0.0045776367,-0.0045776367,-0.0045776367,-0.0045776367,-0.0045776367,-0.0045776367,-0.0045776367,-0.0045776367,-0.0045776367,-0.0045776367,-0.0045776367,-0.0045776367,-0.0045776367,-0.0045776367,-0.0045776367,-0.0045776367,-0.0045776367,2712549.7
2847593066880,12.813099,0,40.720985,43.907074,39.691002,32.142365,32.970932,33.794922,34.870682,33.950562,33.794922,30.910965,33.66674,33.657585,38.038452,38.13916,34.49073,35.040054,34.426643,34.339668,38.441292,34.888992,34.715034,34.559395,33.689629,38.642708,2712569.7,42.176697,47.514305,41.261162,31.17189,29.913025,30.059509,31.963837,30.453194,30.247192,28.539711,30.366219,29.853516,35.328453,34.22522,32.316322,31.963837,31.950104,31.020828,34.756241,32.192719,31.162735,32.279701,31.290916,34.72419,2712569.7,-14.900421,-51.256577,-18.031586,-18.617523,0.56304932,0.04119873,-0.0045776367,-0.0045776367,-0.0045776367,-0.0045776367,-0.0045776367,-0.0045776367,-0.0045776367,-0.0045776367,-0.0045776367,-0.0045776367,-0.0045776367,-0.0045776367,-0.0045776367,-0.0045776367,-0.0045776367,-0.0045776367,-0.0045776367,-0.0045776367,2712569.7
2847613056960,12.833089,0,40.725563,43.902496,39.691002,32.137787,32.966354,33.794922,34.870682,33.945984,33.7995,30.910965,33.671318,33.657585,38.038452,38.148315,34.495308,35.035477,34.426643,34.344246,38.436714,34.879837,34.710457,34.559395,33.689629,38.642708,2712589.7,42.217896,47.50515,41.293205,31.162735,29.917603,30.086975,31.959259,30.480659,30.238037,28.530556,30.370796,29.862671,35.31472,34.234375,32.288857,31.968414,31.945526,31.043716,34.737923,32.165253,31.15358,32.275124,31.290916,34.710457,2712589.7,-12.245361,-49.617767,-15.184265,-22.087433,-0.096130371,-0.31585693,-0.0045776367,-0.0045776367,-0.0045776367,-0.0045776367,-0.0045776367,-0.0045776367,-0.0045776367,-0.0045776367,-0.0045776367,-0.0045776367,-0.0045776367,-0.0045776367,-0.0045776367,-0.0045776367,-0.0045776367,-0.0045776367,-0.0045776367,-0.0045776367,2712589.7
2847633235264,12.853268,0,40.716408,43.920807,39.691002,32.133209,32.966354,33.794922,34.875259,33.945984,33.790344,30.90181,33.66674,33.653008,38.038452,38.13916,34.486153,35.040054,34.422066,34.344246,38.436714,34.884415,34.719612,34.554817,33.685051,38.642708,2712609.7,42.199585,47.537193,41.270317,31.158157,29.917603,30.073242,31.959259,30.471504,30.242615,28.539711,30.361641,29.84436,35.328453,34.252693,32.302589,31.972992,31.954681,31.025406,34.733345,32.16983,31.158157,32.261391,31.295494,34.715034,2712609.7,-8.2719116,-45.452042,-10.524139,-25.822845,0.19683838,0.01373291,-0.0045776367,-0.0045776367,-0.0045776367,-0.0045776367,-0.0045776367,-0.0045776367,-0.0045776367,-0.0045776367,-0.0045776367,-0.0045776367,-0.0045776367,-0.0045776367,-0.0045776367,-0.0045776367,-0.0045776367,-0.0045776367,-0.0045776367,-0.0045776367,2712609.7
2847653083744,12.873116,0,40.720985,43.920807,39.69558,32.128632,32.966354,33.790344,34.866104,33.950562,33.794922,30.906387,33.66674,33.653008,38.033875,38.143738,34.49073,35.030899,34.426643,34.348824,38.436714,34.884415,34.715034,34.554817,33.689629,38.647285,2712629.7,42.19043,47.528038,41.274895,31.15358,29.940491,30.091553,31.968414,30.476082,30.247192,28.539711,30.379951,29.848938,35.31472,34.252693,32.302589,31.986725,31.963837,31.043716,34.737923,32.16983,31.162735,32.252235,31.309227,34.710457,2712629.7,-6.8161926,-42.348358,-6.4499817,-26.390472,0.73699951,-0.50811768,-0.0045776367,-0.0045776367,-0.0045776367,-0.0045776367,-0.0045776367,-0.0045776367,-0.0045776367,-0.0045776367,-0.0045776367,-0.0045776367,-0.0045776367,-0.0045776367,-0.0045776367,-0.0045776367,-0.0045776367,-0.0045776367,-0.0045776367,-0.0045776367,2712629.7
2847673059456,12.893092,0,40.725563,43.925385,39.700157,32.137787,32.966354,33.794922,34.870682,33.950562,33.794922,30.906387,33.671318,33.653008,38.038452,38.143738,34.495308,35.040054,34.426643,34.348824,38.436714,34.884415,34.715034,34.559395,33.694206,38.647285,2712649.7,42.19043,47.550926,41.293205,31.176468,29.92218,30.086975,31.963837,30.466927,30.238037,28.544289,30.352486,29.867249,35.305565,34.257271,32.284279,31.963837,31.959259,31.029984,34.7425,32.16983,31.162735,32.256813,31.295494,34.72419,2712649.7,-1.1215515,-33.595795,-0.81939697,-25.236908,0.97503662,-0.59967041,-0.0045776367,-0.0045776367,-0.0045776367,-0.0045776367,-0.0045776367,-0.0045776367,-0.0045776367,-0.0045776367,-0.0045776367,-0.0045776367,-0.0045776367,-0.0045776367,-0.0045776367,-0.0045776367,-0.0045776367,-0.0045776367,-0.0045776367,-0.0045776367,2712649.7
2847693065536,12.913098,0,40.725563,43.920807,39.704735,32.128632,32.97551,33.794922,34.866104,33.945984,33.794922,30.90181,33.66674,33.657585,38.033875,38.134583,34.486153,35.035477,34.422066,34.353401,38.436714,34.888992,34.715034,34.559395,33.698784,38.647285,2712669.7,42.227051,47.573814,41.320671,31.176468,29.92218,30.09613,31.97757,30.466927,30.260933,28.544289,30.357063,29.858093,35.31472,34.248108,32.302589,31.959259,31.954681,31.029984,34.7425,32.160675,31.176468,32.256813,31.277184,34.705879,2712669.7,-0.17852783,-27.086304,0.68206787,-24.348816,0.29754639,-0.82855225,-0.0045776367,-0.0045776367,-0.0045776367,-0.0045776367,-0.0045776367,-0.0045776367,-0.0045776367,-0.0045776367,-0.0045776367,-0.0045776367,-0.0045776367,-0.0045776367,-0.0045776367,-0.0045776367,-0.0045776367,-0.0045776367,-0.0045776367,-0.0045776367,2712669.7
2847713072064,12.933105,0,40.725563,43.925385,39.700157,32.128632,32.970932,33.794922,34.870682,33.936829,33.7995,30.910965,33.671318,33.653008,38.038452,38.13916,34.486153,35.035477,34.426643,34.348824,38.436714,34.884415,34.710457,34.559395,33.694206,38.647285,2712689.7,42.217896,47.596703,41.320671,31.17189,29.92218,30.073242,31.972992,30.476082,30.251778,28.544289,30.361641,29.853516,35.333031,34.252693,32.311745,31.97757,31.954681,31.016251,34.747078,32.16983,31.15358,32.275124,31.290916,34.701302,2712689.7,3.0350342,-20.778198,3.932251,-21.455719,-0.022888184,-0.47149658,-0.0045776367,-0.0045776367,-0.0045776367,-0.0045776367,-0.0045776367,-0.0045776367,-0.0045776367,-0.0045776367,-0.0045776367,-0.0045776367,-0.0045776367,-0.0045776367,-0.0045776367,-0.0045776367,-0.0045776367,-0.0045776367,-0.0045776367,-0.0045776367,2712689.7
2847733053024,12.953085,0,40.725563,43.920807,39.709312,32.133209,32.966354,33.7995,34.870682,33.950562,33.794922,30.910965,33.671318,33.653008,38.038452,38.148315,34.495308,35.040054,34.417488,34.344246,38.436714,34.884415,34.710457,34.554817,33.689629,38.642708,2712709.7,42.213318,47.60128,41.329826,31.162735,29.92218,30.082397,31.97757,30.480659,30.238037,28.548866,30.357063,29.862671,35.305565,34.248108,32.293434,31.968414,31.940948,31.025406,34.756241,32.165253,31.15358,32.275124,31.304649,34.728767,2712709.7,4.9393311,-5.5619202,4.6921387,-14.625763,-0.04119873,0.46234131,-0.0045776367,-0.0045776367,-0.0045776367,-0.0045776367,-0.0045776367,-0.0045776367,-0.0045776367,-0.0045776367,-0.0045776367,-0.0045776367,-0.0045776367,-0.0045776367,-0.0045776367,-0.0045776367,-0.0045776367,-0.0045776367,-0.0045776367,-0.0045776367,2712709.7
2847753259616,12.973292,0,40.725563,43.929962,39.709312,32.137787,32.966354,33.794922,34.879837,33.950562,33.794922,30.910965,33.662163,33.653008,38.038452,38.143738,34.486153,35.040054,34.426643,34.348824,38.436714,34.884415,34.715034,34.554817,33.694206,38.647285,2712729.7,42.199585,47.619591,41.366447,31.181046,29.917603,30.073242,31.968414,30.462349,30.256355,28.544289,30.366219,29.867249,35.310143,34.24353,32.288857,31.986725,31.954681,31.020828,34.7425,32.165253,31.149002,32.279701,31.295494,34.719612,2712729.7,4.2160645,0.74615479,4.4174805,-12.053101,-0.059509277,0.068664551,-0.0045776367,-0.0045776367,-0.0045776367,-0.0045776367,-0.0045776367,-0.0045776367,-0.0045776367,-0.0045776367,-0.0045776367,-0.0045776367,-0.0045776367,-0.0045776367,-0.0045776367,-0.0045776367,-0.0045776367,-0.0045776367,-0.0045776367,-0.0045776367,2712729.7
2847773258752,12.993291,0,40.730141,43.939117,39.71389,32.128632,32.957199,33.785767,34.870682,33.950562,33.794922,30.910965,33.66674,33.662163,38.033875,38.13916,34.49073,35.040054,34.435799,34.344246,38.436714,34.879837,34.715034,34.559395,33.689629,38.642708,2712749.7,42.231628,47.619591,41.371025,31.190201,29.917603,30.109863,31.972992,30.471504,30.251778,28.548866,30.352486,29.858093,35.31472,34.238953,32.293434,31.982147,31.959259,31.034561,34.747078,32.165253,31.162735,32.261391,31.290916,34.705879,2712749.7,1.304657,18.132294,1.0391541,-4.133667,-0.10528564,0.19683838,-0.0045776367,-0.0045776367,-0.0045776367,-0.0045776367,-0.0045776367,-0.0045776367,-0.0045776367,-0.0045776367,-0.0045776367,-0.0045776367,-0.0045776367,-0.0045776367,-0.0045776367,-0.0045776367,-0.0045776367,-0.0045776367,-0.0045776367,-0.0045776367,2712749.7
2847793060224,13.013093,0,40.720985,43.939117,39.71389,32.137787,32.97551,33.790344,34.866104,33.950562,33.794922,30.906387,33.671318,33.64843,38.038452,38.143738,34.49073,35.035477,34.426643,34.344246,38.436714,34.884415,34.710457,34.554817,33.685051,38.63813,2712769.7,42.227051,47.647057,41.343559,31.162735,29.92218,30.086975,31.968414,30.476082,30.265511,28.558022,30.375374,29.858093,35.305565,34.252693,32.298012,31.986725,31.950104,31.034561,34.751663,32.188141,31.144424,32.270546,31.295494,34.715034,2712769.7,-0.01373291,24.779114,-1.4694519,-0.34332275,-0.050354004,0.54473877,-0.0045776367,-0.0045776367,-0.0045776367,-0.0045776367,-0.0045776367,-0.0045776367,-0.0045776367,-0.0045776367,-0.0045776367,-0.0045776367,-0.0045776367,-0.0045776367,-0.0045776367,-0.0045776367,-0.0045776367,-0.0045776367,-0.0045776367,-0.0045776367,2712769.7
2847813029888,13.033062,0,40.730141,43.93454,39.71389,32.124054,32.961777,33.790344,34.870682,33.950562,33.790344,30.910965,33.66674,33.657585,38.033875,38.148315,34.495308,35.026321,34.422066,34.344246,38.436714,34.888992,34.710457,34.554817,33.698784,38.647285,2712789.7,42.236206,47.656212,41.338982,31.15358,29.917603,30.091553,31.972992,30.471504,30.265511,28.544289,30.357063,29.858093,35.31472,34.252693,32.298012,31.982147,31.959259,31.043716,34.751663,32.197296,31.144424,32.252235,31.286339,34.72419,2712789.7,-6.39505,36.040283,-10.69809,6.3218079,-0.28839111,-0.24261475,-0.0045776367,-0.0045776367,-0.0045776367,-0.0045776367,-0.0045776367,-0.0045776367,-0.0045776367,-0.0045776367,-0.0045776367,-0.0045776367,-0.0045776367,-0.0045776367,-0.0045776367,-0.0045776367,-0.0045776367,-0.0045776367,-0.0045776367,-0.0045776367,2712789.7
2847833203968,13.053236,0,40.725563,43.939117,39.723045,32.133209,32.966354,33.794922,34.866104,33.945984,33.794922,30.910965,33.66674,33.662163,38.033875,38.13916,34.499886,35.035477,34.417488,34.339668,38.436714,34.879837,34.710457,34.554817,33.689629,38.651863,2712809.7,42.217896,47.674522,41.36187,31.181046,29.913025,30.07782,31.959259,30.466927,30.233459,28.539711,30.361641,29.848938,35.319298,34.24353,32.307167,31.968414,31.940948,31.029984,34.756241,32.183563,31.158157,32.252235,31.304649,34.701302,2712809.7,-9.7825623,39.052429,-14.048981,7.7042847,-0.19683838,0.24261475,-0.0045776367,-0.0045776367,-0.0045776367,-0.0045776367,-0.0045776367,-0.0045776367,-0.0045776367,-0.0045776367,-0.0045776367,-0.0045776367,-0.0045776367,-0.0045776367,-0.0045776367,-0.0045776367,-0.0045776367,-0.0045776367,-0.0045776367,-0.0045776367,2712809.7
2847853047104,13.07308,0,40.725563,43.948273,39.723045,32.133209,32.961777,33.794922,34.875259,33.950562,33.794922,30.906387,33.657585,33.657585,38.033875,38.130005,34.486153,35.044632,34.426643,34.344246,38.436714,34.884415,34.710457,34.554817,33.703362,38.642708,2712829.7,42.222473,47.688255,41.366447,31.167313,29.926758,30.082397,31.968414,30.471504,30.247192,28.535133,30.357063,29.848938,35.333031,34.252693,32.298012,31.97757,31.972992,31.034561,34.760818,32.178986,31.167313,32.270546,31.290916,34.705879,2712829.7,-13.746857,41.57016,-16.557556,9.2881775,-0.59051514,0.096130371,-0.0045776367,-0.0045776367,-0.0045776367,-0.0045776367,-0.0045776367,-0.0045776367,-0.0045776367,-0.0045776367,-0.0045776367,-0.0045776367,-0.0045776367,-0.0045776367,-0.0045776367,-0.0045776367,-0.0045776367,-0.0045776367,-0.0045776367,-0.0045776367,2712829.7
2847873071712,13.093104,0,40.730141,43.948273,39.718468,32.137787,32.966354,33.790344,34.870682,33.950562,33.7995,30.910965,33.66674,33.657585,38.038452,38.13916,34.49073,35.035477,34.422066,34.348824,38.436714,34.875259,34.710457,34.563972,33.685051,38.642708,2712849.7,42.199585,47.701988,41.407646,31.15358,29.931335,30.091553,31.968414,30.471504,30.247192,28.548866,30.347908,29.853516,35.300987,34.238953,32.293434,31.986725,31.963837,31.029984,34.747078,32.16983,31.167313,32.275124,31.286339,34.715034,2712849.7,-20.595093,39.702454,-19.761963,9.7917175,-0.34332275,0.29754639,-0.0045776367,-0.0045776367,-0.0045776367,-0.0045776367,-0.0045776367,-0.0045776367,-0.0045776367,-0.0045776367,-0.0045776367,-0.0045776367,-0.0045776367,-0.0045776367,-0.0045776367,-0.0045776367,-0.0045776367,-0.0045776367,-0.0045776367,-0.0045776367,2712849.7
2847893050816,13.113083,0,40.730141,43.95285,39.736778,32.137787,32.966354,33.790344,34.879837,33.950562,33.794922,30.906387,33.66674,33.657585,38.033875,38.148315,34.49073,35.035477,34.426643,34.344246,38.432137,34.884415,34.710457,34.554817,33.689629,38.647285,2712869.7,42.249939,47.697411,41.398491,31.181046,29.926758,30.09613,31.97757,30.457771,30.233459,28.562599,30.361641,29.858093,35.323875,34.252693,32.307167,32.000458,31.950104,31.020828,34.751663,32.183563,31.149002,32.261391,31.286339,34.701302,2712869.7,-23.323425,37.019928,-20.576782,9.0226746,-0.11444092,0.19683838,-0.0045776367,-0.0045776367,-0.0045776367,-0.0045776367,-0.0045776367,-0.0045776367,-0.0045776367,-0.0045776367,-0.0045776367,-0.0045776367,-0.0045776367,-0.0045776367,-0.0045776367,-0.0045776367,-0.0045776367,-0.0045776367,-0.0045776367,-0.0045776367,2712869.7
2847913097600,13.13313,0,40.730141,43.957428,39.727623,32.137787,32.966354,33.785767,34.870682,33.945984,33.790344,30.915543,33.66674,33.657585,38.033875,38.13916,34.49073,35.040054,34.426643,34.339668,38.436714,34.884415,34.719612,34.559395,33.694206,38.651863,2712889.7,42.245361,47.711143,41.393913,31.162735,29.935913,30.105286,31.972992,30.471504,30.251778,28.544289,30.375374,29.858093,35.319298,34.252693,32.302589,31.945526,31.963837,31.016251,34.760818,32.183563,31.17189,32.261391,31.272606,34.719612,2712889.7,-26.289764,29.494171,-18.608368,7.2190552,-0.15106201,0.46234131,-0.0045776367,-0.0045776367,-0.0045776367,-0.0045776367,-0.0045776367,-0.0045776367,-0.0045776367,-0.0045776367,-0.0045776367,-0.0045776367,-0.0045776367,-0.0045776367,-0.0045776367,-0.0045776367,-0.0045776367,-0.0045776367,-0.0045776367,-0.0045776367,2712889.7
2847933066112,13.153099,0,40.734718,43.966583,39.732201,32.142365,32.961777,33.790344,34.866104,33.945984,33.790344,30.910965,33.66674,33.657585,38.029297,38.143738,34.49073,35.044632,34.422066,34.348824,38.432137,34.879837,34.719612,34.563972,33.694206,38.642708,2712909.7,42.231628,47.743187,41.425957,31.176468,29.926758,30.091553,31.97757,30.471504,30.247192,28.548866,30.384529,29.858093,35.310143,34.266426,32.316322,31.986725,31.950104,31.025406,34.747078,32.183563,31.144424,32.256813,31.295494,34.719612,2712909.7,-27.104614,25.29184,-17.290009,5.7816467,-0.43487549,0.60882568,-0.0045776367,-0.0045776367,-0.0045776367,-0.0045776367,-0.0045776367,-0.0045776367,-0.0045776367,-0.0045776367,-0.0045776367,-0.0045776367,-0.0045776367,-0.0045776367,-0.0045776367,-0.0045776367,-0.0045776367,-0.0045776367,-0.0045776367,-0.0045776367,2712909.7
2847953053408,13.173086,0,40.739296,43.957428,39.736778,32.137787,32.966354,33.794922,34.866104,33.955139,33.794922,30.906387,33.66674,33.657585,38.038452,38.143738,34.49073,35.035477,34.422066,34.344246,38.436714,34.888992,34.719612,34.554817,33.685051,38.647285,2712929.7,42.249939,47.734032,41.458,31.194778,29.917603,30.105286,31.97757,30.476082,30.260933,28.530556,30.361641,29.84436,35.319298,34.238953,32.307167,31.991302,31.959259,31.020828,34.765396,32.16983,31.15358,32.261391,31.300072,34.710457,2712929.7,-27.315186,18.15976,-14.03067,3.0258789,0.086975098,0.72784424,-0.0045776367,-0.0045776367,-0.0045776367,-0.0045776367,-0.0045776367,-0.0045776367,-0.0045776367,-0.0045776367,-0.0045776367,-0.0045776367,-0.0045776367,-0.0045776367,-0.0045776367,-0.0045776367,-0.0045776367,-0.0045776367,-0.0045776367,-0.0045776367,2712929.7
2847973044800,13.193077,0,40.725563,43.957428,39.741356,32.137787,32.957199,33.794922,34.866104,33.945984,33.7995,30.910965,33.662163,33.653008,38.038452,38.143738,34.49073,35.040054,34.426643,34.344246,38.441292,34.884415,34.710457,34.554817,33.689629,38.647285,2712949.7,42.254524,47.761505,41.448845,31.176468,29.917603,30.086975,31.954681,30.462349,30.247192,28.544289,30.370796,29.858093,35.319298,34.238953,32.298012,31.968414,31.954681,31.025406,34.751663,32.174408,31.144424,32.265968,31.300072,34.696724,2712949.7,-26.930634,15.056091,-11.915771,1.1398621,-0.0045776367,0.59967041,-0.0045776367,-0.0045776367,-0.0045776367,-0.0045776367,-0.0045776367,-0.0045776367,-0.0045776367,-0.0045776367,-0.0045776367,-0.0045776367,-0.0045776367,-0.0045776367,-0.0045776367,-0.0045776367,-0.0045776367,-0.0045776367,-0.0045776367,-0.0045776367,2712949.7
2847993218400,13.213251,0,40.739296,43.962006,39.741356,32.137787,32.961777,33.785767,34.875259,33.945984,33.7995,30.910965,33.662163,33.653008,38.038452,38.13916,34.486153,35.030899,34.426643,34.339668,38.436714,34.884415,34.710457,34.563972,33.694206,38.647285,2712969.7,42.259102,47.784393,41.453423,31.190201,29.917603,30.086975,31.931793,30.480659,30.247192,28.544289,30.370796,29.858093,35.31472,34.252693,32.298012,31.97757,31.959259,31.016251,34.7425,32.197296,31.162735,32.279701,31.309227,34.733345,2712969.7,-25.722137,11.87915,-10.240326,0.84686279,-0.10528564,0.17852783,-0.0045776367,-0.0045776367,-0.0045776367,-0.0045776367,-0.0045776367,-0.0045776367,-0.0045776367,-0.0045776367,-0.0045776367,-0.0045776367,-0.0045776367,-0.0045776367,-0.0045776367,-0.0045776367,-0.0045776367,-0.0045776367,-0.0045776367,-0.0045776367,2712969.7
2848013048000,13.23308,0,40.748451,43.971161,39.750519,32.133209,32.966354,33.790344,34.861526,33.955139,33.794922,30.906387,33.66674,33.657585,38.033875,38.13916,34.499886,35.040054,34.422066,34.348824,38.436714,34.884415,34.710457,34.554817,33.689629,38.642708,2712989.7,42.231628,47.798126,41.43969,31.190201,29.926758,30.09613,31.954681,30.466927,30.251778,28.548866,30.361641,29.867249,35.310143,34.257271,32.293434,31.968414,31.963837,31.029984,34.7425,32.188141,31.162735,32.270546,31.295494,34.715034,2712989.7,-24.705872,7.5394897,-7.3563843,-2.4399109,0.19683838,0.30670166,-0.0045776367,-0.0045776367,-0.0045776367,-0.0045776367,-0.0045776367,-0.0045776367,-0.0045776367,-0.0045776367,-0.0045776367,-0.0045776367,-0.0045776367,-0.0045776367,-0.0045776367,-0.0045776367,-0.0045776367,-0.0045776367,-0.0045776367,-0.0045776367,2712989.7
2848033259488,13.253292,0,40.734718,43.971161,39.750519,32.137787,32.961777,33.790344,34.875259,33.945984,33.794922,30.906387,33.66674,33.657585,38.029297,38.13916,34.49073,35.040054,34.426643,34.344246,38.432137,34.884415,34.719612,34.554817,33.689629,38.647285,2713011.7,42.240784,47.802704,41.467155,31.185623,29.926758,30.07782,31.97757,30.457771,30.251778,28.544289,30.357063,29.853516,35.31472,34.238953,32.298012,31.954681,31.945526,31.020828,34.756241,32.192719,31.158157,32.275124,31.295494,34.715034,2713011.7,-24.687561,6.1844788,-5.6168518,-2.8244324,0.50811768,0.086975098,-0.0045776367,-0.0045776367,-0.0045776367,-0.0045776367,-0.0045776367,-0.0045776367,-0.0045776367,-0.0045776367,-0.0045776367,-0.0045776367,-0.0045776367,-0.0045776367,-0.0045776367,-0.0045776367,-0.0045776367,-0.0045776367,-0.0045776367,-0.0045776367,2713011.7
2848053060960,13.273093,0,40.734718,43.980316,39.755096,32.137787,32.957199,33.790344,34.870682,33.950562,33.794922,30.910965,33.671318,33.653008,38.033875,38.134583,34.49073,35.040054,34.422066,34.344246,38.436714,34.888992,34.715034,34.559395,33.689629,38.647285,2713029.7,42.240784,47.802704,41.453423,31.181046,29.92218,30.091553,31.950104,30.485237,30.251778,28.548866,30.361641,29.867249,35.323875,34.261848,32.298012,31.972992,31.950104,31.029984,34.765396,32.188141,31.158157,32.270546,31.300072,34.701302,2713029.7,-23.64386,5.3696594,-4.737915,-3.163208,0.27008057,0.45318604,-0.0045776367,-0.0045776367,-0.0045776367,-0.0045776367,-0.0045776367,-0.0045776367,-0.0045776367,-0.0045776367,-0.0045776367,-0.0045776367,-0.0045776367,-0.0045776367,-0.0045776367,-0.0045776367,-0.0045776367,-0.0045776367,-0.0045776367,-0.0045776367,2713029.7
2848073230368,13.293263,0,40.730141,43.984894,39.764252,32.137787,32.961777,33.785767,34.866104,33.950562,33.794922,30.906387,33.66674,33.657585,38.033875,38.13916,34.49073,35.040054,34.426643,34.344246,38.432137,34.879837,34.719612,34.554817,33.689629,38.647285,2713049.7,42.249939,47.83017,41.471733,31.203934,29.917603,30.100708,31.963837,30.471504,30.251778,28.539711,30.379951,29.867249,35.323875,34.248108,32.298012,31.991302,31.954681,31.029984,34.751663,32.188141,31.158157,32.261391,31.309227,34.705879,2713049.7,-23.433289,5.6260071,-4.2984619,-3.0716553,0.14190674,0.068664551,-0.0045776367,-0.0045776367,-0.0045776367,-0.0045776367,-0.0045776367,-0.0045776367,-0.0045776367,-0.0045776367,-0.0045776367,-0.0045776367,-0.0045776367,-0.0045776367,-0.0045776367,-0.0045776367,-0.0045776367,-0.0045776367,-0.0045776367,-0.0045776367,2713049.7
2848093028864,13.313061,0,40.730141,43.975739,39.768829,32.137787,32.957199,33.790344,34.870682,33.945984,33.790344,30.906387,33.657585,33.643852,38.033875,38.134583,34.495308,35.035477,34.422066,34.335091,38.432137,34.888992,34.715034,34.554817,33.689629,38.647285,2713069.7,42.26368,47.834747,41.494621,31.199356,29.926758,30.07782,31.963837,30.466927,30.247192,28.553444,30.347908,29.853516,35.305565,34.24353,32.298012,31.968414,31.945526,31.025406,34.747078,32.183563,31.158157,32.270546,31.304649,34.696724,2713069.7,-22.490265,7.0267944,-4.9118652,-3.4104004,-0.04119873,0.16021729,-0.0045776367,-0.0045776367,-0.0045776367,-0.0045776367,-0.0045776367,-0.0045776367,-0.0045776367,-0.0045776367,-0.0045776367,-0.0045776367,-0.0045776367,-0.0045776367,-0.0045776367,-0.0045776367,-0.0045776367,-0.0045776367,-0.0045776367,-0.0045776367,2713069.7
2848113053440,13.333086,0,40.739296,43.980316,39.759674,32.137787,32.966354,33.794922,34.875259,33.959717,33.794922,30.910965,33.662163,33.653008,38.033875,38.13916,34.495308,35.035477,34.422066,34.344246,38.436714,34.879837,34.710457,34.554817,33.689629,38.647285,2713089.7,42.268257,47.880524,41.494621,31.194778,29.926758,30.091553,31.959259,30.466927,30.279243,28.539711,30.361641,29.858093,35.319298,34.238953,32.298012,31.963837,31.963837,31.007095,34.751663,32.178986,31.158157,32.252235,31.290916,34.705879,2713089.7,-21.693756,8.0521851,-5.2781067,-3.5477295,0.12359619,0.20599365,-0.0045776367,-0.0045776367,-0.0045776367,-0.0045776367,-0.0045776367,-0.0045776367,-0.0045776367,-0.0045776367,-0.0045776367,-0.0045776367,-0.0045776367,-0.0045776367,-0.0045776367,-0.0045776367,-0.0045776367,-0.0045776367,-0.0045776367,-0.0045776367,2713089.7
2848133040352,13.353073,0,40.730141,43.984894,39.764252,32.133209,32.957199,33.790344,34.870682,33.950562,33.790344,30.910965,33.66674,33.64843,38.033875,38.13916,34.495308,35.040054,34.426643,34.344246,38.436714,34.884415,34.715034,34.554817,33.694206,38.647285,2713109.7,42.259102,47.871368,41.490044,31.194778,29.92218,30.105286,31.963837,30.444038,30.279243,28.548866,30.352486,29.853516,35.328453,34.238953,32.288857,31.972992,31.959259,31.029984,34.769974,32.192719,31.158157,32.270546,31.313805,34.710457,2713109.7,-21.107819,9.6360779,-5.8274231,-3.6575928,0.73699951,0.18768311,-0.0045776367,-0.0045776367,-0.0045776367,-0.0045776367,-0.0045776367,-0.0045776367,-0.0045776367,-0.0045776367,-0.0045776367,-0.0045776367,-0.0045776367,-0.0045776367,-0.0045776367,-0.0045776367,-0.0045776367,-0.0045776367,-0.0045776367,-0.0045776367,2713109.7
2848153080032,13.373112,0,40.739296,43.989471,39.773407,32.137787,32.957199,33.790344,34.870682,33.950562,33.790344,30.910965,33.662163,33.657585,38.033875,38.13916,34.49073,35.040054,34.426643,34.344246,38.436714,34.884415,34.705879,34.559395,33.694206,38.647285,2713129.7,42.26368,47.903412,41.494621,31.194778,29.913025,30.082397,31.972992,30.471504,30.260933,28.548866,30.361641,29.839783,35.310143,34.248108,32.302589,31.972992,31.963837,31.029984,34.751663,32.165253,31.139847,32.284279,31.300072,34.705879,2713129.7,-19.32251,12.38269,-7.2556763,-3.1174316,-0.27008057,0.096130371,-0.0045776367,-0.0045776367,-0.0045776367,-0.0045776367,-0.0045776367,-0.0045776367,-0.0045776367,-0.0045776367,-0.0045776367,-0.0045776367,-0.0045776367,-0.0045776367,-0.0045776367,-0.0045776367,-0.0045776367,-0.0045776367,-0.0045776367,-0.0045776367,2713129.7
2848173065312,13.393098,0,40.734718,43.994049,39.773407,32.128632,32.957199,33.790344,34.870682,33.950562,33.794922,30.910965,33.671318,33.657585,38.033875,38.13916,34.495308,35.035477,34.426643,34.339668,38.445869,34.879837,34.719612,34.559395,33.694206,38.647285,2713149.7,42.249939,47.880524,41.512932,31.208511,29.940491,30.091553,31.963837,30.476082,30.247192,28.539711,30.375374,29.848938,35.323875,34.252693,32.279701,31.963837,31.945526,31.016251,34.756241,32.188141,31.158157,32.279701,31.300072,34.692146,2713149.7,-18.782318,14.790558,-7.2556763,-3.5385742,0.24261475,0.16021729,-0.0045776367,-0.0045776367,-0.0045776367,-0.0045776367,-0.0045776367,-0.0045776367,-0.0045776367,-0.0045776367,-0.0045776367,-0.0045776367,-0.0045776367,-0.0045776367,-0.0045776367,-0.0045776367,-0.0045776367,-0.0045776367,-0.0045776367,-0.0045776367,2713149.7
2848193045472,13.413078,0,40.748451,44.007782,39.773407,32.133209,32.961777,33.781189,34.870682,33.950562,33.794922,30.910965,33.66674,33.657585,38.033875,38.143738,34.486153,35.044632,34.426643,34.344246,38.432137,34.879837,34.715034,34.559395,33.694206,38.647285,2713169.7,42.268257,47.90799,41.540398,31.190201,29.926758,30.082397,31.972992,30.480659,30.251778,28.553444,30.370796,29.84436,35.319298,34.261848,32.302589,31.963837,31.968414,31.020828,34.760818,32.192719,31.158157,32.270546,31.290916,34.715034,2713169.7,-17.363251,17.821014,-8.0796509,-3.3737793,0.17852783,0.24261475,-0.0045776367,-0.0045776367,-0.0045776367,-0.0045776367,-0.0045776367,-0.0045776367,-0.0045776367,-0.0045776367,-0.0045776367,-0.0045776367,-0.0045776367,-0.0045776367,-0.0045776367,-0.0045776367,-0.0045776367,-0.0045776367,-0.0045776367,-0.0045776367,2713169.7
2848213038624,13.433071,0,40.739296,43.998627,39.782562,32.137787,32.966354,33.781189,34.870682,33.950562,33.794922,30.910965,33.66674,33.653008,38.029297,38.143738,34.495308,35.040054,34.426643,34.344246,38.432137,34.875259,34.719612,34.559395,33.698784,38.647285,2713189.7,42.254524,47.935455,41.544975,31.203934,29.931335,30.100708,31.972992,30.457771,30.242615,28.544289,30.361641,29.858093,35.29641,34.24353,32.302589,31.982147,31.950104,31.020828,34.760818,32.160675,31.162735,32.275124,31.304649,34.710457,2713189.7,-17.097748,18.443573,-8.2902222,-3.5111084,0.17852783,0.37078857,-0.0045776367,-0.0045776367,-0.0045776367,-0.0045776367,-0.0045776367,-0.0045776367,-0.0045776367,-0.0045776367,-0.0045776367,-0.0045776367,-0.0045776367,-0.0045776367,-0.0045776367,-0.0045776367,-0.0045776367,-0.0045776367,-0.0045776367,-0.0045776367,2713189.7
2848233210240,13.453243,0,40.734718,44.003204,39.777985,32.142365,32.961777,33.790344,34.879837,33.955139,33.794922,30.90181,33.66674,33.64843,38.038452,38.143738,34.49073,35.040054,34.426643,34.344246,38.436714,34.879837,34.715034,34.563972,33.694206,38.642708,2713209.7,42.28199,47.917145,41.53582,31.203934,29.931335,30.09613,31.972992,30.476082,30.260933,28.544289,30.370796,29.84436,35.31472,34.24353,32.298012,31.972992,31.945526,31.020828,34.747078,32.174408,31.149002,32.275124,31.309227,34.696724,2713209.7,-16.630798,20.357056,-9.4987488,-3.1906738,0.11444092,0.18768311,-0.0045776367,-0.0045776367,-0.0045776367,-0.0045776367,-0.0045776367,-0.0045776367,-0.0045776367,-0.0045776367,-0.0045776367,-0.0045776367,-0.0045776367,-0.0045776367,-0.0045776367,-0.0045776367,-0.0045776367,-0.0045776367,-0.0045776367,-0.0045776367,2713209.7
2848253039200,13.473072,0,40.748451,44.007782,39.791718,32.142365,32.961777,33.790344,34.870682,33.945984,33.794922,30.910965,33.66674,33.653008,38.033875,38.143738,34.495308,35.044632,34.426643,34.344246,38.441292,34.884415,34.710457,34.554817,33.698784,38.642708,2713229.7,42.245361,47.962921,41.563286,31.185623,29.908447,30.091553,31.986725,30.453194,30.274666,28.553444,30.361641,29.853516,35.323875,34.257271,32.302589,31.986725,31.940948,31.043716,34.7425,32.188141,31.158157,32.275124,31.309227,34.715034,2713229.7,-16.868835,20.915527,-9.7001648,-3.56604,0.56304932,0.35247803,-0.0045776367,-0.0045776367,-0.0045776367,-0.0045776367,-0.0045776367,-0.0045776367,-0.0045776367,-0.0045776367,-0.0045776367,-0.0045776367,-0.0045776367,-0.0045776367,-0.0045776367,-0.0045776367,-0.0045776367,-0.0045776367,-0.0045776367,-0.0045776367,2713229.7
2848273066144,13.493099,0,40.739296,43.998627,39.78714,32.137787,32.957199,33.794922,34.866104,33.945984,33.7995,30.910965,33.671318,33.657585,38.038452,38.143738,34.495308,35.044632,34.422066,34.348824,38.436714,34.879837,34.710457,34.563972,33.689629,38.651863,2713249.7,42.272835,47.962921,41.595329,31.217667,29.926758,30.086975,31.963837,30.444038,30.251778,28.535133,30.361641,29.862671,35.300987,34.252693,32.293434,31.97757,31.959259,31.029984,34.7425,32.183563,31.162735,32.284279,31.295494,34.719612,2713249.7,-17.042816,20.869751,-9.773407,-4.1062012,0.76446533,0.19683838,-0.0045776367,-0.0045776367,-0.0045776367,-0.0045776367,-0.0045776367,-0.0045776367,-0.0045776367,-0.0045776367,-0.0045776367,-0.0045776367,-0.0045776367,-0.0045776367,-0.0045776367,-0.0045776367,-0.0045776367,-0.0045776367,-0.0045776367,-0.0045776367,2713249.7
2848293046464,13.513079,0,40.748451,44.016937,39.78714,32.133209,32.966354,33.781189,34.875259,33.945984,33.790344,30.910965,33.66674,33.653008,38.033875,38.148315,34.495308,35.044632,34.431221,34.339668,38.436714,34.879837,34.719612,34.559395,33.694206,38.642708,2713269.7,42.277412,47.985809,41.572441,31.194778,29.917603,30.082397,31.959259,30.471504,30.251778,28.544289,30.366219,29.853516,35.310143,34.24353,32.298012,31.968414,31.954681,31.034561,34.747078,32.178986,31.162735,32.252235,31.300072,34.701302,2713269.7,-19.221802,21.107819,-10.222015,-5.6351624,0.56304932,0.37994385,-0.0045776367,-0.0045776367,-0.0045776367,-0.0045776367,-0.0045776367,-0.0045776367,-0.0045776367,-0.0045776367,-0.0045776367,-0.0045776367,-0.0045776367,-0.0045776367,-0.0045776367,-0.0045776367,-0.0045776367,-0.0045776367,-0.0045776367,-0.0045776367,2713269.7
2848313049792,13.533082,0,40.748451,44.016937,39.796295,32.142365,32.957199,33.785767,34.875259,33.950562,33.790344,30.910965,33.66674,33.64843,38.033875,38.148315,34.495308,35.035477,34.426643,34.348824,38.436714,34.879837,34.715034,34.56855,33.694206,38.651863,2713289.7,42.245361,47.994965,41.567863,31.199356,29.931335,30.07782,31.963837,30.462349,30.247192,28.539711,30.347908,29.84436,35.319298,34.24353,32.307167,31.97757,31.954681,31.048294,34.760818,32.188141,31.162735,32.265968,31.300072,34.696724,2713289.7,-20.338745,20.67749,-9.8558044,-6.7063293,0.35247803,0.31585693,-0.0045776367,-0.0045776367,-0.0045776367,-0.0045776367,-0.0045776367,-0.0045776367,-0.0045776367,-0.0045776367,-0.0045776367,-0.0045776367,-0.0045776367,-0.0045776367,-0.0045776367,-0.0045776367,-0.0045776367,-0.0045776367,-0.0045776367,-0.0045776367,2713289.7
2848333217408,13.55325,0,40.748451,44.01236,39.80545,32.142365,32.961777,33.790344,34.875259,33.950562,33.781189,30.915543,33.66674,33.653008,38.038452,38.143738,34.495308,35.044632,34.422066,34.344246,38.441292,34.879837,34.715034,34.563972,33.689629,38.647285,2713309.7,42.277412,47.985809,41.586174,31.213089,29.931335,30.09613,31.982147,30.453194,30.270088,28.539711,30.370796,29.862671,35.310143,34.261848,32.311745,31.97757,31.959259,31.034561,34.733345,32.188141,31.158157,32.288857,31.286339,34.705879,2713309.7,-23.836121,19.780273,-10.075531,-9.0867615,0.35247803,0.55389404,-0.0045776367,-0.0045776367,-0.0045776367,-0.0045776367,-0.0045776367,-0.0045776367,-0.0045776367,-0.0045776367,-0.0045776367,-0.0045776367,-0.0045776367,-0.0045776367,-0.0045776367,-0.0045776367,-0.0045776367,-0.0045776367,-0.0045776367,-0.0045776367,2713309.7
2848353039840,13.573072,0,40.748451,44.021515,39.791718,32.137787,32.961777,33.785767,34.875259,33.955139,33.790344,30.90181,33.662163,33.657585,38.038452,38.13916,34.499886,35.040054,34.426643,34.344246,38.436714,34.879837,34.710457,34.554817,33.694206,38.647285,2713329.7,42.245361,48.027008,41.595329,31.217667,29.926758,30.091553,31.972992,30.471504,30.270088,28.548866,30.375374,29.853516,35.328453,34.261848,32.284279,31.968414,31.959259,31.034561,34.7425,32.178986,31.144424,32.256813,31.318382,34.696724,2713329.7,-25.886932,19.121094,-9.2332458,-10.54245,0.5355835,-0.13275146,-0.0045776367,-0.0045776367,-0.0045776367,-0.0045776367,-0.0045776367,-0.0045776367,-0.0045776367,-0.0045776367,-0.0045776367,-0.0045776367,-0.0045776367,-0.0045776367,-0.0045776367,-0.0045776367,-0.0045776367,-0.0045776367,-0.0045776367,-0.0045776367,2713329.7
2848373033216,13.593066,0,40.757614,44.03067,39.80545,32.142365,32.957199,33.785767,34.870682,33.950562,33.790344,30.910965,33.662163,33.657585,38.029297,38.143738,34.499886,35.035477,34.426643,34.344246,38.432137,34.879837,34.715034,34.559395,33.694206,38.651863,2713349.7,42.277412,48.040741,41.599907,31.222244,29.935913,30.073242,31.968414,30.476082,30.251778,28.530556,30.375374,29.858093,35.319298,34.248108,32.293434,31.986725,31.950104,31.025406,34.769974,32.188141,31.158157,32.270546,31.300072,34.710457,2713349.7,-29.777985,17.985809,-9.9382019,-16.127258,0.61798096,-0.068664551,-0.0045776367,-0.0045776367,-0.0045776367,-0.0045776367,-0.0045776367,-0.0045776367,-0.0045776367,-0.0045776367,-0.0045776367,-0.0045776367,-0.0045776367,-0.0045776367,-0.0045776367,-0.0045776367,-0.0045776367,-0.0045776367,-0.0045776367,-0.0045776367,2713349.7
2848393060288,13.613093,0,40.748451,44.03067,39.819183,32.142365,32.952621,33.785767,34.866104,33.950562,33.794922,30.906387,33.662163,33.662163,38.033875,38.134583,34.495308,35.040054,34.431221,34.344246,38.436714,34.884415,34.710457,34.554817,33.685051,38.647285,2713369.7,42.277412,48.02243,41.63195,31.208511,29.926758,30.07782,31.97757,30.476082,30.274666,28.5214,30.379951,29.848938,35.328453,34.234375,32.302589,31.972992,31.945526,31.029984,34.774551,32.165253,31.158157,32.275124,31.300072,34.696724,2713369.7,-31.709778,17.390717,-9.6910095,-18.031586,0.58135986,-0.04119873,-0.0045776367,-0.0045776367,-0.0045776367,-0.0045776367,-0.0045776367,-0.0045776367,-0.0045776367,-0.0045776367,-0.0045776367,-0.0045776367,-0.0045776367,-0.0045776367,-0.0045776367,-0.0045776367,-0.0045776367,-0.0045776367,-0.0045776367,-0.0045776367,2713369.7
2848413023520,13.633056,0,40.748451,44.03067,39.814606,32.142365,32.961777,33.781189,34.875259,33.945984,33.785767,30.910965,33.662163,33.653008,38.033875,38.148315,34.499886,35.035477,34.426643,34.339668,38.436714,34.884415,34.710457,34.554817,33.689629,38.642708,2713389.7,42.286568,48.072784,41.622795,31.217667,29.931335,30.082397,31.963837,30.476082,30.238037,28.535133,30.370796,29.835205,35.319298,34.234375,32.302589,31.963837,31.963837,31.034561,34.756241,32.160675,31.17189,32.265968,31.309227,34.728767,2713389.7,-33.302826,16.914612,-10.19455,-19.853516,0.60882568,-0.17852783,-0.0045776367,-0.0045776367,-0.0045776367,-0.0045776367,-0.0045776367,-0.0045776367,-0.0045776367,-0.0045776367,-0.0045776367,-0.0045776367,-0.0045776367,-0.0045776367,-0.0045776367,-0.0045776367,-0.0045776367,-0.0045776367,-0.0045776367,-0.0045776367,2713389.7
2848433196608,13.653229,0,40.753036,44.035248,39.814606,32.137787,32.952621,33.785767,34.870682,33.950562,33.790344,30.906387,33.662163,33.653008,38.029297,38.13916,34.495308,35.035477,34.431221,34.344246,38.436714,34.870682,34.710457,34.559395,33.694206,38.651863,2713409.7,42.295723,48.068207,41.641106,31.208511,29.931335,30.09613,31.972992,30.471504,30.242615,28.544289,30.366219,29.858093,35.300987,34.234375,32.311745,31.982147,31.950104,31.029984,34.7425,32.174408,31.144424,32.279701,31.300072,34.705879,2713409.7,-34.584564,17.34494,-10.048065,-23.103699,0.34332275,-0.2243042,-0.0045776367,-0.0045776367,-0.0045776367,-0.0045776367,-0.0045776367,-0.0045776367,-0.0045776367,-0.0045776367,-0.0045776367,-0.0045776367,-0.0045776367,-0.0045776367,-0.0045776367,-0.0045776367,-0.0045776367,-0.0045776367,-0.0045776367,-0.0045776367,2713409.7
2848453030464,13.673063,0,40.748451,44.044403,39.819183,32.142365,32.957199,33.785767,34.866104,33.945984,33.790344,30.910965,33.66674,33.657585,38.024719,38.143738,34.495308,35.035477,34.426643,34.335091,38.436714,34.879837,34.72419,34.554817,33.694206,38.647285,2713429.7,42.314034,48.059052,41.641106,31.217667,29.926758,30.09613,31.968414,30.476082,30.270088,28.544289,30.366219,29.858093,35.319298,34.252693,32.279701,31.968414,31.950104,31.034561,34.737923,32.16983,31.167313,32.261391,31.313805,34.682991,2713429.7,-34.795135,17.509735,-9.4895935,-24.339661,0.18768311,-0.12359619,-0.0045776367,-0.0045776367,-0.0045776367,-0.0045776367,-0.0045776367,-0.0045776367,-0.0045776367,-0.0045776367,-0.0045776367,-0.0045776367,-0.0045776367,-0.0045776367,-0.0045776367,-0.0045776367,-0.0045776367,-0.0045776367,-0.0045776367,-0.0045776367,2713429.7
2848473024608,13.693057,0,40.748451,44.048981,39.823761,32.142365,32.961777,33.785767,34.870682,33.945984,33.794922,30.910965,33.66674,33.657585,38.038452,38.143738,34.499886,35.035477,34.435799,34.339668,38.436714,34.879837,34.715034,34.554817,33.689629,38.642708,2713449.7,42.277412,48.086517,41.654839,31.213089,29.935913,30.086975,31.972992,30.476082,30.233459,28.548866,30.366219,29.871826,35.328453,34.252693,32.288857,31.97757,31.959259,31.011673,34.733345,32.160675,31.158157,32.275124,31.304649,34.701302,2713449.7,-31.847107,19.230957,-10.020599,-25.282684,-0.38909912,0.068664551,-0.0045776367,-0.0045776367,-0.0045776367,-0.0045776367,-0.0045776367,-0.0045776367,-0.0045776367,-0.0045776367,-0.0045776367,-0.0045776367,-0.0045776367,-0.0045776367,-0.0045776367,-0.0045776367,-0.0045776367,-0.0045776367,-0.0045776367,-0.0045776367,2713449.7
2848493002560,13.713035,0,40.757614,44.048981,39.823761,32.137787,32.961777,33.790344,34.870682,33.950562,33.794922,30.906387,33.671318,33.653008,38.033875,38.13916,34.495308,35.044632,34.426643,34.339668,38.441292,34.879837,34.715034,34.554817,33.694206,38.642708,2713469.7,42.314034,48.113983,41.659416,31.213089,29.926758,30.068665,31.968414,30.476082,30.238037,28.544289,30.357063,29.853516,35.328453,34.266426,32.302589,31.954681,31.963837,31.039139,34.737923,32.16983,31.149002,32.270546,31.318382,34.719612,2713469.7,-28.596924,20.192261,-10.231171,-25.145355,-0.077819824,-0.25177002,-0.0045776367,-0.0045776367,-0.0045776367,-0.0045776367,-0.0045776367,-0.0045776367,-0.0045776367,-0.0045776367,-0.0045776367,-0.0045776367,-0.0045776367,-0.0045776367,-0.0045776367,-0.0045776367,-0.0045776367,-0.0045776367,-0.0045776367,-0.0045776367,2713469.7
2848513180640,13.733213,0,40.753036,44.048981,39.823761,32.146942,32.957199,33.776611,34.870682,33.955139,33.790344,30.910965,33.657585,33.653008,38.033875,38.143738,34.495308,35.044632,34.426643,34.339668,38.436714,34.879837,34.710457,34.559395,33.694206,38.647285,2713489.7,42.277412,48.123138,41.686882,31.235977,29.913025,30.091553,31.972992,30.457771,30.260933,28.571754,30.357063,29.858093,35.333031,34.24353,32.307167,31.963837,31.945526,31.039139,34.769974,32.183563,31.144424,32.261391,31.309227,34.715034,2713489.7,-21.107819,21.419098,-10.377655,-20.283813,0.26092529,0.21514893,-0.0045776367,-0.0045776367,-0.0045776367,-0.0045776367,-0.0045776367,-0.0045776367,-0.0045776367,-0.0045776367,-0.0045776367,-0.0045776367,-0.0045776367,-0.0045776367,-0.0045776367,-0.0045776367,-0.0045776367,-0.0045776367,-0.0045776367,-0.0045776367,2713489.7
