t_recv_ns,t_s,t_stamp_ns,frame_id,hardware_connected,analog_states_0,analog_states_1,analog_states_2,analog_states_3,analog_states_4,analog_states_5,digital_states_0,digital_states_1,digital_states_2,digital_states_3,digital_states_4,digital_states_5,digital_states_6,digital_states_7,digital_states_8,digital_states_9,digital_states_10,digital_states_11
21331705673440,0,1786372789216512459,,0,0,0,0,0,0,0,0,0,0,0,0,0,0,0,0,0,0,0
21331725584800,0.01991136,1786372789236505078,,0,0,0,0,0,0,0,0,0,0,0,0,0,0,0,0,0,0,0
21331745668672,0.039995232,1786372789256511745,,0,0,0,0,0,0,0,0,0,0,0,0,0,0,0,0,0,0,0
21331765656544,0.059983104,1786372789276533257,,0,0,0,0,0,0,0,0,0,0,0,0,0,0,0,0,0,0,0
21331785653728,0.079980288,1786372789296527186,,0,0,0,0,0,0,0,0,0,0,0,0,0,0,0,0,0,0,0
21331805593280,0.09991984,1786372789316523380,,0,0,0,0,0,0,0,0,0,0,0,0,0,0,0,0,0,0,0
21331825631584,0.11995814,1786372789336505704,,0,0,0,0,0,0,0,0,0,0,0,0,0,0,0,0,0,0,0
21331845633600,0.13996016,1786372789356511486,,0,0,0,0,0,0,0,0,0,0,0,0,0,0,0,0,0,0,0
21331865549152,0.15987571,1786372789376506284,,0,0,0,0,0,0,0,0,0,0,0,0,0,0,0,0,0,0,0
21331887425184,0.18175174,1786372789396509426,,0,0,0,0,0,0,0,0,0,0,0,0,0,0,0,0,0,0,0
21331905609824,0.19993638,1786372789416532513,,0,0,0,0,0,0,0,0,0,0,0,0,0,0,0,0,0,0,0
21331925635968,0.21996253,1786372789436527263,,0,0,0,0,0,0,0,0,0,0,0,0,0,0,0,0,0,0,0
21331945618656,0.23994522,1786372789456524249,,0,0,0,0,0,0,0,0,0,0,0,0,0,0,0,0,0,0,0
21331965564288,0.25989085,1786372789476507717,,0,0,0,0,0,0,0,0,0,0,0,0,0,0,0,0,0,0,0
21331985597376,0.27992394,1786372789496511450,,0,0,0,0,0,0,0,0,0,0,0,0,0,0,0,0,0,0,0
21332005651232,0.29997779,1786372789516504425,,0,0,0,0,0,0,0,0,0,0,0,0,0,0,0,0,0,0,0
21332025561888,0.31988845,1786372789536511018,,0,0,0,0,0,0,0,0,0,0,0,0,0,0,0,0,0,0,0
21332045587712,0.33991427,1786372789556532205,,0,0,0,0,0,0,0,0,0,0,0,0,0,0,0,0,0,0,0
21332065477312,0.35980387,1786372789576528515,,0,0,0,0,0,0,0,0,0,0,0,0,0,0,0,0,0,0,0
21332085633984,0.37996054,1786372789596526400,,0,0,0,0,0,0,0,0,0,0,0,0,0,0,0,0,0,0,0
21332105609952,0.39993651,1786372789616507426,,0,0,0,0,0,0,0,0,0,0,0,0,0,0,0,0,0,0,0
21332125568064,0.41989462,1786372789636511659,,0,0,0,0,0,0,0,0,0,0,0,0,0,0,0,0,0,0,0
21332145558112,0.43988467,1786372789656504598,,0,0,0,0,0,0,0,0,0,0,0,0,0,0,0,0,0,0,0
21332165579616,0.45990618,1786372789676511209,,0,0,0,0,0,0,0,0,0,0,0,0,0,0,0,0,0,0,0
21332185632704,0.47995926,1786372789696531903,,0,0,0,0,0,0,0,0,0,0,0,0,0,0,0,0,0,0,0
21332205663520,0.49999008,1786372789716527052,,0,0,0,0,0,0,0,0,0,0,0,0,0,0,0,0,0,0,0
21332225559936,0.5198865,1786372789736523508,,0,0,0,0,0,0,0,0,0,0,0,0,0,0,0,0,0,0,0
21332245565664,0.53989222,1786372789756507512,,0,0,0,0,0,0,0,0,0,0,0,0,0,0,0,0,0,0,0
21332265512736,0.5598393,1786372789776512654,,0,0,0,0,0,0,0,0,0,0,0,0,0,0,0,0,0,0,0
21332285606272,0.57993283,1786372789796504738,,0,0,0,0,0,0,0,0,0,0,0,0,0,0,0,0,0,0,0
21332305635744,0.5999623,1786372789816514082,,0,0,0,0,0,0,0,0,0,0,0,0,0,0,0,0,0,0,0
21332325577760,0.61990432,1786372789836532960,,0,0,0,0,0,0,0,0,0,0,0,0,0,0,0,0,0,0,0
21332345608096,0.63993466,1786372789856528983,,0,0,0,0,0,0,0,0,0,0,0,0,0,0,0,0,0,0,0
21332365577440,0.659904,1786372789876524198,,0,0,0,0,0,0,0,0,0,0,0,0,0,0,0,0,0,0,0
21332385599008,0.67992557,1786372789896507456,,0,0,0,0,0,0,0,0,0,0,0,0,0,0,0,0,0,0,0
21332405588448,0.69991501,1786372789916512180,,0,0,0,0,0,0,0,0,0,0,0,0,0,0,0,0,0,0,0
21332425552640,0.7198792,1786372789936505921,,0,0,0,0,0,0,0,0,0,0,0,0,0,0,0,0,0,0,0
21332445570080,0.73989664,1786372789956511492,,0,0,0,0,0,0,0,0,0,0,0,0,0,0,0,0,0,0,0
21332465613952,0.75994051,1786372789976531421,,0,0,0,0,0,0,0,0,0,0,0,0,0,0,0,0,0,0,0
21332485616800,0.77994336,1786372789996527767,,0,0,0,0,0,0,0,0,0,0,0,0,0,0,0,0,0,0,0
21332505626048,0.79995261,1786372790016524460,,0,0,0,0,0,0,0,0,0,0,0,0,0,0,0,0,0,0,0
21332525555456,0.81988202,1786372790036506560,,0,0,0,0,0,0,0,0,0,0,0,0,0,0,0,0,0,0,0
21332545601792,0.83992835,1786372790056511551,,0,0,0,0,0,0,0,0,0,0,0,0,0,0,0,0,0,0,0
21332565567680,0.85989424,1786372790076504474,,0,0,0,0,0,0,0,0,0,0,0,0,0,0,0,0,0,0,0
21332585563648,0.87989021,1786372790096514513,,0,0,0,0,0,0,0,0,0,0,0,0,0,0,0,0,0,0,0
21332605620736,0.8999473,1786372790116531416,,0,0,0,0,0,0,0,0,0,0,0,0,0,0,0,0,0,0,0
21332625553440,0.91988,1786372790136528734,,0,0,0,0,0,0,0,0,0,0,0,0,0,0,0,0,0,0,0
21332645570464,0.93989702,1786372790156524616,,0,0,0,0,0,0,0,0,0,0,0,0,0,0,0,0,0,0,0
21332665479840,0.9598064,1786372790176508795,,0,0,0,0,0,0,0,0,0,0,0,0,0,0,0,0,0,0,0
21332685583392,0.97990995,1786372790196511413,,0,0,0,0,0,0,0,0,0,0,0,0,0,0,0,0,0,0,0
21332705610336,0.9999369,1786372790216504649,,0,0,0,0,0,0,0,0,0,0,0,0,0,0,0,0,0,0,0
21332725562336,1.0198889,1786372790236511567,,0,0,0,0,0,0,0,0,0,0,0,0,0,0,0,0,0,0,0
21332745594592,1.0399212,1786372790256531884,,0,0,0,0,0,0,0,0,0,0,0,0,0,0,0,0,0,0,0
21332765567136,1.0598937,1786372790276527033,,0,0,0,0,0,0,0,0,0,0,0,0,0,0,0,0,0,0,0
21332785583328,1.0799099,1786372790296525357,,0,0,0,0,0,0,0,0,0,0,0,0,0,0,0,0,0,0,0
21332805606240,1.0999328,1786372790316507515,,0,0,0,0,0,0,0,0,0,0,0,0,0,0,0,0,0,0,0
21332825526400,1.119853,1786372790336512930,,0,0,0,0,0,0,0,0,0,0,0,0,0,0,0,0,0,0,0
21332845564608,1.1398912,1786372790356505126,,0,0,0,0,0,0,0,0,0,0,0,0,0,0,0,0,0,0,0
21332865484896,1.1598115,1786372790376510701,,0,0,0,0,0,0,0,0,0,0,0,0,0,0,0,0,0,0,0
21332885579584,1.1799061,1786372790396531464,,0,0,0,0,0,0,0,0,0,0,0,0,0,0,0,0,0,0,0
21332905604320,1.1999309,1786372790416526305,,0,0,0,0,0,0,0,0,0,0,0,0,0,0,0,0,0,0,0
21332925565472,1.219892,1786372790436524562,,0,0,0,0,0,0,0,0,0,0,0,0,0,0,0,0,0,0,0
21332945559264,1.2398858,1786372790456507142,,0,0,0,0,0,0,0,0,0,0,0,0,0,0,0,0,0,0,0
21332965535904,1.2598625,1786372790476511299,,0,0,0,0,0,0,0,0,0,0,0,0,0,0,0,0,0,0,0
21332985538880,1.2798654,1786372790496504381,,0,0,0,0,0,0,0,0,0,0,0,0,0,0,0,0,0,0,0
21333005578464,1.299905,1786372790516510813,,0,0,0,0,0,0,0,0,0,0,0,0,0,0,0,0,0,0,0
21333025570304,1.3198969,1786372790536532060,,0,0,0,0,0,0,0,0,0,0,0,0,0,0,0,0,0,0,0
21333045580320,1.3399069,1786372790556527227,,0,0,0,0,0,0,0,0,0,0,0,0,0,0,0,0,0,0,0
21333065431072,1.3597576,1786372790576523678,,0,0,0,0,0,0,0,0,0,0,0,0,0,0,0,0,0,0,0
21333085566176,1.3798927,1786372790596509563,,0,0,0,0,0,0,0,0,0,0,0,0,0,0,0,0,0,0,0
21333105572480,1.399899,1786372790616511341,,0,0,0,0,0,0,0,0,0,0,0,0,0,0,0,0,0,0,0
21333125503776,1.4198303,1786372790636504742,,0,0,0,0,0,0,0,0,0,0,0,0,0,0,0,0,0,0,0
21333145535104,1.4398617,1786372790656512873,,0,0,0,0,0,0,0,0,0,0,0,0,0,0,0,0,0,0,0
21333165550912,1.4598775,1786372790676531287,,0,0,0,0,0,0,0,0,0,0,0,0,0,0,0,0,0,0,0
21333185571328,1.4798979,1786372790696528979,,0,0,0,0,0,0,0,0,0,0,0,0,0,0,0,0,0,0,0
21333205583808,1.4999104,1786372790716524283,,0,0,0,0,0,0,0,0,0,0,0,0,0,0,0,0,0,0,0
21333225505888,1.5198324,1786372790736506558,,0,0,0,0,0,0,0,0,0,0,0,0,0,0,0,0,0,0,0
21333245530784,1.5398573,1786372790756511298,,0,0,0,0,0,0,0,0,0,0,0,0,0,0,0,0,0,0,0
21333265400992,1.5597276,1786372790776504779,,0,0,0,0,0,0,0,0,0,0,0,0,0,0,0,0,0,0,0
21333285500096,1.5798267,1786372790796511058,,0,0,0,0,0,0,0,0,0,0,0,0,0,0,0,0,0,0,0
21333305572896,1.5998995,1786372790816531978,,0,0,0,0,0,0,0,0,0,0,0,0,0,0,0,0,0,0,0
21333325546880,1.6198734,1786372790836527633,,0,0,0,0,0,0,0,0,0,0,0,0,0,0,0,0,0,0,0
21333345533728,1.6398603,1786372790856524812,,0,0,0,0,0,0,0,0,0,0,0,0,0,0,0,0,0,0,0
21333365517376,1.6598439,1786372790876508106,,0,0,0,0,0,0,0,0,0,0,0,0,0,0,0,0,0,0,0
21333385505216,1.6798318,1786372790896511962,,0,0,0,0,0,0,0,0,0,0,0,0,0,0,0,0,0,0,0
21333405526368,1.6998529,1786372790916505105,,0,0,0,0,0,0,0,0,0,0,0,0,0,0,0,0,0,0,0
21333425517088,1.7198436,1786372790936511512,,0,0,0,0,0,0,0,0,0,0,0,0,0,0,0,0,0,0,0
21333445546688,1.7398732,1786372790956532559,,0,0,0,0,0,0,0,0,0,0,0,0,0,0,0,0,0,0,0
21333465423392,1.75975,1786372790976527249,,0,0,0,0,0,0,0,0,0,0,0,0,0,0,0,0,0,0,0
21333485537376,1.7798639,1786372790996524774,,0,0,0,0,0,0,0,0,0,0,0,0,0,0,0,0,0,0,0
21333505590624,1.7999172,1786372791016506814,,0,0,0,0,0,0,0,0,0,0,0,0,0,0,0,0,0,0,0
21333525534624,1.8198612,1786372791036511505,,0,0,0,0,0,0,0,0,0,0,0,0,0,0,0,0,0,0,0
21333545530976,1.8398575,1786372791056505095,,0,0,0,0,0,0,0,0,0,0,0,0,0,0,0,0,0,0,0
21333565499232,1.8598258,1786372791076511456,,0,0,0,0,0,0,0,0,0,0,0,0,0,0,0,0,0,0,0
21333585521280,1.8798478,1786372791096534459,,0,0,0,0,0,0,0,0,0,0,0,0,0,0,0,0,0,0,0
21333605567904,1.8998945,1786372791116527519,,0,0,0,0,0,0,0,0,0,0,0,0,0,0,0,0,0,0,0
21333625540672,1.9198672,1786372791136524379,,0,0,0,0,0,0,0,0,0,0,0,0,0,0,0,0,0,0,0
21333645521696,1.9398483,1786372791156507130,,0,0,0,0,0,0,0,0,0,0,0,0,0,0,0,0,0,0,0
21333665533536,1.9598601,1786372791176512437,,0,0,0,0,0,0,0,0,0,0,0,0,0,0,0,0,0,0,0
21333685516736,1.9798433,1786372791196504720,,0,0,0,0,0,0,0,0,0,0,0,0,0,0,0,0,0,0,0
21333705628160,1.9999547,1786372791216510916,,0,0,0,0,0,0,0,0,0,0,0,0,0,0,0,0,0,0,0
21333725536832,2.0198634,1786372791236532094,,0,0,0,0,0,0,0,0,0,0,0,0,0,0,0,0,0,0,0
21333745528224,2.0398548,1786372791256527440,,0,0,0,0,0,0,0,0,0,0,0,0,0,0,0,0,0,0,0
21333765505888,2.0598324,1786372791276524911,,0,0,0,0,0,0,0,0,0,0,0,0,0,0,0,0,0,0,0
21333785496960,2.0798235,1786372791296507371,,0,0,0,0,0,0,0,0,0,0,0,0,0,0,0,0,0,0,0
21333805530144,2.0998567,1786372791316511645,,0,0,0,0,0,0,0,0,0,0,0,0,0,0,0,0,0,0,0
21333825505408,2.119832,1786372791336505507,,0,0,0,0,0,0,0,0,0,0,0,0,0,0,0,0,0,0,0
21333845496128,2.1398227,1786372791356511761,,0,0,0,0,0,0,0,0,0,0,0,0,0,0,0,0,0,0,0
21333865410272,2.1597368,1786372791376534887,,0,0,0,0,0,0,0,0,0,0,0,0,0,0,0,0,0,0,0
21333885532288,2.1798588,1786372791396527486,,0,0,0,0,0,0,0,0,0,0,0,0,0,0,0,0,0,0,0
21333905612448,2.199939,1786372791416523854,,0,0,0,0,0,0,0,0,0,0,0,0,0,0,0,0,0,0,0
21333925472160,2.2197987,1786372791436506383,,0,0,0,0,0,0,0,0,0,0,0,0,0,0,0,0,0,0,0
21333945502176,2.2398287,1786372791456511358,,0,0,0,0,0,0,0,0,0,0,0,0,0,0,0,0,0,0,0
21333965482144,2.2598087,1786372791476504338,,0,0,0,0,0,0,0,0,0,0,0,0,0,0,0,0,0,0,0
21333985815456,2.280142,1786372791496510952,,0,0,0,0,0,0,0,0,0,0,0,0,0,0,0,0,0,0,0
21334005589696,2.2999163,1786372791516531592,,0,0,0,0,0,0,0,0,0,0,0,0,0,0,0,0,0,0,0
21334025510848,2.3198374,1786372791536527323,,0,0,0,0,0,0,0,0,0,0,0,0,0,0,0,0,0,0,0
21334045528192,2.3398548,1786372791556524332,,0,0,0,0,0,0,0,0,0,0,0,0,0,0,0,0,0,0,0
21334065423616,2.3597502,1786372791576506558,,0,0,0,0,0,0,0,0,0,0,0,0,0,0,0,0,0,0,0
21334085516064,2.3798426,1786372791596513382,,0,0,0,0,0,0,0,0,0,0,0,0,0,0,0,0,0,0,0
21334105689440,2.400016,1786372791616503788,,0,0,0,0,0,0,0,0,0,0,0,0,0,0,0,0,0,0,0
21334125504320,2.4198309,1786372791636511026,,0,0,0,0,0,0,0,0,0,0,0,0,0,0,0,0,0,0,0
21334145509184,2.4398357,1786372791656531840,,0,0,0,0,0,0,0,0,0,0,0,0,0,0,0,0,0,0,0
21334165491456,2.459818,1786372791676527928,,0,0,0,0,0,0,0,0,0,0,0,0,0,0,0,0,0,0,0
21334185514176,2.4798407,1786372791696524121,,0,0,0,0,0,0,0,0,0,0,0,0,0,0,0,0,0,0,0
21334205623552,2.4999501,1786372791716507069,,0,0,0,0,0,0,0,0,0,0,0,0,0,0,0,0,0,0,0
21334225477568,2.5198041,1786372791736511869,,0,0,0,0,0,0,0,0,0,0,0,0,0,0,0,0,0,0,0
21334245469504,2.5397961,1786372791756504157,,0,0,0,0,0,0,0,0,0,0,0,0,0,0,0,0,0,0,0
21334265360608,2.5596872,1786372791776510800,,0,0,0,0,0,0,0,0,0,0,0,0,0,0,0,0,0,0,0
21334285498144,2.5798247,1786372791796530904,,0,0,0,0,0,0,0,0,0,0,0,0,0,0,0,0,0,0,0
21334305566432,2.599893,1786372791816526883,,0,0,0,0,0,0,0,0,0,0,0,0,0,0,0,0,0,0,0
21334325493440,2.61982,1786372791836524245,,0,0,0,0,0,0,0,0,0,0,0,0,0,0,0,0,0,0,0
21334345482464,2.639809,1786372791856507159,,0,0,0,0,0,0,0,0,0,0,0,0,0,0,0,0,0,0,0
21334365467648,2.6597942,1786372791876511960,,0,0,0,0,0,0,0,0,0,0,0,0,0,0,0,0,0,0,0
21334385456032,2.6797826,1786372791896505349,,0,0,0,0,0,0,0,0,0,0,0,0,0,0,0,0,0,0,0
21334405533728,2.6998603,1786372791916511658,,0,0,0,0,0,0,0,0,0,0,0,0,0,0,0,0,0,0,0
21334425498432,2.719825,1786372791936532122,,0,0,0,0,0,0,0,0,0,0,0,0,0,0,0,0,0,0,0
21334445497440,2.739824,1786372791956527575,,0,0,0,0,0,0,0,0,0,0,0,0,0,0,0,0,0,0,0
21334465425088,2.7597516,1786372791976523418,,0,0,0,0,0,0,0,0,0,0,0,0,0,0,0,0,0,0,0
21334485472640,2.7797992,1786372791996506894,,0,0,0,0,0,0,0,0,0,0,0,0,0,0,0,0,0,0,0
21334505737152,2.8000637,1786372792016511947,,0,0,0,0,0,0,0,0,0,0,0,0,0,0,0,0,0,0,0
21334525469024,2.8197956,1786372792036504348,,0,0,0,0,0,0,0,0,0,0,0,0,0,0,0,0,0,0,0
21334545472320,2.8397989,1786372792056511993,,0,0,0,0,0,0,0,0,0,0,0,0,0,0,0,0,0,0,0
21334565474464,2.859801,1786372792076531935,,0,0,0,0,0,0,0,0,0,0,0,0,0,0,0,0,0,0,0
21334585505056,2.8798316,1786372792096533970,,0,0,0,0,0,0,0,0,0,0,0,0,0,0,0,0,0,0,0
21334605519232,2.8998458,1786372792116523972,,0,0,0,0,0,0,0,0,0,0,0,0,0,0,0,0,0,0,0
21334625499168,2.9198257,1786372792136506183,,0,0,0,0,0,0,0,0,0,0,0,0,0,0,0,0,0,0,0
21334645506048,2.9398326,1786372792156511373,,0,0,0,0,0,0,0,0,0,0,0,0,0,0,0,0,0,0,0
21334665394944,2.9597215,1786372792176505125,,0,0,0,0,0,0,0,0,0,0,0,0,0,0,0,0,0,0,0
21334685524096,2.9798507,1786372792196511280,,0,0,0,0,0,0,0,0,0,0,0,0,0,0,0,0,0,0,0
21334705543392,2.99987,1786372792216531920,,0,0,0,0,0,0,0,0,0,0,0,0,0,0,0,0,0,0,0
21334725474432,3.019801,1786372792236527537,,0,0,0,0,0,0,0,0,0,0,0,0,0,0,0,0,0,0,0
21334745474720,3.0398013,1786372792256525011,,0,0,0,0,0,0,0,0,0,0,0,0,0,0,0,0,0,0,0
21334765462592,3.0597892,1786372792276506968,,0,0,0,0,0,0,0,0,0,0,0,0,0,0,0,0,0,0,0
21334785466528,3.0797931,1786372792296511456,,0,0,0,0,0,0,0,0,0,0,0,0,0,0,0,0,0,0,0
21334805514720,3.0998413,1786372792316504419,,0,0,0,0,0,0,0,0,0,0,0,0,0,0,0,0,0,0,0
21334825448128,3.1197747,1786372792336510845,,0,0,0,0,0,0,0,0,0,0,0,0,0,0,0,0,0,0,0
21334845471040,3.1397976,1786372792356532058,,0,0,0,0,0,0,0,0,0,0,0,0,0,0,0,0,0,0,0
21334865391040,3.1597176,1786372792376526591,,0,0,0,0,0,0,0,0,0,0,0,0,0,0,0,0,0,0,0
21334885530080,3.1798566,1786372792396523710,,0,0,0,0,0,0,0,0,0,0,0,0,0,0,0,0,0,0,0
21334905506528,3.1998331,1786372792416507526,,0,0,0,0,0,0,0,0,0,0,0,0,0,0,0,0,0,0,0
21334925452064,3.2197786,1786372792436511335,,0,0,0,0,0,0,0,0,0,0,0,0,0,0,0,0,0,0,0
21334945459424,3.239786,1786372792456503580,,0,0,0,0,0,0,0,0,0,0,0,0,0,0,0,0,0,0,0
21334965513920,3.2598405,1786372792476512099,,0,0,0,0,0,0,0,0,0,0,0,0,0,0,0,0,0,0,0
21334985514432,3.279841,1786372792496532209,,0,0,0,0,0,0,0,0,0,0,0,0,0,0,0,0,0,0,0
21335005537280,3.2998638,1786372792516527354,,0,0,0,0,0,0,0,0,0,0,0,0,0,0,0,0,0,0,0
21335025484256,3.3198108,1786372792536523959,,0,0,0,0,0,0,0,0,0,0,0,0,0,0,0,0,0,0,0
21335045448896,3.3397755,1786372792556506798,,0,0,0,0,0,0,0,0,0,0,0,0,0,0,0,0,0,0,0
21335065384544,3.3597111,1786372792576512064,,0,0,0,0,0,0,0,0,0,0,0,0,0,0,0,0,0,0,0
21335085466496,3.3797931,1786372792596507467,,0,0,0,0,0,0,0,0,0,0,0,0,0,0,0,0,0,0,0
21335105508640,3.3998352,1786372792616511532,,0,0,0,0,0,0,0,0,0,0,0,0,0,0,0,0,0,0,0
21335125454976,3.4197815,1786372792636531634,,0,0,0,0,0,0,0,0,0,0,0,0,0,0,0,0,0,0,0
21335145450528,3.4397771,1786372792656528184,,0,0,0,0,0,0,0,0,0,0,0,0,0,0,0,0,0,0,0
21335165441696,3.4597683,1786372792676523642,,0,0,0,0,0,0,0,0,0,0,0,0,0,0,0,0,0,0,0
21335185437888,3.4797644,1786372792696506487,,0,0,0,0,0,0,0,0,0,0,0,0,0,0,0,0,0,0,0
21335205499168,3.4998257,1786372792716511849,,0,0,0,0,0,0,0,0,0,0,0,0,0,0,0,0,0,0,0
21335225438272,3.5197648,1786372792736504632,,0,0,0,0,0,0,0,0,0,0,0,0,0,0,0,0,0,0,0
21335245415296,3.5397419,1786372792756510940,,0,0,0,0,0,0,0,0,0,0,0,0,0,0,0,0,0,0,0
21335265409344,3.5597359,1786372792776532104,,0,0,0,0,0,0,0,0,0,0,0,0,0,0,0,0,0,0,0
21335285482496,3.5798091,1786372792796529015,,0,0,0,0,0,0,0,0,0,0,0,0,0,0,0,0,0,0,0
21335305554080,3.5998806,1786372792816524277,,0,0,0,0,0,0,0,0,0,0,0,0,0,0,0,0,0,0,0
21335325487712,3.6198143,1786372792836506698,,0,0,0,0,0,0,0,0,0,0,0,0,0,0,0,0,0,0,0
21335345418048,3.6397446,1786372792856513834,,0,0,0,0,0,0,0,0,0,0,0,0,0,0,0,0,0,0,0
21335365415200,3.6597418,1786372792876503721,,0,0,0,0,0,0,0,0,0,0,0,0,0,0,0,0,0,0,0
21335385466624,3.6797932,1786372792896511140,,0,0,0,0,0,0,0,0,0,0,0,0,0,0,0,0,0,0,0
21335405891904,3.7002185,1786372792916547800,,0,0,0,0,0,0,0,0,0,0,0,0,0,0,0,0,0,0,0
21335425442944,3.7197695,1786372792936528114,,0,0,0,0,0,0,0,0,0,0,0,0,0,0,0,0,0,0,0
21335445436640,3.7397632,1786372792956524642,,0,0,0,0,0,0,0,0,0,0,0,0,0,0,0,0,0,0,0
21335465368704,3.7596953,1786372792976506986,,0,0,0,0,0,0,0,0,0,0,0,0,0,0,0,0,0,0,0
21335485442944,3.7797695,1786372792996511530,,0,0,0,0,0,0,0,0,0,0,0,0,0,0,0,0,0,0,0
21335505516480,3.799843,1786372793016504441,,0,0,0,0,0,0,0,0,0,0,0,0,0,0,0,0,0,0,0
21335525519744,3.8198463,1786372793036512290,,0,0,0,0,0,0,0,0,0,0,0,0,0,0,0,0,0,0,0
21335545424480,3.839751,1786372793056531713,,0,0,0,0,0,0,0,0,0,0,0,0,0,0,0,0,0,0,0
21335565459968,3.8597865,1786372793076527687,,0,0,0,0,0,0,0,0,0,0,0,0,0,0,0,0,0,0,0
21335585459520,3.8797861,1786372793096527152,,0,0,0,0,0,0,0,0,0,0,0,0,0,0,0,0,0,0,0
21335605687232,3.9000138,1786372793116507259,,0,0,0,0,0,0,0,0,0,0,0,0,0,0,0,0,0,0,0
21335625413600,3.9197402,1786372793136511643,,0,0,0,0,0,0,0,0,0,0,0,0,0,0,0,0,0,0,0
21335645462592,3.9397892,1786372793156504282,,0,0,0,0,0,0,0,0,0,0,0,0,0,0,0,0,0,0,0
21335665304928,3.9596315,1786372793176510421,,0,0,0,0,0,0,0,0,0,0,0,0,0,0,0,0,0,0,0
21335685485440,3.979812,1786372793196530661,,0,0,0,0,0,0,0,0,0,0,0,0,0,0,0,0,0,0,0
21335705547776,3.9998743,1786372793216528229,,0,0,0,0,0,0,0,0,0,0,0,0,0,0,0,0,0,0,0
21335725517280,4.0198438,1786372793236538011,,0,0,0,0,0,0,0,0,0,0,0,0,0,0,0,0,0,0,0
21335745404576,4.0397311,1786372793256506309,,0,0,0,0,0,0,0,0,0,0,0,0,0,0,0,0,0,0,0
21335765425408,4.059752,1786372793276510671,,0,0,0,0,0,0,0,0,0,0,0,0,0,0,0,0,0,0,0
21335785433984,4.0797605,1786372793296504542,,0,0,0,0,0,0,0,0,0,0,0,0,0,0,0,0,0,0,0
21335805483456,4.09981,1786372793316511526,,0,0,0,0,0,0,0,0,0,0,0,0,0,0,0,0,0,0,0
21335825418464,4.119745,1786372793336530890,,0,0,0,0,0,0,0,0,0,0,0,0,0,0,0,0,0,0,0
21335845422016,4.1397486,1786372793356527629,,0,0,0,0,0,0,0,0,0,0,0,0,0,0,0,0,0,0,0
21335865291904,4.1596185,1786372793376523497,,0,0,0,0,0,0,0,0,0,0,0,0,0,0,0,0,0,0,0
21335885405024,4.1797316,1786372793396506384,,0,0,0,0,0,0,0,0,0,0,0,0,0,0,0,0,0,0,0
21335905496576,4.1998231,1786372793416511383,,0,0,0,0,0,0,0,0,0,0,0,0,0,0,0,0,0,0,0
21335925389312,4.2197159,1786372793436505079,,0,0,0,0,0,0,0,0,0,0,0,0,0,0,0,0,0,0,0
21335945436416,4.239763,1786372793456511001,,0,0,0,0,0,0,0,0,0,0,0,0,0,0,0,0,0,0,0
21335965441280,4.2597678,1786372793476532703,,0,0,0,0,0,0,0,0,0,0,0,0,0,0,0,0,0,0,0
21335985434560,4.2797611,1786372793496527533,,0,0,0,0,0,0,0,0,0,0,0,0,0,0,0,0,0,0,0
21336005545280,4.2998718,1786372793516524077,,0,0,0,0,0,0,0,0,0,0,0,0,0,0,0,0,0,0,0
21336025411072,4.3197376,1786372793536506175,,0,0,0,0,0,0,0,0,0,0,0,0,0,0,0,0,0,0,0
21336045432736,4.3397593,1786372793556511242,,0,0,0,0,0,0,0,0,0,0,0,0,0,0,0,0,0,0,0
21336065308320,4.3596349,1786372793576504709,,0,0,0,0,0,0,0,0,0,0,0,0,0,0,0,0,0,0,0
21336085431552,4.3797581,1786372793596513271,,0,0,0,0,0,0,0,0,0,0,0,0,0,0,0,0,0,0,0
21336105485632,4.3998122,1786372793616532979,,0,0,0,0,0,0,0,0,0,0,0,0,0,0,0,0,0,0,0
21336125394720,4.4197213,1786372793636528353,,0,0,0,0,0,0,0,0,0,0,0,0,0,0,0,0,0,0,0
21336145402816,4.4397294,1786372793656524122,,0,0,0,0,0,0,0,0,0,0,0,0,0,0,0,0,0,0,0
21336165387712,4.4597143,1786372793676506723,,0,0,0,0,0,0,0,0,0,0,0,0,0,0,0,0,0,0,0
21336185403072,4.4797296,1786372793696510674,,0,0,0,0,0,0,0,0,0,0,0,0,0,0,0,0,0,0,0
21336205431904,4.4997585,1786372793716504439,,0,0,0,0,0,0,0,0,0,0,0,0,0,0,0,0,0,0,0
21336225371840,4.5196984,1786372793736510774,,0,0,0,0,0,0,0,0,0,0,0,0,0,0,0,0,0,0,0
21336245397504,4.5397241,1786372793756532835,,0,0,0,0,0,0,0,0,0,0,0,0,0,0,0,0,0,0,0
21336265326592,4.5596532,1786372793776527874,,0,0,0,0,0,0,0,0,0,0,0,0,0,0,0,0,0,0,0
21336285399456,4.579726,1786372793796524600,,0,0,0,0,0,0,0,0,0,0,0,0,0,0,0,0,0,0,0
21336305503872,4.5998304,1786372793816510233,,0,0,0,0,0,0,0,0,0,0,0,0,0,0,0,0,0,0,0
21336325383776,4.6197103,1786372793836511361,,0,0,0,0,0,0,0,0,0,0,0,0,0,0,0,0,0,0,0
21336345366592,4.6396932,1786372793856505073,,0,0,0,0,0,0,0,0,0,0,0,0,0,0,0,0,0,0,0
21336365381568,4.6597081,1786372793876511638,,0,0,0,0,0,0,0,0,0,0,0,0,0,0,0,0,0,0,0
21336385396544,4.6797231,1786372793896531472,,0,0,0,0,0,0,0,0,0,0,0,0,0,0,0,0,0,0,0
21336405448768,4.6997753,1786372793916527378,,0,0,0,0,0,0,0,0,0,0,0,0,0,0,0,0,0,0,0
21336425371584,4.7196981,1786372793936522844,,0,0,0,0,0,0,0,0,0,0,0,0,0,0,0,0,0,0,0
21336445371296,4.7396979,1786372793956507516,,0,0,0,0,0,0,0,0,0,0,0,0,0,0,0,0,0,0,0
21336465319456,4.759646,1786372793976510520,,0,0,0,0,0,0,0,0,0,0,0,0,0,0,0,0,0,0,0
21336485376736,4.7797033,1786372793996504609,,0,0,0,0,0,0,0,0,0,0,0,0,0,0,0,0,0,0,0
21336505404544,4.7997311,1786372794016511151,,0,0,0,0,0,0,0,0,0,0,0,0,0,0,0,0,0,0,0
21336525375328,4.8197019,1786372794036532245,,0,0,0,0,0,0,0,0,0,0,0,0,0,0,0,0,0,0,0
21336545345952,4.8396725,1786372794056528259,,0,0,0,0,0,0,0,0,0,0,0,0,0,0,0,0,0,0,0
21336565397952,4.8597245,1786372794076524318,,0,0,0,0,0,0,0,0,0,0,0,0,0,0,0,0,0,0,0
21336585377632,4.8797042,1786372794096510037,,0,0,0,0,0,0,0,0,0,0,0,0,0,0,0,0,0,0,0
21336605390752,4.8997173,1786372794116512123,,0,0,0,0,0,0,0,0,0,0,0,0,0,0,0,0,0,0,0
21336625353568,4.9196801,1786372794136505281,,0,0,0,0,0,0,0,0,0,0,0,0,0,0,0,0,0,0,0
21336645362592,4.9396892,1786372794156525670,,0,0,0,0,0,0,0,0,0,0,0,0,0,0,0,0,0,0,0
21336665313184,4.9596397,1786372794176532234,,0,0,0,0,0,0,0,0,0,0,0,0,0,0,0,0,0,0,0
21336685381696,4.9797083,1786372794196527531,,0,0,0,0,0,0,0,0,0,0,0,0,0,0,0,0,0,0,0
21336705438400,4.999765,1786372794216523645,,0,0,0,0,0,0,0,0,0,0,0,0,0,0,0,0,0,0,0
21336725361824,5.0196884,1786372794236506603,,0,0,0,0,0,0,0,0,0,0,0,0,0,0,0,0,0,0,0
21336745367424,5.039694,1786372794256511204,,0,0,0,0,0,0,0,0,0,0,0,0,0,0,0,0,0,0,0
21336765367296,5.0596939,1786372794276505409,,0,0,0,0,0,0,0,0,0,0,0,0,0,0,0,0,0,0,0
21336785371488,5.079698,1786372794296510900,,0,0,0,0,0,0,0,0,0,0,0,0,0,0,0,0,0,0,0
21336805419136,5.0997457,1786372794316546385,,0,0,0,0,0,0,0,0,0,0,0,0,0,0,0,0,0,0,0
21336825361760,5.1196883,1786372794336527384,,0,0,0,0,0,0,0,0,0,0,0,0,0,0,0,0,0,0,0
21336845382944,5.1397095,1786372794356523893,,0,0,0,0,0,0,0,0,0,0,0,0,0,0,0,0,0,0,0
21336865365024,5.1596916,1786372794376506344,,0,0,0,0,0,0,0,0,0,0,0,0,0,0,0,0,0,0,0
21336885364768,5.1796913,1786372794396512913,,0,0,0,0,0,0,0,0,0,0,0,0,0,0,0,0,0,0,0
21336905452480,5.199779,1786372794416504839,,0,0,0,0,0,0,0,0,0,0,0,0,0,0,0,0,0,0,0
21336925346208,5.2196728,1786372794436525758,,0,0,0,0,0,0,0,0,0,0,0,0,0,0,0,0,0,0,0
21336945420288,5.2397468,1786372794456531933,,0,0,0,0,0,0,0,0,0,0,0,0,0,0,0,0,0,0,0
21336965369472,5.259696,1786372794476527418,,0,0,0,0,0,0,0,0,0,0,0,0,0,0,0,0,0,0,0
21336985428544,5.2797551,1786372794496537949,,0,0,0,0,0,0,0,0,0,0,0,0,0,0,0,0,0,0,0
21337005350912,5.2996775,1786372794516506177,,0,0,0,0,0,0,0,0,0,0,0,0,0,0,0,0,0,0,0
21337025327072,5.3196536,1786372794536510886,,0,0,0,0,0,0,0,0,0,0,0,0,0,0,0,0,0,0,0
21337045316448,5.339643,1786372794556504295,,0,0,0,0,0,0,0,0,0,0,0,0,0,0,0,0,0,0,0
21337065311744,5.3596383,1786372794576525931,,0,0,0,0,0,0,0,0,0,0,0,0,0,0,0,0,0,0,0
21337085391616,5.3797182,1786372794596537627,,0,0,0,0,0,0,0,0,0,0,0,0,0,0,0,0,0,0,0
21337105428864,5.3997554,1786372794616528046,,0,0,0,0,0,0,0,0,0,0,0,0,0,0,0,0,0,0,0
21337125336320,5.4196629,1786372794636523045,,0,0,0,0,0,0,0,0,0,0,0,0,0,0,0,0,0,0,0
21337145328000,5.4396546,1786372794656506654,,0,0,0,0,0,0,0,0,0,0,0,0,0,0,0,0,0,0,0
21337165352320,5.4596789,1786372794676511713,,0,0,0,0,0,0,0,0,0,0,0,0,0,0,0,0,0,0,0
21337185332320,5.4796589,1786372794696504648,,0,0,0,0,0,0,0,0,0,0,0,0,0,0,0,0,0,0,0
21337205360064,5.4996866,1786372794716510468,,0,0,0,0,0,0,0,0,0,0,0,0,0,0,0,0,0,0,0
21337225330080,5.5196566,1786372794736531995,,0,0,0,0,0,0,0,0,0,0,0,0,0,0,0,0,0,0,0
21337245383040,5.5397096,1786372794756526921,,0,0,0,0,0,0,0,0,0,0,0,0,0,0,0,0,0,0,0
21337265242688,5.5595692,1786372794776523824,,0,0,0,0,0,0,0,0,0,0,0,0,0,0,0,0,0,0,0
21337285341600,5.5796682,1786372794796507172,,0,0,0,0,0,0,0,0,0,0,0,0,0,0,0,0,0,0,0
21337305348640,5.5996752,1786372794816511281,,0,0,0,0,0,0,0,0,0,0,0,0,0,0,0,0,0,0,0
21337325307328,5.6196339,1786372794836504153,,0,0,0,0,0,0,0,0,0,0,0,0,0,0,0,0,0,0,0
21337345336320,5.6396629,1786372794856511003,,0,0,0,0,0,0,0,0,0,0,0,0,0,0,0,0,0,0,0
21337365348608,5.6596752,1786372794876531441,,0,0,0,0,0,0,0,0,0,0,0,0,0,0,0,0,0,0,0
21337385341056,5.6796676,1786372794896527747,,0,0,0,0,0,0,0,0,0,0,0,0,0,0,0,0,0,0,0
21337405320448,5.699647,1786372794916524186,,0,0,0,0,0,0,0,0,0,0,0,0,0,0,0,0,0,0,0
21337425311040,5.7196376,1786372794936506850,,0,0,0,0,0,0,0,0,0,0,0,0,0,0,0,0,0,0,0
21337445332256,5.7396588,1786372794956511243,,0,0,0,0,0,0,0,0,0,0,0,0,0,0,0,0,0,0,0
21337465198752,5.7595253,1786372794976504171,,0,0,0,0,0,0,0,0,0,0,0,0,0,0,0,0,0,0,0
21337485333696,5.7796603,1786372794996511569,,0,0,0,0,0,0,0,0,0,0,0,0,0,0,0,0,0,0,0
21337505370464,5.799697,1786372795016531315,,0,0,0,0,0,0,0,0,0,0,0,0,0,0,0,0,0,0,0
21337525346528,5.8196731,1786372795036528065,,0,0,0,0,0,0,0,0,0,0,0,0,0,0,0,0,0,0,0
21337545360224,5.8396868,1786372795056524336,,0,0,0,0,0,0,0,0,0,0,0,0,0,0,0,0,0,0,0
21337565333664,5.8596602,1786372795076507549,,0,0,0,0,0,0,0,0,0,0,0,0,0,0,0,0,0,0,0
21337585331232,5.8796578,1786372795096514215,,0,0,0,0,0,0,0,0,0,0,0,0,0,0,0,0,0,0,0
21337605327520,5.8996541,1786372795116504207,,0,0,0,0,0,0,0,0,0,0,0,0,0,0,0,0,0,0,0
21337625314432,5.919641,1786372795136511917,,0,0,0,0,0,0,0,0,0,0,0,0,0,0,0,0,0,0,0
21337645344256,5.9396708,1786372795156531590,,0,0,0,0,0,0,0,0,0,0,0,0,0,0,0,0,0,0,0
21337665201568,5.9595281,1786372795176527698,,0,0,0,0,0,0,0,0,0,0,0,0,0,0,0,0,0,0,0
21337685327424,5.979654,1786372795196523701,,0,0,0,0,0,0,0,0,0,0,0,0,0,0,0,0,0,0,0
21337705421920,5.9997485,1786372795216521356,,0,0,0,0,0,0,0,0,0,0,0,0,0,0,0,0,0,0,0
21337725328288,6.0196548,1786372795236512176,,0,0,0,0,0,0,0,0,0,0,0,0,0,0,0,0,0,0,0
21337745341280,6.0396678,1786372795256504841,,0,0,0,0,0,0,0,0,0,0,0,0,0,0,0,0,0,0,0
21337765308128,6.0596347,1786372795276510990,,0,0,0,0,0,0,0,0,0,0,0,0,0,0,0,0,0,0,0
21337785351136,6.0796777,1786372795296532362,,0,0,0,0,0,0,0,0,0,0,0,0,0,0,0,0,0,0,0
21337805387392,6.099714,1786372795316527888,,0,0,0,0,0,0,0,0,0,0,0,0,0,0,0,0,0,0,0
21337825324512,6.1196511,1786372795336524577,,0,0,0,0,0,0,0,0,0,0,0,0,0,0,0,0,0,0,0
21337845321696,6.1396483,1786372795356507170,,0,0,0,0,0,0,0,0,0,0,0,0,0,0,0,0,0,0,0
21337865188192,6.1595148,1786372795376511729,,0,0,0,0,0,0,0,0,0,0,0,0,0,0,0,0,0,0,0
21337885308160,6.1796347,1786372795396504504,,0,0,0,0,0,0,0,0,0,0,0,0,0,0,0,0,0,0,0
21337905395232,6.1997218,1786372795416511039,,0,0,0,0,0,0,0,0,0,0,0,0,0,0,0,0,0,0,0
21337925349152,6.2196757,1786372795436531632,,0,0,0,0,0,0,0,0,0,0,0,0,0,0,0,0,0,0,0
21337945342752,6.2396693,1786372795456528155,,0,0,0,0,0,0,0,0,0,0,0,0,0,0,0,0,0,0,0
21337965312576,6.2596391,1786372795476524239,,0,0,0,0,0,0,0,0,0,0,0,0,0,0,0,0,0,0,0
21337985372800,6.2796994,1786372795496506613,,0,0,0,0,0,0,0,0,0,0,0,0,0,0,0,0,0,0,0
21338005381728,6.2997083,1786372795516510942,,0,0,0,0,0,0,0,0,0,0,0,0,0,0,0,0,0,0,0
21338025299872,6.3196264,1786372795536504294,,0,0,0,0,0,0,0,0,0,0,0,0,0,0,0,0,0,0,0
21338045296672,6.3396232,1786372795556510727,,0,0,0,0,0,0,0,0,0,0,0,0,0,0,0,0,0,0,0
21338065208352,6.3595349,1786372795576532128,,0,0,0,0,0,0,0,0,0,0,0,0,0,0,0,0,0,0,0
21338085310560,6.3796371,1786372795596528922,,0,0,0,0,0,0,0,0,0,0,0,0,0,0,0,0,0,0,0
21338105564512,6.3998911,1786372795616523916,,0,0,0,0,0,0,0,0,0,0,0,0,0,0,0,0,0,0,0
21338125303040,6.4196296,1786372795636506408,,0,0,0,0,0,0,0,0,0,0,0,0,0,0,0,0,0,0,0
21338145316832,6.4396434,1786372795656511115,,0,0,0,0,0,0,0,0,0,0,0,0,0,0,0,0,0,0,0
21338165326592,6.4596532,1786372795676504784,,0,0,0,0,0,0,0,0,0,0,0,0,0,0,0,0,0,0,0
21338185341312,6.4796679,1786372795696511065,,0,0,0,0,0,0,0,0,0,0,0,0,0,0,0,0,0,0,0
21338205400512,6.4997271,1786372795716531273,,0,0,0,0,0,0,0,0,0,0,0,0,0,0,0,0,0,0,0
21338225316320,6.5196429,1786372795736527681,,0,0,0,0,0,0,0,0,0,0,0,0,0,0,0,0,0,0,0
21338245303968,6.5396305,1786372795756524265,,0,0,0,0,0,0,0,0,0,0,0,0,0,0,0,0,0,0,0
21338265178336,6.5595049,1786372795776506590,,0,0,0,0,0,0,0,0,0,0,0,0,0,0,0,0,0,0,0
21338285323552,6.5796501,1786372795796511677,,0,0,0,0,0,0,0,0,0,0,0,0,0,0,0,0,0,0,0
21338305364544,6.5996911,1786372795816504533,,0,0,0,0,0,0,0,0,0,0,0,0,0,0,0,0,0,0,0
21338325300480,6.619627,1786372795836510324,,0,0,0,0,0,0,0,0,0,0,0,0,0,0,0,0,0,0,0
21338345319968,6.6396465,1786372795856531722,,0,0,0,0,0,0,0,0,0,0,0,0,0,0,0,0,0,0,0
21338365323456,6.65965,1786372795876526952,,0,0,0,0,0,0,0,0,0,0,0,0,0,0,0,0,0,0,0
21338385329152,6.6796557,1786372795896523888,,0,0,0,0,0,0,0,0,0,0,0,0,0,0,0,0,0,0,0
21338405470112,6.6997967,1786372795916506934,,0,0,0,0,0,0,0,0,0,0,0,0,0,0,0,0,0,0,0
21338425295488,6.719622,1786372795936511360,,0,0,0,0,0,0,0,0,0,0,0,0,0,0,0,0,0,0,0
21338445301824,6.7396284,1786372795956504550,,0,0,0,0,0,0,0,0,0,0,0,0,0,0,0,0,0,0,0
21338465178016,6.7595046,1786372795976512282,,0,0,0,0,0,0,0,0,0,0,0,0,0,0,0,0,0,0,0
21338485344896,6.7796715,1786372795996531937,,0,0,0,0,0,0,0,0,0,0,0,0,0,0,0,0,0,0,0
21338505568064,6.7998946,1786372796016528275,,0,0,0,0,0,0,0,0,0,0,0,0,0,0,0,0,0,0,0
21338525304352,6.8196309,1786372796036524532,,0,0,0,0,0,0,0,0,0,0,0,0,0,0,0,0,0,0,0
21338545340896,6.8396675,1786372796056506981,,0,0,0,0,0,0,0,0,0,0,0,0,0,0,0,0,0,0,0
21338565283840,6.8596104,1786372796076511881,,0,0,0,0,0,0,0,0,0,0,0,0,0,0,0,0,0,0,0
21338585299488,6.879626,1786372796096506602,,0,0,0,0,0,0,0,0,0,0,0,0,0,0,0,0,0,0,0
21338605439328,6.8997659,1786372796116511224,,0,0,0,0,0,0,0,0,0,0,0,0,0,0,0,0,0,0,0
21338625293088,6.9196196,1786372796136531587,,0,0,0,0,0,0,0,0,0,0,0,0,0,0,0,0,0,0,0
21338645298144,6.9396247,1786372796156527757,,0,0,0,0,0,0,0,0,0,0,0,0,0,0,0,0,0,0,0
21338665167456,6.959494,1786372796176524252,,0,0,0,0,0,0,0,0,0,0,0,0,0,0,0,0,0,0,0
21338685291488,6.979618,1786372796196507933,,0,0,0,0,0,0,0,0,0,0,0,0,0,0,0,0,0,0,0
21338705430240,6.9997568,1786372796216511870,,0,0,0,0,0,0,0,0,0,0,0,0,0,0,0,0,0,0,0
21338725277408,7.019604,1786372796236505230,,0,0,0,0,0,0,0,0,0,0,0,0,0,0,0,0,0,0,0
21338745301888,7.0396284,1786372796256512154,,0,0,0,0,0,0,0,0,0,0,0,0,0,0,0,0,0,0,0
21338765329568,7.0596561,1786372796276531917,,0,0,0,0,0,0,0,0,0,0,0,0,0,0,0,0,0,0,0
21338785276256,7.0796028,1786372796296527842,,0,0,0,0,0,0,0,0,0,0,0,0,0,0,0,0,0,0,0
21338805421248,7.0997478,1786372796316524570,,0,0,0,0,0,0,0,0,0,0,0,0,0,0,0,0,0,0,0
21338825277632,7.1196042,1786372796336507420,,0,0,0,0,0,0,0,0,0,0,0,0,0,0,0,0,0,0,0
21338845282528,7.1396091,1786372796356511835,,0,0,0,0,0,0,0,0,0,0,0,0,0,0,0,0,0,0,0
21338865209344,7.1595359,1786372796376505127,,0,0,0,0,0,0,0,0,0,0,0,0,0,0,0,0,0,0,0
21338885290528,7.1796171,1786372796396511404,,0,0,0,0,0,0,0,0,0,0,0,0,0,0,0,0,0,0,0
21338905383104,7.1997097,1786372796416530896,,0,0,0,0,0,0,0,0,0,0,0,0,0,0,0,0,0,0,0
21338925282400,7.219609,1786372796436527145,,0,0,0,0,0,0,0,0,0,0,0,0,0,0,0,0,0,0,0
21338945306016,7.2396326,1786372796456523458,,0,0,0,0,0,0,0,0,0,0,0,0,0,0,0,0,0,0,0
21338965248704,7.2595753,1786372796476506862,,0,0,0,0,0,0,0,0,0,0,0,0,0,0,0,0,0,0,0
21338985274880,7.2796014,1786372796496511057,,0,0,0,0,0,0,0,0,0,0,0,0,0,0,0,0,0,0,0
21339005408832,7.2997354,1786372796516504055,,0,0,0,0,0,0,0,0,0,0,0,0,0,0,0,0,0,0,0
21339025245056,7.3195716,1786372796536510623,,0,0,0,0,0,0,0,0,0,0,0,0,0,0,0,0,0,0,0
21339045282592,7.3396092,1786372796556531467,,0,0,0,0,0,0,0,0,0,0,0,0,0,0,0,0,0,0,0
21339065138688,7.3594652,1786372796576527265,,0,0,0,0,0,0,0,0,0,0,0,0,0,0,0,0,0,0,0
21339085300448,7.379627,1786372796596525205,,0,0,0,0,0,0,0,0,0,0,0,0,0,0,0,0,0,0,0
21339105287616,7.3996142,1786372796616507358,,0,0,0,0,0,0,0,0,0,0,0,0,0,0,0,0,0,0,0
21339125242080,7.4195686,1786372796636510894,,0,0,0,0,0,0,0,0,0,0,0,0,0,0,0,0,0,0,0
21339145277216,7.4396038,1786372796656504550,,0,0,0,0,0,0,0,0,0,0,0,0,0,0,0,0,0,0,0
21339165285440,7.459612,1786372796676510996,,0,0,0,0,0,0,0,0,0,0,0,0,0,0,0,0,0,0,0
21339185316224,7.4796428,1786372796696531482,,0,0,0,0,0,0,0,0,0,0,0,0,0,0,0,0,0,0,0
21339205393856,7.4997204,1786372796716527604,,0,0,0,0,0,0,0,0,0,0,0,0,0,0,0,0,0,0,0
21339225248128,7.5195747,1786372796736522440,,0,0,0,0,0,0,0,0,0,0,0,0,0,0,0,0,0,0,0
21339245253600,7.5395802,1786372796756507109,,0,0,0,0,0,0,0,0,0,0,0,0,0,0,0,0,0,0,0
21339265144128,7.5594707,1786372796776511259,,0,0,0,0,0,0,0,0,0,0,0,0,0,0,0,0,0,0,0
21339285231392,7.579558,1786372796796503838,,0,0,0,0,0,0,0,0,0,0,0,0,0,0,0,0,0,0,0
21339305370080,7.5996966,1786372796816510457,,0,0,0,0,0,0,0,0,0,0,0,0,0,0,0,0,0,0,0
21339325279168,7.6196057,1786372796836532226,,0,0,0,0,0,0,0,0,0,0,0,0,0,0,0,0,0,0,0
21339345253760,7.6395803,1786372796856527169,,0,0,0,0,0,0,0,0,0,0,0,0,0,0,0,0,0,0,0
21339365246528,7.6595731,1786372796876524005,,0,0,0,0,0,0,0,0,0,0,0,0,0,0,0,0,0,0,0
21339385249440,7.679576,1786372796896506322,,0,0,0,0,0,0,0,0,0,0,0,0,0,0,0,0,0,0,0
21339405363232,7.6996898,1786372796916510721,,0,0,0,0,0,0,0,0,0,0,0,0,0,0,0,0,0,0,0
21339425229344,7.7195559,1786372796936504212,,0,0,0,0,0,0,0,0,0,0,0,0,0,0,0,0,0,0,0
21339445223104,7.7395497,1786372796956510797,,0,0,0,0,0,0,0,0,0,0,0,0,0,0,0,0,0,0,0
21339465124672,7.7594512,1786372796976531045,,0,0,0,0,0,0,0,0,0,0,0,0,0,0,0,0,0,0,0
21339485282080,7.7796086,1786372796996526655,,0,0,0,0,0,0,0,0,0,0,0,0,0,0,0,0,0,0,0
21339505315712,7.7996423,1786372797016524083,,0,0,0,0,0,0,0,0,0,0,0,0,0,0,0,0,0,0,0
21339525256928,7.8195835,1786372797036506038,,0,0,0,0,0,0,0,0,0,0,0,0,0,0,0,0,0,0,0
21339545232992,7.8395596,1786372797056512071,,0,0,0,0,0,0,0,0,0,0,0,0,0,0,0,0,0,0,0
21339565218656,7.8595452,1786372797076504536,,0,0,0,0,0,0,0,0,0,0,0,0,0,0,0,0,0,0,0
21339585240224,7.8795668,1786372797096514007,,0,0,0,0,0,0,0,0,0,0,0,0,0,0,0,0,0,0,0
21339605346464,7.899673,1786372797116532688,,0,0,0,0,0,0,0,0,0,0,0,0,0,0,0,0,0,0,0
21339625269696,7.9195963,1786372797136526758,,0,0,0,0,0,0,0,0,0,0,0,0,0,0,0,0,0,0,0
21339645271136,7.9395977,1786372797156539245,,0,0,0,0,0,0,0,0,0,0,0,0,0,0,0,0,0,0,0
21339665130176,7.9594567,1786372797176506367,,0,0,0,0,0,0,0,0,0,0,0,0,0,0,0,0,0,0,0
21339685284512,7.9796111,1786372797196510387,,0,0,0,0,0,0,0,0,0,0,0,0,0,0,0,0,0,0,0
21339705289664,7.9996162,1786372797216503503,,0,0,0,0,0,0,0,0,0,0,0,0,0,0,0,0,0,0,0
21339725209728,8.0195363,1786372797236511153,,0,0,0,0,0,0,0,0,0,0,0,0,0,0,0,0,0,0,0
21339745306592,8.0396332,1786372797256546584,,0,0,0,0,0,0,0,0,0,0,0,0,0,0,0,0,0,0,0
21339765261056,8.0595876,1786372797276527240,,0,0,0,0,0,0,0,0,0,0,0,0,0,0,0,0,0,0,0
21339785271424,8.079598,1786372797296524686,,0,0,0,0,0,0,0,0,0,0,0,0,0,0,0,0,0,0,0
21339805344640,8.0996712,1786372797316507062,,0,0,0,0,0,0,0,0,0,0,0,0,0,0,0,0,0,0,0
21339825208288,8.1195348,1786372797336512132,,0,0,0,0,0,0,0,0,0,0,0,0,0,0,0,0,0,0,0
21339845199744,8.1395263,1786372797356504648,,0,0,0,0,0,0,0,0,0,0,0,0,0,0,0,0,0,0,0
21339865246880,8.1595734,1786372797376510976,,0,0,0,0,0,0,0,0,0,0,0,0,0,0,0,0,0,0,0
21339885240608,8.1795672,1786372797396531159,,0,0,0,0,0,0,0,0,0,0,0,0,0,0,0,0,0,0,0
21339905282624,8.1996092,1786372797416527912,,0,0,0,0,0,0,0,0,0,0,0,0,0,0,0,0,0,0,0
21339925246880,8.2195734,1786372797436524206,,0,0,0,0,0,0,0,0,0,0,0,0,0,0,0,0,0,0,0
21339945215456,8.239542,1786372797456506590,,0,0,0,0,0,0,0,0,0,0,0,0,0,0,0,0,0,0,0
21339965194560,8.2595211,1786372797476511462,,0,0,0,0,0,0,0,0,0,0,0,0,0,0,0,0,0,0,0
21339985246144,8.2795727,1786372797496504786,,0,0,0,0,0,0,0,0,0,0,0,0,0,0,0,0,0,0,0
21340005286048,8.2996126,1786372797516511206,,0,0,0,0,0,0,0,0,0,0,0,0,0,0,0,0,0,0,0
21340025246368,8.3195729,1786372797536532527,,0,0,0,0,0,0,0,0,0,0,0,0,0,0,0,0,0,0,0
21340045229408,8.339556,1786372797556541710,,0,0,0,0,0,0,0,0,0,0,0,0,0,0,0,0,0,0,0
21340065104960,8.3594315,1786372797576525164,,0,0,0,0,0,0,0,0,0,0,0,0,0,0,0,0,0,0,0
21340085202656,8.3795292,1786372797596509302,,0,0,0,0,0,0,0,0,0,0,0,0,0,0,0,0,0,0,0
21340105248256,8.3995748,1786372797616512029,,0,0,0,0,0,0,0,0,0,0,0,0,0,0,0,0,0,0,0
21340125186144,8.4195127,1786372797636503979,,0,0,0,0,0,0,0,0,0,0,0,0,0,0,0,0,0,0,0
21340145249152,8.4395757,1786372797656510538,,0,0,0,0,0,0,0,0,0,0,0,0,0,0,0,0,0,0,0
21340165231616,8.4595582,1786372797676531601,,0,0,0,0,0,0,0,0,0,0,0,0,0,0,0,0,0,0,0
21340185228096,8.4795547,1786372797696527845,,0,0,0,0,0,0,0,0,0,0,0,0,0,0,0,0,0,0,0
21340205427040,8.4997536,1786372797716523759,,0,0,0,0,0,0,0,0,0,0,0,0,0,0,0,0,0,0,0
21340225206208,8.5195328,1786372797736507500,,0,0,0,0,0,0,0,0,0,0,0,0,0,0,0,0,0,0,0
21340245194240,8.5395208,1786372797756511915,,0,0,0,0,0,0,0,0,0,0,0,0,0,0,0,0,0,0,0
21340265130464,8.559457,1786372797776504156,,0,0,0,0,0,0,0,0,0,0,0,0,0,0,0,0,0,0,0
21340285191776,8.5795183,1786372797796509861,,0,0,0,0,0,0,0,0,0,0,0,0,0,0,0,0,0,0,0
21340305268192,8.5995948,1786372797816535265,,0,0,0,0,0,0,0,0,0,0,0,0,0,0,0,0,0,0,0
21340325203968,8.6195305,1786372797836527414,,0,0,0,0,0,0,0,0,0,0,0,0,0,0,0,0,0,0,0
21340345199872,8.6395264,1786372797856525188,,0,0,0,0,0,0,0,0,0,0,0,0,0,0,0,0,0,0,0
21340365174912,8.6595015,1786372797876507244,,0,0,0,0,0,0,0,0,0,0,0,0,0,0,0,0,0,0,0
21340385192832,8.6795194,1786372797896510580,,0,0,0,0,0,0,0,0,0,0,0,0,0,0,0,0,0,0,0
21340405264896,8.6995915,1786372797916504090,,0,0,0,0,0,0,0,0,0,0,0,0,0,0,0,0,0,0,0
21340425164768,8.7194913,1786372797936510239,,0,0,0,0,0,0,0,0,0,0,0,0,0,0,0,0,0,0,0
21340445197888,8.7395244,1786372797956531038,,0,0,0,0,0,0,0,0,0,0,0,0,0,0,0,0,0,0,0
21340465129824,8.7594564,1786372797976527741,,0,0,0,0,0,0,0,0,0,0,0,0,0,0,0,0,0,0,0
21340485452736,8.7797793,1786372797996522612,,0,0,0,0,0,0,0,0,0,0,0,0,0,0,0,0,0,0,0
21340506431904,8.8007585,1786372798016506007,,0,0,0,0,0,0,0,0,0,0,0,0,0,0,0,0,0,0,0
21340525174560,8.8195011,1786372798036510689,,0,0,0,0,0,0,0,0,0,0,0,0,0,0,0,0,0,0,0
21340545207968,8.8395345,1786372798056504670,,0,0,0,0,0,0,0,0,0,0,0,0,0,0,0,0,0,0,0
21340565199104,8.8595257,1786372798076511552,,0,0,0,0,0,0,0,0,0,0,0,0,0,0,0,0,0,0,0
21340585236896,8.8795635,1786372798096534358,,0,0,0,0,0,0,0,0,0,0,0,0,0,0,0,0,0,0,0
21340605225184,8.8995517,1786372798116527842,,0,0,0,0,0,0,0,0,0,0,0,0,0,0,0,0,0,0,0
21340625175456,8.919502,1786372798136523641,,0,0,0,0,0,0,0,0,0,0,0,0,0,0,0,0,0,0,0
21340645185632,8.9395122,1786372798156506232,,0,0,0,0,0,0,0,0,0,0,0,0,0,0,0,0,0,0,0
21340665081888,8.9594084,1786372798176510568,,0,0,0,0,0,0,0,0,0,0,0,0,0,0,0,0,0,0,0
21340685183488,8.97951,1786372798196503615,,0,0,0,0,0,0,0,0,0,0,0,0,0,0,0,0,0,0,0
21340705193312,8.9995199,1786372798216510659,,0,0,0,0,0,0,0,0,0,0,0,0,0,0,0,0,0,0,0
21340725197600,9.0195242,1786372798236531263,,0,0,0,0,0,0,0,0,0,0,0,0,0,0,0,0,0,0,0
21340745196160,9.0395227,1786372798256527646,,0,0,0,0,0,0,0,0,0,0,0,0,0,0,0,0,0,0,0
21340765204096,9.0595307,1786372798276524145,,0,0,0,0,0,0,0,0,0,0,0,0,0,0,0,0,0,0,0
21340785191776,9.0795183,1786372798296506414,,0,0,0,0,0,0,0,0,0,0,0,0,0,0,0,0,0,0,0
21340805236384,9.0995629,1786372798316526390,,0,0,0,0,0,0,0,0,0,0,0,0,0,0,0,0,0,0,0
21340825168544,9.1194951,1786372798336504311,,0,0,0,0,0,0,0,0,0,0,0,0,0,0,0,0,0,0,0
21340845198848,9.1395254,1786372798356512002,,0,0,0,0,0,0,0,0,0,0,0,0,0,0,0,0,0,0,0
21340865195264,9.1595218,1786372798376532437,,0,0,0,0,0,0,0,0,0,0,0,0,0,0,0,0,0,0,0
21340885199520,9.1795261,1786372798396527462,,0,0,0,0,0,0,0,0,0,0,0,0,0,0,0,0,0,0,0
21340905207328,9.1995339,1786372798416524513,,0,0,0,0,0,0,0,0,0,0,0,0,0,0,0,0,0,0,0
21340925163136,9.2194897,1786372798436507622,,0,0,0,0,0,0,0,0,0,0,0,0,0,0,0,0,0,0,0
21340945157632,9.2394842,1786372798456511047,,0,0,0,0,0,0,0,0,0,0,0,0,0,0,0,0,0,0,0
21340965185088,9.2595116,1786372798476504506,,0,0,0,0,0,0,0,0,0,0,0,0,0,0,0,0,0,0,0
21340985172064,9.2794986,1786372798496510978,,0,0,0,0,0,0,0,0,0,0,0,0,0,0,0,0,0,0,0
21341005252064,9.2995786,1786372798516532829,,0,0,0,0,0,0,0,0,0,0,0,0,0,0,0,0,0,0,0
21341025163744,9.3194903,1786372798536527332,,0,0,0,0,0,0,0,0,0,0,0,0,0,0,0,0,0,0,0
21341045197216,9.3395238,1786372798556523297,,0,0,0,0,0,0,0,0,0,0,0,0,0,0,0,0,0,0,0
21341065095616,9.3594222,1786372798576507032,,0,0,0,0,0,0,0,0,0,0,0,0,0,0,0,0,0,0,0
21341085160416,9.379487,1786372798596513232,,0,0,0,0,0,0,0,0,0,0,0,0,0,0,0,0,0,0,0
21341105162144,9.3994887,1786372798616504661,,0,0,0,0,0,0,0,0,0,0,0,0,0,0,0,0,0,0,0
21341125213728,9.4195403,1786372798636511150,,0,0,0,0,0,0,0,0,0,0,0,0,0,0,0,0,0,0,0
21341145202048,9.4395286,1786372798656531430,,0,0,0,0,0,0,0,0,0,0,0,0,0,0,0,0,0,0,0
21341165184352,9.4595109,1786372798676527260,,0,0,0,0,0,0,0,0,0,0,0,0,0,0,0,0,0,0,0
21341185164544,9.4794911,1786372798696525053,,0,0,0,0,0,0,0,0,0,0,0,0,0,0,0,0,0,0,0
21341205194464,9.499521,1786372798716506859,,0,0,0,0,0,0,0,0,0,0,0,0,0,0,0,0,0,0,0
21341225155968,9.5194825,1786372798736511953,,0,0,0,0,0,0,0,0,0,0,0,0,0,0,0,0,0,0,0
21341245156832,9.5394834,1786372798756504850,,0,0,0,0,0,0,0,0,0,0,0,0,0,0,0,0,0,0,0
21341265054272,9.5593808,1786372798776512106,,0,0,0,0,0,0,0,0,0,0,0,0,0,0,0,0,0,0,0
21341285172480,9.579499,1786372798796532297,,0,0,0,0,0,0,0,0,0,0,0,0,0,0,0,0,0,0,0
21341305150016,9.5994766,1786372798816527950,,0,0,0,0,0,0,0,0,0,0,0,0,0,0,0,0,0,0,0
21341325159808,9.6194864,1786372798836524713,,0,0,0,0,0,0,0,0,0,0,0,0,0,0,0,0,0,0,0
21341345137088,9.6394636,1786372798856507013,,0,0,0,0,0,0,0,0,0,0,0,0,0,0,0,0,0,0,0
21341365155232,9.6594818,1786372798876511825,,0,0,0,0,0,0,0,0,0,0,0,0,0,0,0,0,0,0,0
21341385132256,9.6794588,1786372798896504733,,0,0,0,0,0,0,0,0,0,0,0,0,0,0,0,0,0,0,0
21341405217152,9.6995437,1786372798916510919,,0,0,0,0,0,0,0,0,0,0,0,0,0,0,0,0,0,0,0
21341425137728,9.7194643,1786372798936533189,,0,0,0,0,0,0,0,0,0,0,0,0,0,0,0,0,0,0,0
21341445172640,9.7394992,1786372798956526922,,0,0,0,0,0,0,0,0,0,0,0,0,0,0,0,0,0,0,0
21341465096896,9.7594235,1786372798976523597,,0,0,0,0,0,0,0,0,0,0,0,0,0,0,0,0,0,0,0
21341485141696,9.7794683,1786372798996506786,,0,0,0,0,0,0,0,0,0,0,0,0,0,0,0,0,0,0,0
21341505134016,9.7994606,1786372799016511301,,0,0,0,0,0,0,0,0,0,0,0,0,0,0,0,0,0,0,0
21341525125344,9.8194519,1786372799036504885,,0,0,0,0,0,0,0,0,0,0,0,0,0,0,0,0,0,0,0
21341545139488,9.839466,1786372799056526971,,0,0,0,0,0,0,0,0,0,0,0,0,0,0,0,0,0,0,0
21341565169952,9.8594965,1786372799076531710,,0,0,0,0,0,0,0,0,0,0,0,0,0,0,0,0,0,0,0
21341585145600,9.8794722,1786372799096528896,,0,0,0,0,0,0,0,0,0,0,0,0,0,0,0,0,0,0,0
21341605150016,9.8994766,1786372799116524012,,0,0,0,0,0,0,0,0,0,0,0,0,0,0,0,0,0,0,0
21341625118976,9.9194455,1786372799136506277,,0,0,0,0,0,0,0,0,0,0,0,0,0,0,0,0,0,0,0
21341645142816,9.9394694,1786372799156510845,,0,0,0,0,0,0,0,0,0,0,0,0,0,0,0,0,0,0,0
21341665056928,9.9593835,1786372799176503027,,0,0,0,0,0,0,0,0,0,0,0,0,0,0,0,0,0,0,0
21341685135040,9.9794616,1786372799196511676,,0,0,0,0,0,0,0,0,0,0,0,0,0,0,0,0,0,0,0
21341705160288,9.9994868,1786372799216531239,,0,0,0,0,0,0,0,0,0,0,0,0,0,0,0,0,0,0,0
21341725157536,10.019484,1786372799236529026,,0,0,0,0,0,0,0,0,0,0,0,0,0,0,0,0,0,0,0
21341745145056,10.039472,1786372799256524734,,0,0,0,0,0,0,0,0,0,0,0,0,0,0,0,0,0,0,0
21341765134560,10.059461,1786372799276507719,,0,0,0,0,0,0,0,0,0,0,0,0,0,0,0,0,0,0,0
21341785114784,10.079441,1786372799296511080,,0,0,0,0,0,0,0,0,0,0,0,0,0,0,0,0,0,0,0
21341805102016,10.099429,1786372799316504406,,0,0,0,0,0,0,0,0,0,0,0,0,0,0,0,0,0,0,0
21341825115520,10.119442,1786372799336511655,,0,0,0,0,0,0,0,0,0,0,0,0,0,0,0,0,0,0,0
21341845150912,10.139477,1786372799356531581,,0,0,0,0,0,0,0,0,0,0,0,0,0,0,0,0,0,0,0
21341865014496,10.159341,1786372799376528754,,0,0,0,0,0,0,0,0,0,0,0,0,0,0,0,0,0,0,0
21341885125376,10.179452,1786372799396524798,,0,0,0,0,0,0,0,0,0,0,0,0,0,0,0,0,0,0,0
21341905108128,10.199435,1786372799416521904,,0,0,0,0,0,0,0,0,0,0,0,0,0,0,0,0,0,0,0
21341925121984,10.219449,1786372799436510948,,0,0,0,0,0,0,0,0,0,0,0,0,0,0,0,0,0,0,0
21341945210848,10.239537,1786372799456503764,,0,0,0,0,0,0,0,0,0,0,0,0,0,0,0,0,0,0,0
21341965160384,10.259487,1786372799476511539,,0,0,0,0,0,0,0,0,0,0,0,0,0,0,0,0,0,0,0
21341985140384,10.279467,1786372799496531964,,0,0,0,0,0,0,0,0,0,0,0,0,0,0,0,0,0,0,0
21342005132128,10.299459,1786372799516528094,,0,0,0,0,0,0,0,0,0,0,0,0,0,0,0,0,0,0,0
21342025160320,10.319487,1786372799536525555,,0,0,0,0,0,0,0,0,0,0,0,0,0,0,0,0,0,0,0
21342045102496,10.339429,1786372799556506965,,0,0,0,0,0,0,0,0,0,0,0,0,0,0,0,0,0,0,0
21342064999264,10.359326,1786372799576511527,,0,0,0,0,0,0,0,0,0,0,0,0,0,0,0,0,0,0,0
21342085111488,10.379438,1786372799596505659,,0,0,0,0,0,0,0,0,0,0,0,0,0,0,0,0,0,0,0
21342105260512,10.399587,1786372799616512089,,0,0,0,0,0,0,0,0,0,0,0,0,0,0,0,0,0,0,0
21342125151520,10.419478,1786372799636531487,,0,0,0,0,0,0,0,0,0,0,0,0,0,0,0,0,0,0,0
21342145153760,10.43948,1786372799656527822,,0,0,0,0,0,0,0,0,0,0,0,0,0,0,0,0,0,0,0
21342165114624,10.459441,1786372799676524251,,0,0,0,0,0,0,0,0,0,0,0,0,0,0,0,0,0,0,0
21342185113952,10.479441,1786372799696507220,,0,0,0,0,0,0,0,0,0,0,0,0,0,0,0,0,0,0,0
21342205194848,10.499521,1786372799716511780,,0,0,0,0,0,0,0,0,0,0,0,0,0,0,0,0,0,0,0
21342225097216,10.519424,1786372799736504846,,0,0,0,0,0,0,0,0,0,0,0,0,0,0,0,0,0,0,0
21342245100000,10.539427,1786372799756511389,,0,0,0,0,0,0,0,0,0,0,0,0,0,0,0,0,0,0,0
21342265054848,10.559381,1786372799776531866,,0,0,0,0,0,0,0,0,0,0,0,0,0,0,0,0,0,0,0
21342285107008,10.579434,1786372799796526000,,0,0,0,0,0,0,0,0,0,0,0,0,0,0,0,0,0,0,0
21342305205056,10.599532,1786372799816525031,,0,0,0,0,0,0,0,0,0,0,0,0,0,0,0,0,0,0,0
21342325093440,10.61942,1786372799836506793,,0,0,0,0,0,0,0,0,0,0,0,0,0,0,0,0,0,0,0
21342345120832,10.639447,1786372799856512167,,0,0,0,0,0,0,0,0,0,0,0,0,0,0,0,0,0,0,0
21342365091616,10.659418,1786372799876504724,,0,0,0,0,0,0,0,0,0,0,0,0,0,0,0,0,0,0,0
21342385088704,10.679415,1786372799896511067,,0,0,0,0,0,0,0,0,0,0,0,0,0,0,0,0,0,0,0
21342405214208,10.699541,1786372799916532217,,0,0,0,0,0,0,0,0,0,0,0,0,0,0,0,0,0,0,0
21342425130656,10.719457,1786372799936526893,,0,0,0,0,0,0,0,0,0,0,0,0,0,0,0,0,0,0,0
21342445110208,10.739437,1786372799956524383,,0,0,0,0,0,0,0,0,0,0,0,0,0,0,0,0,0,0,0
21342465022176,10.759349,1786372799976508024,,0,0,0,0,0,0,0,0,0,0,0,0,0,0,0,0,0,0,0
21342485088320,10.779415,1786372799996511100,,0,0,0,0,0,0,0,0,0,0,0,0,0,0,0,0,0,0,0
21342505183680,10.79951,1786372800016504683,,0,0,0,0,0,0,0,0,0,0,0,0,0,0,0,0,0,0,0
21342525096224,10.819423,1786372800036511248,,0,0,0,0,0,0,0,0,0,0,0,0,0,0,0,0,0,0,0
21342545127616,10.839454,1786372800056531483,,0,0,0,0,0,0,0,0,0,0,0,0,0,0,0,0,0,0,0
21342565096256,10.859423,1786372800076526566,,0,0,0,0,0,0,0,0,0,0,0,0,0,0,0,0,0,0,0
21342585100960,10.879428,1786372800096525871,,0,0,0,0,0,0,0,0,0,0,0,0,0,0,0,0,0,0,0
21342605171584,10.899498,1786372800116507093,,0,0,0,0,0,0,0,0,0,0,0,0,0,0,0,0,0,0,0
21342625100960,10.919428,1786372800136510972,,0,0,0,0,0,0,0,0,0,0,0,0,0,0,0,0,0,0,0
21342645084480,10.939411,1786372800156504481,,0,0,0,0,0,0,0,0,0,0,0,0,0,0,0,0,0,0,0
21342664978496,10.959305,1786372800176509858,,0,0,0,0,0,0,0,0,0,0,0,0,0,0,0,0,0,0,0
21342685091552,10.979418,1786372800196531182,,0,0,0,0,0,0,0,0,0,0,0,0,0,0,0,0,0,0,0
21342705193216,10.99952,1786372800216527533,,0,0,0,0,0,0,0,0,0,0,0,0,0,0,0,0,0,0,0
21342725100032,11.019427,1786372800236522895,,0,0,0,0,0,0,0,0,0,0,0,0,0,0,0,0,0,0,0
21342745112352,11.039439,1786372800256506588,,0,0,0,0,0,0,0,0,0,0,0,0,0,0,0,0,0,0,0
21342765078080,11.059405,1786372800276509988,,0,0,0,0,0,0,0,0,0,0,0,0,0,0,0,0,0,0,0
21342785082304,11.079409,1786372800296503127,,0,0,0,0,0,0,0,0,0,0,0,0,0,0,0,0,0,0,0
21342805175872,11.099502,1786372800316511763,,0,0,0,0,0,0,0,0,0,0,0,0,0,0,0,0,0,0,0
21342825125600,11.119452,1786372800336532133,,0,0,0,0,0,0,0,0,0,0,0,0,0,0,0,0,0,0,0
21342845089696,11.139416,1786372800356527468,,0,0,0,0,0,0,0,0,0,0,0,0,0,0,0,0,0,0,0
21342865150784,11.159477,1786372800376524213,,0,0,0,0,0,0,0,0,0,0,0,0,0,0,0,0,0,0,0
21342885069248,11.179396,1786372800396506949,,0,0,0,0,0,0,0,0,0,0,0,0,0,0,0,0,0,0,0
21342905331072,11.199658,1786372800416510906,,0,0,0,0,0,0,0,0,0,0,0,0,0,0,0,0,0,0,0
21342925080288,11.219407,1786372800436504609,,0,0,0,0,0,0,0,0,0,0,0,0,0,0,0,0,0,0,0
21342945110144,11.239437,1786372800456511126,,0,0,0,0,0,0,0,0,0,0,0,0,0,0,0,0,0,0,0
21342965078752,11.259405,1786372800476531979,,0,0,0,0,0,0,0,0,0,0,0,0,0,0,0,0,0,0,0
21342985100800,11.279427,1786372800496526351,,0,0,0,0,0,0,0,0,0,0,0,0,0,0,0,0,0,0,0
21343005198144,11.299525,1786372800516523334,,0,0,0,0,0,0,0,0,0,0,0,0,0,0,0,0,0,0,0
21343025100736,11.319427,1786372800536507000,,0,0,0,0,0,0,0,0,0,0,0,0,0,0,0,0,0,0,0
21343045076256,11.339403,1786372800556511310,,0,0,0,0,0,0,0,0,0,0,0,0,0,0,0,0,0,0,0
21343065001600,11.359328,1786372800576504771,,0,0,0,0,0,0,0,0,0,0,0,0,0,0,0,0,0,0,0
21343085085344,11.379412,1786372800596514932,,0,0,0,0,0,0,0,0,0,0,0,0,0,0,0,0,0,0,0
21343105317280,11.399644,1786372800616532673,,0,0,0,0,0,0,0,0,0,0,0,0,0,0,0,0,0,0,0
21343125096928,11.419423,1786372800636527229,,0,0,0,0,0,0,0,0,0,0,0,0,0,0,0,0,0,0,0
21343145081056,11.439408,1786372800656523596,,0,0,0,0,0,0,0,0,0,0,0,0,0,0,0,0,0,0,0
21343165076512,11.459403,1786372800676506683,,0,0,0,0,0,0,0,0,0,0,0,0,0,0,0,0,0,0,0
21343185053024,11.47938,1786372800696511333,,0,0,0,0,0,0,0,0,0,0,0,0,0,0,0,0,0,0,0
21343205185760,11.499512,1786372800716504720,,0,0,0,0,0,0,0,0,0,0,0,0,0,0,0,0,0,0,0
21343225059392,11.519386,1786372800736511483,,0,0,0,0,0,0,0,0,0,0,0,0,0,0,0,0,0,0,0
21343245096480,11.539423,1786372800756531333,,0,0,0,0,0,0,0,0,0,0,0,0,0,0,0,0,0,0,0
21343264983648,11.55931,1786372800776527883,,0,0,0,0,0,0,0,0,0,0,0,0,0,0,0,0,0,0,0
21343285062848,11.579389,1786372800796523512,,0,0,0,0,0,0,0,0,0,0,0,0,0,0,0,0,0,0,0
21343305126368,11.599453,1786372800816507009,,0,0,0,0,0,0,0,0,0,0,0,0,0,0,0,0,0,0,0
21343325066784,11.619393,1786372800836511779,,0,0,0,0,0,0,0,0,0,0,0,0,0,0,0,0,0,0,0
21343345084288,11.639411,1786372800856505736,,0,0,0,0,0,0,0,0,0,0,0,0,0,0,0,0,0,0,0
21343365072480,11.659399,1786372800876511541,,0,0,0,0,0,0,0,0,0,0,0,0,0,0,0,0,0,0,0
21343385072480,11.679399,1786372800896532549,,0,0,0,0,0,0,0,0,0,0,0,0,0,0,0,0,0,0,0
21343405204992,11.699532,1786372800916527581,,0,0,0,0,0,0,0,0,0,0,0,0,0,0,0,0,0,0,0
21343425097600,11.719424,1786372800936523365,,0,0,0,0,0,0,0,0,0,0,0,0,0,0,0,0,0,0,0
21343445077312,11.739404,1786372800956507182,,0,0,0,0,0,0,0,0,0,0,0,0,0,0,0,0,0,0,0
21343465039040,11.759366,1786372800976511474,,0,0,0,0,0,0,0,0,0,0,0,0,0,0,0,0,0,0,0
21343485037120,11.779364,1786372800996504510,,0,0,0,0,0,0,0,0,0,0,0,0,0,0,0,0,0,0,0
21343505269248,11.799596,1786372801016511651,,0,0,0,0,0,0,0,0,0,0,0,0,0,0,0,0,0,0,0
21343525092032,11.819419,1786372801036536577,,0,0,0,0,0,0,0,0,0,0,0,0,0,0,0,0,0,0,0
21343545316032,11.839643,1786372801056526917,,0,0,0,0,0,0,0,0,0,0,0,0,0,0,0,0,0,0,0
21343565046816,11.859373,1786372801076523430,,0,0,0,0,0,0,0,0,0,0,0,0,0,0,0,0,0,0,0
21343585050176,11.879377,1786372801096507845,,0,0,0,0,0,0,0,0,0,0,0,0,0,0,0,0,0,0,0
21343605201056,11.899528,1786372801116510351,,0,0,0,0,0,0,0,0,0,0,0,0,0,0,0,0,0,0,0
21343625103456,11.91943,1786372801136505332,,0,0,0,0,0,0,0,0,0,0,0,0,0,0,0,0,0,0,0
21343645026560,11.939353,1786372801156511197,,0,0,0,0,0,0,0,0,0,0,0,0,0,0,0,0,0,0,0
21343664935616,11.959262,1786372801176531219,,0,0,0,0,0,0,0,0,0,0,0,0,0,0,0,0,0,0,0
21343685075456,11.979402,1786372801196527191,,0,0,0,0,0,0,0,0,0,0,0,0,0,0,0,0,0,0,0
21343705103072,11.99943,1786372801216523719,,0,0,0,0,0,0,0,0,0,0,0,0,0,0,0,0,0,0,0
21343725047488,12.019374,1786372801236507519,,0,0,0,0,0,0,0,0,0,0,0,0,0,0,0,0,0,0,0
21343745057376,12.039384,1786372801256511184,,0,0,0,0,0,0,0,0,0,0,0,0,0,0,0,0,0,0,0
21343765018464,12.059345,1786372801276504210,,0,0,0,0,0,0,0,0,0,0,0,0,0,0,0,0,0,0,0
21343785039552,12.079366,1786372801296510423,,0,0,0,0,0,0,0,0,0,0,0,0,0,0,0,0,0,0,0
21343805074688,12.099401,1786372801316533341,,0,0,0,0,0,0,0,0,0,0,0,0,0,0,0,0,0,0,0
21343825045600,12.119372,1786372801336527633,,0,0,0,0,0,0,0,0,0,0,0,0,0,0,0,0,0,0,0
21343845041408,12.139368,1786372801356523811,,0,0,0,0,0,0,0,0,0,0,0,0,0,0,0,0,0,0,0
21343864964896,12.159291,1786372801376505924,,0,0,0,0,0,0,0,0,0,0,0,0,0,0,0,0,0,0,0
21343885051776,12.179378,1786372801396510531,,0,0,0,0,0,0,0,0,0,0,0,0,0,0,0,0,0,0,0
21343905084416,12.199411,1786372801416504702,,0,0,0,0,0,0,0,0,0,0,0,0,0,0,0,0,0,0,0
21343925022976,12.21935,1786372801436510126,,0,0,0,0,0,0,0,0,0,0,0,0,0,0,0,0,0,0,0
21343945073600,12.2394,1786372801456530790,,0,0,0,0,0,0,0,0,0,0,0,0,0,0,0,0,0,0,0
21343965028960,12.259356,1786372801476526727,,0,0,0,0,0,0,0,0,0,0,0,0,0,0,0,0,0,0,0
21343985052896,12.279379,1786372801496523517,,0,0,0,0,0,0,0,0,0,0,0,0,0,0,0,0,0,0,0
21344005076320,12.299403,1786372801516507564,,0,0,0,0,0,0,0,0,0,0,0,0,0,0,0,0,0,0,0
21344025060160,12.319387,1786372801536512288,,0,0,0,0,0,0,0,0,0,0,0,0,0,0,0,0,0,0,0
21344045012512,12.339339,1786372801556504794,,0,0,0,0,0,0,0,0,0,0,0,0,0,0,0,0,0,0,0
21344064912800,12.359239,1786372801576511864,,0,0,0,0,0,0,0,0,0,0,0,0,0,0,0,0,0,0,0
21344085068480,12.379395,1786372801596534357,,0,0,0,0,0,0,0,0,0,0,0,0,0,0,0,0,0,0,0
21344105076320,12.399403,1786372801616527085,,0,0,0,0,0,0,0,0,0,0,0,0,0,0,0,0,0,0,0
21344125030336,12.419357,1786372801636524633,,0,0,0,0,0,0,0,0,0,0,0,0,0,0,0,0,0,0,0
21344145067840,12.439394,1786372801656507699,,0,0,0,0,0,0,0,0,0,0,0,0,0,0,0,0,0,0,0
21344165034400,12.459361,1786372801676510991,,0,0,0,0,0,0,0,0,0,0,0,0,0,0,0,0,0,0,0
21344185022272,12.479349,1786372801696503756,,0,0,0,0,0,0,0,0,0,0,0,0,0,0,0,0,0,0,0
21344205047776,12.499374,1786372801716512090,,0,0,0,0,0,0,0,0,0,0,0,0,0,0,0,0,0,0,0
21344225292608,12.519619,1786372801736531255,,0,0,0,0,0,0,0,0,0,0,0,0,0,0,0,0,0,0,0
21344245026016,12.539353,1786372801756526588,,0,0,0,0,0,0,0,0,0,0,0,0,0,0,0,0,0,0,0
21344264925024,12.559252,1786372801776524173,,0,0,0,0,0,0,0,0,0,0,0,0,0,0,0,0,0,0,0
21344285003072,12.57933,1786372801796506726,,0,0,0,0,0,0,0,0,0,0,0,0,0,0,0,0,0,0,0
21344305093504,12.59942,1786372801816513052,,0,0,0,0,0,0,0,0,0,0,0,0,0,0,0,0,0,0,0
21344325010656,12.619337,1786372801836504989,,0,0,0,0,0,0,0,0,0,0,0,0,0,0,0,0,0,0,0
21344345038560,12.639365,1786372801856511389,,0,0,0,0,0,0,0,0,0,0,0,0,0,0,0,0,0,0,0
21344365016704,12.659343,1786372801876531158,,0,0,0,0,0,0,0,0,0,0,0,0,0,0,0,0,0,0,0
21344385034112,12.679361,1786372801896528556,,0,0,0,0,0,0,0,0,0,0,0,0,0,0,0,0,0,0,0
21344405054016,12.699381,1786372801916523744,,0,0,0,0,0,0,0,0,0,0,0,0,0,0,0,0,0,0,0
21344425008480,12.719335,1786372801936506338,,0,0,0,0,0,0,0,0,0,0,0,0,0,0,0,0,0,0,0
21344445016800,12.739343,1786372801956511134,,0,0,0,0,0,0,0,0,0,0,0,0,0,0,0,0,0,0,0
21344464881280,12.759208,1786372801976503970,,0,0,0,0,0,0,0,0,0,0,0,0,0,0,0,0,0,0,0
21344485006528,12.779333,1786372801996510669,,0,0,0,0,0,0,0,0,0,0,0,0,0,0,0,0,0,0,0
21344505040864,12.799367,1786372802016532150,,0,0,0,0,0,0,0,0,0,0,0,0,0,0,0,0,0,0,0
21344525007840,12.819334,1786372802036528133,,0,0,0,0,0,0,0,0,0,0,0,0,0,0,0,0,0,0,0
21344545036096,12.839363,1786372802056524183,,0,0,0,0,0,0,0,0,0,0,0,0,0,0,0,0,0,0,0
21344565018208,12.859345,1786372802076521105,,0,0,0,0,0,0,0,0,0,0,0,0,0,0,0,0,0,0,0
21344585043328,12.87937,1786372802096514939,,0,0,0,0,0,0,0,0,0,0,0,0,0,0,0,0,0,0,0
21344605048416,12.899375,1786372802116505525,,0,0,0,0,0,0,0,0,0,0,0,0,0,0,0,0,0,0,0
21344624990944,12.919318,1786372802136512408,,0,0,0,0,0,0,0,0,0,0,0,0,0,0,0,0,0,0,0
21344645003104,12.93933,1786372802156531512,,0,0,0,0,0,0,0,0,0,0,0,0,0,0,0,0,0,0,0
21344664940896,12.959267,1786372802176527627,,0,0,0,0,0,0,0,0,0,0,0,0,0,0,0,0,0,0,0
21344685031488,12.979358,1786372802196523647,,0,0,0,0,0,0,0,0,0,0,0,0,0,0,0,0,0,0,0
21344705041408,12.999368,1786372802216507060,,0,0,0,0,0,0,0,0,0,0,0,0,0,0,0,0,0,0,0
21344724988896,13.019315,1786372802236511606,,0,0,0,0,0,0,0,0,0,0,0,0,0,0,0,0,0,0,0
21344745026496,13.039353,1786372802256504549,,0,0,0,0,0,0,0,0,0,0,0,0,0,0,0,0,0,0,0
21344764992320,13.059319,1786372802276510702,,0,0,0,0,0,0,0,0,0,0,0,0,0,0,0,0,0,0,0
21344785050560,13.079377,1786372802296532219,,0,0,0,0,0,0,0,0,0,0,0,0,0,0,0,0,0,0,0
21344805073728,13.0994,1786372802316525564,,0,0,0,0,0,0,0,0,0,0,0,0,0,0,0,0,0,0,0
21344824988352,13.119315,1786372802336524260,,0,0,0,0,0,0,0,0,0,0,0,0,0,0,0,0,0,0,0
21344844981856,13.139308,1786372802356507169,,0,0,0,0,0,0,0,0,0,0,0,0,0,0,0,0,0,0,0
21344864877152,13.159204,1786372802376511560,,0,0,0,0,0,0,0,0,0,0,0,0,0,0,0,0,0,0,0
21344884994528,13.179321,1786372802396504193,,0,0,0,0,0,0,0,0,0,0,0,0,0,0,0,0,0,0,0
21344905085312,13.199412,1786372802416510287,,0,0,0,0,0,0,0,0,0,0,0,0,0,0,0,0,0,0,0
21344925004512,13.219331,1786372802436530810,,0,0,0,0,0,0,0,0,0,0,0,0,0,0,0,0,0,0,0
21344944992608,13.239319,1786372802456527479,,0,0,0,0,0,0,0,0,0,0,0,0,0,0,0,0,0,0,0
21344965015488,13.259342,1786372802476524154,,0,0,0,0,0,0,0,0,0,0,0,0,0,0,0,0,0,0,0
21344985002656,13.279329,1786372802496506416,,0,0,0,0,0,0,0,0,0,0,0,0,0,0,0,0,0,0,0
21345005007328,13.299334,1786372802516510135,,0,0,0,0,0,0,0,0,0,0,0,0,0,0,0,0,0,0,0
21345024976832,13.319303,1786372802536505292,,0,0,0,0,0,0,0,0,0,0,0,0,0,0,0,0,0,0,0
21345044989536,13.339316,1786372802556510903,,0,0,0,0,0,0,0,0,0,0,0,0,0,0,0,0,0,0,0
21345064887776,13.359214,1786372802576531611,,0,0,0,0,0,0,0,0,0,0,0,0,0,0,0,0,0,0,0
21345084996256,13.379323,1786372802596530024,,0,0,0,0,0,0,0,0,0,0,0,0,0,0,0,0,0,0,0
21345105096320,13.399423,1786372802616523125,,0,0,0,0,0,0,0,0,0,0,0,0,0,0,0,0,0,0,0
21345124971584,13.419298,1786372802636507695,,0,0,0,0,0,0,0,0,0,0,0,0,0,0,0,0,0,0,0
21345144962624,13.439289,1786372802656511839,,0,0,0,0,0,0,0,0,0,0,0,0,0,0,0,0,0,0,0
21345164978720,13.459305,1786372802676505596,,0,0,0,0,0,0,0,0,0,0,0,0,0,0,0,0,0,0,0
21345184978560,13.479305,1786372802696511688,,0,0,0,0,0,0,0,0,0,0,0,0,0,0,0,0,0,0,0
21345205039552,13.499366,1786372802716545071,,0,0,0,0,0,0,0,0,0,0,0,0,0,0,0,0,0,0,0
21345224967872,13.519294,1786372802736527384,,0,0,0,0,0,0,0,0,0,0,0,0,0,0,0,0,0,0,0
21345244989760,13.539316,1786372802756524924,,0,0,0,0,0,0,0,0,0,0,0,0,0,0,0,0,0,0,0
21345264908288,13.559235,1786372802776506920,,0,0,0,0,0,0,0,0,0,0,0,0,0,0,0,0,0,0,0
21345284962720,13.579289,1786372802796511520,,0,0,0,0,0,0,0,0,0,0,0,0,0,0,0,0,0,0,0
21345304997088,13.599324,1786372802816504703,,0,0,0,0,0,0,0,0,0,0,0,0,0,0,0,0,0,0,0
21345324973792,13.6193,1786372802836510742,,0,0,0,0,0,0,0,0,0,0,0,0,0,0,0,0,0,0,0
21345345018496,13.639345,1786372802856532003,,0,0,0,0,0,0,0,0,0,0,0,0,0,0,0,0,0,0,0
21345364976480,13.659303,1786372802876542017,,0,0,0,0,0,0,0,0,0,0,0,0,0,0,0,0,0,0,0
21345384974720,13.679301,1786372802896523172,,0,0,0,0,0,0,0,0,0,0,0,0,0,0,0,0,0,0,0
21345404977440,13.699304,1786372802916507436,,0,0,0,0,0,0,0,0,0,0,0,0,0,0,0,0,0,0,0
21345424963072,13.71929,1786372802936511240,,0,0,0,0,0,0,0,0,0,0,0,0,0,0,0,0,0,0,0
21345444931488,13.739258,1786372802956504481,,0,0,0,0,0,0,0,0,0,0,0,0,0,0,0,0,0,0,0
21345464888960,13.759216,1786372802976510680,,0,0,0,0,0,0,0,0,0,0,0,0,0,0,0,0,0,0,0
21345484989824,13.779316,1786372802996532861,,0,0,0,0,0,0,0,0,0,0,0,0,0,0,0,0,0,0,0
21345505047840,13.799374,1786372803016528257,,0,0,0,0,0,0,0,0,0,0,0,0,0,0,0,0,0,0,0
21345524949888,13.819276,1786372803036523206,,0,0,0,0,0,0,0,0,0,0,0,0,0,0,0,0,0,0,0
21345544945472,13.839272,1786372803056508012,,0,0,0,0,0,0,0,0,0,0,0,0,0,0,0,0,0,0,0
21345564968480,13.859295,1786372803076511490,,0,0,0,0,0,0,0,0,0,0,0,0,0,0,0,0,0,0,0
21345584971072,13.879298,1786372803096506356,,0,0,0,0,0,0,0,0,0,0,0,0,0,0,0,0,0,0,0
21345604961632,13.899288,1786372803116511281,,0,0,0,0,0,0,0,0,0,0,0,0,0,0,0,0,0,0,0
21345624969824,13.919296,1786372803136532555,,0,0,0,0,0,0,0,0,0,0,0,0,0,0,0,0,0,0,0
21345644976736,13.939303,1786372803156527496,,0,0,0,0,0,0,0,0,0,0,0,0,0,0,0,0,0,0,0
21345664929824,13.959256,1786372803176522860,,0,0,0,0,0,0,0,0,0,0,0,0,0,0,0,0,0,0,0
21345684953728,13.97928,1786372803196507779,,0,0,0,0,0,0,0,0,0,0,0,0,0,0,0,0,0,0,0
21345705038688,13.999365,1786372803216512312,,0,0,0,0,0,0,0,0,0,0,0,0,0,0,0,0,0,0,0
21345724935968,14.019263,1786372803236503329,,0,0,0,0,0,0,0,0,0,0,0,0,0,0,0,0,0,0,0
21345744963104,14.03929,1786372803256509800,,0,0,0,0,0,0,0,0,0,0,0,0,0,0,0,0,0,0,0
21345764969728,14.059296,1786372803276531317,,0,0,0,0,0,0,0,0,0,0,0,0,0,0,0,0,0,0,0
21345784960032,14.079287,1786372803296527399,,0,0,0,0,0,0,0,0,0,0,0,0,0,0,0,0,0,0,0
21345804988608,14.099315,1786372803316523495,,0,0,0,0,0,0,0,0,0,0,0,0,0,0,0,0,0,0,0
21345824950496,14.119277,1786372803336507993,,0,0,0,0,0,0,0,0,0,0,0,0,0,0,0,0,0,0,0
21345844958336,14.139285,1786372803356510048,,0,0,0,0,0,0,0,0,0,0,0,0,0,0,0,0,0,0,0
21345864963520,14.15929,1786372803376504100,,0,0,0,0,0,0,0,0,0,0,0,0,0,0,0,0,0,0,0
21345884926496,14.179253,1786372803396510818,,0,0,0,0,0,0,0,0,0,0,0,0,0,0,0,0,0,0,0
21345904970272,14.199297,1786372803416531484,,0,0,0,0,0,0,0,0,0,0,0,0,0,0,0,0,0,0,0
21345924928320,14.219255,1786372803436527207,,0,0,0,0,0,0,0,0,0,0,0,0,0,0,0,0,0,0,0
21345944952736,14.239279,1786372803456523472,,0,0,0,0,0,0,0,0,0,0,0,0,0,0,0,0,0,0,0
21345964933856,14.25926,1786372803476522229,,0,0,0,0,0,0,0,0,0,0,0,0,0,0,0,0,0,0,0
21345984932224,14.279259,1786372803496510736,,0,0,0,0,0,0,0,0,0,0,0,0,0,0,0,0,0,0,0
21346004939936,14.299266,1786372803516503698,,0,0,0,0,0,0,0,0,0,0,0,0,0,0,0,0,0,0,0
21346024937536,14.319264,1786372803536510361,,0,0,0,0,0,0,0,0,0,0,0,0,0,0,0,0,0,0,0
21346044965216,14.339292,1786372803556532355,,0,0,0,0,0,0,0,0,0,0,0,0,0,0,0,0,0,0,0
21346064862432,14.359189,1786372803576527315,,0,0,0,0,0,0,0,0,0,0,0,0,0,0,0,0,0,0,0
21346084942304,14.379269,1786372803596527405,,0,0,0,0,0,0,0,0,0,0,0,0,0,0,0,0,0,0,0
21346105018432,14.399345,1786372803616506399,,0,0,0,0,0,0,0,0,0,0,0,0,0,0,0,0,0,0,0
21346124913728,14.41924,1786372803636510729,,0,0,0,0,0,0,0,0,0,0,0,0,0,0,0,0,0,0,0
21346144955968,14.439283,1786372803656503690,,0,0,0,0,0,0,0,0,0,0,0,0,0,0,0,0,0,0,0
21346164939040,14.459266,1786372803676511780,,0,0,0,0,0,0,0,0,0,0,0,0,0,0,0,0,0,0,0
21346184959904,14.479286,1786372803696532172,,0,0,0,0,0,0,0,0,0,0,0,0,0,0,0,0,0,0,0
21346204956960,14.499284,1786372803716527743,,0,0,0,0,0,0,0,0,0,0,0,0,0,0,0,0,0,0,0
21346224957056,14.519284,1786372803736524320,,0,0,0,0,0,0,0,0,0,0,0,0,0,0,0,0,0,0,0
21346244915456,14.539242,1786372803756506714,,0,0,0,0,0,0,0,0,0,0,0,0,0,0,0,0,0,0,0
21346264864032,14.559191,1786372803776511252,,0,0,0,0,0,0,0,0,0,0,0,0,0,0,0,0,0,0,0
21346284924352,14.579251,1786372803796504423,,0,0,0,0,0,0,0,0,0,0,0,0,0,0,0,0,0,0,0
21346305007328,14.599334,1786372803816510487,,0,0,0,0,0,0,0,0,0,0,0,0,0,0,0,0,0,0,0
21346324961696,14.619288,1786372803836532254,,0,0,0,0,0,0,0,0,0,0,0,0,0,0,0,0,0,0,0
21346344969952,14.639297,1786372803856525987,,0,0,0,0,0,0,0,0,0,0,0,0,0,0,0,0,0,0,0
21346364950592,14.659277,1786372803876524528,,0,0,0,0,0,0,0,0,0,0,0,0,0,0,0,0,0,0,0
21346384927776,14.679254,1786372803896507344,,0,0,0,0,0,0,0,0,0,0,0,0,0,0,0,0,0,0,0
21346404923616,14.69925,1786372803916510553,,0,0,0,0,0,0,0,0,0,0,0,0,0,0,0,0,0,0,0
21346424895616,14.719222,1786372803936505427,,0,0,0,0,0,0,0,0,0,0,0,0,0,0,0,0,0,0,0
21346444922592,14.739249,1786372803956511716,,0,0,0,0,0,0,0,0,0,0,0,0,0,0,0,0,0,0,0
21346464814144,14.759141,1786372803976531853,,0,0,0,0,0,0,0,0,0,0,0,0,0,0,0,0,0,0,0
21346484924352,14.779251,1786372803996528551,,0,0,0,0,0,0,0,0,0,0,0,0,0,0,0,0,0,0,0
21346504922240,14.799249,1786372804016523142,,0,0,0,0,0,0,0,0,0,0,0,0,0,0,0,0,0,0,0
21346524912832,14.819239,1786372804036506401,,0,0,0,0,0,0,0,0,0,0,0,0,0,0,0,0,0,0,0
21346544766176,14.839093,1786372804056511933,,0,0,0,0,0,0,0,0,0,0,0,0,0,0,0,0,0,0,0
21346564903840,14.85923,1786372804076506073,,0,0,0,0,0,0,0,0,0,0,0,0,0,0,0,0,0,0,0
21346584911936,14.879238,1786372804096513326,,0,0,0,0,0,0,0,0,0,0,0,0,0,0,0,0,0,0,0
21346604922464,14.899249,1786372804116532439,,0,0,0,0,0,0,0,0,0,0,0,0,0,0,0,0,0,0,0
21346624924384,14.919251,1786372804136527036,,0,0,0,0,0,0,0,0,0,0,0,0,0,0,0,0,0,0,0
21346644916256,14.939243,1786372804156524297,,0,0,0,0,0,0,0,0,0,0,0,0,0,0,0,0,0,0,0
21346664785600,14.959112,1786372804176507258,,0,0,0,0,0,0,0,0,0,0,0,0,0,0,0,0,0,0,0
21346684905344,14.979232,1786372804196511224,,0,0,0,0,0,0,0,0,0,0,0,0,0,0,0,0,0,0,0
21346704918336,14.999245,1786372804216505058,,0,0,0,0,0,0,0,0,0,0,0,0,0,0,0,0,0,0,0
21346724897632,15.019224,1786372804236512122,,0,0,0,0,0,0,0,0,0,0,0,0,0,0,0,0,0,0,0
21346744928352,15.039255,1786372804256531989,,0,0,0,0,0,0,0,0,0,0,0,0,0,0,0,0,0,0,0
21346764926880,15.059253,1786372804276527885,,0,0,0,0,0,0,0,0,0,0,0,0,0,0,0,0,0,0,0
21346784889088,15.079216,1786372804296523051,,0,0,0,0,0,0,0,0,0,0,0,0,0,0,0,0,0,0,0
21346804897920,15.099224,1786372804316507270,,0,0,0,0,0,0,0,0,0,0,0,0,0,0,0,0,0,0,0
21346824902688,15.119229,1786372804336509840,,0,0,0,0,0,0,0,0,0,0,0,0,0,0,0,0,0,0,0
21346844900960,15.139228,1786372804356503946,,0,0,0,0,0,0,0,0,0,0,0,0,0,0,0,0,0,0,0
21346864775968,15.159103,1786372804376510432,,0,0,0,0,0,0,0,0,0,0,0,0,0,0,0,0,0,0,0
21346884899648,15.179226,1786372804396531576,,0,0,0,0,0,0,0,0,0,0,0,0,0,0,0,0,0,0,0
21346905107360,15.199434,1786372804416527601,,0,0,0,0,0,0,0,0,0,0,0,0,0,0,0,0,0,0,0
21346924926016,15.219253,1786372804436523876,,0,0,0,0,0,0,0,0,0,0,0,0,0,0,0,0,0,0,0
21346944909824,15.239236,1786372804456507279,,0,0,0,0,0,0,0,0,0,0,0,0,0,0,0,0,0,0,0
21346964895392,15.259222,1786372804476510614,,0,0,0,0,0,0,0,0,0,0,0,0,0,0,0,0,0,0,0
21346984867968,15.279195,1786372804496504201,,0,0,0,0,0,0,0,0,0,0,0,0,0,0,0,0,0,0,0
21347004965632,15.299292,1786372804516511184,,0,0,0,0,0,0,0,0,0,0,0,0,0,0,0,0,0,0,0
21347024916992,15.319244,1786372804536530770,,0,0,0,0,0,0,0,0,0,0,0,0,0,0,0,0,0,0,0
21347044908000,15.339235,1786372804556527770,,0,0,0,0,0,0,0,0,0,0,0,0,0,0,0,0,0,0,0
21347064798848,15.359125,1786372804576523158,,0,0,0,0,0,0,0,0,0,0,0,0,0,0,0,0,0,0,0
21347084914080,15.379241,1786372804596509206,,0,0,0,0,0,0,0,0,0,0,0,0,0,0,0,0,0,0,0
21347104946560,15.399273,1786372804616511452,,0,0,0,0,0,0,0,0,0,0,0,0,0,0,0,0,0,0,0
21347124896256,15.419223,1786372804636504154,,0,0,0,0,0,0,0,0,0,0,0,0,0,0,0,0,0,0,0
21347144888832,15.439215,1786372804656512044,,0,0,0,0,0,0,0,0,0,0,0,0,0,0,0,0,0,0,0
21347164917024,15.459244,1786372804676531030,,0,0,0,0,0,0,0,0,0,0,0,0,0,0,0,0,0,0,0
21347184888768,15.479215,1786372804696527346,,0,0,0,0,0,0,0,0,0,0,0,0,0,0,0,0,0,0,0
21347204961152,15.499288,1786372804716522880,,0,0,0,0,0,0,0,0,0,0,0,0,0,0,0,0,0,0,0
21347224864512,15.519191,1786372804736507821,,0,0,0,0,0,0,0,0,0,0,0,0,0,0,0,0,0,0,0
21347244883264,15.53921,1786372804756511693,,0,0,0,0,0,0,0,0,0,0,0,0,0,0,0,0,0,0,0
21347264803520,15.55913,1786372804776505430,,0,0,0,0,0,0,0,0,0,0,0,0,0,0,0,0,0,0,0
21347284889696,15.579216,1786372804796511306,,0,0,0,0,0,0,0,0,0,0,0,0,0,0,0,0,0,0,0
21347304990368,15.599317,1786372804816532557,,0,0,0,0,0,0,0,0,0,0,0,0,0,0,0,0,0,0,0
21347324893856,15.61922,1786372804836526413,,0,0,0,0,0,0,0,0,0,0,0,0,0,0,0,0,0,0,0
21347344899808,15.639226,1786372804856524967,,0,0,0,0,0,0,0,0,0,0,0,0,0,0,0,0,0,0,0
21347364890464,15.659217,1786372804876507412,,0,0,0,0,0,0,0,0,0,0,0,0,0,0,0,0,0,0,0
21347384875488,15.679202,1786372804896511679,,0,0,0,0,0,0,0,0,0,0,0,0,0,0,0,0,0,0,0
21347404866304,15.699193,1786372804916504386,,0,0,0,0,0,0,0,0,0,0,0,0,0,0,0,0,0,0,0
21347424851488,15.719178,1786372804936510028,,0,0,0,0,0,0,0,0,0,0,0,0,0,0,0,0,0,0,0
21347444881568,15.739208,1786372804956531824,,0,0,0,0,0,0,0,0,0,0,0,0,0,0,0,0,0,0,0
21347464798528,15.759125,1786372804976528749,,0,0,0,0,0,0,0,0,0,0,0,0,0,0,0,0,0,0,0
21347484856032,15.779183,1786372804996524734,,0,0,0,0,0,0,0,0,0,0,0,0,0,0,0,0,0,0,0
21347505045184,15.799372,1786372805016507733,,0,0,0,0,0,0,0,0,0,0,0,0,0,0,0,0,0,0,0
21347524925888,15.819252,1786372805036512290,,0,0,0,0,0,0,0,0,0,0,0,0,0,0,0,0,0,0,0
21347544918592,15.839245,1786372805056505640,,0,0,0,0,0,0,0,0,0,0,0,0,0,0,0,0,0,0,0
21347564864864,15.859191,1786372805076525435,,0,0,0,0,0,0,0,0,0,0,0,0,0,0,0,0,0,0,0
21347584919328,15.879246,1786372805096534711,,0,0,0,0,0,0,0,0,0,0,0,0,0,0,0,0,0,0,0
21347604969280,15.899296,1786372805116528370,,0,0,0,0,0,0,0,0,0,0,0,0,0,0,0,0,0,0,0
21347624888704,15.919215,1786372805136524661,,0,0,0,0,0,0,0,0,0,0,0,0,0,0,0,0,0,0,0
21347644876032,15.939203,1786372805156506759,,0,0,0,0,0,0,0,0,0,0,0,0,0,0,0,0,0,0,0
21347664746176,15.959073,1786372805176512588,,0,0,0,0,0,0,0,0,0,0,0,0,0,0,0,0,0,0,0
21347684840992,15.979168,1786372805196504389,,0,0,0,0,0,0,0,0,0,0,0,0,0,0,0,0,0,0,0
21347704990208,15.999317,1786372805216511550,,0,0,0,0,0,0,0,0,0,0,0,0,0,0,0,0,0,0,0
21347724864416,16.019191,1786372805236545755,,0,0,0,0,0,0,0,0,0,0,0,0,0,0,0,0,0,0,0
21347744868384,16.039195,1786372805256528041,,0,0,0,0,0,0,0,0,0,0,0,0,0,0,0,0,0,0,0
21347764851616,16.059178,1786372805276524840,,0,0,0,0,0,0,0,0,0,0,0,0,0,0,0,0,0,0,0
21347784877216,16.079204,1786372805296507420,,0,0,0,0,0,0,0,0,0,0,0,0,0,0,0,0,0,0,0
21347804942368,16.099269,1786372805316511872,,0,0,0,0,0,0,0,0,0,0,0,0,0,0,0,0,0,0,0
21347824834048,16.119161,1786372805336504438,,0,0,0,0,0,0,0,0,0,0,0,0,0,0,0,0,0,0,0
21347844833024,16.13916,1786372805356511285,,0,0,0,0,0,0,0,0,0,0,0,0,0,0,0,0,0,0,0
21347864743968,16.159071,1786372805376531863,,0,0,0,0,0,0,0,0,0,0,0,0,0,0,0,0,0,0,0
21347884885568,16.179212,1786372805396527652,,0,0,0,0,0,0,0,0,0,0,0,0,0,0,0,0,0,0,0
21347905011360,16.199338,1786372805416524415,,0,0,0,0,0,0,0,0,0,0,0,0,0,0,0,0,0,0,0
21347924857440,16.219184,1786372805436507394,,0,0,0,0,0,0,0,0,0,0,0,0,0,0,0,0,0,0,0
21347944855072,16.239182,1786372805456512080,,0,0,0,0,0,0,0,0,0,0,0,0,0,0,0,0,0,0,0
21347964838016,16.259165,1786372805476505953,,0,0,0,0,0,0,0,0,0,0,0,0,0,0,0,0,0,0,0
21347984856320,16.279183,1786372805496510612,,0,0,0,0,0,0,0,0,0,0,0,0,0,0,0,0,0,0,0
21348004800992,16.299128,1786372805516531520,,0,0,0,0,0,0,0,0,0,0,0,0,0,0,0,0,0,0,0
21348024869472,16.319196,1786372805536527725,,0,0,0,0,0,0,0,0,0,0,0,0,0,0,0,0,0,0,0
21348044846720,16.339173,1786372805556523333,,0,0,0,0,0,0,0,0,0,0,0,0,0,0,0,0,0,0,0
21348064716672,16.359043,1786372805576506813,,0,0,0,0,0,0,0,0,0,0,0,0,0,0,0,0,0,0,0
21348084862720,16.379189,1786372805596514595,,0,0,0,0,0,0,0,0,0,0,0,0,0,0,0,0,0,0,0
21348104957056,16.399284,1786372805616503965,,0,0,0,0,0,0,0,0,0,0,0,0,0,0,0,0,0,0,0
21348124838592,16.419165,1786372805636512146,,0,0,0,0,0,0,0,0,0,0,0,0,0,0,0,0,0,0,0
21348144865152,16.439192,1786372805656531316,,0,0,0,0,0,0,0,0,0,0,0,0,0,0,0,0,0,0,0
21348164842400,16.459169,1786372805676527945,,0,0,0,0,0,0,0,0,0,0,0,0,0,0,0,0,0,0,0
21348184872544,16.479199,1786372805696523850,,0,0,0,0,0,0,0,0,0,0,0,0,0,0,0,0,0,0,0
21348204826304,16.499153,1786372805716507136,,0,0,0,0,0,0,0,0,0,0,0,0,0,0,0,0,0,0,0
21348224832320,16.519159,1786372805736511475,,0,0,0,0,0,0,0,0,0,0,0,0,0,0,0,0,0,0,0
21348244823648,16.53915,1786372805756505157,,0,0,0,0,0,0,0,0,0,0,0,0,0,0,0,0,0,0,0
21348264722112,16.559049,1786372805776510930,,0,0,0,0,0,0,0,0,0,0,0,0,0,0,0,0,0,0,0
21348284883968,16.579211,1786372805796530896,,0,0,0,0,0,0,0,0,0,0,0,0,0,0,0,0,0,0,0
21348304845696,16.599172,1786372805816529542,,0,0,0,0,0,0,0,0,0,0,0,0,0,0,0,0,0,0,0
21348324831808,16.619158,1786372805836523592,,0,0,0,0,0,0,0,0,0,0,0,0,0,0,0,0,0,0,0
21348344832192,16.639159,1786372805856508371,,0,0,0,0,0,0,0,0,0,0,0,0,0,0,0,0,0,0,0
21348364813120,16.65914,1786372805876511557,,0,0,0,0,0,0,0,0,0,0,0,0,0,0,0,0,0,0,0
21348384841728,16.679168,1786372805896504171,,0,0,0,0,0,0,0,0,0,0,0,0,0,0,0,0,0,0,0
21348404825184,16.699152,1786372805916510393,,0,0,0,0,0,0,0,0,0,0,0,0,0,0,0,0,0,0,0
21348424829344,16.719156,1786372805936530782,,0,0,0,0,0,0,0,0,0,0,0,0,0,0,0,0,0,0,0
21348444827136,16.739154,1786372805956526736,,0,0,0,0,0,0,0,0,0,0,0,0,0,0,0,0,0,0,0
21348464767296,16.759094,1786372805976524573,,0,0,0,0,0,0,0,0,0,0,0,0,0,0,0,0,0,0,0
21348484802784,16.779129,1786372805996507578,,0,0,0,0,0,0,0,0,0,0,0,0,0,0,0,0,0,0,0
21348504904032,16.799231,1786372806016512103,,0,0,0,0,0,0,0,0,0,0,0,0,0,0,0,0,0,0,0
21348524817760,16.819144,1786372806036504207,,0,0,0,0,0,0,0,0,0,0,0,0,0,0,0,0,0,0,0
21348544832192,16.839159,1786372806056512338,,0,0,0,0,0,0,0,0,0,0,0,0,0,0,0,0,0,0,0
21348564822272,16.859149,1786372806076532171,,0,0,0,0,0,0,0,0,0,0,0,0,0,0,0,0,0,0,0
21348584834432,16.879161,1786372806096530727,,0,0,0,0,0,0,0,0,0,0,0,0,0,0,0,0,0,0,0
21348604829984,16.899157,1786372806116524912,,0,0,0,0,0,0,0,0,0,0,0,0,0,0,0,0,0,0,0
21348624813728,16.91914,1786372806136507023,,0,0,0,0,0,0,0,0,0,0,0,0,0,0,0,0,0,0,0
21348644805760,16.939132,1786372806156511775,,0,0,0,0,0,0,0,0,0,0,0,0,0,0,0,0,0,0,0
21348664753408,16.95908,1786372806176505777,,0,0,0,0,0,0,0,0,0,0,0,0,0,0,0,0,0,0,0
21348684809248,16.979136,1786372806196510560,,0,0,0,0,0,0,0,0,0,0,0,0,0,0,0,0,0,0,0
21348704845184,16.999172,1786372806216531794,,0,0,0,0,0,0,0,0,0,0,0,0,0,0,0,0,0,0,0
21348724827232,17.019154,1786372806236528237,,0,0,0,0,0,0,0,0,0,0,0,0,0,0,0,0,0,0,0
21348744823008,17.03915,1786372806256523941,,0,0,0,0,0,0,0,0,0,0,0,0,0,0,0,0,0,0,0
21348764790048,17.059117,1786372806276507429,,0,0,0,0,0,0,0,0,0,0,0,0,0,0,0,0,0,0,0
21348784822880,17.079149,1786372806296511495,,0,0,0,0,0,0,0,0,0,0,0,0,0,0,0,0,0,0,0
21348804819616,17.099146,1786372806316504360,,0,0,0,0,0,0,0,0,0,0,0,0,0,0,0,0,0,0,0
21348824803328,17.11913,1786372806336511996,,0,0,0,0,0,0,0,0,0,0,0,0,0,0,0,0,0,0,0
21348844803136,17.13913,1786372806356532174,,0,0,0,0,0,0,0,0,0,0,0,0,0,0,0,0,0,0,0
21348864839168,17.159166,1786372806376527434,,0,0,0,0,0,0,0,0,0,0,0,0,0,0,0,0,0,0,0
21348884812256,17.179139,1786372806396523705,,0,0,0,0,0,0,0,0,0,0,0,0,0,0,0,0,0,0,0
21348904807744,17.199134,1786372806416507109,,0,0,0,0,0,0,0,0,0,0,0,0,0,0,0,0,0,0,0
21348924790080,17.219117,1786372806436511993,,0,0,0,0,0,0,0,0,0,0,0,0,0,0,0,0,0,0,0
21348944780832,17.239107,1786372806456504830,,0,0,0,0,0,0,0,0,0,0,0,0,0,0,0,0,0,0,0
21348964798496,17.259125,1786372806476509937,,0,0,0,0,0,0,0,0,0,0,0,0,0,0,0,0,0,0,0
21348984826752,17.279153,1786372806496531142,,0,0,0,0,0,0,0,0,0,0,0,0,0,0,0,0,0,0,0
21349004850816,17.299177,1786372806516528462,,0,0,0,0,0,0,0,0,0,0,0,0,0,0,0,0,0,0,0
21349024835264,17.319162,1786372806536523790,,0,0,0,0,0,0,0,0,0,0,0,0,0,0,0,0,0,0,0
21349044793760,17.33912,1786372806556508116,,0,0,0,0,0,0,0,0,0,0,0,0,0,0,0,0,0,0,0
21349064677440,17.359004,1786372806576510451,,0,0,0,0,0,0,0,0,0,0,0,0,0,0,0,0,0,0,0
21349084801952,17.379129,1786372806596507019,,0,0,0,0,0,0,0,0,0,0,0,0,0,0,0,0,0,0,0
21349104834560,17.399161,1786372806616511822,,0,0,0,0,0,0,0,0,0,0,0,0,0,0,0,0,0,0,0
21349124807808,17.419134,1786372806636531238,,0,0,0,0,0,0,0,0,0,0,0,0,0,0,0,0,0,0,0
21349144793600,17.43912,1786372806656527636,,0,0,0,0,0,0,0,0,0,0,0,0,0,0,0,0,0,0,0
21349164799616,17.459126,1786372806676524143,,0,0,0,0,0,0,0,0,0,0,0,0,0,0,0,0,0,0,0
21349184791520,17.479118,1786372806696508367,,0,0,0,0,0,0,0,0,0,0,0,0,0,0,0,0,0,0,0
21349204801056,17.499128,1786372806716512035,,0,0,0,0,0,0,0,0,0,0,0,0,0,0,0,0,0,0,0
21349224765888,17.519092,1786372806736505148,,0,0,0,0,0,0,0,0,0,0,0,0,0,0,0,0,0,0,0
21349244784224,17.539111,1786372806756511187,,0,0,0,0,0,0,0,0,0,0,0,0,0,0,0,0,0,0,0
21349264673568,17.559,1786372806776531693,,0,0,0,0,0,0,0,0,0,0,0,0,0,0,0,0,0,0,0
21349284818496,17.579145,1786372806796527035,,0,0,0,0,0,0,0,0,0,0,0,0,0,0,0,0,0,0,0
21349304812320,17.599139,1786372806816523743,,0,0,0,0,0,0,0,0,0,0,0,0,0,0,0,0,0,0,0
21349324773440,17.6191,1786372806836507720,,0,0,0,0,0,0,0,0,0,0,0,0,0,0,0,0,0,0,0
21349344769568,17.639096,1786372806856511113,,0,0,0,0,0,0,0,0,0,0,0,0,0,0,0,0,0,0,0
21349364780000,17.659107,1786372806876505052,,0,0,0,0,0,0,0,0,0,0,0,0,0,0,0,0,0,0,0
21349384761056,17.679088,1786372806896511518,,0,0,0,0,0,0,0,0,0,0,0,0,0,0,0,0,0,0,0
21349404843680,17.69917,1786372806916532368,,0,0,0,0,0,0,0,0,0,0,0,0,0,0,0,0,0,0,0
21349424675424,17.719002,1786372806936527462,,0,0,0,0,0,0,0,0,0,0,0,0,0,0,0,0,0,0,0
21349444798336,17.739125,1786372806956524748,,0,0,0,0,0,0,0,0,0,0,0,0,0,0,0,0,0,0,0
21349464656512,17.758983,1786372806976508611,,0,0,0,0,0,0,0,0,0,0,0,0,0,0,0,0,0,0,0
21349484762464,17.779089,1786372806996525146,,0,0,0,0,0,0,0,0,0,0,0,0,0,0,0,0,0,0,0
21349504759488,17.799086,1786372807016504897,,0,0,0,0,0,0,0,0,0,0,0,0,0,0,0,0,0,0,0
21349524766880,17.819093,1786372807036510992,,0,0,0,0,0,0,0,0,0,0,0,0,0,0,0,0,0,0,0
21349544793024,17.83912,1786372807056532258,,0,0,0,0,0,0,0,0,0,0,0,0,0,0,0,0,0,0,0
21349564779744,17.859106,1786372807076528414,,0,0,0,0,0,0,0,0,0,0,0,0,0,0,0,0,0,0,0
21349584782016,17.879109,1786372807096527676,,0,0,0,0,0,0,0,0,0,0,0,0,0,0,0,0,0,0,0
21349604797216,17.899124,1786372807116506385,,0,0,0,0,0,0,0,0,0,0,0,0,0,0,0,0,0,0,0
21349624759136,17.919086,1786372807136512093,,0,0,0,0,0,0,0,0,0,0,0,0,0,0,0,0,0,0,0
21349644749696,17.939076,1786372807156504326,,0,0,0,0,0,0,0,0,0,0,0,0,0,0,0,0,0,0,0
21349664668896,17.958995,1786372807176512219,,0,0,0,0,0,0,0,0,0,0,0,0,0,0,0,0,0,0,0
21349684793312,17.97912,1786372807196532371,,0,0,0,0,0,0,0,0,0,0,0,0,0,0,0,0,0,0,0
21349704803712,17.99913,1786372807216528134,,0,0,0,0,0,0,0,0,0,0,0,0,0,0,0,0,0,0,0
21349724748416,18.019075,1786372807236522560,,0,0,0,0,0,0,0,0,0,0,0,0,0,0,0,0,0,0,0
21349744762816,18.039089,1786372807256507380,,0,0,0,0,0,0,0,0,0,0,0,0,0,0,0,0,0,0,0
21349764762624,18.059089,1786372807276511965,,0,0,0,0,0,0,0,0,0,0,0,0,0,0,0,0,0,0,0
21349784754752,18.079081,1786372807296505143,,0,0,0,0,0,0,0,0,0,0,0,0,0,0,0,0,0,0,0
21349804764224,18.099091,1786372807316512773,,0,0,0,0,0,0,0,0,0,0,0,0,0,0,0,0,0,0,0
21349824768704,18.119095,1786372807336532234,,0,0,0,0,0,0,0,0,0,0,0,0,0,0,0,0,0,0,0
21349844783904,18.13911,1786372807356527338,,0,0,0,0,0,0,0,0,0,0,0,0,0,0,0,0,0,0,0
21349864651616,18.158978,1786372807376522991,,0,0,0,0,0,0,0,0,0,0,0,0,0,0,0,0,0,0,0
21349884773312,18.1791,1786372807396507112,,0,0,0,0,0,0,0,0,0,0,0,0,0,0,0,0,0,0,0
21349904784896,18.199111,1786372807416510879,,0,0,0,0,0,0,0,0,0,0,0,0,0,0,0,0,0,0,0
21349924746400,18.219073,1786372807436504687,,0,0,0,0,0,0,0,0,0,0,0,0,0,0,0,0,0,0,0
21349944758496,18.239085,1786372807456510734,,0,0,0,0,0,0,0,0,0,0,0,0,0,0,0,0,0,0,0
21349964781376,18.259108,1786372807476537030,,0,0,0,0,0,0,0,0,0,0,0,0,0,0,0,0,0,0,0
21349984762592,18.279089,1786372807496527584,,0,0,0,0,0,0,0,0,0,0,0,0,0,0,0,0,0,0,0
21350005067008,18.299394,1786372807516523887,,0,0,0,0,0,0,0,0,0,0,0,0,0,0,0,0,0,0,0
21350024741600,18.319068,1786372807536507044,,0,0,0,0,0,0,0,0,0,0,0,0,0,0,0,0,0,0,0
21350044774144,18.339101,1786372807556511941,,0,0,0,0,0,0,0,0,0,0,0,0,0,0,0,0,0,0,0
21350064621248,18.358948,1786372807576503953,,0,0,0,0,0,0,0,0,0,0,0,0,0,0,0,0,0,0,0
21350084745216,18.379072,1786372807596514172,,0,0,0,0,0,0,0,0,0,0,0,0,0,0,0,0,0,0,0
21350104778432,18.399105,1786372807616533507,,0,0,0,0,0,0,0,0,0,0,0,0,0,0,0,0,0,0,0
21350124734112,18.419061,1786372807636528435,,0,0,0,0,0,0,0,0,0,0,0,0,0,0,0,0,0,0,0
21350144768768,18.439095,1786372807656524745,,0,0,0,0,0,0,0,0,0,0,0,0,0,0,0,0,0,0,0
21350164777664,18.459104,1786372807676506949,,0,0,0,0,0,0,0,0,0,0,0,0,0,0,0,0,0,0,0
21350184768672,18.479095,1786372807696511718,,0,0,0,0,0,0,0,0,0,0,0,0,0,0,0,0,0,0,0
21350204748096,18.499075,1786372807716504213,,0,0,0,0,0,0,0,0,0,0,0,0,0,0,0,0,0,0,0
21350224759232,18.519086,1786372807736511531,,0,0,0,0,0,0,0,0,0,0,0,0,0,0,0,0,0,0,0
21350244778592,18.539105,1786372807756530972,,0,0,0,0,0,0,0,0,0,0,0,0,0,0,0,0,0,0,0
21350264641824,18.558968,1786372807776526993,,0,0,0,0,0,0,0,0,0,0,0,0,0,0,0,0,0,0,0
21350284747296,18.579074,1786372807796523787,,0,0,0,0,0,0,0,0,0,0,0,0,0,0,0,0,0,0,0
21350304785696,18.599112,1786372807816507440,,0,0,0,0,0,0,0,0,0,0,0,0,0,0,0,0,0,0,0
21350324715424,18.619042,1786372807836510907,,0,0,0,0,0,0,0,0,0,0,0,0,0,0,0,0,0,0,0
21350344733312,18.63906,1786372807856505706,,0,0,0,0,0,0,0,0,0,0,0,0,0,0,0,0,0,0,0
21350364714080,18.659041,1786372807876510046,,0,0,0,0,0,0,0,0,0,0,0,0,0,0,0,0,0,0,0
21350384740320,18.679067,1786372807896531785,,0,0,0,0,0,0,0,0,0,0,0,0,0,0,0,0,0,0,0
21350404751200,18.699078,1786372807916527061,,0,0,0,0,0,0,0,0,0,0,0,0,0,0,0,0,0,0,0
21350424746464,18.719073,1786372807936523970,,0,0,0,0,0,0,0,0,0,0,0,0,0,0,0,0,0,0,0
21350444702816,18.739029,1786372807956506647,,0,0,0,0,0,0,0,0,0,0,0,0,0,0,0,0,0,0,0
21350464608800,18.758935,1786372807976511759,,0,0,0,0,0,0,0,0,0,0,0,0,0,0,0,0,0,0,0
21350484744256,18.779071,1786372807996504396,,0,0,0,0,0,0,0,0,0,0,0,0,0,0,0,0,0,0,0
21350504781088,18.799108,1786372808016511367,,0,0,0,0,0,0,0,0,0,0,0,0,0,0,0,0,0,0,0
21350524765056,18.819092,1786372808036534047,,0,0,0,0,0,0,0,0,0,0,0,0,0,0,0,0,0,0,0
21350544761280,18.839088,1786372808056527228,,0,0,0,0,0,0,0,0,0,0,0,0,0,0,0,0,0,0,0
21350564733056,18.85906,1786372808076523562,,0,0,0,0,0,0,0,0,0,0,0,0,0,0,0,0,0,0,0
21350584719616,18.879046,1786372808096510334,,0,0,0,0,0,0,0,0,0,0,0,0,0,0,0,0,0,0,0
21350604739552,18.899066,1786372808116511608,,0,0,0,0,0,0,0,0,0,0,0,0,0,0,0,0,0,0,0
21350624732544,18.919059,1786372808136519475,,0,0,0,0,0,0,0,0,0,0,0,0,0,0,0,0,0,0,0
21350644724768,18.939051,1786372808156511199,,0,0,0,0,0,0,0,0,0,0,0,0,0,0,0,0,0,0,0
21350664627648,18.958954,1786372808176531755,,0,0,0,0,0,0,0,0,0,0,0,0,0,0,0,0,0,0,0
21350684728128,18.979055,1786372808196528291,,0,0,0,0,0,0,0,0,0,0,0,0,0,0,0,0,0,0,0
21350704736928,18.999063,1786372808216523337,,0,0,0,0,0,0,0,0,0,0,0,0,0,0,0,0,0,0,0
21350724704064,19.019031,1786372808236507641,,0,0,0,0,0,0,0,0,0,0,0,0,0,0,0,0,0,0,0
21350744730368,19.039057,1786372808256511752,,0,0,0,0,0,0,0,0,0,0,0,0,0,0,0,0,0,0,0
21350764705504,19.059032,1786372808276505612,,0,0,0,0,0,0,0,0,0,0,0,0,0,0,0,0,0,0,0
21350784707840,19.079034,1786372808296511648,,0,0,0,0,0,0,0,0,0,0,0,0,0,0,0,0,0,0,0
21350804746048,19.099073,1786372808316531320,,0,0,0,0,0,0,0,0,0,0,0,0,0,0,0,0,0,0,0
21350824748384,19.119075,1786372808336527766,,0,0,0,0,0,0,0,0,0,0,0,0,0,0,0,0,0,0,0
21350844726432,19.139053,1786372808356524989,,0,0,0,0,0,0,0,0,0,0,0,0,0,0,0,0,0,0,0
21350864589216,19.158916,1786372808376507562,,0,0,0,0,0,0,0,0,0,0,0,0,0,0,0,0,0,0,0
21350884697760,19.179024,1786372808396511110,,0,0,0,0,0,0,0,0,0,0,0,0,0,0,0,0,0,0,0
21350904715424,19.199042,1786372808416504660,,0,0,0,0,0,0,0,0,0,0,0,0,0,0,0,0,0,0,0
21350924708864,19.219035,1786372808436510822,,0,0,0,0,0,0,0,0,0,0,0,0,0,0,0,0,0,0,0
21350944747872,19.239074,1786372808456531889,,0,0,0,0,0,0,0,0,0,0,0,0,0,0,0,0,0,0,0
21350964713184,19.25904,1786372808476528266,,0,0,0,0,0,0,0,0,0,0,0,0,0,0,0,0,0,0,0
21350984699872,19.279026,1786372808496525013,,0,0,0,0,0,0,0,0,0,0,0,0,0,0,0,0,0,0,0
21351004709696,19.299036,1786372808516506952,,0,0,0,0,0,0,0,0,0,0,0,0,0,0,0,0,0,0,0
21351024707520,19.319034,1786372808536511501,,0,0,0,0,0,0,0,0,0,0,0,0,0,0,0,0,0,0,0
21351044696608,19.339023,1786372808556505393,,0,0,0,0,0,0,0,0,0,0,0,0,0,0,0,0,0,0,0
21351064634240,19.358961,1786372808576512438,,0,0,0,0,0,0,0,0,0,0,0,0,0,0,0,0,0,0,0
21351084715296,19.379042,1786372808596533946,,0,0,0,0,0,0,0,0,0,0,0,0,0,0,0,0,0,0,0
21351104713952,19.399041,1786372808616525350,,0,0,0,0,0,0,0,0,0,0,0,0,0,0,0,0,0,0,0
21351124737824,19.419064,1786372808636524020,,0,0,0,0,0,0,0,0,0,0,0,0,0,0,0,0,0,0,0
21351144722208,19.439049,1786372808656507215,,0,0,0,0,0,0,0,0,0,0,0,0,0,0,0,0,0,0,0
21351164704704,19.459031,1786372808676511104,,0,0,0,0,0,0,0,0,0,0,0,0,0,0,0,0,0,0,0
21351184684384,19.479011,1786372808696503989,,0,0,0,0,0,0,0,0,0,0,0,0,0,0,0,0,0,0,0
21351204863392,19.49919,1786372808716510083,,0,0,0,0,0,0,0,0,0,0,0,0,0,0,0,0,0,0,0
21351224730272,19.519057,1786372808736532141,,0,0,0,0,0,0,0,0,0,0,0,0,0,0,0,0,0,0,0
21351244714752,19.539041,1786372808756526804,,0,0,0,0,0,0,0,0,0,0,0,0,0,0,0,0,0,0,0
21351264603392,19.55893,1786372808776524370,,0,0,0,0,0,0,0,0,0,0,0,0,0,0,0,0,0,0,0
21351284690784,19.579017,1786372808796507564,,0,0,0,0,0,0,0,0,0,0,0,0,0,0,0,0,0,0,0
21351304693888,19.59902,1786372808816512624,,0,0,0,0,0,0,0,0,0,0,0,0,0,0,0,0,0,0,0
21351324693888,19.61902,1786372808836504872,,0,0,0,0,0,0,0,0,0,0,0,0,0,0,0,0,0,0,0
21351344688960,19.639016,1786372808856511570,,0,0,0,0,0,0,0,0,0,0,0,0,0,0,0,0,0,0,0
21351364706304,19.659033,1786372808876531511,,0,0,0,0,0,0,0,0,0,0,0,0,0,0,0,0,0,0,0
21351384692896,19.679019,1786372808896527043,,0,0,0,0,0,0,0,0,0,0,0,0,0,0,0,0,0,0,0
21351404739392,19.699066,1786372808916523328,,0,0,0,0,0,0,0,0,0,0,0,0,0,0,0,0,0,0,0
21351424675584,19.719002,1786372808936506555,,0,0,0,0,0,0,0,0,0,0,0,0,0,0,0,0,0,0,0
21351444688800,19.739015,1786372808956511207,,0,0,0,0,0,0,0,0,0,0,0,0,0,0,0,0,0,0,0
21351464568960,19.758896,1786372808976504860,,0,0,0,0,0,0,0,0,0,0,0,0,0,0,0,0,0,0,0
21351484695328,19.779022,1786372808996510528,,0,0,0,0,0,0,0,0,0,0,0,0,0,0,0,0,0,0,0
21351504743552,19.79907,1786372809016532219,,0,0,0,0,0,0,0,0,0,0,0,0,0,0,0,0,0,0,0
21351524753280,19.81908,1786372809036527703,,0,0,0,0,0,0,0,0,0,0,0,0,0,0,0,0,0,0,0
21351544704064,19.839031,1786372809056524931,,0,0,0,0,0,0,0,0,0,0,0,0,0,0,0,0,0,0,0
21351564697120,19.859024,1786372809076506406,,0,0,0,0,0,0,0,0,0,0,0,0,0,0,0,0,0,0,0
21351584666848,19.878993,1786372809096515330,,0,0,0,0,0,0,0,0,0,0,0,0,0,0,0,0,0,0,0
21351604736512,19.899063,1786372809116506487,,0,0,0,0,0,0,0,0,0,0,0,0,0,0,0,0,0,0,0
21351624674560,19.919001,1786372809136511520,,0,0,0,0,0,0,0,0,0,0,0,0,0,0,0,0,0,0,0
21351644705056,19.939032,1786372809156532579,,0,0,0,0,0,0,0,0,0,0,0,0,0,0,0,0,0,0,0
21351664575392,19.958902,1786372809176529000,,0,0,0,0,0,0,0,0,0,0,0,0,0,0,0,0,0,0,0
21351684678496,19.979005,1786372809196524399,,0,0,0,0,0,0,0,0,0,0,0,0,0,0,0,0,0,0,0
21351704666880,19.998993,1786372809216507652,,0,0,0,0,0,0,0,0,0,0,0,0,0,0,0,0,0,0,0
21351724669664,20.018996,1786372809236512839,,0,0,0,0,0,0,0,0,0,0,0,0,0,0,0,0,0,0,0
21351744678112,20.039005,1786372809256504609,,0,0,0,0,0,0,0,0,0,0,0,0,0,0,0,0,0,0,0
21351764643616,20.05897,1786372809276511516,,0,0,0,0,0,0,0,0,0,0,0,0,0,0,0,0,0,0,0
21351784674304,20.079001,1786372809296532443,,0,0,0,0,0,0,0,0,0,0,0,0,0,0,0,0,0,0,0
21351804723424,20.09905,1786372809316527575,,0,0,0,0,0,0,0,0,0,0,0,0,0,0,0,0,0,0,0
21351824672800,20.118999,1786372809336524799,,0,0,0,0,0,0,0,0,0,0,0,0,0,0,0,0,0,0,0
21351844669952,20.138997,1786372809356507714,,0,0,0,0,0,0,0,0,0,0,0,0,0,0,0,0,0,0,0
21351864669088,20.158996,1786372809376512109,,0,0,0,0,0,0,0,0,0,0,0,0,0,0,0,0,0,0,0
21351884650976,20.178978,1786372809396505434,,0,0,0,0,0,0,0,0,0,0,0,0,0,0,0,0,0,0,0
21351904688352,20.199015,1786372809416512643,,0,0,0,0,0,0,0,0,0,0,0,0,0,0,0,0,0,0,0
21351924677152,20.219004,1786372809436533191,,0,0,0,0,0,0,0,0,0,0,0,0,0,0,0,0,0,0,0
21351944667520,20.238994,1786372809456528232,,0,0,0,0,0,0,0,0,0,0,0,0,0,0,0,0,0,0,0
21351964656672,20.258983,1786372809476523677,,0,0,0,0,0,0,0,0,0,0,0,0,0,0,0,0,0,0,0
21351984680768,20.279007,1786372809496507549,,0,0,0,0,0,0,0,0,0,0,0,0,0,0,0,0,0,0,0
21352004957632,20.299284,1786372809516512326,,0,0,0,0,0,0,0,0,0,0,0,0,0,0,0,0,0,0,0
21352024639200,20.318966,1786372809536518730,,0,0,0,0,0,0,0,0,0,0,0,0,0,0,0,0,0,0,0
21352044643968,20.338971,1786372809556510801,,0,0,0,0,0,0,0,0,0,0,0,0,0,0,0,0,0,0,0
21352064580832,20.358907,1786372809576532538,,0,0,0,0,0,0,0,0,0,0,0,0,0,0,0,0,0,0,0
21352084686080,20.379013,1786372809596531124,,0,0,0,0,0,0,0,0,0,0,0,0,0,0,0,0,0,0,0
21352104677088,20.399004,1786372809616525867,,0,0,0,0,0,0,0,0,0,0,0,0,0,0,0,0,0,0,0
21352124654144,20.418981,1786372809636508200,,0,0,0,0,0,0,0,0,0,0,0,0,0,0,0,0,0,0,0
21352144660352,20.438987,1786372809656512943,,0,0,0,0,0,0,0,0,0,0,0,0,0,0,0,0,0,0,0
21352164631200,20.458958,1786372809676505366,,0,0,0,0,0,0,0,0,0,0,0,0,0,0,0,0,0,0,0
21352184659744,20.478986,1786372809696512696,,0,0,0,0,0,0,0,0,0,0,0,0,0,0,0,0,0,0,0
21352204663392,20.49899,1786372809716533730,,0,0,0,0,0,0,0,0,0,0,0,0,0,0,0,0,0,0,0
21352224668000,20.518995,1786372809736527984,,0,0,0,0,0,0,0,0,0,0,0,0,0,0,0,0,0,0,0
21352244673440,20.539,1786372809756523833,,0,0,0,0,0,0,0,0,0,0,0,0,0,0,0,0,0,0,0
21352264527584,20.558854,1786372809776508100,,0,0,0,0,0,0,0,0,0,0,0,0,0,0,0,0,0,0,0
21352284678464,20.579005,1786372809796511818,,0,0,0,0,0,0,0,0,0,0,0,0,0,0,0,0,0,0,0
21352304668256,20.598995,1786372809816507437,,0,0,0,0,0,0,0,0,0,0,0,0,0,0,0,0,0,0,0
21352324638432,20.618965,1786372809836511339,,0,0,0,0,0,0,0,0,0,0,0,0,0,0,0,0,0,0,0
21352344659808,20.638986,1786372809856531685,,0,0,0,0,0,0,0,0,0,0,0,0,0,0,0,0,0,0,0
21352364637600,20.658964,1786372809876526660,,0,0,0,0,0,0,0,0,0,0,0,0,0,0,0,0,0,0,0
21352384667136,20.678994,1786372809896525560,,0,0,0,0,0,0,0,0,0,0,0,0,0,0,0,0,0,0,0
21352404605152,20.698932,1786372809916507440,,0,0,0,0,0,0,0,0,0,0,0,0,0,0,0,0,0,0,0
21352424644032,20.718971,1786372809936512899,,0,0,0,0,0,0,0,0,0,0,0,0,0,0,0,0,0,0,0
21352444633152,20.73896,1786372809956503612,,0,0,0,0,0,0,0,0,0,0,0,0,0,0,0,0,0,0,0
21352464520160,20.758847,1786372809976511350,,0,0,0,0,0,0,0,0,0,0,0,0,0,0,0,0,0,0,0
21352484673088,20.779,1786372809996532982,,0,0,0,0,0,0,0,0,0,0,0,0,0,0,0,0,0,0,0
21352504658240,20.798985,1786372810016528591,,0,0,0,0,0,0,0,0,0,0,0,0,0,0,0,0,0,0,0
21352524665536,20.818992,1786372810036524507,,0,0,0,0,0,0,0,0,0,0,0,0,0,0,0,0,0,0,0
21352544640032,20.838967,1786372810056505871,,0,0,0,0,0,0,0,0,0,0,0,0,0,0,0,0,0,0,0
21352564682880,20.859009,1786372810076512746,,0,0,0,0,0,0,0,0,0,0,0,0,0,0,0,0,0,0,0
21352584665472,20.878992,1786372810096508760,,0,0,0,0,0,0,0,0,0,0,0,0,0,0,0,0,0,0,0
21352604767456,20.899094,1786372810116512566,,0,0,0,0,0,0,0,0,0,0,0,0,0,0,0,0,0,0,0
21352624649600,20.918976,1786372810136533204,,0,0,0,0,0,0,0,0,0,0,0,0,0,0,0,0,0,0,0
21352644658560,20.938985,1786372810156526697,,0,0,0,0,0,0,0,0,0,0,0,0,0,0,0,0,0,0,0
21352664605184,20.958932,1786372810176540837,,0,0,0,0,0,0,0,0,0,0,0,0,0,0,0,0,0,0,0
21352684614016,20.978941,1786372810196509321,,0,0,0,0,0,0,0,0,0,0,0,0,0,0,0,0,0,0,0
21352704627264,20.998954,1786372810216512956,,0,0,0,0,0,0,0,0,0,0,0,0,0,0,0,0,0,0,0
21352724624640,21.018951,1786372810236505954,,0,0,0,0,0,0,0,0,0,0,0,0,0,0,0,0,0,0,0
21352744643008,21.03897,1786372810256510530,,0,0,0,0,0,0,0,0,0,0,0,0,0,0,0,0,0,0,0
21352764673664,21.059,1786372810276532886,,0,0,0,0,0,0,0,0,0,0,0,0,0,0,0,0,0,0,0
21352784683360,21.07901,1786372810296527570,,0,0,0,0,0,0,0,0,0,0,0,0,0,0,0,0,0,0,0
21352804687424,21.099014,1786372810316525635,,0,0,0,0,0,0,0,0,0,0,0,0,0,0,0,0,0,0,0
21352824612256,21.118939,1786372810336508250,,0,0,0,0,0,0,0,0,0,0,0,0,0,0,0,0,0,0,0
21352844661088,21.138988,1786372810356519889,,0,0,0,0,0,0,0,0,0,0,0,0,0,0,0,0,0,0,0
21352864509248,21.158836,1786372810376511762,,0,0,0,0,0,0,0,0,0,0,0,0,0,0,0,0,0,0,0
21352884663840,21.17899,1786372810396520170,,0,0,0,0,0,0,0,0,0,0,0,0,0,0,0,0,0,0,0
21352904631680,21.198958,1786372810416539368,,0,0,0,0,0,0,0,0,0,0,0,0,0,0,0,0,0,0,0
21352924658528,21.218985,1786372810436535717,,0,0,0,0,0,0,0,0,0,0,0,0,0,0,0,0,0,0,0
21352944626016,21.238953,1786372810456524672,,0,0,0,0,0,0,0,0,0,0,0,0,0,0,0,0,0,0,0
21352964594688,21.258921,1786372810476507600,,0,0,0,0,0,0,0,0,0,0,0,0,0,0,0,0,0,0,0
21352984634144,21.278961,1786372810496511862,,0,0,0,0,0,0,0,0,0,0,0,0,0,0,0,0,0,0,0
21353004603616,21.29893,1786372810516505244,,0,0,0,0,0,0,0,0,0,0,0,0,0,0,0,0,0,0,0
21353024601152,21.318928,1786372810536511329,,0,0,0,0,0,0,0,0,0,0,0,0,0,0,0,0,0,0,0
21353044623808,21.33895,1786372810556530077,,0,0,0,0,0,0,0,0,0,0,0,0,0,0,0,0,0,0,0
21353064547008,21.358874,1786372810576527999,,0,0,0,0,0,0,0,0,0,0,0,0,0,0,0,0,0,0,0
21353084639712,21.378966,1786372810596527795,,0,0,0,0,0,0,0,0,0,0,0,0,0,0,0,0,0,0,0
21353104621568,21.398948,1786372810616508348,,0,0,0,0,0,0,0,0,0,0,0,0,0,0,0,0,0,0,0
21353124605472,21.418932,1786372810636512982,,0,0,0,0,0,0,0,0,0,0,0,0,0,0,0,0,0,0,0
21353144599904,21.438926,1786372810656504247,,0,0,0,0,0,0,0,0,0,0,0,0,0,0,0,0,0,0,0
21353164631168,21.458958,1786372810676509549,,0,0,0,0,0,0,0,0,0,0,0,0,0,0,0,0,0,0,0
21353184628800,21.478955,1786372810696536597,,0,0,0,0,0,0,0,0,0,0,0,0,0,0,0,0,0,0,0
21353204614176,21.498941,1786372810716528357,,0,0,0,0,0,0,0,0,0,0,0,0,0,0,0,0,0,0,0
21353224629376,21.518956,1786372810736525064,,0,0,0,0,0,0,0,0,0,0,0,0,0,0,0,0,0,0,0
21353244601120,21.538928,1786372810756505822,,0,0,0,0,0,0,0,0,0,0,0,0,0,0,0,0,0,0,0
21353264511424,21.558838,1786372810776512730,,0,0,0,0,0,0,0,0,0,0,0,0,0,0,0,0,0,0,0
21353284600512,21.578927,1786372810796505605,,0,0,0,0,0,0,0,0,0,0,0,0,0,0,0,0,0,0,0
21353304616256,21.598943,1786372810816512256,,0,0,0,0,0,0,0,0,0,0,0,0,0,0,0,0,0,0,0
21353324610880,21.618937,1786372810836532892,,0,0,0,0,0,0,0,0,0,0,0,0,0,0,0,0,0,0,0
21353344622528,21.638949,1786372810856528077,,0,0,0,0,0,0,0,0,0,0,0,0,0,0,0,0,0,0,0
21353364621984,21.658949,1786372810876524861,,0,0,0,0,0,0,0,0,0,0,0,0,0,0,0,0,0,0,0
21353384604640,21.678931,1786372810896508204,,0,0,0,0,0,0,0,0,0,0,0,0,0,0,0,0,0,0,0
21353404584832,21.698911,1786372810916511225,,0,0,0,0,0,0,0,0,0,0,0,0,0,0,0,0,0,0,0
21353424588288,21.718915,1786372810936505977,,0,0,0,0,0,0,0,0,0,0,0,0,0,0,0,0,0,0,0
21353444609088,21.738936,1786372810956509001,,0,0,0,0,0,0,0,0,0,0,0,0,0,0,0,0,0,0,0
21353464494208,21.758821,1786372810976533258,,0,0,0,0,0,0,0,0,0,0,0,0,0,0,0,0,0,0,0
21353484621536,21.778948,1786372810996526763,,0,0,0,0,0,0,0,0,0,0,0,0,0,0,0,0,0,0,0
21353504600736,21.798927,1786372811016525580,,0,0,0,0,0,0,0,0,0,0,0,0,0,0,0,0,0,0,0
21353524588032,21.818915,1786372811036506375,,0,0,0,0,0,0,0,0,0,0,0,0,0,0,0,0,0,0,0
21353544576800,21.838903,1786372811056512397,,0,0,0,0,0,0,0,0,0,0,0,0,0,0,0,0,0,0,0
21353564587008,21.858914,1786372811076506288,,0,0,0,0,0,0,0,0,0,0,0,0,0,0,0,0,0,0,0
21353584579488,21.878906,1786372811096513019,,0,0,0,0,0,0,0,0,0,0,0,0,0,0,0,0,0,0,0
21353604622528,21.898949,1786372811116530338,,0,0,0,0,0,0,0,0,0,0,0,0,0,0,0,0,0,0,0
21353624584480,21.918911,1786372811136527886,,0,0,0,0,0,0,0,0,0,0,0,0,0,0,0,0,0,0,0
21353644565984,21.938893,1786372811156523943,,0,0,0,0,0,0,0,0,0,0,0,0,0,0,0,0,0,0,0
21353664463744,21.95879,1786372811176508097,,0,0,0,0,0,0,0,0,0,0,0,0,0,0,0,0,0,0,0
21353684610144,21.978937,1786372811196510282,,0,0,0,0,0,0,0,0,0,0,0,0,0,0,0,0,0,0,0
21353704581600,21.998908,1786372811216503402,,0,0,0,0,0,0,0,0,0,0,0,0,0,0,0,0,0,0,0
21353724607488,22.018934,1786372811236510714,,0,0,0,0,0,0,0,0,0,0,0,0,0,0,0,0,0,0,0
21353744629312,22.038956,1786372811256532162,,0,0,0,0,0,0,0,0,0,0,0,0,0,0,0,0,0,0,0
21353764606816,22.058933,1786372811276528952,,0,0,0,0,0,0,0,0,0,0,0,0,0,0,0,0,0,0,0
21353784602592,22.078929,1786372811296522543,,0,0,0,0,0,0,0,0,0,0,0,0,0,0,0,0,0,0,0
21353804587872,22.098914,1786372811316505942,,0,0,0,0,0,0,0,0,0,0,0,0,0,0,0,0,0,0,0
21353824562080,22.118889,1786372811336509868,,0,0,0,0,0,0,0,0,0,0,0,0,0,0,0,0,0,0,0
21353844558560,22.138885,1786372811356504030,,0,0,0,0,0,0,0,0,0,0,0,0,0,0,0,0,0,0,0
21353864460352,22.158787,1786372811376510155,,0,0,0,0,0,0,0,0,0,0,0,0,0,0,0,0,0,0,0
21353884605632,22.178932,1786372811396530430,,0,0,0,0,0,0,0,0,0,0,0,0,0,0,0,0,0,0,0
21353904573856,22.1989,1786372811416528855,,0,0,0,0,0,0,0,0,0,0,0,0,0,0,0,0,0,0,0
21353924564928,22.218891,1786372811436523213,,0,0,0,0,0,0,0,0,0,0,0,0,0,0,0,0,0,0,0
21353944591616,22.238918,1786372811456505948,,0,0,0,0,0,0,0,0,0,0,0,0,0,0,0,0,0,0,0
21353964609536,22.258936,1786372811476510449,,0,0,0,0,0,0,0,0,0,0,0,0,0,0,0,0,0,0,0
21353984572320,22.278899,1786372811496503112,,0,0,0,0,0,0,0,0,0,0,0,0,0,0,0,0,0,0,0
21354004628352,22.298955,1786372811516509488,,0,0,0,0,0,0,0,0,0,0,0,0,0,0,0,0,0,0,0
21354024590432,22.318917,1786372811536533631,,0,0,0,0,0,0,0,0,0,0,0,0,0,0,0,0,0,0,0
21354044642784,22.338969,1786372811556526219,,0,0,0,0,0,0,0,0,0,0,0,0,0,0,0,0,0,0,0
21354064462624,22.358789,1786372811576522992,,0,0,0,0,0,0,0,0,0,0,0,0,0,0,0,0,0,0,0
21354084603808,22.37893,1786372811596508190,,0,0,0,0,0,0,0,0,0,0,0,0,0,0,0,0,0,0,0
21354104559808,22.398886,1786372811616511243,,0,0,0,0,0,0,0,0,0,0,0,0,0,0,0,0,0,0,0
21354124580224,22.418907,1786372811636503307,,0,0,0,0,0,0,0,0,0,0,0,0,0,0,0,0,0,0,0
21354144576576,22.438903,1786372811656510179,,0,0,0,0,0,0,0,0,0,0,0,0,0,0,0,0,0,0,0
21354164593728,22.45892,1786372811676533587,,0,0,0,0,0,0,0,0,0,0,0,0,0,0,0,0,0,0,0
21354184568576,22.478895,1786372811696527358,,0,0,0,0,0,0,0,0,0,0,0,0,0,0,0,0,0,0,0
21354204565824,22.498892,1786372811716523182,,0,0,0,0,0,0,0,0,0,0,0,0,0,0,0,0,0,0,0
21354224549600,22.518876,1786372811736505857,,0,0,0,0,0,0,0,0,0,0,0,0,0,0,0,0,0,0,0
21354244535392,22.538862,1786372811756509194,,0,0,0,0,0,0,0,0,0,0,0,0,0,0,0,0,0,0,0
21354264428672,22.558755,1786372811776504231,,0,0,0,0,0,0,0,0,0,0,0,0,0,0,0,0,0,0,0
21354284578976,22.578906,1786372811796510674,,0,0,0,0,0,0,0,0,0,0,0,0,0,0,0,0,0,0,0
21354304566880,22.598893,1786372811816531015,,0,0,0,0,0,0,0,0,0,0,0,0,0,0,0,0,0,0,0
21354324552768,22.618879,1786372811836525797,,0,0,0,0,0,0,0,0,0,0,0,0,0,0,0,0,0,0,0
21354344542752,22.638869,1786372811856522432,,0,0,0,0,0,0,0,0,0,0,0,0,0,0,0,0,0,0,0
21354364580352,22.658907,1786372811876505025,,0,0,0,0,0,0,0,0,0,0,0,0,0,0,0,0,0,0,0
21354384584256,22.678911,1786372811896510291,,0,0,0,0,0,0,0,0,0,0,0,0,0,0,0,0,0,0,0
21354404536096,22.698863,1786372811916503612,,0,0,0,0,0,0,0,0,0,0,0,0,0,0,0,0,0,0,0
21354424555488,22.718882,1786372811936509318,,0,0,0,0,0,0,0,0,0,0,0,0,0,0,0,0,0,0,0
21354444587040,22.738914,1786372811956530005,,0,0,0,0,0,0,0,0,0,0,0,0,0,0,0,0,0,0,0
21354464433632,22.75876,1786372811976525517,,0,0,0,0,0,0,0,0,0,0,0,0,0,0,0,0,0,0,0
21354484554080,22.778881,1786372811996522441,,0,0,0,0,0,0,0,0,0,0,0,0,0,0,0,0,0,0,0
21354504534464,22.798861,1786372812016505783,,0,0,0,0,0,0,0,0,0,0,0,0,0,0,0,0,0,0,0
21354524531552,22.818858,1786372812036509762,,0,0,0,0,0,0,0,0,0,0,0,0,0,0,0,0,0,0,0
21354544521920,22.838848,1786372812056503551,,0,0,0,0,0,0,0,0,0,0,0,0,0,0,0,0,0,0,0
21354564537632,22.858864,1786372812076509472,,0,0,0,0,0,0,0,0,0,0,0,0,0,0,0,0,0,0,0
21354584570752,22.878897,1786372812096532691,,0,0,0,0,0,0,0,0,0,0,0,0,0,0,0,0,0,0,0
21354604584224,22.898911,1786372812116526302,,0,0,0,0,0,0,0,0,0,0,0,0,0,0,0,0,0,0,0
21354624531328,22.918858,1786372812136524011,,0,0,0,0,0,0,0,0,0,0,0,0,0,0,0,0,0,0,0
21354644525472,22.938852,1786372812156506284,,0,0,0,0,0,0,0,0,0,0,0,0,0,0,0,0,0,0,0
21354664428768,22.958755,1786372812176509995,,0,0,0,0,0,0,0,0,0,0,0,0,0,0,0,0,0,0,0
21354684548256,22.978875,1786372812196503671,,0,0,0,0,0,0,0,0,0,0,0,0,0,0,0,0,0,0,0
21354704553824,22.99888,1786372812216508845,,0,0,0,0,0,0,0,0,0,0,0,0,0,0,0,0,0,0,0
21354724538912,23.018865,1786372812236531710,,0,0,0,0,0,0,0,0,0,0,0,0,0,0,0,0,0,0,0
21354744566656,23.038893,1786372812256526937,,0,0,0,0,0,0,0,0,0,0,0,0,0,0,0,0,0,0,0
21354764533152,23.05886,1786372812276522845,,0,0,0,0,0,0,0,0,0,0,0,0,0,0,0,0,0,0,0
21354784534016,23.078861,1786372812296506103,,0,0,0,0,0,0,0,0,0,0,0,0,0,0,0,0,0,0,0
21354804517376,23.098844,1786372812316509934,,0,0,0,0,0,0,0,0,0,0,0,0,0,0,0,0,0,0,0
21354824549504,23.118876,1786372812336503463,,0,0,0,0,0,0,0,0,0,0,0,0,0,0,0,0,0,0,0
21354844541568,23.138868,1786372812356511091,,0,0,0,0,0,0,0,0,0,0,0,0,0,0,0,0,0,0,0
21354864588416,23.158915,1786372812376531369,,0,0,0,0,0,0,0,0,0,0,0,0,0,0,0,0,0,0,0
21354884537824,23.178864,1786372812396528775,,0,0,0,0,0,0,0,0,0,0,0,0,0,0,0,0,0,0,0
21354904516704,23.198843,1786372812416522660,,0,0,0,0,0,0,0,0,0,0,0,0,0,0,0,0,0,0,0
21354924525184,23.218852,1786372812436505932,,0,0,0,0,0,0,0,0,0,0,0,0,0,0,0,0,0,0,0
21354944552608,23.238879,1786372812456509902,,0,0,0,0,0,0,0,0,0,0,0,0,0,0,0,0,0,0,0
21354964521472,23.258848,1786372812476502737,,0,0,0,0,0,0,0,0,0,0,0,0,0,0,0,0,0,0,0
21354984538528,23.278865,1786372812496511006,,0,0,0,0,0,0,0,0,0,0,0,0,0,0,0,0,0,0,0
21355004526432,23.298853,1786372812516530371,,0,0,0,0,0,0,0,0,0,0,0,0,0,0,0,0,0,0,0
21355024563712,23.31889,1786372812536525883,,0,0,0,0,0,0,0,0,0,0,0,0,0,0,0,0,0,0,0
21355044549472,23.338876,1786372812556522302,,0,0,0,0,0,0,0,0,0,0,0,0,0,0,0,0,0,0,0
21355064419296,23.358746,1786372812576505868,,0,0,0,0,0,0,0,0,0,0,0,0,0,0,0,0,0,0,0
21355084543520,23.37887,1786372812596514051,,0,0,0,0,0,0,0,0,0,0,0,0,0,0,0,0,0,0,0
21355104552064,23.398879,1786372812616503883,,0,0,0,0,0,0,0,0,0,0,0,0,0,0,0,0,0,0,0
21355124519488,23.418846,1786372812636511656,,0,0,0,0,0,0,0,0,0,0,0,0,0,0,0,0,0,0,0
21355144555264,23.438882,1786372812656531731,,0,0,0,0,0,0,0,0,0,0,0,0,0,0,0,0,0,0,0
21355164521984,23.458849,1786372812676526484,,0,0,0,0,0,0,0,0,0,0,0,0,0,0,0,0,0,0,0
21355184528704,23.478855,1786372812696522488,,0,0,0,0,0,0,0,0,0,0,0,0,0,0,0,0,0,0,0
21355204515136,23.498842,1786372812716505945,,0,0,0,0,0,0,0,0,0,0,0,0,0,0,0,0,0,0,0
21355224530752,23.518857,1786372812736510261,,0,0,0,0,0,0,0,0,0,0,0,0,0,0,0,0,0,0,0
21355244519264,23.538846,1786372812756503305,,0,0,0,0,0,0,0,0,0,0,0,0,0,0,0,0,0,0,0
21355264384352,23.558711,1786372812776509454,,0,0,0,0,0,0,0,0,0,0,0,0,0,0,0,0,0,0,0
21355284542816,23.578869,1786372812796529789,,0,0,0,0,0,0,0,0,0,0,0,0,0,0,0,0,0,0,0
21355304529024,23.598856,1786372812816526778,,0,0,0,0,0,0,0,0,0,0,0,0,0,0,0,0,0,0,0
21355324532960,23.61886,1786372812836523055,,0,0,0,0,0,0,0,0,0,0,0,0,0,0,0,0,0,0,0
21355344522400,23.638849,1786372812856505646,,0,0,0,0,0,0,0,0,0,0,0,0,0,0,0,0,0,0,0
21355364528640,23.658855,1786372812876510065,,0,0,0,0,0,0,0,0,0,0,0,0,0,0,0,0,0,0,0
21355384494464,23.678821,1786372812896503924,,0,0,0,0,0,0,0,0,0,0,0,0,0,0,0,0,0,0,0
21355404511872,23.698838,1786372812916510142,,0,0,0,0,0,0,0,0,0,0,0,0,0,0,0,0,0,0,0
21355424522816,23.718849,1786372812936529955,,0,0,0,0,0,0,0,0,0,0,0,0,0,0,0,0,0,0,0
21355444534112,23.738861,1786372812956526197,,0,0,0,0,0,0,0,0,0,0,0,0,0,0,0,0,0,0,0
21355464405824,23.758732,1786372812976522775,,0,0,0,0,0,0,0,0,0,0,0,0,0,0,0,0,0,0,0
21355484504992,23.778832,1786372812996506770,,0,0,0,0,0,0,0,0,0,0,0,0,0,0,0,0,0,0,0
21355504484800,23.798811,1786372813016511098,,0,0,0,0,0,0,0,0,0,0,0,0,0,0,0,0,0,0,0
21355524505152,23.818832,1786372813036503799,,0,0,0,0,0,0,0,0,0,0,0,0,0,0,0,0,0,0,0
21355544510464,23.838837,1786372813056509667,,0,0,0,0,0,0,0,0,0,0,0,0,0,0,0,0,0,0,0
21355564512128,23.858839,1786372813076531269,,0,0,0,0,0,0,0,0,0,0,0,0,0,0,0,0,0,0,0
21355584545056,23.878872,1786372813096528314,,0,0,0,0,0,0,0,0,0,0,0,0,0,0,0,0,0,0,0
21355604521824,23.898848,1786372813116523254,,0,0,0,0,0,0,0,0,0,0,0,0,0,0,0,0,0,0,0
21355624493728,23.91882,1786372813136505960,,0,0,0,0,0,0,0,0,0,0,0,0,0,0,0,0,0,0,0
21355644504608,23.938831,1786372813156510679,,0,0,0,0,0,0,0,0,0,0,0,0,0,0,0,0,0,0,0
21355664397216,23.958724,1786372813176503676,,0,0,0,0,0,0,0,0,0,0,0,0,0,0,0,0,0,0,0
21355684509344,23.978836,1786372813196511102,,0,0,0,0,0,0,0,0,0,0,0,0,0,0,0,0,0,0,0
21355704548704,23.998875,1786372813216529772,,0,0,0,0,0,0,0,0,0,0,0,0,0,0,0,0,0,0,0
21355724513376,24.01884,1786372813236526010,,0,0,0,0,0,0,0,0,0,0,0,0,0,0,0,0,0,0,0
21355744488800,24.038815,1786372813256521870,,0,0,0,0,0,0,0,0,0,0,0,0,0,0,0,0,0,0,0
21355764487424,24.058814,1786372813276506371,,0,0,0,0,0,0,0,0,0,0,0,0,0,0,0,0,0,0,0
21355784478304,24.078805,1786372813296510048,,0,0,0,0,0,0,0,0,0,0,0,0,0,0,0,0,0,0,0
21355804467904,24.098794,1786372813316503650,,0,0,0,0,0,0,0,0,0,0,0,0,0,0,0,0,0,0,0
21355824479104,24.118806,1786372813336509191,,0,0,0,0,0,0,0,0,0,0,0,0,0,0,0,0,0,0,0
21355844503712,24.13883,1786372813356531613,,0,0,0,0,0,0,0,0,0,0,0,0,0,0,0,0,0,0,0
21355864380128,24.158707,1786372813376526542,,0,0,0,0,0,0,0,0,0,0,0,0,0,0,0,0,0,0,0
21355884480960,24.178808,1786372813396524390,,0,0,0,0,0,0,0,0,0,0,0,0,0,0,0,0,0,0,0
21355904469152,24.198796,1786372813416506783,,0,0,0,0,0,0,0,0,0,0,0,0,0,0,0,0,0,0,0
21355924474272,24.218801,1786372813436510105,,0,0,0,0,0,0,0,0,0,0,0,0,0,0,0,0,0,0,0
21355944491040,24.238818,1786372813456503285,,0,0,0,0,0,0,0,0,0,0,0,0,0,0,0,0,0,0,0
21355964456256,24.258783,1786372813476509927,,0,0,0,0,0,0,0,0,0,0,0,0,0,0,0,0,0,0,0
21355984519328,24.278846,1786372813496530485,,0,0,0,0,0,0,0,0,0,0,0,0,0,0,0,0,0,0,0
21356004506176,24.298833,1786372813516526791,,0,0,0,0,0,0,0,0,0,0,0,0,0,0,0,0,0,0,0
21356024498624,24.318825,1786372813536523494,,0,0,0,0,0,0,0,0,0,0,0,0,0,0,0,0,0,0,0
21356044485952,24.338813,1786372813556505360,,0,0,0,0,0,0,0,0,0,0,0,0,0,0,0,0,0,0,0
21356064433344,24.35876,1786372813576510542,,0,0,0,0,0,0,0,0,0,0,0,0,0,0,0,0,0,0,0
21356084468288,24.378795,1786372813596507208,,0,0,0,0,0,0,0,0,0,0,0,0,0,0,0,0,0,0,0
21356104486816,24.398813,1786372813616510164,,0,0,0,0,0,0,0,0,0,0,0,0,0,0,0,0,0,0,0
21356124490784,24.418817,1786372813636532301,,0,0,0,0,0,0,0,0,0,0,0,0,0,0,0,0,0,0,0
21356144494112,24.438821,1786372813656526815,,0,0,0,0,0,0,0,0,0,0,0,0,0,0,0,0,0,0,0
21356164523136,24.45885,1786372813676538199,,0,0,0,0,0,0,0,0,0,0,0,0,0,0,0,0,0,0,0
21356184467840,24.478794,1786372813696507615,,0,0,0,0,0,0,0,0,0,0,0,0,0,0,0,0,0,0,0
21356204489920,24.498816,1786372813716511274,,0,0,0,0,0,0,0,0,0,0,0,0,0,0,0,0,0,0,0
21356224467424,24.518794,1786372813736504084,,0,0,0,0,0,0,0,0,0,0,0,0,0,0,0,0,0,0,0
21356244456512,24.538783,1786372813756509760,,0,0,0,0,0,0,0,0,0,0,0,0,0,0,0,0,0,0,0
21356264360768,24.558687,1786372813776530517,,0,0,0,0,0,0,0,0,0,0,0,0,0,0,0,0,0,0,0
21356284468160,24.578795,1786372813796526302,,0,0,0,0,0,0,0,0,0,0,0,0,0,0,0,0,0,0,0
21356304490752,24.598817,1786372813816525664,,0,0,0,0,0,0,0,0,0,0,0,0,0,0,0,0,0,0,0
21356324473088,24.6188,1786372813836506132,,0,0,0,0,0,0,0,0,0,0,0,0,0,0,0,0,0,0,0
21356344465312,24.638792,1786372813856510853,,0,0,0,0,0,0,0,0,0,0,0,0,0,0,0,0,0,0,0
21356364439584,24.658766,1786372813876505027,,0,0,0,0,0,0,0,0,0,0,0,0,0,0,0,0,0,0,0
21356384458496,24.678785,1786372813896510523,,0,0,0,0,0,0,0,0,0,0,0,0,0,0,0,0,0,0,0
21356404471616,24.698798,1786372813916531404,,0,0,0,0,0,0,0,0,0,0,0,0,0,0,0,0,0,0,0
21356424470048,24.718797,1786372813936526759,,0,0,0,0,0,0,0,0,0,0,0,0,0,0,0,0,0,0,0
21356444475904,24.738802,1786372813956524315,,0,0,0,0,0,0,0,0,0,0,0,0,0,0,0,0,0,0,0
21356464374112,24.758701,1786372813976506592,,0,0,0,0,0,0,0,0,0,0,0,0,0,0,0,0,0,0,0
21356484429952,24.778757,1786372813996510700,,0,0,0,0,0,0,0,0,0,0,0,0,0,0,0,0,0,0,0
21356504471712,24.798798,1786372814016504060,,0,0,0,0,0,0,0,0,0,0,0,0,0,0,0,0,0,0,0
21356524435264,24.818762,1786372814036509762,,0,0,0,0,0,0,0,0,0,0,0,0,0,0,0,0,0,0,0
21356544481088,24.838808,1786372814056531430,,0,0,0,0,0,0,0,0,0,0,0,0,0,0,0,0,0,0,0
21356564435584,24.858762,1786372814076527261,,0,0,0,0,0,0,0,0,0,0,0,0,0,0,0,0,0,0,0
21356584476000,24.878803,1786372814096525080,,0,0,0,0,0,0,0,0,0,0,0,0,0,0,0,0,0,0,0
21356604438048,24.898765,1786372814116506350,,0,0,0,0,0,0,0,0,0,0,0,0,0,0,0,0,0,0,0
21356624456288,24.918783,1786372814136510693,,0,0,0,0,0,0,0,0,0,0,0,0,0,0,0,0,0,0,0
21356644448192,24.938775,1786372814156503570,,0,0,0,0,0,0,0,0,0,0,0,0,0,0,0,0,0,0,0
21356664335072,24.958662,1786372814176510273,,0,0,0,0,0,0,0,0,0,0,0,0,0,0,0,0,0,0,0
21356684492192,24.978819,1786372814196531037,,0,0,0,0,0,0,0,0,0,0,0,0,0,0,0,0,0,0,0
21356704485888,24.998812,1786372814216526854,,0,0,0,0,0,0,0,0,0,0,0,0,0,0,0,0,0,0,0
21356724454112,25.018781,1786372814236524337,,0,0,0,0,0,0,0,0,0,0,0,0,0,0,0,0,0,0,0
21356744445472,25.038772,1786372814256506188,,0,0,0,0,0,0,0,0,0,0,0,0,0,0,0,0,0,0,0
21356764452064,25.058779,1786372814276525094,,0,0,0,0,0,0,0,0,0,0,0,0,0,0,0,0,0,0,0
21356784434976,25.078762,1786372814296503280,,0,0,0,0,0,0,0,0,0,0,0,0,0,0,0,0,0,0,0
21356804448512,25.098775,1786372814316511027,,0,0,0,0,0,0,0,0,0,0,0,0,0,0,0,0,0,0,0
21356824462720,25.118789,1786372814336531003,,0,0,0,0,0,0,0,0,0,0,0,0,0,0,0,0,0,0,0
21356844460000,25.138787,1786372814356527621,,0,0,0,0,0,0,0,0,0,0,0,0,0,0,0,0,0,0,0
21356864421312,25.158748,1786372814376524216,,0,0,0,0,0,0,0,0,0,0,0,0,0,0,0,0,0,0,0
21356884423904,25.17875,1786372814396506114,,0,0,0,0,0,0,0,0,0,0,0,0,0,0,0,0,0,0,0
21356904458048,25.198785,1786372814416511252,,0,0,0,0,0,0,0,0,0,0,0,0,0,0,0,0,0,0,0
21356924441472,25.218768,1786372814436504438,,0,0,0,0,0,0,0,0,0,0,0,0,0,0,0,0,0,0,0
21356944431424,25.238758,1786372814456510212,,0,0,0,0,0,0,0,0,0,0,0,0,0,0,0,0,0,0,0
21356964436000,25.258763,1786372814476531725,,0,0,0,0,0,0,0,0,0,0,0,0,0,0,0,0,0,0,0
21356984456736,25.278783,1786372814496527621,,0,0,0,0,0,0,0,0,0,0,0,0,0,0,0,0,0,0,0
21357004446144,25.298773,1786372814516522729,,0,0,0,0,0,0,0,0,0,0,0,0,0,0,0,0,0,0,0
21357024428288,25.318755,1786372814536506353,,0,0,0,0,0,0,0,0,0,0,0,0,0,0,0,0,0,0,0
21357044442944,25.33877,1786372814556524180,,0,0,0,0,0,0,0,0,0,0,0,0,0,0,0,0,0,0,0
21357064298112,25.358625,1786372814576503765,,0,0,0,0,0,0,0,0,0,0,0,0,0,0,0,0,0,0,0
21357084426112,25.378753,1786372814596513383,,0,0,0,0,0,0,0,0,0,0,0,0,0,0,0,0,0,0,0
21357104441792,25.398768,1786372814616530736,,0,0,0,0,0,0,0,0,0,0,0,0,0,0,0,0,0,0,0
21357124438208,25.418765,1786372814636526905,,0,0,0,0,0,0,0,0,0,0,0,0,0,0,0,0,0,0,0
21357144424352,25.438751,1786372814656523547,,0,0,0,0,0,0,0,0,0,0,0,0,0,0,0,0,0,0,0
21357164408096,25.458735,1786372814676505903,,0,0,0,0,0,0,0,0,0,0,0,0,0,0,0,0,0,0,0
21357184438848,25.478765,1786372814696511153,,0,0,0,0,0,0,0,0,0,0,0,0,0,0,0,0,0,0,0
21357204421280,25.498748,1786372814716504848,,0,0,0,0,0,0,0,0,0,0,0,0,0,0,0,0,0,0,0
21357224410144,25.518737,1786372814736511215,,0,0,0,0,0,0,0,0,0,0,0,0,0,0,0,0,0,0,0
21357244439872,25.538766,1786372814756532963,,0,0,0,0,0,0,0,0,0,0,0,0,0,0,0,0,0,0,0
21357264305280,25.558632,1786372814776527243,,0,0,0,0,0,0,0,0,0,0,0,0,0,0,0,0,0,0,0
21357284472992,25.5788,1786372814796523709,,0,0,0,0,0,0,0,0,0,0,0,0,0,0,0,0,0,0,0
21357304437792,25.598764,1786372814816506771,,0,0,0,0,0,0,0,0,0,0,0,0,0,0,0,0,0,0,0
21357324405440,25.618732,1786372814836511732,,0,0,0,0,0,0,0,0,0,0,0,0,0,0,0,0,0,0,0
21357344418304,25.638745,1786372814856504094,,0,0,0,0,0,0,0,0,0,0,0,0,0,0,0,0,0,0,0
21357364421536,25.658748,1786372814876510091,,0,0,0,0,0,0,0,0,0,0,0,0,0,0,0,0,0,0,0
21357384443232,25.67877,1786372814896531261,,0,0,0,0,0,0,0,0,0,0,0,0,0,0,0,0,0,0,0
21357404427392,25.698754,1786372814916526851,,0,0,0,0,0,0,0,0,0,0,0,0,0,0,0,0,0,0,0
21357424420736,25.718747,1786372814936523522,,0,0,0,0,0,0,0,0,0,0,0,0,0,0,0,0,0,0,0
21357444416800,25.738743,1786372814956505900,,0,0,0,0,0,0,0,0,0,0,0,0,0,0,0,0,0,0,0
21357464297792,25.758624,1786372814976511076,,0,0,0,0,0,0,0,0,0,0,0,0,0,0,0,0,0,0,0
21357484424128,25.778751,1786372814996503455,,0,0,0,0,0,0,0,0,0,0,0,0,0,0,0,0,0,0,0
21357504396000,25.798723,1786372815016511129,,0,0,0,0,0,0,0,0,0,0,0,0,0,0,0,0,0,0,0
21357524421408,25.818748,1786372815036530842,,0,0,0,0,0,0,0,0,0,0,0,0,0,0,0,0,0,0,0
21357544429600,25.838756,1786372815056541494,,0,0,0,0,0,0,0,0,0,0,0,0,0,0,0,0,0,0,0
21357564424352,25.858751,1786372815076523262,,0,0,0,0,0,0,0,0,0,0,0,0,0,0,0,0,0,0,0
21357584438080,25.878765,1786372815096509021,,0,0,0,0,0,0,0,0,0,0,0,0,0,0,0,0,0,0,0
21357604411392,25.898738,1786372815116511140,,0,0,0,0,0,0,0,0,0,0,0,0,0,0,0,0,0,0,0
21357624391072,25.918718,1786372815136503469,,0,0,0,0,0,0,0,0,0,0,0,0,0,0,0,0,0,0,0
21357644410912,25.938737,1786372815156511347,,0,0,0,0,0,0,0,0,0,0,0,0,0,0,0,0,0,0,0
21357664312544,25.958639,1786372815176532099,,0,0,0,0,0,0,0,0,0,0,0,0,0,0,0,0,0,0,0
21357684413792,25.97874,1786372815196525580,,0,0,0,0,0,0,0,0,0,0,0,0,0,0,0,0,0,0,0
21357704389824,25.998716,1786372815216523511,,0,0,0,0,0,0,0,0,0,0,0,0,0,0,0,0,0,0,0
21357724390432,26.018717,1786372815236506062,,0,0,0,0,0,0,0,0,0,0,0,0,0,0,0,0,0,0,0
21357744384224,26.038711,1786372815256510501,,0,0,0,0,0,0,0,0,0,0,0,0,0,0,0,0,0,0,0
21357764357056,26.058684,1786372815276503915,,0,0,0,0,0,0,0,0,0,0,0,0,0,0,0,0,0,0,0
21357784388128,26.078715,1786372815296510170,,0,0,0,0,0,0,0,0,0,0,0,0,0,0,0,0,0,0,0
21357804418432,26.098745,1786372815316531678,,0,0,0,0,0,0,0,0,0,0,0,0,0,0,0,0,0,0,0
21357824397568,26.118724,1786372815336526425,,0,0,0,0,0,0,0,0,0,0,0,0,0,0,0,0,0,0,0
21357844394336,26.138721,1786372815356523097,,0,0,0,0,0,0,0,0,0,0,0,0,0,0,0,0,0,0,0
21357864400864,26.158727,1786372815376507196,,0,0,0,0,0,0,0,0,0,0,0,0,0,0,0,0,0,0,0
21357884387584,26.178714,1786372815396511117,,0,0,0,0,0,0,0,0,0,0,0,0,0,0,0,0,0,0,0
21357904367456,26.198694,1786372815416503804,,0,0,0,0,0,0,0,0,0,0,0,0,0,0,0,0,0,0,0
21357924362688,26.218689,1786372815436510006,,0,0,0,0,0,0,0,0,0,0,0,0,0,0,0,0,0,0,0
21357944421344,26.238748,1786372815456545654,,0,0,0,0,0,0,0,0,0,0,0,0,0,0,0,0,0,0,0
21357964410176,26.258737,1786372815476527575,,0,0,0,0,0,0,0,0,0,0,0,0,0,0,0,0,0,0,0
21357984391840,26.278718,1786372815496523620,,0,0,0,0,0,0,0,0,0,0,0,0,0,0,0,0,0,0,0
21358004386880,26.298713,1786372815516519852,,0,0,0,0,0,0,0,0,0,0,0,0,0,0,0,0,0,0,0
21358024373408,26.3187,1786372815536510927,,0,0,0,0,0,0,0,0,0,0,0,0,0,0,0,0,0,0,0
21358044363936,26.33869,1786372815556504321,,0,0,0,0,0,0,0,0,0,0,0,0,0,0,0,0,0,0,0
21358064283040,26.35861,1786372815576510258,,0,0,0,0,0,0,0,0,0,0,0,0,0,0,0,0,0,0,0
21358084456192,26.378783,1786372815596547578,,0,0,0,0,0,0,0,0,0,0,0,0,0,0,0,0,0,0,0
21358104410496,26.398737,1786372815616527746,,0,0,0,0,0,0,0,0,0,0,0,0,0,0,0,0,0,0,0
21358124378784,26.418705,1786372815636524142,,0,0,0,0,0,0,0,0,0,0,0,0,0,0,0,0,0,0,0
21358144398208,26.438725,1786372815656506742,,0,0,0,0,0,0,0,0,0,0,0,0,0,0,0,0,0,0,0
21358164396544,26.458723,1786372815676510572,,0,0,0,0,0,0,0,0,0,0,0,0,0,0,0,0,0,0,0
21358184377504,26.478704,1786372815696505305,,0,0,0,0,0,0,0,0,0,0,0,0,0,0,0,0,0,0,0
21358204389280,26.498716,1786372815716511024,,0,0,0,0,0,0,0,0,0,0,0,0,0,0,0,0,0,0,0
21358224388352,26.518715,1786372815736531638,,0,0,0,0,0,0,0,0,0,0,0,0,0,0,0,0,0,0,0
21358244402624,26.538729,1786372815756541578,,0,0,0,0,0,0,0,0,0,0,0,0,0,0,0,0,0,0,0
21358264297568,26.558624,1786372815776523540,,0,0,0,0,0,0,0,0,0,0,0,0,0,0,0,0,0,0,0
21358284400384,26.578727,1786372815796506982,,0,0,0,0,0,0,0,0,0,0,0,0,0,0,0,0,0,0,0
21358304370400,26.598697,1786372815816511441,,0,0,0,0,0,0,0,0,0,0,0,0,0,0,0,0,0,0,0
21358324352768,26.618679,1786372815836503531,,0,0,0,0,0,0,0,0,0,0,0,0,0,0,0,0,0,0,0
21358344381760,26.638708,1786372815856511712,,0,0,0,0,0,0,0,0,0,0,0,0,0,0,0,0,0,0,0
21358364391488,26.658718,1786372815876531728,,0,0,0,0,0,0,0,0,0,0,0,0,0,0,0,0,0,0,0
21358384364544,26.678691,1786372815896527467,,0,0,0,0,0,0,0,0,0,0,0,0,0,0,0,0,0,0,0
21358404393952,26.698721,1786372815916525212,,0,0,0,0,0,0,0,0,0,0,0,0,0,0,0,0,0,0,0
21358424354688,26.718681,1786372815936507348,,0,0,0,0,0,0,0,0,0,0,0,0,0,0,0,0,0,0,0
21358444383616,26.73871,1786372815956511634,,0,0,0,0,0,0,0,0,0,0,0,0,0,0,0,0,0,0,0
21358464234720,26.758561,1786372815976505057,,0,0,0,0,0,0,0,0,0,0,0,0,0,0,0,0,0,0,0
21358484351104,26.778678,1786372815996511648,,0,0,0,0,0,0,0,0,0,0,0,0,0,0,0,0,0,0,0
21358504370368,26.798697,1786372816016532850,,0,0,0,0,0,0,0,0,0,0,0,0,0,0,0,0,0,0,0
21358524395104,26.818722,1786372816036534013,,0,0,0,0,0,0,0,0,0,0,0,0,0,0,0,0,0,0,0
21358544432992,26.83876,1786372816056524150,,0,0,0,0,0,0,0,0,0,0,0,0,0,0,0,0,0,0,0
21358564328032,26.858655,1786372816076507142,,0,0,0,0,0,0,0,0,0,0,0,0,0,0,0,0,0,0,0
21358584347296,26.878674,1786372816096512246,,0,0,0,0,0,0,0,0,0,0,0,0,0,0,0,0,0,0,0
21358604370240,26.898697,1786372816116504242,,0,0,0,0,0,0,0,0,0,0,0,0,0,0,0,0,0,0,0
21358624366624,26.918693,1786372816136511047,,0,0,0,0,0,0,0,0,0,0,0,0,0,0,0,0,0,0,0
21358644386560,26.938713,1786372816156532290,,0,0,0,0,0,0,0,0,0,0,0,0,0,0,0,0,0,0,0
21358664232960,26.95856,1786372816176526908,,0,0,0,0,0,0,0,0,0,0,0,0,0,0,0,0,0,0,0
21358684363936,26.97869,1786372816196524144,,0,0,0,0,0,0,0,0,0,0,0,0,0,0,0,0,0,0,0
21358704338624,26.998665,1786372816216506967,,0,0,0,0,0,0,0,0,0,0,0,0,0,0,0,0,0,0,0
21358724343488,27.01867,1786372816236510937,,0,0,0,0,0,0,0,0,0,0,0,0,0,0,0,0,0,0,0
21358744378944,27.038706,1786372816256504001,,0,0,0,0,0,0,0,0,0,0,0,0,0,0,0,0,0,0,0
21358764365088,27.058692,1786372816276510061,,0,0,0,0,0,0,0,0,0,0,0,0,0,0,0,0,0,0,0
21358784374528,27.078701,1786372816296531147,,0,0,0,0,0,0,0,0,0,0,0,0,0,0,0,0,0,0,0
21358804362784,27.098689,1786372816316525936,,0,0,0,0,0,0,0,0,0,0,0,0,0,0,0,0,0,0,0
21358824336800,27.118663,1786372816336522745,,0,0,0,0,0,0,0,0,0,0,0,0,0,0,0,0,0,0,0
21358844331360,27.138658,1786372816356507089,,0,0,0,0,0,0,0,0,0,0,0,0,0,0,0,0,0,0,0
21358864233184,27.15856,1786372816376511137,,0,0,0,0,0,0,0,0,0,0,0,0,0,0,0,0,0,0,0
21358884348544,27.178675,1786372816396503698,,0,0,0,0,0,0,0,0,0,0,0,0,0,0,0,0,0,0,0
21358904340320,27.198667,1786372816416509861,,0,0,0,0,0,0,0,0,0,0,0,0,0,0,0,0,0,0,0
21358924360192,27.218687,1786372816436530629,,0,0,0,0,0,0,0,0,0,0,0,0,0,0,0,0,0,0,0
21358944385120,27.238712,1786372816456526116,,0,0,0,0,0,0,0,0,0,0,0,0,0,0,0,0,0,0,0
21358964358976,27.258686,1786372816476524281,,0,0,0,0,0,0,0,0,0,0,0,0,0,0,0,0,0,0,0
21358984367424,27.278694,1786372816496506645,,0,0,0,0,0,0,0,0,0,0,0,0,0,0,0,0,0,0,0
21359004322816,27.298649,1786372816516510270,,0,0,0,0,0,0,0,0,0,0,0,0,0,0,0,0,0,0,0
21359024316800,27.318643,1786372816536504518,,0,0,0,0,0,0,0,0,0,0,0,0,0,0,0,0,0,0,0
21359044356800,27.338683,1786372816556509865,,0,0,0,0,0,0,0,0,0,0,0,0,0,0,0,0,0,0,0
21359064268384,27.358595,1786372816576530082,,0,0,0,0,0,0,0,0,0,0,0,0,0,0,0,0,0,0,0
21359084352896,27.378679,1786372816596530188,,0,0,0,0,0,0,0,0,0,0,0,0,0,0,0,0,0,0,0
21359104321792,27.398648,1786372816616523112,,0,0,0,0,0,0,0,0,0,0,0,0,0,0,0,0,0,0,0
21359124308448,27.418635,1786372816636506668,,0,0,0,0,0,0,0,0,0,0,0,0,0,0,0,0,0,0,0
21359144365696,27.438692,1786372816656510948,,0,0,0,0,0,0,0,0,0,0,0,0,0,0,0,0,0,0,0
21359164303648,27.45863,1786372816676504039,,0,0,0,0,0,0,0,0,0,0,0,0,0,0,0,0,0,0,0
21359184313344,27.47864,1786372816696511182,,0,0,0,0,0,0,0,0,0,0,0,0,0,0,0,0,0,0,0
21359204335136,27.498662,1786372816716530962,,0,0,0,0,0,0,0,0,0,0,0,0,0,0,0,0,0,0,0
21359224359616,27.518686,1786372816736528058,,0,0,0,0,0,0,0,0,0,0,0,0,0,0,0,0,0,0,0
21359244342528,27.538669,1786372816756523472,,0,0,0,0,0,0,0,0,0,0,0,0,0,0,0,0,0,0,0
21359264197376,27.558524,1786372816776507020,,0,0,0,0,0,0,0,0,0,0,0,0,0,0,0,0,0,0,0
21359284310112,27.578637,1786372816796511011,,0,0,0,0,0,0,0,0,0,0,0,0,0,0,0,0,0,0,0
21359304314912,27.598641,1786372816816503930,,0,0,0,0,0,0,0,0,0,0,0,0,0,0,0,0,0,0,0
21359324331072,27.618658,1786372816836510644,,0,0,0,0,0,0,0,0,0,0,0,0,0,0,0,0,0,0,0
21359344391936,27.638718,1786372816856532269,,0,0,0,0,0,0,0,0,0,0,0,0,0,0,0,0,0,0,0
21359364333600,27.65866,1786372816876526471,,0,0,0,0,0,0,0,0,0,0,0,0,0,0,0,0,0,0,0
21359384319104,27.678646,1786372816896522797,,0,0,0,0,0,0,0,0,0,0,0,0,0,0,0,0,0,0,0
21359404308096,27.698635,1786372816916506075,,0,0,0,0,0,0,0,0,0,0,0,0,0,0,0,0,0,0,0
21359424328320,27.718655,1786372816936510830,,0,0,0,0,0,0,0,0,0,0,0,0,0,0,0,0,0,0,0
21359444319616,27.738646,1786372816956504408,,0,0,0,0,0,0,0,0,0,0,0,0,0,0,0,0,0,0,0
21359464194240,27.758521,1786372816976510571,,0,0,0,0,0,0,0,0,0,0,0,0,0,0,0,0,0,0,0
21359484329120,27.778656,1786372816996531137,,0,0,0,0,0,0,0,0,0,0,0,0,0,0,0,0,0,0,0
21359504307040,27.798634,1786372817016528037,,0,0,0,0,0,0,0,0,0,0,0,0,0,0,0,0,0,0,0
21359524347840,27.818674,1786372817036524514,,0,0,0,0,0,0,0,0,0,0,0,0,0,0,0,0,0,0,0
21359544323232,27.83865,1786372817056507354,,0,0,0,0,0,0,0,0,0,0,0,0,0,0,0,0,0,0,0
21359564310496,27.858637,1786372817076511767,,0,0,0,0,0,0,0,0,0,0,0,0,0,0,0,0,0,0,0
21359584317536,27.878644,1786372817096506860,,0,0,0,0,0,0,0,0,0,0,0,0,0,0,0,0,0,0,0
21359604348672,27.898675,1786372817116511385,,0,0,0,0,0,0,0,0,0,0,0,0,0,0,0,0,0,0,0
21359624348160,27.918675,1786372817136531777,,0,0,0,0,0,0,0,0,0,0,0,0,0,0,0,0,0,0,0
21359644338048,27.938665,1786372817156526263,,0,0,0,0,0,0,0,0,0,0,0,0,0,0,0,0,0,0,0
21359664208704,27.958535,1786372817176523610,,0,0,0,0,0,0,0,0,0,0,0,0,0,0,0,0,0,0,0
21359684326560,27.978653,1786372817196506783,,0,0,0,0,0,0,0,0,0,0,0,0,0,0,0,0,0,0,0
21359704297056,27.998624,1786372817216510478,,0,0,0,0,0,0,0,0,0,0,0,0,0,0,0,0,0,0,0
21359724318528,28.018645,1786372817236503919,,0,0,0,0,0,0,0,0,0,0,0,0,0,0,0,0,0,0,0
21359744334272,28.038661,1786372817256510688,,0,0,0,0,0,0,0,0,0,0,0,0,0,0,0,0,0,0,0
21359764321248,28.058648,1786372817276531140,,0,0,0,0,0,0,0,0,0,0,0,0,0,0,0,0,0,0,0
21359784239104,28.078566,1786372817296528019,,0,0,0,0,0,0,0,0,0,0,0,0,0,0,0,0,0,0,0
21359804348288,28.098675,1786372817316524491,,0,0,0,0,0,0,0,0,0,0,0,0,0,0,0,0,0,0,0
21359824302720,28.118629,1786372817336506155,,0,0,0,0,0,0,0,0,0,0,0,0,0,0,0,0,0,0,0
21359844319040,28.138646,1786372817356511234,,0,0,0,0,0,0,0,0,0,0,0,0,0,0,0,0,0,0,0
21359864187008,28.158514,1786372817376503933,,0,0,0,0,0,0,0,0,0,0,0,0,0,0,0,0,0,0,0
21359884305984,28.178633,1786372817396510044,,0,0,0,0,0,0,0,0,0,0,0,0,0,0,0,0,0,0,0
21359904313440,28.19864,1786372817416530941,,0,0,0,0,0,0,0,0,0,0,0,0,0,0,0,0,0,0,0
21359924329664,28.218656,1786372817436527524,,0,0,0,0,0,0,0,0,0,0,0,0,0,0,0,0,0,0,0
21359944367168,28.238694,1786372817456523483,,0,0,0,0,0,0,0,0,0,0,0,0,0,0,0,0,0,0,0
21359964307392,28.258634,1786372817476507514,,0,0,0,0,0,0,0,0,0,0,0,0,0,0,0,0,0,0,0
21359984306048,28.278633,1786372817496510756,,0,0,0,0,0,0,0,0,0,0,0,0,0,0,0,0,0,0,0
21360004288480,28.298615,1786372817516503355,,0,0,0,0,0,0,0,0,0,0,0,0,0,0,0,0,0,0,0
21360024310144,28.318637,1786372817536510188,,0,0,0,0,0,0,0,0,0,0,0,0,0,0,0,0,0,0,0
21360044322272,28.338649,1786372817556531609,,0,0,0,0,0,0,0,0,0,0,0,0,0,0,0,0,0,0,0
21360064186912,28.358513,1786372817576527309,,0,0,0,0,0,0,0,0,0,0,0,0,0,0,0,0,0,0,0
21360084308320,28.378635,1786372817596526196,,0,0,0,0,0,0,0,0,0,0,0,0,0,0,0,0,0,0,0
21360104293344,28.39862,1786372817616506366,,0,0,0,0,0,0,0,0,0,0,0,0,0,0,0,0,0,0,0
21360124309536,28.418636,1786372817636510870,,0,0,0,0,0,0,0,0,0,0,0,0,0,0,0,0,0,0,0
21360144310720,28.438637,1786372817656503803,,0,0,0,0,0,0,0,0,0,0,0,0,0,0,0,0,0,0,0
21360164284064,28.458611,1786372817676511326,,0,0,0,0,0,0,0,0,0,0,0,0,0,0,0,0,0,0,0
21360184314496,28.478641,1786372817696531461,,0,0,0,0,0,0,0,0,0,0,0,0,0,0,0,0,0,0,0
21360204323200,28.49865,1786372817716527376,,0,0,0,0,0,0,0,0,0,0,0,0,0,0,0,0,0,0,0
21360224316256,28.518643,1786372817736523978,,0,0,0,0,0,0,0,0,0,0,0,0,0,0,0,0,0,0,0
21360244433440,28.53876,1786372817756506963,,0,0,0,0,0,0,0,0,0,0,0,0,0,0,0,0,0,0,0
21360264171904,28.558498,1786372817776512531,,0,0,0,0,0,0,0,0,0,0,0,0,0,0,0,0,0,0,0
21360284273856,28.5786,1786372817796504233,,0,0,0,0,0,0,0,0,0,0,0,0,0,0,0,0,0,0,0
21360304286912,28.598613,1786372817816512956,,0,0,0,0,0,0,0,0,0,0,0,0,0,0,0,0,0,0,0
21360324311520,28.618638,1786372817836531157,,0,0,0,0,0,0,0,0,0,0,0,0,0,0,0,0,0,0,0
21360344324512,28.638651,1786372817856529103,,0,0,0,0,0,0,0,0,0,0,0,0,0,0,0,0,0,0,0
21360364297056,28.658624,1786372817876522330,,0,0,0,0,0,0,0,0,0,0,0,0,0,0,0,0,0,0,0
21360384268096,28.678595,1786372817896506605,,0,0,0,0,0,0,0,0,0,0,0,0,0,0,0,0,0,0,0
21360404319584,28.698646,1786372817916511211,,0,0,0,0,0,0,0,0,0,0,0,0,0,0,0,0,0,0,0
21360424295264,28.718622,1786372817936503652,,0,0,0,0,0,0,0,0,0,0,0,0,0,0,0,0,0,0,0
21360444274368,28.738601,1786372817956511385,,0,0,0,0,0,0,0,0,0,0,0,0,0,0,0,0,0,0,0
21360464161824,28.758488,1786372817976531410,,0,0,0,0,0,0,0,0,0,0,0,0,0,0,0,0,0,0,0
21360484283296,28.77861,1786372817996527255,,0,0,0,0,0,0,0,0,0,0,0,0,0,0,0,0,0,0,0
21360504322336,28.798649,1786372818016523565,,0,0,0,0,0,0,0,0,0,0,0,0,0,0,0,0,0,0,0
21360524290240,28.818617,1786372818036507395,,0,0,0,0,0,0,0,0,0,0,0,0,0,0,0,0,0,0,0
21360544321408,28.838648,1786372818056510982,,0,0,0,0,0,0,0,0,0,0,0,0,0,0,0,0,0,0,0
21360564260224,28.858587,1786372818076504622,,0,0,0,0,0,0,0,0,0,0,0,0,0,0,0,0,0,0,0
21360584288672,28.878615,1786372818096513391,,0,0,0,0,0,0,0,0,0,0,0,0,0,0,0,0,0,0,0
21360604326176,28.898653,1786372818116531931,,0,0,0,0,0,0,0,0,0,0,0,0,0,0,0,0,0,0,0
21360624298368,28.918625,1786372818136527794,,0,0,0,0,0,0,0,0,0,0,0,0,0,0,0,0,0,0,0
21360644297344,28.938624,1786372818156524084,,0,0,0,0,0,0,0,0,0,0,0,0,0,0,0,0,0,0,0
21360664188544,28.958515,1786372818176511584,,0,0,0,0,0,0,0,0,0,0,0,0,0,0,0,0,0,0,0
21360684252672,28.978579,1786372818196510850,,0,0,0,0,0,0,0,0,0,0,0,0,0,0,0,0,0,0,0
21360704289024,28.998616,1786372818216504048,,0,0,0,0,0,0,0,0,0,0,0,0,0,0,0,0,0,0,0
21360724258272,29.018585,1786372818236511113,,0,0,0,0,0,0,0,0,0,0,0,0,0,0,0,0,0,0,0
21360744296832,29.038623,1786372818256532201,,0,0,0,0,0,0,0,0,0,0,0,0,0,0,0,0,0,0,0
21360764278208,29.058605,1786372818276527884,,0,0,0,0,0,0,0,0,0,0,0,0,0,0,0,0,0,0,0
21360784301696,29.078628,1786372818296523976,,0,0,0,0,0,0,0,0,0,0,0,0,0,0,0,0,0,0,0
21360804261216,29.098588,1786372818316506923,,0,0,0,0,0,0,0,0,0,0,0,0,0,0,0,0,0,0,0
21360824252480,29.118579,1786372818336510880,,0,0,0,0,0,0,0,0,0,0,0,0,0,0,0,0,0,0,0
21360844305472,29.138632,1786372818356504854,,0,0,0,0,0,0,0,0,0,0,0,0,0,0,0,0,0,0,0
21360864254304,29.158581,1786372818376509860,,0,0,0,0,0,0,0,0,0,0,0,0,0,0,0,0,0,0,0
21360884345440,29.178672,1786372818396531198,,0,0,0,0,0,0,0,0,0,0,0,0,0,0,0,0,0,0,0
21360904296096,29.198623,1786372818416526254,,0,0,0,0,0,0,0,0,0,0,0,0,0,0,0,0,0,0,0
21360924316768,29.218643,1786372818436523939,,0,0,0,0,0,0,0,0,0,0,0,0,0,0,0,0,0,0,0
21360944268416,29.238595,1786372818456506277,,0,0,0,0,0,0,0,0,0,0,0,0,0,0,0,0,0,0,0
21360964296672,29.258623,1786372818476524322,,0,0,0,0,0,0,0,0,0,0,0,0,0,0,0,0,0,0,0
21360984217984,29.278545,1786372818496504223,,0,0,0,0,0,0,0,0,0,0,0,0,0,0,0,0,0,0,0
21361004281536,29.298608,1786372818516510861,,0,0,0,0,0,0,0,0,0,0,0,0,0,0,0,0,0,0,0
21361024267424,29.318594,1786372818536531544,,0,0,0,0,0,0,0,0,0,0,0,0,0,0,0,0,0,0,0
21361044320768,29.338647,1786372818556526298,,0,0,0,0,0,0,0,0,0,0,0,0,0,0,0,0,0,0,0
21361064129408,29.358456,1786372818576523478,,0,0,0,0,0,0,0,0,0,0,0,0,0,0,0,0,0,0,0
21361084230688,29.378557,1786372818596508352,,0,0,0,0,0,0,0,0,0,0,0,0,0,0,0,0,0,0,0
21361104233888,29.39856,1786372818616511142,,0,0,0,0,0,0,0,0,0,0,0,0,0,0,0,0,0,0,0
21361124231200,29.418558,1786372818636503910,,0,0,0,0,0,0,0,0,0,0,0,0,0,0,0,0,0,0,0
21361144225696,29.438552,1786372818656510769,,0,0,0,0,0,0,0,0,0,0,0,0,0,0,0,0,0,0,0
21361164258752,29.458585,1786372818676531091,,0,0,0,0,0,0,0,0,0,0,0,0,0,0,0,0,0,0,0
21361184283456,29.47861,1786372818696527852,,0,0,0,0,0,0,0,0,0,0,0,0,0,0,0,0,0,0,0
21361204234272,29.498561,1786372818716523555,,0,0,0,0,0,0,0,0,0,0,0,0,0,0,0,0,0,0,0
21361224230368,29.518557,1786372818736507125,,0,0,0,0,0,0,0,0,0,0,0,0,0,0,0,0,0,0,0
21361244226208,29.538553,1786372818756510497,,0,0,0,0,0,0,0,0,0,0,0,0,0,0,0,0,0,0,0
21361264193216,29.55852,1786372818776520222,,0,0,0,0,0,0,0,0,0,0,0,0,0,0,0,0,0,0,0
21361284256320,29.578583,1786372818796510846,,0,0,0,0,0,0,0,0,0,0,0,0,0,0,0,0,0,0,0
21361304246208,29.598573,1786372818816531041,,0,0,0,0,0,0,0,0,0,0,0,0,0,0,0,0,0,0,0
21361324240480,29.618567,1786372818836527047,,0,0,0,0,0,0,0,0,0,0,0,0,0,0,0,0,0,0,0
21361344234336,29.638561,1786372818856523959,,0,0,0,0,0,0,0,0,0,0,0,0,0,0,0,0,0,0,0
21361364205504,29.658532,1786372818876505995,,0,0,0,0,0,0,0,0,0,0,0,0,0,0,0,0,0,0,0
21361384258912,29.678585,1786372818896510997,,0,0,0,0,0,0,0,0,0,0,0,0,0,0,0,0,0,0,0
21361404248096,29.698575,1786372818916503976,,0,0,0,0,0,0,0,0,0,0,0,0,0,0,0,0,0,0,0
21361424203776,29.71853,1786372818936511006,,0,0,0,0,0,0,0,0,0,0,0,0,0,0,0,0,0,0,0
21361444249536,29.738576,1786372818956531415,,0,0,0,0,0,0,0,0,0,0,0,0,0,0,0,0,0,0,0
21361464099552,29.758426,1786372818976527565,,0,0,0,0,0,0,0,0,0,0,0,0,0,0,0,0,0,0,0
21361484269920,29.778596,1786372818996523914,,0,0,0,0,0,0,0,0,0,0,0,0,0,0,0,0,0,0,0
21361504182464,29.798509,1786372819016505858,,0,0,0,0,0,0,0,0,0,0,0,0,0,0,0,0,0,0,0
21361524220992,29.818548,1786372819036510932,,0,0,0,0,0,0,0,0,0,0,0,0,0,0,0,0,0,0,0
21361544225344,29.838552,1786372819056518378,,0,0,0,0,0,0,0,0,0,0,0,0,0,0,0,0,0,0,0
21361564221152,29.858548,1786372819076510903,,0,0,0,0,0,0,0,0,0,0,0,0,0,0,0,0,0,0,0
21361584232928,29.878559,1786372819096534185,,0,0,0,0,0,0,0,0,0,0,0,0,0,0,0,0,0,0,0
21361604293664,29.89862,1786372819116527559,,0,0,0,0,0,0,0,0,0,0,0,0,0,0,0,0,0,0,0
21361624245632,29.918572,1786372819136523610,,0,0,0,0,0,0,0,0,0,0,0,0,0,0,0,0,0,0,0
21361644269024,29.938596,1786372819156506121,,0,0,0,0,0,0,0,0,0,0,0,0,0,0,0,0,0,0,0
21361664135616,29.958462,1786372819176510281,,0,0,0,0,0,0,0,0,0,0,0,0,0,0,0,0,0,0,0
21361684228256,29.978555,1786372819196504470,,0,0,0,0,0,0,0,0,0,0,0,0,0,0,0,0,0,0,0
21361704192320,29.998519,1786372819216510448,,0,0,0,0,0,0,0,0,0,0,0,0,0,0,0,0,0,0,0
21361724227712,30.018554,1786372819236531714,,0,0,0,0,0,0,0,0,0,0,0,0,0,0,0,0,0,0,0
21361744284384,30.038611,1786372819256526879,,0,0,0,0,0,0,0,0,0,0,0,0,0,0,0,0,0,0,0
21361764293152,30.05862,1786372819276523073,,0,0,0,0,0,0,0,0,0,0,0,0,0,0,0,0,0,0,0
21361784190368,30.078517,1786372819296507061,,0,0,0,0,0,0,0,0,0,0,0,0,0,0,0,0,0,0,0
21361804205600,30.098532,1786372819316510817,,0,0,0,0,0,0,0,0,0,0,0,0,0,0,0,0,0,0,0
21361824186432,30.118513,1786372819336504030,,0,0,0,0,0,0,0,0,0,0,0,0,0,0,0,0,0,0,0
21361844208416,30.138535,1786372819356510967,,0,0,0,0,0,0,0,0,0,0,0,0,0,0,0,0,0,0,0
21361864140992,30.158468,1786372819376530979,,0,0,0,0,0,0,0,0,0,0,0,0,0,0,0,0,0,0,0
21361884217376,30.178544,1786372819396526202,,0,0,0,0,0,0,0,0,0,0,0,0,0,0,0,0,0,0,0
21361904203072,30.19853,1786372819416523930,,0,0,0,0,0,0,0,0,0,0,0,0,0,0,0,0,0,0,0
21361924194208,30.218521,1786372819436507666,,0,0,0,0,0,0,0,0,0,0,0,0,0,0,0,0,0,0,0
21361944208864,30.238535,1786372819456524936,,0,0,0,0,0,0,0,0,0,0,0,0,0,0,0,0,0,0,0
21361964155968,30.258483,1786372819476504338,,0,0,0,0,0,0,0,0,0,0,0,0,0,0,0,0,0,0,0
21361984194112,30.278521,1786372819496510379,,0,0,0,0,0,0,0,0,0,0,0,0,0,0,0,0,0,0,0
21362004199456,30.298526,1786372819516529982,,0,0,0,0,0,0,0,0,0,0,0,0,0,0,0,0,0,0,0
21362024210336,30.318537,1786372819536526986,,0,0,0,0,0,0,0,0,0,0,0,0,0,0,0,0,0,0,0
21362044186656,30.338513,1786372819556522970,,0,0,0,0,0,0,0,0,0,0,0,0,0,0,0,0,0,0,0
21362064071200,30.358398,1786372819576506456,,0,0,0,0,0,0,0,0,0,0,0,0,0,0,0,0,0,0,0
21362084396608,30.378723,1786372819596513011,,0,0,0,0,0,0,0,0,0,0,0,0,0,0,0,0,0,0,0
21362104194784,30.398521,1786372819616503392,,0,0,0,0,0,0,0,0,0,0,0,0,0,0,0,0,0,0,0
21362124234304,30.418561,1786372819636509679,,0,0,0,0,0,0,0,0,0,0,0,0,0,0,0,0,0,0,0
21362144216288,30.438543,1786372819656531296,,0,0,0,0,0,0,0,0,0,0,0,0,0,0,0,0,0,0,0
21362164255360,30.458582,1786372819676526500,,0,0,0,0,0,0,0,0,0,0,0,0,0,0,0,0,0,0,0
21362184211680,30.478538,1786372819696522600,,0,0,0,0,0,0,0,0,0,0,0,0,0,0,0,0,0,0,0
21362204193696,30.49852,1786372819716506661,,0,0,0,0,0,0,0,0,0,0,0,0,0,0,0,0,0,0,0
21362224189344,30.518516,1786372819736511330,,0,0,0,0,0,0,0,0,0,0,0,0,0,0,0,0,0,0,0
21362244177376,30.538504,1786372819756503924,,0,0,0,0,0,0,0,0,0,0,0,0,0,0,0,0,0,0,0
21362264073056,30.5584,1786372819776510989,,0,0,0,0,0,0,0,0,0,0,0,0,0,0,0,0,0,0,0
21362284217440,30.578544,1786372819796530847,,0,0,0,0,0,0,0,0,0,0,0,0,0,0,0,0,0,0,0
21362304229024,30.598556,1786372819816528464,,0,0,0,0,0,0,0,0,0,0,0,0,0,0,0,0,0,0,0
21362324187264,30.618514,1786372819836522970,,0,0,0,0,0,0,0,0,0,0,0,0,0,0,0,0,0,0,0
21362344174112,30.638501,1786372819856506790,,0,0,0,0,0,0,0,0,0,0,0,0,0,0,0,0,0,0,0
21362364190240,30.658517,1786372819876511777,,0,0,0,0,0,0,0,0,0,0,0,0,0,0,0,0,0,0,0
21362384182304,30.678509,1786372819896504532,,0,0,0,0,0,0,0,0,0,0,0,0,0,0,0,0,0,0,0
21362404189472,30.698516,1786372819916511393,,0,0,0,0,0,0,0,0,0,0,0,0,0,0,0,0,0,0,0
21362424194080,30.718521,1786372819936531431,,0,0,0,0,0,0,0,0,0,0,0,0,0,0,0,0,0,0,0
21362444215104,30.738542,1786372819956528447,,0,0,0,0,0,0,0,0,0,0,0,0,0,0,0,0,0,0,0
21362464079616,30.758406,1786372819976522813,,0,0,0,0,0,0,0,0,0,0,0,0,0,0,0,0,0,0,0
21362484184384,30.778511,1786372819996507160,,0,0,0,0,0,0,0,0,0,0,0,0,0,0,0,0,0,0,0
21362504229504,30.798556,1786372820016511074,,0,0,0,0,0,0,0,0,0,0,0,0,0,0,0,0,0,0,0
21362524167008,30.818494,1786372820036504841,,0,0,0,0,0,0,0,0,0,0,0,0,0,0,0,0,0,0,0
21362544208768,30.838535,1786372820056510599,,0,0,0,0,0,0,0,0,0,0,0,0,0,0,0,0,0,0,0
21362564199616,30.858526,1786372820076531137,,0,0,0,0,0,0,0,0,0,0,0,0,0,0,0,0,0,0,0
21362584180352,30.878507,1786372820096529598,,0,0,0,0,0,0,0,0,0,0,0,0,0,0,0,0,0,0,0
21362604169440,30.898496,1786372820116523932,,0,0,0,0,0,0,0,0,0,0,0,0,0,0,0,0,0,0,0
21362624174976,30.918502,1786372820136506484,,0,0,0,0,0,0,0,0,0,0,0,0,0,0,0,0,0,0,0
21362644151904,30.938478,1786372820156511685,,0,0,0,0,0,0,0,0,0,0,0,0,0,0,0,0,0,0,0
21362664042368,30.958369,1786372820176503395,,0,0,0,0,0,0,0,0,0,0,0,0,0,0,0,0,0,0,0
21362684162880,30.978489,1786372820196511522,,0,0,0,0,0,0,0,0,0,0,0,0,0,0,0,0,0,0,0
21362704232096,30.998559,1786372820216546102,,0,0,0,0,0,0,0,0,0,0,0,0,0,0,0,0,0,0,0
21362724177152,31.018504,1786372820236526992,,0,0,0,0,0,0,0,0,0,0,0,0,0,0,0,0,0,0,0
21362744189600,31.038516,1786372820256523917,,0,0,0,0,0,0,0,0,0,0,0,0,0,0,0,0,0,0,0
21362764141248,31.058468,1786372820276506136,,0,0,0,0,0,0,0,0,0,0,0,0,0,0,0,0,0,0,0
21362784157760,31.078484,1786372820296511211,,0,0,0,0,0,0,0,0,0,0,0,0,0,0,0,0,0,0,0
21362804160128,31.098487,1786372820316509295,,0,0,0,0,0,0,0,0,0,0,0,0,0,0,0,0,0,0,0
21362824176896,31.118503,1786372820336511276,,0,0,0,0,0,0,0,0,0,0,0,0,0,0,0,0,0,0,0
21362844200064,31.138527,1786372820356532548,,0,0,0,0,0,0,0,0,0,0,0,0,0,0,0,0,0,0,0
21362864093600,31.15842,1786372820376526908,,0,0,0,0,0,0,0,0,0,0,0,0,0,0,0,0,0,0,0
21362884175200,31.178502,1786372820396524038,,0,0,0,0,0,0,0,0,0,0,0,0,0,0,0,0,0,0,0
21362904144448,31.198471,1786372820416506475,,0,0,0,0,0,0,0,0,0,0,0,0,0,0,0,0,0,0,0
21362924147712,31.218474,1786372820436510501,,0,0,0,0,0,0,0,0,0,0,0,0,0,0,0,0,0,0,0
21362944138496,31.238465,1786372820456504125,,0,0,0,0,0,0,0,0,0,0,0,0,0,0,0,0,0,0,0
21362964163008,31.25849,1786372820476509904,,0,0,0,0,0,0,0,0,0,0,0,0,0,0,0,0,0,0,0
21362984169344,31.278496,1786372820496532926,,0,0,0,0,0,0,0,0,0,0,0,0,0,0,0,0,0,0,0
21363004156320,31.298483,1786372820516527086,,0,0,0,0,0,0,0,0,0,0,0,0,0,0,0,0,0,0,0
21363024168448,31.318495,1786372820536523012,,0,0,0,0,0,0,0,0,0,0,0,0,0,0,0,0,0,0,0
21363044156800,31.338483,1786372820556505777,,0,0,0,0,0,0,0,0,0,0,0,0,0,0,0,0,0,0,0
21363064108000,31.358435,1786372820576525692,,0,0,0,0,0,0,0,0,0,0,0,0,0,0,0,0,0,0,0
21363084141568,31.378468,1786372820596506696,,0,0,0,0,0,0,0,0,0,0,0,0,0,0,0,0,0,0,0
21363104123456,31.39845,1786372820616510386,,0,0,0,0,0,0,0,0,0,0,0,0,0,0,0,0,0,0,0
21363124176416,31.418503,1786372820636530596,,0,0,0,0,0,0,0,0,0,0,0,0,0,0,0,0,0,0,0
21363144189664,31.438516,1786372820656527207,,0,0,0,0,0,0,0,0,0,0,0,0,0,0,0,0,0,0,0
21363164164000,31.458491,1786372820676522844,,0,0,0,0,0,0,0,0,0,0,0,0,0,0,0,0,0,0,0
21363184139744,31.478466,1786372820696505931,,0,0,0,0,0,0,0,0,0,0,0,0,0,0,0,0,0,0,0
21363204150560,31.498477,1786372820716510762,,0,0,0,0,0,0,0,0,0,0,0,0,0,0,0,0,0,0,0
21363224150656,31.518477,1786372820736517741,,0,0,0,0,0,0,0,0,0,0,0,0,0,0,0,0,0,0,0
21363244148288,31.538475,1786372820756510887,,0,0,0,0,0,0,0,0,0,0,0,0,0,0,0,0,0,0,0
21363264110336,31.558437,1786372820776531967,,0,0,0,0,0,0,0,0,0,0,0,0,0,0,0,0,0,0,0
21363284179840,31.578506,1786372820796527212,,0,0,0,0,0,0,0,0,0,0,0,0,0,0,0,0,0,0,0
21363304142304,31.598469,1786372820816523377,,0,0,0,0,0,0,0,0,0,0,0,0,0,0,0,0,0,0,0
21363324131264,31.618458,1786372820836506332,,0,0,0,0,0,0,0,0,0,0,0,0,0,0,0,0,0,0,0
21363344152640,31.638479,1786372820856511106,,0,0,0,0,0,0,0,0,0,0,0,0,0,0,0,0,0,0,0
21363364129536,31.658456,1786372820876503495,,0,0,0,0,0,0,0,0,0,0,0,0,0,0,0,0,0,0,0
21363384117952,31.678445,1786372820896510016,,0,0,0,0,0,0,0,0,0,0,0,0,0,0,0,0,0,0,0
21363404144864,31.698471,1786372820916531567,,0,0,0,0,0,0,0,0,0,0,0,0,0,0,0,0,0,0,0
21363424160928,31.718487,1786372820936527161,,0,0,0,0,0,0,0,0,0,0,0,0,0,0,0,0,0,0,0
21363444145184,31.738472,1786372820956523642,,0,0,0,0,0,0,0,0,0,0,0,0,0,0,0,0,0,0,0
21363464018240,31.758345,1786372820976507085,,0,0,0,0,0,0,0,0,0,0,0,0,0,0,0,0,0,0,0
21363484118816,31.778445,1786372820996512010,,0,0,0,0,0,0,0,0,0,0,0,0,0,0,0,0,0,0,0
21363504112192,31.798439,1786372821016504219,,0,0,0,0,0,0,0,0,0,0,0,0,0,0,0,0,0,0,0
21363524164768,31.818491,1786372821036510960,,0,0,0,0,0,0,0,0,0,0,0,0,0,0,0,0,0,0,0
21363544020640,31.838347,1786372821056531033,,0,0,0,0,0,0,0,0,0,0,0,0,0,0,0,0,0,0,0
21363564131360,31.858458,1786372821076526574,,0,0,0,0,0,0,0,0,0,0,0,0,0,0,0,0,0,0,0
21363584134624,31.878461,1786372821096525314,,0,0,0,0,0,0,0,0,0,0,0,0,0,0,0,0,0,0,0
21363604139584,31.898466,1786372821116507088,,0,0,0,0,0,0,0,0,0,0,0,0,0,0,0,0,0,0,0
21363624100448,31.918427,1786372821136511212,,0,0,0,0,0,0,0,0,0,0,0,0,0,0,0,0,0,0,0
21363644116384,31.938443,1786372821156504687,,0,0,0,0,0,0,0,0,0,0,0,0,0,0,0,0,0,0,0
21363664002880,31.958329,1786372821176510403,,0,0,0,0,0,0,0,0,0,0,0,0,0,0,0,0,0,0,0
21363684123328,31.97845,1786372821196530771,,0,0,0,0,0,0,0,0,0,0,0,0,0,0,0,0,0,0,0
21363704116800,31.998443,1786372821216527675,,0,0,0,0,0,0,0,0,0,0,0,0,0,0,0,0,0,0,0
21363724142944,32.01847,1786372821236523558,,0,0,0,0,0,0,0,0,0,0,0,0,0,0,0,0,0,0,0
21363744113664,32.03844,1786372821256506937,,0,0,0,0,0,0,0,0,0,0,0,0,0,0,0,0,0,0,0
21363764129280,32.058456,1786372821276511549,,0,0,0,0,0,0,0,0,0,0,0,0,0,0,0,0,0,0,0
21363784095232,32.078422,1786372821296505164,,0,0,0,0,0,0,0,0,0,0,0,0,0,0,0,0,0,0,0
21363804154880,32.098481,1786372821316511266,,0,0,0,0,0,0,0,0,0,0,0,0,0,0,0,0,0,0,0
21363824144352,32.118471,1786372821336532341,,0,0,0,0,0,0,0,0,0,0,0,0,0,0,0,0,0,0,0
21363844134400,32.138461,1786372821356526447,,0,0,0,0,0,0,0,0,0,0,0,0,0,0,0,0,0,0,0
21363864148736,32.158475,1786372821376523100,,0,0,0,0,0,0,0,0,0,0,0,0,0,0,0,0,0,0,0
21363884106624,32.178433,1786372821396507027,,0,0,0,0,0,0,0,0,0,0,0,0,0,0,0,0,0,0,0
21363904114816,32.198441,1786372821416510691,,0,0,0,0,0,0,0,0,0,0,0,0,0,0,0,0,0,0,0
21363924088704,32.218415,1786372821436502780,,0,0,0,0,0,0,0,0,0,0,0,0,0,0,0,0,0,0,0
21363943981408,32.238308,1786372821456510715,,0,0,0,0,0,0,0,0,0,0,0,0,0,0,0,0,0,0,0
21363964118656,32.258445,1786372821476530992,,0,0,0,0,0,0,0,0,0,0,0,0,0,0,0,0,0,0,0
21363984103424,32.27843,1786372821496526605,,0,0,0,0,0,0,0,0,0,0,0,0,0,0,0,0,0,0,0
21364004121504,32.298448,1786372821516522593,,0,0,0,0,0,0,0,0,0,0,0,0,0,0,0,0,0,0,0
21364024084160,32.318411,1786372821536506707,,0,0,0,0,0,0,0,0,0,0,0,0,0,0,0,0,0,0,0
21364044113600,32.33844,1786372821556509952,,0,0,0,0,0,0,0,0,0,0,0,0,0,0,0,0,0,0,0
21364064000032,32.358327,1786372821576504027,,0,0,0,0,0,0,0,0,0,0,0,0,0,0,0,0,0,0,0
21364084119488,32.378446,1786372821596512972,,0,0,0,0,0,0,0,0,0,0,0,0,0,0,0,0,0,0,0
21364104106624,32.398433,1786372821616531313,,0,0,0,0,0,0,0,0,0,0,0,0,0,0,0,0,0,0,0
21364124144480,32.418471,1786372821636527501,,0,0,0,0,0,0,0,0,0,0,0,0,0,0,0,0,0,0,0
21364143942944,32.43827,1786372821656523355,,0,0,0,0,0,0,0,0,0,0,0,0,0,0,0,0,0,0,0
21364164096736,32.458423,1786372821676520168,,0,0,0,0,0,0,0,0,0,0,0,0,0,0,0,0,0,0,0
21364184091776,32.478418,1786372821696510155,,0,0,0,0,0,0,0,0,0,0,0,0,0,0,0,0,0,0,0
21364204082240,32.498409,1786372821716504396,,0,0,0,0,0,0,0,0,0,0,0,0,0,0,0,0,0,0,0
21364224090560,32.518417,1786372821736510906,,0,0,0,0,0,0,0,0,0,0,0,0,0,0,0,0,0,0,0
21364244110432,32.538437,1786372821756530759,,0,0,0,0,0,0,0,0,0,0,0,0,0,0,0,0,0,0,0
21364263976000,32.558303,1786372821776526520,,0,0,0,0,0,0,0,0,0,0,0,0,0,0,0,0,0,0,0
21364284094976,32.578422,1786372821796523469,,0,0,0,0,0,0,0,0,0,0,0,0,0,0,0,0,0,0,0
21364304072800,32.598399,1786372821816508095,,0,0,0,0,0,0,0,0,0,0,0,0,0,0,0,0,0,0,0
21364324095136,32.618422,1786372821836510270,,0,0,0,0,0,0,0,0,0,0,0,0,0,0,0,0,0,0,0
21364343990720,32.638317,1786372821856504621,,0,0,0,0,0,0,0,0,0,0,0,0,0,0,0,0,0,0,0
21364364072320,32.658399,1786372821876510639,,0,0,0,0,0,0,0,0,0,0,0,0,0,0,0,0,0,0,0
21364384099360,32.678426,1786372821896530827,,0,0,0,0,0,0,0,0,0,0,0,0,0,0,0,0,0,0,0
21364404091392,32.698418,1786372821916525927,,0,0,0,0,0,0,0,0,0,0,0,0,0,0,0,0,0,0,0
21364424105472,32.718432,1786372821936522760,,0,0,0,0,0,0,0,0,0,0,0,0,0,0,0,0,0,0,0
21364443917792,32.738244,1786372821956506005,,0,0,0,0,0,0,0,0,0,0,0,0,0,0,0,0,0,0,0
21364464016832,32.758343,1786372821976510922,,0,0,0,0,0,0,0,0,0,0,0,0,0,0,0,0,0,0,0
21364484072928,32.778399,1786372821996504175,,0,0,0,0,0,0,0,0,0,0,0,0,0,0,0,0,0,0,0
21364504078656,32.798405,1786372822016510988,,0,0,0,0,0,0,0,0,0,0,0,0,0,0,0,0,0,0,0
21364524103360,32.81843,1786372822036531330,,0,0,0,0,0,0,0,0,0,0,0,0,0,0,0,0,0,0,0
21364543967840,32.838294,1786372822056526754,,0,0,0,0,0,0,0,0,0,0,0,0,0,0,0,0,0,0,0
21364564079552,32.858406,1786372822076522856,,0,0,0,0,0,0,0,0,0,0,0,0,0,0,0,0,0,0,0
21364584075424,32.878402,1786372822096509034,,0,0,0,0,0,0,0,0,0,0,0,0,0,0,0,0,0,0,0
21364604110496,32.898437,1786372822116510801,,0,0,0,0,0,0,0,0,0,0,0,0,0,0,0,0,0,0,0
21364624083328,32.91841,1786372822136504534,,0,0,0,0,0,0,0,0,0,0,0,0,0,0,0,0,0,0,0
21364644073952,32.938401,1786372822156511785,,0,0,0,0,0,0,0,0,0,0,0,0,0,0,0,0,0,0,0
21364663969696,32.958296,1786372822176531087,,0,0,0,0,0,0,0,0,0,0,0,0,0,0,0,0,0,0,0
21364684082560,32.978409,1786372822196527757,,0,0,0,0,0,0,0,0,0,0,0,0,0,0,0,0,0,0,0
21364704106592,32.998433,1786372822216523215,,0,0,0,0,0,0,0,0,0,0,0,0,0,0,0,0,0,0,0
21364724049984,33.018377,1786372822236505951,,0,0,0,0,0,0,0,0,0,0,0,0,0,0,0,0,0,0,0
21364743985664,33.038312,1786372822256510212,,0,0,0,0,0,0,0,0,0,0,0,0,0,0,0,0,0,0,0
21364764055296,33.058382,1786372822276503818,,0,0,0,0,0,0,0,0,0,0,0,0,0,0,0,0,0,0,0
21364784096256,33.078423,1786372822296511147,,0,0,0,0,0,0,0,0,0,0,0,0,0,0,0,0,0,0,0
21364804102400,33.098429,1786372822316531292,,0,0,0,0,0,0,0,0,0,0,0,0,0,0,0,0,0,0,0
21364824101184,33.118428,1786372822336527280,,0,0,0,0,0,0,0,0,0,0,0,0,0,0,0,0,0,0,0
21364844068288,33.138395,1786372822356523619,,0,0,0,0,0,0,0,0,0,0,0,0,0,0,0,0,0,0,0
21364863935840,33.158262,1786372822376506371,,0,0,0,0,0,0,0,0,0,0,0,0,0,0,0,0,0,0,0
21364884039680,33.178366,1786372822396510333,,0,0,0,0,0,0,0,0,0,0,0,0,0,0,0,0,0,0,0
21364904070496,33.198397,1786372822416504302,,0,0,0,0,0,0,0,0,0,0,0,0,0,0,0,0,0,0,0
21364924065824,33.218392,1786372822436511454,,0,0,0,0,0,0,0,0,0,0,0,0,0,0,0,0,0,0,0
21364943941568,33.238268,1786372822456532386,,0,0,0,0,0,0,0,0,0,0,0,0,0,0,0,0,0,0,0
21364964057632,33.258384,1786372822476528270,,0,0,0,0,0,0,0,0,0,0,0,0,0,0,0,0,0,0,0
21364984057824,33.278384,1786372822496522792,,0,0,0,0,0,0,0,0,0,0,0,0,0,0,0,0,0,0,0
21365004032096,33.298359,1786372822516506218,,0,0,0,0,0,0,0,0,0,0,0,0,0,0,0,0,0,0,0
21365024059104,33.318386,1786372822536510511,,0,0,0,0,0,0,0,0,0,0,0,0,0,0,0,0,0,0,0
21365044058272,33.338385,1786372822556503529,,0,0,0,0,0,0,0,0,0,0,0,0,0,0,0,0,0,0,0
21365063940896,33.358267,1786372822576510535,,0,0,0,0,0,0,0,0,0,0,0,0,0,0,0,0,0,0,0
21365084089248,33.378416,1786372822596533998,,0,0,0,0,0,0,0,0,0,0,0,0,0,0,0,0,0,0,0
21365104072960,33.3984,1786372822616526993,,0,0,0,0,0,0,0,0,0,0,0,0,0,0,0,0,0,0,0
21365124065184,33.418392,1786372822636523426,,0,0,0,0,0,0,0,0,0,0,0,0,0,0,0,0,0,0,0
21365144015840,33.438342,1786372822656505653,,0,0,0,0,0,0,0,0,0,0,0,0,0,0,0,0,0,0,0
21365164047616,33.458374,1786372822676510559,,0,0,0,0,0,0,0,0,0,0,0,0,0,0,0,0,0,0,0
21365184029408,33.478356,1786372822696503050,,0,0,0,0,0,0,0,0,0,0,0,0,0,0,0,0,0,0,0
21365204068896,33.498395,1786372822716511001,,0,0,0,0,0,0,0,0,0,0,0,0,0,0,0,0,0,0,0
21365224070208,33.518397,1786372822736530234,,0,0,0,0,0,0,0,0,0,0,0,0,0,0,0,0,0,0,0
21365244072224,33.538399,1786372822756526173,,0,0,0,0,0,0,0,0,0,0,0,0,0,0,0,0,0,0,0
21365263948640,33.558275,1786372822776522750,,0,0,0,0,0,0,0,0,0,0,0,0,0,0,0,0,0,0,0
21365284050432,33.578377,1786372822796505958,,0,0,0,0,0,0,0,0,0,0,0,0,0,0,0,0,0,0,0
21365304071744,33.598398,1786372822816511340,,0,0,0,0,0,0,0,0,0,0,0,0,0,0,0,0,0,0,0
21365324075264,33.618402,1786372822836503876,,0,0,0,0,0,0,0,0,0,0,0,0,0,0,0,0,0,0,0
21365344026400,33.638353,1786372822856510234,,0,0,0,0,0,0,0,0,0,0,0,0,0,0,0,0,0,0,0
21365364069184,33.658396,1786372822876530599,,0,0,0,0,0,0,0,0,0,0,0,0,0,0,0,0,0,0,0
21365384077344,33.678404,1786372822896527355,,0,0,0,0,0,0,0,0,0,0,0,0,0,0,0,0,0,0,0
21365404061888,33.698388,1786372822916523463,,0,0,0,0,0,0,0,0,0,0,0,0,0,0,0,0,0,0,0
21365424050272,33.718377,1786372822936506550,,0,0,0,0,0,0,0,0,0,0,0,0,0,0,0,0,0,0,0
21365444053664,33.73838,1786372822956511644,,0,0,0,0,0,0,0,0,0,0,0,0,0,0,0,0,0,0,0
21365464038592,33.758365,1786372822976519197,,0,0,0,0,0,0,0,0,0,0,0,0,0,0,0,0,0,0,0
21365483897792,33.778224,1786372822996510679,,0,0,0,0,0,0,0,0,0,0,0,0,0,0,0,0,0,0,0
21365504089696,33.798416,1786372823016530757,,0,0,0,0,0,0,0,0,0,0,0,0,0,0,0,0,0,0,0
21365524067712,33.818394,1786372823036526578,,0,0,0,0,0,0,0,0,0,0,0,0,0,0,0,0,0,0,0
21365544090240,33.838417,1786372823056523643,,0,0,0,0,0,0,0,0,0,0,0,0,0,0,0,0,0,0,0
21365564026080,33.858353,1786372823076506058,,0,0,0,0,0,0,0,0,0,0,0,0,0,0,0,0,0,0,0
21365584071776,33.878398,1786372823096513813,,0,0,0,0,0,0,0,0,0,0,0,0,0,0,0,0,0,0,0
21365603866144,33.898193,1786372823116504455,,0,0,0,0,0,0,0,0,0,0,0,0,0,0,0,0,0,0,0
21365624026720,33.918353,1786372823136511495,,0,0,0,0,0,0,0,0,0,0,0,0,0,0,0,0,0,0,0
21365643961728,33.938288,1786372823156531156,,0,0,0,0,0,0,0,0,0,0,0,0,0,0,0,0,0,0,0
21365663913472,33.95824,1786372823176526153,,0,0,0,0,0,0,0,0,0,0,0,0,0,0,0,0,0,0,0
21365684049440,33.978376,1786372823196522373,,0,0,0,0,0,0,0,0,0,0,0,0,0,0,0,0,0,0,0
21365704001568,33.998328,1786372823216506301,,0,0,0,0,0,0,0,0,0,0,0,0,0,0,0,0,0,0,0
21365724014720,34.018341,1786372823236511112,,0,0,0,0,0,0,0,0,0,0,0,0,0,0,0,0,0,0,0
21365743979136,34.038306,1786372823256503925,,0,0,0,0,0,0,0,0,0,0,0,0,0,0,0,0,0,0,0
21365764031456,34.058358,1786372823276511643,,0,0,0,0,0,0,0,0,0,0,0,0,0,0,0,0,0,0,0
21365784059840,34.078386,1786372823296532056,,0,0,0,0,0,0,0,0,0,0,0,0,0,0,0,0,0,0,0
21365803875104,34.098202,1786372823316526621,,0,0,0,0,0,0,0,0,0,0,0,0,0,0,0,0,0,0,0
21365824021440,34.118348,1786372823336523689,,0,0,0,0,0,0,0,0,0,0,0,0,0,0,0,0,0,0,0
21365843944160,34.138271,1786372823356506638,,0,0,0,0,0,0,0,0,0,0,0,0,0,0,0,0,0,0,0
21365863896192,34.158223,1786372823376510762,,0,0,0,0,0,0,0,0,0,0,0,0,0,0,0,0,0,0,0
21365884027712,34.178354,1786372823396505309,,0,0,0,0,0,0,0,0,0,0,0,0,0,0,0,0,0,0,0
21365903844224,34.198171,1786372823416509984,,0,0,0,0,0,0,0,0,0,0,0,0,0,0,0,0,0,0,0
21365924043840,34.21837,1786372823436532244,,0,0,0,0,0,0,0,0,0,0,0,0,0,0,0,0,0,0,0
21365944012128,34.238339,1786372823456527596,,0,0,0,0,0,0,0,0,0,0,0,0,0,0,0,0,0,0,0
21365964007456,34.258334,1786372823476523700,,0,0,0,0,0,0,0,0,0,0,0,0,0,0,0,0,0,0,0
21365983864352,34.278191,1786372823496507104,,0,0,0,0,0,0,0,0,0,0,0,0,0,0,0,0,0,0,0
21366003844320,34.298171,1786372823516510941,,0,0,0,0,0,0,0,0,0,0,0,0,0,0,0,0,0,0,0
21366023828224,34.318155,1786372823536504135,,0,0,0,0,0,0,0,0,0,0,0,0,0,0,0,0,0,0,0
21366044039168,34.338366,1786372823556510457,,0,0,0,0,0,0,0,0,0,0,0,0,0,0,0,0,0,0,0
21366063900096,34.358227,1786372823576531200,,0,0,0,0,0,0,0,0,0,0,0,0,0,0,0,0,0,0,0
21366084030528,34.378357,1786372823596529372,,0,0,0,0,0,0,0,0,0,0,0,0,0,0,0,0,0,0,0
21366103866848,34.398193,1786372823616523619,,0,0,0,0,0,0,0,0,0,0,0,0,0,0,0,0,0,0,0
21366123891360,34.418218,1786372823636506296,,0,0,0,0,0,0,0,0,0,0,0,0,0,0,0,0,0,0,0
21366144050624,34.438377,1786372823656510433,,0,0,0,0,0,0,0,0,0,0,0,0,0,0,0,0,0,0,0
21366163982560,34.458309,1786372823676503719,,0,0,0,0,0,0,0,0,0,0,0,0,0,0,0,0,0,0,0
21366183826144,34.478153,1786372823696510364,,0,0,0,0,0,0,0,0,0,0,0,0,0,0,0,0,0,0,0
21366203858048,34.498185,1786372823716531036,,0,0,0,0,0,0,0,0,0,0,0,0,0,0,0,0,0,0,0
21366224007744,34.518334,1786372823736526691,,0,0,0,0,0,0,0,0,0,0,0,0,0,0,0,0,0,0,0
21366243864800,34.538191,1786372823756522593,,0,0,0,0,0,0,0,0,0,0,0,0,0,0,0,0,0,0,0
21366263924576,34.558251,1786372823776506958,,0,0,0,0,0,0,0,0,0,0,0,0,0,0,0,0,0,0,0
21366283888128,34.578215,1786372823796511115,,0,0,0,0,0,0,0,0,0,0,0,0,0,0,0,0,0,0,0
21366303908480,34.598235,1786372823816504539,,0,0,0,0,0,0,0,0,0,0,0,0,0,0,0,0,0,0,0
21366323978688,34.618305,1786372823836513565,,0,0,0,0,0,0,0,0,0,0,0,0,0,0,0,0,0,0,0
21366343875616,34.638202,1786372823856531915,,0,0,0,0,0,0,0,0,0,0,0,0,0,0,0,0,0,0,0
21366364034144,34.658361,1786372823876527283,,0,0,0,0,0,0,0,0,0,0,0,0,0,0,0,0,0,0,0
21366383846752,34.678173,1786372823896522727,,0,0,0,0,0,0,0,0,0,0,0,0,0,0,0,0,0,0,0
21366403873536,34.6982,1786372823916506005,,0,0,0,0,0,0,0,0,0,0,0,0,0,0,0,0,0,0,0
21366423864768,34.718191,1786372823936510846,,0,0,0,0,0,0,0,0,0,0,0,0,0,0,0,0,0,0,0
21366444003808,34.73833,1786372823956503993,,0,0,0,0,0,0,0,0,0,0,0,0,0,0,0,0,0,0,0
21366463837632,34.758164,1786372823976510460,,0,0,0,0,0,0,0,0,0,0,0,0,0,0,0,0,0,0,0
21366483854880,34.778181,1786372823996531622,,0,0,0,0,0,0,0,0,0,0,0,0,0,0,0,0,0,0,0
21366503834336,34.798161,1786372824016526958,,0,0,0,0,0,0,0,0,0,0,0,0,0,0,0,0,0,0,0
21366523856736,34.818183,1786372824036523161,,0,0,0,0,0,0,0,0,0,0,0,0,0,0,0,0,0,0,0
21366543851520,34.838178,1786372824056506406,,0,0,0,0,0,0,0,0,0,0,0,0,0,0,0,0,0,0,0
21366563837216,34.858164,1786372824076511145,,0,0,0,0,0,0,0,0,0,0,0,0,0,0,0,0,0,0,0
21366583854880,34.878181,1786372824096506871,,0,0,0,0,0,0,0,0,0,0,0,0,0,0,0,0,0,0,0
21366603832480,34.898159,1786372824116510574,,0,0,0,0,0,0,0,0,0,0,0,0,0,0,0,0,0,0,0
21366623863360,34.91819,1786372824136530753,,0,0,0,0,0,0,0,0,0,0,0,0,0,0,0,0,0,0,0
21366643892192,34.938219,1786372824156526983,,0,0,0,0,0,0,0,0,0,0,0,0,0,0,0,0,0,0,0
21366663830016,34.958157,1786372824176522913,,0,0,0,0,0,0,0,0,0,0,0,0,0,0,0,0,0,0,0
21366683829408,34.978156,1786372824196506674,,0,0,0,0,0,0,0,0,0,0,0,0,0,0,0,0,0,0,0
21366703863648,34.99819,1786372824216511348,,0,0,0,0,0,0,0,0,0,0,0,0,0,0,0,0,0,0,0
21366723836096,35.018163,1786372824236504362,,0,0,0,0,0,0,0,0,0,0,0,0,0,0,0,0,0,0,0
21366743891360,35.038218,1786372824256511038,,0,0,0,0,0,0,0,0,0,0,0,0,0,0,0,0,0,0,0
21366763831712,35.058158,1786372824276530764,,0,0,0,0,0,0,0,0,0,0,0,0,0,0,0,0,0,0,0
21366783839232,35.078166,1786372824296527755,,0,0,0,0,0,0,0,0,0,0,0,0,0,0,0,0,0,0,0
21366803854848,35.098181,1786372824316523800,,0,0,0,0,0,0,0,0,0,0,0,0,0,0,0,0,0,0,0
21366823840768,35.118167,1786372824336506278,,0,0,0,0,0,0,0,0,0,0,0,0,0,0,0,0,0,0,0
21366843939744,35.138266,1786372824356464774,,0,0,0,0,0,0,0,0,0,0,0,0,0,0,0,0,0,0,0
21366863863520,35.15819,1786372824376504928,,0,0,0,0,0,0,0,0,0,0,0,0,0,0,0,0,0,0,0
21366883860448,35.178187,1786372824396510958,,0,0,0,0,0,0,0,0,0,0,0,0,0,0,0,0,0,0,0
21366903864864,35.198191,1786372824416530920,,0,0,0,0,0,0,0,0,0,0,0,0,0,0,0,0,0,0,0
21366923834880,35.218161,1786372824436527684,,0,0,0,0,0,0,0,0,0,0,0,0,0,0,0,0,0,0,0
21366943877568,35.238204,1786372824456524393,,0,0,0,0,0,0,0,0,0,0,0,0,0,0,0,0,0,0,0
21366963868128,35.258195,1786372824476506088,,0,0,0,0,0,0,0,0,0,0,0,0,0,0,0,0,0,0,0
21366983835808,35.278162,1786372824496510550,,0,0,0,0,0,0,0,0,0,0,0,0,0,0,0,0,0,0,0
21367003869344,35.298196,1786372824516504252,,0,0,0,0,0,0,0,0,0,0,0,0,0,0,0,0,0,0,0
21367023834720,35.318161,1786372824536511252,,0,0,0,0,0,0,0,0,0,0,0,0,0,0,0,0,0,0,0
21367043982368,35.338309,1786372824556531434,,0,0,0,0,0,0,0,0,0,0,0,0,0,0,0,0,0,0,0
21367063811936,35.358138,1786372824576527585,,0,0,0,0,0,0,0,0,0,0,0,0,0,0,0,0,0,0,0
21367083828000,35.378155,1786372824596527402,,0,0,0,0,0,0,0,0,0,0,0,0,0,0,0,0,0,0,0
21367103874144,35.398201,1786372824616507108,,0,0,0,0,0,0,0,0,0,0,0,0,0,0,0,0,0,0,0
21367123847648,35.418174,1786372824636510911,,0,0,0,0,0,0,0,0,0,0,0,0,0,0,0,0,0,0,0
21367143856064,35.438183,1786372824656503894,,0,0,0,0,0,0,0,0,0,0,0,0,0,0,0,0,0,0,0
21367163865760,35.458192,1786372824676510515,,0,0,0,0,0,0,0,0,0,0,0,0,0,0,0,0,0,0,0
21367183843136,35.47817,1786372824696530229,,0,0,0,0,0,0,0,0,0,0,0,0,0,0,0,0,0,0,0
21367203862912,35.498189,1786372824716525955,,0,0,0,0,0,0,0,0,0,0,0,0,0,0,0,0,0,0,0
21367223853024,35.51818,1786372824736523326,,0,0,0,0,0,0,0,0,0,0,0,0,0,0,0,0,0,0,0
21367243842112,35.538169,1786372824756506238,,0,0,0,0,0,0,0,0,0,0,0,0,0,0,0,0,0,0,0
21367263880864,35.558207,1786372824776509728,,0,0,0,0,0,0,0,0,0,0,0,0,0,0,0,0,0,0,0
21367283808992,35.578136,1786372824796503111,,0,0,0,0,0,0,0,0,0,0,0,0,0,0,0,0,0,0,0
21367303881696,35.598208,1786372824816510613,,0,0,0,0,0,0,0,0,0,0,0,0,0,0,0,0,0,0,0
21367323822816,35.618149,1786372824836531466,,0,0,0,0,0,0,0,0,0,0,0,0,0,0,0,0,0,0,0
21367343983456,35.63831,1786372824856526896,,0,0,0,0,0,0,0,0,0,0,0,0,0,0,0,0,0,0,0
21367363827968,35.658155,1786372824876523423,,0,0,0,0,0,0,0,0,0,0,0,0,0,0,0,0,0,0,0
21367383813184,35.67814,1786372824896506102,,0,0,0,0,0,0,0,0,0,0,0,0,0,0,0,0,0,0,0
21367403875712,35.698202,1786372824916511622,,0,0,0,0,0,0,0,0,0,0,0,0,0,0,0,0,0,0,0
21367423855168,35.718182,1786372824936504196,,0,0,0,0,0,0,0,0,0,0,0,0,0,0,0,0,0,0,0
21367443915136,35.738242,1786372824956510317,,0,0,0,0,0,0,0,0,0,0,0,0,0,0,0,0,0,0,0
21367463883968,35.758211,1786372824976530558,,0,0,0,0,0,0,0,0,0,0,0,0,0,0,0,0,0,0,0
21367483851712,35.778178,1786372824996527521,,0,0,0,0,0,0,0,0,0,0,0,0,0,0,0,0,0,0,0
21367503966656,35.798293,1786372825016523049,,0,0,0,0,0,0,0,0,0,0,0,0,0,0,0,0,0,0,0
21367523888832,35.818215,1786372825036507310,,0,0,0,0,0,0,0,0,0,0,0,0,0,0,0,0,0,0,0
21367543922400,35.838249,1786372825056510051,,0,0,0,0,0,0,0,0,0,0,0,0,0,0,0,0,0,0,0
21367563838016,35.858165,1786372825076504317,,0,0,0,0,0,0,0,0,0,0,0,0,0,0,0,0,0,0,0
21367583822400,35.878149,1786372825096512930,,0,0,0,0,0,0,0,0,0,0,0,0,0,0,0,0,0,0,0
21367603859520,35.898186,1786372825116532261,,0,0,0,0,0,0,0,0,0,0,0,0,0,0,0,0,0,0,0
21367623833536,35.91816,1786372825136527152,,0,0,0,0,0,0,0,0,0,0,0,0,0,0,0,0,0,0,0
21367644068704,35.938395,1786372825156523666,,0,0,0,0,0,0,0,0,0,0,0,0,0,0,0,0,0,0,0
21367663831008,35.958158,1786372825176507902,,0,0,0,0,0,0,0,0,0,0,0,0,0,0,0,0,0,0,0
21367683887232,35.978214,1786372825196510781,,0,0,0,0,0,0,0,0,0,0,0,0,0,0,0,0,0,0,0
21367703979072,35.998306,1786372825216503993,,0,0,0,0,0,0,0,0,0,0,0,0,0,0,0,0,0,0,0
21367723834624,36.018161,1786372825236510964,,0,0,0,0,0,0,0,0,0,0,0,0,0,0,0,0,0,0,0
21367743827904,36.038154,1786372825256533286,,0,0,0,0,0,0,0,0,0,0,0,0,0,0,0,0,0,0,0
21367763811360,36.058138,1786372825276527761,,0,0,0,0,0,0,0,0,0,0,0,0,0,0,0,0,0,0,0
21367783830016,36.078157,1786372825296523025,,0,0,0,0,0,0,0,0,0,0,0,0,0,0,0,0,0,0,0
21367803875200,36.098202,1786372825316506854,,0,0,0,0,0,0,0,0,0,0,0,0,0,0,0,0,0,0,0
21367823838464,36.118165,1786372825336510427,,0,0,0,0,0,0,0,0,0,0,0,0,0,0,0,0,0,0,0
21367843889152,36.138216,1786372825356503864,,0,0,0,0,0,0,0,0,0,0,0,0,0,0,0,0,0,0,0
21367863824544,36.158151,1786372825376510994,,0,0,0,0,0,0,0,0,0,0,0,0,0,0,0,0,0,0,0
21367883830048,36.178157,1786372825396531442,,0,0,0,0,0,0,0,0,0,0,0,0,0,0,0,0,0,0,0
21367903954528,36.198281,1786372825416527631,,0,0,0,0,0,0,0,0,0,0,0,0,0,0,0,0,0,0,0
21367923843136,36.21817,1786372825436523393,,0,0,0,0,0,0,0,0,0,0,0,0,0,0,0,0,0,0,0
21367943945472,36.238272,1786372825456506397,,0,0,0,0,0,0,0,0,0,0,0,0,0,0,0,0,0,0,0
21367963825280,36.258152,1786372825476511289,,0,0,0,0,0,0,0,0,0,0,0,0,0,0,0,0,0,0,0
21367983852832,36.278179,1786372825496504832,,0,0,0,0,0,0,0,0,0,0,0,0,0,0,0,0,0,0,0
21368003836704,36.298163,1786372825516510819,,0,0,0,0,0,0,0,0,0,0,0,0,0,0,0,0,0,0,0
21368023818400,36.318145,1786372825536531967,,0,0,0,0,0,0,0,0,0,0,0,0,0,0,0,0,0,0,0
21368043851456,36.338178,1786372825556528273,,0,0,0,0,0,0,0,0,0,0,0,0,0,0,0,0,0,0,0
21368063895328,36.358222,1786372825576523063,,0,0,0,0,0,0,0,0,0,0,0,0,0,0,0,0,0,0,0
21368083916384,36.378243,1786372825596508837,,0,0,0,0,0,0,0,0,0,0,0,0,0,0,0,0,0,0,0
21368103906304,36.398233,1786372825616511643,,0,0,0,0,0,0,0,0,0,0,0,0,0,0,0,0,0,0,0
21368123886048,36.418213,1786372825636504067,,0,0,0,0,0,0,0,0,0,0,0,0,0,0,0,0,0,0,0
21368143891840,36.438218,1786372825656510219,,0,0,0,0,0,0,0,0,0,0,0,0,0,0,0,0,0,0,0
21368163878048,36.458205,1786372825676536148,,0,0,0,0,0,0,0,0,0,0,0,0,0,0,0,0,0,0,0
21368183865696,36.478192,1786372825696528534,,0,0,0,0,0,0,0,0,0,0,0,0,0,0,0,0,0,0,0
21368203892800,36.498219,1786372825716522580,,0,0,0,0,0,0,0,0,0,0,0,0,0,0,0,0,0,0,0
21368223887616,36.518214,1786372825736506345,,0,0,0,0,0,0,0,0,0,0,0,0,0,0,0,0,0,0,0
21368243960832,36.538287,1786372825756511276,,0,0,0,0,0,0,0,0,0,0,0,0,0,0,0,0,0,0,0
21368263813728,36.55814,1786372825776504789,,0,0,0,0,0,0,0,0,0,0,0,0,0,0,0,0,0,0,0
21368283882048,36.578209,1786372825796509867,,0,0,0,0,0,0,0,0,0,0,0,0,0,0,0,0,0,0,0
21368303896064,36.598223,1786372825816531606,,0,0,0,0,0,0,0,0,0,0,0,0,0,0,0,0,0,0,0
21368323897216,36.618224,1786372825836525845,,0,0,0,0,0,0,0,0,0,0,0,0,0,0,0,0,0,0,0
21368343886176,36.638213,1786372825856522845,,0,0,0,0,0,0,0,0,0,0,0,0,0,0,0,0,0,0,0
21368363871328,36.658198,1786372825876504796,,0,0,0,0,0,0,0,0,0,0,0,0,0,0,0,0,0,0,0
21368383871424,36.678198,1786372825896510536,,0,0,0,0,0,0,0,0,0,0,0,0,0,0,0,0,0,0,0
21368403856704,36.698183,1786372825916503693,,0,0,0,0,0,0,0,0,0,0,0,0,0,0,0,0,0,0,0
21368423884000,36.718211,1786372825936510262,,0,0,0,0,0,0,0,0,0,0,0,0,0,0,0,0,0,0,0
21368443892512,36.738219,1786372825956531257,,0,0,0,0,0,0,0,0,0,0,0,0,0,0,0,0,0,0,0
21368463835008,36.758162,1786372825976526841,,0,0,0,0,0,0,0,0,0,0,0,0,0,0,0,0,0,0,0
21368483819616,36.778146,1786372825996523260,,0,0,0,0,0,0,0,0,0,0,0,0,0,0,0,0,0,0,0
21368503957184,36.798284,1786372826016506115,,0,0,0,0,0,0,0,0,0,0,0,0,0,0,0,0,0,0,0
21368523867648,36.818194,1786372826036511697,,0,0,0,0,0,0,0,0,0,0,0,0,0,0,0,0,0,0,0
21368543965536,36.838292,1786372826056503702,,0,0,0,0,0,0,0,0,0,0,0,0,0,0,0,0,0,0,0
21368563854400,36.858181,1786372826076511475,,0,0,0,0,0,0,0,0,0,0,0,0,0,0,0,0,0,0,0
21368583848416,36.878175,1786372826096534621,,0,0,0,0,0,0,0,0,0,0,0,0,0,0,0,0,0,0,0
21368603909120,36.898236,1786372826116527745,,0,0,0,0,0,0,0,0,0,0,0,0,0,0,0,0,0,0,0
21368623877984,36.918205,1786372826136522568,,0,0,0,0,0,0,0,0,0,0,0,0,0,0,0,0,0,0,0
21368643910368,36.938237,1786372826156506612,,0,0,0,0,0,0,0,0,0,0,0,0,0,0,0,0,0,0,0
21368663999552,36.958326,1786372826176510551,,0,0,0,0,0,0,0,0,0,0,0,0,0,0,0,0,0,0,0
21368683855744,36.978182,1786372826196504428,,0,0,0,0,0,0,0,0,0,0,0,0,0,0,0,0,0,0,0
21368703915840,36.998242,1786372826216510662,,0,0,0,0,0,0,0,0,0,0,0,0,0,0,0,0,0,0,0
21368723855360,37.018182,1786372826236531116,,0,0,0,0,0,0,0,0,0,0,0,0,0,0,0,0,0,0,0
21368743896416,37.038223,1786372826256527632,,0,0,0,0,0,0,0,0,0,0,0,0,0,0,0,0,0,0,0
21368763812544,37.058139,1786372826276522858,,0,0,0,0,0,0,0,0,0,0,0,0,0,0,0,0,0,0,0
21368783844064,37.078171,1786372826296506166,,0,0,0,0,0,0,0,0,0,0,0,0,0,0,0,0,0,0,0
21368803880672,37.098207,1786372826316511253,,0,0,0,0,0,0,0,0,0,0,0,0,0,0,0,0,0,0,0
21368823889824,37.118216,1786372826336503698,,0,0,0,0,0,0,0,0,0,0,0,0,0,0,0,0,0,0,0
21368844659680,37.138986,1786372826356511788,,0,0,0,0,0,0,0,0,0,0,0,0,0,0,0,0,0,0,0
21368863837632,37.158164,1786372826376531257,,0,0,0,0,0,0,0,0,0,0,0,0,0,0,0,0,0,0,0
21368883842368,37.178169,1786372826396526704,,0,0,0,0,0,0,0,0,0,0,0,0,0,0,0,0,0,0,0
21368903993152,37.19832,1786372826416523195,,0,0,0,0,0,0,0,0,0,0,0,0,0,0,0,0,0,0,0
21368923862816,37.218189,1786372826436505829,,0,0,0,0,0,0,0,0,0,0,0,0,0,0,0,0,0,0,0
21368943892448,37.238219,1786372826456510914,,0,0,0,0,0,0,0,0,0,0,0,0,0,0,0,0,0,0,0
21368963838720,37.258165,1786372826476504201,,0,0,0,0,0,0,0,0,0,0,0,0,0,0,0,0,0,0,0
21368983875136,37.278202,1786372826496511040,,0,0,0,0,0,0,0,0,0,0,0,0,0,0,0,0,0,0,0
21369003842304,37.298169,1786372826516531581,,0,0,0,0,0,0,0,0,0,0,0,0,0,0,0,0,0,0,0
21369023849504,37.318176,1786372826536527174,,0,0,0,0,0,0,0,0,0,0,0,0,0,0,0,0,0,0,0
21369043885984,37.338213,1786372826556522558,,0,0,0,0,0,0,0,0,0,0,0,0,0,0,0,0,0,0,0
21369063824608,37.358151,1786372826576506376,,0,0,0,0,0,0,0,0,0,0,0,0,0,0,0,0,0,0,0
21369083838368,37.378165,1786372826596514170,,0,0,0,0,0,0,0,0,0,0,0,0,0,0,0,0,0,0,0
21369103866560,37.398193,1786372826616504548,,0,0,0,0,0,0,0,0,0,0,0,0,0,0,0,0,0,0,0
21369123858208,37.418185,1786372826636511491,,0,0,0,0,0,0,0,0,0,0,0,0,0,0,0,0,0,0,0
21369143992384,37.438319,1786372826656531767,,0,0,0,0,0,0,0,0,0,0,0,0,0,0,0,0,0,0,0
21369163857600,37.458184,1786372826676527770,,0,0,0,0,0,0,0,0,0,0,0,0,0,0,0,0,0,0,0
21369183871264,37.478198,1786372826696523710,,0,0,0,0,0,0,0,0,0,0,0,0,0,0,0,0,0,0,0
21369203855872,37.498182,1786372826716520693,,0,0,0,0,0,0,0,0,0,0,0,0,0,0,0,0,0,0,0
21369223842944,37.51817,1786372826736511214,,0,0,0,0,0,0,0,0,0,0,0,0,0,0,0,0,0,0,0
21369243871136,37.538198,1786372826756504447,,0,0,0,0,0,0,0,0,0,0,0,0,0,0,0,0,0,0,0
21369263899104,37.558226,1786372826776510582,,0,0,0,0,0,0,0,0,0,0,0,0,0,0,0,0,0,0,0
21369283849216,37.578176,1786372826796532471,,0,0,0,0,0,0,0,0,0,0,0,0,0,0,0,0,0,0,0
21369303903616,37.59823,1786372826816526445,,0,0,0,0,0,0,0,0,0,0,0,0,0,0,0,0,0,0,0
21369323894752,37.618221,1786372826836522037,,0,0,0,0,0,0,0,0,0,0,0,0,0,0,0,0,0,0,0
21369343872864,37.638199,1786372826856506272,,0,0,0,0,0,0,0,0,0,0,0,0,0,0,0,0,0,0,0
21369363849952,37.658177,1786372826876510601,,0,0,0,0,0,0,0,0,0,0,0,0,0,0,0,0,0,0,0
21369383835008,37.678162,1786372826896503679,,0,0,0,0,0,0,0,0,0,0,0,0,0,0,0,0,0,0,0
21369403884640,37.698211,1786372826916510579,,0,0,0,0,0,0,0,0,0,0,0,0,0,0,0,0,0,0,0
21369423877504,37.718204,1786372826936531377,,0,0,0,0,0,0,0,0,0,0,0,0,0,0,0,0,0,0,0
21369443959872,37.738286,1786372826956527288,,0,0,0,0,0,0,0,0,0,0,0,0,0,0,0,0,0,0,0
21369463859168,37.758186,1786372826976523453,,0,0,0,0,0,0,0,0,0,0,0,0,0,0,0,0,0,0,0
21369483850848,37.778177,1786372826996505854,,0,0,0,0,0,0,0,0,0,0,0,0,0,0,0,0,0,0,0
21369503873024,37.7982,1786372827016510742,,0,0,0,0,0,0,0,0,0,0,0,0,0,0,0,0,0,0,0
21369523850272,37.818177,1786372827036517926,,0,0,0,0,0,0,0,0,0,0,0,0,0,0,0,0,0,0,0
21369543852064,37.838179,1786372827056510799,,0,0,0,0,0,0,0,0,0,0,0,0,0,0,0,0,0,0,0
21369563857568,37.858184,1786372827076530627,,0,0,0,0,0,0,0,0,0,0,0,0,0,0,0,0,0,0,0
21369583846528,37.878173,1786372827096528858,,0,0,0,0,0,0,0,0,0,0,0,0,0,0,0,0,0,0,0
21369603866208,37.898193,1786372827116523983,,0,0,0,0,0,0,0,0,0,0,0,0,0,0,0,0,0,0,0
21369623875136,37.918202,1786372827136506449,,0,0,0,0,0,0,0,0,0,0,0,0,0,0,0,0,0,0,0
21369643872064,37.938199,1786372827156510919,,0,0,0,0,0,0,0,0,0,0,0,0,0,0,0,0,0,0,0
21369663734752,37.958061,1786372827176504518,,0,0,0,0,0,0,0,0,0,0,0,0,0,0,0,0,0,0,0
21369683849984,37.978177,1786372827196510796,,0,0,0,0,0,0,0,0,0,0,0,0,0,0,0,0,0,0,0
21369703904224,37.998231,1786372827216532217,,0,0,0,0,0,0,0,0,0,0,0,0,0,0,0,0,0,0,0
21369723871776,38.018198,1786372827236527118,,0,0,0,0,0,0,0,0,0,0,0,0,0,0,0,0,0,0,0
21369743954848,38.038281,1786372827256523641,,0,0,0,0,0,0,0,0,0,0,0,0,0,0,0,0,0,0,0
21369763838912,38.058165,1786372827276506514,,0,0,0,0,0,0,0,0,0,0,0,0,0,0,0,0,0,0,0
21369783872000,38.078199,1786372827296511488,,0,0,0,0,0,0,0,0,0,0,0,0,0,0,0,0,0,0,0
21369803855872,38.098182,1786372827316504367,,0,0,0,0,0,0,0,0,0,0,0,0,0,0,0,0,0,0,0
21369823891488,38.118218,1786372827336510231,,0,0,0,0,0,0,0,0,0,0,0,0,0,0,0,0,0,0,0
21369843871776,38.138198,1786372827356531880,,0,0,0,0,0,0,0,0,0,0,0,0,0,0,0,0,0,0,0
21369863865568,38.158192,1786372827376527446,,0,0,0,0,0,0,0,0,0,0,0,0,0,0,0,0,0,0,0
21369883879392,38.178206,1786372827396524189,,0,0,0,0,0,0,0,0,0,0,0,0,0,0,0,0,0,0,0
21369903850528,38.198177,1786372827416507118,,0,0,0,0,0,0,0,0,0,0,0,0,0,0,0,0,0,0,0
21369923837792,38.218164,1786372827436511468,,0,0,0,0,0,0,0,0,0,0,0,0,0,0,0,0,0,0,0
21369943840288,38.238167,1786372827456503913,,0,0,0,0,0,0,0,0,0,0,0,0,0,0,0,0,0,0,0
21369963845664,38.258172,1786372827476510685,,0,0,0,0,0,0,0,0,0,0,0,0,0,0,0,0,0,0,0
21369983863104,38.27819,1786372827496531128,,0,0,0,0,0,0,0,0,0,0,0,0,0,0,0,0,0,0,0
21370003847328,38.298174,1786372827516528202,,0,0,0,0,0,0,0,0,0,0,0,0,0,0,0,0,0,0,0
21370023850016,38.318177,1786372827536524942,,0,0,0,0,0,0,0,0,0,0,0,0,0,0,0,0,0,0,0
21370043877120,38.338204,1786372827556506269,,0,0,0,0,0,0,0,0,0,0,0,0,0,0,0,0,0,0,0
21370063702560,38.358029,1786372827576510828,,0,0,0,0,0,0,0,0,0,0,0,0,0,0,0,0,0,0,0
21370083820448,38.378147,1786372827596506262,,0,0,0,0,0,0,0,0,0,0,0,0,0,0,0,0,0,0,0
21370103814816,38.398141,1786372827616511490,,0,0,0,0,0,0,0,0,0,0,0,0,0,0,0,0,0,0,0
21370123825056,38.418152,1786372827636531695,,0,0,0,0,0,0,0,0,0,0,0,0,0,0,0,0,0,0,0
21370143882752,38.438209,1786372827656541707,,0,0,0,0,0,0,0,0,0,0,0,0,0,0,0,0,0,0,0
21370163864640,38.458191,1786372827676523745,,0,0,0,0,0,0,0,0,0,0,0,0,0,0,0,0,0,0,0
21370183850048,38.478177,1786372827696506024,,0,0,0,0,0,0,0,0,0,0,0,0,0,0,0,0,0,0,0
21370203812480,38.498139,1786372827716511172,,0,0,0,0,0,0,0,0,0,0,0,0,0,0,0,0,0,0,0
21370223814816,38.518141,1786372827736504291,,0,0,0,0,0,0,0,0,0,0,0,0,0,0,0,0,0,0,0
21370243904512,38.538231,1786372827756511432,,0,0,0,0,0,0,0,0,0,0,0,0,0,0,0,0,0,0,0
21370263768288,38.558095,1786372827776531718,,0,0,0,0,0,0,0,0,0,0,0,0,0,0,0,0,0,0,0
21370283852416,38.578179,1786372827796526353,,0,0,0,0,0,0,0,0,0,0,0,0,0,0,0,0,0,0,0
21370303850624,38.598177,1786372827816526255,,0,0,0,0,0,0,0,0,0,0,0,0,0,0,0,0,0,0,0
21370323812288,38.618139,1786372827836506129,,0,0,0,0,0,0,0,0,0,0,0,0,0,0,0,0,0,0,0
21370343851232,38.638178,1786372827856510777,,0,0,0,0,0,0,0,0,0,0,0,0,0,0,0,0,0,0,0
21370363783424,38.65811,1786372827876503814,,0,0,0,0,0,0,0,0,0,0,0,0,0,0,0,0,0,0,0
21370383844448,38.678171,1786372827896510702,,0,0,0,0,0,0,0,0,0,0,0,0,0,0,0,0,0,0,0
21370403841696,38.698168,1786372827916531406,,0,0,0,0,0,0,0,0,0,0,0,0,0,0,0,0,0,0,0
21370423829760,38.718156,1786372827936526589,,0,0,0,0,0,0,0,0,0,0,0,0,0,0,0,0,0,0,0
21370443846592,38.738173,1786372827956524964,,0,0,0,0,0,0,0,0,0,0,0,0,0,0,0,0,0,0,0
21370463788864,38.758115,1786372827976506279,,0,0,0,0,0,0,0,0,0,0,0,0,0,0,0,0,0,0,0
21370483840064,38.778167,1786372827996510717,,0,0,0,0,0,0,0,0,0,0,0,0,0,0,0,0,0,0,0
21370503859776,38.798186,1786372828016504525,,0,0,0,0,0,0,0,0,0,0,0,0,0,0,0,0,0,0,0
21370523795680,38.818122,1786372828036510622,,0,0,0,0,0,0,0,0,0,0,0,0,0,0,0,0,0,0,0
21370543853312,38.83818,1786372828056530220,,0,0,0,0,0,0,0,0,0,0,0,0,0,0,0,0,0,0,0
21370563849696,38.858176,1786372828076526839,,0,0,0,0,0,0,0,0,0,0,0,0,0,0,0,0,0,0,0
21370583872928,38.878199,1786372828096526379,,0,0,0,0,0,0,0,0,0,0,0,0,0,0,0,0,0,0,0
21370603832128,38.898159,1786372828116505866,,0,0,0,0,0,0,0,0,0,0,0,0,0,0,0,0,0,0,0
21370623805856,38.918132,1786372828136510847,,0,0,0,0,0,0,0,0,0,0,0,0,0,0,0,0,0,0,0
21370643821152,38.938148,1786372828156504179,,0,0,0,0,0,0,0,0,0,0,0,0,0,0,0,0,0,0,0
21370663746752,38.958073,1786372828176510874,,0,0,0,0,0,0,0,0,0,0,0,0,0,0,0,0,0,0,0
21370683832256,38.978159,1786372828196532581,,0,0,0,0,0,0,0,0,0,0,0,0,0,0,0,0,0,0,0
21370703857472,38.998184,1786372828216526946,,0,0,0,0,0,0,0,0,0,0,0,0,0,0,0,0,0,0,0
21370723819168,39.018146,1786372828236523871,,0,0,0,0,0,0,0,0,0,0,0,0,0,0,0,0,0,0,0
21370743803488,39.03813,1786372828256506745,,0,0,0,0,0,0,0,0,0,0,0,0,0,0,0,0,0,0,0
21370763804352,39.058131,1786372828276511247,,0,0,0,0,0,0,0,0,0,0,0,0,0,0,0,0,0,0,0
21370783830752,39.078157,1786372828296503525,,0,0,0,0,0,0,0,0,0,0,0,0,0,0,0,0,0,0,0
21370803789888,39.098116,1786372828316510323,,0,0,0,0,0,0,0,0,0,0,0,0,0,0,0,0,0,0,0
21370823815712,39.118142,1786372828336531280,,0,0,0,0,0,0,0,0,0,0,0,0,0,0,0,0,0,0,0
21370843868960,39.138196,1786372828356527375,,0,0,0,0,0,0,0,0,0,0,0,0,0,0,0,0,0,0,0
21370863770944,39.158098,1786372828376524434,,0,0,0,0,0,0,0,0,0,0,0,0,0,0,0,0,0,0,0
21370883771360,39.178098,1786372828396506525,,0,0,0,0,0,0,0,0,0,0,0,0,0,0,0,0,0,0,0
21370903827936,39.198154,1786372828416511283,,0,0,0,0,0,0,0,0,0,0,0,0,0,0,0,0,0,0,0
21370923778464,39.218105,1786372828436505316,,0,0,0,0,0,0,0,0,0,0,0,0,0,0,0,0,0,0,0
21370943865344,39.238192,1786372828456510573,,0,0,0,0,0,0,0,0,0,0,0,0,0,0,0,0,0,0,0
21370963820608,39.258147,1786372828476530917,,0,0,0,0,0,0,0,0,0,0,0,0,0,0,0,0,0,0,0
21370983837984,39.278165,1786372828496527673,,0,0,0,0,0,0,0,0,0,0,0,0,0,0,0,0,0,0,0
21371003795552,39.298122,1786372828516523729,,0,0,0,0,0,0,0,0,0,0,0,0,0,0,0,0,0,0,0
21371023784768,39.318111,1786372828536506867,,0,0,0,0,0,0,0,0,0,0,0,0,0,0,0,0,0,0,0
21371043780416,39.338107,1786372828556511227,,0,0,0,0,0,0,0,0,0,0,0,0,0,0,0,0,0,0,0
21371063660512,39.357987,1786372828576505075,,0,0,0,0,0,0,0,0,0,0,0,0,0,0,0,0,0,0,0
21371083781184,39.378108,1786372828596512946,,0,0,0,0,0,0,0,0,0,0,0,0,0,0,0,0,0,0,0
21371103791776,39.398118,1786372828616530538,,0,0,0,0,0,0,0,0,0,0,0,0,0,0,0,0,0,0,0
21371123805888,39.418132,1786372828636526937,,0,0,0,0,0,0,0,0,0,0,0,0,0,0,0,0,0,0,0
21371143809920,39.438136,1786372828656522662,,0,0,0,0,0,0,0,0,0,0,0,0,0,0,0,0,0,0,0
21371163763808,39.45809,1786372828676506090,,0,0,0,0,0,0,0,0,0,0,0,0,0,0,0,0,0,0,0
21371183786464,39.478113,1786372828696510736,,0,0,0,0,0,0,0,0,0,0,0,0,0,0,0,0,0,0,0
21371203759168,39.498086,1786372828716505098,,0,0,0,0,0,0,0,0,0,0,0,0,0,0,0,0,0,0,0
21371223818464,39.518145,1786372828736510574,,0,0,0,0,0,0,0,0,0,0,0,0,0,0,0,0,0,0,0
21371243843360,39.53817,1786372828756531779,,0,0,0,0,0,0,0,0,0,0,0,0,0,0,0,0,0,0,0
21371263671072,39.557998,1786372828776527611,,0,0,0,0,0,0,0,0,0,0,0,0,0,0,0,0,0,0,0
21371283783648,39.57811,1786372828796523487,,0,0,0,0,0,0,0,0,0,0,0,0,0,0,0,0,0,0,0
21371303952384,39.598279,1786372828816507158,,0,0,0,0,0,0,0,0,0,0,0,0,0,0,0,0,0,0,0
21371323756256,39.618083,1786372828836511125,,0,0,0,0,0,0,0,0,0,0,0,0,0,0,0,0,0,0,0
21371343774688,39.638101,1786372828856504310,,0,0,0,0,0,0,0,0,0,0,0,0,0,0,0,0,0,0,0
21371363762560,39.658089,1786372828876511377,,0,0,0,0,0,0,0,0,0,0,0,0,0,0,0,0,0,0,0
21371383813312,39.67814,1786372828896530429,,0,0,0,0,0,0,0,0,0,0,0,0,0,0,0,0,0,0,0
21371403774016,39.698101,1786372828916527230,,0,0,0,0,0,0,0,0,0,0,0,0,0,0,0,0,0,0,0
21371423768704,39.718095,1786372828936523208,,0,0,0,0,0,0,0,0,0,0,0,0,0,0,0,0,0,0,0
21371443777824,39.738104,1786372828956507480,,0,0,0,0,0,0,0,0,0,0,0,0,0,0,0,0,0,0,0
21371463644640,39.757971,1786372828976511231,,0,0,0,0,0,0,0,0,0,0,0,0,0,0,0,0,0,0,0
21371483970208,39.778297,1786372828996504719,,0,0,0,0,0,0,0,0,0,0,0,0,0,0,0,0,0,0,0
21371503743328,39.79807,1786372829016511800,,0,0,0,0,0,0,0,0,0,0,0,0,0,0,0,0,0,0,0
21371523765312,39.818092,1786372829036532034,,0,0,0,0,0,0,0,0,0,0,0,0,0,0,0,0,0,0,0
21371543806592,39.838133,1786372829056526822,,0,0,0,0,0,0,0,0,0,0,0,0,0,0,0,0,0,0,0
21371563769856,39.858096,1786372829076523567,,0,0,0,0,0,0,0,0,0,0,0,0,0,0,0,0,0,0,0
21371583763072,39.87809,1786372829096508879,,0,0,0,0,0,0,0,0,0,0,0,0,0,0,0,0,0,0,0
21371603741376,39.898068,1786372829116511211,,0,0,0,0,0,0,0,0,0,0,0,0,0,0,0,0,0,0,0
21371623735872,39.918062,1786372829136503177,,0,0,0,0,0,0,0,0,0,0,0,0,0,0,0,0,0,0,0
21371643838944,39.938166,1786372829156510986,,0,0,0,0,0,0,0,0,0,0,0,0,0,0,0,0,0,0,0
21371663701536,39.958028,1786372829176531162,,0,0,0,0,0,0,0,0,0,0,0,0,0,0,0,0,0,0,0
21371683768416,39.978095,1786372829196526974,,0,0,0,0,0,0,0,0,0,0,0,0,0,0,0,0,0,0,0
21371703753312,39.99808,1786372829216523010,,0,0,0,0,0,0,0,0,0,0,0,0,0,0,0,0,0,0,0
21371723750848,40.018077,1786372829236507088,,0,0,0,0,0,0,0,0,0,0,0,0,0,0,0,0,0,0,0
21371743775264,40.038102,1786372829256510720,,0,0,0,0,0,0,0,0,0,0,0,0,0,0,0,0,0,0,0
21371763751680,40.058078,1786372829276503880,,0,0,0,0,0,0,0,0,0,0,0,0,0,0,0,0,0,0,0
21371783743744,40.07807,1786372829296510917,,0,0,0,0,0,0,0,0,0,0,0,0,0,0,0,0,0,0,0
21371803781600,40.098108,1786372829316532086,,0,0,0,0,0,0,0,0,0,0,0,0,0,0,0,0,0,0,0
21371823756256,40.118083,1786372829336528050,,0,0,0,0,0,0,0,0,0,0,0,0,0,0,0,0,0,0,0
21371843783840,40.13811,1786372829356524680,,0,0,0,0,0,0,0,0,0,0,0,0,0,0,0,0,0,0,0
21371863625536,40.157952,1786372829376506854,,0,0,0,0,0,0,0,0,0,0,0,0,0,0,0,0,0,0,0
21371883744736,40.178071,1786372829396512014,,0,0,0,0,0,0,0,0,0,0,0,0,0,0,0,0,0,0,0
21371903753056,40.19808,1786372829416505149,,0,0,0,0,0,0,0,0,0,0,0,0,0,0,0,0,0,0,0
21371923749632,40.218076,1786372829436512179,,0,0,0,0,0,0,0,0,0,0,0,0,0,0,0,0,0,0,0
21371943799616,40.238126,1786372829456531605,,0,0,0,0,0,0,0,0,0,0,0,0,0,0,0,0,0,0,0
21371963752544,40.258079,1786372829476528278,,0,0,0,0,0,0,0,0,0,0,0,0,0,0,0,0,0,0,0
21371983789536,40.278116,1786372829496539308,,0,0,0,0,0,0,0,0,0,0,0,0,0,0,0,0,0,0,0
21372003735072,40.298062,1786372829516506719,,0,0,0,0,0,0,0,0,0,0,0,0,0,0,0,0,0,0,0
21372023733472,40.31806,1786372829536510825,,0,0,0,0,0,0,0,0,0,0,0,0,0,0,0,0,0,0,0
21372043751488,40.338078,1786372829556518274,,0,0,0,0,0,0,0,0,0,0,0,0,0,0,0,0,0,0,0
21372063734080,40.358061,1786372829576511479,,0,0,0,0,0,0,0,0,0,0,0,0,0,0,0,0,0,0,0
21372083752480,40.378079,1786372829596533573,,0,0,0,0,0,0,0,0,0,0,0,0,0,0,0,0,0,0,0
21372103736544,40.398063,1786372829616527602,,0,0,0,0,0,0,0,0,0,0,0,0,0,0,0,0,0,0,0
21372123807456,40.418134,1786372829636523825,,0,0,0,0,0,0,0,0,0,0,0,0,0,0,0,0,0,0,0
21372144119488,40.438446,1786372829656506282,,0,0,0,0,0,0,0,0,0,0,0,0,0,0,0,0,0,0,0
21372163748640,40.458075,1786372829676511841,,0,0,0,0,0,0,0,0,0,0,0,0,0,0,0,0,0,0,0
21372183730624,40.478057,1786372829696503963,,0,0,0,0,0,0,0,0,0,0,0,0,0,0,0,0,0,0,0
21372203778048,40.498105,1786372829716511160,,0,0,0,0,0,0,0,0,0,0,0,0,0,0,0,0,0,0,0
21372223768480,40.518095,1786372829736531836,,0,0,0,0,0,0,0,0,0,0,0,0,0,0,0,0,0,0,0
21372243795616,40.538122,1786372829756527289,,0,0,0,0,0,0,0,0,0,0,0,0,0,0,0,0,0,0,0
21372263826176,40.558153,1786372829776539138,,0,0,0,0,0,0,0,0,0,0,0,0,0,0,0,0,0,0,0
21372283729120,40.578056,1786372829796505932,,0,0,0,0,0,0,0,0,0,0,0,0,0,0,0,0,0,0,0
21372303792672,40.598119,1786372829816513531,,0,0,0,0,0,0,0,0,0,0,0,0,0,0,0,0,0,0,0
21372323737920,40.618064,1786372829836504216,,0,0,0,0,0,0,0,0,0,0,0,0,0,0,0,0,0,0,0
21372343755520,40.638082,1786372829856511211,,0,0,0,0,0,0,0,0,0,0,0,0,0,0,0,0,0,0,0
21372363760736,40.658087,1786372829876531309,,0,0,0,0,0,0,0,0,0,0,0,0,0,0,0,0,0,0,0
21372383749568,40.678076,1786372829896526022,,0,0,0,0,0,0,0,0,0,0,0,0,0,0,0,0,0,0,0
21372403755040,40.698082,1786372829916523415,,0,0,0,0,0,0,0,0,0,0,0,0,0,0,0,0,0,0,0
21372423735552,40.718062,1786372829936505726,,0,0,0,0,0,0,0,0,0,0,0,0,0,0,0,0,0,0,0
21372443747456,40.738074,1786372829956510262,,0,0,0,0,0,0,0,0,0,0,0,0,0,0,0,0,0,0,0
21372463633088,40.75796,1786372829976504132,,0,0,0,0,0,0,0,0,0,0,0,0,0,0,0,0,0,0,0
21372483686272,40.778013,1786372829996510329,,0,0,0,0,0,0,0,0,0,0,0,0,0,0,0,0,0,0,0
21372503736608,40.798063,1786372830016531630,,0,0,0,0,0,0,0,0,0,0,0,0,0,0,0,0,0,0,0
21372523747968,40.818075,1786372830036526886,,0,0,0,0,0,0,0,0,0,0,0,0,0,0,0,0,0,0,0
21372543764288,40.838091,1786372830056523873,,0,0,0,0,0,0,0,0,0,0,0,0,0,0,0,0,0,0,0
21372563705472,40.858032,1786372830076507292,,0,0,0,0,0,0,0,0,0,0,0,0,0,0,0,0,0,0,0
21372583730656,40.878057,1786372830096513597,,0,0,0,0,0,0,0,0,0,0,0,0,0,0,0,0,0,0,0
21372603705216,40.898032,1786372830116504556,,0,0,0,0,0,0,0,0,0,0,0,0,0,0,0,0,0,0,0
21372623748288,40.918075,1786372830136511105,,0,0,0,0,0,0,0,0,0,0,0,0,0,0,0,0,0,0,0
21372643885216,40.938212,1786372830156532617,,0,0,0,0,0,0,0,0,0,0,0,0,0,0,0,0,0,0,0
21372663744352,40.958071,1786372830176526645,,0,0,0,0,0,0,0,0,0,0,0,0,0,0,0,0,0,0,0
21372683703008,40.97803,1786372830196523506,,0,0,0,0,0,0,0,0,0,0,0,0,0,0,0,0,0,0,0
21372703716768,40.998043,1786372830216506445,,0,0,0,0,0,0,0,0,0,0,0,0,0,0,0,0,0,0,0
21372723731200,41.018058,1786372830236511583,,0,0,0,0,0,0,0,0,0,0,0,0,0,0,0,0,0,0,0
21372743718784,41.038045,1786372830256503969,,0,0,0,0,0,0,0,0,0,0,0,0,0,0,0,0,0,0,0
21372763710368,41.058037,1786372830276510730,,0,0,0,0,0,0,0,0,0,0,0,0,0,0,0,0,0,0,0
21372783717920,41.078044,1786372830296531755,,0,0,0,0,0,0,0,0,0,0,0,0,0,0,0,0,0,0,0
21372803735584,41.098062,1786372830316526614,,0,0,0,0,0,0,0,0,0,0,0,0,0,0,0,0,0,0,0
21372823737280,41.118064,1786372830336523955,,0,0,0,0,0,0,0,0,0,0,0,0,0,0,0,0,0,0,0
21372843746528,41.138073,1786372830356506420,,0,0,0,0,0,0,0,0,0,0,0,0,0,0,0,0,0,0,0
21372863749088,41.158076,1786372830376510721,,0,0,0,0,0,0,0,0,0,0,0,0,0,0,0,0,0,0,0
21372883726400,41.178053,1786372830396504020,,0,0,0,0,0,0,0,0,0,0,0,0,0,0,0,0,0,0,0
21372903749760,41.198076,1786372830416511480,,0,0,0,0,0,0,0,0,0,0,0,0,0,0,0,0,0,0,0
21372923721568,41.218048,1786372830436531290,,0,0,0,0,0,0,0,0,0,0,0,0,0,0,0,0,0,0,0
21372943941152,41.238268,1786372830456528147,,0,0,0,0,0,0,0,0,0,0,0,0,0,0,0,0,0,0,0
21372963737216,41.258064,1786372830476524442,,0,0,0,0,0,0,0,0,0,0,0,0,0,0,0,0,0,0,0
21372983725120,41.278052,1786372830496507614,,0,0,0,0,0,0,0,0,0,0,0,0,0,0,0,0,0,0,0
21373003694208,41.298021,1786372830516511647,,0,0,0,0,0,0,0,0,0,0,0,0,0,0,0,0,0,0,0
21373023766848,41.318093,1786372830536505143,,0,0,0,0,0,0,0,0,0,0,0,0,0,0,0,0,0,0,0
21373043746368,41.338073,1786372830556510838,,0,0,0,0,0,0,0,0,0,0,0,0,0,0,0,0,0,0,0
21373063672064,41.357999,1786372830576530683,,0,0,0,0,0,0,0,0,0,0,0,0,0,0,0,0,0,0,0
21373083696640,41.378023,1786372830596529106,,0,0,0,0,0,0,0,0,0,0,0,0,0,0,0,0,0,0,0
21373103766112,41.398093,1786372830616523439,,0,0,0,0,0,0,0,0,0,0,0,0,0,0,0,0,0,0,0
21373123707712,41.418034,1786372830636507173,,0,0,0,0,0,0,0,0,0,0,0,0,0,0,0,0,0,0,0
21373143726592,41.438053,1786372830656511041,,0,0,0,0,0,0,0,0,0,0,0,0,0,0,0,0,0,0,0
21373163695200,41.458022,1786372830676504471,,0,0,0,0,0,0,0,0,0,0,0,0,0,0,0,0,0,0,0
21373183735200,41.478062,1786372830696511700,,0,0,0,0,0,0,0,0,0,0,0,0,0,0,0,0,0,0,0
21373203728032,41.498055,1786372830716530876,,0,0,0,0,0,0,0,0,0,0,0,0,0,0,0,0,0,0,0
21373223751360,41.518078,1786372830736527239,,0,0,0,0,0,0,0,0,0,0,0,0,0,0,0,0,0,0,0
21373243709856,41.538036,1786372830756524495,,0,0,0,0,0,0,0,0,0,0,0,0,0,0,0,0,0,0,0
21373263615136,41.557942,1786372830776506567,,0,0,0,0,0,0,0,0,0,0,0,0,0,0,0,0,0,0,0
21373283682944,41.57801,1786372830796511811,,0,0,0,0,0,0,0,0,0,0,0,0,0,0,0,0,0,0,0
21373303652320,41.597979,1786372830816504080,,0,0,0,0,0,0,0,0,0,0,0,0,0,0,0,0,0,0,0
21373323689152,41.618016,1786372830836510775,,0,0,0,0,0,0,0,0,0,0,0,0,0,0,0,0,0,0,0
21373343730240,41.638057,1786372830856532631,,0,0,0,0,0,0,0,0,0,0,0,0,0,0,0,0,0,0,0
21373363686816,41.658013,1786372830876526921,,0,0,0,0,0,0,0,0,0,0,0,0,0,0,0,0,0,0,0
21373383688128,41.678015,1786372830896524539,,0,0,0,0,0,0,0,0,0,0,0,0,0,0,0,0,0,0,0
21373403671936,41.697998,1786372830916506712,,0,0,0,0,0,0,0,0,0,0,0,0,0,0,0,0,0,0,0
21373423700640,41.718027,1786372830936511534,,0,0,0,0,0,0,0,0,0,0,0,0,0,0,0,0,0,0,0
21373443686080,41.738013,1786372830956505047,,0,0,0,0,0,0,0,0,0,0,0,0,0,0,0,0,0,0,0
21373463638848,41.757965,1786372830976511357,,0,0,0,0,0,0,0,0,0,0,0,0,0,0,0,0,0,0,0
21373483688096,41.778015,1786372830996531451,,0,0,0,0,0,0,0,0,0,0,0,0,0,0,0,0,0,0,0
21373503770240,41.798097,1786372831016527219,,0,0,0,0,0,0,0,0,0,0,0,0,0,0,0,0,0,0,0
21373523702240,41.818029,1786372831036524668,,0,0,0,0,0,0,0,0,0,0,0,0,0,0,0,0,0,0,0
21373543728128,41.838055,1786372831056507244,,0,0,0,0,0,0,0,0,0,0,0,0,0,0,0,0,0,0,0
21373563665472,41.857992,1786372831076510585,,0,0,0,0,0,0,0,0,0,0,0,0,0,0,0,0,0,0,0
21373583660480,41.877987,1786372831096505764,,0,0,0,0,0,0,0,0,0,0,0,0,0,0,0,0,0,0,0
21373603677760,41.898004,1786372831116511022,,0,0,0,0,0,0,0,0,0,0,0,0,0,0,0,0,0,0,0
21373623709248,41.918036,1786372831136531946,,0,0,0,0,0,0,0,0,0,0,0,0,0,0,0,0,0,0,0
21373643679488,41.938006,1786372831156527660,,0,0,0,0,0,0,0,0,0,0,0,0,0,0,0,0,0,0,0
21373663557984,41.957885,1786372831176523527,,0,0,0,0,0,0,0,0,0,0,0,0,0,0,0,0,0,0,0
21373683659648,41.977986,1786372831196506238,,0,0,0,0,0,0,0,0,0,0,0,0,0,0,0,0,0,0,0
21373703688608,41.998015,1786372831216511523,,0,0,0,0,0,0,0,0,0,0,0,0,0,0,0,0,0,0,0
21373723668544,42.017995,1786372831236504760,,0,0,0,0,0,0,0,0,0,0,0,0,0,0,0,0,0,0,0
21373743669696,42.037996,1786372831256511586,,0,0,0,0,0,0,0,0,0,0,0,0,0,0,0,0,0,0,0
21373763676832,42.058003,1786372831276532342,,0,0,0,0,0,0,0,0,0,0,0,0,0,0,0,0,0,0,0
21373783692704,42.078019,1786372831296527588,,0,0,0,0,0,0,0,0,0,0,0,0,0,0,0,0,0,0,0
21373803666496,42.097993,1786372831316523639,,0,0,0,0,0,0,0,0,0,0,0,0,0,0,0,0,0,0,0
21373823661152,42.117988,1786372831336506355,,0,0,0,0,0,0,0,0,0,0,0,0,0,0,0,0,0,0,0
21373843656832,42.137983,1786372831356512204,,0,0,0,0,0,0,0,0,0,0,0,0,0,0,0,0,0,0,0
21373863526208,42.157853,1786372831376504165,,0,0,0,0,0,0,0,0,0,0,0,0,0,0,0,0,0,0,0
21373883646624,42.177973,1786372831396510756,,0,0,0,0,0,0,0,0,0,0,0,0,0,0,0,0,0,0,0
21373903671040,42.197998,1786372831416530895,,0,0,0,0,0,0,0,0,0,0,0,0,0,0,0,0,0,0,0
21373923675520,42.218002,1786372831436526694,,0,0,0,0,0,0,0,0,0,0,0,0,0,0,0,0,0,0,0
21373943654976,42.237982,1786372831456523173,,0,0,0,0,0,0,0,0,0,0,0,0,0,0,0,0,0,0,0
21373963633856,42.25796,1786372831476506508,,0,0,0,0,0,0,0,0,0,0,0,0,0,0,0,0,0,0,0
21373983630048,42.277957,1786372831496510731,,0,0,0,0,0,0,0,0,0,0,0,0,0,0,0,0,0,0,0
21374003632416,42.297959,1786372831516503935,,0,0,0,0,0,0,0,0,0,0,0,0,0,0,0,0,0,0,0
21374023624704,42.317951,1786372831536511379,,0,0,0,0,0,0,0,0,0,0,0,0,0,0,0,0,0,0,0
21374043652288,42.337979,1786372831556531652,,0,0,0,0,0,0,0,0,0,0,0,0,0,0,0,0,0,0,0
21374063652896,42.357979,1786372831576527058,,0,0,0,0,0,0,0,0,0,0,0,0,0,0,0,0,0,0,0
21374083694848,42.378021,1786372831596526326,,0,0,0,0,0,0,0,0,0,0,0,0,0,0,0,0,0,0,0
21374103708960,42.398036,1786372831616506546,,0,0,0,0,0,0,0,0,0,0,0,0,0,0,0,0,0,0,0
21374123629696,42.417956,1786372831636511423,,0,0,0,0,0,0,0,0,0,0,0,0,0,0,0,0,0,0,0
21374143696448,42.438023,1786372831656505117,,0,0,0,0,0,0,0,0,0,0,0,0,0,0,0,0,0,0,0
21374163693600,42.45802,1786372831676511399,,0,0,0,0,0,0,0,0,0,0,0,0,0,0,0,0,0,0,0
21374183719168,42.478046,1786372831696532545,,0,0,0,0,0,0,0,0,0,0,0,0,0,0,0,0,0,0,0
21374203635232,42.497962,1786372831716527782,,0,0,0,0,0,0,0,0,0,0,0,0,0,0,0,0,0,0,0
21374223669312,42.517996,1786372831736525260,,0,0,0,0,0,0,0,0,0,0,0,0,0,0,0,0,0,0,0
21374243618560,42.537945,1786372831756506763,,0,0,0,0,0,0,0,0,0,0,0,0,0,0,0,0,0,0,0
21374263674976,42.558002,1786372831776512328,,0,0,0,0,0,0,0,0,0,0,0,0,0,0,0,0,0,0,0
21374283612832,42.577939,1786372831796503438,,0,0,0,0,0,0,0,0,0,0,0,0,0,0,0,0,0,0,0
21374303656384,42.597983,1786372831816511458,,0,0,0,0,0,0,0,0,0,0,0,0,0,0,0,0,0,0,0
21374323643520,42.61797,1786372831836530474,,0,0,0,0,0,0,0,0,0,0,0,0,0,0,0,0,0,0,0
21374343630624,42.637957,1786372831856528309,,0,0,0,0,0,0,0,0,0,0,0,0,0,0,0,0,0,0,0
21374363618656,42.657945,1786372831876524453,,0,0,0,0,0,0,0,0,0,0,0,0,0,0,0,0,0,0,0
21374383645024,42.677972,1786372831896506514,,0,0,0,0,0,0,0,0,0,0,0,0,0,0,0,0,0,0,0
21374403613152,42.69794,1786372831916510863,,0,0,0,0,0,0,0,0,0,0,0,0,0,0,0,0,0,0,0
21374423613760,42.71794,1786372831936504891,,0,0,0,0,0,0,0,0,0,0,0,0,0,0,0,0,0,0,0
21374443642336,42.737969,1786372831956512292,,0,0,0,0,0,0,0,0,0,0,0,0,0,0,0,0,0,0,0
21374463552608,42.757879,1786372831976532092,,0,0,0,0,0,0,0,0,0,0,0,0,0,0,0,0,0,0,0
21374483645760,42.777972,1786372831996527311,,0,0,0,0,0,0,0,0,0,0,0,0,0,0,0,0,0,0,0
21374503618944,42.797946,1786372832016524990,,0,0,0,0,0,0,0,0,0,0,0,0,0,0,0,0,0,0,0
21374523620640,42.817947,1786372832036507117,,0,0,0,0,0,0,0,0,0,0,0,0,0,0,0,0,0,0,0
21374543613984,42.837941,1786372832056511946,,0,0,0,0,0,0,0,0,0,0,0,0,0,0,0,0,0,0,0
21374563592864,42.857919,1786372832076504894,,0,0,0,0,0,0,0,0,0,0,0,0,0,0,0,0,0,0,0
21374583624640,42.877951,1786372832096513796,,0,0,0,0,0,0,0,0,0,0,0,0,0,0,0,0,0,0,0
21374603628608,42.897955,1786372832116531661,,0,0,0,0,0,0,0,0,0,0,0,0,0,0,0,0,0,0,0
21374623623808,42.91795,1786372832136528227,,0,0,0,0,0,0,0,0,0,0,0,0,0,0,0,0,0,0,0
21374643617568,42.937944,1786372832156524059,,0,0,0,0,0,0,0,0,0,0,0,0,0,0,0,0,0,0,0
21374663584160,42.957911,1786372832176506852,,0,0,0,0,0,0,0,0,0,0,0,0,0,0,0,0,0,0,0
21374683618912,42.977945,1786372832196510552,,0,0,0,0,0,0,0,0,0,0,0,0,0,0,0,0,0,0,0
21374703644448,42.997971,1786372832216504604,,0,0,0,0,0,0,0,0,0,0,0,0,0,0,0,0,0,0,0
21374723607040,43.017934,1786372832236510363,,0,0,0,0,0,0,0,0,0,0,0,0,0,0,0,0,0,0,0
21374743666016,43.037993,1786372832256531356,,0,0,0,0,0,0,0,0,0,0,0,0,0,0,0,0,0,0,0
21374763629120,43.057956,1786372832276527141,,0,0,0,0,0,0,0,0,0,0,0,0,0,0,0,0,0,0,0
21374783645760,43.077972,1786372832296523782,,0,0,0,0,0,0,0,0,0,0,0,0,0,0,0,0,0,0,0
21374803611840,43.097938,1786372832316506797,,0,0,0,0,0,0,0,0,0,0,0,0,0,0,0,0,0,0,0
21374823630496,43.117957,1786372832336510687,,0,0,0,0,0,0,0,0,0,0,0,0,0,0,0,0,0,0,0
21374843580704,43.137907,1786372832356504481,,0,0,0,0,0,0,0,0,0,0,0,0,0,0,0,0,0,0,0
21374863490240,43.157817,1786372832376510835,,0,0,0,0,0,0,0,0,0,0,0,0,0,0,0,0,0,0,0
21374883647232,43.177974,1786372832396530742,,0,0,0,0,0,0,0,0,0,0,0,0,0,0,0,0,0,0,0
21374903597344,43.197924,1786372832416527042,,0,0,0,0,0,0,0,0,0,0,0,0,0,0,0,0,0,0,0
21374923605888,43.217932,1786372832436523459,,0,0,0,0,0,0,0,0,0,0,0,0,0,0,0,0,0,0,0
21374943591456,43.237918,1786372832456506364,,0,0,0,0,0,0,0,0,0,0,0,0,0,0,0,0,0,0,0
21374963567168,43.257894,1786372832476510983,,0,0,0,0,0,0,0,0,0,0,0,0,0,0,0,0,0,0,0
21374983613408,43.27794,1786372832496503998,,0,0,0,0,0,0,0,0,0,0,0,0,0,0,0,0,0,0,0
21375003574048,43.297901,1786372832516510667,,0,0,0,0,0,0,0,0,0,0,0,0,0,0,0,0,0,0,0
21375023605472,43.317932,1786372832536531689,,0,0,0,0,0,0,0,0,0,0,0,0,0,0,0,0,0,0,0
21375043595264,43.337922,1786372832556526818,,0,0,0,0,0,0,0,0,0,0,0,0,0,0,0,0,0,0,0
21375063488704,43.357815,1786372832576524148,,0,0,0,0,0,0,0,0,0,0,0,0,0,0,0,0,0,0,0
21375083602336,43.377929,1786372832596508721,,0,0,0,0,0,0,0,0,0,0,0,0,0,0,0,0,0,0,0
21375103584544,43.397911,1786372832616511027,,0,0,0,0,0,0,0,0,0,0,0,0,0,0,0,0,0,0,0
21375123573088,43.4179,1786372832636505038,,0,0,0,0,0,0,0,0,0,0,0,0,0,0,0,0,0,0,0
21375143604064,43.437931,1786372832656511037,,0,0,0,0,0,0,0,0,0,0,0,0,0,0,0,0,0,0,0
21375163601600,43.457928,1786372832676531845,,0,0,0,0,0,0,0,0,0,0,0,0,0,0,0,0,0,0,0
21375183610848,43.477937,1786372832696526651,,0,0,0,0,0,0,0,0,0,0,0,0,0,0,0,0,0,0,0
21375203585344,43.497912,1786372832716524082,,0,0,0,0,0,0,0,0,0,0,0,0,0,0,0,0,0,0,0
21375223578464,43.517905,1786372832736506616,,0,0,0,0,0,0,0,0,0,0,0,0,0,0,0,0,0,0,0
21375243570656,43.537897,1786372832756510779,,0,0,0,0,0,0,0,0,0,0,0,0,0,0,0,0,0,0,0
21375263486624,43.557813,1786372832776503995,,0,0,0,0,0,0,0,0,0,0,0,0,0,0,0,0,0,0,0
21375283585184,43.577912,1786372832796511814,,0,0,0,0,0,0,0,0,0,0,0,0,0,0,0,0,0,0,0
21375303662112,43.597989,1786372832816532005,,0,0,0,0,0,0,0,0,0,0,0,0,0,0,0,0,0,0,0
21375323586336,43.617913,1786372832836528089,,0,0,0,0,0,0,0,0,0,0,0,0,0,0,0,0,0,0,0
21375343642016,43.637969,1786372832856523987,,0,0,0,0,0,0,0,0,0,0,0,0,0,0,0,0,0,0,0
21375363560864,43.657887,1786372832876506986,,0,0,0,0,0,0,0,0,0,0,0,0,0,0,0,0,0,0,0
21375383620704,43.677947,1786372832896511580,,0,0,0,0,0,0,0,0,0,0,0,0,0,0,0,0,0,0,0
21375403555040,43.697882,1786372832916505578,,0,0,0,0,0,0,0,0,0,0,0,0,0,0,0,0,0,0,0
21375423627904,43.717954,1786372832936511564,,0,0,0,0,0,0,0,0,0,0,0,0,0,0,0,0,0,0,0
21375443569120,43.737896,1786372832956531121,,0,0,0,0,0,0,0,0,0,0,0,0,0,0,0,0,0,0,0
21375463534592,43.757861,1786372832976528185,,0,0,0,0,0,0,0,0,0,0,0,0,0,0,0,0,0,0,0
21375483573472,43.7779,1786372832996538266,,0,0,0,0,0,0,0,0,0,0,0,0,0,0,0,0,0,0,0
21375503612320,43.797939,1786372833016507605,,0,0,0,0,0,0,0,0,0,0,0,0,0,0,0,0,0,0,0
21375523550432,43.817877,1786372833036512266,,0,0,0,0,0,0,0,0,0,0,0,0,0,0,0,0,0,0,0
21375543588832,43.837915,1786372833056505197,,0,0,0,0,0,0,0,0,0,0,0,0,0,0,0,0,0,0,0
21375563556192,43.857883,1786372833076526263,,0,0,0,0,0,0,0,0,0,0,0,0,0,0,0,0,0,0,0
21375583608448,43.877935,1786372833096533778,,0,0,0,0,0,0,0,0,0,0,0,0,0,0,0,0,0,0,0
21375603578848,43.897905,1786372833116528487,,0,0,0,0,0,0,0,0,0,0,0,0,0,0,0,0,0,0,0
21375623571616,43.917898,1786372833136524682,,0,0,0,0,0,0,0,0,0,0,0,0,0,0,0,0,0,0,0
21375643571776,43.937898,1786372833156507147,,0,0,0,0,0,0,0,0,0,0,0,0,0,0,0,0,0,0,0
21375663507040,43.957834,1786372833176512550,,0,0,0,0,0,0,0,0,0,0,0,0,0,0,0,0,0,0,0
21375683559872,43.977886,1786372833196504435,,0,0,0,0,0,0,0,0,0,0,0,0,0,0,0,0,0,0,0
21375703549888,43.997876,1786372833216511643,,0,0,0,0,0,0,0,0,0,0,0,0,0,0,0,0,0,0,0
21375723565984,44.017893,1786372833236530589,,0,0,0,0,0,0,0,0,0,0,0,0,0,0,0,0,0,0,0
21375743591264,44.037918,1786372833256541253,,0,0,0,0,0,0,0,0,0,0,0,0,0,0,0,0,0,0,0
21375763571776,44.057898,1786372833276524488,,0,0,0,0,0,0,0,0,0,0,0,0,0,0,0,0,0,0,0
21375783578400,44.077905,1786372833296506805,,0,0,0,0,0,0,0,0,0,0,0,0,0,0,0,0,0,0,0
21375803559200,44.097886,1786372833316511356,,0,0,0,0,0,0,0,0,0,0,0,0,0,0,0,0,0,0,0
21375823541152,44.117868,1786372833336504116,,0,0,0,0,0,0,0,0,0,0,0,0,0,0,0,0,0,0,0
21375843564928,44.137891,1786372833356511704,,0,0,0,0,0,0,0,0,0,0,0,0,0,0,0,0,0,0,0
21375863698304,44.158025,1786372833376532140,,0,0,0,0,0,0,0,0,0,0,0,0,0,0,0,0,0,0,0
21375883573568,44.1779,1786372833396527471,,0,0,0,0,0,0,0,0,0,0,0,0,0,0,0,0,0,0,0
21375903562048,44.197889,1786372833416524437,,0,0,0,0,0,0,0,0,0,0,0,0,0,0,0,0,0,0,0
21375923539040,44.217866,1786372833436508060,,0,0,0,0,0,0,0,0,0,0,0,0,0,0,0,0,0,0,0
21375943649824,44.237976,1786372833456511527,,0,0,0,0,0,0,0,0,0,0,0,0,0,0,0,0,0,0,0
21375963546304,44.257873,1786372833476504424,,0,0,0,0,0,0,0,0,0,0,0,0,0,0,0,0,0,0,0
21375983561504,44.277888,1786372833496525939,,0,0,0,0,0,0,0,0,0,0,0,0,0,0,0,0,0,0,0
21376003558848,44.297885,1786372833516531736,,0,0,0,0,0,0,0,0,0,0,0,0,0,0,0,0,0,0,0
21376023546240,44.317873,1786372833536527692,,0,0,0,0,0,0,0,0,0,0,0,0,0,0,0,0,0,0,0
21376043581472,44.337908,1786372833556523877,,0,0,0,0,0,0,0,0,0,0,0,0,0,0,0,0,0,0,0
21376063440320,44.357767,1786372833576507057,,0,0,0,0,0,0,0,0,0,0,0,0,0,0,0,0,0,0,0
21376083547712,44.377874,1786372833596514067,,0,0,0,0,0,0,0,0,0,0,0,0,0,0,0,0,0,0,0
21376103570272,44.397897,1786372833616504803,,0,0,0,0,0,0,0,0,0,0,0,0,0,0,0,0,0,0,0
21376123552096,44.417879,1786372833636511580,,0,0,0,0,0,0,0,0,0,0,0,0,0,0,0,0,0,0,0
21376143616416,44.437943,1786372833656531628,,0,0,0,0,0,0,0,0,0,0,0,0,0,0,0,0,0,0,0
21376163554432,44.457881,1786372833676526916,,0,0,0,0,0,0,0,0,0,0,0,0,0,0,0,0,0,0,0
21376183579008,44.477906,1786372833696523706,,0,0,0,0,0,0,0,0,0,0,0,0,0,0,0,0,0,0,0
21376203542848,44.497869,1786372833716507410,,0,0,0,0,0,0,0,0,0,0,0,0,0,0,0,0,0,0,0
21376223604064,44.517931,1786372833736512175,,0,0,0,0,0,0,0,0,0,0,0,0,0,0,0,0,0,0,0
21376243559744,44.537886,1786372833756504737,,0,0,0,0,0,0,0,0,0,0,0,0,0,0,0,0,0,0,0
21376263459776,44.557786,1786372833776510915,,0,0,0,0,0,0,0,0,0,0,0,0,0,0,0,0,0,0,0
21376283565344,44.577892,1786372833796532363,,0,0,0,0,0,0,0,0,0,0,0,0,0,0,0,0,0,0,0
21376303527104,44.597854,1786372833816530577,,0,0,0,0,0,0,0,0,0,0,0,0,0,0,0,0,0,0,0
21376323568160,44.617895,1786372833836523452,,0,0,0,0,0,0,0,0,0,0,0,0,0,0,0,0,0,0,0
21376343536704,44.637863,1786372833856507403,,0,0,0,0,0,0,0,0,0,0,0,0,0,0,0,0,0,0,0
21376363533024,44.65786,1786372833876511456,,0,0,0,0,0,0,0,0,0,0,0,0,0,0,0,0,0,0,0
21376383521568,44.677848,1786372833896505111,,0,0,0,0,0,0,0,0,0,0,0,0,0,0,0,0,0,0,0
21376403536672,44.697863,1786372833916512056,,0,0,0,0,0,0,0,0,0,0,0,0,0,0,0,0,0,0,0
21376423578720,44.717905,1786372833936532691,,0,0,0,0,0,0,0,0,0,0,0,0,0,0,0,0,0,0,0
21376443557568,44.737884,1786372833956527473,,0,0,0,0,0,0,0,0,0,0,0,0,0,0,0,0,0,0,0
21376463594976,44.757922,1786372833976524212,,0,0,0,0,0,0,0,0,0,0,0,0,0,0,0,0,0,0,0
21376483519744,44.777846,1786372833996506861,,0,0,0,0,0,0,0,0,0,0,0,0,0,0,0,0,0,0,0
21376503621120,44.797948,1786372834016511531,,0,0,0,0,0,0,0,0,0,0,0,0,0,0,0,0,0,0,0
21376523503392,44.81783,1786372834036505052,,0,0,0,0,0,0,0,0,0,0,0,0,0,0,0,0,0,0,0
21376543619744,44.837946,1786372834056510651,,0,0,0,0,0,0,0,0,0,0,0,0,0,0,0,0,0,0,0
21376563584768,44.857911,1786372834076533092,,0,0,0,0,0,0,0,0,0,0,0,0,0,0,0,0,0,0,0
21376583576384,44.877903,1786372834096529494,,0,0,0,0,0,0,0,0,0,0,0,0,0,0,0,0,0,0,0
21376603521376,44.897848,1786372834116525212,,0,0,0,0,0,0,0,0,0,0,0,0,0,0,0,0,0,0,0
21376623521088,44.917848,1786372834136507214,,0,0,0,0,0,0,0,0,0,0,0,0,0,0,0,0,0,0,0
21376643519904,44.937846,1786372834156526338,,0,0,0,0,0,0,0,0,0,0,0,0,0,0,0,0,0,0,0
21376663439200,44.957766,1786372834176505479,,0,0,0,0,0,0,0,0,0,0,0,0,0,0,0,0,0,0,0
21376683513952,44.977841,1786372834196510695,,0,0,0,0,0,0,0,0,0,0,0,0,0,0,0,0,0,0,0
21376703512576,44.997839,1786372834216531832,,0,0,0,0,0,0,0,0,0,0,0,0,0,0,0,0,0,0,0
21376723557920,45.017884,1786372834236528257,,0,0,0,0,0,0,0,0,0,0,0,0,0,0,0,0,0,0,0
21376743544896,45.037871,1786372834256525118,,0,0,0,0,0,0,0,0,0,0,0,0,0,0,0,0,0,0,0
21376763505152,45.057832,1786372834276507777,,0,0,0,0,0,0,0,0,0,0,0,0,0,0,0,0,0,0,0
21376783510784,45.077837,1786372834296510554,,0,0,0,0,0,0,0,0,0,0,0,0,0,0,0,0,0,0,0
21376803480512,45.097807,1786372834316504531,,0,0,0,0,0,0,0,0,0,0,0,0,0,0,0,0,0,0,0
21376823517056,45.117844,1786372834336511351,,0,0,0,0,0,0,0,0,0,0,0,0,0,0,0,0,0,0,0
21376843536736,45.137863,1786372834356530990,,0,0,0,0,0,0,0,0,0,0,0,0,0,0,0,0,0,0,0
21376863445952,45.157773,1786372834376526646,,0,0,0,0,0,0,0,0,0,0,0,0,0,0,0,0,0,0,0
21376883512416,45.177839,1786372834396524751,,0,0,0,0,0,0,0,0,0,0,0,0,0,0,0,0,0,0,0
21376903515296,45.197842,1786372834416507361,,0,0,0,0,0,0,0,0,0,0,0,0,0,0,0,0,0,0,0
21376923513536,45.21784,1786372834436511082,,0,0,0,0,0,0,0,0,0,0,0,0,0,0,0,0,0,0,0
21376943519648,45.237846,1786372834456504880,,0,0,0,0,0,0,0,0,0,0,0,0,0,0,0,0,0,0,0
21376963480032,45.257807,1786372834476511092,,0,0,0,0,0,0,0,0,0,0,0,0,0,0,0,0,0,0,0
21376983509760,45.277836,1786372834496531764,,0,0,0,0,0,0,0,0,0,0,0,0,0,0,0,0,0,0,0
21377003491936,45.297818,1786372834516527776,,0,0,0,0,0,0,0,0,0,0,0,0,0,0,0,0,0,0,0
21377023527456,45.317854,1786372834536522587,,0,0,0,0,0,0,0,0,0,0,0,0,0,0,0,0,0,0,0
21377043511936,45.337838,1786372834556507452,,0,0,0,0,0,0,0,0,0,0,0,0,0,0,0,0,0,0,0
21377063478720,45.357805,1786372834576511420,,0,0,0,0,0,0,0,0,0,0,0,0,0,0,0,0,0,0,0
21377083485152,45.377812,1786372834596506950,,0,0,0,0,0,0,0,0,0,0,0,0,0,0,0,0,0,0,0
21377103555456,45.397882,1786372834616511855,,0,0,0,0,0,0,0,0,0,0,0,0,0,0,0,0,0,0,0
21377123526624,45.417853,1786372834636531227,,0,0,0,0,0,0,0,0,0,0,0,0,0,0,0,0,0,0,0
21377143587040,45.437914,1786372834656525977,,0,0,0,0,0,0,0,0,0,0,0,0,0,0,0,0,0,0,0
21377163493024,45.45782,1786372834676524441,,0,0,0,0,0,0,0,0,0,0,0,0,0,0,0,0,0,0,0
21377183502464,45.477829,1786372834696507221,,0,0,0,0,0,0,0,0,0,0,0,0,0,0,0,0,0,0,0
21377203473792,45.4978,1786372834716511269,,0,0,0,0,0,0,0,0,0,0,0,0,0,0,0,0,0,0,0
21377223515840,45.517842,1786372834736505309,,0,0,0,0,0,0,0,0,0,0,0,0,0,0,0,0,0,0,0
21377243474336,45.537801,1786372834756512140,,0,0,0,0,0,0,0,0,0,0,0,0,0,0,0,0,0,0,0
21377263394304,45.557721,1786372834776532068,,0,0,0,0,0,0,0,0,0,0,0,0,0,0,0,0,0,0,0
21377283483552,45.57781,1786372834796528946,,0,0,0,0,0,0,0,0,0,0,0,0,0,0,0,0,0,0,0
21377303537824,45.597864,1786372834816524099,,0,0,0,0,0,0,0,0,0,0,0,0,0,0,0,0,0,0,0
21377323457760,45.617784,1786372834836507004,,0,0,0,0,0,0,0,0,0,0,0,0,0,0,0,0,0,0,0
21377343498528,45.637825,1786372834856511248,,0,0,0,0,0,0,0,0,0,0,0,0,0,0,0,0,0,0,0
21377363467424,45.657794,1786372834876504536,,0,0,0,0,0,0,0,0,0,0,0,0,0,0,0,0,0,0,0
21377383501504,45.677828,1786372834896511500,,0,0,0,0,0,0,0,0,0,0,0,0,0,0,0,0,0,0,0
21377403518048,45.697845,1786372834916532144,,0,0,0,0,0,0,0,0,0,0,0,0,0,0,0,0,0,0,0
21377423509632,45.717836,1786372834936527966,,0,0,0,0,0,0,0,0,0,0,0,0,0,0,0,0,0,0,0
21377443487872,45.737814,1786372834956524048,,0,0,0,0,0,0,0,0,0,0,0,0,0,0,0,0,0,0,0
21377463370816,45.757697,1786372834976506252,,0,0,0,0,0,0,0,0,0,0,0,0,0,0,0,0,0,0,0
21377483473984,45.777801,1786372834996511576,,0,0,0,0,0,0,0,0,0,0,0,0,0,0,0,0,0,0,0
21377503455200,45.797782,1786372835016505615,,0,0,0,0,0,0,0,0,0,0,0,0,0,0,0,0,0,0,0
21377523464352,45.817791,1786372835036526737,,0,0,0,0,0,0,0,0,0,0,0,0,0,0,0,0,0,0,0
21377543512160,45.837839,1786372835056532357,,0,0,0,0,0,0,0,0,0,0,0,0,0,0,0,0,0,0,0
21377563484736,45.857811,1786372835076528430,,0,0,0,0,0,0,0,0,0,0,0,0,0,0,0,0,0,0,0
21377583503776,45.87783,1786372835096526482,,0,0,0,0,0,0,0,0,0,0,0,0,0,0,0,0,0,0,0
21377603458688,45.897785,1786372835116506288,,0,0,0,0,0,0,0,0,0,0,0,0,0,0,0,0,0,0,0
21377623482080,45.917809,1786372835136510423,,0,0,0,0,0,0,0,0,0,0,0,0,0,0,0,0,0,0,0
21377643473376,45.9378,1786372835156503934,,0,0,0,0,0,0,0,0,0,0,0,0,0,0,0,0,0,0,0
21377663494368,45.957821,1786372835176526251,,0,0,0,0,0,0,0,0,0,0,0,0,0,0,0,0,0,0,0
21377683470496,45.977797,1786372835196531457,,0,0,0,0,0,0,0,0,0,0,0,0,0,0,0,0,0,0,0
21377703509504,45.997836,1786372835216528163,,0,0,0,0,0,0,0,0,0,0,0,0,0,0,0,0,0,0,0
21377723469312,46.017796,1786372835236539104,,0,0,0,0,0,0,0,0,0,0,0,0,0,0,0,0,0,0,0
21377743503392,46.03783,1786372835256507016,,0,0,0,0,0,0,0,0,0,0,0,0,0,0,0,0,0,0,0
21377763456736,46.057783,1786372835276512692,,0,0,0,0,0,0,0,0,0,0,0,0,0,0,0,0,0,0,0
21377783440736,46.077767,1786372835296508653,,0,0,0,0,0,0,0,0,0,0,0,0,0,0,0,0,0,0,0
21377803472352,46.097799,1786372835316511686,,0,0,0,0,0,0,0,0,0,0,0,0,0,0,0,0,0,0,0
21377823495616,46.117822,1786372835336532758,,0,0,0,0,0,0,0,0,0,0,0,0,0,0,0,0,0,0,0
21377843478688,46.137805,1786372835356526729,,0,0,0,0,0,0,0,0,0,0,0,0,0,0,0,0,0,0,0
21377863405600,46.157732,1786372835376523610,,0,0,0,0,0,0,0,0,0,0,0,0,0,0,0,0,0,0,0
21377883460704,46.177787,1786372835396506981,,0,0,0,0,0,0,0,0,0,0,0,0,0,0,0,0,0,0,0
21377903467776,46.197794,1786372835416511000,,0,0,0,0,0,0,0,0,0,0,0,0,0,0,0,0,0,0,0
21377923458368,46.217785,1786372835436504356,,0,0,0,0,0,0,0,0,0,0,0,0,0,0,0,0,0,0,0
21377943467584,46.237794,1786372835456510203,,0,0,0,0,0,0,0,0,0,0,0,0,0,0,0,0,0,0,0
21377963487712,46.257814,1786372835476531016,,0,0,0,0,0,0,0,0,0,0,0,0,0,0,0,0,0,0,0
21377983458880,46.277785,1786372835496527128,,0,0,0,0,0,0,0,0,0,0,0,0,0,0,0,0,0,0,0
21378003470848,46.297797,1786372835516523657,,0,0,0,0,0,0,0,0,0,0,0,0,0,0,0,0,0,0,0
21378023468736,46.317795,1786372835536505992,,0,0,0,0,0,0,0,0,0,0,0,0,0,0,0,0,0,0,0
21378043475616,46.337802,1786372835556511467,,0,0,0,0,0,0,0,0,0,0,0,0,0,0,0,0,0,0,0
21378063381984,46.357709,1786372835576504443,,0,0,0,0,0,0,0,0,0,0,0,0,0,0,0,0,0,0,0
21378083463232,46.37779,1786372835596513018,,0,0,0,0,0,0,0,0,0,0,0,0,0,0,0,0,0,0,0
21378103490720,46.397817,1786372835616532969,,0,0,0,0,0,0,0,0,0,0,0,0,0,0,0,0,0,0,0
21378123472704,46.417799,1786372835636528216,,0,0,0,0,0,0,0,0,0,0,0,0,0,0,0,0,0,0,0
21378143478496,46.437805,1786372835656524066,,0,0,0,0,0,0,0,0,0,0,0,0,0,0,0,0,0,0,0
21378163443872,46.45777,1786372835676506400,,0,0,0,0,0,0,0,0,0,0,0,0,0,0,0,0,0,0,0
21378183433408,46.47776,1786372835696511698,,0,0,0,0,0,0,0,0,0,0,0,0,0,0,0,0,0,0,0
21378203446624,46.497773,1786372835716504650,,0,0,0,0,0,0,0,0,0,0,0,0,0,0,0,0,0,0,0
21378223454784,46.517781,1786372835736511100,,0,0,0,0,0,0,0,0,0,0,0,0,0,0,0,0,0,0,0
21378243467104,46.537794,1786372835756532370,,0,0,0,0,0,0,0,0,0,0,0,0,0,0,0,0,0,0,0
21378263383744,46.55771,1786372835776527511,,0,0,0,0,0,0,0,0,0,0,0,0,0,0,0,0,0,0,0
21378283470848,46.577797,1786372835796523952,,0,0,0,0,0,0,0,0,0,0,0,0,0,0,0,0,0,0,0
21378303434624,46.597761,1786372835816507249,,0,0,0,0,0,0,0,0,0,0,0,0,0,0,0,0,0,0,0
21378323445088,46.617772,1786372835836511359,,0,0,0,0,0,0,0,0,0,0,0,0,0,0,0,0,0,0,0
21378343453600,46.63778,1786372835856504848,,0,0,0,0,0,0,0,0,0,0,0,0,0,0,0,0,0,0,0
21378363464640,46.657791,1786372835876510568,,0,0,0,0,0,0,0,0,0,0,0,0,0,0,0,0,0,0,0
21378383472480,46.677799,1786372835896530963,,0,0,0,0,0,0,0,0,0,0,0,0,0,0,0,0,0,0,0
21378403455808,46.697782,1786372835916527534,,0,0,0,0,0,0,0,0,0,0,0,0,0,0,0,0,0,0,0
21378423446688,46.717773,1786372835936525182,,0,0,0,0,0,0,0,0,0,0,0,0,0,0,0,0,0,0,0
21378443440672,46.737767,1786372835956507581,,0,0,0,0,0,0,0,0,0,0,0,0,0,0,0,0,0,0,0
21378463315456,46.757642,1786372835976512050,,0,0,0,0,0,0,0,0,0,0,0,0,0,0,0,0,0,0,0
21378483401984,46.777729,1786372835996504692,,0,0,0,0,0,0,0,0,0,0,0,0,0,0,0,0,0,0,0
21378503435168,46.797762,1786372836016512124,,0,0,0,0,0,0,0,0,0,0,0,0,0,0,0,0,0,0,0
21378523446080,46.817773,1786372836036532357,,0,0,0,0,0,0,0,0,0,0,0,0,0,0,0,0,0,0,0
21378543458912,46.837785,1786372836056528102,,0,0,0,0,0,0,0,0,0,0,0,0,0,0,0,0,0,0,0
21378563429536,46.857756,1786372836076524317,,0,0,0,0,0,0,0,0,0,0,0,0,0,0,0,0,0,0,0
21378583413888,46.87774,1786372836096509459,,0,0,0,0,0,0,0,0,0,0,0,0,0,0,0,0,0,0,0
21378603439328,46.897766,1786372836116511499,,0,0,0,0,0,0,0,0,0,0,0,0,0,0,0,0,0,0,0
21378623434688,46.917761,1786372836136504184,,0,0,0,0,0,0,0,0,0,0,0,0,0,0,0,0,0,0,0
21378643425824,46.937752,1786372836156511663,,0,0,0,0,0,0,0,0,0,0,0,0,0,0,0,0,0,0,0
21378663361984,46.957689,1786372836176531175,,0,0,0,0,0,0,0,0,0,0,0,0,0,0,0,0,0,0,0
21378683462272,46.977789,1786372836196527436,,0,0,0,0,0,0,0,0,0,0,0,0,0,0,0,0,0,0,0
21378703452384,46.997779,1786372836216523324,,0,0,0,0,0,0,0,0,0,0,0,0,0,0,0,0,0,0,0
21378723437920,47.017764,1786372836236507606,,0,0,0,0,0,0,0,0,0,0,0,0,0,0,0,0,0,0,0
21378743439744,47.037766,1786372836256512208,,0,0,0,0,0,0,0,0,0,0,0,0,0,0,0,0,0,0,0
21378763403104,47.05773,1786372836276505694,,0,0,0,0,0,0,0,0,0,0,0,0,0,0,0,0,0,0,0
21378783428544,47.077755,1786372836296511390,,0,0,0,0,0,0,0,0,0,0,0,0,0,0,0,0,0,0,0
21378803452768,47.097779,1786372836316530865,,0,0,0,0,0,0,0,0,0,0,0,0,0,0,0,0,0,0,0
21378823439200,47.117766,1786372836336527807,,0,0,0,0,0,0,0,0,0,0,0,0,0,0,0,0,0,0,0
21378843452480,47.137779,1786372836356523661,,0,0,0,0,0,0,0,0,0,0,0,0,0,0,0,0,0,0,0
21378863445984,47.157773,1786372836376510386,,0,0,0,0,0,0,0,0,0,0,0,0,0,0,0,0,0,0,0
21378883434752,47.177761,1786372836396511322,,0,0,0,0,0,0,0,0,0,0,0,0,0,0,0,0,0,0,0
21378903428448,47.197755,1786372836416504827,,0,0,0,0,0,0,0,0,0,0,0,0,0,0,0,0,0,0,0
21378923403168,47.21773,1786372836436511021,,0,0,0,0,0,0,0,0,0,0,0,0,0,0,0,0,0,0,0
21378943450208,47.237777,1786372836456530859,,0,0,0,0,0,0,0,0,0,0,0,0,0,0,0,0,0,0,0
21378963406080,47.257733,1786372836476527297,,0,0,0,0,0,0,0,0,0,0,0,0,0,0,0,0,0,0,0
21378983442848,47.277769,1786372836496524418,,0,0,0,0,0,0,0,0,0,0,0,0,0,0,0,0,0,0,0
21379003410688,47.297737,1786372836516506964,,0,0,0,0,0,0,0,0,0,0,0,0,0,0,0,0,0,0,0
21379023414048,47.317741,1786372836536511057,,0,0,0,0,0,0,0,0,0,0,0,0,0,0,0,0,0,0,0
21379043403968,47.337731,1786372836556503742,,0,0,0,0,0,0,0,0,0,0,0,0,0,0,0,0,0,0,0
21379063294144,47.357621,1786372836576510824,,0,0,0,0,0,0,0,0,0,0,0,0,0,0,0,0,0,0,0
21379083436864,47.377763,1786372836596532744,,0,0,0,0,0,0,0,0,0,0,0,0,0,0,0,0,0,0,0
21379103422080,47.397749,1786372836616529832,,0,0,0,0,0,0,0,0,0,0,0,0,0,0,0,0,0,0,0
21379123417376,47.417744,1786372836636524579,,0,0,0,0,0,0,0,0,0,0,0,0,0,0,0,0,0,0,0
21379143408288,47.437735,1786372836656506366,,0,0,0,0,0,0,0,0,0,0,0,0,0,0,0,0,0,0,0
21379163380128,47.457707,1786372836676510744,,0,0,0,0,0,0,0,0,0,0,0,0,0,0,0,0,0,0,0
21379183400576,47.477727,1786372836696504118,,0,0,0,0,0,0,0,0,0,0,0,0,0,0,0,0,0,0,0
21379203394848,47.497721,1786372836716512067,,0,0,0,0,0,0,0,0,0,0,0,0,0,0,0,0,0,0,0
21379223418080,47.517745,1786372836736532449,,0,0,0,0,0,0,0,0,0,0,0,0,0,0,0,0,0,0,0
21379243436896,47.537763,1786372836756527205,,0,0,0,0,0,0,0,0,0,0,0,0,0,0,0,0,0,0,0
21379263354656,47.557681,1786372836776524342,,0,0,0,0,0,0,0,0,0,0,0,0,0,0,0,0,0,0,0
21379283382208,47.577709,1786372836796507460,,0,0,0,0,0,0,0,0,0,0,0,0,0,0,0,0,0,0,0
21379303400928,47.597727,1786372836816511409,,0,0,0,0,0,0,0,0,0,0,0,0,0,0,0,0,0,0,0
21379323389600,47.617716,1786372836836504673,,0,0,0,0,0,0,0,0,0,0,0,0,0,0,0,0,0,0,0
21379343433376,47.63776,1786372836856511590,,0,0,0,0,0,0,0,0,0,0,0,0,0,0,0,0,0,0,0
21379363437088,47.657764,1786372836876531269,,0,0,0,0,0,0,0,0,0,0,0,0,0,0,0,0,0,0,0
21379383433024,47.67776,1786372836896527446,,0,0,0,0,0,0,0,0,0,0,0,0,0,0,0,0,0,0,0
21379403426688,47.697753,1786372836916524372,,0,0,0,0,0,0,0,0,0,0,0,0,0,0,0,0,0,0,0
21379423402368,47.717729,1786372836936506996,,0,0,0,0,0,0,0,0,0,0,0,0,0,0,0,0,0,0,0
21379443380864,47.737707,1786372836956511632,,0,0,0,0,0,0,0,0,0,0,0,0,0,0,0,0,0,0,0
21379463322528,47.757649,1786372836976504706,,0,0,0,0,0,0,0,0,0,0,0,0,0,0,0,0,0,0,0
21379483392288,47.777719,1786372836996511314,,0,0,0,0,0,0,0,0,0,0,0,0,0,0,0,0,0,0,0
21379503435648,47.797762,1786372837016532146,,0,0,0,0,0,0,0,0,0,0,0,0,0,0,0,0,0,0,0
21379523398720,47.817725,1786372837036527592,,0,0,0,0,0,0,0,0,0,0,0,0,0,0,0,0,0,0,0
21379543398752,47.837725,1786372837056524840,,0,0,0,0,0,0,0,0,0,0,0,0,0,0,0,0,0,0,0
21379563371904,47.857698,1786372837076507038,,0,0,0,0,0,0,0,0,0,0,0,0,0,0,0,0,0,0,0
21379583403200,47.87773,1786372837096514751,,0,0,0,0,0,0,0,0,0,0,0,0,0,0,0,0,0,0,0
21379603383296,47.89771,1786372837116504899,,0,0,0,0,0,0,0,0,0,0,0,0,0,0,0,0,0,0,0
21379623367552,47.917694,1786372837136510575,,0,0,0,0,0,0,0,0,0,0,0,0,0,0,0,0,0,0,0
21379643393120,47.93772,1786372837156531610,,0,0,0,0,0,0,0,0,0,0,0,0,0,0,0,0,0,0,0
21379663586400,47.957913,1786372837176527549,,0,0,0,0,0,0,0,0,0,0,0,0,0,0,0,0,0,0,0
21379683401024,47.977728,1786372837196523642,,0,0,0,0,0,0,0,0,0,0,0,0,0,0,0,0,0,0,0
21379703389952,47.997717,1786372837216506848,,0,0,0,0,0,0,0,0,0,0,0,0,0,0,0,0,0,0,0
21379723380704,48.017707,1786372837236511555,,0,0,0,0,0,0,0,0,0,0,0,0,0,0,0,0,0,0,0
21379743382496,48.037709,1786372837256505783,,0,0,0,0,0,0,0,0,0,0,0,0,0,0,0,0,0,0,0
21379763384032,48.057711,1786372837276510214,,0,0,0,0,0,0,0,0,0,0,0,0,0,0,0,0,0,0,0
21379783393728,48.07772,1786372837296532128,,0,0,0,0,0,0,0,0,0,0,0,0,0,0,0,0,0,0,0
21379803420256,48.097747,1786372837316527057,,0,0,0,0,0,0,0,0,0,0,0,0,0,0,0,0,0,0,0
21379823381184,48.117708,1786372837336525495,,0,0,0,0,0,0,0,0,0,0,0,0,0,0,0,0,0,0,0
21379843389344,48.137716,1786372837356507228,,0,0,0,0,0,0,0,0,0,0,0,0,0,0,0,0,0,0,0
21379863391264,48.157718,1786372837376511344,,0,0,0,0,0,0,0,0,0,0,0,0,0,0,0,0,0,0,0
21379883378080,48.177705,1786372837396504241,,0,0,0,0,0,0,0,0,0,0,0,0,0,0,0,0,0,0,0
21379903376864,48.197703,1786372837416510523,,0,0,0,0,0,0,0,0,0,0,0,0,0,0,0,0,0,0,0
21379923403552,48.21773,1786372837436531284,,0,0,0,0,0,0,0,0,0,0,0,0,0,0,0,0,0,0,0
21379943417088,48.237744,1786372837456528450,,0,0,0,0,0,0,0,0,0,0,0,0,0,0,0,0,0,0,0
21379963393664,48.25772,1786372837476523091,,0,0,0,0,0,0,0,0,0,0,0,0,0,0,0,0,0,0,0
21379983379616,48.277706,1786372837496506385,,0,0,0,0,0,0,0,0,0,0,0,0,0,0,0,0,0,0,0
21380003378464,48.297705,1786372837516510382,,0,0,0,0,0,0,0,0,0,0,0,0,0,0,0,0,0,0,0
21380023362112,48.317689,1786372837536505215,,0,0,0,0,0,0,0,0,0,0,0,0,0,0,0,0,0,0,0
21380043397792,48.337724,1786372837556509813,,0,0,0,0,0,0,0,0,0,0,0,0,0,0,0,0,0,0,0
21380063348608,48.357675,1786372837576531944,,0,0,0,0,0,0,0,0,0,0,0,0,0,0,0,0,0,0,0
21380083375616,48.377702,1786372837596529885,,0,0,0,0,0,0,0,0,0,0,0,0,0,0,0,0,0,0,0
21380103382976,48.39771,1786372837616524762,,0,0,0,0,0,0,0,0,0,0,0,0,0,0,0,0,0,0,0
21380123377888,48.417704,1786372837636506633,,0,0,0,0,0,0,0,0,0,0,0,0,0,0,0,0,0,0,0
21380143407840,48.437734,1786372837656511298,,0,0,0,0,0,0,0,0,0,0,0,0,0,0,0,0,0,0,0
21380163383840,48.45771,1786372837676504689,,0,0,0,0,0,0,0,0,0,0,0,0,0,0,0,0,0,0,0
21380183362688,48.477689,1786372837696510682,,0,0,0,0,0,0,0,0,0,0,0,0,0,0,0,0,0,0,0
21380203414176,48.497741,1786372837716531991,,0,0,0,0,0,0,0,0,0,0,0,0,0,0,0,0,0,0,0
21380223373856,48.5177,1786372837736526820,,0,0,0,0,0,0,0,0,0,0,0,0,0,0,0,0,0,0,0
21380243397376,48.537724,1786372837756524474,,0,0,0,0,0,0,0,0,0,0,0,0,0,0,0,0,0,0,0
21380263535936,48.557862,1786372837776507603,,0,0,0,0,0,0,0,0,0,0,0,0,0,0,0,0,0,0,0
21380283366880,48.577693,1786372837796511382,,0,0,0,0,0,0,0,0,0,0,0,0,0,0,0,0,0,0,0
21380303387264,48.597714,1786372837816505996,,0,0,0,0,0,0,0,0,0,0,0,0,0,0,0,0,0,0,0
21380323387040,48.617714,1786372837836510959,,0,0,0,0,0,0,0,0,0,0,0,0,0,0,0,0,0,0,0
21380343401024,48.637728,1786372837856532404,,0,0,0,0,0,0,0,0,0,0,0,0,0,0,0,0,0,0,0
21380363377504,48.657704,1786372837876526314,,0,0,0,0,0,0,0,0,0,0,0,0,0,0,0,0,0,0,0
21380383366816,48.677693,1786372837896524622,,0,0,0,0,0,0,0,0,0,0,0,0,0,0,0,0,0,0,0
21380403392832,48.697719,1786372837916506869,,0,0,0,0,0,0,0,0,0,0,0,0,0,0,0,0,0,0,0
21380423369664,48.717696,1786372837936511469,,0,0,0,0,0,0,0,0,0,0,0,0,0,0,0,0,0,0,0
21380443373216,48.7377,1786372837956505341,,0,0,0,0,0,0,0,0,0,0,0,0,0,0,0,0,0,0,0
21380463245472,48.757572,1786372837976511812,,0,0,0,0,0,0,0,0,0,0,0,0,0,0,0,0,0,0,0
21380483373664,48.7777,1786372837996532559,,0,0,0,0,0,0,0,0,0,0,0,0,0,0,0,0,0,0,0
21380503395968,48.797723,1786372838016527442,,0,0,0,0,0,0,0,0,0,0,0,0,0,0,0,0,0,0,0
21380523345344,48.817672,1786372838036523010,,0,0,0,0,0,0,0,0,0,0,0,0,0,0,0,0,0,0,0
21380543375968,48.837703,1786372838056507715,,0,0,0,0,0,0,0,0,0,0,0,0,0,0,0,0,0,0,0
21380563358080,48.857685,1786372838076511315,,0,0,0,0,0,0,0,0,0,0,0,0,0,0,0,0,0,0,0
21380583339616,48.877666,1786372838096507224,,0,0,0,0,0,0,0,0,0,0,0,0,0,0,0,0,0,0,0
21380603376384,48.897703,1786372838116511529,,0,0,0,0,0,0,0,0,0,0,0,0,0,0,0,0,0,0,0
21380623396032,48.917723,1786372838136533443,,0,0,0,0,0,0,0,0,0,0,0,0,0,0,0,0,0,0,0
21380643383808,48.93771,1786372838156527425,,0,0,0,0,0,0,0,0,0,0,0,0,0,0,0,0,0,0,0
21380663239648,48.957566,1786372838176525062,,0,0,0,0,0,0,0,0,0,0,0,0,0,0,0,0,0,0,0
21380683350880,48.977677,1786372838196507099,,0,0,0,0,0,0,0,0,0,0,0,0,0,0,0,0,0,0,0
21380703398144,48.997725,1786372838216510762,,0,0,0,0,0,0,0,0,0,0,0,0,0,0,0,0,0,0,0
21380723336512,49.017663,1786372838236505380,,0,0,0,0,0,0,0,0,0,0,0,0,0,0,0,0,0,0,0
21380743393920,49.03772,1786372838256510803,,0,0,0,0,0,0,0,0,0,0,0,0,0,0,0,0,0,0,0
21380763360128,49.057687,1786372838276532233,,0,0,0,0,0,0,0,0,0,0,0,0,0,0,0,0,0,0,0
21380783350144,49.077677,1786372838296527551,,0,0,0,0,0,0,0,0,0,0,0,0,0,0,0,0,0,0,0
21380803334080,49.097661,1786372838316524066,,0,0,0,0,0,0,0,0,0,0,0,0,0,0,0,0,0,0,0
21380823340000,49.117667,1786372838336507533,,0,0,0,0,0,0,0,0,0,0,0,0,0,0,0,0,0,0,0
21380843355712,49.137682,1786372838356510925,,0,0,0,0,0,0,0,0,0,0,0,0,0,0,0,0,0,0,0
21380863290400,49.157617,1786372838376504129,,0,0,0,0,0,0,0,0,0,0,0,0,0,0,0,0,0,0,0
21380883407680,49.177734,1786372838396510544,,0,0,0,0,0,0,0,0,0,0,0,0,0,0,0,0,0,0,0
21380903352352,49.197679,1786372838416530464,,0,0,0,0,0,0,0,0,0,0,0,0,0,0,0,0,0,0,0
21380923379328,49.217706,1786372838436527908,,0,0,0,0,0,0,0,0,0,0,0,0,0,0,0,0,0,0,0
21380943353920,49.23768,1786372838456524004,,0,0,0,0,0,0,0,0,0,0,0,0,0,0,0,0,0,0,0
21380963344032,49.257671,1786372838476506862,,0,0,0,0,0,0,0,0,0,0,0,0,0,0,0,0,0,0,0
21380983352096,49.277679,1786372838496511433,,0,0,0,0,0,0,0,0,0,0,0,0,0,0,0,0,0,0,0
21381003324832,49.297651,1786372838516504526,,0,0,0,0,0,0,0,0,0,0,0,0,0,0,0,0,0,0,0
21381023415296,49.317742,1786372838536510649,,0,0,0,0,0,0,0,0,0,0,0,0,0,0,0,0,0,0,0
21381043399488,49.337726,1786372838556530869,,0,0,0,0,0,0,0,0,0,0,0,0,0,0,0,0,0,0,0
21381063254752,49.357581,1786372838576526809,,0,0,0,0,0,0,0,0,0,0,0,0,0,0,0,0,0,0,0
21381083318048,49.377645,1786372838596525221,,0,0,0,0,0,0,0,0,0,0,0,0,0,0,0,0,0,0,0
21381103371392,49.397698,1786372838616506745,,0,0,0,0,0,0,0,0,0,0,0,0,0,0,0,0,0,0,0
21381123343296,49.41767,1786372838636510193,,0,0,0,0,0,0,0,0,0,0,0,0,0,0,0,0,0,0,0
21381143321696,49.437648,1786372838656503785,,0,0,0,0,0,0,0,0,0,0,0,0,0,0,0,0,0,0,0
21381163295840,49.457622,1786372838676509906,,0,0,0,0,0,0,0,0,0,0,0,0,0,0,0,0,0,0,0
21381183311008,49.477638,1786372838696531369,,0,0,0,0,0,0,0,0,0,0,0,0,0,0,0,0,0,0,0
21381203320992,49.497648,1786372838716527444,,0,0,0,0,0,0,0,0,0,0,0,0,0,0,0,0,0,0,0
21381223337824,49.517664,1786372838736522870,,0,0,0,0,0,0,0,0,0,0,0,0,0,0,0,0,0,0,0
21381243316192,49.537643,1786372838756507217,,0,0,0,0,0,0,0,0,0,0,0,0,0,0,0,0,0,0,0
21381263308128,49.557635,1786372838776511033,,0,0,0,0,0,0,0,0,0,0,0,0,0,0,0,0,0,0,0
21381283306176,49.577633,1786372838796504718,,0,0,0,0,0,0,0,0,0,0,0,0,0,0,0,0,0,0,0
21381303353920,49.59768,1786372838816511335,,0,0,0,0,0,0,0,0,0,0,0,0,0,0,0,0,0,0,0
21381323334400,49.617661,1786372838836532721,,0,0,0,0,0,0,0,0,0,0,0,0,0,0,0,0,0,0,0
21381343338496,49.637665,1786372838856528661,,0,0,0,0,0,0,0,0,0,0,0,0,0,0,0,0,0,0,0
21381363309952,49.657637,1786372838876523425,,0,0,0,0,0,0,0,0,0,0,0,0,0,0,0,0,0,0,0
21381383303872,49.67763,1786372838896507329,,0,0,0,0,0,0,0,0,0,0,0,0,0,0,0,0,0,0,0
21381403317920,49.697644,1786372838916511426,,0,0,0,0,0,0,0,0,0,0,0,0,0,0,0,0,0,0,0
21381423323520,49.71765,1786372838936504054,,0,0,0,0,0,0,0,0,0,0,0,0,0,0,0,0,0,0,0
21381443343392,49.73767,1786372838956525132,,0,0,0,0,0,0,0,0,0,0,0,0,0,0,0,0,0,0,0
21381463212192,49.757539,1786372838976530429,,0,0,0,0,0,0,0,0,0,0,0,0,0,0,0,0,0,0,0
21381483312864,49.777639,1786372838996526980,,0,0,0,0,0,0,0,0,0,0,0,0,0,0,0,0,0,0,0
21381503369248,49.797696,1786372839016523763,,0,0,0,0,0,0,0,0,0,0,0,0,0,0,0,0,0,0,0
21381523299936,49.817626,1786372839036506242,,0,0,0,0,0,0,0,0,0,0,0,0,0,0,0,0,0,0,0
21381543317440,49.837644,1786372839056511352,,0,0,0,0,0,0,0,0,0,0,0,0,0,0,0,0,0,0,0
21381563310432,49.857637,1786372839076504996,,0,0,0,0,0,0,0,0,0,0,0,0,0,0,0,0,0,0,0
21381583319040,49.877646,1786372839096513994,,0,0,0,0,0,0,0,0,0,0,0,0,0,0,0,0,0,0,0
21381603357632,49.897684,1786372839116531741,,0,0,0,0,0,0,0,0,0,0,0,0,0,0,0,0,0,0,0
21381623326624,49.917653,1786372839136526281,,0,0,0,0,0,0,0,0,0,0,0,0,0,0,0,0,0,0,0
21381643349056,49.937676,1786372839156523225,,0,0,0,0,0,0,0,0,0,0,0,0,0,0,0,0,0,0,0
21381663226080,49.957553,1786372839176507122,,0,0,0,0,0,0,0,0,0,0,0,0,0,0,0,0,0,0,0
21381683304096,49.977631,1786372839196512570,,0,0,0,0,0,0,0,0,0,0,0,0,0,0,0,0,0,0,0
21381703296128,49.997623,1786372839216504796,,0,0,0,0,0,0,0,0,0,0,0,0,0,0,0,0,0,0,0
21381723312896,50.017639,1786372839236511617,,0,0,0,0,0,0,0,0,0,0,0,0,0,0,0,0,0,0,0
21381743328928,50.037655,1786372839256530860,,0,0,0,0,0,0,0,0,0,0,0,0,0,0,0,0,0,0,0
21381763317216,50.057644,1786372839276527053,,0,0,0,0,0,0,0,0,0,0,0,0,0,0,0,0,0,0,0
21381783316000,50.077643,1786372839296524067,,0,0,0,0,0,0,0,0,0,0,0,0,0,0,0,0,0,0,0
21381803326336,50.097653,1786372839316507675,,0,0,0,0,0,0,0,0,0,0,0,0,0,0,0,0,0,0,0
21381823322400,50.117649,1786372839336511221,,0,0,0,0,0,0,0,0,0,0,0,0,0,0,0,0,0,0,0
21381843310688,50.137637,1786372839356504973,,0,0,0,0,0,0,0,0,0,0,0,0,0,0,0,0,0,0,0
21381863310688,50.157637,1786372839376510742,,0,0,0,0,0,0,0,0,0,0,0,0,0,0,0,0,0,0,0
21381883310912,50.177637,1786372839396532726,,0,0,0,0,0,0,0,0,0,0,0,0,0,0,0,0,0,0,0
21381903321664,50.197648,1786372839416527274,,0,0,0,0,0,0,0,0,0,0,0,0,0,0,0,0,0,0,0
21381923317280,50.217644,1786372839436523018,,0,0,0,0,0,0,0,0,0,0,0,0,0,0,0,0,0,0,0
21381943304096,50.237631,1786372839456506841,,0,0,0,0,0,0,0,0,0,0,0,0,0,0,0,0,0,0,0
21381963291808,50.257618,1786372839476511118,,0,0,0,0,0,0,0,0,0,0,0,0,0,0,0,0,0,0,0
21381983277376,50.277604,1786372839496505084,,0,0,0,0,0,0,0,0,0,0,0,0,0,0,0,0,0,0,0
21382003326496,50.297653,1786372839516511569,,0,0,0,0,0,0,0,0,0,0,0,0,0,0,0,0,0,0,0
21382023305248,50.317632,1786372839536530977,,0,0,0,0,0,0,0,0,0,0,0,0,0,0,0,0,0,0,0
21382043310976,50.337638,1786372839556527339,,0,0,0,0,0,0,0,0,0,0,0,0,0,0,0,0,0,0,0
21382063247712,50.357574,1786372839576523772,,0,0,0,0,0,0,0,0,0,0,0,0,0,0,0,0,0,0,0
21382083281152,50.377608,1786372839596508713,,0,0,0,0,0,0,0,0,0,0,0,0,0,0,0,0,0,0,0
21382103299552,50.397626,1786372839616513445,,0,0,0,0,0,0,0,0,0,0,0,0,0,0,0,0,0,0,0
21382123312224,50.417639,1786372839636504455,,0,0,0,0,0,0,0,0,0,0,0,0,0,0,0,0,0,0,0
21382143274848,50.437601,1786372839656511115,,0,0,0,0,0,0,0,0,0,0,0,0,0,0,0,0,0,0,0
21382163291232,50.457618,1786372839676531346,,0,0,0,0,0,0,0,0,0,0,0,0,0,0,0,0,0,0,0
21382183287168,50.477614,1786372839696526998,,0,0,0,0,0,0,0,0,0,0,0,0,0,0,0,0,0,0,0
21382203314464,50.497641,1786372839716523337,,0,0,0,0,0,0,0,0,0,0,0,0,0,0,0,0,0,0,0
21382223359936,50.517686,1786372839736506856,,0,0,0,0,0,0,0,0,0,0,0,0,0,0,0,0,0,0,0
21382243259200,50.537586,1786372839756510429,,0,0,0,0,0,0,0,0,0,0,0,0,0,0,0,0,0,0,0
21382263143872,50.55747,1786372839776504602,,0,0,0,0,0,0,0,0,0,0,0,0,0,0,0,0,0,0,0
21382283284192,50.577611,1786372839796510121,,0,0,0,0,0,0,0,0,0,0,0,0,0,0,0,0,0,0,0
21382303303072,50.59763,1786372839816530406,,0,0,0,0,0,0,0,0,0,0,0,0,0,0,0,0,0,0,0
21382323336384,50.617663,1786372839836528555,,0,0,0,0,0,0,0,0,0,0,0,0,0,0,0,0,0,0,0
21382343286784,50.637613,1786372839856523110,,0,0,0,0,0,0,0,0,0,0,0,0,0,0,0,0,0,0,0
21382363267424,50.657594,1786372839876505849,,0,0,0,0,0,0,0,0,0,0,0,0,0,0,0,0,0,0,0
21382383263904,50.67759,1786372839896510761,,0,0,0,0,0,0,0,0,0,0,0,0,0,0,0,0,0,0,0
21382403279776,50.697606,1786372839916504526,,0,0,0,0,0,0,0,0,0,0,0,0,0,0,0,0,0,0,0
21382423272320,50.717599,1786372839936510188,,0,0,0,0,0,0,0,0,0,0,0,0,0,0,0,0,0,0,0
21382443330656,50.737657,1786372839956531259,,0,0,0,0,0,0,0,0,0,0,0,0,0,0,0,0,0,0,0
21382463180128,50.757507,1786372839976527059,,0,0,0,0,0,0,0,0,0,0,0,0,0,0,0,0,0,0,0
21382483288416,50.777615,1786372839996523267,,0,0,0,0,0,0,0,0,0,0,0,0,0,0,0,0,0,0,0
21382503231328,50.797558,1786372840016505768,,0,0,0,0,0,0,0,0,0,0,0,0,0,0,0,0,0,0,0
21382523243776,50.81757,1786372840036511626,,0,0,0,0,0,0,0,0,0,0,0,0,0,0,0,0,0,0,0
21382543230464,50.837557,1786372840056504787,,0,0,0,0,0,0,0,0,0,0,0,0,0,0,0,0,0,0,0
21382563265984,50.857593,1786372840076510986,,0,0,0,0,0,0,0,0,0,0,0,0,0,0,0,0,0,0,0
21382583285952,50.877613,1786372840096535129,,0,0,0,0,0,0,0,0,0,0,0,0,0,0,0,0,0,0,0
21382603270560,50.897597,1786372840116528041,,0,0,0,0,0,0,0,0,0,0,0,0,0,0,0,0,0,0,0
21382623247424,50.917574,1786372840136524225,,0,0,0,0,0,0,0,0,0,0,0,0,0,0,0,0,0,0,0
21382643231552,50.937558,1786372840156506896,,0,0,0,0,0,0,0,0,0,0,0,0,0,0,0,0,0,0,0
21382663133184,50.95746,1786372840176512032,,0,0,0,0,0,0,0,0,0,0,0,0,0,0,0,0,0,0,0
21382683253312,50.97758,1786372840196504389,,0,0,0,0,0,0,0,0,0,0,0,0,0,0,0,0,0,0,0
21382703149120,50.997476,1786372840216510958,,0,0,0,0,0,0,0,0,0,0,0,0,0,0,0,0,0,0,0
21382723257216,51.017584,1786372840236531452,,0,0,0,0,0,0,0,0,0,0,0,0,0,0,0,0,0,0,0
21382743247744,51.037574,1786372840256527843,,0,0,0,0,0,0,0,0,0,0,0,0,0,0,0,0,0,0,0
21382763222272,51.057549,1786372840276523404,,0,0,0,0,0,0,0,0,0,0,0,0,0,0,0,0,0,0,0
21382783241632,51.077568,1786372840296507440,,0,0,0,0,0,0,0,0,0,0,0,0,0,0,0,0,0,0,0
21382803277216,51.097604,1786372840316511275,,0,0,0,0,0,0,0,0,0,0,0,0,0,0,0,0,0,0,0
21382823238336,51.117565,1786372840336505520,,0,0,0,0,0,0,0,0,0,0,0,0,0,0,0,0,0,0,0
21382843220032,51.137547,1786372840356510967,,0,0,0,0,0,0,0,0,0,0,0,0,0,0,0,0,0,0,0
21382863122656,51.157449,1786372840376532099,,0,0,0,0,0,0,0,0,0,0,0,0,0,0,0,0,0,0,0
21382883274720,51.177601,1786372840396527253,,0,0,0,0,0,0,0,0,0,0,0,0,0,0,0,0,0,0,0
21382903249152,51.197576,1786372840416522995,,0,0,0,0,0,0,0,0,0,0,0,0,0,0,0,0,0,0,0
21382923232736,51.217559,1786372840436507446,,0,0,0,0,0,0,0,0,0,0,0,0,0,0,0,0,0,0,0
21382943221216,51.237548,1786372840456510997,,0,0,0,0,0,0,0,0,0,0,0,0,0,0,0,0,0,0,0
21382963199008,51.257526,1786372840476504728,,0,0,0,0,0,0,0,0,0,0,0,0,0,0,0,0,0,0,0
21382983224512,51.277551,1786372840496512065,,0,0,0,0,0,0,0,0,0,0,0,0,0,0,0,0,0,0,0
21383003268864,51.297595,1786372840516531865,,0,0,0,0,0,0,0,0,0,0,0,0,0,0,0,0,0,0,0
21383023241408,51.317568,1786372840536527993,,0,0,0,0,0,0,0,0,0,0,0,0,0,0,0,0,0,0,0
21383043239552,51.337566,1786372840556522586,,0,0,0,0,0,0,0,0,0,0,0,0,0,0,0,0,0,0,0
21383063113888,51.35744,1786372840576506548,,0,0,0,0,0,0,0,0,0,0,0,0,0,0,0,0,0,0,0
21383083231904,51.377558,1786372840596516682,,0,0,0,0,0,0,0,0,0,0,0,0,0,0,0,0,0,0,0
21383103217088,51.397544,1786372840616510841,,0,0,0,0,0,0,0,0,0,0,0,0,0,0,0,0,0,0,0
21383123245792,51.417572,1786372840636517907,,0,0,0,0,0,0,0,0,0,0,0,0,0,0,0,0,0,0,0
21383143312992,51.43764,1786372840656539875,,0,0,0,0,0,0,0,0,0,0,0,0,0,0,0,0,0,0,0
21383163268128,51.457595,1786372840676541739,,0,0,0,0,0,0,0,0,0,0,0,0,0,0,0,0,0,0,0
21383183261344,51.477588,1786372840696530939,,0,0,0,0,0,0,0,0,0,0,0,0,0,0,0,0,0,0,0
21383203250592,51.497577,1786372840716507394,,0,0,0,0,0,0,0,0,0,0,0,0,0,0,0,0,0,0,0
21383223214432,51.517541,1786372840736511498,,0,0,0,0,0,0,0,0,0,0,0,0,0,0,0,0,0,0,0
21383243248288,51.537575,1786372840756505078,,0,0,0,0,0,0,0,0,0,0,0,0,0,0,0,0,0,0,0
21383263119776,51.557446,1786372840776511159,,0,0,0,0,0,0,0,0,0,0,0,0,0,0,0,0,0,0,0
21383283259040,51.577586,1786372840796531235,,0,0,0,0,0,0,0,0,0,0,0,0,0,0,0,0,0,0,0
21383303290112,51.597617,1786372840816527539,,0,0,0,0,0,0,0,0,0,0,0,0,0,0,0,0,0,0,0
21383323263200,51.61759,1786372840836524270,,0,0,0,0,0,0,0,0,0,0,0,0,0,0,0,0,0,0,0
21383343222592,51.637549,1786372840856506817,,0,0,0,0,0,0,0,0,0,0,0,0,0,0,0,0,0,0,0
21383363245376,51.657572,1786372840876511446,,0,0,0,0,0,0,0,0,0,0,0,0,0,0,0,0,0,0,0
21383383237152,51.677564,1786372840896504063,,0,0,0,0,0,0,0,0,0,0,0,0,0,0,0,0,0,0,0
21383403253600,51.69758,1786372840916511778,,0,0,0,0,0,0,0,0,0,0,0,0,0,0,0,0,0,0,0
21383423242272,51.717569,1786372840936532435,,0,0,0,0,0,0,0,0,0,0,0,0,0,0,0,0,0,0,0
21383443234208,51.737561,1786372840956526802,,0,0,0,0,0,0,0,0,0,0,0,0,0,0,0,0,0,0,0
21383463116736,51.757443,1786372840976523802,,0,0,0,0,0,0,0,0,0,0,0,0,0,0,0,0,0,0,0
21383483199904,51.777526,1786372840996506676,,0,0,0,0,0,0,0,0,0,0,0,0,0,0,0,0,0,0,0
21383503252288,51.797579,1786372841016511180,,0,0,0,0,0,0,0,0,0,0,0,0,0,0,0,0,0,0,0
21383523228160,51.817555,1786372841036504014,,0,0,0,0,0,0,0,0,0,0,0,0,0,0,0,0,0,0,0
21383543280992,51.837608,1786372841056510705,,0,0,0,0,0,0,0,0,0,0,0,0,0,0,0,0,0,0,0
21383563283232,51.85761,1786372841076532142,,0,0,0,0,0,0,0,0,0,0,0,0,0,0,0,0,0,0,0
21383583242816,51.877569,1786372841096530886,,0,0,0,0,0,0,0,0,0,0,0,0,0,0,0,0,0,0,0
21383603259680,51.897586,1786372841116522977,,0,0,0,0,0,0,0,0,0,0,0,0,0,0,0,0,0,0,0
21383623244672,51.917571,1786372841136507458,,0,0,0,0,0,0,0,0,0,0,0,0,0,0,0,0,0,0,0
21383643225888,51.937552,1786372841156510737,,0,0,0,0,0,0,0,0,0,0,0,0,0,0,0,0,0,0,0
21383663090784,51.957417,1786372841176504439,,0,0,0,0,0,0,0,0,0,0,0,0,0,0,0,0,0,0,0
21383683210144,51.977537,1786372841196511449,,0,0,0,0,0,0,0,0,0,0,0,0,0,0,0,0,0,0,0
21383703243008,51.99757,1786372841216531847,,0,0,0,0,0,0,0,0,0,0,0,0,0,0,0,0,0,0,0
21383723260032,52.017587,1786372841236527167,,0,0,0,0,0,0,0,0,0,0,0,0,0,0,0,0,0,0,0
21383743206016,52.037533,1786372841256523642,,0,0,0,0,0,0,0,0,0,0,0,0,0,0,0,0,0,0,0
21383763191904,52.057518,1786372841276506688,,0,0,0,0,0,0,0,0,0,0,0,0,0,0,0,0,0,0,0
21383783206880,52.077533,1786372841296512135,,0,0,0,0,0,0,0,0,0,0,0,0,0,0,0,0,0,0,0
21383803221920,52.097548,1786372841316504936,,0,0,0,0,0,0,0,0,0,0,0,0,0,0,0,0,0,0,0
21383823207840,52.117534,1786372841336511200,,0,0,0,0,0,0,0,0,0,0,0,0,0,0,0,0,0,0,0
21383843207616,52.137534,1786372841356532490,,0,0,0,0,0,0,0,0,0,0,0,0,0,0,0,0,0,0,0
21383863133152,52.15746,1786372841376526606,,0,0,0,0,0,0,0,0,0,0,0,0,0,0,0,0,0,0,0
21383883256384,52.177583,1786372841396524420,,0,0,0,0,0,0,0,0,0,0,0,0,0,0,0,0,0,0,0
21383903224512,52.197551,1786372841416507345,,0,0,0,0,0,0,0,0,0,0,0,0,0,0,0,0,0,0,0
21383923193504,52.21752,1786372841436512512,,0,0,0,0,0,0,0,0,0,0,0,0,0,0,0,0,0,0,0
21383943183168,52.23751,1786372841456504550,,0,0,0,0,0,0,0,0,0,0,0,0,0,0,0,0,0,0,0
21383963202240,52.257529,1786372841476510727,,0,0,0,0,0,0,0,0,0,0,0,0,0,0,0,0,0,0,0
21383983224672,52.277551,1786372841496531408,,0,0,0,0,0,0,0,0,0,0,0,0,0,0,0,0,0,0,0
21384003205376,52.297532,1786372841516527403,,0,0,0,0,0,0,0,0,0,0,0,0,0,0,0,0,0,0,0
21384023213696,52.31754,1786372841536523013,,0,0,0,0,0,0,0,0,0,0,0,0,0,0,0,0,0,0,0
21384043196512,52.337523,1786372841556507898,,0,0,0,0,0,0,0,0,0,0,0,0,0,0,0,0,0,0,0
21384063126592,52.357453,1786372841576511240,,0,0,0,0,0,0,0,0,0,0,0,0,0,0,0,0,0,0,0
21384083185920,52.377512,1786372841596507059,,0,0,0,0,0,0,0,0,0,0,0,0,0,0,0,0,0,0,0
21384103221856,52.397548,1786372841616510283,,0,0,0,0,0,0,0,0,0,0,0,0,0,0,0,0,0,0,0
21384123208288,52.417535,1786372841636531385,,0,0,0,0,0,0,0,0,0,0,0,0,0,0,0,0,0,0,0
21384143204224,52.437531,1786372841656527346,,0,0,0,0,0,0,0,0,0,0,0,0,0,0,0,0,0,0,0
21384163214368,52.457541,1786372841676524489,,0,0,0,0,0,0,0,0,0,0,0,0,0,0,0,0,0,0,0
21384183177216,52.477504,1786372841696520956,,0,0,0,0,0,0,0,0,0,0,0,0,0,0,0,0,0,0,0
21384203209568,52.497536,1786372841716511142,,0,0,0,0,0,0,0,0,0,0,0,0,0,0,0,0,0,0,0
21384223178240,52.517505,1786372841736504740,,0,0,0,0,0,0,0,0,0,0,0,0,0,0,0,0,0,0,0
21384243206592,52.537533,1786372841756511785,,0,0,0,0,0,0,0,0,0,0,0,0,0,0,0,0,0,0,0
21384263126688,52.557453,1786372841776532061,,0,0,0,0,0,0,0,0,0,0,0,0,0,0,0,0,0,0,0
21384283201408,52.577528,1786372841796527128,,0,0,0,0,0,0,0,0,0,0,0,0,0,0,0,0,0,0,0
21384303175360,52.597502,1786372841816525341,,0,0,0,0,0,0,0,0,0,0,0,0,0,0,0,0,0,0,0
21384323182752,52.617509,1786372841836506260,,0,0,0,0,0,0,0,0,0,0,0,0,0,0,0,0,0,0,0
21384343166304,52.637493,1786372841856511878,,0,0,0,0,0,0,0,0,0,0,0,0,0,0,0,0,0,0,0
21384363180000,52.657507,1786372841876503807,,0,0,0,0,0,0,0,0,0,0,0,0,0,0,0,0,0,0,0
21384383176736,52.677503,1786372841896510624,,0,0,0,0,0,0,0,0,0,0,0,0,0,0,0,0,0,0,0
21384403211072,52.697538,1786372841916530474,,0,0,0,0,0,0,0,0,0,0,0,0,0,0,0,0,0,0,0
21384423183904,52.71751,1786372841936527256,,0,0,0,0,0,0,0,0,0,0,0,0,0,0,0,0,0,0,0
21384443199168,52.737526,1786372841956524049,,0,0,0,0,0,0,0,0,0,0,0,0,0,0,0,0,0,0,0
21384463059520,52.757386,1786372841976507245,,0,0,0,0,0,0,0,0,0,0,0,0,0,0,0,0,0,0,0
21384483180512,52.777507,1786372841996509916,,0,0,0,0,0,0,0,0,0,0,0,0,0,0,0,0,0,0,0
21384503178048,52.797505,1786372842016504935,,0,0,0,0,0,0,0,0,0,0,0,0,0,0,0,0,0,0,0
21384523196928,52.817523,1786372842036511199,,0,0,0,0,0,0,0,0,0,0,0,0,0,0,0,0,0,0,0
21384543211776,52.837538,1786372842056532494,,0,0,0,0,0,0,0,0,0,0,0,0,0,0,0,0,0,0,0
21384563198752,52.857525,1786372842076527409,,0,0,0,0,0,0,0,0,0,0,0,0,0,0,0,0,0,0,0
21384583180928,52.877507,1786372842096527436,,0,0,0,0,0,0,0,0,0,0,0,0,0,0,0,0,0,0,0
21384603178464,52.897505,1786372842116506887,,0,0,0,0,0,0,0,0,0,0,0,0,0,0,0,0,0,0,0
21384623153856,52.91748,1786372842136511224,,0,0,0,0,0,0,0,0,0,0,0,0,0,0,0,0,0,0,0
21384643188288,52.937515,1786372842156505479,,0,0,0,0,0,0,0,0,0,0,0,0,0,0,0,0,0,0,0
21384663098592,52.957425,1786372842176511045,,0,0,0,0,0,0,0,0,0,0,0,0,0,0,0,0,0,0,0
21384683190880,52.977517,1786372842196532505,,0,0,0,0,0,0,0,0,0,0,0,0,0,0,0,0,0,0,0
21384703178528,52.997505,1786372842216527334,,0,0,0,0,0,0,0,0,0,0,0,0,0,0,0,0,0,0,0
21384723158880,53.017485,1786372842236522841,,0,0,0,0,0,0,0,0,0,0,0,0,0,0,0,0,0,0,0
21384743157472,53.037484,1786372842256506276,,0,0,0,0,0,0,0,0,0,0,0,0,0,0,0,0,0,0,0
21384763195552,53.057522,1786372842276511584,,0,0,0,0,0,0,0,0,0,0,0,0,0,0,0,0,0,0,0
21384783161632,53.077488,1786372842296504344,,0,0,0,0,0,0,0,0,0,0,0,0,0,0,0,0,0,0,0
21384803185120,53.097512,1786372842316512354,,0,0,0,0,0,0,0,0,0,0,0,0,0,0,0,0,0,0,0
21384823175968,53.117503,1786372842336531864,,0,0,0,0,0,0,0,0,0,0,0,0,0,0,0,0,0,0,0
21384843182816,53.137509,1786372842356527936,,0,0,0,0,0,0,0,0,0,0,0,0,0,0,0,0,0,0,0
21384863182400,53.157509,1786372842376523402,,0,0,0,0,0,0,0,0,0,0,0,0,0,0,0,0,0,0,0
21384883146624,53.177473,1786372842396507261,,0,0,0,0,0,0,0,0,0,0,0,0,0,0,0,0,0,0,0
21384903139584,53.197466,1786372842416510357,,0,0,0,0,0,0,0,0,0,0,0,0,0,0,0,0,0,0,0
21384923122208,53.217449,1786372842436503806,,0,0,0,0,0,0,0,0,0,0,0,0,0,0,0,0,0,0,0
21384943145472,53.237472,1786372842456510939,,0,0,0,0,0,0,0,0,0,0,0,0,0,0,0,0,0,0,0
21384963151776,53.257478,1786372842476532538,,0,0,0,0,0,0,0,0,0,0,0,0,0,0,0,0,0,0,0
21384983148032,53.277475,1786372842496526739,,0,0,0,0,0,0,0,0,0,0,0,0,0,0,0,0,0,0,0
21385003154528,53.297481,1786372842516523009,,0,0,0,0,0,0,0,0,0,0,0,0,0,0,0,0,0,0,0
21385023115680,53.317442,1786372842536506653,,0,0,0,0,0,0,0,0,0,0,0,0,0,0,0,0,0,0,0
21385043156288,53.337483,1786372842556511365,,0,0,0,0,0,0,0,0,0,0,0,0,0,0,0,0,0,0,0
21385063040032,53.357367,1786372842576504012,,0,0,0,0,0,0,0,0,0,0,0,0,0,0,0,0,0,0,0
21385083137696,53.377464,1786372842596513665,,0,0,0,0,0,0,0,0,0,0,0,0,0,0,0,0,0,0,0
21385103165472,53.397492,1786372842616533010,,0,0,0,0,0,0,0,0,0,0,0,0,0,0,0,0,0,0,0
21385123122208,53.417449,1786372842636526640,,0,0,0,0,0,0,0,0,0,0,0,0,0,0,0,0,0,0,0
21385143156224,53.437483,1786372842656538382,,0,0,0,0,0,0,0,0,0,0,0,0,0,0,0,0,0,0,0
21385163143776,53.45747,1786372842676507537,,0,0,0,0,0,0,0,0,0,0,0,0,0,0,0,0,0,0,0
21385183132928,53.477459,1786372842696510876,,0,0,0,0,0,0,0,0,0,0,0,0,0,0,0,0,0,0,0
21385203110688,53.497437,1786372842716505095,,0,0,0,0,0,0,0,0,0,0,0,0,0,0,0,0,0,0,0
21385223161568,53.517488,1786372842736509076,,0,0,0,0,0,0,0,0,0,0,0,0,0,0,0,0,0,0,0
21385243173504,53.5375,1786372842756532748,,0,0,0,0,0,0,0,0,0,0,0,0,0,0,0,0,0,0,0
21385263028704,53.557355,1786372842776527438,,0,0,0,0,0,0,0,0,0,0,0,0,0,0,0,0,0,0,0
21385283148288,53.577475,1786372842796525675,,0,0,0,0,0,0,0,0,0,0,0,0,0,0,0,0,0,0,0
21385303128928,53.597455,1786372842816508375,,0,0,0,0,0,0,0,0,0,0,0,0,0,0,0,0,0,0,0
21385323131808,53.617458,1786372842836510939,,0,0,0,0,0,0,0,0,0,0,0,0,0,0,0,0,0,0,0
21385343153504,53.63748,1786372842856504406,,0,0,0,0,0,0,0,0,0,0,0,0,0,0,0,0,0,0,0
21385363160768,53.657487,1786372842876511333,,0,0,0,0,0,0,0,0,0,0,0,0,0,0,0,0,0,0,0
21385383172704,53.677499,1786372842896545153,,0,0,0,0,0,0,0,0,0,0,0,0,0,0,0,0,0,0,0
21385403161888,53.697488,1786372842916527641,,0,0,0,0,0,0,0,0,0,0,0,0,0,0,0,0,0,0,0
21385423149888,53.717476,1786372842936523378,,0,0,0,0,0,0,0,0,0,0,0,0,0,0,0,0,0,0,0
21385443132256,53.737459,1786372842956506918,,0,0,0,0,0,0,0,0,0,0,0,0,0,0,0,0,0,0,0
21385463054304,53.757381,1786372842976511204,,0,0,0,0,0,0,0,0,0,0,0,0,0,0,0,0,0,0,0
21385483105152,53.777432,1786372842996504648,,0,0,0,0,0,0,0,0,0,0,0,0,0,0,0,0,0,0,0
21385503146688,53.797473,1786372843016510750,,0,0,0,0,0,0,0,0,0,0,0,0,0,0,0,0,0,0,0
21385523152320,53.817479,1786372843036530978,,0,0,0,0,0,0,0,0,0,0,0,0,0,0,0,0,0,0,0
21385543138272,53.837465,1786372843056527616,,0,0,0,0,0,0,0,0,0,0,0,0,0,0,0,0,0,0,0
21385563127168,53.857454,1786372843076522962,,0,0,0,0,0,0,0,0,0,0,0,0,0,0,0,0,0,0,0
21385583109152,53.877436,1786372843096509333,,0,0,0,0,0,0,0,0,0,0,0,0,0,0,0,0,0,0,0
21385603096544,53.897423,1786372843116510580,,0,0,0,0,0,0,0,0,0,0,0,0,0,0,0,0,0,0,0
21385623119872,53.917446,1786372843136504541,,0,0,0,0,0,0,0,0,0,0,0,0,0,0,0,0,0,0,0
21385643116768,53.937443,1786372843156510644,,0,0,0,0,0,0,0,0,0,0,0,0,0,0,0,0,0,0,0
21385662997024,53.957324,1786372843176530929,,0,0,0,0,0,0,0,0,0,0,0,0,0,0,0,0,0,0,0
21385683116864,53.977443,1786372843196526401,,0,0,0,0,0,0,0,0,0,0,0,0,0,0,0,0,0,0,0
21385703128224,53.997455,1786372843216524429,,0,0,0,0,0,0,0,0,0,0,0,0,0,0,0,0,0,0,0
21385723072864,54.017399,1786372843236506677,,0,0,0,0,0,0,0,0,0,0,0,0,0,0,0,0,0,0,0
21385743129440,54.037456,1786372843256512449,,0,0,0,0,0,0,0,0,0,0,0,0,0,0,0,0,0,0,0
21385763098912,54.057425,1786372843276505725,,0,0,0,0,0,0,0,0,0,0,0,0,0,0,0,0,0,0,0
21385783070368,54.077397,1786372843296511088,,0,0,0,0,0,0,0,0,0,0,0,0,0,0,0,0,0,0,0
21385803137952,54.097465,1786372843316531747,,0,0,0,0,0,0,0,0,0,0,0,0,0,0,0,0,0,0,0
21385823126400,54.117453,1786372843336527637,,0,0,0,0,0,0,0,0,0,0,0,0,0,0,0,0,0,0,0
21385843120480,54.137447,1786372843356522686,,0,0,0,0,0,0,0,0,0,0,0,0,0,0,0,0,0,0,0
21385862997504,54.157324,1786372843376507450,,0,0,0,0,0,0,0,0,0,0,0,0,0,0,0,0,0,0,0
21385883078784,54.177405,1786372843396511231,,0,0,0,0,0,0,0,0,0,0,0,0,0,0,0,0,0,0,0
21385903081696,54.197408,1786372843416504147,,0,0,0,0,0,0,0,0,0,0,0,0,0,0,0,0,0,0,0
21385923113376,54.21744,1786372843436510956,,0,0,0,0,0,0,0,0,0,0,0,0,0,0,0,0,0,0,0
21385943122272,54.237449,1786372843456529864,,0,0,0,0,0,0,0,0,0,0,0,0,0,0,0,0,0,0,0
21385963143552,54.25747,1786372843476526916,,0,0,0,0,0,0,0,0,0,0,0,0,0,0,0,0,0,0,0
21385983089888,54.277416,1786372843496523537,,0,0,0,0,0,0,0,0,0,0,0,0,0,0,0,0,0,0,0
21386003097760,54.297424,1786372843516506269,,0,0,0,0,0,0,0,0,0,0,0,0,0,0,0,0,0,0,0
21386023131968,54.317459,1786372843536511506,,0,0,0,0,0,0,0,0,0,0,0,0,0,0,0,0,0,0,0
21386043091392,54.337418,1786372843556504475,,0,0,0,0,0,0,0,0,0,0,0,0,0,0,0,0,0,0,0
21386062997504,54.357324,1786372843576511522,,0,0,0,0,0,0,0,0,0,0,0,0,0,0,0,0,0,0,0
21386083126976,54.377454,1786372843596535669,,0,0,0,0,0,0,0,0,0,0,0,0,0,0,0,0,0,0,0
21386103125344,54.397452,1786372843616527206,,0,0,0,0,0,0,0,0,0,0,0,0,0,0,0,0,0,0,0
21386123115040,54.417442,1786372843636523699,,0,0,0,0,0,0,0,0,0,0,0,0,0,0,0,0,0,0,0
21386143096960,54.437424,1786372843656504699,,0,0,0,0,0,0,0,0,0,0,0,0,0,0,0,0,0,0,0
21386163093344,54.45742,1786372843676512023,,0,0,0,0,0,0,0,0,0,0,0,0,0,0,0,0,0,0,0
21386183064864,54.477391,1786372843696504993,,0,0,0,0,0,0,0,0,0,0,0,0,0,0,0,0,0,0,0
21386203093216,54.49742,1786372843716511393,,0,0,0,0,0,0,0,0,0,0,0,0,0,0,0,0,0,0,0
21386223109664,54.517436,1786372843736530912,,0,0,0,0,0,0,0,0,0,0,0,0,0,0,0,0,0,0,0
21386243101664,54.537428,1786372843756525705,,0,0,0,0,0,0,0,0,0,0,0,0,0,0,0,0,0,0,0
21386263003968,54.557331,1786372843776523805,,0,0,0,0,0,0,0,0,0,0,0,0,0,0,0,0,0,0,0
21386283090784,54.577417,1786372843796506497,,0,0,0,0,0,0,0,0,0,0,0,0,0,0,0,0,0,0,0
21386303088352,54.597415,1786372843816511046,,0,0,0,0,0,0,0,0,0,0,0,0,0,0,0,0,0,0,0
21386323077152,54.617404,1786372843836503852,,0,0,0,0,0,0,0,0,0,0,0,0,0,0,0,0,0,0,0
21386343108000,54.637435,1786372843856511460,,0,0,0,0,0,0,0,0,0,0,0,0,0,0,0,0,0,0,0
21386363088384,54.657415,1786372843876532421,,0,0,0,0,0,0,0,0,0,0,0,0,0,0,0,0,0,0,0
21386383071616,54.677398,1786372843896528200,,0,0,0,0,0,0,0,0,0,0,0,0,0,0,0,0,0,0,0
21386403107168,54.697434,1786372843916523825,,0,0,0,0,0,0,0,0,0,0,0,0,0,0,0,0,0,0,0
21386423073472,54.7174,1786372843936507255,,0,0,0,0,0,0,0,0,0,0,0,0,0,0,0,0,0,0,0
21386443079680,54.737406,1786372843956511390,,0,0,0,0,0,0,0,0,0,0,0,0,0,0,0,0,0,0,0
21386462997440,54.757324,1786372843976503987,,0,0,0,0,0,0,0,0,0,0,0,0,0,0,0,0,0,0,0
21386483078080,54.777405,1786372843996511454,,0,0,0,0,0,0,0,0,0,0,0,0,0,0,0,0,0,0,0
21386503095648,54.797422,1786372844016531819,,0,0,0,0,0,0,0,0,0,0,0,0,0,0,0,0,0,0,0
21386523089248,54.817416,1786372844036527985,,0,0,0,0,0,0,0,0,0,0,0,0,0,0,0,0,0,0,0
21386543075904,54.837402,1786372844056524387,,0,0,0,0,0,0,0,0,0,0,0,0,0,0,0,0,0,0,0
21386563056672,54.857383,1786372844076506968,,0,0,0,0,0,0,0,0,0,0,0,0,0,0,0,0,0,0,0
21386583064192,54.877391,1786372844096513127,,0,0,0,0,0,0,0,0,0,0,0,0,0,0,0,0,0,0,0
21386603091456,54.897418,1786372844116504419,,0,0,0,0,0,0,0,0,0,0,0,0,0,0,0,0,0,0,0
21386623071456,54.917398,1786372844136510008,,0,0,0,0,0,0,0,0,0,0,0,0,0,0,0,0,0,0,0
21386643082624,54.937409,1786372844156532404,,0,0,0,0,0,0,0,0,0,0,0,0,0,0,0,0,0,0,0
21386662989952,54.957317,1786372844176527935,,0,0,0,0,0,0,0,0,0,0,0,0,0,0,0,0,0,0,0
21386683097728,54.977424,1786372844196523686,,0,0,0,0,0,0,0,0,0,0,0,0,0,0,0,0,0,0,0
21386703060512,54.997387,1786372844216507295,,0,0,0,0,0,0,0,0,0,0,0,0,0,0,0,0,0,0,0
21386723068416,55.017395,1786372844236510327,,0,0,0,0,0,0,0,0,0,0,0,0,0,0,0,0,0,0,0
21386743046176,55.037373,1786372844256502645,,0,0,0,0,0,0,0,0,0,0,0,0,0,0,0,0,0,0,0
21386763066144,55.057393,1786372844276511784,,0,0,0,0,0,0,0,0,0,0,0,0,0,0,0,0,0,0,0
21386783087232,55.077414,1786372844296532066,,0,0,0,0,0,0,0,0,0,0,0,0,0,0,0,0,0,0,0
21386803089248,55.097416,1786372844316527980,,0,0,0,0,0,0,0,0,0,0,0,0,0,0,0,0,0,0,0
21386823056032,55.117383,1786372844336524075,,0,0,0,0,0,0,0,0,0,0,0,0,0,0,0,0,0,0,0
21386843053440,55.13738,1786372844356507184,,0,0,0,0,0,0,0,0,0,0,0,0,0,0,0,0,0,0,0
21386862943392,55.15727,1786372844376510823,,0,0,0,0,0,0,0,0,0,0,0,0,0,0,0,0,0,0,0
21386883040416,55.177367,1786372844396504723,,0,0,0,0,0,0,0,0,0,0,0,0,0,0,0,0,0,0,0
21386903085600,55.197412,1786372844416510445,,0,0,0,0,0,0,0,0,0,0,0,0,0,0,0,0,0,0,0
21386923070016,55.217397,1786372844436531860,,0,0,0,0,0,0,0,0,0,0,0,0,0,0,0,0,0,0,0
21386943089056,55.237416,1786372844456527361,,0,0,0,0,0,0,0,0,0,0,0,0,0,0,0,0,0,0,0
21386963040992,55.257368,1786372844476522910,,0,0,0,0,0,0,0,0,0,0,0,0,0,0,0,0,0,0,0
21386983026912,55.277353,1786372844496507280,,0,0,0,0,0,0,0,0,0,0,0,0,0,0,0,0,0,0,0
21387003071328,55.297398,1786372844516512325,,0,0,0,0,0,0,0,0,0,0,0,0,0,0,0,0,0,0,0
21387023038048,55.317365,1786372844536504460,,0,0,0,0,0,0,0,0,0,0,0,0,0,0,0,0,0,0,0
21387043039616,55.337366,1786372844556511607,,0,0,0,0,0,0,0,0,0,0,0,0,0,0,0,0,0,0,0
21387062982272,55.357309,1786372844576530774,,0,0,0,0,0,0,0,0,0,0,0,0,0,0,0,0,0,0,0
21387083121504,55.377448,1786372844596528515,,0,0,0,0,0,0,0,0,0,0,0,0,0,0,0,0,0,0,0
21387103068320,55.397395,1786372844616523320,,0,0,0,0,0,0,0,0,0,0,0,0,0,0,0,0,0,0,0
21387123050880,55.417377,1786372844636521122,,0,0,0,0,0,0,0,0,0,0,0,0,0,0,0,0,0,0,0
21387143034048,55.437361,1786372844656511851,,0,0,0,0,0,0,0,0,0,0,0,0,0,0,0,0,0,0,0
21387163031456,55.457358,1786372844676504480,,0,0,0,0,0,0,0,0,0,0,0,0,0,0,0,0,0,0,0
21387183052896,55.477379,1786372844696511545,,0,0,0,0,0,0,0,0,0,0,0,0,0,0,0,0,0,0,0
21387203084064,55.497411,1786372844716545587,,0,0,0,0,0,0,0,0,0,0,0,0,0,0,0,0,0,0,0
21387223055776,55.517382,1786372844736527150,,0,0,0,0,0,0,0,0,0,0,0,0,0,0,0,0,0,0,0
21387243063264,55.53739,1786372844756523104,,0,0,0,0,0,0,0,0,0,0,0,0,0,0,0,0,0,0,0
21387262910048,55.557237,1786372844776507109,,0,0,0,0,0,0,0,0,0,0,0,0,0,0,0,0,0,0,0
21387283059232,55.577386,1786372844796510893,,0,0,0,0,0,0,0,0,0,0,0,0,0,0,0,0,0,0,0
21387303025792,55.597352,1786372844816504743,,0,0,0,0,0,0,0,0,0,0,0,0,0,0,0,0,0,0,0
21387323021920,55.617348,1786372844836510128,,0,0,0,0,0,0,0,0,0,0,0,0,0,0,0,0,0,0,0
21387343036512,55.637363,1786372844856533158,,0,0,0,0,0,0,0,0,0,0,0,0,0,0,0,0,0,0,0
21387363039968,55.657367,1786372844876526592,,0,0,0,0,0,0,0,0,0,0,0,0,0,0,0,0,0,0,0
21387383053376,55.67738,1786372844896524201,,0,0,0,0,0,0,0,0,0,0,0,0,0,0,0,0,0,0,0
21387403041920,55.697368,1786372844916507587,,0,0,0,0,0,0,0,0,0,0,0,0,0,0,0,0,0,0,0
21387423065344,55.717392,1786372844936511621,,0,0,0,0,0,0,0,0,0,0,0,0,0,0,0,0,0,0,0
21387443009760,55.737336,1786372844956505559,,0,0,0,0,0,0,0,0,0,0,0,0,0,0,0,0,0,0,0
21387462915488,55.757242,1786372844976510184,,0,0,0,0,0,0,0,0,0,0,0,0,0,0,0,0,0,0,0
21387483073856,55.7774,1786372844996529901,,0,0,0,0,0,0,0,0,0,0,0,0,0,0,0,0,0,0,0
21387503059328,55.797386,1786372845016526948,,0,0,0,0,0,0,0,0,0,0,0,0,0,0,0,0,0,0,0
21387523022048,55.817349,1786372845036524913,,0,0,0,0,0,0,0,0,0,0,0,0,0,0,0,0,0,0,0
21387543034816,55.837361,1786372845056508188,,0,0,0,0,0,0,0,0,0,0,0,0,0,0,0,0,0,0,0
21387563040256,55.857367,1786372845076510940,,0,0,0,0,0,0,0,0,0,0,0,0,0,0,0,0,0,0,0
21387583039552,55.877366,1786372845096506944,,0,0,0,0,0,0,0,0,0,0,0,0,0,0,0,0,0,0,0
21387603051328,55.897378,1786372845116509903,,0,0,0,0,0,0,0,0,0,0,0,0,0,0,0,0,0,0,0
21387623027744,55.917354,1786372845136530287,,0,0,0,0,0,0,0,0,0,0,0,0,0,0,0,0,0,0,0
21387643019200,55.937346,1786372845156526280,,0,0,0,0,0,0,0,0,0,0,0,0,0,0,0,0,0,0,0
21387662914144,55.957241,1786372845176522758,,0,0,0,0,0,0,0,0,0,0,0,0,0,0,0,0,0,0,0
21387682991776,55.977318,1786372845196506566,,0,0,0,0,0,0,0,0,0,0,0,0,0,0,0,0,0,0,0
21387703049024,55.997376,1786372845216511022,,0,0,0,0,0,0,0,0,0,0,0,0,0,0,0,0,0,0,0
21387723005600,56.017332,1786372845236504019,,0,0,0,0,0,0,0,0,0,0,0,0,0,0,0,0,0,0,0
21387743044064,56.037371,1786372845256524652,,0,0,0,0,0,0,0,0,0,0,0,0,0,0,0,0,0,0,0
21387763066720,56.057393,1786372845276531419,,0,0,0,0,0,0,0,0,0,0,0,0,0,0,0,0,0,0,0
21387783040160,56.077367,1786372845296525904,,0,0,0,0,0,0,0,0,0,0,0,0,0,0,0,0,0,0,0
21387803035584,56.097362,1786372845316524556,,0,0,0,0,0,0,0,0,0,0,0,0,0,0,0,0,0,0,0
21387823026304,56.117353,1786372845336506623,,0,0,0,0,0,0,0,0,0,0,0,0,0,0,0,0,0,0,0
21387843013920,56.13734,1786372845356511004,,0,0,0,0,0,0,0,0,0,0,0,0,0,0,0,0,0,0,0
21387863009248,56.157336,1786372845376504043,,0,0,0,0,0,0,0,0,0,0,0,0,0,0,0,0,0,0,0
21387883006784,56.177333,1786372845396511513,,0,0,0,0,0,0,0,0,0,0,0,0,0,0,0,0,0,0,0
21387903030400,56.197357,1786372845416531483,,0,0,0,0,0,0,0,0,0,0,0,0,0,0,0,0,0,0,0
21387923023520,56.21735,1786372845436526733,,0,0,0,0,0,0,0,0,0,0,0,0,0,0,0,0,0,0,0
21387943025600,56.237352,1786372845456523091,,0,0,0,0,0,0,0,0,0,0,0,0,0,0,0,0,0,0,0
21387962976256,56.257303,1786372845476507971,,0,0,0,0,0,0,0,0,0,0,0,0,0,0,0,0,0,0,0
21387983009920,56.277336,1786372845496511586,,0,0,0,0,0,0,0,0,0,0,0,0,0,0,0,0,0,0,0
21388003007424,56.297334,1786372845516504575,,0,0,0,0,0,0,0,0,0,0,0,0,0,0,0,0,0,0,0
21388022980928,56.317307,1786372845536511421,,0,0,0,0,0,0,0,0,0,0,0,0,0,0,0,0,0,0,0
21388043001824,56.337328,1786372845556531849,,0,0,0,0,0,0,0,0,0,0,0,0,0,0,0,0,0,0,0
21388062909952,56.357237,1786372845576527190,,0,0,0,0,0,0,0,0,0,0,0,0,0,0,0,0,0,0,0
21388083033216,56.37736,1786372845596528294,,0,0,0,0,0,0,0,0,0,0,0,0,0,0,0,0,0,0,0
21388103014944,56.397342,1786372845616507637,,0,0,0,0,0,0,0,0,0,0,0,0,0,0,0,0,0,0,0
21388122981024,56.417308,1786372845636509980,,0,0,0,0,0,0,0,0,0,0,0,0,0,0,0,0,0,0,0
21388142999488,56.437326,1786372845656503955,,0,0,0,0,0,0,0,0,0,0,0,0,0,0,0,0,0,0,0
21388162992768,56.457319,1786372845676511474,,0,0,0,0,0,0,0,0,0,0,0,0,0,0,0,0,0,0,0
21388183018912,56.477345,1786372845696530688,,0,0,0,0,0,0,0,0,0,0,0,0,0,0,0,0,0,0,0
21388203030368,56.497357,1786372845716527033,,0,0,0,0,0,0,0,0,0,0,0,0,0,0,0,0,0,0,0
21388222998720,56.517325,1786372845736524050,,0,0,0,0,0,0,0,0,0,0,0,0,0,0,0,0,0,0,0
21388243011360,56.537338,1786372845756506516,,0,0,0,0,0,0,0,0,0,0,0,0,0,0,0,0,0,0,0
21388262891424,56.557218,1786372845776510636,,0,0,0,0,0,0,0,0,0,0,0,0,0,0,0,0,0,0,0
21388282995136,56.577322,1786372845796503749,,0,0,0,0,0,0,0,0,0,0,0,0,0,0,0,0,0,0,0
21388302975072,56.597302,1786372845816513115,,0,0,0,0,0,0,0,0,0,0,0,0,0,0,0,0,0,0,0
21388323004608,56.617331,1786372845836531159,,0,0,0,0,0,0,0,0,0,0,0,0,0,0,0,0,0,0,0
21388343017056,56.637344,1786372845856527211,,0,0,0,0,0,0,0,0,0,0,0,0,0,0,0,0,0,0,0
21388363005056,56.657332,1786372845876523546,,0,0,0,0,0,0,0,0,0,0,0,0,0,0,0,0,0,0,0
21388382999072,56.677326,1786372845896507639,,0,0,0,0,0,0,0,0,0,0,0,0,0,0,0,0,0,0,0
21388402974112,56.697301,1786372845916512576,,0,0,0,0,0,0,0,0,0,0,0,0,0,0,0,0,0,0,0
21388422960736,56.717287,1786372845936503914,,0,0,0,0,0,0,0,0,0,0,0,0,0,0,0,0,0,0,0
21388443019968,56.737347,1786372845956511216,,0,0,0,0,0,0,0,0,0,0,0,0,0,0,0,0,0,0,0
21388462947584,56.757274,1786372845976530966,,0,0,0,0,0,0,0,0,0,0,0,0,0,0,0,0,0,0,0
21388483014912,56.777341,1786372845996528294,,0,0,0,0,0,0,0,0,0,0,0,0,0,0,0,0,0,0,0
21388502968544,56.797295,1786372846016524028,,0,0,0,0,0,0,0,0,0,0,0,0,0,0,0,0,0,0,0
21388522970048,56.817297,1786372846036506387,,0,0,0,0,0,0,0,0,0,0,0,0,0,0,0,0,0,0,0
21388542976896,56.837303,1786372846056510639,,0,0,0,0,0,0,0,0,0,0,0,0,0,0,0,0,0,0,0
21388562969408,56.857296,1786372846076504907,,0,0,0,0,0,0,0,0,0,0,0,0,0,0,0,0,0,0,0
21388582960832,56.877287,1786372846096514172,,0,0,0,0,0,0,0,0,0,0,0,0,0,0,0,0,0,0,0
21388603043424,56.89737,1786372846116532690,,0,0,0,0,0,0,0,0,0,0,0,0,0,0,0,0,0,0,0
21388622977376,56.917304,1786372846136526719,,0,0,0,0,0,0,0,0,0,0,0,0,0,0,0,0,0,0,0
21388643012928,56.937339,1786372846156523043,,0,0,0,0,0,0,0,0,0,0,0,0,0,0,0,0,0,0,0
21388662889088,56.957216,1786372846176505926,,0,0,0,0,0,0,0,0,0,0,0,0,0,0,0,0,0,0,0
21388682988320,56.977315,1786372846196511171,,0,0,0,0,0,0,0,0,0,0,0,0,0,0,0,0,0,0,0
21388703019584,56.997346,1786372846216503504,,0,0,0,0,0,0,0,0,0,0,0,0,0,0,0,0,0,0,0
21388722989056,57.017316,1786372846236509966,,0,0,0,0,0,0,0,0,0,0,0,0,0,0,0,0,0,0,0
21388743013312,57.03734,1786372846256531324,,0,0,0,0,0,0,0,0,0,0,0,0,0,0,0,0,0,0,0
21388762996832,57.057323,1786372846276527252,,0,0,0,0,0,0,0,0,0,0,0,0,0,0,0,0,0,0,0
21388782993344,57.07732,1786372846296538272,,0,0,0,0,0,0,0,0,0,0,0,0,0,0,0,0,0,0,0
21388803040928,57.097367,1786372846316506226,,0,0,0,0,0,0,0,0,0,0,0,0,0,0,0,0,0,0,0
21388822948064,57.117275,1786372846336510614,,0,0,0,0,0,0,0,0,0,0,0,0,0,0,0,0,0,0,0
21388842943360,57.13727,1786372846356502565,,0,0,0,0,0,0,0,0,0,0,0,0,0,0,0,0,0,0,0
21388862859680,57.157186,1786372846376510202,,0,0,0,0,0,0,0,0,0,0,0,0,0,0,0,0,0,0,0
21388883003680,57.17733,1786372846396531156,,0,0,0,0,0,0,0,0,0,0,0,0,0,0,0,0,0,0,0
21388902981152,57.197308,1786372846416526737,,0,0,0,0,0,0,0,0,0,0,0,0,0,0,0,0,0,0,0
21388922980896,57.217307,1786372846436523290,,0,0,0,0,0,0,0,0,0,0,0,0,0,0,0,0,0,0,0
21388942994912,57.237321,1786372846456507428,,0,0,0,0,0,0,0,0,0,0,0,0,0,0,0,0,0,0,0
21388963026176,57.257353,1786372846476510475,,0,0,0,0,0,0,0,0,0,0,0,0,0,0,0,0,0,0,0
21388982959520,57.277286,1786372846496505285,,0,0,0,0,0,0,0,0,0,0,0,0,0,0,0,0,0,0,0
21389003211648,57.297538,1786372846516510774,,0,0,0,0,0,0,0,0,0,0,0,0,0,0,0,0,0,0,0
21389022960128,57.317287,1786372846536531707,,0,0,0,0,0,0,0,0,0,0,0,0,0,0,0,0,0,0,0
21389043034496,57.337361,1786372846556526954,,0,0,0,0,0,0,0,0,0,0,0,0,0,0,0,0,0,0,0
21389062933088,57.35726,1786372846576523946,,0,0,0,0,0,0,0,0,0,0,0,0,0,0,0,0,0,0,0
21389082975584,57.377302,1786372846596508585,,0,0,0,0,0,0,0,0,0,0,0,0,0,0,0,0,0,0,0
21389102957376,57.397284,1786372846616510897,,0,0,0,0,0,0,0,0,0,0,0,0,0,0,0,0,0,0,0
21389122934624,57.417261,1786372846636504844,,0,0,0,0,0,0,0,0,0,0,0,0,0,0,0,0,0,0,0
21389142951360,57.437278,1786372846656511196,,0,0,0,0,0,0,0,0,0,0,0,0,0,0,0,0,0,0,0
21389162953952,57.457281,1786372846676531373,,0,0,0,0,0,0,0,0,0,0,0,0,0,0,0,0,0,0,0
21389182960544,57.477287,1786372846696527565,,0,0,0,0,0,0,0,0,0,0,0,0,0,0,0,0,0,0,0
21389202963520,57.49729,1786372846716524222,,0,0,0,0,0,0,0,0,0,0,0,0,0,0,0,0,0,0,0
21389222940832,57.517267,1786372846736507107,,0,0,0,0,0,0,0,0,0,0,0,0,0,0,0,0,0,0,0
21389242976576,57.537303,1786372846756510786,,0,0,0,0,0,0,0,0,0,0,0,0,0,0,0,0,0,0,0
21389262822848,57.557149,1786372846776504913,,0,0,0,0,0,0,0,0,0,0,0,0,0,0,0,0,0,0,0
21389282937792,57.577264,1786372846796511677,,0,0,0,0,0,0,0,0,0,0,0,0,0,0,0,0,0,0,0
21389302966976,57.597294,1786372846816531235,,0,0,0,0,0,0,0,0,0,0,0,0,0,0,0,0,0,0,0
21389322953088,57.61728,1786372846836527357,,0,0,0,0,0,0,0,0,0,0,0,0,0,0,0,0,0,0,0
21389342978240,57.637305,1786372846856524362,,0,0,0,0,0,0,0,0,0,0,0,0,0,0,0,0,0,0,0
21389362952192,57.657279,1786372846876507117,,0,0,0,0,0,0,0,0,0,0,0,0,0,0,0,0,0,0,0
21389382940192,57.677267,1786372846896511863,,0,0,0,0,0,0,0,0,0,0,0,0,0,0,0,0,0,0,0
21389402954144,57.697281,1786372846916504598,,0,0,0,0,0,0,0,0,0,0,0,0,0,0,0,0,0,0,0
21389422936128,57.717263,1786372846936527250,,0,0,0,0,0,0,0,0,0,0,0,0,0,0,0,0,0,0,0
21389442969120,57.737296,1786372846956532222,,0,0,0,0,0,0,0,0,0,0,0,0,0,0,0,0,0,0,0
21389462816672,57.757143,1786372846976527644,,0,0,0,0,0,0,0,0,0,0,0,0,0,0,0,0,0,0,0
21389482924128,57.777251,1786372846996523585,,0,0,0,0,0,0,0,0,0,0,0,0,0,0,0,0,0,0,0
21389502930912,57.797257,1786372847016507850,,0,0,0,0,0,0,0,0,0,0,0,0,0,0,0,0,0,0,0
21389522906432,57.817233,1786372847036511636,,0,0,0,0,0,0,0,0,0,0,0,0,0,0,0,0,0,0,0
21389542959264,57.837286,1786372847056505203,,0,0,0,0,0,0,0,0,0,0,0,0,0,0,0,0,0,0,0
21389562923424,57.85725,1786372847076511574,,0,0,0,0,0,0,0,0,0,0,0,0,0,0,0,0,0,0,0
21389582943456,57.87727,1786372847096534668,,0,0,0,0,0,0,0,0,0,0,0,0,0,0,0,0,0,0,0
21389602928288,57.897255,1786372847116527625,,0,0,0,0,0,0,0,0,0,0,0,0,0,0,0,0,0,0,0
21389622961760,57.917288,1786372847136523921,,0,0,0,0,0,0,0,0,0,0,0,0,0,0,0,0,0,0,0
21389642908416,57.937235,1786372847156507435,,0,0,0,0,0,0,0,0,0,0,0,0,0,0,0,0,0,0,0
21389662873920,57.9572,1786372847176510571,,0,0,0,0,0,0,0,0,0,0,0,0,0,0,0,0,0,0,0
21389682933888,57.97726,1786372847196504887,,0,0,0,0,0,0,0,0,0,0,0,0,0,0,0,0,0,0,0
21389702951872,57.997278,1786372847216510529,,0,0,0,0,0,0,0,0,0,0,0,0,0,0,0,0,0,0,0
21389722955872,58.017282,1786372847236531015,,0,0,0,0,0,0,0,0,0,0,0,0,0,0,0,0,0,0,0
21389742946752,58.037273,1786372847256525614,,0,0,0,0,0,0,0,0,0,0,0,0,0,0,0,0,0,0,0
21389762925408,58.057252,1786372847276523562,,0,0,0,0,0,0,0,0,0,0,0,0,0,0,0,0,0,0,0
21389782924448,58.077251,1786372847296506573,,0,0,0,0,0,0,0,0,0,0,0,0,0,0,0,0,0,0,0
21389802939296,58.097266,1786372847316510945,,0,0,0,0,0,0,0,0,0,0,0,0,0,0,0,0,0,0,0
21389822890784,58.117217,1786372847336504261,,0,0,0,0,0,0,0,0,0,0,0,0,0,0,0,0,0,0,0
21389842940448,58.137267,1786372847356511471,,0,0,0,0,0,0,0,0,0,0,0,0,0,0,0,0,0,0,0
21389862869952,58.157197,1786372847376532231,,0,0,0,0,0,0,0,0,0,0,0,0,0,0,0,0,0,0,0
21389882948800,58.177275,1786372847396526987,,0,0,0,0,0,0,0,0,0,0,0,0,0,0,0,0,0,0,0
21389902925792,58.197252,1786372847416523636,,0,0,0,0,0,0,0,0,0,0,0,0,0,0,0,0,0,0,0
21389922940448,58.217267,1786372847436506580,,0,0,0,0,0,0,0,0,0,0,0,0,0,0,0,0,0,0,0
21389942980000,58.237307,1786372847456511965,,0,0,0,0,0,0,0,0,0,0,0,0,0,0,0,0,0,0,0
21389962943936,58.25727,1786372847476505177,,0,0,0,0,0,0,0,0,0,0,0,0,0,0,0,0,0,0,0
21389982900576,58.277227,1786372847496511971,,0,0,0,0,0,0,0,0,0,0,0,0,0,0,0,0,0,0,0
21390002980896,58.297307,1786372847516532085,,0,0,0,0,0,0,0,0,0,0,0,0,0,0,0,0,0,0,0
21390022977504,58.317304,1786372847536528330,,0,0,0,0,0,0,0,0,0,0,0,0,0,0,0,0,0,0,0
21390042962528,58.337289,1786372847556523513,,0,0,0,0,0,0,0,0,0,0,0,0,0,0,0,0,0,0,0
21390062784768,58.357111,1786372847576506974,,0,0,0,0,0,0,0,0,0,0,0,0,0,0,0,0,0,0,0
21390082922368,58.377249,1786372847596515499,,0,0,0,0,0,0,0,0,0,0,0,0,0,0,0,0,0,0,0
21390102899616,58.397226,1786372847616504850,,0,0,0,0,0,0,0,0,0,0,0,0,0,0,0,0,0,0,0
21390122915968,58.417243,1786372847636511639,,0,0,0,0,0,0,0,0,0,0,0,0,0,0,0,0,0,0,0
21390142964384,58.437291,1786372847656531655,,0,0,0,0,0,0,0,0,0,0,0,0,0,0,0,0,0,0,0
21390162961696,58.457288,1786372847676528720,,0,0,0,0,0,0,0,0,0,0,0,0,0,0,0,0,0,0,0
21390182943328,58.47727,1786372847696522993,,0,0,0,0,0,0,0,0,0,0,0,0,0,0,0,0,0,0,0
21390202914336,58.497241,1786372847716507887,,0,0,0,0,0,0,0,0,0,0,0,0,0,0,0,0,0,0,0
21390222916768,58.517243,1786372847736512221,,0,0,0,0,0,0,0,0,0,0,0,0,0,0,0,0,0,0,0
21390242924352,58.537251,1786372847756504203,,0,0,0,0,0,0,0,0,0,0,0,0,0,0,0,0,0,0,0
21390262812448,58.557139,1786372847776512186,,0,0,0,0,0,0,0,0,0,0,0,0,0,0,0,0,0,0,0
21390282920992,58.577248,1786372847796532813,,0,0,0,0,0,0,0,0,0,0,0,0,0,0,0,0,0,0,0
21390302943008,58.59727,1786372847816527189,,0,0,0,0,0,0,0,0,0,0,0,0,0,0,0,0,0,0,0
21390322926528,58.617253,1786372847836524223,,0,0,0,0,0,0,0,0,0,0,0,0,0,0,0,0,0,0,0
21390342920032,58.637247,1786372847856507205,,0,0,0,0,0,0,0,0,0,0,0,0,0,0,0,0,0,0,0
21390362899008,58.657226,1786372847876511962,,0,0,0,0,0,0,0,0,0,0,0,0,0,0,0,0,0,0,0
21390382890752,58.677217,1786372847896504273,,0,0,0,0,0,0,0,0,0,0,0,0,0,0,0,0,0,0,0
21390402937184,58.697264,1786372847916510887,,0,0,0,0,0,0,0,0,0,0,0,0,0,0,0,0,0,0,0
21390422942752,58.717269,1786372847936531421,,0,0,0,0,0,0,0,0,0,0,0,0,0,0,0,0,0,0,0
21390442938624,58.737265,1786372847956526501,,0,0,0,0,0,0,0,0,0,0,0,0,0,0,0,0,0,0,0
21390462785664,58.757112,1786372847976523850,,0,0,0,0,0,0,0,0,0,0,0,0,0,0,0,0,0,0,0
21390482902496,58.777229,1786372847996507824,,0,0,0,0,0,0,0,0,0,0,0,0,0,0,0,0,0,0,0
21390502884640,58.797211,1786372848016511180,,0,0,0,0,0,0,0,0,0,0,0,0,0,0,0,0,0,0,0
21390522901184,58.817228,1786372848036504753,,0,0,0,0,0,0,0,0,0,0,0,0,0,0,0,0,0,0,0
21390542891776,58.837218,1786372848056513257,,0,0,0,0,0,0,0,0,0,0,0,0,0,0,0,0,0,0,0
21390562971200,58.857298,1786372848076546186,,0,0,0,0,0,0,0,0,0,0,0,0,0,0,0,0,0,0,0
21390582918688,58.877245,1786372848096530815,,0,0,0,0,0,0,0,0,0,0,0,0,0,0,0,0,0,0,0
21390602949952,58.897277,1786372848116523758,,0,0,0,0,0,0,0,0,0,0,0,0,0,0,0,0,0,0,0
21390622892608,58.917219,1786372848136506516,,0,0,0,0,0,0,0,0,0,0,0,0,0,0,0,0,0,0,0
21390642968704,58.937295,1786372848156510256,,0,0,0,0,0,0,0,0,0,0,0,0,0,0,0,0,0,0,0
21390662756928,58.957083,1786372848176504570,,0,0,0,0,0,0,0,0,0,0,0,0,0,0,0,0,0,0,0
21390682943008,58.97727,1786372848196510545,,0,0,0,0,0,0,0,0,0,0,0,0,0,0,0,0,0,0,0
21390702904928,58.997231,1786372848216531467,,0,0,0,0,0,0,0,0,0,0,0,0,0,0,0,0,0,0,0
21390722916000,59.017243,1786372848236526781,,0,0,0,0,0,0,0,0,0,0,0,0,0,0,0,0,0,0,0
21390742902368,59.037229,1786372848256522988,,0,0,0,0,0,0,0,0,0,0,0,0,0,0,0,0,0,0,0
21390762897504,59.057224,1786372848276506588,,0,0,0,0,0,0,0,0,0,0,0,0,0,0,0,0,0,0,0
21390782864032,59.077191,1786372848296510659,,0,0,0,0,0,0,0,0,0,0,0,0,0,0,0,0,0,0,0
21390802882240,59.097209,1786372848316504657,,0,0,0,0,0,0,0,0,0,0,0,0,0,0,0,0,0,0,0
21390822892608,59.117219,1786372848336510329,,0,0,0,0,0,0,0,0,0,0,0,0,0,0,0,0,0,0,0
21390842929536,59.137256,1786372848356532553,,0,0,0,0,0,0,0,0,0,0,0,0,0,0,0,0,0,0,0
21390862903808,59.15723,1786372848376527911,,0,0,0,0,0,0,0,0,0,0,0,0,0,0,0,0,0,0,0
21390882898656,59.177225,1786372848396523088,,0,0,0,0,0,0,0,0,0,0,0,0,0,0,0,0,0,0,0
21390902859328,59.197186,1786372848416506203,,0,0,0,0,0,0,0,0,0,0,0,0,0,0,0,0,0,0,0
21390922909216,59.217236,1786372848436510603,,0,0,0,0,0,0,0,0,0,0,0,0,0,0,0,0,0,0,0
21390942891040,59.237218,1786372848456504208,,0,0,0,0,0,0,0,0,0,0,0,0,0,0,0,0,0,0,0
21390962888320,59.257215,1786372848476511505,,0,0,0,0,0,0,0,0,0,0,0,0,0,0,0,0,0,0,0
21390982884000,59.277211,1786372848496531101,,0,0,0,0,0,0,0,0,0,0,0,0,0,0,0,0,0,0,0
21391002935136,59.297262,1786372848516526619,,0,0,0,0,0,0,0,0,0,0,0,0,0,0,0,0,0,0,0
21391022894016,59.317221,1786372848536521586,,0,0,0,0,0,0,0,0,0,0,0,0,0,0,0,0,0,0,0
21391042920576,59.337247,1786372848556507204,,0,0,0,0,0,0,0,0,0,0,0,0,0,0,0,0,0,0,0
21391062746240,59.357073,1786372848576511058,,0,0,0,0,0,0,0,0,0,0,0,0,0,0,0,0,0,0,0
21391082858944,59.377186,1786372848596506759,,0,0,0,0,0,0,0,0,0,0,0,0,0,0,0,0,0,0,0
21391102868160,59.397195,1786372848616510760,,0,0,0,0,0,0,0,0,0,0,0,0,0,0,0,0,0,0,0
21391122897632,59.417224,1786372848636532037,,0,0,0,0,0,0,0,0,0,0,0,0,0,0,0,0,0,0,0
21391142921568,59.437248,1786372848656527768,,0,0,0,0,0,0,0,0,0,0,0,0,0,0,0,0,0,0,0
21391162894208,59.457221,1786372848676524651,,0,0,0,0,0,0,0,0,0,0,0,0,0,0,0,0,0,0,0
21391182874272,59.477201,1786372848696506329,,0,0,0,0,0,0,0,0,0,0,0,0,0,0,0,0,0,0,0
21391202870880,59.497197,1786372848716511329,,0,0,0,0,0,0,0,0,0,0,0,0,0,0,0,0,0,0,0
21391222854592,59.517181,1786372848736504672,,0,0,0,0,0,0,0,0,0,0,0,0,0,0,0,0,0,0,0
21391242831968,59.537159,1786372848756510598,,0,0,0,0,0,0,0,0,0,0,0,0,0,0,0,0,0,0,0
21391262800800,59.557127,1786372848776531527,,0,0,0,0,0,0,0,0,0,0,0,0,0,0,0,0,0,0,0
21391282888288,59.577215,1786372848796526873,,0,0,0,0,0,0,0,0,0,0,0,0,0,0,0,0,0,0,0
21391302895584,59.597222,1786372848816523313,,0,0,0,0,0,0,0,0,0,0,0,0,0,0,0,0,0,0,0
21391322884864,59.617211,1786372848836506723,,0,0,0,0,0,0,0,0,0,0,0,0,0,0,0,0,0,0,0
21391342882304,59.637209,1786372848856511470,,0,0,0,0,0,0,0,0,0,0,0,0,0,0,0,0,0,0,0
21391362831712,59.657158,1786372848876503539,,0,0,0,0,0,0,0,0,0,0,0,0,0,0,0,0,0,0,0
21391382873664,59.6772,1786372848896511174,,0,0,0,0,0,0,0,0,0,0,0,0,0,0,0,0,0,0,0
21391402887072,59.697214,1786372848916531901,,0,0,0,0,0,0,0,0,0,0,0,0,0,0,0,0,0,0,0
21391422878752,59.717205,1786372848936525918,,0,0,0,0,0,0,0,0,0,0,0,0,0,0,0,0,0,0,0
21391442870784,59.737197,1786372848956524108,,0,0,0,0,0,0,0,0,0,0,0,0,0,0,0,0,0,0,0
21391462723104,59.75705,1786372848976507639,,0,0,0,0,0,0,0,0,0,0,0,0,0,0,0,0,0,0,0
21391482878464,59.777205,1786372848996511520,,0,0,0,0,0,0,0,0,0,0,0,0,0,0,0,0,0,0,0
21391502839456,59.797166,1786372849016504309,,0,0,0,0,0,0,0,0,0,0,0,0,0,0,0,0,0,0,0
21391522857696,59.817184,1786372849036511392,,0,0,0,0,0,0,0,0,0,0,0,0,0,0,0,0,0,0,0
21391542900768,59.837227,1786372849056532520,,0,0,0,0,0,0,0,0,0,0,0,0,0,0,0,0,0,0,0
21391562854016,59.857181,1786372849076527933,,0,0,0,0,0,0,0,0,0,0,0,0,0,0,0,0,0,0,0
21391582880352,59.877207,1786372849096526934,,0,0,0,0,0,0,0,0,0,0,0,0,0,0,0,0,0,0,0
21391602860320,59.897187,1786372849116506508,,0,0,0,0,0,0,0,0,0,0,0,0,0,0,0,0,0,0,0
21391622873184,59.9172,1786372849136511470,,0,0,0,0,0,0,0,0,0,0,0,0,0,0,0,0,0,0,0
21391642703680,59.93703,1786372849156503885,,0,0,0,0,0,0,0,0,0,0,0,0,0,0,0,0,0,0,0
21391662737536,59.957064,1786372849176511002,,0,0,0,0,0,0,0,0,0,0,0,0,0,0,0,0,0,0,0
21391682896256,59.977223,1786372849196529353,,0,0,0,0,0,0,0,0,0,0,0,0,0,0,0,0,0,0,0
21391702862464,59.997189,1786372849216532544,,0,0,0,0,0,0,0,0,0,0,0,0,0,0,0,0,0,0,0
21391722867328,60.017194,1786372849236522263,,0,0,0,0,0,0,0,0,0,0,0,0,0,0,0,0,0,0,0
21391742885824,60.037212,1786372849256508925,,0,0,0,0,0,0,0,0,0,0,0,0,0,0,0,0,0,0,0
21391762822048,60.057149,1786372849276511461,,0,0,0,0,0,0,0,0,0,0,0,0,0,0,0,0,0,0,0
21391782860288,60.077187,1786372849296504590,,0,0,0,0,0,0,0,0,0,0,0,0,0,0,0,0,0,0,0
21391802837088,60.097164,1786372849316511728,,0,0,0,0,0,0,0,0,0,0,0,0,0,0,0,0,0,0,0
21391822886976,60.117214,1786372849336532470,,0,0,0,0,0,0,0,0,0,0,0,0,0,0,0,0,0,0,0
21391842868096,60.137195,1786372849356528591,,0,0,0,0,0,0,0,0,0,0,0,0,0,0,0,0,0,0,0
21391862740992,60.157068,1786372849376524363,,0,0,0,0,0,0,0,0,0,0,0,0,0,0,0,0,0,0,0
21391882814816,60.177141,1786372849396507922,,0,0,0,0,0,0,0,0,0,0,0,0,0,0,0,0,0,0,0
21391902853088,60.19718,1786372849416511540,,0,0,0,0,0,0,0,0,0,0,0,0,0,0,0,0,0,0,0
21391922868800,60.217195,1786372849436504828,,0,0,0,0,0,0,0,0,0,0,0,0,0,0,0,0,0,0,0
21391942835456,60.237162,1786372849456511029,,0,0,0,0,0,0,0,0,0,0,0,0,0,0,0,0,0,0,0
21391962824608,60.257151,1786372849476531866,,0,0,0,0,0,0,0,0,0,0,0,0,0,0,0,0,0,0,0
21391982835552,60.277162,1786372849496540408,,0,0,0,0,0,0,0,0,0,0,0,0,0,0,0,0,0,0,0
21392002831296,60.297158,1786372849516522328,,0,0,0,0,0,0,0,0,0,0,0,0,0,0,0,0,0,0,0
21392022828128,60.317155,1786372849536505012,,0,0,0,0,0,0,0,0,0,0,0,0,0,0,0,0,0,0,0
21392042812576,60.337139,1786372849556510830,,0,0,0,0,0,0,0,0,0,0,0,0,0,0,0,0,0,0,0
21392062687840,60.357014,1786372849576503107,,0,0,0,0,0,0,0,0,0,0,0,0,0,0,0,0,0,0,0
21392082816064,60.377143,1786372849596515608,,0,0,0,0,0,0,0,0,0,0,0,0,0,0,0,0,0,0,0
21392102824352,60.397151,1786372849616530635,,0,0,0,0,0,0,0,0,0,0,0,0,0,0,0,0,0,0,0
21392122833728,60.41716,1786372849636527846,,0,0,0,0,0,0,0,0,0,0,0,0,0,0,0,0,0,0,0
21392142812992,60.43714,1786372849656524169,,0,0,0,0,0,0,0,0,0,0,0,0,0,0,0,0,0,0,0
21392162807264,60.457134,1786372849676507645,,0,0,0,0,0,0,0,0,0,0,0,0,0,0,0,0,0,0,0
21392182815680,60.477142,1786372849696511158,,0,0,0,0,0,0,0,0,0,0,0,0,0,0,0,0,0,0,0
21392202796736,60.497123,1786372849716504588,,0,0,0,0,0,0,0,0,0,0,0,0,0,0,0,0,0,0,0
21392222812544,60.517139,1786372849736511068,,0,0,0,0,0,0,0,0,0,0,0,0,0,0,0,0,0,0,0
21392242827200,60.537154,1786372849756532367,,0,0,0,0,0,0,0,0,0,0,0,0,0,0,0,0,0,0,0
21392262703232,60.55703,1786372849776529583,,0,0,0,0,0,0,0,0,0,0,0,0,0,0,0,0,0,0,0
21392284002432,60.578329,1786372849796523772,,0,0,0,0,0,0,0,0,0,0,0,0,0,0,0,0,0,0,0
21392302822208,60.597149,1786372849816509773,,0,0,0,0,0,0,0,0,0,0,0,0,0,0,0,0,0,0,0
21392322901248,60.617228,1786372849836511858,,0,0,0,0,0,0,0,0,0,0,0,0,0,0,0,0,0,0,0
21392342790848,60.637117,1786372849856505366,,0,0,0,0,0,0,0,0,0,0,0,0,0,0,0,0,0,0,0
21392362809664,60.657136,1786372849876511916,,0,0,0,0,0,0,0,0,0,0,0,0,0,0,0,0,0,0,0
21392382826432,60.677153,1786372849896531446,,0,0,0,0,0,0,0,0,0,0,0,0,0,0,0,0,0,0,0
21392402816448,60.697143,1786372849916529463,,0,0,0,0,0,0,0,0,0,0,0,0,0,0,0,0,0,0,0
21392422815136,60.717142,1786372849936523040,,0,0,0,0,0,0,0,0,0,0,0,0,0,0,0,0,0,0,0
21392442792896,60.737119,1786372849956507230,,0,0,0,0,0,0,0,0,0,0,0,0,0,0,0,0,0,0,0
21392462734912,60.757061,1786372849976511336,,0,0,0,0,0,0,0,0,0,0,0,0,0,0,0,0,0,0,0
21392482817824,60.777144,1786372849996504785,,0,0,0,0,0,0,0,0,0,0,0,0,0,0,0,0,0,0,0
21392502788576,60.797115,1786372850016511534,,0,0,0,0,0,0,0,0,0,0,0,0,0,0,0,0,0,0,0
21392522812288,60.817139,1786372850036533016,,0,0,0,0,0,0,0,0,0,0,0,0,0,0,0,0,0,0,0
21392542800608,60.837127,1786372850056529231,,0,0,0,0,0,0,0,0,0,0,0,0,0,0,0,0,0,0,0
21392562810976,60.857138,1786372850076525801,,0,0,0,0,0,0,0,0,0,0,0,0,0,0,0,0,0,0,0
21392582805888,60.877132,1786372850096510377,,0,0,0,0,0,0,0,0,0,0,0,0,0,0,0,0,0,0,0
21392602788352,60.897115,1786372850116511566,,0,0,0,0,0,0,0,0,0,0,0,0,0,0,0,0,0,0,0
21392622786880,60.917113,1786372850136504618,,0,0,0,0,0,0,0,0,0,0,0,0,0,0,0,0,0,0,0
21392642799552,60.937126,1786372850156511951,,0,0,0,0,0,0,0,0,0,0,0,0,0,0,0,0,0,0,0
21392662705216,60.957032,1786372850176533722,,0,0,0,0,0,0,0,0,0,0,0,0,0,0,0,0,0,0,0
21392682806976,60.977134,1786372850196527801,,0,0,0,0,0,0,0,0,0,0,0,0,0,0,0,0,0,0,0
21392702798208,60.997125,1786372850216524869,,0,0,0,0,0,0,0,0,0,0,0,0,0,0,0,0,0,0,0
21392722787136,61.017114,1786372850236508230,,0,0,0,0,0,0,0,0,0,0,0,0,0,0,0,0,0,0,0
21392742819808,61.037146,1786372850256527326,,0,0,0,0,0,0,0,0,0,0,0,0,0,0,0,0,0,0,0
21392762799072,61.057126,1786372850276505903,,0,0,0,0,0,0,0,0,0,0,0,0,0,0,0,0,0,0,0
21392782786016,61.077113,1786372850296511205,,0,0,0,0,0,0,0,0,0,0,0,0,0,0,0,0,0,0,0
21392802805760,61.097132,1786372850316533395,,0,0,0,0,0,0,0,0,0,0,0,0,0,0,0,0,0,0,0
21392822811264,61.117138,1786372850336524965,,0,0,0,0,0,0,0,0,0,0,0,0,0,0,0,0,0,0,0
21392842828576,61.137155,1786372850356525054,,0,0,0,0,0,0,0,0,0,0,0,0,0,0,0,0,0,0,0
21392862678336,61.157005,1786372850376508888,,0,0,0,0,0,0,0,0,0,0,0,0,0,0,0,0,0,0,0
21392882801248,61.177128,1786372850396511458,,0,0,0,0,0,0,0,0,0,0,0,0,0,0,0,0,0,0,0
21392902799872,61.197126,1786372850416503804,,0,0,0,0,0,0,0,0,0,0,0,0,0,0,0,0,0,0,0
21392922783040,61.21711,1786372850436508840,,0,0,0,0,0,0,0,0,0,0,0,0,0,0,0,0,0,0,0
21392942865568,61.237192,1786372850456531788,,0,0,0,0,0,0,0,0,0,0,0,0,0,0,0,0,0,0,0
21392962822080,61.257149,1786372850476527720,,0,0,0,0,0,0,0,0,0,0,0,0,0,0,0,0,0,0,0
21392982792544,61.277119,1786372850496523846,,0,0,0,0,0,0,0,0,0,0,0,0,0,0,0,0,0,0,0
21393002806272,61.297133,1786372850516507915,,0,0,0,0,0,0,0,0,0,0,0,0,0,0,0,0,0,0,0
21393022785696,61.317112,1786372850536509626,,0,0,0,0,0,0,0,0,0,0,0,0,0,0,0,0,0,0,0
21393042769728,61.337096,1786372850556505429,,0,0,0,0,0,0,0,0,0,0,0,0,0,0,0,0,0,0,0
21393062710400,61.357037,1786372850576511081,,0,0,0,0,0,0,0,0,0,0,0,0,0,0,0,0,0,0,0
21393082829088,61.377156,1786372850596535607,,0,0,0,0,0,0,0,0,0,0,0,0,0,0,0,0,0,0,0
21393102765376,61.397092,1786372850616528134,,0,0,0,0,0,0,0,0,0,0,0,0,0,0,0,0,0,0,0
21393122767712,61.417094,1786372850636524426,,0,0,0,0,0,0,0,0,0,0,0,0,0,0,0,0,0,0,0
21393142751616,61.437078,1786372850656507989,,0,0,0,0,0,0,0,0,0,0,0,0,0,0,0,0,0,0,0
21393162754624,61.457081,1786372850676525371,,0,0,0,0,0,0,0,0,0,0,0,0,0,0,0,0,0,0,0
21393182760288,61.477087,1786372850696504690,,0,0,0,0,0,0,0,0,0,0,0,0,0,0,0,0,0,0,0
21393202742816,61.497069,1786372850716511076,,0,0,0,0,0,0,0,0,0,0,0,0,0,0,0,0,0,0,0
21393222801568,61.517128,1786372850736546138,,0,0,0,0,0,0,0,0,0,0,0,0,0,0,0,0,0,0,0
21393242795360,61.537122,1786372850756527656,,0,0,0,0,0,0,0,0,0,0,0,0,0,0,0,0,0,0,0
21393262692608,61.557019,1786372850776524610,,0,0,0,0,0,0,0,0,0,0,0,0,0,0,0,0,0,0,0
21393282754912,61.577081,1786372850796507505,,0,0,0,0,0,0,0,0,0,0,0,0,0,0,0,0,0,0,0
21393302740832,61.597067,1786372850816511405,,0,0,0,0,0,0,0,0,0,0,0,0,0,0,0,0,0,0,0
21393322747680,61.617074,1786372850836503393,,0,0,0,0,0,0,0,0,0,0,0,0,0,0,0,0,0,0,0
21393342788672,61.637115,1786372850856510288,,0,0,0,0,0,0,0,0,0,0,0,0,0,0,0,0,0,0,0
21393362782368,61.657109,1786372850876533439,,0,0,0,0,0,0,0,0,0,0,0,0,0,0,0,0,0,0,0
21393382766912,61.677093,1786372850896528160,,0,0,0,0,0,0,0,0,0,0,0,0,0,0,0,0,0,0,0
21393402748736,61.697075,1786372850916524854,,0,0,0,0,0,0,0,0,0,0,0,0,0,0,0,0,0,0,0
21393422753856,61.71708,1786372850936508407,,0,0,0,0,0,0,0,0,0,0,0,0,0,0,0,0,0,0,0
21393442767648,61.737094,1786372850956511900,,0,0,0,0,0,0,0,0,0,0,0,0,0,0,0,0,0,0,0
21393462681024,61.757008,1786372850976504383,,0,0,0,0,0,0,0,0,0,0,0,0,0,0,0,0,0,0,0
21393482740864,61.777067,1786372850996512640,,0,0,0,0,0,0,0,0,0,0,0,0,0,0,0,0,0,0,0
21393502752480,61.797079,1786372851016532376,,0,0,0,0,0,0,0,0,0,0,0,0,0,0,0,0,0,0,0
21393522744192,61.817071,1786372851036527977,,0,0,0,0,0,0,0,0,0,0,0,0,0,0,0,0,0,0,0
21393542802944,61.83713,1786372851056525181,,0,0,0,0,0,0,0,0,0,0,0,0,0,0,0,0,0,0,0
21393562757408,61.857084,1786372851076507691,,0,0,0,0,0,0,0,0,0,0,0,0,0,0,0,0,0,0,0
21393582735552,61.877062,1786372851096515225,,0,0,0,0,0,0,0,0,0,0,0,0,0,0,0,0,0,0,0
21393602720480,61.897047,1786372851116506346,,0,0,0,0,0,0,0,0,0,0,0,0,0,0,0,0,0,0,0
21393622774496,61.917101,1786372851136510335,,0,0,0,0,0,0,0,0,0,0,0,0,0,0,0,0,0,0,0
21393642777248,61.937104,1786372851156531999,,0,0,0,0,0,0,0,0,0,0,0,0,0,0,0,0,0,0,0
21393662692736,61.957019,1786372851176526315,,0,0,0,0,0,0,0,0,0,0,0,0,0,0,0,0,0,0,0
21393682750656,61.977077,1786372851196524921,,0,0,0,0,0,0,0,0,0,0,0,0,0,0,0,0,0,0,0
21393702737120,61.997064,1786372851216506446,,0,0,0,0,0,0,0,0,0,0,0,0,0,0,0,0,0,0,0
21393722725952,62.017053,1786372851236511354,,0,0,0,0,0,0,0,0,0,0,0,0,0,0,0,0,0,0,0
21393742742080,62.037069,1786372851256505786,,0,0,0,0,0,0,0,0,0,0,0,0,0,0,0,0,0,0,0
21393762730112,62.057057,1786372851276510914,,0,0,0,0,0,0,0,0,0,0,0,0,0,0,0,0,0,0,0
21393782752896,62.077079,1786372851296533263,,0,0,0,0,0,0,0,0,0,0,0,0,0,0,0,0,0,0,0
21393802736352,62.097063,1786372851316527786,,0,0,0,0,0,0,0,0,0,0,0,0,0,0,0,0,0,0,0
21393822773344,62.1171,1786372851336522131,,0,0,0,0,0,0,0,0,0,0,0,0,0,0,0,0,0,0,0
21393842740768,62.137067,1786372851356517137,,0,0,0,0,0,0,0,0,0,0,0,0,0,0,0,0,0,0,0
21393862756896,62.157083,1786372851376511727,,0,0,0,0,0,0,0,0,0,0,0,0,0,0,0,0,0,0,0
21393882722176,62.177049,1786372851396504733,,0,0,0,0,0,0,0,0,0,0,0,0,0,0,0,0,0,0,0
21393902738624,62.197065,1786372851416511092,,0,0,0,0,0,0,0,0,0,0,0,0,0,0,0,0,0,0,0
21393922779168,62.217106,1786372851436531154,,0,0,0,0,0,0,0,0,0,0,0,0,0,0,0,0,0,0,0
21393942784544,62.237111,1786372851456527728,,0,0,0,0,0,0,0,0,0,0,0,0,0,0,0,0,0,0,0
21393962740160,62.257067,1786372851476524317,,0,0,0,0,0,0,0,0,0,0,0,0,0,0,0,0,0,0,0
21393982727136,62.277054,1786372851496507882,,0,0,0,0,0,0,0,0,0,0,0,0,0,0,0,0,0,0,0
21394002710880,62.297037,1786372851516512748,,0,0,0,0,0,0,0,0,0,0,0,0,0,0,0,0,0,0,0
21394022698624,62.317025,1786372851536503414,,0,0,0,0,0,0,0,0,0,0,0,0,0,0,0,0,0,0,0
21394042720128,62.337047,1786372851556510995,,0,0,0,0,0,0,0,0,0,0,0,0,0,0,0,0,0,0,0
21394062617632,62.356944,1786372851576531869,,0,0,0,0,0,0,0,0,0,0,0,0,0,0,0,0,0,0,0
21394082740896,62.377067,1786372851596530892,,0,0,0,0,0,0,0,0,0,0,0,0,0,0,0,0,0,0,0
21394102715264,62.397042,1786372851616523066,,0,0,0,0,0,0,0,0,0,0,0,0,0,0,0,0,0,0,0
21394122714112,62.417041,1786372851636507006,,0,0,0,0,0,0,0,0,0,0,0,0,0,0,0,0,0,0,0
21394142789248,62.437116,1786372851656511781,,0,0,0,0,0,0,0,0,0,0,0,0,0,0,0,0,0,0,0
21394162704672,62.457031,1786372851676504029,,0,0,0,0,0,0,0,0,0,0,0,0,0,0,0,0,0,0,0
21394182698848,62.477025,1786372851696511052,,0,0,0,0,0,0,0,0,0,0,0,0,0,0,0,0,0,0,0
21394202728128,62.497055,1786372851716531531,,0,0,0,0,0,0,0,0,0,0,0,0,0,0,0,0,0,0,0
21394222761312,62.517088,1786372851736526600,,0,0,0,0,0,0,0,0,0,0,0,0,0,0,0,0,0,0,0
21394242744768,62.537071,1786372851756523565,,0,0,0,0,0,0,0,0,0,0,0,0,0,0,0,0,0,0,0
21394262598880,62.556925,1786372851776506292,,0,0,0,0,0,0,0,0,0,0,0,0,0,0,0,0,0,0,0
21394282727328,62.577054,1786372851796510890,,0,0,0,0,0,0,0,0,0,0,0,0,0,0,0,0,0,0,0
21394302697984,62.597025,1786372851816504947,,0,0,0,0,0,0,0,0,0,0,0,0,0,0,0,0,0,0,0
21394322726304,62.617053,1786372851836511259,,0,0,0,0,0,0,0,0,0,0,0,0,0,0,0,0,0,0,0
21394342742688,62.637069,1786372851856531201,,0,0,0,0,0,0,0,0,0,0,0,0,0,0,0,0,0,0,0
21394362721728,62.657048,1786372851876527869,,0,0,0,0,0,0,0,0,0,0,0,0,0,0,0,0,0,0,0
21394382765632,62.677092,1786372851896524024,,0,0,0,0,0,0,0,0,0,0,0,0,0,0,0,0,0,0,0
21394402698016,62.697025,1786372851916507149,,0,0,0,0,0,0,0,0,0,0,0,0,0,0,0,0,0,0,0
21394422739584,62.717066,1786372851936512717,,0,0,0,0,0,0,0,0,0,0,0,0,0,0,0,0,0,0,0
21394442709248,62.737036,1786372851956505823,,0,0,0,0,0,0,0,0,0,0,0,0,0,0,0,0,0,0,0
21394462590592,62.756917,1786372851976511399,,0,0,0,0,0,0,0,0,0,0,0,0,0,0,0,0,0,0,0
21394482727168,62.777054,1786372851996532704,,0,0,0,0,0,0,0,0,0,0,0,0,0,0,0,0,0,0,0
21394502741024,62.797068,1786372852016528485,,0,0,0,0,0,0,0,0,0,0,0,0,0,0,0,0,0,0,0
21394522741664,62.817068,1786372852036525255,,0,0,0,0,0,0,0,0,0,0,0,0,0,0,0,0,0,0,0
21394542764544,62.837091,1786372852056506056,,0,0,0,0,0,0,0,0,0,0,0,0,0,0,0,0,0,0,0
21394562719744,62.857046,1786372852076512440,,0,0,0,0,0,0,0,0,0,0,0,0,0,0,0,0,0,0,0
21394582702688,62.877029,1786372852096509407,,0,0,0,0,0,0,0,0,0,0,0,0,0,0,0,0,0,0,0
21394602719488,62.897046,1786372852116510961,,0,0,0,0,0,0,0,0,0,0,0,0,0,0,0,0,0,0,0
21394622739936,62.917066,1786372852136531974,,0,0,0,0,0,0,0,0,0,0,0,0,0,0,0,0,0,0,0
21394642720064,62.937047,1786372852156528907,,0,0,0,0,0,0,0,0,0,0,0,0,0,0,0,0,0,0,0
21394662617344,62.956944,1786372852176524435,,0,0,0,0,0,0,0,0,0,0,0,0,0,0,0,0,0,0,0
21394682691712,62.977018,1786372852196506964,,0,0,0,0,0,0,0,0,0,0,0,0,0,0,0,0,0,0,0
21394702696672,62.997023,1786372852216510926,,0,0,0,0,0,0,0,0,0,0,0,0,0,0,0,0,0,0,0
21394722721184,63.017048,1786372852236504645,,0,0,0,0,0,0,0,0,0,0,0,0,0,0,0,0,0,0,0
21394742714432,63.037041,1786372852256511455,,0,0,0,0,0,0,0,0,0,0,0,0,0,0,0,0,0,0,0
21394762714208,63.057041,1786372852276531737,,0,0,0,0,0,0,0,0,0,0,0,0,0,0,0,0,0,0,0
21394782732288,63.077059,1786372852296542703,,0,0,0,0,0,0,0,0,0,0,0,0,0,0,0,0,0,0,0
21394802741568,63.097068,1786372852316524797,,0,0,0,0,0,0,0,0,0,0,0,0,0,0,0,0,0,0,0
21394822674656,63.117001,1786372852336507994,,0,0,0,0,0,0,0,0,0,0,0,0,0,0,0,0,0,0,0
21394842696064,63.137023,1786372852356513523,,0,0,0,0,0,0,0,0,0,0,0,0,0,0,0,0,0,0,0
21394862590048,63.156917,1786372852376504311,,0,0,0,0,0,0,0,0,0,0,0,0,0,0,0,0,0,0,0
21394882700256,63.177027,1786372852396511999,,0,0,0,0,0,0,0,0,0,0,0,0,0,0,0,0,0,0,0
21394902714560,63.197041,1786372852416532320,,0,0,0,0,0,0,0,0,0,0,0,0,0,0,0,0,0,0,0
21394922715968,63.217043,1786372852436526111,,0,0,0,0,0,0,0,0,0,0,0,0,0,0,0,0,0,0,0
21394942698560,63.237025,1786372852456522476,,0,0,0,0,0,0,0,0,0,0,0,0,0,0,0,0,0,0,0
21394962684864,63.257011,1786372852476508736,,0,0,0,0,0,0,0,0,0,0,0,0,0,0,0,0,0,0,0
21394982668000,63.276995,1786372852496512329,,0,0,0,0,0,0,0,0,0,0,0,0,0,0,0,0,0,0,0
21395002661504,63.296988,1786372852516504456,,0,0,0,0,0,0,0,0,0,0,0,0,0,0,0,0,0,0,0
21395022696672,63.317023,1786372852536509568,,0,0,0,0,0,0,0,0,0,0,0,0,0,0,0,0,0,0,0
21395042698176,63.337025,1786372852556532954,,0,0,0,0,0,0,0,0,0,0,0,0,0,0,0,0,0,0,0
21395062580288,63.356907,1786372852576527091,,0,0,0,0,0,0,0,0,0,0,0,0,0,0,0,0,0,0,0
21395082719488,63.377046,1786372852596528832,,0,0,0,0,0,0,0,0,0,0,0,0,0,0,0,0,0,0,0
21395102674656,63.397001,1786372852616507186,,0,0,0,0,0,0,0,0,0,0,0,0,0,0,0,0,0,0,0
21395122693408,63.41702,1786372852636509737,,0,0,0,0,0,0,0,0,0,0,0,0,0,0,0,0,0,0,0
21395142690080,63.437017,1786372852656503731,,0,0,0,0,0,0,0,0,0,0,0,0,0,0,0,0,0,0,0
21395162657920,63.456984,1786372852676512127,,0,0,0,0,0,0,0,0,0,0,0,0,0,0,0,0,0,0,0
21395182699008,63.477026,1786372852696532299,,0,0,0,0,0,0,0,0,0,0,0,0,0,0,0,0,0,0,0
21395202699776,63.497026,1786372852716527398,,0,0,0,0,0,0,0,0,0,0,0,0,0,0,0,0,0,0,0
21395222690592,63.517017,1786372852736525054,,0,0,0,0,0,0,0,0,0,0,0,0,0,0,0,0,0,0,0
21395242665184,63.536992,1786372852756507612,,0,0,0,0,0,0,0,0,0,0,0,0,0,0,0,0,0,0,0
21395262551712,63.556878,1786372852776511253,,0,0,0,0,0,0,0,0,0,0,0,0,0,0,0,0,0,0,0
21395282650944,63.576978,1786372852796505854,,0,0,0,0,0,0,0,0,0,0,0,0,0,0,0,0,0,0,0
21395302664224,63.596991,1786372852816510385,,0,0,0,0,0,0,0,0,0,0,0,0,0,0,0,0,0,0,0
21395322691968,63.617019,1786372852836531894,,0,0,0,0,0,0,0,0,0,0,0,0,0,0,0,0,0,0,0
21395342693440,63.63702,1786372852856529082,,0,0,0,0,0,0,0,0,0,0,0,0,0,0,0,0,0,0,0
21395362685952,63.657013,1786372852876522002,,0,0,0,0,0,0,0,0,0,0,0,0,0,0,0,0,0,0,0
21395382667808,63.676994,1786372852896507011,,0,0,0,0,0,0,0,0,0,0,0,0,0,0,0,0,0,0,0
21395402694016,63.697021,1786372852916509857,,0,0,0,0,0,0,0,0,0,0,0,0,0,0,0,0,0,0,0
21395422661728,63.716988,1786372852936503382,,0,0,0,0,0,0,0,0,0,0,0,0,0,0,0,0,0,0,0
21395442658080,63.736985,1786372852956511403,,0,0,0,0,0,0,0,0,0,0,0,0,0,0,0,0,0,0,0
21395462580416,63.756907,1786372852976531906,,0,0,0,0,0,0,0,0,0,0,0,0,0,0,0,0,0,0,0
21395482703424,63.77703,1786372852996527262,,0,0,0,0,0,0,0,0,0,0,0,0,0,0,0,0,0,0,0
21395502681568,63.797008,1786372853016523750,,0,0,0,0,0,0,0,0,0,0,0,0,0,0,0,0,0,0,0
21395522680512,63.817007,1786372853036505887,,0,0,0,0,0,0,0,0,0,0,0,0,0,0,0,0,0,0,0
21395542663968,63.836991,1786372853056511335,,0,0,0,0,0,0,0,0,0,0,0,0,0,0,0,0,0,0,0
21395562644256,63.856971,1786372853076505754,,0,0,0,0,0,0,0,0,0,0,0,0,0,0,0,0,0,0,0
21395582658208,63.876985,1786372853096515978,,0,0,0,0,0,0,0,0,0,0,0,0,0,0,0,0,0,0,0
21395602717216,63.897044,1786372853116532048,,0,0,0,0,0,0,0,0,0,0,0,0,0,0,0,0,0,0,0
21395622673888,63.917,1786372853136527169,,0,0,0,0,0,0,0,0,0,0,0,0,0,0,0,0,0,0,0
21395642665248,63.936992,1786372853156523202,,0,0,0,0,0,0,0,0,0,0,0,0,0,0,0,0,0,0,0
21395662540064,63.956867,1786372853176507664,,0,0,0,0,0,0,0,0,0,0,0,0,0,0,0,0,0,0,0
21395682674176,63.977001,1786372853196511825,,0,0,0,0,0,0,0,0,0,0,0,0,0,0,0,0,0,0,0
21395702634464,63.996961,1786372853216519568,,0,0,0,0,0,0,0,0,0,0,0,0,0,0,0,0,0,0,0
21395722642688,64.016969,1786372853236512359,,0,0,0,0,0,0,0,0,0,0,0,0,0,0,0,0,0,0,0
21395742915328,64.037242,1786372853256531690,,0,0,0,0,0,0,0,0,0,0,0,0,0,0,0,0,0,0,0
21395762652128,64.056979,1786372853276528333,,0,0,0,0,0,0,0,0,0,0,0,0,0,0,0,0,0,0,0
21395782675648,64.077002,1786372853296525329,,0,0,0,0,0,0,0,0,0,0,0,0,0,0,0,0,0,0,0
21395802635104,64.096962,1786372853316508492,,0,0,0,0,0,0,0,0,0,0,0,0,0,0,0,0,0,0,0
21395822654912,64.116981,1786372853336509698,,0,0,0,0,0,0,0,0,0,0,0,0,0,0,0,0,0,0,0
21395842635360,64.136962,1786372853356505829,,0,0,0,0,0,0,0,0,0,0,0,0,0,0,0,0,0,0,0
21395862528032,64.156855,1786372853376511588,,0,0,0,0,0,0,0,0,0,0,0,0,0,0,0,0,0,0,0
21395882680768,64.177007,1786372853396533107,,0,0,0,0,0,0,0,0,0,0,0,0,0,0,0,0,0,0,0
21395902659776,64.196986,1786372853416528892,,0,0,0,0,0,0,0,0,0,0,0,0,0,0,0,0,0,0,0
21395922660224,64.216987,1786372853436522598,,0,0,0,0,0,0,0,0,0,0,0,0,0,0,0,0,0,0,0
21395942657312,64.236984,1786372853456505578,,0,0,0,0,0,0,0,0,0,0,0,0,0,0,0,0,0,0,0
21395962630816,64.256957,1786372853476511835,,0,0,0,0,0,0,0,0,0,0,0,0,0,0,0,0,0,0,0
21395982628864,64.276955,1786372853496504963,,0,0,0,0,0,0,0,0,0,0,0,0,0,0,0,0,0,0,0
21396002634368,64.296961,1786372853516511911,,0,0,0,0,0,0,0,0,0,0,0,0,0,0,0,0,0,0,0
21396022653152,64.31698,1786372853536532632,,0,0,0,0,0,0,0,0,0,0,0,0,0,0,0,0,0,0,0
21396042641984,64.336969,1786372853556528773,,0,0,0,0,0,0,0,0,0,0,0,0,0,0,0,0,0,0,0
21396062529920,64.356856,1786372853576523577,,0,0,0,0,0,0,0,0,0,0,0,0,0,0,0,0,0,0,0
21396082612672,64.376939,1786372853596510827,,0,0,0,0,0,0,0,0,0,0,0,0,0,0,0,0,0,0,0
21396102631840,64.396958,1786372853616512760,,0,0,0,0,0,0,0,0,0,0,0,0,0,0,0,0,0,0,0
21396122629632,64.416956,1786372853636503307,,0,0,0,0,0,0,0,0,0,0,0,0,0,0,0,0,0,0,0
21396142631872,64.436958,1786372853656510260,,0,0,0,0,0,0,0,0,0,0,0,0,0,0,0,0,0,0,0
21396162654336,64.456981,1786372853676530863,,0,0,0,0,0,0,0,0,0,0,0,0,0,0,0,0,0,0,0
21396182651328,64.476978,1786372853696528994,,0,0,0,0,0,0,0,0,0,0,0,0,0,0,0,0,0,0,0
21396202635808,64.496962,1786372853716523695,,0,0,0,0,0,0,0,0,0,0,0,0,0,0,0,0,0,0,0
21396222630368,64.516957,1786372853736507369,,0,0,0,0,0,0,0,0,0,0,0,0,0,0,0,0,0,0,0
21396242608608,64.536935,1786372853756512314,,0,0,0,0,0,0,0,0,0,0,0,0,0,0,0,0,0,0,0
21396262490464,64.556817,1786372853776505683,,0,0,0,0,0,0,0,0,0,0,0,0,0,0,0,0,0,0,0
21396282629184,64.576956,1786372853796510479,,0,0,0,0,0,0,0,0,0,0,0,0,0,0,0,0,0,0,0
21396302645440,64.596972,1786372853816534509,,0,0,0,0,0,0,0,0,0,0,0,0,0,0,0,0,0,0,0
21396322644032,64.616971,1786372853836527247,,0,0,0,0,0,0,0,0,0,0,0,0,0,0,0,0,0,0,0
21396342634624,64.636961,1786372853856524218,,0,0,0,0,0,0,0,0,0,0,0,0,0,0,0,0,0,0,0
21396362637024,64.656964,1786372853876506276,,0,0,0,0,0,0,0,0,0,0,0,0,0,0,0,0,0,0,0
21396382615872,64.676942,1786372853896511146,,0,0,0,0,0,0,0,0,0,0,0,0,0,0,0,0,0,0,0
21396402611616,64.696938,1786372853916518431,,0,0,0,0,0,0,0,0,0,0,0,0,0,0,0,0,0,0,0
21396422593696,64.71692,1786372853936512302,,0,0,0,0,0,0,0,0,0,0,0,0,0,0,0,0,0,0,0
21396442636608,64.736963,1786372853956531513,,0,0,0,0,0,0,0,0,0,0,0,0,0,0,0,0,0,0,0
21396462493056,64.75682,1786372853976528817,,0,0,0,0,0,0,0,0,0,0,0,0,0,0,0,0,0,0,0
21396482633376,64.77696,1786372853996525183,,0,0,0,0,0,0,0,0,0,0,0,0,0,0,0,0,0,0,0
21396502611040,64.796938,1786372854016508465,,0,0,0,0,0,0,0,0,0,0,0,0,0,0,0,0,0,0,0
21396522609920,64.816936,1786372854036511402,,0,0,0,0,0,0,0,0,0,0,0,0,0,0,0,0,0,0,0
21396542613152,64.83694,1786372854056504546,,0,0,0,0,0,0,0,0,0,0,0,0,0,0,0,0,0,0,0
21396562613888,64.85694,1786372854076512441,,0,0,0,0,0,0,0,0,0,0,0,0,0,0,0,0,0,0,0
21396582628416,64.876955,1786372854096537189,,0,0,0,0,0,0,0,0,0,0,0,0,0,0,0,0,0,0,0
21396602635168,64.896962,1786372854116527590,,0,0,0,0,0,0,0,0,0,0,0,0,0,0,0,0,0,0,0
21396622618560,64.916945,1786372854136525274,,0,0,0,0,0,0,0,0,0,0,0,0,0,0,0,0,0,0,0
21396642622272,64.936949,1786372854156508552,,0,0,0,0,0,0,0,0,0,0,0,0,0,0,0,0,0,0,0
21396662481408,64.956808,1786372854176512503,,0,0,0,0,0,0,0,0,0,0,0,0,0,0,0,0,0,0,0
21396682601056,64.976928,1786372854196505014,,0,0,0,0,0,0,0,0,0,0,0,0,0,0,0,0,0,0,0
21396702573952,64.996901,1786372854216515570,,0,0,0,0,0,0,0,0,0,0,0,0,0,0,0,0,0,0,0
21396722611136,65.016938,1786372854236530071,,0,0,0,0,0,0,0,0,0,0,0,0,0,0,0,0,0,0,0
21396742637888,65.036964,1786372854256526954,,0,0,0,0,0,0,0,0,0,0,0,0,0,0,0,0,0,0,0
21396762629088,65.056956,1786372854276523470,,0,0,0,0,0,0,0,0,0,0,0,0,0,0,0,0,0,0,0
21396782569728,65.076896,1786372854296507507,,0,0,0,0,0,0,0,0,0,0,0,0,0,0,0,0,0,0,0
21396802607936,65.096934,1786372854316510329,,0,0,0,0,0,0,0,0,0,0,0,0,0,0,0,0,0,0,0
21396822574976,65.116902,1786372854336503318,,0,0,0,0,0,0,0,0,0,0,0,0,0,0,0,0,0,0,0
21396842626176,65.136953,1786372854356511561,,0,0,0,0,0,0,0,0,0,0,0,0,0,0,0,0,0,0,0
21396862635360,65.156962,1786372854376531919,,0,0,0,0,0,0,0,0,0,0,0,0,0,0,0,0,0,0,0
21396882615200,65.176942,1786372854396529166,,0,0,0,0,0,0,0,0,0,0,0,0,0,0,0,0,0,0,0
21396902584064,65.196911,1786372854416524241,,0,0,0,0,0,0,0,0,0,0,0,0,0,0,0,0,0,0,0
21396922586528,65.216913,1786372854436506993,,0,0,0,0,0,0,0,0,0,0,0,0,0,0,0,0,0,0,0
21396942585184,65.236912,1786372854456510739,,0,0,0,0,0,0,0,0,0,0,0,0,0,0,0,0,0,0,0
21396962588064,65.256915,1786372854476504386,,0,0,0,0,0,0,0,0,0,0,0,0,0,0,0,0,0,0,0
21396982573856,65.2769,1786372854496512379,,0,0,0,0,0,0,0,0,0,0,0,0,0,0,0,0,0,0,0
21397002616448,65.296943,1786372854516531455,,0,0,0,0,0,0,0,0,0,0,0,0,0,0,0,0,0,0,0
21397022596384,65.316923,1786372854536526482,,0,0,0,0,0,0,0,0,0,0,0,0,0,0,0,0,0,0,0
21397042613536,65.33694,1786372854556527667,,0,0,0,0,0,0,0,0,0,0,0,0,0,0,0,0,0,0,0
21397062459872,65.356786,1786372854576508620,,0,0,0,0,0,0,0,0,0,0,0,0,0,0,0,0,0,0,0
21397082587488,65.376914,1786372854596514097,,0,0,0,0,0,0,0,0,0,0,0,0,0,0,0,0,0,0,0
21397102569824,65.396896,1786372854616504362,,0,0,0,0,0,0,0,0,0,0,0,0,0,0,0,0,0,0,0
21397122592032,65.416919,1786372854636510129,,0,0,0,0,0,0,0,0,0,0,0,0,0,0,0,0,0,0,0
21397142630816,65.436957,1786372854656532497,,0,0,0,0,0,0,0,0,0,0,0,0,0,0,0,0,0,0,0
21397162606400,65.456933,1786372854676526665,,0,0,0,0,0,0,0,0,0,0,0,0,0,0,0,0,0,0,0
21397182589312,65.476916,1786372854696524042,,0,0,0,0,0,0,0,0,0,0,0,0,0,0,0,0,0,0,0
21397202590176,65.496917,1786372854716505705,,0,0,0,0,0,0,0,0,0,0,0,0,0,0,0,0,0,0,0
21397222558912,65.516885,1786372854736510586,,0,0,0,0,0,0,0,0,0,0,0,0,0,0,0,0,0,0,0
21397242551616,65.536878,1786372854756503825,,0,0,0,0,0,0,0,0,0,0,0,0,0,0,0,0,0,0,0
21397262454144,65.556781,1786372854776512464,,0,0,0,0,0,0,0,0,0,0,0,0,0,0,0,0,0,0,0
21397282601024,65.576928,1786372854796534000,,0,0,0,0,0,0,0,0,0,0,0,0,0,0,0,0,0,0,0
21397302573632,65.5969,1786372854816526571,,0,0,0,0,0,0,0,0,0,0,0,0,0,0,0,0,0,0,0
21397322565152,65.616892,1786372854836524122,,0,0,0,0,0,0,0,0,0,0,0,0,0,0,0,0,0,0,0
21397342560864,65.636887,1786372854856507182,,0,0,0,0,0,0,0,0,0,0,0,0,0,0,0,0,0,0,0
21397362577600,65.656904,1786372854876512530,,0,0,0,0,0,0,0,0,0,0,0,0,0,0,0,0,0,0,0
21397382565536,65.676892,1786372854896503981,,0,0,0,0,0,0,0,0,0,0,0,0,0,0,0,0,0,0,0
21397402562848,65.696889,1786372854916509686,,0,0,0,0,0,0,0,0,0,0,0,0,0,0,0,0,0,0,0
21397422566464,65.716893,1786372854936531384,,0,0,0,0,0,0,0,0,0,0,0,0,0,0,0,0,0,0,0
21397442603680,65.73693,1786372854956527604,,0,0,0,0,0,0,0,0,0,0,0,0,0,0,0,0,0,0,0
21397462511136,65.756838,1786372854976523126,,0,0,0,0,0,0,0,0,0,0,0,0,0,0,0,0,0,0,0
21397482575840,65.776902,1786372854996505572,,0,0,0,0,0,0,0,0,0,0,0,0,0,0,0,0,0,0,0
21397502550688,65.796877,1786372855016510269,,0,0,0,0,0,0,0,0,0,0,0,0,0,0,0,0,0,0,0
21397522575680,65.816902,1786372855036504121,,0,0,0,0,0,0,0,0,0,0,0,0,0,0,0,0,0,0,0
21397542575168,65.836902,1786372855056510395,,0,0,0,0,0,0,0,0,0,0,0,0,0,0,0,0,0,0,0
21397562573728,65.8569,1786372855076531111,,0,0,0,0,0,0,0,0,0,0,0,0,0,0,0,0,0,0,0
21397582583424,65.87691,1786372855096530252,,0,0,0,0,0,0,0,0,0,0,0,0,0,0,0,0,0,0,0
21397602562272,65.896889,1786372855116523444,,0,0,0,0,0,0,0,0,0,0,0,0,0,0,0,0,0,0,0
21397622553984,65.916881,1786372855136505784,,0,0,0,0,0,0,0,0,0,0,0,0,0,0,0,0,0,0,0
21397642572384,65.936899,1786372855156511621,,0,0,0,0,0,0,0,0,0,0,0,0,0,0,0,0,0,0,0
21397662478816,65.956805,1786372855176503562,,0,0,0,0,0,0,0,0,0,0,0,0,0,0,0,0,0,0,0
21397682544736,65.976871,1786372855196509879,,0,0,0,0,0,0,0,0,0,0,0,0,0,0,0,0,0,0,0
21397702574240,65.996901,1786372855216531365,,0,0,0,0,0,0,0,0,0,0,0,0,0,0,0,0,0,0,0
21397722583936,66.01691,1786372855236526690,,0,0,0,0,0,0,0,0,0,0,0,0,0,0,0,0,0,0,0
21397742592832,66.036919,1786372855256523132,,0,0,0,0,0,0,0,0,0,0,0,0,0,0,0,0,0,0,0
21397762564928,66.056891,1786372855276506290,,0,0,0,0,0,0,0,0,0,0,0,0,0,0,0,0,0,0,0
21397782538336,66.076865,1786372855296509434,,0,0,0,0,0,0,0,0,0,0,0,0,0,0,0,0,0,0,0
21397802569856,66.096896,1786372855316502840,,0,0,0,0,0,0,0,0,0,0,0,0,0,0,0,0,0,0,0
21397822560832,66.116887,1786372855336510886,,0,0,0,0,0,0,0,0,0,0,0,0,0,0,0,0,0,0,0
21397842580320,66.136907,1786372855356529322,,0,0,0,0,0,0,0,0,0,0,0,0,0,0,0,0,0,0,0
21397862514272,66.156841,1786372855376526279,,0,0,0,0,0,0,0,0,0,0,0,0,0,0,0,0,0,0,0
21397882549856,66.176876,1786372855396522470,,0,0,0,0,0,0,0,0,0,0,0,0,0,0,0,0,0,0,0
21397902559456,66.196886,1786372855416506452,,0,0,0,0,0,0,0,0,0,0,0,0,0,0,0,0,0,0,0
21397922559616,66.216886,1786372855436509961,,0,0,0,0,0,0,0,0,0,0,0,0,0,0,0,0,0,0,0
21397942551072,66.236878,1786372855456504228,,0,0,0,0,0,0,0,0,0,0,0,0,0,0,0,0,0,0,0
21397962564480,66.256891,1786372855476510218,,0,0,0,0,0,0,0,0,0,0,0,0,0,0,0,0,0,0,0
21397982547904,66.276874,1786372855496531026,,0,0,0,0,0,0,0,0,0,0,0,0,0,0,0,0,0,0,0
21398002538080,66.296865,1786372855516527050,,0,0,0,0,0,0,0,0,0,0,0,0,0,0,0,0,0,0,0
21398022554848,66.316881,1786372855536522985,,0,0,0,0,0,0,0,0,0,0,0,0,0,0,0,0,0,0,0
21398042523392,66.33685,1786372855556506408,,0,0,0,0,0,0,0,0,0,0,0,0,0,0,0,0,0,0,0
21398062442784,66.356769,1786372855576509992,,0,0,0,0,0,0,0,0,0,0,0,0,0,0,0,0,0,0,0
21398082532000,66.376859,1786372855596505462,,0,0,0,0,0,0,0,0,0,0,0,0,0,0,0,0,0,0,0
21398102540928,66.396867,1786372855616510630,,0,0,0,0,0,0,0,0,0,0,0,0,0,0,0,0,0,0,0
21398122597248,66.416924,1786372855636531782,,0,0,0,0,0,0,0,0,0,0,0,0,0,0,0,0,0,0,0
21398142550816,66.436877,1786372855656527002,,0,0,0,0,0,0,0,0,0,0,0,0,0,0,0,0,0,0,0
21398162532768,66.456859,1786372855676522648,,0,0,0,0,0,0,0,0,0,0,0,0,0,0,0,0,0,0,0
21398182528128,66.476855,1786372855696506191,,0,0,0,0,0,0,0,0,0,0,0,0,0,0,0,0,0,0,0
21398202570208,66.496897,1786372855716510555,,0,0,0,0,0,0,0,0,0,0,0,0,0,0,0,0,0,0,0
21398222504832,66.516831,1786372855736503231,,0,0,0,0,0,0,0,0,0,0,0,0,0,0,0,0,0,0,0
21398242530304,66.536857,1786372855756510393,,0,0,0,0,0,0,0,0,0,0,0,0,0,0,0,0,0,0,0
21398262465152,66.556792,1786372855776529178,,0,0,0,0,0,0,0,0,0,0,0,0,0,0,0,0,0,0,0
